part_a,part_b,similarity,distance,topology_distance,geometry_distance,shape_distance,size_distance,size_gate_failed,same_group
81,83,1.0,2.957735015855679e-17,0.0,4.3369346472029096e-17,9.367506770274758e-17,0.0,False,True
77,79,1.0,3.390958666495762e-17,0.0,7.318830152466541e-17,7.806255641895632e-17,0.0,False,True
80,82,0.9999999999999999,5.736523363862241e-17,0.0,1.0988125324693344e-16,6.938893903907228e-17,1.0678088346049729e-16,False,True
78,84,0.9999999999999999,6.472112909400782e-17,0.0,1.1027683375224067e-16,1.457167719820518e-16,5.3390441730248625e-17,False,True
4,13,0.9999999999999997,3.4991075959999364e-16,0.0,1.18608127147898e-15,0.0,3.5593627820165776e-16,False,True
5,14,0.9999999999999996,4.921783601614246e-16,0.0,1.8619325571852013e-15,0.0,1.7796813910082868e-16,False,True
2,11,0.9999999999999994,5.019152084609203e-16,0.0,1.9863046571515817e-15,0.0,3.559362782016575e-17,False,True
8,17,0.9999999999999994,5.070102937455248e-16,0.0,1.9212602915216018e-15,0.0,1.7796813910082868e-16,False,True
3,12,0.999999999999999,1.0519578418884354e-15,0.0,3.9408791589024985e-15,0.0,4.449203477520716e-16,False,True
9,18,0.9999999999999989,1.1530733178769546e-15,0.0,3.68329958540149e-15,0.0,1.5483228101772148e-15,False,True
10,19,0.9999999999999988,1.179558440217649e-15,0.0,4.08822654845366e-15,0.0,1.0500120206948923e-15,False,True
75,76,0.9999999999999938,6.16382339113275e-15,0.0,2.4598471831723967e-14,5.767955557622884e-17,1.7796813910082876e-17,False,False
38,57,0.99999999999986,1.4000494944704628e-13,0.0,1.0864051745759333e-14,6.863912921113019e-13,7.11872556403315e-17,False,False
24,43,0.9999999999998542,1.457935046353727e-13,0.0,1.4646215173482945e-14,7.104862352743865e-13,2.313585808310773e-16,False,True
32,51,0.9999999999998525,1.4753071125459051e-13,0.0,1.2849486593708909e-15,7.357003325774922e-13,4.627171616621543e-16,False,False
30,49,0.9999999999998139,1.8605663983479588e-13,0.0,7.30361971299821e-15,9.201926465815871e-13,1.2813706015259708e-15,False,False
23,42,0.9999999999998096,1.9035883637402525e-13,0.0,1.1694077855555983e-14,9.363356850934298e-13,1.1211992763352237e-15,False,True
34,53,0.999999999999806,1.9395694629138255e-13,0.0,8.143915661436616e-15,9.589774991897865e-13,8.364502537738964e-16,False,True
37,56,0.9999999999998014,1.9861890256357786e-13,0.0,1.030122878193823e-14,9.788431729659125e-13,1.833071832738542e-15,False,True
27,46,0.9999999999997929,2.0706573492179191e-13,0.0,1.6510951044992972e-14,1.0124609348604804e-12,2.972067922983854e-15,False,False
21,41,0.9999999999997891,2.1097573286552772e-13,0.0,6.2354661261286014e-15,1.0470576364491127e-12,3.559362782016575e-17,False,True
29,48,0.9999999999997857,2.1423213798263342e-13,0.0,1.0882639548000299e-14,1.056235977045343e-12,1.7618845770981991e-15,False,True
51,53,0.9999999999997257,2.743592708714243e-13,0.0,6.0408280636076884e-15,1.3638048481333376e-12,5.872948590327352e-16,False,False
39,58,0.9999999999997211,2.7885079355624306e-13,0.0,2.099099148991604e-15,1.3906023278416682e-12,1.3703546710763842e-15,False,True
34,51,0.9999999999997042,2.9573735373144213e-13,0.0,4.3284849678974526e-15,1.4728623865239293e-12,5.517012312125697e-16,False,False
35,54,0.9999999999996865,3.135602744372876e-13,0.0,1.6044548613786173e-14,1.5473319104957958e-12,5.517012312125687e-16,False,True
36,55,0.9999999999996827,3.173007586855917e-13,0.0,3.5208932217527074e-15,1.5818490723025491e-12,3.3813946429157486e-16,False,True
32,53,0.9999999999996682,3.31796089426683e-13,0.0,7.126618851393064e-15,1.6497785261396572e-12,3.915299060218231e-16,False,True
47,54,0.9999999999996467,3.533149905913862e-13,0.0,7.132951121175468e-15,1.7574985927302708e-12,2.1356176692099458e-16,False,False
32,34,0.999999999999643,3.570433291244848e-13,0.0,4.821006903498673e-15,1.7784028779775293e-12,1.0500120206948878e-15,False,True
66,67,0.9999999999996284,3.715972970180396e-13,0.0,1.225904344512982e-16,1.8578065518262687e-12,3.559362782016575e-17,False,True
23,58,0.9999999999995877,4.1234607896511093e-13,0.0,1.1905326914548549e-15,2.0595214579978774e-12,9.61027951144477e-16,False,True
23,39,0.999999999999545,4.550141034284738e-13,0.0,9.676660762850429e-16,2.273513896675766e-12,4.627171616621546e-16,False,True
42,58,0.9999999999995427,4.573019715513749e-13,0.0,1.0752256238004408e-14,2.2728559756924477e-12,2.847490225613259e-16,False,True
31,59,0.99999999999952,4.79965716571782e-13,0.0,3.3990900502730316e-15,2.395139249151794e-12,5.87294859032734e-16,False,True
23,25,0.9999999999995196,4.80348059637932e-13,0.0,3.087240733455255e-15,2.3971871715303475e-12,9.254343233243109e-16,False,True
25,42,0.9999999999995165,4.835493901545173e-13,0.0,9.802784346511242e-15,2.405012956363875e-12,6.40685300762984e-16,False,True
51,57,0.9999999999995115,4.884749687163735e-13,0.0,5.528857847994952e-15,2.4353035999466824e-12,2.1356176692099448e-16,False,True
40,59,0.9999999999995103,4.897590694024734e-13,0.0,2.508902008820817e-14,2.417273900576916e-12,2.1356176692099445e-16,False,True
35,47,0.999999999999506,4.940486516904553e-13,0.0,2.183532305245587e-14,2.4424685906611343e-12,6.40685300762983e-16,False,False
32,57,0.9999999999995021,4.979053116630756e-13,0.0,5.134255330587016e-15,2.4826282251765724e-12,6.406853007629828e-16,False,False
21,56,0.9999999999994988,5.011236376267291e-13,0.0,1.562355909998165e-14,2.485408011126608e-12,9.076375094142283e-16,False,True
37,52,0.9999999999994952,5.048253917852541e-13,0.0,2.898838126386143e-14,2.487317535097844e-12,7.6526299813356465e-16,False,True
25,58,0.999999999999492,5.080263163586478e-13,0.0,1.9962869777931578e-15,2.5373959660832113e-12,3.203426503814918e-16,False,True
45,55,0.9999999999994865,5.135198309517729e-13,0.0,4.6124785104981994e-15,2.5613797378660347e-12,6.050916729428173e-16,False,True
42,44,0.9999999999994841,5.159673499038232e-13,0.0,2.067859703482447e-14,2.5528939991701152e-12,1.4593387406267926e-15,False,False
25,39,0.999999999999475,5.250015649183157e-13,0.0,4.054906809740265e-15,2.618938120296961e-12,1.334761043256213e-15,False,True
39,42,0.999999999999459,5.410109435610022e-13,0.0,1.2115208955955579e-14,2.6887494645024337e-12,1.548322810177214e-15,False,True
34,38,0.9999999999994538,5.462809358068563e-13,0.0,9.20721775288476e-15,2.719602009413659e-12,3.9152990602182345e-16,False,True
53,57,0.9999999999994531,5.468475673031239e-13,0.0,9.994839953084381e-15,2.7213171630404223e-12,5.694980451226514e-16,False,False
38,53,0.9999999999994529,5.471250501983153e-13,0.0,1.7151687232996258e-15,2.73305416655361e-12,5.694980451226526e-16,False,True
38,51,0.9999999999994463,5.53699114226043e-13,0.0,6.150413528891751e-15,2.760647382893909e-12,2.1356176692099458e-16,False,False
33,52,0.999999999999446,5.540164909692132e-13,0.0,2.19785790377923e-14,2.7424223645027695e-12,2.4915539474116017e-16,False,True
32,38,0.9999999999994398,5.601650343390543e-13,0.0,7.435362188262592e-15,2.7910237597635057e-12,6.762789285831485e-16,False,True
33,48,0.9999999999994347,5.653404130062209e-13,0.0,5.529455319993456e-15,2.819016084476024e-12,1.032215206784804e-15,False,True
34,57,0.9999999999994252,5.747437841820032e-13,0.0,2.7342279919814263e-15,2.8699540980487923e-12,4.627171616621549e-16,False,False
47,57,0.9999999999994249,5.751150456049415e-13,0.0,1.7830901635938427e-14,2.8524857443538304e-12,1.06780883460497e-15,False,True
36,45,0.9999999999994247,5.753325110274979e-13,0.0,8.133371732250719e-15,2.86578841711925e-12,9.432311372343938e-16,False,True
52,56,0.9999999999994179,5.821206420222981e-13,0.0,1.8974721991863034e-14,2.885870389228787e-12,1.352557857166301e-15,False,True
38,47,0.9999999999994171,5.828566429260175e-13,0.0,7.739969323252465e-15,2.9037540059083378e-12,1.1389960902453068e-15,False,False
25,44,0.9999999999994114,5.886503715319736e-13,0.0,1.2399133624081018e-14,2.9268453031203526e-12,1.2101833458856333e-15,False,False
41,56,0.9999999999994094,5.906268268850599e-13,0.0,9.388092973853556e-15,2.9406915948550563e-12,9.43231137234394e-16,False,True
21,37,0.9999999999993896,6.103898168882432e-13,0.0,2.587081545919227e-14,3.018742970439109e-12,1.156792904155384e-15,False,True
23,44,0.9999999999993676,6.323831897588174e-13,0.0,9.338879101989047e-15,3.1499753977079492e-12,3.559362782016573e-16,False,False
33,37,0.9999999999993645,6.355398391054405e-13,0.0,9.38637471003481e-15,3.1654056275014913e-12,7.474661842234795e-16,False,True
31,42,0.9999999999993618,6.38190662989582e-13,0.0,9.743941473871777e-15,3.1783996550134586e-12,4.983107894823208e-16,False,True
32,41,0.9999999999993404,6.595559272124335e-13,0.0,6.150500186357529e-15,3.2899046442831648e-12,2.491553947411601e-16,False,False
23,28,0.9999999999993398,6.602470141657874e-13,0.0,6.6722291808986594e-15,3.2924943560398365e-12,5.339044173024859e-16,False,True
35,46,0.9999999999993335,6.66453733635099e-13,0.0,1.0714716428938692e-14,3.3179943303507722e-12,1.1745897180654684e-15,False,False
26,49,0.9999999999993321,6.679366823637079e-13,0.0,1.589188234117526e-14,3.3189643118243864e-12,1.1389960902453021e-15,False,True
33,56,0.9999999999993241,6.759176431506947e-13,0.0,3.974219104980376e-15,3.373792890025429e-12,1.1034024624251403e-15,False,True
27,54,0.9999999999993214,6.786191927413196e-13,0.0,2.206782836076545e-14,3.363348865365566e-12,2.8830838534334406e-15,False,True
27,47,0.9999999999993201,6.799296149939299e-13,0.0,2.8040127803725054e-14,3.3625557308188114e-12,2.7229125282426946e-15,False,False
23,31,0.999999999999319,6.809637505872073e-13,0.0,2.5747869348530257e-15,3.4010930600710323e-12,6.762789285831504e-16,False,True
43,47,0.9999999999993139,6.860661104716995e-13,0.0,2.899175906995386e-14,3.3934635158307247e-12,8.364502537738964e-16,False,True
41,51,0.9999999999993068,6.932230571940474e-13,0.0,6.717274363987946e-15,3.457411697975303e-12,4.0932671993190586e-16,False,True
29,33,0.9999999999993037,6.9638725360818e-13,0.0,1.1026629241241472e-14,3.4675790342407475e-12,7.652629981335627e-16,False,True
38,43,0.9999999999992993,7.006864658980931e-13,0.0,2.143873631161266e-14,3.4763936521131633e-12,3.2034265038149206e-16,False,False
24,53,0.999999999999299,7.009732464204836e-13,0.0,6.598131641741078e-15,3.4963249201207247e-12,3.915299060218231e-16,False,False
37,41,0.9999999999992966,7.033825663518801e-13,0.0,1.963534933306473e-14,3.491527745635818e-12,1.1211992763352239e-15,False,True
43,57,0.9999999999992952,7.048203417455942e-13,0.0,1.1335592692251035e-14,3.5096385704331406e-12,3.91529906021823e-16,False,True
26,30,0.9999999999992868,7.131890847218666e-13,0.0,9.125354825180315e-15,3.5527634978903266e-12,2.3669762500410124e-15,False,False
28,42,0.9999999999992858,7.14170921668564e-13,0.0,1.758679351415592e-14,3.5476431362903293e-12,1.637306879727629e-15,False,True
24,38,0.9999999999992824,7.176456909425724e-13,0.0,6.819507349493753e-15,3.579303642213018e-12,5.339044173024858e-16,False,False
27,35,0.9999999999992805,7.195690396297527e-13,0.0,6.258777173996582e-15,3.5874723330886482e-12,3.3991914568258498e-15,False,True
24,47,0.9999999999992801,7.198773322904718e-13,0.0,1.4434193324595532e-14,3.5808901010419072e-12,6.050916729428187e-16,False,True
21,32,0.9999999999992792,7.207443653157363e-13,0.0,1.1584563963242307e-14,3.589080950299438e-12,2.1356176692099458e-16,False,False
46,47,0.9999999999992784,7.215964567463031e-13,0.0,1.1691700710291847e-14,3.5925000631655338e-12,1.156792904155386e-15,False,True
46,54,0.9999999999992759,7.240397009858333e-13,0.0,6.133919723836622e-15,3.611756943869282e-12,1.0322152067848066e-15,False,False
28,39,0.9999999999992749,7.250885956280677e-13,0.0,5.734112913987817e-15,3.618221946556123e-12,7.11872556403315e-17,False,True
24,57,0.9999999999992729,7.271391522546613e-13,0.0,4.336283479422188e-15,3.6298749786110515e-12,5.339044173024858e-16,False,True
43,54,0.9999999999992693,7.308005535947222e-13,0.0,2.20384326132652e-14,3.625787346685401e-12,8.898406955041452e-16,False,False
54,57,0.9999999999992646,7.354570057699998e-13,0.0,1.4138453703757268e-14,3.658731019431753e-12,1.1745897180654674e-15,False,False
28,58,0.9999999999992631,7.368234153991306e-13,0.0,7.803662253605147e-15,3.673321385564907e-12,1.3881514849864673e-15,False,True
43,53,0.9999999999992629,7.370609727854484e-13,0.0,2.1155697387100676e-14,3.658633332816012e-12,3.025458364714089e-16,False,False
65,67,0.9999999999992608,7.391988442422806e-13,0.0,9.825025325375718e-17,3.695871408394835e-12,0.0,False,True
21,51,0.9999999999992598,7.402243443441307e-13,0.0,1.2856019516931622e-14,3.68474470228454e-12,4.0932671993190586e-16,False,True
23,59,0.9999999999992473,7.527400823351653e-13,0.0,1.9234468415152345e-15,3.761229365071769e-12,8.89840695504144e-17,False,True
25,31,0.9999999999992465,7.535077628902416e-13,0.0,9.33328916364058e-16,3.765904986940613e-12,6.228884868529002e-16,False,True
24,54,0.9999999999992394,7.60571299030341e-13,0.0,9.802170224335566e-15,3.790096573174848e-12,6.762789285831503e-16,False,False
24,34,0.9999999999992392,7.608345639886533e-13,0.0,3.186317705597463e-15,3.799495847068776e-12,9.254343233243083e-16,False,False
44,52,0.9999999999992386,7.61402713557153e-13,0.0,2.4206572570271812e-14,3.776381618980813e-12,4.983107894823209e-16,False,False
58,59,0.9999999999992354,7.646237754739716e-13,0.0,2.3464505720790666e-15,3.819531781243564e-12,8.720438815940599e-16,False,True
44,58,0.9999999999992281,7.719865745835269e-13,0.0,1.0443325963332535e-14,3.845944382733189e-12,1.2457769737058037e-15,False,False
42,59,0.9999999999992258,7.741404752760854e-13,0.0,1.3098706810083337e-14,3.853554831462734e-12,1.0322152067848048e-15,False,True
39,40,0.9999999999992253,7.747048483003667e-13,0.0,2.4512926768326958e-14,3.842322483403257e-12,7.474661842234817e-16,False,True
25,28,0.9999999999992236,7.76330695380372e-13,0.0,9.759469914353685e-15,3.868439721116043e-12,1.3525578571662959e-15,False,True
39,59,0.9999999999992162,7.838256499203601e-13,0.0,2.827119345658118e-15,3.915207269717183e-12,5.161076033924038e-16,False,True
40,58,0.9999999999992158,7.841859483200488e-13,0.0,2.292182528700545e-14,3.891796946015914e-12,6.406853007629844e-16,False,True
48,56,0.9999999999992102,7.897731272090009e-13,0.0,3.902188689567605e-15,3.94239953454157e-12,2.117820855299871e-15,False,True
38,54,0.999999999999202,7.980054659755599e-13,0.0,4.211933517280232e-15,3.983841427861352e-12,1.2279801597957212e-15,False,True
65,66,0.9999999999991983,8.017037011627069e-13,0.0,1.2761283191580198e-16,4.008332294552774e-12,3.5593627820165765e-17,False,True
47,51,0.9999999999991953,8.046995220737935e-13,0.0,1.387688974646225e-14,4.005444074832963e-12,9.432311372343905e-16,False,True
34,47,0.9999999999991929,8.071551132505297e-13,0.0,1.6131967445009452e-14,4.014462712449186e-12,1.5305259962671315e-15,False,False
37,48,0.9999999999991919,8.081269019791198e-13,0.0,7.561886474987247e-15,4.030835113930618e-12,4.627171616621546e-16,False,True
48,52,0.9999999999991916,8.084025384259502e-13,0.0,2.2768965835977965e-14,4.012804018650555e-12,9.966215789646437e-16,False,True
28,59,0.9999999999991896,8.103192290439007e-13,0.0,7.104341094074357e-15,4.0422619000972035e-12,6.050916729428182e-16,False,True
26,45,0.9999999999991895,8.104627487825261e-13,0.0,6.5230699736839486e-15,4.043399092650869e-12,1.0144183928747213e-15,False,True
34,43,0.9999999999991874,8.125763014379987e-13,0.0,1.4069820684232222e-14,4.044800369748698e-12,6.584821146730674e-16,False,False
21,52,0.9999999999991867,8.13346415447682e-13,0.0,6.363077004306588e-15,4.058457888332645e-12,4.271235338419887e-16,False,True
31,52,0.9999999999991855,8.144866250079742e-13,0.0,1.2622474949189696e-14,4.056281298261272e-12,4.983107894823201e-16,False,True
29,31,0.999999999999184,8.160137007860795e-13,0.0,1.0502673723382432e-15,4.078301850960267e-12,6.050916729428169e-16,False,True
47,53,0.999999999999183,8.170019821436242e-13,0.0,7.988051783573604e-15,4.074437551129621e-12,7.830598120436457e-16,False,False
21,53,0.9999999999991735,8.264691064329639e-13,0.0,1.8652083195886386e-14,4.1088969520656354e-12,1.779681391008287e-16,False,False
32,43,0.9999999999991726,8.274447599738964e-13,0.0,1.404385344039556e-14,4.119402030860336e-12,3.5593627820165736e-16,False,False
24,51,0.9999999999991692,8.307865798235862e-13,0.0,1.2908715053599722e-15,4.152039009917147e-12,3.7373309211174016e-16,False,True
54,55,0.9999999999991677,8.323622942793239e-13,0.0,1.720653475211934e-14,4.139489098720084e-12,1.0856056485150527e-15,False,False
24,32,0.9999999999991628,8.372528067551463e-13,0.0,1.634689197901243e-15,4.184060500953164e-12,2.1356176692099458e-16,False,False
29,37,0.9999999999991619,8.381331404492679e-13,0.0,1.730931420413736e-14,4.167961250656563e-12,1.4237451128066265e-15,False,True
43,51,0.9999999999991617,8.383034415435974e-13,0.0,1.5288322782721885e-14,4.172179894862231e-12,3.0254583647140887e-16,False,True
31,48,0.9999999999991604,8.395359504969927e-13,0.0,1.0375198567749393e-14,4.1837363787137e-12,1.2991674154360449e-15,False,True
35,57,0.9999999999991577,8.423239538603858e-13,0.0,4.3866804559962726e-15,4.204828352909543e-12,1.7440877631881166e-15,False,False
25,59,0.9999999999991556,8.444478514927755e-13,0.0,3.4288966057560214e-15,4.217299103795487e-12,8.720438815940599e-16,False,True
29,52,0.9999999999991495,8.505202515628083e-13,0.0,1.1953791816386617e-14,4.236938247080199e-12,9.610279511444738e-16,False,True
21,34,0.9999999999991487,8.513233761568672e-13,0.0,1.163751741844183e-14,4.241442646320953e-12,8.364502537738937e-16,False,False
31,40,0.9999999999991486,8.514267279268165e-13,0.0,2.201821665468809e-14,4.229157050061015e-12,6.050916729428171e-16,False,True
31,44,0.9999999999991457,8.542652791981234e-13,0.0,1.173893077860814e-14,4.2559052663331334e-12,9.966215789646395e-16,False,False
47,55,0.999999999999142,8.579767673338102e-13,0.0,2.2681412047272912e-14,4.260637781710978e-12,1.1923865319755502e-15,False,True
29,56,0.9999999999991411,8.588889770254187e-13,0.0,7.092889453305676e-15,4.285285125880944e-12,3.915299060218236e-16,False,True
31,39,0.9999999999991405,8.595344202391107e-13,0.0,3.4242537736414795e-15,4.292590927352548e-12,1.0678088346049705e-15,False,True
23,40,0.9999999999991398,8.60245364854572e-13,0.0,2.3669616228993738e-14,4.271412894609264e-12,3.0254583647140906e-16,False,True
33,41,0.9999999999991263,8.737136562397964e-13,0.0,1.3219690227985404e-14,4.351709978153186e-12,4.449203477520721e-16,False,True
27,57,0.9999999999991261,8.738983569295533e-13,0.0,1.0209226167788456e-14,4.3554889241678024e-12,1.6551036936377125e-15,False,False
32,47,0.9999999999991208,8.791588837344158e-13,0.0,1.496268053424756e-14,4.376744030133023e-12,4.627171616621552e-16,False,False
41,53,0.9999999999991176,8.82368753433982e-13,0.0,1.2416617069758436e-14,4.3961761721179535e-12,1.957649530109116e-16,False,False
39,44,0.9999999999991084,8.916431902374357e-13,0.0,8.619924099607245e-15,4.447334265179209e-12,1.4237451128066303e-16,False,False
31,58,0.9999999999991064,8.936016325635821e-13,0.0,1.3977473490796716e-15,4.466034069254207e-12,3.025458364714091e-16,False,True
27,38,0.9999999999991058,8.942017942170633e-13,0.0,2.030015848047424e-14,4.444392445214496e-12,1.6551036936377121e-15,False,True
51,56,0.9999999999991052,8.948311174521892e-13,0.0,2.8350051114577877e-15,4.469744236193507e-12,1.1567929041553892e-15,False,True
34,41,0.9999999999991047,8.952835383862859e-13,0.0,5.402051292313463e-15,4.4690911805674374e-12,7.65262998133565e-16,False,False
40,42,0.9999999999991003,8.996824275342225e-13,0.0,1.2867769949404508e-14,4.481713435154459e-12,8.186534398638139e-16,False,True
21,33,0.9999999999990979,9.020291521265419e-13,0.0,1.9455156354113357e-14,4.485479777318821e-12,4.627171616621546e-16,False,True
45,54,0.9999999999990937,9.062846184585637e-13,0.0,1.2667930765057161e-14,4.514800669820976e-12,1.0500120206948901e-15,False,False
35,45,0.9999999999990888,9.112067845691322e-13,0.0,4.001684358228888e-15,4.550124179888461e-12,1.2101833458856327e-15,False,False
41,52,0.999999999999088,9.12015082644281e-13,0.0,1.0078852489165432e-14,4.547183200180431e-12,3.91529906021823e-16,False,True
28,31,0.9999999999990871,9.129545604209694e-13,0.0,9.158366687629077e-15,4.552470596677627e-12,1.1389960902453064e-15,False,True
28,40,0.9999999999990846,9.154218178366835e-13,0.0,3.0217489872938944e-14,4.538709889151914e-12,8.364502537738962e-16,False,True
35,38,0.9999999999990784,9.21612902216029e-13,0.0,1.448982407535873e-14,4.5886708603844195e-12,1.7084941353679509e-15,False,True
35,43,0.9999999999990705,9.29474352467235e-13,0.0,7.210408440225522e-15,4.637277595340855e-12,1.4415419267167094e-15,False,False
38,46,0.9999999999990664,9.33591515471465e-13,0.0,4.100155549535975e-15,4.661777921696232e-12,1.4059482988965502e-15,False,False
35,55,0.9999999999990625,9.374554952817452e-13,0.0,1.3007625921649366e-15,4.684637104775645e-12,1.3525578571662935e-15,False,False
46,57,0.999999999999062,9.37998041672541e-13,0.0,8.314806978349683e-15,4.678568933636461e-12,1.3703546710763784e-15,False,True
42,52,0.9999999999990598,9.402503784882438e-13,0.0,4.570458959604719e-15,4.694818047778354e-12,9.610279511444738e-16,False,True
41,57,0.999999999999058,9.419890218967176e-13,0.0,2.667823300332083e-15,4.706263292486926e-12,4.627171616621544e-16,False,True
25,40,0.999999999999052,9.480546235731068e-13,0.0,2.1813674840971534e-14,4.712538857949179e-12,6.228884868529002e-16,False,True
37,44,0.9999999999990505,9.495157072297198e-13,0.0,6.361766942328891e-15,4.73901233739079e-12,8.186534398638121e-16,False,False
53,54,0.9999999999990493,9.506534256726151e-13,0.0,5.644422136894257e-15,4.745530872559897e-12,9.07637509414228e-16,False,True
32,54,0.9999999999990491,9.508721178858561e-13,0.0,9.004198373170767e-15,4.742704913149841e-12,5.339044173024868e-16,False,True
29,44,0.9999999999990429,9.571303885679936e-13,0.0,1.2541869852600441e-14,4.768880101468746e-12,1.4593387406267926e-15,False,False
32,56,0.9999999999990413,9.586496496279993e-13,0.0,4.038995136739752e-15,4.787678947412201e-12,6.940757424932332e-16,False,False
37,51,0.9999999999990398,9.602621161387477e-13,0.0,1.3014795942262365e-14,4.784481486127742e-12,7.474661842234822e-16,False,True
25,52,0.9999999999990365,9.634404899564415e-13,0.0,1.2053485129850415e-14,4.801601688952592e-12,7.118725564033142e-16,False,True
51,54,0.9999999999990221,9.77938432613761e-13,0.0,8.623088961444347e-15,4.878152488072343e-12,1.014418392874726e-15,False,False
38,41,0.9999999999990212,9.787841948268545e-13,0.0,1.2770966919694678e-14,4.877636922834272e-12,4.271235338419896e-16,False,False
24,35,0.9999999999990205,9.795694167798683e-13,0.0,7.670316725865525e-15,4.887351550482595e-12,1.2101833458856382e-15,False,False
29,59,0.9999999999990176,9.824477999664865e-13,0.0,3.5301809886249317e-15,4.90703876458113e-12,1.050012020694888e-15,False,True
34,54,0.9999999999990086,9.914444151854736e-13,0.0,1.2508605922245701e-14,4.940425076416927e-12,1.5483228101772144e-15,False,True
31,37,0.9999999999990071,9.929181468394173e-13,0.0,1.7340747217343343e-14,4.942047205497291e-12,1.1567929041553837e-15,False,True
35,36,0.9999999999990038,9.961713507975745e-13,0.0,4.747781290482256e-15,4.9736673519941085e-12,1.672900507547784e-15,False,False
31,33,0.999999999999002,9.979892832175663e-13,0.0,1.0925088112263743e-14,4.975889627634525e-12,5.339044173024858e-16,False,True
21,57,0.9999999999989995,1.0005618272447143e-12,0.0,8.903289426460575e-15,4.991306291348384e-12,4.9831078948232e-16,False,True
48,59,0.9999999999989947,1.0053344458206401e-12,0.0,8.247298450759375e-15,5.015762463570286e-12,8.008566259537312e-16,False,True
52,59,0.9999999999989909,1.0091191604297446e-12,0.0,1.452166738521997e-14,5.027270198981575e-12,2.3135858083107732e-16,False,True
36,46,0.9999999999989876,1.0124675648491342e-12,0.0,1.4623058059409856e-14,5.043057930888967e-12,1.3347610432562185e-15,False,True
32,37,0.9999999999989846,1.0154579161939984e-12,0.0,1.4299744601633152e-14,5.058560653150267e-12,1.138996090245301e-15,False,False
36,54,0.9999999999989752,1.024818487616931e-12,0.0,2.0653553450435976e-14,5.0974079015934926e-12,1.1567929041553904e-15,False,False
37,53,0.9999999999989746,1.0254384302257004e-12,0.0,8.463863796425762e-15,5.115731379094421e-12,1.1745897180654727e-15,False,False
28,44,0.9999999999989685,1.0315299895772282e-12,0.0,3.868753444955853e-15,5.152693877586052e-12,1.6017132519074596e-16,False,False
53,56,0.9999999999989655,1.0345416213867578e-12,0.0,3.3387970943336037e-15,5.167733753939918e-12,1.0678088346049745e-15,False,False
34,56,0.999999999998965,1.0349186575680596e-12,0.0,6.220227056042423e-15,5.165549981029152e-12,1.6906973214578774e-15,False,False
46,55,0.999999999998964,1.035927320587264e-12,0.0,1.1102164837657622e-14,5.165011430705024e-12,9.966215789646397e-16,False,True
44,56,0.9999999999989629,1.03702877077661e-12,0.0,5.517094280106678e-15,5.17685933454793e-12,1.850868646648624e-15,False,False
44,59,0.9999999999989623,1.0377039917697268e-12,0.0,9.75749790948328e-15,5.175976048590533e-12,4.627171616621551e-16,False,False
27,55,0.9999999999989606,1.0393390661163674e-12,0.0,5.491689898637083e-15,5.188295743008796e-12,2.046633599659537e-15,False,False
23,52,0.9999999999989566,1.0433388284197549e-12,0.0,1.496855420308276e-14,5.1978232780197295e-12,2.135617669209946e-16,False,True
36,47,0.9999999999989554,1.0446582159179867e-12,0.0,2.5976440644870768e-14,5.1899662817161615e-12,1.1389960902453076e-15,False,True
27,43,0.9999999999989513,1.0486627704095918e-12,0.0,1.5034983679185818e-15,5.239952894330047e-12,1.9754463440192065e-15,False,False
44,48,0.9999999999989432,1.0567880235228427e-12,0.0,2.0267144393915647e-15,5.28060586793902e-12,1.0678088346049715e-15,False,False
21,38,0.9999999999989415,1.0584483753489935e-12,0.0,1.9006433045822593e-14,5.268136797566443e-12,4.627171616621542e-16,False,False
32,35,0.9999999999989398,1.0602010597818539e-12,0.0,7.137365578397731e-15,5.291256040089454e-12,1.1034024624251403e-15,False,True
41,48,0.9999999999989319,1.068126708852968e-12,0.0,1.2877059911723619e-14,5.323602886644907e-12,1.2457769737057966e-15,False,True
37,59,0.9999999999989314,1.0685930016168813e-12,0.0,1.4466713878644042e-14,5.3243877541500964e-12,6.584821146730672e-16,False,True
34,37,0.999999999998927,1.0730445916873923e-12,0.0,1.6125941482590596e-14,5.34458501760815e-12,6.406853007629833e-16,False,False
24,27,0.9999999999989203,1.0797169861027256e-12,0.0,1.360593447913163e-14,5.37994910394194e-12,2.171211297030103e-15,False,False
45,47,0.9999999999989142,1.0857855025868894e-12,0.0,1.913765235582357e-14,5.404097809980253e-12,1.2101833458856359e-15,False,True
31,56,0.9999999999989125,1.0874210098047443e-12,0.0,7.0665046467688895e-15,5.427644580524929e-12,8.364502537738966e-16,False,True
35,53,0.9999999999989038,1.0962027508062288e-12,0.0,1.4066726898009486e-14,5.462362536574027e-12,1.4237451128066273e-15,False,True
27,36,0.9999999999989019,1.0981437787752357e-12,0.0,2.122786777603037e-15,5.486770692192215e-12,1.7262909492780435e-15,False,False
21,48,0.9999999999988987,1.1013741374521658e-12,0.0,1.849074835309365e-14,5.482796223868318e-12,1.2813706015259625e-15,False,True
33,59,0.9999999999988904,1.1096012873600402e-12,0.0,7.566477379035349e-15,5.538334778309485e-12,2.8474902256132587e-16,False,True
37,42,0.9999999999988898,1.1101773621347878e-12,0.0,2.7040363977152094e-14,5.5159918516470285e-12,1.4593387406268007e-15,False,True
35,51,0.9999999999988808,1.1191962894761827e-12,0.0,8.339410546467513e-15,5.5843959420901965e-12,1.548322810177206e-15,False,False
34,35,0.9999999999988799,1.1200910708282238e-12,0.0,7.12090844797762e-15,5.589952505329239e-12,2.1356176692099525e-15,False,True
26,36,0.9999999999988741,1.1258790224791324e-12,0.0,2.7026637347234795e-15,5.624682021684001e-12,1.7796813910082813e-15,False,True
45,49,0.9999999999988618,1.1381954942129551e-12,0.0,1.16478129413986e-14,5.675710281535101e-12,9.432311372343915e-16,False,True
56,59,0.999999999998855,1.1449694091487993e-12,0.0,4.507027029369765e-15,5.718145453122679e-12,1.4237451128066269e-15,False,True
25,29,0.9999999999988402,1.1599014647269879e-12,0.0,1.427362285194407e-16,5.799142036803234e-12,2.491553947411603e-16,False,True
29,42,0.999999999998836,1.1640030054122011e-12,0.0,9.73104977301648e-15,5.807397396090028e-12,6.050916729428178e-16,False,True
43,46,0.9999999999988323,1.167756622548105e-12,0.0,1.7758080404963257e-14,5.815731265166636e-12,1.1389960902453064e-15,False,True
39,52,0.9999999999988317,1.1682353051410178e-12,0.0,1.5862345755932294e-14,5.820868079534601e-12,6.406853007629841e-16,False,True
29,41,0.9999999999988255,1.174473862963208e-12,0.0,2.3395282346092605e-15,5.869004433378504e-12,5.87294859032734e-16,False,True
27,32,0.9999999999988229,1.1770219805054552e-12,0.0,1.3077447269479593e-14,5.86701455647376e-12,2.331382622220867e-15,False,True
33,44,0.9999999999988215,1.178503856063236e-12,0.0,6.5389154741317886e-15,5.883785036335347e-12,7.474661842234799e-16,False,False
21,29,0.9999999999988142,1.185869754459531e-12,0.0,8.574994360737749e-15,5.91814951537116e-12,6.406853007629845e-16,False,True
36,49,0.9999999999988064,1.193603649944317e-12,0.0,1.8486601230446483e-14,5.94425596527233e-12,8.720438815940625e-16,False,True
24,46,0.9999999999988062,1.1937774827705304e-12,0.0,4.03762311767597e-15,5.963186352044361e-12,8.720438815940625e-16,False,True
32,52,0.9999999999988047,1.1952903762039677e-12,0.0,1.6170253056773945e-14,5.955758550723299e-12,6.406853007629828e-16,False,False
42,48,0.9999999999988034,1.1966264006845045e-12,0.0,1.9660296871053615e-14,5.957221871290448e-12,1.77968139100828e-15,False,True
56,57,0.9999999999988026,1.1974254730183498e-12,0.0,7.879624646928247e-15,5.976263415890214e-12,1.3525578571662959e-15,False,True
30,45,0.9999999999987997,1.2002125344965557e-12,0.0,4.519603602259911e-15,5.994225230651455e-12,1.5839164379973795e-15,False,False
27,51,0.999999999998799,1.2010283162938477e-12,0.0,1.416323805726491e-14,5.986036034802238e-12,1.8686654605587077e-15,False,False
52,58,0.999999999998789,1.2109943819507254e-12,0.0,1.387247325139847e-14,6.03707071855121e-12,7.474661842234818e-16,False,True
40,44,0.9999999999987887,1.211200337477073e-12,0.0,3.285715358266551e-14,6.014423036210595e-12,6.762789285831485e-16,False,False
52,53,0.9999999999987854,1.214542002074277e-12,0.0,2.1362452444474798e-14,6.045686602165409e-12,4.271235338419895e-16,False,False
42,56,0.9999999999987844,1.215533543584787e-12,0.0,1.673913519521577e-14,6.056423456279533e-12,4.2712353384198954e-16,False,True
25,37,0.9999999999987836,1.2163324815852821e-12,0.0,1.7237579630642612e-14,6.059207795878693e-12,1.2101833458856331e-15,False,True
55,57,0.9999999999987729,1.2271235002950445e-12,0.0,4.85051041133522e-15,6.129167282758509e-12,5.161076033924028e-16,False,True
32,46,0.9999999999987725,1.2274275212814986e-12,0.0,3.714226964568228e-15,6.131840789790587e-12,8.720438815940625e-16,False,False
51,52,0.999999999998765,1.2349952909515725e-12,0.0,1.6609180288243004e-14,6.154081503293232e-12,1.779681391008287e-16,False,True
38,56,0.9999999999987639,1.236137132792039e-12,0.0,3.56982051075105e-15,6.175195622318448e-12,1.3703546710763842e-15,False,False
23,37,0.9999999999987577,1.2423465027343146e-12,0.0,1.534628612159808e-14,6.192069142044003e-12,6.406853007629829e-16,False,True
27,34,0.9999999999987534,1.2465541057987973e-12,0.0,1.2792466399262165e-14,6.215725484770736e-12,1.4059482988965502e-15,False,True
43,55,0.9999999999987508,1.2491861570752113e-12,0.0,6.792791681333371e-15,6.236812458084058e-12,8.364502537738955e-16,False,True
25,48,0.9999999999987499,1.2500837984986519e-12,0.0,1.0769453128855016e-14,6.2357692387536925e-12,1.5839164379973716e-15,False,True
26,55,0.9999999999987447,1.2553746031565347e-12,0.0,1.9645638859117727e-15,6.273349502090679e-12,1.4237451128066253e-15,False,True
30,36,0.9999999999987427,1.257378886065827e-12,0.0,1.1277433257219567e-14,6.272317124782038e-12,6.406853007629841e-16,False,False
33,42,0.9999999999987402,1.259749800499049e-12,0.0,2.06247048720734e-14,6.272420869377418e-12,7.296693703133991e-16,False,True
27,53,0.9999999999987358,1.2642173619914977e-12,0.0,2.020406612087183e-14,6.29432344732752e-12,2.0110399718393732e-15,False,True
21,44,0.9999999999987328,1.2672438324295347e-12,0.0,1.950904851686454e-14,6.311165470979964e-12,8.898406955041426e-16,False,False
23,29,0.999999999998731,1.26900234835238e-12,0.0,3.2299769619746907e-15,6.340106675881314e-12,1.1567929041553888e-15,False,True
40,52,0.9999999999987309,1.2691108664294257e-12,0.0,1.0736018048200126e-14,6.33193409543039e-12,2.6695220865124307e-16,False,True
46,51,0.9999999999987247,1.2753303741406595e-12,0.0,2.8142171407234532e-15,6.372213114157546e-12,1.2279801597957162e-15,False,True
24,55,0.9999999999987222,1.277770636202647e-12,0.0,8.247218722678644e-15,6.378050296023882e-12,6.584821146730661e-16,False,True
45,46,0.9999999999987192,1.280795665863133e-12,0.0,7.445951645532566e-15,6.394377242329233e-12,3.9152990602182345e-16,False,True
36,57,0.9999999999987187,1.2812616838882965e-12,0.0,8.145539008933838e-15,6.395806153029933e-12,4.27123533841989e-16,False,True
38,55,0.999999999998718,1.2819384106899345e-12,0.0,1.4941442724021663e-14,6.3906548645629654e-12,4.805139755722383e-16,False,False
34,46,0.9999999999987034,1.2966199566660346e-12,0.0,6.655409387463856e-15,6.473432412942154e-12,1.797478204918375e-15,False,False
32,33,0.9999999999987024,1.2976691848164623e-12,0.0,7.884085496553167e-15,6.478197169782103e-12,3.915299060218228e-16,False,False
28,50,0.9999999999986965,1.3035637309244435e-12,0.0,7.66841028094845e-15,6.5077392801850265e-12,6.584821146730672e-16,False,True
23,48,0.9999999999986869,1.3131030004897677e-12,0.0,7.966219015498688e-15,6.554983281430865e-12,7.652629981335622e-16,False,True
37,57,0.9999999999986757,1.3243286287983385e-12,0.0,1.7893283918928047e-14,6.598782677507027e-12,6.584821146730673e-16,False,True
25,33,0.9999999999986741,1.3259252541320625e-12,0.0,1.0925344858372568e-14,6.615555813663937e-12,5.517012312125689e-16,False,True
33,51,0.9999999999986712,1.3287722551527484e-12,0.0,6.5991368371823284e-15,6.635558964275534e-12,7.118725564033149e-17,False,True
27,45,0.9999999999986707,1.3292861116332232e-12,0.0,9.606746261328704e-15,6.632433331385003e-12,2.6517252726023593e-15,False,False
46,53,0.9999999999986624,1.3375508544744182e-12,0.0,3.8691321331185204e-15,6.6821970862423336e-12,9.610279511444726e-16,False,False
25,56,0.9999999999986573,1.3427130228517285e-12,0.0,7.005098176118256e-15,6.704328227562922e-12,6.406853007629841e-16,False,True
37,38,0.9999999999986523,1.3476626615112932e-12,0.0,7.0440070778567016e-15,6.7289877419022745e-12,6.940757424932331e-16,False,False
34,52,0.9999999999986513,1.3486879990216435e-12,0.0,1.416094010212121e-14,6.725391782109319e-12,4.62717161662155e-16,False,False
41,44,0.9999999999986445,1.3554424434767698e-12,0.0,1.424079212258231e-14,6.758743846708992e-12,8.898406955041426e-16,False,False
23,56,0.9999999999986411,1.3589257572517292e-12,0.0,5.22046771351967e-15,6.786995349950843e-12,1.4771355545368822e-15,False,True
41,47,0.9999999999986263,1.373713328368585e-12,0.0,2.0252678752612345e-14,6.842703541374423e-12,7.296693703133988e-16,False,True
29,40,0.9999999999986255,1.3744570122600214e-12,0.0,2.1755433373158278e-14,6.844463431893329e-12,8.364502537738941e-16,False,True
36,38,0.9999999999986231,1.3768975481042272e-12,0.0,1.823647132161982e-14,6.861371808718729e-12,4.271235338419889e-16,False,False
43,45,0.9999999999986223,1.377729613622106e-12,0.0,1.0356453473492726e-14,6.875088511188766e-12,8.186534398638141e-16,False,True
23,33,0.9999999999986139,1.3861262466291991e-12,0.0,8.98459943924416e-15,6.919120184027856e-12,3.7373309211174065e-16,False,True
24,45,0.9999999999986013,1.3986168640280824e-12,0.0,4.7034590312285754e-15,6.9866977871549385e-12,6.762789285831503e-16,False,True
21,31,0.9999999999985905,1.4095788931443864e-12,0.0,8.571829357900405e-15,7.037086245751528e-12,1.2457769737058016e-16,False,True
28,52,0.999999999998586,1.4139972285349663e-12,0.0,2.1566908860544896e-14,7.042546992623577e-12,6.406853007629842e-16,False,True
29,58,0.9999999999985821,1.417911070958066e-12,0.0,2.1255301006311116e-15,7.086604794735024e-12,3.9152990602182306e-16,False,True
40,48,0.9999999999985788,1.4211974189556897e-12,0.0,3.157673562574189e-14,7.0657954042829124e-12,9.61027951144473e-16,False,True
21,47,0.9999999999985777,1.4223399485665592e-12,0.0,2.6488144878739857e-14,7.0780556573170686e-12,7.118725564033159e-16,False,True
31,41,0.999999999998576,1.4239389369263354e-12,0.0,2.54362246002457e-15,7.116421723283618e-12,1.245776973705801e-16,False,True
37,58,0.999999999998567,1.4329219522142668e-12,0.0,1.6288107739149598e-14,7.143341988887983e-12,1.210183345885639e-15,False,True
37,39,0.9999999999985644,1.435682658387407e-12,0.0,1.49251550211985e-14,7.159182900911935e-12,7.652629981335634e-16,False,True
21,24,0.9999999999985643,1.4357818904443084e-12,0.0,1.2186925696329668e-14,7.1634622333342085e-12,2.847490225613261e-16,False,True
49,55,0.9999999999985567,1.443341418097345e-12,0.0,1.5191572632848323e-14,7.1970235489531714e-12,9.254343233243087e-16,False,True
29,39,0.9999999999985557,1.4443244530553511e-12,0.0,4.197643038259701e-15,7.21522731698173e-12,1.5305259962671236e-15,False,True
37,40,0.9999999999985555,1.4444882150294628e-12,0.0,3.895680273183933e-14,7.17325121014651e-12,6.584821146730674e-16,False,True
41,43,0.9999999999985554,1.444587578814878e-12,0.0,8.739080317343286e-15,7.211933958015115e-12,1.0678088346049723e-16,False,True
21,35,0.9999999999985503,1.4497036387384924e-12,0.0,4.7067942490108025e-15,7.241633630098755e-12,1.3347610432562185e-15,False,False
48,58,0.9999999999985493,1.450719005720838e-12,0.0,8.99094432435134e-15,7.24115506325982e-12,1.6017132519074642e-15,False,True
24,41,0.9999999999985482,1.4518596898045214e-12,0.0,5.951459570201382e-15,7.2516722580137985e-12,2.491553947411602e-16,False,True
21,43,0.9999999999985455,1.4544517176007502e-12,0.0,3.0424881846716672e-15,7.26834869688945e-12,1.4237451128066294e-16,False,True
48,51,0.9999999999985165,1.4834974894777332e-12,0.0,6.159785547736148e-15,7.409066944490637e-12,9.610279511444778e-16,False,True
30,55,0.9999999999985156,1.4843490350370359e-12,0.0,8.009390870984072e-15,7.410999318022658e-12,9.788247650545597e-16,False,False
21,54,0.9999999999985143,1.4857297598409415e-12,0.0,1.9384743566939584e-14,7.403843922497433e-12,7.6526299813356465e-16,False,False
34,55,0.9999999999985139,1.486151080739245e-12,0.0,7.528202382579443e-15,7.420757855858967e-12,7.830598120436476e-16,False,False
51,55,0.9999999999985101,1.489929832727846e-12,0.0,8.804522300811988e-15,7.438243082450238e-12,5.339044173024866e-16,False,True
33,40,0.999999999998509,1.4910346192663778e-12,0.0,3.261245455218618e-14,7.414354137699926e-12,7.118725564033149e-17,False,True
35,41,0.9999999999985062,1.4938562284328148e-12,0.0,1.7188571556642177e-15,7.466131499937051e-12,1.334761043256213e-15,False,False
33,53,0.9999999999985059,1.494167901422773e-12,0.0,2.4296218337128073e-15,7.467308618235718e-12,6.584821146730668e-16,False,False
39,48,0.9999999999985051,1.4948950749127181e-12,0.0,7.545087915099045e-15,7.464349938927223e-12,9.254343233243091e-16,False,True
28,29,0.999999999998502,1.498037323788232e-12,0.0,9.902206142873111e-15,7.476607576323638e-12,1.6017132519074627e-15,False,True
41,54,0.999999999998502,1.4980386596236585e-12,0.0,1.5125148750153498e-14,7.470686219711135e-12,8.008566259537305e-16,False,False
21,42,0.9999999999985,1.4999911972547378e-12,0.0,2.0557698041120115e-15,7.496972498095139e-12,5.517012312125696e-16,False,True
36,43,0.9999999999984993,1.5007000334547123e-12,0.0,3.4508747716623113e-15,7.498625974170815e-12,7.474661842234813e-16,False,True
56,58,0.9999999999984945,1.505499714023401e-12,0.0,6.000372062893508e-15,7.51954428628368e-12,6.050916729428173e-16,False,True
32,48,0.9999999999984904,1.5095195329837338e-12,0.0,6.9196774955336606e-15,7.537880259214647e-12,1.423745112806625e-15,False,False
45,57,0.9999999999984861,1.5138829306115786e-12,0.0,3.560078678981612e-15,7.564217088524942e-12,9.966215789646393e-16,False,True
53,55,0.9999999999984834,1.5165754436860306e-12,0.0,1.4845350364419195e-14,7.563506326238242e-12,1.0856056485150556e-15,False,False
24,37,0.9999999999984798,1.5202251548849388e-12,0.0,1.3683889762864274e-14,7.58327344603689e-12,9.966215789646385e-16,False,True
33,58,0.999999999998469,1.5309506482119716e-12,0.0,9.872448634069857e-15,7.64199890434386e-12,5.517012312125697e-16,False,True
38,45,0.9999999999984689,1.5311255818356504e-12,0.0,1.145165545529789e-14,7.640565873674905e-12,9.96621578964643e-16,False,False
21,59,0.9999999999984687,1.5313067390850045e-12,0.0,1.1929158292123179e-14,7.641248514467756e-12,4.983107894823199e-16,False,True
33,34,0.9999999999984616,1.5384428943226438e-12,0.0,7.92558378112413e-15,7.681840325521674e-12,6.228884868529002e-16,False,False
39,56,0.9999999999984612,1.53877365681081e-12,0.0,4.79933661311999e-15,7.686427571360933e-12,1.9220559022889563e-15,False,True
24,36,0.9999999999984611,1.538829695845281e-12,0.0,1.1542247320277083e-14,7.679280198931784e-12,5.87294859032734e-16,False,True
52,57,0.9999999999984546,1.545438693814824e-12,0.0,1.1426712110140055e-14,7.712816645663416e-12,1.2457769737058014e-16,False,True
33,39,0.9999999999984527,1.5473664227522648e-12,0.0,8.563468338844482e-15,7.725487093037005e-12,8.54247067683977e-16,False,True
40,56,0.9999999999984505,1.549576073400234e-12,0.0,2.880399811240091e-14,7.71099442707212e-12,1.174589718065472e-15,False,True
28,48,0.9999999999984498,1.5502288929685198e-12,0.0,2.764367451073396e-15,7.747021625007129e-12,8.898406955041436e-16,False,True
41,46,0.9999999999984459,1.5540980892445499e-12,0.0,9.464025976303771e-15,7.75788625234728e-12,1.0322152067848092e-15,False,True
28,37,0.9999999999984428,1.5571475109039963e-12,0.0,1.0144434557173297e-14,7.772549802127077e-12,6.762789285831497e-16,False,True
37,43,0.999999999998441,1.5589660505649536e-12,0.0,2.8303118724982086e-14,7.758690540623885e-12,1.014418392874726e-15,False,True
47,56,0.99999999999844,1.5599693601551135e-12,0.0,1.1174858777188398e-14,7.78534432288678e-12,7.118725564033156e-16,False,True
29,51,0.9999999999984378,1.5621569811363402e-12,0.0,4.900152856509338e-15,7.804032376920733e-12,8.364502537738941e-16,False,True
38,52,0.9999999999984373,1.5627236899018558e-12,0.0,2.1944374186006605e-14,7.786081200893309e-12,1.42374511280663e-16,False,False
27,41,0.9999999999984341,1.5658972391768407e-12,0.0,7.787449051114357e-15,7.8181902141497e-12,2.0822272274797046e-15,False,False
32,55,0.9999999999984323,1.5677711078965867e-12,0.0,8.202336378949434e-15,7.827921890877186e-12,9.07637509414226e-16,False,False
24,56,0.9999999999984303,1.5697133042919434e-12,0.0,3.602440786254518e-15,7.843436132786569e-12,8.364502537738963e-16,False,True
43,56,0.9999999999984202,1.5798634981310396e-12,0.0,1.8082848577134802e-14,7.87593976852869e-12,1.0322152067848088e-15,False,True
41,59,0.999999999998417,1.5829491452603035e-12,0.0,5.693692165994864e-15,7.907281573222777e-12,4.627171616621542e-16,False,True
33,57,0.9999999999984126,1.587412003226225e-12,0.0,1.0551866927653505e-14,7.923683315925502e-12,2.491553947411602e-16,False,True
44,51,0.9999999999984102,1.5898847052832954e-12,0.0,7.64171699609154e-15,7.939350823364492e-12,6.940757424932329e-16,False,False
44,53,0.9999999999984093,1.5907167549228617e-12,0.0,4.334155924361898e-15,7.94751204679766e-12,8.720438815940622e-16,False,True
34,44,0.9999999999983972,1.602785696564767e-12,0.0,1.1500247745529976e-14,7.999259525712406e-12,3.915299060218231e-16,False,True
32,44,0.9999999999983941,1.6059533052113761e-12,0.0,8.103785041906865e-15,8.018755852465947e-12,1.1745897180654678e-15,False,True
26,35,0.9999999999983901,1.609974401322811e-12,0.0,2.6530779586332157e-15,8.046408835451005e-12,1.9576495301091155e-16,False,False
29,32,0.9999999999983873,1.6126949421812137e-12,0.0,4.438084810693985e-15,8.057513328969292e-12,5.517012312125686e-16,False,False
41,42,0.9999999999983759,1.6241426028859965e-12,0.0,7.434564453462998e-15,8.110992685329312e-12,5.694980451226525e-16,False,True
37,47,0.9999999999983726,1.6273223684400261e-12,0.0,1.421849364233803e-15,8.133686635997638e-12,1.5305259962671338e-15,False,True
24,52,0.9999999999983689,1.6310940962698838e-12,0.0,1.5372281205609178e-14,8.13585470152943e-12,5.339044173024859e-16,False,True
36,51,0.9999999999983666,1.6333549275190147e-12,0.0,1.209955089841038e-14,8.151316508711245e-12,4.449203477520721e-16,False,True
40,50,0.9999999999983658,1.634273022319993e-12,0.0,2.2825101053460703e-14,8.142700259178813e-12,1.779681391008287e-16,False,True
33,38,0.9999999999983624,1.6375883740667167e-12,0.0,3.801729035572994e-15,8.182976147272196e-12,2.847490225613259e-16,False,False
28,33,0.9999999999983543,1.6456398710828805e-12,0.0,6.31096646970305e-15,8.219629919195212e-12,9.07637509414228e-16,False,True
45,53,0.999999999998352,1.6479763532070844e-12,0.0,1.130159067296942e-14,8.224953921068257e-12,1.0678088346049707e-15,False,False
28,56,0.9999999999983461,1.6538748446179801e-12,0.0,3.8864132532082454e-15,8.26300792654451e-12,2.0110399718393712e-15,False,True
34,45,0.9999999999983386,1.6614410820321438e-12,0.0,4.038415113855177e-15,8.30111627765466e-12,1.3881514849864673e-15,False,False
21,23,0.9999999999983368,1.6631921958643162e-12,0.0,1.052452933759584e-14,8.302378194115743e-12,5.694980451226511e-16,False,True
21,25,0.9999999999983351,1.6648929746041532e-12,0.0,8.633235828551031e-15,8.313206161869938e-12,6.228884868529013e-16,False,True
48,53,0.9999999999983287,1.6713618943526602e-12,0.0,3.4872197217813212e-15,8.351355943055604e-12,1.4593387406268005e-15,False,False
29,53,0.9999999999983264,1.6736040649374032e-12,0.0,1.0431686547639091e-14,8.354433464474731e-12,7.296693703133967e-16,False,False
32,36,0.9999999999983183,1.6816054244351172e-12,0.0,1.1649355077266449e-14,8.392864785859537e-12,8.008566259537281e-16,False,False
35,49,0.999999999998313,1.6870211301319526e-12,0.0,1.447204878518691e-14,8.416214733052325e-12,1.0678088346049707e-15,False,False
21,46,0.9999999999983123,1.6876077620694818e-12,0.0,1.529879092781012e-14,8.418167855503422e-12,9.966215789646433e-16,False,True
48,57,0.999999999998304,1.6959504562240552e-12,0.0,1.1673868491043649e-14,8.464519260205708e-12,8.542470676839803e-16,False,True
26,54,0.9999999999983028,1.697161981429937e-12,0.0,1.863980875267622e-14,8.462016284622835e-12,6.584821146730658e-16,False,False
43,52,0.9999999999983027,1.6972881481191879e-12,0.0,4.304962168736719e-15,8.480845976118097e-12,2.847490225613259e-16,False,True
34,36,0.9999999999982935,1.70654684149257e-12,0.0,1.0796244768815009e-14,8.518891863630584e-12,4.627171616621551e-16,False,False
50,58,0.9999999999982929,1.707089600316413e-12,0.0,2.2879535417299766e-16,8.534574712530316e-12,7.830598120436474e-16,False,True
39,50,0.999999999998288,1.7119520074693005e-12,0.0,1.963847176334902e-15,8.55686475723181e-12,5.872948590327356e-16,False,True
34,48,0.9999999999982877,1.7123477882673692e-12,0.0,9.893032949024543e-15,8.54882539812283e-12,7.296693703133971e-16,False,False
21,27,0.9999999999982836,1.7164332904674447e-12,0.0,3.108797932763121e-15,8.576678741669362e-12,2.1356176692099367e-15,False,False
29,34,0.9999999999982804,1.7196393173911062e-12,0.0,3.2089903055693608e-15,8.59314423545983e-12,1.3881514849864616e-15,False,False
36,53,0.9999999999982802,1.7198849878740403e-12,0.0,1.8140378962017395e-14,8.576028694704321e-12,9.610279511444762e-16,False,False
54,56,0.9999999999982796,1.7204271117517159e-12,0.0,6.3770282943261445e-15,8.593777192688126e-12,5.161076033924038e-16,False,False
38,48,0.9999999999982738,1.7261832316382323e-12,0.0,1.7720509984817105e-15,8.628047061531863e-12,8.72043881594059e-16,False,False
32,45,0.9999999999982736,1.7263980343339356e-12,0.0,4.174971821576594e-15,8.626104076371079e-12,8.898406955041448e-16,False,False
50,59,0.9999999999982714,1.7286192811188852e-12,0.0,2.2774121404292197e-15,8.640182902366726e-12,8.898406955041438e-17,False,True
30,35,0.9999999999982679,1.7320119063139557e-12,0.0,7.764620887940048e-15,8.648631913714053e-12,2.295788994400701e-15,False,False
23,50,0.999999999998255,1.7450452294965338e-12,0.0,1.01095600473694e-15,8.72381562876199e-12,1.9576495301091165e-16,False,True
45,51,0.999999999998253,1.7470170021367855e-12,0.0,5.301241926406436e-15,8.727831120585589e-12,8.364502537738937e-16,False,True
31,51,0.9999999999982495,1.7504760647051775e-12,0.0,4.325951275081612e-15,8.746625846560788e-12,4.627171616621544e-16,False,True
31,32,0.9999999999982421,1.7579170105635e-12,0.0,3.6351457367016226e-15,8.78492099215273e-12,1.6017132519074593e-16,False,False
25,41,0.9999999999982371,1.7629030044947116e-12,0.0,2.3977697024225472e-15,8.81105064398039e-12,6.228884868529001e-16,False,True
69,71,0.9999999999982355,1.7644823250736242e-12,0.0,1.152258053882316e-16,8.822240897890521e-12,3.559362782016575e-17,False,True
23,41,0.9999999999982155,1.7844800654287454e-12,0.0,5.076648278827486e-15,8.915640740871783e-12,5.517012312125701e-16,False,True
37,54,0.9999999999982112,1.7887403180817672e-12,0.0,6.567030526342624e-15,8.934224779259814e-12,1.6906973214578796e-15,False,False
29,57,0.9999999999982035,1.796480417704994e-12,0.0,1.5231464820944477e-15,8.979777384458994e-12,9.610279511444738e-16,False,True
21,58,0.9999999999982034,1.7965686113757217e-12,0.0,9.623187037088696e-15,8.970520425652731e-12,3.915299060218236e-16,False,True
29,38,0.9999999999981856,1.8144456487452057e-12,0.0,1.0622230647011994e-14,9.058229684453904e-12,9.610279511444738e-16,False,False
35,56,0.999999999998168,1.8319628056505622e-12,0.0,1.1052977706791717e-14,9.145477249312452e-12,6.940757424932313e-16,False,False
31,50,0.999999999998156,1.843966045880948e-12,0.0,1.5638309301161016e-15,9.217501707649983e-12,4.983107894823199e-16,False,True
42,51,0.9999999999981545,1.8455028061086502e-12,0.0,1.4025568034891726e-14,9.209394775640603e-12,7.830598120436453e-16,False,True
21,39,0.9999999999981481,1.851800086030891e-12,0.0,1.094566043799546e-14,9.244570888422739e-12,9.966215789646395e-16,False,True
42,50,0.9999999999981481,1.851835019790605e-12,0.0,1.0821294669654247e-14,9.244901014431733e-12,9.966215789646393e-16,False,True
51,59,0.9999999999981449,1.8550554498314258e-12,0.0,2.1673764584824304e-15,9.27238116203797e-12,2.491553947411601e-16,False,True
42,53,0.9999999999981435,1.856468547251609e-12,0.0,1.9797209100494605e-14,9.257062320465123e-12,7.118725564033144e-16,False,False
49,54,0.9999999999981389,1.8610590570732465e-12,0.0,4.514902377205657e-15,9.299251229081748e-12,5.339044173024866e-16,False,False
31,53,0.9999999999981385,1.8615228821066515e-12,0.0,1.0080253837986764e-14,9.294853921910581e-12,2.1356176692099448e-16,False,False
27,56,0.9999999999981377,1.8622589935939026e-12,0.0,1.686526902653866e-14,9.287944287912804e-12,3.0254583647141034e-15,False,False
41,58,0.9999999999981297,1.870290754116239e-12,0.0,3.9265949044171324e-15,9.346238531910724e-12,4.0932671993190645e-16,False,True
26,47,0.9999999999981215,1.878510339092953e-12,0.0,2.3314256227192298e-14,9.362821580321742e-12,7.830598120436457e-16,False,True
32,42,0.9999999999981116,1.8883866247008788e-12,0.0,1.2740619375520936e-14,9.425767092297206e-12,3.203426503814919e-16,False,False
34,42,0.99999999999811,1.8900643347630817e-12,0.0,1.2807065936402027e-14,9.433311770612463e-12,1.334761043256219e-15,False,False
21,40,0.9999999999981077,1.892301378823312e-12,0.0,1.4869567330790295e-14,9.442519506640094e-12,5.339044173024858e-16,False,True
32,59,0.9999999999981061,1.8938903004381584e-12,0.0,2.6598983940836465e-15,9.465592724780883e-12,7.11872556403314e-16,False,False
46,56,0.9999999999980855,1.9145021175045287e-12,0.0,9.642830065635742e-16,9.57090480545146e-12,5.339044173024863e-16,False,True
46,49,0.9999999999980779,1.9221155020541178e-12,0.0,4.215354401547769e-15,9.604654284357458e-12,8.720438815940595e-16,False,True
52,54,0.9999999999980763,1.923691632044411e-12,0.0,2.517445142994298e-14,9.586095806035644e-12,1.192386531975555e-15,False,False
47,52,0.9999999999980742,1.9257513318804297e-12,0.0,2.9198514127327736e-14,9.591457660117035e-12,1.0678088346049703e-15,False,True
25,50,0.9999999999980671,1.9329518184672272e-12,0.0,2.0910596334054074e-15,9.661571320545778e-12,7.652629981335627e-16,False,True
30,54,0.9999999999980652,1.934767550189078e-12,0.0,1.0603589047435752e-14,9.659288546424137e-12,1.7262909492780453e-15,False,False
35,37,0.9999999999980591,1.940939564689673e-12,0.0,2.1354206488728688e-14,9.676376656864681e-12,2.1712112970301006e-15,False,False
26,46,0.9999999999980582,1.941726606868026e-12,0.0,1.2918304561072866e-14,9.691737687454564e-12,9.966215789646397e-16,False,True
24,44,0.9999999999980552,1.9447341026662053e-12,0.0,8.888263787390193e-15,9.7117860221917e-12,1.0322152067848054e-15,False,False
39,41,0.9999999999980496,1.9504525599723512e-12,0.0,5.9261151176159135e-15,9.744121037390946e-12,9.788247650545597e-16,False,True
24,33,0.9999999999980458,1.9542268706878797e-12,0.0,7.26823065778437e-15,9.761822155739813e-12,3.025458364714087e-16,False,True
31,34,0.9999999999980406,1.9594720800063854e-12,0.0,3.107449176591586e-15,9.792808708039558e-12,8.898406955041422e-16,False,False
33,43,0.9999999999980393,1.960668274727067e-12,0.0,2.18874596199035e-14,9.775728444512237e-12,3.3813946429157466e-16,False,True
30,46,0.9999999999980351,1.96490292798753e-12,0.0,4.587868561095996e-15,9.817298219478264e-12,1.9754463440192046e-15,False,False
53,59,0.9999999999980203,1.97973406570476e-12,0.0,7.022943510147744e-15,9.889411135160543e-12,6.406853007629829e-16,False,False
27,37,0.9999999999980199,1.9800924661624998e-12,0.0,2.6921058308197024e-14,9.865916718028271e-12,1.1923865319755549e-15,False,False
40,41,0.9999999999980187,1.981330003708806e-12,0.0,1.9681853422916736e-14,9.88166062106284e-12,5.161076033924038e-16,False,True
38,44,0.9999999999980185,1.981509649731752e-12,0.0,2.7371864385588746e-15,9.903779727739315e-12,4.627171616621546e-16,False,True
21,28,0.9999999999980116,1.9883945927696712e-12,0.0,1.5726380902020504e-14,9.921514131094877e-12,1.0678088346049707e-15,False,True
23,53,0.9999999999980093,1.9907628823928103e-12,0.0,8.455840475043654e-15,9.942737402173808e-12,6.762789285831501e-16,False,False
33,47,0.9999999999980062,1.9938325852884455e-12,0.0,9.297948932683294e-15,9.956886457365179e-12,8.720438815940629e-16,False,True
23,51,0.9999999999980042,1.995876419908582e-12,0.0,2.4150124114360804e-15,9.976123077040829e-12,3.203426503814919e-16,False,True
25,53,0.9999999999980024,1.997582797138122e-12,0.0,1.0343895270451674e-14,9.974490255016538e-12,6.584821146730658e-16,False,False
34,59,0.9999999999979992,2.0008663374011483e-12,0.0,2.1611085094150687e-15,1.0001403391991619e-11,3.0254583647140906e-16,False,False
43,44,0.9999999999979933,2.0067476522099006e-12,0.0,2.1941351782654535e-14,1.0005724276462152e-11,7.830598120436457e-16,False,False
25,51,0.9999999999979879,2.0120373819421073e-12,0.0,4.757416627989904e-15,1.005377297256041e-11,6.228884868529002e-16,False,True
44,57,0.9999999999979848,2.015148198460816e-12,0.0,1.3170574844086001e-14,1.005890404065686e-11,4.98310789482321e-16,False,False
27,33,0.9999999999979668,2.0331619712118974e-12,0.0,2.0718050180385365e-14,1.0138470751407287e-11,1.922055902288957e-15,False,False
31,57,0.9999999999979587,2.041300165845832e-12,0.0,2.4108899028749066e-15,1.020308678853759e-11,5.3390441730248555e-16,False,True
23,34,0.9999999999979571,2.042906487068634e-12,0.0,4.0562873405617265e-15,1.020926186201098e-11,2.6695220865124307e-16,False,False
25,34,0.9999999999979565,2.0434546482961093e-12,0.0,3.107705922700448e-15,1.0212521014399054e-11,1.1567929041553852e-15,False,False
23,32,0.9999999999979553,2.044707589513925e-12,0.0,1.3430389055341768e-15,1.0221271854078673e-11,7.830598120436477e-16,False,False
31,38,0.9999999999979476,2.0523694221339587e-12,0.0,1.0476364803973079e-14,1.024835122635185e-11,5.3390441730248555e-16,False,False
28,41,0.9999999999979473,2.0526514624330854e-12,0.0,1.1660228031603337e-14,1.0247881170499969e-11,1.0678088346049745e-15,False,True
25,32,0.9999999999979314,2.068524875838215e-12,0.0,4.3088416878560335e-15,1.0336837898768277e-11,5.339044173024861e-16,False,False
41,55,0.9999999999979305,2.0694564246323044e-12,0.0,2.428733294661028e-15,1.0343538783190269e-11,9.432311372343924e-16,False,True
26,27,0.9999999999979301,2.0699343686561883e-12,0.0,4.766350893578194e-15,1.0341124468240051e-11,3.4525818985560578e-15,False,False
37,46,0.9999999999979214,2.078592488075698e-12,0.0,1.0669039869165394e-14,1.0378291379498777e-11,1.7796813910082927e-15,False,True
47,49,0.9999999999979184,2.081573639883112e-12,0.0,7.48983941442582e-15,1.039821225271801e-11,3.91529906021823e-16,False,True
27,49,0.9999999999979168,2.0831838124323632e-12,0.0,2.0550288389300904e-14,1.0388496012318955e-11,2.313585808310784e-15,False,False
36,41,0.9999999999979127,2.087348775501454e-12,0.0,5.723761892259706e-15,1.0428948489841182e-11,8.54247067683979e-16,False,True
33,54,0.9999999999979111,2.088830795674642e-12,0.0,8.000169447171623e-15,1.043344634321132e-11,9.432311372343942e-16,False,False
21,55,0.9999999999978887,2.111275890603153e-12,0.0,4.360488415542799e-15,1.0550194723922546e-11,9.788247650545581e-16,False,True
30,47,0.9999999999978856,2.1143744452620897e-12,0.0,1.4793459127423416e-14,1.0552112379410075e-11,1.6906973214578796e-15,False,False
35,52,0.999999999997884,2.115991779131313e-12,0.0,9.26867926999014e-15,1.0567091675967553e-11,1.708494135367951e-15,False,False
27,30,0.9999999999978747,2.1253183327718444e-12,0.0,1.3290993390364942e-14,1.0609137022664014e-11,1.1211992763352229e-15,False,False
24,29,0.9999999999978657,2.134295565655244e-12,0.0,3.8470480115797496e-15,1.0666335328000931e-11,4.449203477520724e-16,False,True
47,48,0.9999999999978635,2.136537793107247e-12,0.0,8.813930112698928e-15,1.0670216663358212e-11,1.9398527161990245e-15,False,True
26,43,0.9999999999978607,2.1392498240760406e-12,0.0,5.777081778555421e-15,1.0687866526049375e-11,1.5483228101772065e-15,False,True
51,58,0.9999999999978539,2.1460843749843476e-12,0.0,3.2733117968876783e-15,1.0725863068810487e-11,6.228884868529013e-16,False,True
53,58,0.9999999999978506,2.1493871759547183e-12,0.0,9.176645205669185e-15,1.0735118035395258e-11,4.627171616621552e-16,False,False
33,46,0.9999999999978432,2.1568502646191885e-12,0.0,4.504554143765279e-15,1.0777726340517255e-11,1.1923865319755547e-15,False,True
24,26,0.9999999999978426,2.1573823257035655e-12,0.0,9.031050663105773e-15,1.0774648439627367e-11,1.299167415436053e-15,False,True
21,36,0.9999999999978412,2.1588145425737885e-12,0.0,2.961903709401703e-15,1.0789702952710561e-11,8.898406955041428e-16,False,True
32,58,0.9999999999978392,2.160876968139654e-12,0.0,2.3395409214258937e-15,1.0801300243221297e-11,2.1356176692099458e-16,False,False
27,48,0.9999999999978383,2.1617099987063397e-12,0.0,1.943304635664672e-14,1.078359130506426e-11,8.89840695504145e-16,False,False
57,59,0.9999999999978371,2.1629749083984217e-12,0.0,3.4265700402845957e-15,1.0810497896168725e-11,1.2457769737058014e-16,False,True
34,58,0.9999999999978362,2.1638379425936783e-12,0.0,3.3943882076272356e-15,1.0814039090199443e-11,1.2101833458856378e-15,False,False
29,43,0.999999999997817,2.1830331551859015e-12,0.0,1.1034283837891154e-14,1.0900852364325274e-11,6.940757424932312e-16,False,True
24,48,0.9999999999978167,2.1832830487231632e-12,0.0,7.450657053096038e-15,1.0906100851517005e-11,1.3347610432562114e-15,False,True
24,42,0.9999999999978132,2.1868246205378372e-12,0.0,1.33564742142898e-14,1.0917080472050075e-11,4.627171616621552e-16,False,True
39,53,0.9999999999978132,2.18684754097494e-12,0.0,7.916510137147425e-15,1.0923581253408608e-11,1.0144183928747256e-15,False,False
43,48,0.99999999999781,2.190064121808795e-12,0.0,2.0923051618883702e-14,1.0923312547452685e-11,1.1389960902453003e-15,False,True
24,25,0.9999999999978088,2.191295458974186e-12,0.0,3.745763628710841e-15,1.0951541485736821e-11,3.3813946429157486e-16,False,True
33,35,0.9999999999978079,2.1921113079759343e-12,0.0,1.4938547383649457e-14,1.0940748808763341e-11,1.512729182357049e-15,False,False
44,50,0.9999999999977934,2.2065417812372555e-12,0.0,1.030807399067584e-14,1.1019436732995387e-11,5.161076033924039e-16,False,False
38,59,0.9999999999977897,2.210348105409578e-12,0.0,7.464467916838013e-15,1.1042369899320545e-11,5.3390441730248625e-17,False,False
39,51,0.9999999999977889,2.211139275242343e-12,0.0,1.9643315016622363e-15,1.1052667014586036e-11,7.652629981335646e-16,False,True
27,52,0.9999999999977813,2.218685300420976e-12,0.0,3.6905105337477945e-15,1.1087572036167469e-11,1.6551036936377127e-15,False,False
55,56,0.9999999999977761,2.223930798975167e-12,0.0,1.150655327008589e-14,1.110455003232487e-11,9.610279511444772e-16,False,True
29,47,0.9999999999977752,2.224830575014061e-12,0.0,1.8267748230493184e-14,1.1100664156870992e-11,8.720438815940613e-16,False,True
32,39,0.9999999999977749,2.225131050007319e-12,0.0,7.898912857543966e-16,1.1123733553199122e-11,1.2457769737057988e-15,False,False
27,29,0.9999999999977748,2.2252262177039746e-12,0.0,9.78715447792083e-15,1.1111921699078452e-11,2.6339284586922766e-15,False,False
23,24,0.9999999999977736,2.2264346063116894e-12,0.0,1.8577088333026417e-15,1.1129316991099515e-11,7.118725564033159e-16,False,True
42,43,0.9999999999977702,2.229756767846449e-12,0.0,1.3584882866063113e-15,1.1146578519677548e-11,6.762789285831485e-16,False,True
41,45,0.9999999999977583,2.2416775309936816e-12,0.0,3.0013258605071513e-15,1.120394192190028e-11,9.254343233243113e-16,False,True
24,31,0.9999999999977576,2.2424346905321768e-12,0.0,3.656857454479576e-15,1.1207402166686295e-11,2.669522086512431e-16,False,True
40,51,0.9999999999977547,2.2452685255290258e-12,0.0,2.60576424290663e-14,1.1193663793725335e-11,1.42374511280663e-16,False,True
21,45,0.9999999999977538,2.246203232540849e-12,0.0,7.924150207702315e-15,1.1220390203981259e-11,9.61027951144477e-16,False,True
25,43,0.999999999997752,2.2480006067137594e-12,0.0,1.1092525305704431e-14,1.122575029623412e-11,5.161076033924028e-16,False,True
42,57,0.9999999999977414,2.2586587862286308e-12,0.0,1.007283794442081e-14,1.1279955417528402e-11,9.966215789646393e-16,False,True
44,47,0.9999999999977395,2.260541472052042e-12,0.0,7.132647720395177e-15,1.129261696089165e-11,1.5661196240872976e-15,False,False
26,57,0.9999999999977359,2.264115568511618e-12,0.0,5.747414393236649e-15,1.1312005423081556e-11,1.8508686466486135e-15,False,True
40,53,0.9999999999977349,2.265027148110784e-12,0.0,3.209847049267254e-14,1.1284465400410344e-11,7.296693703133984e-16,False,False
24,39,0.9999999999977349,2.2650894413693716e-12,0.0,1.9098549949275853e-15,1.1322232336256378e-11,1.1034024624251366e-15,False,True
38,42,0.9999999999977345,2.265507475930551e-12,0.0,2.0175981563782578e-14,1.1301569936513801e-11,9.966215789646429e-16,False,False
23,43,0.9999999999977315,2.2684979948937546e-12,0.0,1.2956832603386168e-14,1.1325960243453725e-11,4.449203477520725e-16,False,True
26,38,0.9999999999977293,2.270723532805181e-12,0.0,1.5850558012598788e-14,1.133241631502517e-11,1.8508686466486135e-15,False,False
39,43,0.9999999999977255,2.274475764181631e-12,0.0,1.3377963703785757e-14,1.1355002333367226e-11,8.720438815940621e-16,False,True
34,39,0.9999999999977253,2.274691522192523e-12,0.0,4.9747347493916614e-15,1.1366998935538088e-11,3.2034265038149167e-16,False,False
24,59,0.9999999999977228,2.2771869754770613e-12,0.0,1.0252091961824138e-15,1.1384212894745803e-11,5.872948590327344e-16,False,True
32,40,0.9999999999977208,2.2792206637013244e-12,0.0,2.497185164128108e-14,1.1364514770862907e-11,4.983107894823199e-16,False,False
34,40,0.9999999999977172,2.282801200799022e-12,0.0,2.4767829405152944e-14,1.1382645788925692e-11,5.339044173024867e-16,False,False
31,43,0.9999999999977086,2.29139212433074e-12,0.0,1.1075443549114998e-14,1.1442942798281681e-11,2.313585808310773e-16,False,True
46,48,0.9999999999977082,2.2918555627282495e-12,0.0,3.480499463827638e-15,1.1453258738007392e-11,2.2246017387603524e-15,False,True
43,59,0.9999999999977052,2.2948425999804395e-12,0.0,1.4361461557913517e-14,1.1455994220746155e-11,3.5593627820165717e-16,False,True
24,58,0.9999999999977052,2.2948541329326488e-12,0.0,2.6189928809726938e-15,1.1470783361795106e-11,2.847490225613261e-16,False,True
25,38,0.9999999999976996,2.3004200991137976e-12,0.0,1.0520946264143093e-14,1.1488348670269342e-11,8.008566259537285e-16,False,False
28,51,0.9999999999976994,2.3005874717610804e-12,0.0,5.002053286364045e-15,1.1496044106896683e-11,8.542470676839791e-16,False,True
48,54,0.9999999999976832,2.3168122279004003e-12,0.0,3.0350726161073924e-15,1.1578785713973853e-11,1.9754463440192085e-15,False,False
37,55,0.9999999999976821,2.3178946734000184e-12,0.0,2.151032704365014e-14,1.1561931425284333e-11,8.720438815940621e-16,False,True
43,58,0.9999999999976774,2.3225388633650767e-12,0.0,1.208247651424203e-14,1.1597204140480037e-11,5.161076033924038e-16,False,True
25,57,0.9999999999976712,2.3288351488093733e-12,0.0,1.6105351286944918e-15,1.164160197549783e-11,7.474661842234799e-16,False,True
46,52,0.9999999999976642,2.3357466180223758e-12,0.0,1.9409904323284452e-14,1.1653469638925329e-11,1.3347610432562127e-15,False,True
28,53,0.9999999999976423,2.3576890273760105e-12,0.0,4.165306538681435e-15,1.1782477689912044e-11,1.0144183928747258e-15,False,False
44,54,0.9999999999976352,2.3647515871237194e-12,0.0,1.4882401844028724e-15,1.1820629612397e-11,1.690697321457878e-15,False,True
28,32,0.9999999999976338,2.3661763231354127e-12,0.0,5.523220950927683e-15,1.1822989866316393e-11,1.3169642293461355e-15,False,False
29,46,0.9999999999976231,2.3769310633017334e-12,0.0,7.456112506898891e-15,1.1875014833224659e-11,4.271235338419893e-16,False,True
49,57,0.9999999999976221,2.3778533277964984e-12,0.0,1.0755580678018806e-14,1.187531495393853e-11,6.762789285831483e-16,False,True
23,57,0.999999999997614,2.3859315556452506e-12,0.0,4.045722194240166e-15,1.1924453801768695e-11,1.9576495301091165e-16,False,True
36,56,0.9999999999976095,2.3905785447694883e-12,0.0,1.480158186768418e-14,1.1933403023340824e-11,1.316964229346136e-15,False,True
28,34,0.9999999999976079,2.3921359523968794e-12,0.0,8.833597824439604e-15,1.1949357464884763e-11,3.7373309211174065e-16,False,False
26,53,0.9999999999975996,2.400461965508408e-12,0.0,1.5545660072746152e-14,1.1981729857953906e-11,1.5305259962671242e-15,False,False
23,38,0.9999999999975978,2.4022273031991045e-12,0.0,8.551932834646215e-15,1.2000313123847889e-11,1.779681391008288e-16,False,False
30,57,0.9999999999975827,2.4172557104351493e-12,0.0,3.8753625797502035e-15,1.208098053019635e-11,6.050916729428186e-16,False,False
24,40,0.9999999999975628,2.4372132475142186e-12,0.0,2.5500338850933187e-14,1.2153910514188342e-11,3.737330921117401e-16,False,True
43,49,0.9999999999975602,2.4398049882507894e-12,0.0,2.150191965552975e-14,1.2171827199034153e-11,4.271235338419893e-16,False,True
26,34,0.9999999999975585,2.4415269760608025e-12,0.0,8.48164238521795e-15,1.2195377723628852e-11,2.206804924850269e-15,False,False
24,49,0.9999999999975459,2.4541122194141127e-12,0.0,6.944353910170283e-15,1.2261680440526362e-11,2.6695220865124327e-16,False,True
29,54,0.9999999999975389,2.4611090126055532e-12,0.0,1.34422831838643e-14,1.2288194957020201e-11,7.296693703133984e-16,False,False
31,47,0.999999999997538,2.462056839406868e-12,0.0,1.7916315520840915e-14,1.2287421636268149e-11,6.228884868529014e-16,False,True
35,48,0.9999999999975369,2.463184562669946e-12,0.0,1.3974139382629776e-14,1.2296546430829586e-11,2.544944389141838e-15,False,False
38,58,0.9999999999975359,2.4641265609947356e-12,0.0,9.423725325779227e-15,1.2308239158236554e-11,8.186534398638133e-16,False,False
38,49,0.9999999999975293,2.470718039097859e-12,0.0,5.708740589239126e-16,1.2352329350887904e-11,7.29669370313399e-16,False,False
40,43,0.9999999999975189,2.481172034936269e-12,0.0,1.1827079146119048e-14,1.2390755983098314e-11,4.271235338419892e-16,False,True
42,47,0.9999999999975121,2.487946888566416e-12,0.0,2.7633270783347893e-14,1.2404979292585973e-11,2.847490225613261e-16,False,True
30,38,0.9999999999975022,2.497778687950409e-12,0.0,7.302200878074724e-15,1.2479325217510176e-11,5.872948590327358e-16,False,False
57,58,0.9999999999974996,2.5004636685882215e-12,0.0,3.3015826282112072e-15,1.2497630765017677e-11,7.474661842234818e-16,False,True
36,37,0.9999999999974971,2.502917414217792e-12,0.0,2.4852243953320386e-14,1.2483148033055197e-11,4.9831078948232015e-16,False,True
30,43,0.9999999999974786,2.521406553953032e-12,0.0,1.4713533124194534e-14,1.2588000168059152e-11,8.542470676839803e-16,False,False
45,56,0.9999999999974747,2.5252616657655635e-12,0.0,7.96279357863601e-15,1.2615941060931113e-11,5.517012312125697e-16,False,True
26,32,0.9999999999974718,2.528253528130638e-12,0.0,9.703075907913905e-15,1.2628244505869315e-11,1.1923865319755507e-15,False,False
38,39,0.9999999999974709,2.52911304908529e-12,0.0,8.101251924872425e-15,1.2635038252207381e-11,5.339044173024859e-16,False,False
50,52,0.9999999999974701,2.529883035938098e-12,0.0,1.3957598198345984e-14,1.263183470583823e-11,1.7796813910082878e-16,False,True
29,50,0.9999999999974701,2.529898358549601e-12,0.0,2.233795861924845e-15,1.2646005472178104e-11,9.254343233243083e-16,False,True
24,30,0.999999999997464,2.535964639130484e-12,0.0,9.244654917379523e-16,1.2677853409551361e-11,1.085605648515053e-15,False,False
26,51,0.9999999999974624,2.5376543032440847e-12,0.0,1.023901847716457e-14,1.2674231415353739e-11,1.655103693637703e-15,False,True
39,57,0.9999999999974588,2.5411451422917268e-12,0.0,4.949394698383015e-15,1.2699071801720516e-11,6.228884868529013e-16,False,True
42,54,0.9999999999974426,2.5573485668642318e-12,0.0,2.0997741809979862e-14,1.2760335485733493e-11,2.135617669209946e-16,False,False
37,45,0.9999999999974363,2.5636862955108046e-12,0.0,1.802053977492674e-14,1.2794811298779893e-11,1.459338740626799e-15,False,True
47,59,0.9999999999974338,2.5661541313049656e-12,0.0,1.4859005193002118e-14,1.2811302610134592e-11,1.19238653197555e-15,False,True
40,57,0.9999999999974157,2.5842930466935586e-12,0.0,2.210363053959062e-14,1.289370221918898e-11,1.779681391008287e-16,False,True
35,44,0.9999999999974133,2.5867633959349733e-12,0.0,1.5241150620303892e-14,1.2913083742484982e-11,2.242398552670434e-15,False,True
48,50,0.9999999999974132,2.5868499760038136e-12,0.0,8.839002201400449e-15,1.2922560441966553e-11,8.542470676839803e-16,False,True
29,35,0.999999999997412,2.5880838662890775e-12,0.0,4.044892284591967e-15,1.293469583556802e-11,8.89840695504146e-16,False,False
38,40,0.9999999999974117,2.5882927612862522e-12,0.0,3.2194562852274794e-14,1.2901087126761593e-11,1.779681391008288e-16,False,False
49,53,0.9999999999974072,2.5928081456752464e-12,0.0,1.1442946643757166e-15,1.2962316712616245e-11,3.915299060218231e-16,False,False
23,47,0.9999999999973994,2.6005558874260873e-12,0.0,1.6291902157898034e-14,1.2981453531481918e-11,1.2813706015259706e-15,False,True
52,55,0.9999999999973976,2.6023248834490406e-12,0.0,8.334725696990878e-15,1.3000725496148391e-11,6.406853007629842e-16,False,True
31,54,0.9999999999973923,2.607739680754888e-12,0.0,1.259630119481638e-14,1.3022432470474049e-11,6.940757424932329e-16,False,False
28,38,0.9999999999973886,2.611338241898228e-12,0.0,3.3205314608467476e-15,1.305207337879994e-11,6.228884868529013e-16,False,False
34,49,0.9999999999973808,2.619188781345594e-12,0.0,9.125732896507201e-15,1.3083682493539653e-11,1.1389960902453062e-15,False,False
28,57,0.9999999999973749,2.625127675421141e-12,0.0,1.053091113435868e-14,1.3111994224212185e-11,6.406853007629842e-16,False,True
32,49,0.9999999999973742,2.6257418584722382e-12,0.0,7.47284111982228e-15,1.3119301502909249e-11,8.898406955041439e-17,False,False
25,47,0.999999999997368,2.632014949459742e-12,0.0,1.8179956953305783e-14,1.3136722463416746e-11,8.364502537738962e-16,False,True
30,53,0.9999999999973677,2.632317945753855e-12,0.0,6.957397444569013e-15,1.3152078777727179e-11,1.0856056485150582e-15,False,False
8,10,0.9999999999973663,2.6336205953201964e-12,0.0,3.2076282346181905e-16,1.3167261551927378e-11,5.872948590327352e-16,False,True
10,17,0.999999999997366,2.634012576254387e-12,0.0,2.0061455320317922e-15,1.3167261551927378e-11,3.91529906021823e-16,False,True
8,19,0.9999999999973653,2.6347175930038402e-12,0.0,4.238917670812063e-15,1.3167261551927378e-11,1.3703546710763863e-15,False,True
17,19,0.9999999999973653,2.6347191364638026e-12,0.0,4.26644768735341e-15,1.3167261551927378e-11,1.3347610432562206e-15,False,True
27,31,0.9999999999973583,2.641675694404952e-12,0.0,1.0123812282886084e-14,1.3194095298198379e-11,2.17121129703012e-15,False,False
30,34,0.9999999999973581,2.6419351773218087e-12,0.0,2.4513623767802698e-15,1.3206304688598118e-11,4.093267199319064e-16,False,False
33,55,0.9999999999973472,2.65281119096288e-12,0.0,1.5359334423932696e-14,1.3244496401302805e-11,4.805139755722379e-16,False,True
30,32,0.999999999997345,2.655021822256523e-12,0.0,2.5591546896391878e-15,1.3271015878021583e-11,1.1923865319755563e-15,False,False
24,28,0.99999999999734,2.6599662833136057e-12,0.0,6.2486000776627335e-15,1.3291113028961535e-11,1.2101833458856335e-15,False,True
49,51,0.9999999999973398,2.6602418468171987e-12,0.0,6.3870503320369085e-15,1.329278495002667e-11,5.872948590327342e-16,False,True
28,43,0.9999999999973375,2.662523556743071e-12,0.0,1.8531750778665328e-14,1.3288732324278664e-11,9.610279511444766e-16,False,True
27,44,0.9999999999973115,2.688539220007045e-12,0.0,2.1059470184049786e-14,1.3415504167627046e-11,1.15679290415539e-15,False,True
30,51,0.9999999999973058,2.69423245188453e-12,0.0,2.0666327540379728e-15,1.3468031716452368e-11,7.296693703133991e-16,False,False
45,52,0.9999999999973053,2.694701067762603e-12,0.0,1.2920217996125671e-14,1.3456607600133633e-11,9.966215789646391e-16,False,True
23,54,0.999999999997305,2.6949680234168493e-12,0.0,1.0347237278704814e-14,1.3460918347313854e-11,1.3169642293461361e-15,False,False
54,59,0.9999999999972984,2.7016278741768402e-12,0.0,1.076585608619903e-14,1.3493747718046172e-11,1.2457769737057982e-15,False,False
37,50,0.99999999999729,2.7100981382424787e-12,0.0,1.6219069307499763e-14,1.3529696297771149e-11,6.940757424932331e-16,False,True
33,50,0.9999999999972761,2.7239310086821122e-12,0.0,9.816903308101497e-15,1.3607197047729377e-11,2.491553947411602e-16,False,True
35,42,0.999999999997254,2.7460533283025116e-12,0.0,5.851920153619283e-15,1.3722377794071934e-11,7.652629981335627e-16,False,False
33,36,0.9999999999972418,2.7582132962656807e-12,0.0,1.8654363021530928e-14,1.376744153251154e-11,4.09326719931906e-16,False,True
31,46,0.9999999999972417,2.758383874875082e-12,0.0,6.935178420966477e-15,1.3782542977996276e-11,9.432311372343946e-16,False,True
31,35,0.9999999999972395,2.7604581194331543e-12,0.0,4.013459271386084e-15,1.3796366135567124e-11,1.210183345885638e-15,False,False
47,58,0.9999999999972307,2.76933265274982e-12,0.0,1.7012706888523462e-14,1.3825036994656766e-11,4.805139755722372e-16,False,True
25,54,0.9999999999972212,2.7787306321116815e-12,0.0,1.3313040061026362e-14,1.3876477956064823e-11,7.118725564033159e-16,False,False
44,46,0.9999999999972141,2.7858539655472834e-12,0.0,5.287478815298632e-15,1.3921299022953172e-11,1.815275018828459e-15,False,False
36,52,0.9999999999972082,2.791747299023591e-12,0.0,4.840818686601331e-15,1.395225834822586e-11,5.69498045122652e-16,False,True
27,59,0.9999999999972058,2.7942120786219663e-12,0.0,1.3181122610725019e-14,1.395336935729706e-11,1.6195100658175462e-15,False,False
50,56,0.9999999999971951,2.8048797053093725e-12,0.0,6.052771582377022e-15,1.4015831491286448e-11,1.3347610432562185e-15,False,True
48,55,0.9999999999971932,2.8067368399492394e-12,0.0,1.443424013898849e-14,1.4014720414452612e-11,1.227980159795721e-15,False,True
29,55,0.9999999999971537,2.8462233296902355e-12,0.0,4.413663816780551e-15,1.4225172445146358e-11,5.694980451226513e-16,False,True
39,47,0.9999999999971396,2.86034712052712e-12,0.0,1.5752571820001887e-14,1.4280776864869504e-11,1.6906973214578782e-15,False,True
54,58,0.9999999999971378,2.8621202172459973e-12,0.0,1.1316753083233448e-14,1.4296108107004699e-11,4.627171616621544e-16,False,False
33,45,0.9999999999971281,2.8718976729221394e-12,0.0,1.1856054049527319e-14,1.4344067654579323e-11,8.008566259537305e-16,False,True
35,59,0.999999999997121,2.87899685065948e-12,0.0,7.412549321659011e-15,1.4384370457991638e-11,1.797478204918365e-15,False,False
36,48,0.9999999999971202,2.8797564100648475e-12,0.0,1.7928147149377614e-14,1.4375717833476319e-11,8.720438815940596e-16,False,True
40,47,0.9999999999971099,2.890125129191138e-12,0.0,3.993453217552458e-14,1.4399986709772924e-11,9.610279511444778e-16,False,True
28,47,0.9999999999970922,2.907824603990433e-12,0.0,1.100140116535082e-14,1.452408989789395e-11,1.7084941353679615e-15,False,True
23,35,0.9999999999970863,2.9136915271028688e-12,0.0,6.0770067765491874e-15,1.4559446530337805e-11,1.8864622744687912e-15,False,False
39,54,0.999999999997085,2.9149508567796845e-12,0.0,9.379571202419866e-15,1.456170840646257e-11,1.76188457709821e-15,False,False
82,84,0.9999999999970833,2.9167012015304265e-12,0.0,4.033842487603739e-17,1.4583402194179307e-11,7.11872556403315e-17,False,True
78,80,0.9999999999970833,2.9167054736471657e-12,0.0,8.965459261040958e-17,1.4583308519111604e-11,1.4237451128066298e-16,False,True
78,82,0.9999999999970833,2.916715456618593e-12,0.0,1.3706486720437355e-16,1.4583325866346364e-11,1.0678088346049725e-16,False,True
80,84,0.9999999999970833,2.9167157354590737e-12,0.0,8.309321979480054e-17,1.4583381377497595e-11,1.2457769737058019e-16,False,True
44,55,0.9999999999970617,2.9382937617266784e-12,0.0,1.6211669681085116e-14,1.467055018862084e-11,8.720438815940627e-16,False,False
4,17,0.9999999999970572,2.942713059284216e-12,0.0,1.48122646672938e-15,1.4711126468478636e-11,7.83059812043646e-16,False,True
13,17,0.9999999999970571,2.942826887314875e-12,0.0,2.1073880029004815e-15,1.4711126468478636e-11,4.983107894823199e-16,False,True
8,13,0.9999999999970571,2.9428413609874316e-12,0.0,2.0798579863591097e-15,1.4711126468478636e-11,6.406853007629842e-16,False,True
4,8,0.999999999997057,2.9429673301830277e-12,0.0,2.3915291785160487e-15,1.4711126468478636e-11,9.61027951144475e-16,False,True
46,59,0.9999999999970516,2.9483870765341608e-12,0.0,4.942209360791211e-15,1.4734676464524775e-11,1.44154192671671e-15,False,True
21,26,0.9999999999970367,2.963255242616612e-12,0.0,3.3177923014018234e-15,1.48110611638717e-11,1.4237451128066332e-15,False,True
29,36,0.9999999999970334,2.9665989699806928e-12,0.0,7.708692414379147e-15,1.482269160386386e-11,8.898406955041424e-16,False,True
27,42,0.9999999999970247,2.975331906470635e-12,0.0,1.3161798880611736e-15,1.4873025513538647e-11,2.651725272602361e-15,False,False
26,41,0.9999999999970196,2.9803809161228297e-12,0.0,3.625168445986399e-15,1.4896291963611627e-11,1.4415419267167096e-15,False,True
40,54,0.9999999999970111,2.988964369226567e-12,0.0,3.386551175938108e-14,1.4901729142638952e-11,1.0144183928747262e-15,False,False
25,35,0.999999999996973,3.0270032606781753e-12,0.0,4.116626858086736e-15,1.5129136401244477e-11,9.788247650545607e-16,False,False
25,27,0.9999999999969668,3.033288483497443e-12,0.0,9.860170850421178e-15,1.5152328624126223e-11,2.3847730639510968e-15,False,False
21,49,0.9999999999969645,3.0354791639893894e-12,0.0,1.9042630178376707e-14,1.5153365622846623e-11,3.0254583647140896e-16,False,True
44,45,0.9999999999969618,3.038265230934185e-12,0.0,1.2072470163836547e-14,1.5175127715300225e-11,1.4771355545368828e-15,False,False
41,49,0.9999999999969275,3.0724999749954094e-12,0.0,1.2807164052248794e-14,1.5346237315313517e-11,3.381394642915748e-16,False,True
35,58,0.9999999999969262,3.073711791289038e-12,0.0,5.066098749580008e-15,1.5361478866823992e-11,9.966215789646393e-16,False,False
42,46,0.999999999996925,3.0749649399236304e-12,0.0,1.641436702304423e-14,1.5353585969875988e-11,9.610279511444762e-16,False,True
21,30,0.9999999999968993,3.100795656565094e-12,0.0,1.2281229858404209e-14,1.5487905974539105e-11,9.610279511444726e-16,False,False
28,54,0.9999999999968886,3.1113869863797418e-12,0.0,3.868450044175554e-15,1.5550711217858504e-11,1.850868646648625e-15,False,False
30,41,0.9999999999968708,3.1291619900473692e-12,0.0,6.045763732275904e-15,1.5637545322218574e-11,9.43231137234395e-16,False,False
23,27,0.9999999999968676,3.1324304586352103e-12,0.0,1.1748225645829096e-14,1.5646292421400698e-11,1.566119624087289e-15,False,False
45,48,0.9999999999968673,3.1327158166819033e-12,0.0,1.0566598145392192e-14,1.5649022727074087e-11,1.7974782049183656e-15,False,True
31,55,0.9999999999968603,3.1397162053693434e-12,0.0,4.765096526432907e-15,1.5691903885225317e-11,9.61027951144475e-16,False,True
35,39,0.9999999999968504,3.149605487027205e-12,0.0,6.926473615337607e-15,1.5737660848981483e-11,2.2779921804905995e-15,False,False
55,59,0.9999999999968467,3.153253020781269e-12,0.0,7.849393065634955e-15,1.575609297709262e-11,4.80513975572237e-16,False,True
21,50,0.9999999999968464,3.1536417604140913e-12,0.0,9.651746151694083e-15,1.5755770386288726e-11,4.9831078948232e-16,False,True
41,50,0.9999999999968442,3.1558459778787313e-12,0.0,4.065692274090592e-15,1.5773800736179795e-11,4.627171616621544e-16,False,True
25,46,0.999999999996827,3.172978152748083e-12,0.0,7.356419193435088e-15,1.585522807338348e-11,6.228884868529014e-16,False,True
36,44,0.9999999999968237,3.176295363558135e-12,0.0,1.9645195273720305e-14,1.585647985255425e-11,5.87294859032734e-16,False,False
27,58,0.9999999999968101,3.1898972933367795e-12,0.0,1.1027420915203627e-14,1.5933900263131497e-11,2.4025698778611984e-15,False,False
27,40,0.9999999999967841,3.2158812147002836e-12,0.0,1.2157182374779539e-14,1.606283479165839e-11,1.8330718327385414e-15,False,False
35,40,0.9999999999967767,3.223364619312051e-12,0.0,1.8153181545799123e-14,1.6092943682299507e-11,1.5839164379973708e-15,False,False
23,46,0.9999999999967676,3.2323874723935877e-12,0.0,4.895699541348143e-15,1.6154643147823187e-11,1.5661196240872964e-15,False,True
42,55,0.999999999996766,3.2339486649315503e-12,0.0,5.530036933503096e-15,1.6162110007527514e-11,9.610279511444736e-16,False,True
29,45,0.9999999999967657,3.234327712417194e-12,0.0,2.077411513931635e-15,1.6168801540705768e-11,3.203426503814918e-16,False,True
31,36,0.9999999999967631,3.2368821451734583e-12,0.0,8.101576969682004e-15,1.617361637413356e-11,8.898406955041426e-16,False,True
10,13,0.9999999999967393,3.2607422712128697e-12,0.0,1.944493938858218e-15,1.6301107219705152e-11,2.3135858083107747e-16,False,True
4,10,0.9999999999967392,3.26083033473317e-12,0.0,2.200645224943588e-15,1.6301107219705152e-11,3.915299060218233e-16,False,True
13,19,0.999999999996739,3.260926397097406e-12,0.0,2.296586296546269e-15,1.6301107219705152e-11,8.720438815940627e-16,False,True
4,19,0.9999999999967388,3.261159310399247e-12,0.0,3.110780532102559e-15,1.6301107219705152e-11,1.0678088346049747e-15,False,True
27,39,0.9999999999967382,3.2618480391515816e-12,0.0,1.2688257158347006e-14,1.6292552322463155e-11,1.1034024624251407e-15,False,False
42,45,0.999999999996721,3.2789891896947346e-12,0.0,9.093698725662507e-15,1.6382844706492802e-11,9.788247650545581e-16,False,True
25,55,0.9999999999967184,3.2816476056390204e-12,0.0,4.5014550939679756e-15,1.640233090950856e-11,3.7373309211174006e-16,False,True
26,56,0.9999999999967004,3.2996362473906536e-12,0.0,1.2496615335332917e-14,1.6482173387081557e-11,5.161076033924027e-16,False,True
70,71,0.9999999999966879,3.312098626862972e-12,0.0,4.000112640078726e-17,1.6560429785296427e-11,1.7796813910082876e-17,False,True
46,58,0.9999999999966723,3.3276748428608215e-12,0.0,5.675603890721977e-15,1.6630799195465132e-11,6.406853007629825e-16,False,True
36,59,0.9999999999966656,3.3344164798758987e-12,0.0,1.111743545187046e-14,1.665789195763514e-11,3.915299060218231e-16,False,True
27,28,0.9999999999966591,3.3409214885434454e-12,0.0,1.839282026295982e-14,1.668085560359387e-11,1.0144183928747262e-15,False,False
23,55,0.9999999999966582,3.341717926781097e-12,0.0,6.899776790459808e-15,1.6699537789383566e-11,5.694980451226528e-16,False,True
28,35,0.9999999999966567,3.3433718765875914e-12,0.0,1.2660586529324962e-14,1.669925841758877e-11,2.366976250041032e-15,False,False
26,37,0.9999999999966533,3.3466325063819602e-12,0.0,2.2714940425968546e-14,1.670306036224197e-11,2.2779921804905983e-15,False,True
23,45,0.9999999999966238,3.3761952349258876e-12,0.0,2.94020193769635e-15,1.6876419979918768e-11,1.1745897180654721e-15,False,True
49,56,0.9999999999966116,3.388439055594364e-12,0.0,3.685019362762847e-15,1.6937068446961495e-11,6.940757424932332e-16,False,True
40,46,0.999999999996603,3.3969988139631277e-12,0.0,2.8479229940229336e-14,1.6948447352049638e-11,1.2635737876158865e-15,False,True
39,46,0.9999999999966007,3.399302540499112e-12,0.0,4.474568440948466e-15,1.698945125479679e-11,1.9576495301091226e-15,False,True
50,51,0.9999999999965674,3.432540179056107e-12,0.0,3.232541375606389e-15,1.71585267424567e-11,1.779681391008288e-16,False,True
31,45,0.999999999996565,3.4350725147532118e-12,0.0,1.4100098644516433e-15,1.7172892638082568e-11,9.43231137234394e-16,False,True
30,56,0.9999999999965646,3.435315399342717e-12,0.0,4.2265607531099e-15,1.7169878949066346e-11,1.886462274468791e-15,False,False
55,58,0.9999999999965612,3.4388318193133926e-12,0.0,5.889781668886666e-15,1.718626296506355e-11,7.118725564033159e-16,False,True
26,52,0.9999999999965565,3.4434225931314656e-12,0.0,6.615601311357114e-15,1.720748200775401e-11,1.815275018828448e-15,False,True
36,42,0.9999999999965481,3.451866464867386e-12,0.0,2.188120023831991e-15,1.7255889750954212e-11,9.43231137234395e-16,False,True
32,50,0.9999999999965414,3.4585642674409293e-12,0.0,2.2987406885395797e-15,1.7289467397368398e-11,6.406853007629828e-16,False,False
28,46,0.9999999999965207,3.479370483135407e-12,0.0,3.1276971132580863e-15,1.7391461209527448e-11,1.9754463440192053e-15,False,True
37,49,0.99999999999652,3.479948194927476e-12,0.0,7.393397133232744e-15,1.7389644981153154e-11,1.1389960902453076e-15,False,True
12,18,0.9999999999965068,3.4932324564899135e-12,0.0,1.0309017362200836e-15,1.7464473226966315e-11,5.339044173024869e-16,False,True
3,9,0.9999999999965066,3.4934812214977303e-12,0.0,1.5881601452994628e-15,1.7464473226966315e-11,1.2635737876158804e-15,False,True
9,12,0.9999999999965062,3.4937912974423593e-12,0.0,2.9779571606599244e-15,1.7464473226966315e-11,1.014418392874726e-15,False,True
3,18,0.9999999999965059,3.4940534886358503e-12,0.0,4.44316738012018e-15,1.7464473226966315e-11,3.2034265038149186e-16,False,True
39,55,0.9999999999965055,3.4945867845400555e-12,0.0,7.867442866744781e-15,1.746239219576392e-11,9.432311372343942e-16,False,True
25,45,0.9999999999965017,3.498345028077581e-12,0.0,1.976529761650107e-15,1.748898752597719e-11,3.559362782016578e-16,False,True
40,55,0.9999999999964896,3.5103759122481145e-12,0.0,1.7459968793875102e-14,1.7529747605208278e-11,4.093267199319064e-16,False,True
45,58,0.9999999999964868,3.5131877000063466e-12,0.0,2.1249454673003697e-15,1.756273506616987e-11,7.296693703133975e-16,False,True
30,37,0.9999999999964719,3.528043070124868e-12,0.0,1.4058400656222929e-14,1.7622455483258005e-11,2.491553947411603e-16,False,False
50,53,0.9999999999964703,3.529742289679718e-12,0.0,9.273369439213912e-15,1.7636665917844865e-11,6.050916729428183e-16,False,False
34,50,0.9999999999964467,3.553227362697688e-12,0.0,3.457420896605662e-15,1.77614946947173e-11,4.271235338419892e-16,False,False
25,36,0.9999999999964357,3.5642914964142645e-12,0.0,7.796483691566565e-15,1.781116462542913e-11,7.296693703133971e-16,False,True
45,59,0.9999999999964329,3.567107469134068e-12,0.0,4.359605796910776e-15,1.7829273634187813e-11,1.0856056485150535e-15,False,True
23,36,0.9999999999964309,3.5691120194916325e-12,0.0,1.0319809277413909e-14,1.783238003604231e-11,3.7373309211174056e-16,False,True
28,55,0.9999999999964188,3.5812071807188576e-12,0.0,1.3572005971357933e-14,1.7888310082335435e-11,1.014418392874726e-15,False,True
39,45,0.9999999999963876,3.61248253704045e-12,0.0,3.4795322755926017e-15,1.8056888680139695e-11,1.5661196240872976e-15,False,True
69,70,0.9999999999963598,3.6402489283491636e-12,0.0,1.2192024105026414e-16,1.8201065546223638e-11,3.559362782016575e-17,False,True
26,33,0.9999999999963581,3.641880402552964e-12,0.0,1.6299281320889596e-14,1.818783997378521e-11,1.5839164379973716e-15,False,True
24,50,0.9999999999963188,3.681142862781183e-12,0.0,2.6752377974729646e-15,1.8401996533566958e-11,4.983107894823201e-16,False,True
49,52,0.9999999999963161,3.683986616692293e-12,0.0,2.1791578404204885e-14,1.8392186401259766e-11,6.762789285831484e-16,False,True
43,50,0.9999999999963046,3.695386057678005e-12,0.0,1.2084049417484446e-14,1.8461531579188652e-11,3.91529906021823e-16,False,True
36,58,0.9999999999962842,3.715848014447829e-12,0.0,9.336800367203778e-15,1.8567008472141974e-11,7.474661842234822e-16,False,True
38,50,0.9999999999962835,3.716518767757406e-12,0.0,9.369461798816459e-15,1.8570855316317643e-11,3.5593627820165765e-17,False,False
30,52,0.9999999999962625,3.7374375811208074e-12,0.0,1.497045992468554e-14,1.866800766433304e-11,6.228884868529018e-16,False,False
36,39,0.9999999999962571,3.742941521932881e-12,0.0,1.1287475353698846e-14,1.8700144446717575e-11,6.050916729428169e-16,False,True
50,57,0.9999999999962348,3.765225752674708e-12,0.0,3.391601528552601e-15,1.8821862566241986e-11,3.559362782016575e-17,False,True
36,40,0.9999999999962308,3.7692206527352774e-12,0.0,1.4104558778523056e-14,1.8828232308215447e-11,3.2034265038149186e-16,False,True
33,49,0.9999999999962269,3.7731203897578054e-12,0.0,3.4852670699660834e-15,1.8860871631859455e-11,4.983107894823212e-16,False,True
40,45,0.9999999999962159,3.7841341117825964e-12,0.0,2.1478304183381512e-14,1.8893168645772555e-11,8.720438815940622e-16,False,True
26,44,0.9999999999962091,3.790862029149773e-12,0.0,1.780686094981983e-14,1.8930316380205356e-11,2.3135858083107658e-15,False,False
28,36,0.9999999999961566,3.843321831459305e-12,0.0,1.6992038458311757e-14,1.91948619000272e-11,6.762789285831503e-16,False,True
30,33,0.9999999999961493,3.8507137176825575e-12,0.0,7.471381504082473e-15,1.924364206667365e-11,7.830598120436477e-16,False,False
28,45,0.9999999999961021,3.897916159802497e-12,0.0,9.087374407021501e-15,1.9477006948454348e-11,1.6195100658175462e-15,False,True
26,48,0.9999999999960779,3.92206799751573e-12,0.0,1.6398804024899993e-14,1.9587852688593074e-11,2.6517252726023352e-15,False,True
26,29,0.9999999999959996,4.0003363566646485e-12,0.0,5.51616447690039e-15,1.9994145892426353e-11,8.542470676839762e-16,False,True
48,49,0.9999999999959885,4.011493951032591e-12,0.0,2.3429250574056184e-15,2.0053393204343996e-11,1.5305259962671332e-15,False,True
12,14,0.9999999999959621,4.037826724759538e-12,0.0,1.8322673915119692e-15,2.018642951363489e-11,5.517012312125698e-16,False,True
5,12,0.9999999999959621,4.037855744713799e-12,0.0,1.852244413442617e-15,2.018642951363489e-11,7.118725564033139e-16,False,True
3,14,0.9999999999959617,4.0383243287907856e-12,0.0,3.961498665003276e-15,2.018642951363489e-11,3.203426503814919e-16,False,True
3,5,0.9999999999959613,4.038706393826889e-12,0.0,5.382977925954882e-15,2.018642951363489e-11,4.983107894823208e-16,False,True
26,42,0.9999999999959445,4.0555210995319486e-12,0.0,4.433368396636223e-15,2.0271409754252755e-11,8.720438815940598e-16,False,True
47,50,0.9999999999959263,4.07372106196363e-12,0.0,1.7109431122068195e-14,2.0346404316679174e-11,1.0856056485150529e-15,False,True
30,48,0.9999999999959207,4.079294285419589e-12,0.0,7.798505911293784e-15,2.0386442994889745e-11,3.737330921117401e-16,False,False
44,49,0.9999999999959099,4.090054312375925e-12,0.0,3.1898612599862146e-15,2.0445416640626525e-11,1.1567929041553892e-15,False,False
30,44,0.9999999999959036,4.096433129974133e-12,0.0,9.59523087072e-15,2.046966440208582e-11,6.762789285831495e-16,False,False
23,26,0.9999999999958654,4.134564444119279e-12,0.0,8.598392392004186e-15,2.066056595012751e-11,2.0110399718393716e-15,False,True
29,49,0.9999999999958614,4.13859010381544e-12,0.0,1.0777908816068258e-14,2.0679010966691974e-11,6.228884868529002e-16,False,True
26,31,0.9999999999957997,4.2002784974167544e-12,0.0,6.141804694647894e-15,2.099272750804345e-11,1.31696422934613e-15,False,True
29,30,0.9999999999957965,4.203574332019909e-12,0.0,3.719728603348204e-15,2.1012060757237723e-11,1.5483228101772061e-15,False,False
50,54,0.9999999999957719,4.2280736503833666e-12,0.0,1.130293906171011e-14,2.112534528819071e-11,1.1923865319755555e-15,False,False
12,15,0.9999999999957656,4.234411658299318e-12,0.0,1.8611786474959463e-15,2.1169491561199433e-11,3.203426503814916e-16,False,True
3,15,0.9999999999957647,4.235242073246152e-12,0.0,5.044023286333931e-15,2.1169491561199433e-11,5.517012312125683e-16,False,True
11,17,0.9999999999957475,4.252444050066641e-12,0.0,3.693419614973211e-15,2.1257243090332806e-11,4.805139755722371e-16,False,True
8,11,0.9999999999957475,4.252463862783371e-12,0.0,3.6658895984318496e-15,2.1257243090332806e-11,6.584821146730669e-16,False,True
2,17,0.9999999999957473,4.252694707791097e-12,0.0,4.696050512798034e-15,2.1257243090332806e-11,4.805139755722371e-16,False,True
2,8,0.9999999999957473,4.252714520507827e-12,0.0,4.6685204962567015e-15,2.1257243090332806e-11,6.58482114673066e-16,False,True
25,26,0.9999999999957411,4.2589727630154324e-12,0.0,5.629350896045682e-15,2.1286999574610284e-11,1.103402462425141e-15,False,True
42,49,0.9999999999957165,4.2834116745021184e-12,0.0,2.0158206273610764e-14,2.1391647052901655e-11,2.847490225613259e-16,False,True
26,58,0.9999999999956822,4.31773989459563e-12,0.0,7.407859700549425e-15,2.1578638791726508e-11,1.0678088346049707e-15,False,True
30,42,0.9999999999956674,4.332644784381495e-12,0.0,1.3450778376364355e-14,2.164526255443982e-11,1.5305259962671325e-15,False,False
31,49,0.9999999999956615,4.338538212220795e-12,0.0,1.0485575725164219e-14,2.1679410572511895e-11,2.3135858083107747e-16,False,True
26,39,0.999999999995644,4.355964931872072e-12,0.0,9.462634135479648e-15,2.1766207786893046e-11,2.3847730639510968e-15,False,True
26,59,0.9999999999956424,4.357613745469174e-12,0.0,8.773283258899287e-15,2.1775673928955963e-11,1.9042590883788617e-15,False,True
30,31,0.9999999999956157,4.38424064918199e-12,0.0,3.751161616554082e-15,2.1915700089652872e-11,1.0856056485150588e-15,False,False
27,50,0.9999999999956076,4.392357027691124e-12,0.0,1.0930696681658895e-14,2.194685374461245e-11,1.6906973214578782e-15,False,False
23,49,0.9999999999955888,4.41126694391599e-12,0.0,8.802062743472858e-15,2.204467810823941e-11,8.720438815940623e-16,False,True
35,50,0.9999999999955589,4.44113833780623e-12,0.0,5.13513718122985e-15,2.219799139695309e-11,1.7084941353679509e-15,False,False
49,59,0.9999999999955459,4.4540973193441354e-12,0.0,7.382983060460447e-15,2.2260657225425633e-11,8.008566259537282e-16,False,True
11,19,0.9999999999955239,4.476136558131429e-12,0.0,1.1994397028750488e-15,2.2378489415286057e-11,9.254343233243119e-16,False,True
2,19,0.9999999999955238,4.476162955387573e-12,0.0,1.3157068157980312e-15,2.2378489415286057e-11,9.076375094142287e-16,False,True
10,11,0.9999999999955234,4.476598038852922e-12,0.0,3.5151984760734483e-15,2.2378489415286057e-11,1.4237451128066303e-16,False,True
2,10,0.9999999999955231,4.476851366099465e-12,0.0,4.517829373898299e-15,2.2378489415286057e-11,1.6017132519074583e-16,False,True
23,30,0.9999999999955074,4.492677553720461e-12,0.0,1.7944351267022168e-15,2.2460851077264407e-11,3.915299060218228e-16,False,False
30,59,0.999999999995506,4.493998029721085e-12,0.0,4.487925394656198e-16,2.2469055424838985e-11,4.983107894823212e-16,False,False
46,50,0.9999999999954639,4.536111567990669e-12,0.0,5.728003410205493e-15,2.2672356722076847e-11,1.3881514849864616e-15,False,True
25,49,0.9999999999954421,4.557880981562486e-12,0.0,1.069011753888084e-14,2.2775641832575855e-11,5.339044173024863e-16,False,True
26,40,0.9999999999954245,4.575431703611141e-12,0.0,1.666075526538108e-14,2.2855091246203746e-11,1.6551036936377026e-15,False,True
49,58,0.9999999999954126,4.587450981297049e-12,0.0,9.522867474098377e-15,2.2925191150817426e-11,2.1356176692099458e-16,False,True
25,30,0.9999999999954028,4.597163233874448e-12,0.0,3.647994029853435e-15,2.2980228410831617e-11,1.3703546710763786e-15,False,False
30,58,0.9999999999953568,4.6431800339320215e-12,0.0,2.698522138360121e-15,2.3211499250983848e-11,1.3703546710763853e-15,False,False
39,49,0.9999999999953255,4.674508078188548e-12,0.0,8.26273240557664e-15,2.3361237599874192e-11,1.2991674154360528e-15,False,True
26,28,0.9999999999953081,4.691949796861241e-12,0.0,1.518197214477976e-14,2.343892954888554e-11,2.455960319591427e-15,False,True
50,55,0.9999999999952601,4.7398906779477e-12,0.0,5.903595690410008e-15,2.3691726857254236e-11,4.627171616621553e-16,False,True
30,39,0.9999999999952438,4.7562457591204894e-12,0.0,2.712882535532174e-15,2.377741056889919e-11,5.69498045122652e-16,False,False
40,49,0.9999999999952182,4.781893636145796e-12,0.0,3.244469276110148e-14,2.386848519124376e-11,5.69498045122653e-16,False,True
30,40,0.999999999995172,4.8280367876480765e-12,0.0,2.536721713105379e-14,2.4107941012409262e-11,7.11872556403316e-16,False,False
28,49,0.999999999995079,4.9209409212174884e-12,0.0,3.5115617509250923e-15,2.4599327430726778e-11,1.316964229346136e-15,False,True
36,50,0.9999999999950389,4.961190272914783e-12,0.0,9.350614388727115e-15,2.4793969449158487e-11,3.9152990602182326e-16,False,True
28,30,0.9999999999950311,4.968886874743879e-12,0.0,6.9285809496295826e-15,2.483537321921938e-11,5.339044173024863e-16,False,False
45,50,0.99999999999501,4.9899715272822164e-12,0.0,2.082193656481583e-15,2.494653412337712e-11,9.610279511444736e-16,False,True
16,19,0.9999999999947022,5.2977526402594665e-12,0.0,7.299441161793556e-16,2.648729017151394e-11,7.474661842234819e-16,False,True
10,16,0.9999999999947017,5.298370636326468e-12,0.0,3.458202504490579e-15,2.648729017151394e-11,3.20342650381492e-16,False,True
15,18,0.9999999999946992,5.300805481958742e-12,0.0,1.1332511870160078e-15,2.6501970160509175e-11,8.542470676839795e-16,False,True
9,15,0.9999999999946985,5.301505022363901e-12,0.0,4.027515602766356e-15,2.6501970160509175e-11,6.940757424932333e-16,False,True
13,16,0.9999999999944278,5.572258837027265e-12,0.0,2.136644001046183e-15,2.7858396470757663e-11,3.0254583647140896e-16,False,True
4,16,0.9999999999944275,5.5724933847647e-12,0.0,3.042800685747533e-15,2.7858396470757663e-11,3.559362782016577e-16,False,True
77,83,0.9999999999942936,5.70643061180034e-12,0.0,3.568809337049904e-17,2.8532081753664118e-11,3.559362782016575e-17,False,True
79,83,0.9999999999942936,5.706436268999463e-12,0.0,3.75002081541664e-17,2.8532107774516258e-11,3.559362782016575e-17,False,True
79,81,0.9999999999942936,5.70644322223971e-12,0.0,3.4782035962874276e-17,2.853214593843273e-11,3.559362782016575e-17,False,True
77,81,0.9999999999942936,5.706445699322394e-12,0.0,6.550704840960014e-17,2.853211991758059e-11,3.559362782016575e-17,False,True
6,7,0.9999999999942621,5.73787060157911e-12,0.0,1.4031925906118334e-15,2.868722528406517e-11,4.983107894823201e-16,False,True
26,50,0.9999999999942162,5.783860495111304e-12,0.0,7.587436387267332e-15,2.890845672380831e-11,1.815275018828448e-15,False,True
49,50,0.999999999994014,5.985981250186785e-12,0.0,9.619591707643103e-15,2.9917361204492496e-11,6.940757424932312e-16,False,True
30,50,0.9999999999939337,6.066264602131902e-12,0.0,2.6294837067102745e-15,3.032758233727142e-11,6.050916729428186e-16,False,False
81,82,0.9999999999931454,6.854675666489123e-12,0.0,1.1856749026895639e-16,3.427319008025148e-11,5.339044173024864e-17,False,True
80,81,0.9999999999931454,6.854675835529611e-12,0.0,9.703919172852399e-17,3.4273217835827097e-11,5.339044173024864e-17,False,True
82,83,0.9999999999931453,6.854692035754483e-12,0.0,1.4838644530805746e-16,3.427322130527405e-11,7.118725564033149e-17,False,True
80,83,0.9999999999931453,6.854692922870743e-12,0.0,1.4040853820055307e-16,3.4273249060849664e-11,5.339044173024864e-17,False,True
5,18,0.9999999999931037,6.896264445985027e-12,0.0,1.1469019887010445e-15,3.447966169306191e-11,3.0254583647140877e-16,False,True
14,18,0.9999999999931037,6.896271508463017e-12,0.0,1.2819327841179054e-15,3.447966169306191e-11,1.2457769737058014e-16,False,True
9,14,0.9999999999931031,6.896923426262678e-12,0.0,3.024678826732888e-15,3.447966169306191e-11,1.566119624087298e-15,False,True
5,9,0.9999999999931026,6.897371183108158e-12,0.0,4.730281501886245e-15,3.447966169306191e-11,1.7084941353679497e-15,False,True
11,13,0.9999999999928059,7.194116755860053e-12,0.0,1.6859516842890184e-15,3.596836955881144e-11,1.4237451128066303e-16,False,True
4,11,0.9999999999928056,7.194357256306643e-12,0.0,2.5304944988414984e-15,3.596836955881144e-11,3.3813946429157476e-16,False,True
2,13,0.9999999999928055,7.1944634612296e-12,0.0,3.0834512508227912e-15,3.596836955881144e-11,1.2457769737058016e-16,False,True
2,4,0.9999999999928052,7.194745630806863e-12,0.0,4.116026764760456e-15,3.596836955881144e-11,2.847490225613259e-16,False,True
79,82,0.9999999999927851,7.2148852187050306e-12,0.0,1.244366285777956e-16,3.607424385251856e-11,3.5593627820165765e-17,False,True
79,80,0.9999999999927851,7.2148941143875495e-12,0.0,1.164587214702912e-16,3.607427160809418e-11,7.118725564033149e-17,False,True
77,82,0.9999999999927851,7.214910883468106e-12,0.0,1.840745386785565e-16,3.607429762894632e-11,3.5593627820165765e-17,False,True
77,80,0.9999999999927851,7.214913003954909e-12,0.0,1.4899584870519612e-16,3.607432538452193e-11,7.118725564033149e-17,False,True
8,16,0.9999999999925446,7.455327328565993e-12,0.0,3.6088936268489806e-15,3.727141810244347e-11,9.432311372343936e-16,False,True
16,17,0.9999999999925446,7.45533572075417e-12,0.0,3.749243263021446e-15,3.727141810244347e-11,7.652629981335625e-16,False,True
5,15,0.9999999999920459,7.954068616538163e-12,0.0,9.634572961923948e-16,3.9768364599665484e-11,1.0322152067848048e-15,False,True
14,15,0.9999999999920458,7.954153077976452e-12,0.0,1.4080839328091906e-15,3.9768364599665484e-11,8.542470676839767e-16,False,True
78,81,0.9999999999917316,8.268366788671868e-12,0.0,3.204776835932166e-17,4.134171379798629e-11,1.0678088346049724e-16,False,True
81,84,0.9999999999917316,8.268388260518541e-12,0.0,7.8229065392919e-17,4.1341790125819233e-11,7.118725564033153e-17,False,True
78,83,0.9999999999917316,8.268392202685683e-12,0.0,7.541711483135076e-17,4.134178665637228e-11,1.0678088346049724e-16,False,True
83,84,0.9999999999917316,8.2684102869345e-12,0.0,1.0804802043202008e-16,4.1341862984205224e-11,7.118725564033153e-17,False,True
2,7,0.9999999999911982,8.801819090050485e-12,0.0,1.5516635993774095e-15,4.400704908986974e-11,1.4237451128066296e-16,False,True
7,11,0.9999999999911979,8.802067078252855e-12,0.0,2.554294497202274e-15,4.400704908986974e-11,1.2457769737058019e-16,False,True
78,79,0.9999999999909848,9.015184669420898e-12,0.0,6.682980432219594e-17,4.507578641940735e-11,7.118725564033149e-17,False,True
79,84,0.9999999999909848,9.01519603145012e-12,0.0,8.409820370175823e-17,4.5075834991664676e-11,5.339044173024864e-17,False,True
77,78,0.9999999999909848,9.015199718361702e-12,0.0,8.400442533599382e-17,4.5075840195835104e-11,7.118725564033153e-17,False,True
77,84,0.9999999999909848,9.015221696213197e-12,0.0,1.437361138025191e-16,4.507588876809243e-11,5.339044173024864e-17,False,True
11,16,0.9999999999905442,9.455796180983052e-12,0.0,1.2402969065972905e-15,4.727721697201509e-11,2.8474902256132617e-16,False,True
2,16,0.9999999999905442,9.455809711003339e-12,0.0,1.3050950760940952e-15,4.727721697201509e-11,2.6695220865124327e-16,False,True
11,18,0.9999999999905177,9.482339128341586e-12,0.0,1.8666294318752472e-15,4.740905535987813e-11,4.093267199319064e-16,False,True
2,9,0.9999999999905176,9.482379387437588e-12,0.0,1.5685080170007631e-15,4.740905535987813e-11,1.1745897180654668e-15,False,True
9,11,0.9999999999905175,9.482470633598217e-12,0.0,1.9548488362100393e-15,4.740905535987813e-11,1.1389960902453072e-15,False,True
2,18,0.9999999999905174,9.482605919813894e-12,0.0,2.944473409454181e-15,4.740905535987813e-11,3.915299060218235e-16,False,True
8,18,0.9999999999901122,9.887705192672872e-12,0.0,1.945161463345413e-15,4.943552056428657e-11,7.652629981335649e-16,False,True
17,18,0.9999999999901122,9.88770940565492e-12,0.0,1.972691479886781e-15,4.943552056428657e-11,7.474661842234822e-16,False,True
8,9,0.9999999999901115,9.888526023519575e-12,0.0,5.1110258783541235e-15,4.943552056428657e-11,9.61027951144474e-16,False,True
9,17,0.9999999999901115,9.888530151972726e-12,0.0,5.234320574416776e-15,4.943552056428657e-11,7.830598120436477e-16,False,True
7,16,0.9999999999900911,9.908874055143696e-12,0.0,2.756838603255231e-15,4.954065727525575e-11,3.559362782016578e-16,False,True
7,15,0.9999999999900224,9.977531355068833e-12,0.0,4.856749233268692e-15,4.9881345581814784e-11,3.2034265038149147e-16,False,True
2,6,0.9999999999898456,1.0154442011385041e-11,0.0,6.752323354209519e-16,5.077111241190771e-11,3.3813946429157486e-16,False,True
6,11,0.9999999999898453,1.0154702917086481e-11,0.0,1.7081770528313887e-15,5.077111241190771e-11,3.559362782016573e-16,False,True
6,15,0.9999999999891387,1.0861268771871194e-11,0.0,3.691302235238219e-15,5.4301115741482026e-11,8.186534398638108e-16,False,True
7,9,0.9999999999889655,1.1034500649035294e-11,0.0,1.3444762824186562e-15,5.517004848841836e-11,1.0322152067848042e-15,False,True
7,18,0.9999999999889648,1.103516792150626e-11,0.0,4.301874551627468e-15,5.517004848841836e-11,5.517012312125697e-16,False,True
13,18,0.9999999999882905,1.1709548642577812e-11,0.0,4.299009987068692e-16,5.854700562248419e-11,2.6695220865124327e-16,False,True
4,18,0.9999999999882901,1.1709811312691017e-11,0.0,1.3097320379900813e-15,5.854700562248419e-11,5.517012312125695e-16,False,True
9,13,0.9999999999882896,1.1710465153777806e-11,0.0,3.487294762957751e-15,5.854700562248419e-11,1.2813706015259706e-15,False,True
4,9,0.9999999999882894,1.1710668329726083e-11,0.0,4.38542326283524e-15,5.854700562248419e-11,1.1389960902453005e-15,False,True
7,17,0.9999999999882563,1.1743715520941341e-11,0.0,6.128664734725387e-15,5.871060977874834e-11,4.0932671993190586e-16,False,True
7,8,0.9999999999882563,1.174373533365807e-11,0.0,6.1011347181840514e-15,5.871060977874834e-11,5.872948590327348e-16,False,True
6,16,0.9999999999882276,1.1772376863304008e-11,0.0,1.4726953900934292e-15,5.885988327595723e-11,2.1356176692099445e-16,False,True
7,19,0.9999999999875563,1.2443757993796524e-11,0.0,2.4101882141272896e-15,6.221498972469944e-11,1.0500120206948925e-15,False,True
7,10,0.9999999999875555,1.2444490894883018e-11,0.0,5.950443595825649e-15,6.221498972469944e-11,3.559362782016575e-17,False,True
11,15,0.9999999999875477,1.2452302923625392e-11,0.0,2.42150411351649e-15,6.225814070011382e-11,4.627171616621542e-16,False,True
2,15,0.9999999999875473,1.2452680503421934e-11,0.0,3.93182329968137e-15,6.225814070011382e-11,4.627171616621542e-16,False,True
10,18,0.9999999999874789,1.2521079787446459e-11,0.0,1.7944703409870114e-15,6.260278211621395e-11,4.983107894823208e-16,False,True
18,19,0.9999999999874787,1.2521264292718258e-11,0.0,2.39367627968293e-15,6.260278211621395e-11,7.296693703133991e-16,False,True
9,19,0.9999999999874787,1.2521318773443109e-11,0.0,1.8107425531350467e-15,6.260278211621395e-11,2.0644304135696242e-15,False,True
9,10,0.9999999999874779,1.2522044222681208e-11,0.0,5.331868629599677e-15,6.260278211621395e-11,1.0322152067848093e-15,False,True
15,17,0.9999999999871427,1.2857277487408303e-11,0.0,1.371835573673007e-15,6.428460590452226e-11,8.89840695504144e-17,False,True
8,15,0.9999999999871425,1.2857467439777178e-11,0.0,2.0141860773659505e-15,6.428460590452226e-11,2.847490225613259e-16,False,True
6,9,0.9999999999871007,1.289931884136655e-11,0.0,1.1118919689273855e-15,6.449408314259525e-11,1.4949323684469567e-15,False,True
6,18,0.9999999999871004,1.2899615935322171e-11,0.0,3.0904463290244597e-15,6.449408314259525e-11,1.7796813910082878e-16,False,True
11,12,0.9999999999870249,1.2975072680674622e-11,0.0,1.3183599860850155e-15,6.487352858684445e-11,2.491553947411602e-16,False,True
2,3,0.9999999999870248,1.2975165034198644e-11,0.0,1.7198083472089006e-15,6.487352858684445e-11,1.957649530109117e-16,False,True
2,12,0.9999999999870247,1.2975328677443251e-11,0.0,2.3209908839098835e-15,6.487352858684445e-11,2.847490225613259e-16,False,True
3,11,0.9999999999870246,1.29754156919231e-11,0.0,2.722439245033762e-15,6.487352858684445e-11,1.9576495301091155e-16,False,True
8,12,0.9999999999866194,1.3380669350157622e-11,0.0,2.4474496845631154e-15,6.689999379125289e-11,3.915299060218234e-16,False,True
12,17,0.9999999999866193,1.3380695152547029e-11,0.0,2.625405860612632e-15,6.689999379125289e-11,2.66952208651243e-16,False,True
3,17,0.9999999999866184,1.3381676515264726e-11,0.0,6.3159387877906255e-15,6.689999379125289e-11,6.584821146730656e-16,False,True
3,8,0.9999999999866183,1.3381696327981457e-11,0.0,6.288408771249293e-15,6.689999379125289e-11,8.364502537738944e-16,False,True
7,13,0.9999999999865843,1.3415745422642796e-11,0.0,4.121196804041239e-15,6.707336205544201e-11,2.847490225613261e-16,False,True
4,7,0.9999999999865841,1.3415974688283176e-11,0.0,4.984868923827452e-15,6.707336205544201e-11,3.7373309211174046e-16,False,True
4,15,0.9999999999865299,1.3470088040449003e-11,0.0,5.330408120392349e-16,6.73492533444231e-11,6.940757424932316e-16,False,True
13,15,0.9999999999865298,1.3470173166621658e-11,0.0,9.482921210748668e-16,6.73492533444231e-11,5.694980451226513e-16,False,True
6,17,0.9999999999863927,1.3607322749773858e-11,0.0,4.963217736694926e-15,6.802983577944982e-11,7.652629981335623e-16,False,True
6,8,0.9999999999863927,1.3607323875835982e-11,0.0,4.935687720153586e-15,6.802983577944982e-11,8.186534398638109e-16,False,True
3,7,0.9999999999861072,1.3892782077384149e-11,0.0,3.436039350970728e-16,6.946328066784538e-11,2.6695220865124297e-16,False,True
7,12,0.9999999999861063,1.3893626569110575e-11,0.0,3.753605105837255e-15,6.946328066784538e-11,2.135617669209945e-16,False,True
6,19,0.9999999999857391,1.426091845282696e-11,0.0,1.1069156957317285e-15,7.130278149598129e-11,5.69498045122653e-16,False,True
6,10,0.9999999999857382,1.4261824625442044e-11,0.0,4.7849965977951835e-15,7.130278149598129e-11,4.805139755722373e-16,False,True
12,13,0.9999999999854317,1.4568386919427568e-11,0.0,1.1545525027311849e-15,7.28402378019112e-11,3.3813946429157486e-16,False,True
4,12,0.9999999999854313,1.4568695833036593e-11,0.0,2.2407137019938915e-15,7.28402378019112e-11,5.87294859032735e-16,False,True
3,13,0.9999999999854309,1.4569156712361557e-11,0.0,4.30847085710648e-15,7.28402378019112e-11,2.1356176692099455e-16,False,True
3,4,0.9999999999854307,1.4569351915461575e-11,0.0,5.05724899213763e-15,7.28402378019112e-11,2.66952208651243e-16,False,True
3,6,0.9999999999852229,1.477701815094096e-11,0.0,1.4717704285457726e-15,7.388305082751262e-11,2.6695220865124327e-16,False,True
6,12,0.9999999999852227,1.4777331951647898e-11,0.0,2.5881581078067704e-15,7.388305082751262e-11,4.983107894823199e-16,False,True
6,13,0.9999999999847207,1.527930193055567e-11,0.0,2.9557498060107588e-15,7.639258805614349e-11,3.0254583647140877e-16,False,True
4,6,0.9999999999847204,1.5279531723236065e-11,0.0,3.7574615557764685e-15,7.639258805614349e-11,4.98310789482321e-16,False,True
10,15,0.9999999999845091,1.5490935371928676e-11,0.0,2.0339607880698552e-15,7.745186745644964e-11,3.559362782016572e-16,False,True
15,19,0.9999999999845086,1.5491362614554855e-11,0.0,3.1449583454048557e-15,7.745186745644964e-11,1.3525578571663034e-15,False,True
11,14,0.9999999999844819,1.5518184705023084e-11,0.0,1.5646187314480581e-15,7.758866075666115e-11,4.093267199319064e-16,False,True
5,11,0.9999999999844814,1.5518541753267646e-11,0.0,2.875352737892503e-15,7.758866075666115e-11,6.050916729428171e-16,False,True
2,14,0.9999999999844813,1.5518653631647232e-11,0.0,3.4510033163833493e-15,7.758866075666115e-11,3.915299060218235e-16,False,True
2,5,0.9999999999844812,1.551878707194793e-11,0.0,3.8779836357173444e-15,7.758866075666115e-11,5.694980451226526e-16,False,True
12,19,0.9999999999839859,1.6014081417453775e-11,0.0,1.8913880584652345e-15,8.006725534318027e-11,1.050012020694893e-15,False,True
10,12,0.9999999999839859,1.6014101899830555e-11,0.0,2.453831541156058e-15,8.006725534318027e-11,2.4915539474116027e-16,False,True
3,19,0.9999999999839858,1.6014189726396335e-11,0.0,2.463438977203718e-15,8.006725534318027e-11,8.186534398638137e-16,False,True
3,10,0.9999999999839849,1.6015025540879574e-11,0.0,6.13771764889089e-15,8.006725534318027e-11,2.6695220865124307e-16,False,True
15,16,0.9999999999837759,1.622418486365733e-11,0.0,2.9850160499047703e-15,8.111669918663827e-11,6.584821146730678e-16,False,True
5,17,0.9999999999832768,1.6723202023460514e-11,0.0,1.3149299831298526e-15,8.361364568386029e-11,9.610279511444732e-16,False,True
5,8,0.9999999999832767,1.672323855838252e-11,0.0,1.5144601128887654e-15,8.361364568386029e-11,8.72043881594059e-16,False,True
8,14,0.9999999999832765,1.672349903500995e-11,0.0,2.652469417724542e-15,8.361364568386029e-11,7.118725564033164e-16,False,True
14,17,0.9999999999832765,1.6723516595602432e-11,0.0,2.679999434265924e-15,8.361364568386029e-11,7.830598120436452e-16,False,True
16,18,0.9999999999827184,1.728160571319136e-11,0.0,1.9516849351050424e-15,8.640540209324185e-11,2.491553947411603e-16,False,True
9,16,0.9999999999827182,1.7281822650562513e-11,0.0,2.15739294226299e-15,8.640540209324185e-11,1.3525578571663032e-15,False,True
7,14,0.999999999982069,1.7930959027507575e-11,0.0,3.736944107356229e-15,8.964971018148027e-11,5.517012312125697e-16,False,True
5,7,0.9999999999820686,1.7931381248970235e-11,0.0,5.3297271628784584e-15,8.964971018148027e-11,7.118725564033142e-16,False,True
13,14,0.9999999999813943,1.8605617995195727e-11,0.0,9.67278932484812e-16,9.30266673155461e-11,2.847490225613261e-16,False,True
4,5,0.9999999999813943,1.8605691943125535e-11,0.0,9.961184430773113e-16,9.30266673155461e-11,7.296693703133987e-16,False,True
5,13,0.9999999999813942,1.8605738597386255e-11,0.0,1.3429068111447833e-15,9.30266673155461e-11,4.627171616621544e-16,False,True
4,14,0.9999999999813942,1.8605795486873436e-11,0.0,1.5170743181342018e-15,9.30266673155461e-11,5.517012312125697e-16,False,True
6,14,0.9999999999811853,1.8814707973812125e-11,0.0,3.1728757120631588e-15,9.406948034114751e-11,1.2457769737058016e-16,False,True
5,6,0.999999999981185,1.881493949848197e-11,0.0,4.045583949716681e-15,9.406948034114751e-11,2.1356176692099445e-16,False,True
5,10,0.9999999999810737,1.892627924376518e-11,0.0,1.3235761593163045e-15,9.462920784420945e-11,7.118725564033142e-16,False,True
10,14,0.9999999999810735,1.8926541760034155e-11,0.0,2.5017782953661404e-15,9.462920784420945e-11,4.983107894823208e-16,False,True
14,19,0.9999999999810734,1.892660637574962e-11,0.0,2.66413836210683e-15,9.462920784420945e-11,6.584821146730676e-16,False,True
5,19,0.9999999999810733,1.8926747017644605e-11,0.0,3.333486825517649e-15,9.462920784420945e-11,4.805139755722383e-16,False,True
12,16,0.9999999999798599,2.014012495072208e-11,0.0,1.2613640145021455e-15,1.0069863427266887e-10,5.517012312125697e-16,False,True
3,16,0.9999999999798596,2.0140440054963702e-11,0.0,2.8100893663316587e-15,1.0069863427266887e-10,7.118725564033153e-17,False,True
14,16,0.9999999999758223,2.417768151863079e-11,0.0,2.5041960666067407e-15,1.2088506378630376e-10,2.847490225613259e-16,False,True
5,16,0.9999999999758222,2.4177752691486217e-11,0.0,2.703462781554564e-15,1.2088506378630376e-10,4.271235338419889e-16,False,True
1,2,0.0,1.0,0.8780279305235595,0.39286038986163674,0.7546142119377118,1.0,True,False
1,3,0.0,1.0,0.8780279305235595,0.3928603898616372,0.75461421194688,1.0,True,False
1,4,0.0,1.0,0.8780279305235595,0.39286038986163346,0.7546142119456409,1.0,True,False
1,5,0.0,1.0,0.8780279305235595,0.3928603898616338,0.7546142119383077,1.0,True,False
1,6,0.0,1.0,0.8780279305235595,0.3928603898616365,0.7546142119560225,1.0,True,False
1,7,0.0,1.0,0.8780279305235595,0.392860389861637,0.7546142119666845,1.0,True,False
1,8,0.0,1.0,0.8780279305235595,0.3928603898616342,0.7546142119417155,1.0,True,False
1,9,0.0,1.0,0.8780279305235595,0.3928603898616361,0.7546142119445263,1.0,True,False
1,10,0.0,1.0,0.8780279305235595,0.3928603898616343,0.7546142119393424,1.0,True,False
1,11,0.0,1.0,0.8780279305235595,0.3928603898616352,0.7546142119377118,1.0,True,False
1,12,0.0,1.0,0.8780279305235595,0.392860389861635,0.75461421194688,1.0,True,False
1,13,0.0,1.0,0.8780279305235595,0.3928603898616342,0.7546142119456409,1.0,True,False
1,14,0.0,1.0,0.8780279305235595,0.3928603898616339,0.7546142119383077,1.0,True,False
1,15,0.0,1.0,0.8780279305235595,0.3928603898616335,0.7546142119533137,1.0,True,False
1,16,0.0,1.0,0.8780279305235595,0.3928603898616359,0.7546142119582447,1.0,True,False
1,17,0.0,1.0,0.8780279305235595,0.39286038986163285,0.7546142119417155,1.0,True,False
1,18,0.0,1.0,0.8780279305235595,0.39286038986163435,0.7546142119445263,1.0,True,False
1,19,0.0,1.0,0.8780279305235595,0.39286038986163596,0.7546142119393424,1.0,True,False
1,20,0.0,1.0,0.7188757784654847,0.13133269602999198,0.16862310567725147,0.4035908418003246,True,False
1,21,0.0,1.0,1.0,0.2570472984298978,0.4344704985907078,0.9592322135896217,True,False
1,22,0.0,1.0,0.796433857067522,0.22498330635828195,0.30046498818867234,0.3627842033746127,True,False
1,23,0.0,1.0,1.0,0.2570472984298987,0.4344704985896288,0.9592322135896217,True,False
1,24,0.0,1.0,1.0,0.25704729842989776,0.43447049859494963,0.9592322135896217,True,False
1,25,0.0,1.0,1.0,0.2570472984298973,0.43447049859022513,0.9592322135896217,True,False
1,26,0.0,1.0,1.0,0.25704729842989593,0.43447049859716663,0.9592322135896217,True,False
1,27,0.0,1.0,1.0,0.25704729842989643,0.4344704985940347,0.9592322135896217,True,False
1,28,0.0,1.0,1.0,0.25704729842990104,0.4344704985881661,0.9592322135896217,True,False
1,29,0.0,1.0,1.0,0.25704729842989726,0.434470498589035,0.9592322135896217,True,False
1,30,0.0,1.0,1.0,0.2570472984298975,0.4344704985963702,0.9592322135896217,True,False
1,31,0.0,1.0,1.0,0.2570472984298976,0.43447049858958314,0.9592322135896217,True,False
1,32,0.0,1.0,1.0,0.2570472984298988,0.4344704985927378,0.9592322135896217,True,False
1,33,0.0,1.0,1.0,0.25704729842989654,0.4344704985895863,0.9592322135896217,True,False
1,34,0.0,1.0,1.0,0.257047298429896,0.4344704985923017,0.9592322135896216,True,False
1,35,0.0,1.0,1.0,0.2570472984298972,0.4344704985944338,0.9592322135896217,True,False
1,36,0.0,1.0,1.0,0.2570472984298962,0.43447049859613396,0.9592322135896217,True,False
1,37,0.0,1.0,1.0,0.2570472984299007,0.4344704985900532,0.9592322135896217,True,False
1,38,0.0,1.0,1.0,0.25704729842989904,0.4344704985929917,0.9592322135896217,True,False
1,39,0.0,1.0,1.0,0.25704729842989915,0.43447049859043385,0.9592322135896217,True,False
1,40,0.0,1.0,1.0,0.25704729842989393,0.4344704985900574,0.9592322135896217,True,False
1,41,0.0,1.0,1.0,0.257047298429897,0.4344704985907627,0.9592322135896217,True,False
1,42,0.0,1.0,1.0,0.2570472984298968,0.43447049858940223,0.9592322135896217,True,False
1,43,0.0,1.0,1.0,0.2570472984298969,0.4344704985950914,0.9592322135896217,True,False
1,44,0.0,1.0,1.0,0.25704729842990065,0.43447049859003484,0.9592322135896217,True,False
1,45,0.0,1.0,1.0,0.2570472984298987,0.43447049859602177,0.9592322135896217,True,False
1,46,0.0,1.0,1.0,0.2570472984298994,0.4344704985938149,0.9592322135896217,True,False
1,47,0.0,1.0,1.0,0.2570472984298996,0.4344704985939209,0.9592322135896217,True,False
1,48,0.0,1.0,1.0,0.2570472984299003,0.4344704985888999,0.9592322135896217,True,False
1,49,0.0,1.0,1.0,0.2570472984298986,0.43447049859663667,0.9592322135896217,True,False
1,50,0.0,1.0,1.0,0.2570472984298984,0.43447049858653825,0.9592322135896217,True,False
1,51,0.0,1.0,1.0,0.2570472984298985,0.4344704985925009,0.9592322135896217,True,False
1,52,0.0,1.0,1.0,0.25704729842989416,0.434470498590251,0.9592322135896217,True,False
1,53,0.0,1.0,1.0,0.25704729842989793,0.43447049859247044,0.9592322135896217,True,False
1,54,0.0,1.0,1.0,0.2570472984299015,0.4344704985946281,0.9592322135896217,True,False
1,55,0.0,1.0,1.0,0.25704729842989704,0.4344704985962806,0.9592322135896217,True,False
1,56,0.0,1.0,1.0,0.25704729842989865,0.4344704985898768,0.9592322135896217,True,False
1,57,0.0,1.0,1.0,0.25704729842989626,0.4344704985929821,0.9592322135896217,True,False
1,58,0.0,1.0,1.0,0.2570472984298982,0.43447049859000714,0.9592322135896217,True,False
1,59,0.0,1.0,1.0,0.25704729842989726,0.43447049858938014,0.9592322135896217,True,False
1,60,0.0,1.0,0.9975701120302883,0.22404058008234243,0.3283285055349323,0.8891128313180215,True,False
1,61,0.0,1.0,0.9984398415066813,0.4646435387997213,0.18994446679970337,0.9137268185836244,True,False
1,62,0.0,1.0,0.9460066073750344,0.2551955621462381,0.1523954743919152,0.7166639692044283,True,False
1,63,0.0,1.0,0.9983218504657645,0.4556061866611564,0.24372697474225888,0.7468557873245628,True,False
1,64,0.0,1.0,0.9914460400073931,0.11007081932850346,0.21533980531136354,0.6788347636488594,True,False
1,65,0.0,1.0,0.838633733650833,0.1857231672892779,0.27447208163506565,0.8960475739660368,True,False
1,66,0.0,1.0,0.838633733650833,0.185723167289278,0.2744720816358029,0.8960475739660368,True,False
1,67,0.0,1.0,0.838633733650833,0.18572316728927796,0.27447208163580433,0.8960475739660368,True,False
1,68,0.0,1.0,0.8885496327625042,0.2445643906136896,0.097814351106339,0.7795217223976323,True,False
1,69,0.0,1.0,0.9731076864391205,0.46108428723705713,0.49586394815439344,1.0,True,False
1,70,0.0,1.0,0.9731076864391205,0.46108428723705713,0.4958639481598819,1.0,True,False
1,71,0.0,1.0,0.9731076864391205,0.46108428723705713,0.49586394815383844,1.0,True,False
1,72,0.0,1.0,0.9126230360943872,0.08383489763996885,0.19877027925272203,0.19803400460943776,True,False
1,73,0.0,1.0,0.9670637768864584,0.2720331286914781,0.7425883156789681,0.9324496871348772,True,False
1,74,0.0,1.0,0.7459156633762729,0.3545706640270208,0.2610087791890057,1.0,True,False
1,75,0.0,1.0,0.9076162830409022,0.3750885997861824,0.23657952375864166,1.0,True,False
1,76,0.0,1.0,0.9076162830409022,0.37508859978617903,0.23657952375864164,1.0,True,False
1,77,0.0,1.0,0.9517948023046398,0.4462688381581761,0.39301316863182906,1.0,True,False
1,78,0.0,1.0,0.9517948023046398,0.4462688381581761,0.3930131686222537,1.0,True,False
1,79,0.0,1.0,0.9517948023046398,0.4462688381581761,0.393013168631829,1.0,True,False
1,80,0.0,1.0,0.9517948023046398,0.4462688381581761,0.393013168629433,1.0,True,False
1,81,0.0,1.0,0.9517948023046398,0.4462688381581761,0.39301316863096364,1.0,True,False
1,82,0.0,1.0,0.9517948023046398,0.44626883815817614,0.3930131686294329,1.0,True,False
1,83,0.0,1.0,0.9517948023046398,0.4462688381581761,0.39301316863096364,1.0,True,False
1,84,0.0,1.0,0.9517948023046398,0.44626883815817614,0.3930131686222537,1.0,True,False
2,20,0.0,1.0,0.8195488721804511,0.42089019973868513,0.8303406111030666,1.0,True,False
2,21,0.0,1.0,1.0,0.5791165632760777,0.8843671300374076,0.5015312640550373,True,False
2,22,0.0,1.0,0.7366710358106019,0.3202392983907334,0.78235002159406,1.0,True,False
2,23,0.0,1.0,1.0,0.5791165632760794,0.8843671300366343,0.5015312640550378,True,False
2,24,0.0,1.0,1.0,0.5791165632760785,0.8843671300390916,0.5015312640550376,True,False
2,25,0.0,1.0,1.0,0.5791165632760776,0.8843671300364766,0.5015312640550379,True,False
2,26,0.0,1.0,1.0,0.5791165632760757,0.8843671300414527,0.5015312640550372,True,False
2,27,0.0,1.0,1.0,0.5791165632760759,0.8843671300389826,0.5015312640550383,True,False
2,28,0.0,1.0,1.0,0.5791165632760825,0.8843671300357195,0.5015312640550378,True,False
2,29,0.0,1.0,1.0,0.5791165632760776,0.884367130035818,0.5015312640550379,True,False
2,30,0.0,1.0,1.0,0.5791165632760781,0.884367130042028,0.5015312640550382,True,False
2,31,0.0,1.0,1.0,0.5791165632760782,0.8843671300360477,0.5015312640550372,True,False
2,32,0.0,1.0,1.0,0.5791165632760797,0.8843671300384569,0.5015312640550375,True,False
2,33,0.0,1.0,1.0,0.5791165632760776,0.8843671300359341,0.5015312640550378,True,False
2,34,0.0,1.0,1.0,0.5791165632760763,0.8843671300386151,0.5015312640550379,True,False
2,35,0.0,1.0,1.0,0.5791165632760774,0.8843671300397354,0.501531264055037,True,False
2,36,0.0,1.0,1.0,0.5791165632760757,0.8843671300407201,0.5015312640550381,True,False
2,37,0.0,1.0,1.0,0.5791165632760827,0.8843671300371516,0.5015312640550385,True,False
2,38,0.0,1.0,1.0,0.5791165632760804,0.8843671300387254,0.5015312640550377,True,False
2,39,0.0,1.0,1.0,0.57911656327608,0.8843671300361199,0.5015312640550377,True,False
2,40,0.0,1.0,1.0,0.5791165632760722,0.8843671300358095,0.5015312640550379,True,False
2,41,0.0,1.0,1.0,0.5791165632760772,0.8843671300372589,0.5015312640550373,True,False
2,42,0.0,1.0,1.0,0.5791165632760764,0.8843671300366867,0.5015312640550373,True,False
2,43,0.0,1.0,1.0,0.5791165632760764,0.8843671300392187,0.5015312640550375,True,False
2,44,0.0,1.0,1.0,0.5791165632760824,0.8843671300369544,0.5015312640550377,True,False
2,45,0.0,1.0,1.0,0.5791165632760792,0.8843671300405117,0.5015312640550382,True,False
2,46,0.0,1.0,1.0,0.5791165632760805,0.8843671300392814,0.5015312640550381,True,False
2,47,0.0,1.0,1.0,0.5791165632760819,0.8843671300395067,0.501531264055037,True,False
2,48,0.0,1.0,1.0,0.5791165632760817,0.8843671300358501,0.5015312640550386,True,False
2,49,0.0,1.0,1.0,0.5791165632760801,0.8843671300420387,0.5015312640550373,True,False
2,50,0.0,1.0,1.0,0.579116563276079,0.8843671300340019,0.5015312640550378,True,False
2,51,0.0,1.0,1.0,0.5791165632760794,0.8843671300385225,0.5015312640550377,True,False
2,52,0.0,1.0,1.0,0.5791165632760733,0.8843671300364607,0.5015312640550377,True,False
2,53,0.0,1.0,1.0,0.5791165632760793,0.8843671300385486,0.5015312640550372,True,False
2,54,0.0,1.0,1.0,0.5791165632760834,0.8843671300395629,0.5015312640550372,True,False
2,55,0.0,1.0,1.0,0.579116563276077,0.8843671300405576,0.5015312640550382,True,False
2,56,0.0,1.0,1.0,0.5791165632760797,0.8843671300372459,0.5015312640550377,True,False
2,57,0.0,1.0,1.0,0.5791165632760765,0.8843671300387134,0.5015312640550378,True,False
2,58,0.0,1.0,1.0,0.5791165632760789,0.884367130036178,0.5015312640550376,True,False
2,59,0.0,1.0,1.0,0.5791165632760779,0.8843671300360196,0.5015312640550378,True,False
2,60,0.0,1.0,1.0,0.4671953988943568,0.8840774321639125,0.9553971813021939,True,False
2,61,0.0,1.0,1.0,0.6509191474165344,0.8085034734865618,0.9498154623167708,True,False
2,62,0.0,1.0,1.0,0.41852767226254445,0.7979721933397502,1.0,True,False
2,63,0.0,1.0,1.0,0.6739863014838913,0.8072423748336992,1.0,True,False
2,64,0.0,1.0,1.0,0.49283141645349987,0.7954072235367189,1.0,True,False
2,65,0.0,1.0,1.0,0.47400106071265147,0.7674724966957409,0.88549974260174,True,False
2,66,0.0,1.0,1.0,0.4740010607126516,0.7674724966958805,0.88549974260174,True,False
2,67,0.0,1.0,1.0,0.47400106071265147,0.7674724966961038,0.88549974260174,True,False
2,68,0.0,1.0,1.0,0.4005417599974783,0.7985073324535686,1.0,True,False
2,69,0.0,1.0,0.9370059211651288,0.28565926112764156,0.9062460669334523,0.1830479314722265,True,False
2,70,0.0,1.0,0.9370059211651288,0.28565926112764156,0.9062460669367359,0.18304793147222645,True,False
2,71,0.0,1.0,0.9370059211651288,0.28565926112764156,0.9062460669339573,0.1830479314722265,True,False
2,72,0.0,1.0,0.9862170538395008,0.3769698592902646,0.8084901344570827,1.0,True,False
2,73,0.0,1.0,1.0,0.1737453213647637,0.7691856802900693,0.9356141376760928,True,False
2,74,0.0,1.0,0.8274836101644114,0.20779364470382408,0.8299332922706804,0.23966811330905238,True,False
2,75,0.0,1.0,0.7865595975469379,0.22473090164214546,0.8352415803881663,0.40187476692189356,True,False
2,76,0.0,1.0,0.7865595975469379,0.2247309016421236,0.8352415803881663,0.40187476692189344,True,False
2,77,0.0,1.0,0.934697685155166,0.25712820578333784,0.8841943399460847,0.6433687596653789,True,False
2,78,0.0,1.0,0.934697685155166,0.2571282057833379,0.8841943399471149,0.6433687596653789,True,False
2,79,0.0,1.0,0.934697685155166,0.25712820578333795,0.8841943399460845,0.6433687596653789,True,False
2,80,0.0,1.0,0.934697685155166,0.2571282057833379,0.8841943399473671,0.643368759665379,True,False
2,81,0.0,1.0,0.934697685155166,0.2571282057833379,0.8841943399479217,0.643368759665379,True,False
2,82,0.0,1.0,0.934697685155166,0.25712820578333795,0.8841943399473671,0.6433687596653789,True,False
2,83,0.0,1.0,0.934697685155166,0.2571282057833379,0.8841943399479217,0.643368759665379,True,False
2,84,0.0,1.0,0.934697685155166,0.25712820578333795,0.8841943399471149,0.6433687596653789,True,False
3,20,0.0,1.0,0.8195488721804511,0.4208901997386856,0.8303406111122348,1.0,True,False
3,21,0.0,1.0,1.0,0.5791165632760783,0.8843671300411432,0.5015312640550375,True,False
3,22,0.0,1.0,0.7366710358106019,0.3202392983907339,0.7823500216243617,1.0,True,False
3,23,0.0,1.0,1.0,0.57911656327608,0.8843671300403699,0.5015312640550379,True,False
3,24,0.0,1.0,1.0,0.5791165632760791,0.8843671300428273,0.5015312640550377,True,False
3,25,0.0,1.0,1.0,0.5791165632760782,0.8843671300402123,0.5015312640550381,True,False
3,26,0.0,1.0,1.0,0.5791165632760763,0.8843671300451884,0.5015312640550373,True,False
3,27,0.0,1.0,1.0,0.5791165632760764,0.8843671300427183,0.5015312640550386,True,False
3,28,0.0,1.0,1.0,0.5791165632760831,0.8843671300394552,0.5015312640550379,True,False
3,29,0.0,1.0,1.0,0.5791165632760782,0.8843671300395536,0.501531264055038,True,False
3,30,0.0,1.0,1.0,0.5791165632760786,0.8843671300457637,0.5015312640550383,True,False
3,31,0.0,1.0,1.0,0.5791165632760786,0.8843671300397834,0.5015312640550375,True,False
3,32,0.0,1.0,1.0,0.5791165632760803,0.8843671300421926,0.5015312640550376,True,False
3,33,0.0,1.0,1.0,0.5791165632760782,0.8843671300396698,0.5015312640550379,True,False
3,34,0.0,1.0,1.0,0.5791165632760769,0.8843671300423508,0.501531264055038,True,False
3,35,0.0,1.0,1.0,0.579116563276078,0.8843671300434711,0.5015312640550372,True,False
3,36,0.0,1.0,1.0,0.5791165632760763,0.8843671300444558,0.5015312640550383,True,False
3,37,0.0,1.0,1.0,0.5791165632760833,0.8843671300408873,0.5015312640550386,True,False
3,38,0.0,1.0,1.0,0.579116563276081,0.8843671300424609,0.5015312640550379,True,False
3,39,0.0,1.0,1.0,0.5791165632760805,0.8843671300398556,0.5015312640550379,True,False
3,40,0.0,1.0,1.0,0.5791165632760726,0.8843671300395451,0.501531264055038,True,False
3,41,0.0,1.0,1.0,0.5791165632760777,0.8843671300409944,0.5015312640550375,True,False
3,42,0.0,1.0,1.0,0.5791165632760771,0.8843671300404223,0.5015312640550375,True,False
3,43,0.0,1.0,1.0,0.579116563276077,0.8843671300429544,0.5015312640550377,True,False
3,44,0.0,1.0,1.0,0.5791165632760829,0.88436713004069,0.5015312640550378,True,False
3,45,0.0,1.0,1.0,0.5791165632760797,0.8843671300442473,0.5015312640550383,True,False
3,46,0.0,1.0,1.0,0.5791165632760811,0.884367130043017,0.5015312640550383,True,False
3,47,0.0,1.0,1.0,0.5791165632760824,0.8843671300432424,0.5015312640550372,True,False
3,48,0.0,1.0,1.0,0.5791165632760823,0.8843671300395858,0.5015312640550388,True,False
3,49,0.0,1.0,1.0,0.5791165632760806,0.8843671300457743,0.5015312640550375,True,False
3,50,0.0,1.0,1.0,0.5791165632760795,0.8843671300377375,0.5015312640550379,True,False
3,51,0.0,1.0,1.0,0.57911656327608,0.8843671300422582,0.5015312640550379,True,False
3,52,0.0,1.0,1.0,0.5791165632760737,0.8843671300401963,0.5015312640550378,True,False
3,53,0.0,1.0,1.0,0.5791165632760797,0.8843671300422842,0.5015312640550375,True,False
3,54,0.0,1.0,1.0,0.579116563276084,0.8843671300432985,0.5015312640550373,True,False
3,55,0.0,1.0,1.0,0.5791165632760775,0.8843671300442932,0.5015312640550383,True,False
3,56,0.0,1.0,1.0,0.5791165632760803,0.8843671300409816,0.5015312640550379,True,False
3,57,0.0,1.0,1.0,0.5791165632760771,0.884367130042449,0.5015312640550379,True,False
3,58,0.0,1.0,1.0,0.5791165632760794,0.8843671300399136,0.5015312640550377,True,False
3,59,0.0,1.0,1.0,0.5791165632760784,0.8843671300397553,0.5015312640550379,True,False
3,60,0.0,1.0,1.0,0.467195398894358,0.8840774321730809,0.9553971813021941,True,False
3,61,0.0,1.0,1.0,0.6509191474165349,0.808503473512234,0.9498154623167708,True,False
3,62,0.0,1.0,1.0,0.4185276722625449,0.7979721933489184,1.0,True,False
3,63,0.0,1.0,1.0,0.6739863014838907,0.8072423748428674,1.0,True,False
3,64,0.0,1.0,1.0,0.49283141645350037,0.7954072235458871,1.0,True,False
3,65,0.0,1.0,1.0,0.4740010607126518,0.7674724967049091,0.8854997426017402,True,False
3,66,0.0,1.0,1.0,0.4740010607126518,0.7674724967050487,0.8854997426017402,True,False
3,67,0.0,1.0,1.0,0.47400106071265175,0.7674724967052722,0.8854997426017402,True,False
3,68,0.0,1.0,1.0,0.40054175999747865,0.7985073324627369,1.0,True,False
3,69,0.0,1.0,0.9370059211651288,0.2856592611276421,0.9062460669426207,0.18304793147222642,True,False
3,70,0.0,1.0,0.9370059211651288,0.2856592611276421,0.9062460669459043,0.18304793147222634,True,False
3,71,0.0,1.0,0.9370059211651288,0.2856592611276421,0.9062460669431255,0.1830479314722264,True,False
3,72,0.0,1.0,0.9862170538395008,0.37696985929026505,0.808490134466251,1.0,True,False
3,73,0.0,1.0,1.0,0.17374532136476314,0.7691856803081372,0.9356141376760928,True,False
3,74,0.0,1.0,0.8274836101644114,0.2077936447038244,0.8299332922798486,0.23966811330905247,True,False
3,75,0.0,1.0,0.7865595975469379,0.22473090164214685,0.8352415803973345,0.40187476692189356,True,False
3,76,0.0,1.0,0.7865595975469379,0.22473090164212497,0.8352415803973345,0.40187476692189356,True,False
3,77,0.0,1.0,0.934697685155166,0.2571282057833383,0.8841943399552529,0.643368759665379,True,False
3,78,0.0,1.0,0.934697685155166,0.2571282057833383,0.8841943399562832,0.6433687596653789,True,False
3,79,0.0,1.0,0.934697685155166,0.2571282057833383,0.8841943399552528,0.643368759665379,True,False
3,80,0.0,1.0,0.934697685155166,0.2571282057833383,0.8841943399565353,0.643368759665379,True,False
3,81,0.0,1.0,0.934697685155166,0.2571282057833383,0.8841943399570901,0.643368759665379,True,False
3,82,0.0,1.0,0.934697685155166,0.25712820578333834,0.8841943399565353,0.6433687596653789,True,False
3,83,0.0,1.0,0.934697685155166,0.2571282057833383,0.8841943399570901,0.643368759665379,True,False
3,84,0.0,1.0,0.934697685155166,0.25712820578333834,0.8841943399562832,0.6433687596653789,True,False
4,20,0.0,1.0,0.8195488721804511,0.4208901997386818,0.8303406111109957,1.0,True,False
4,21,0.0,1.0,1.0,0.5791165632760791,0.884367130042581,0.5015312640550377,True,False
4,22,0.0,1.0,0.7366710358106019,0.32023929839073006,0.7823500215967234,1.0,True,False
4,23,0.0,1.0,1.0,0.5791165632760806,0.8843671300418077,0.5015312640550381,True,False
4,24,0.0,1.0,1.0,0.5791165632760799,0.884367130044265,0.5015312640550379,True,False
4,25,0.0,1.0,1.0,0.579116563276079,0.8843671300416501,0.5015312640550382,True,False
4,26,0.0,1.0,1.0,0.5791165632760771,0.8843671300466261,0.5015312640550376,True,False
4,27,0.0,1.0,1.0,0.5791165632760771,0.884367130044156,0.5015312640550387,True,False
4,28,0.0,1.0,1.0,0.5791165632760837,0.884367130040893,0.501531264055038,True,False
4,29,0.0,1.0,1.0,0.5791165632760789,0.8843671300409914,0.5015312640550382,True,False
4,30,0.0,1.0,1.0,0.5791165632760794,0.8843671300472015,0.5015312640550386,True,False
4,31,0.0,1.0,1.0,0.5791165632760794,0.8843671300412211,0.5015312640550376,True,False
4,32,0.0,1.0,1.0,0.5791165632760811,0.8843671300436303,0.5015312640550377,True,False
4,33,0.0,1.0,1.0,0.5791165632760789,0.8843671300411076,0.5015312640550381,True,False
4,34,0.0,1.0,1.0,0.5791165632760776,0.8843671300437885,0.5015312640550381,True,False
4,35,0.0,1.0,1.0,0.5791165632760787,0.8843671300449089,0.5015312640550373,True,False
4,36,0.0,1.0,1.0,0.5791165632760771,0.8843671300458935,0.5015312640550385,True,False
4,37,0.0,1.0,1.0,0.5791165632760841,0.8843671300423251,0.5015312640550387,True,False
4,38,0.0,1.0,1.0,0.5791165632760817,0.8843671300438988,0.5015312640550381,True,False
4,39,0.0,1.0,1.0,0.5791165632760813,0.8843671300412933,0.501531264055038,True,False
4,40,0.0,1.0,1.0,0.5791165632760734,0.8843671300409829,0.5015312640550381,True,False
4,41,0.0,1.0,1.0,0.5791165632760785,0.8843671300424323,0.5015312640550377,True,False
4,42,0.0,1.0,1.0,0.5791165632760777,0.8843671300418601,0.5015312640550377,True,False
4,43,0.0,1.0,1.0,0.5791165632760777,0.8843671300443922,0.5015312640550378,True,False
4,44,0.0,1.0,1.0,0.5791165632760836,0.8843671300421279,0.5015312640550379,True,False
4,45,0.0,1.0,1.0,0.5791165632760804,0.8843671300456851,0.5015312640550386,True,False
4,46,0.0,1.0,1.0,0.5791165632760817,0.8843671300444548,0.5015312640550385,True,False
4,47,0.0,1.0,1.0,0.5791165632760831,0.8843671300446801,0.5015312640550373,True,False
4,48,0.0,1.0,1.0,0.5791165632760831,0.8843671300410236,0.5015312640550389,True,False
4,49,0.0,1.0,1.0,0.5791165632760814,0.8843671300472121,0.5015312640550377,True,False
4,50,0.0,1.0,1.0,0.5791165632760803,0.8843671300391753,0.5015312640550381,True,False
4,51,0.0,1.0,1.0,0.5791165632760806,0.8843671300436959,0.501531264055038,True,False
4,52,0.0,1.0,1.0,0.5791165632760745,0.8843671300416341,0.5015312640550379,True,False
4,53,0.0,1.0,1.0,0.5791165632760805,0.884367130043722,0.5015312640550376,True,False
4,54,0.0,1.0,1.0,0.5791165632760847,0.8843671300447363,0.5015312640550376,True,False
4,55,0.0,1.0,1.0,0.5791165632760783,0.884367130045731,0.5015312640550386,True,False
4,56,0.0,1.0,1.0,0.5791165632760811,0.8843671300424194,0.501531264055038,True,False
4,57,0.0,1.0,1.0,0.5791165632760777,0.8843671300438869,0.5015312640550381,True,False
4,58,0.0,1.0,1.0,0.5791165632760802,0.8843671300413514,0.5015312640550379,True,False
4,59,0.0,1.0,1.0,0.5791165632760792,0.8843671300411932,0.5015312640550381,True,False
4,60,0.0,1.0,1.0,0.46719539889435424,0.8840774321718416,0.9553971813021942,True,False
4,61,0.0,1.0,1.0,0.6509191474165313,0.808503473477849,0.949815462316771,True,False
4,62,0.0,1.0,1.0,0.41852767226254123,0.7979721933476793,1.0,True,False
4,63,0.0,1.0,1.0,0.6739863014838898,0.8072423748416283,1.0,True,False
4,64,0.0,1.0,1.0,0.49283141645349654,0.795407223544648,1.0,True,False
4,65,0.0,1.0,1.0,0.4740010607126483,0.7674724967036699,0.8854997426017404,True,False
4,66,0.0,1.0,1.0,0.47400106071264836,0.7674724967038096,0.8854997426017404,True,False
4,67,0.0,1.0,1.0,0.47400106071264825,0.767472496704033,0.8854997426017404,True,False
4,68,0.0,1.0,1.0,0.40054175999747527,0.7985073324614977,1.0,True,False
4,69,0.0,1.0,0.9370059211651288,0.2856592611276422,0.9062460669413814,0.1830479314722262,True,False
4,70,0.0,1.0,0.9370059211651288,0.2856592611276422,0.906246066944665,0.18304793147222617,True,False
4,71,0.0,1.0,0.9370059211651288,0.2856592611276422,0.9062460669418864,0.18304793147222617,True,False
4,72,0.0,1.0,0.9862170538395008,0.3769698592902613,0.8084901344650117,1.0,True,False
4,73,0.0,1.0,1.0,0.17374532136476223,0.7691856802989567,0.9356141376760928,True,False
4,74,0.0,1.0,0.8274836101644114,0.20779364470382605,0.8299332922786095,0.23966811330905216,True,False
4,75,0.0,1.0,0.7865595975469379,0.22473090164214235,0.8352415803960954,0.40187476692189333,True,False
4,76,0.0,1.0,0.7865595975469379,0.22473090164212048,0.8352415803960954,0.4018747669218932,True,False
4,77,0.0,1.0,0.934697685155166,0.25712820578333956,0.8841943399540136,0.6433687596653787,True,False
4,78,0.0,1.0,0.934697685155166,0.2571282057833396,0.884194339955044,0.6433687596653787,True,False
4,79,0.0,1.0,0.934697685155166,0.2571282057833396,0.8841943399540136,0.6433687596653787,True,False
4,80,0.0,1.0,0.934697685155166,0.2571282057833396,0.8841943399552962,0.6433687596653789,True,False
4,81,0.0,1.0,0.934697685155166,0.2571282057833396,0.8841943399558508,0.6433687596653789,True,False
4,82,0.0,1.0,0.934697685155166,0.25712820578333967,0.8841943399552962,0.6433687596653787,True,False
4,83,0.0,1.0,0.934697685155166,0.2571282057833396,0.8841943399558508,0.6433687596653789,True,False
4,84,0.0,1.0,0.934697685155166,0.25712820578333967,0.884194339955044,0.6433687596653787,True,False
5,20,0.0,1.0,0.8195488721804511,0.42089019973868214,0.8303406111036624,1.0,True,False
5,21,0.0,1.0,1.0,0.5791165632760784,0.8843671300316376,0.5015312640550376,True,False
5,22,0.0,1.0,0.7366710358106019,0.3202392983907304,0.7823500216191579,1.0,True,False
5,23,0.0,1.0,1.0,0.57911656327608,0.8843671300308642,0.5015312640550381,True,False
5,24,0.0,1.0,1.0,0.5791165632760792,0.8843671300333216,0.5015312640550378,True,False
5,25,0.0,1.0,1.0,0.5791165632760783,0.8843671300307065,0.5015312640550381,True,False
5,26,0.0,1.0,1.0,0.5791165632760764,0.8843671300356827,0.5015312640550375,True,False
5,27,0.0,1.0,1.0,0.5791165632760764,0.8843671300332125,0.5015312640550387,True,False
5,28,0.0,1.0,1.0,0.5791165632760831,0.8843671300299495,0.501531264055038,True,False
5,29,0.0,1.0,1.0,0.5791165632760782,0.884367130030048,0.5015312640550381,True,False
5,30,0.0,1.0,1.0,0.5791165632760787,0.884367130036258,0.5015312640550385,True,False
5,31,0.0,1.0,1.0,0.5791165632760787,0.8843671300302777,0.5015312640550376,True,False
5,32,0.0,1.0,1.0,0.5791165632760804,0.8843671300326869,0.5015312640550377,True,False
5,33,0.0,1.0,1.0,0.5791165632760782,0.8843671300301641,0.5015312640550381,True,False
5,34,0.0,1.0,1.0,0.579116563276077,0.8843671300328451,0.5015312640550381,True,False
5,35,0.0,1.0,1.0,0.5791165632760781,0.8843671300339654,0.5015312640550372,True,False
5,36,0.0,1.0,1.0,0.5791165632760764,0.88436713003495,0.5015312640550385,True,False
5,37,0.0,1.0,1.0,0.5791165632760834,0.8843671300313816,0.5015312640550387,True,False
5,38,0.0,1.0,1.0,0.5791165632760811,0.8843671300329553,0.501531264055038,True,False
5,39,0.0,1.0,1.0,0.5791165632760806,0.8843671300303498,0.5015312640550379,True,False
5,40,0.0,1.0,1.0,0.5791165632760727,0.8843671300300394,0.5015312640550381,True,False
5,41,0.0,1.0,1.0,0.5791165632760779,0.8843671300314888,0.5015312640550376,True,False
5,42,0.0,1.0,1.0,0.5791165632760771,0.8843671300309166,0.5015312640550376,True,False
5,43,0.0,1.0,1.0,0.5791165632760771,0.8843671300334487,0.5015312640550377,True,False
5,44,0.0,1.0,1.0,0.5791165632760831,0.8843671300311843,0.5015312640550379,True,False
5,45,0.0,1.0,1.0,0.5791165632760799,0.8843671300347417,0.5015312640550386,True,False
5,46,0.0,1.0,1.0,0.5791165632760811,0.8843671300335113,0.5015312640550383,True,False
5,47,0.0,1.0,1.0,0.5791165632760825,0.8843671300337367,0.5015312640550373,True,False
5,48,0.0,1.0,1.0,0.5791165632760824,0.88436713003008,0.5015312640550388,True,False
5,49,0.0,1.0,1.0,0.5791165632760807,0.8843671300362687,0.5015312640550377,True,False
5,50,0.0,1.0,1.0,0.5791165632760796,0.8843671300282319,0.501531264055038,True,False
5,51,0.0,1.0,1.0,0.57911656327608,0.8843671300327525,0.501531264055038,True,False
5,52,0.0,1.0,1.0,0.5791165632760739,0.8843671300306907,0.5015312640550379,True,False
5,53,0.0,1.0,1.0,0.5791165632760799,0.8843671300327786,0.5015312640550375,True,False
5,54,0.0,1.0,1.0,0.5791165632760841,0.8843671300337929,0.5015312640550375,True,False
5,55,0.0,1.0,1.0,0.5791165632760776,0.8843671300347875,0.5015312640550385,True,False
5,56,0.0,1.0,1.0,0.5791165632760804,0.8843671300314758,0.5015312640550379,True,False
5,57,0.0,1.0,1.0,0.5791165632760771,0.8843671300329433,0.501531264055038,True,False
5,58,0.0,1.0,1.0,0.5791165632760795,0.8843671300304079,0.5015312640550379,True,False
5,59,0.0,1.0,1.0,0.5791165632760785,0.8843671300302496,0.501531264055038,True,False
5,60,0.0,1.0,1.0,0.46719539889435396,0.8840774321645085,0.9553971813021939,True,False
5,61,0.0,1.0,1.0,0.6509191474165317,0.8085034735060794,0.9498154623167707,True,False
5,62,0.0,1.0,1.0,0.4185276722625415,0.7979721933403462,1.0,True,False
5,63,0.0,1.0,1.0,0.6739863014838905,0.8072423748342951,1.0,True,False
5,64,0.0,1.0,1.0,0.4928314164534969,0.7954072235373149,1.0,True,False
5,65,0.0,1.0,1.0,0.47400106071264875,0.7674724966963368,0.88549974260174,True,False
5,66,0.0,1.0,1.0,0.4740010607126488,0.7674724966964763,0.88549974260174,True,False
5,67,0.0,1.0,1.0,0.47400106071264875,0.7674724966966998,0.88549974260174,True,False
5,68,0.0,1.0,1.0,0.4005417599974756,0.7985073324541646,1.0,True,False
5,69,0.0,1.0,0.9370059211651288,0.2856592611276417,0.9062460669340483,0.18304793147222617,True,False
5,70,0.0,1.0,0.9370059211651288,0.2856592611276417,0.9062460669373319,0.18304793147222617,True,False
5,71,0.0,1.0,0.9370059211651288,0.2856592611276417,0.9062460669345531,0.18304793147222617,True,False
5,72,0.0,1.0,0.9862170538395008,0.3769698592902616,0.8084901344576786,1.0,True,False
5,73,0.0,1.0,1.0,0.17374532136476292,0.7691856803120982,0.9356141376760928,True,False
5,74,0.0,1.0,0.8274836101644114,0.20779364470382544,0.8299332922712763,0.2396681133090528,True,False
5,75,0.0,1.0,0.7865595975469379,0.22473090164214202,0.8352415803887623,0.4018747669218939,True,False
5,76,0.0,1.0,0.7865595975469379,0.22473090164212015,0.8352415803887622,0.4018747669218939,True,False
5,77,0.0,1.0,0.934697685155166,0.25712820578333895,0.8841943399466805,0.6433687596653795,True,False
5,78,0.0,1.0,0.934697685155166,0.257128205783339,0.8841943399477108,0.6433687596653795,True,False
5,79,0.0,1.0,0.934697685155166,0.25712820578333906,0.8841943399466805,0.6433687596653795,True,False
5,80,0.0,1.0,0.934697685155166,0.257128205783339,0.8841943399479629,0.6433687596653795,True,False
5,81,0.0,1.0,0.934697685155166,0.257128205783339,0.8841943399485177,0.6433687596653795,True,False
5,82,0.0,1.0,0.934697685155166,0.25712820578333906,0.8841943399479629,0.6433687596653794,True,False
5,83,0.0,1.0,0.934697685155166,0.257128205783339,0.8841943399485177,0.6433687596653795,True,False
5,84,0.0,1.0,0.934697685155166,0.25712820578333906,0.8841943399477108,0.6433687596653795,True,False
6,20,0.0,1.0,0.8195488721804511,0.42089019973868486,0.8303406111213772,1.0,True,False
6,21,0.0,1.0,1.0,0.5791165632760782,0.8843671300584899,0.5015312640550375,True,False
6,22,0.0,1.0,0.7366710358106019,0.3202392983907332,0.7823500216162941,1.0,True,False
6,23,0.0,1.0,1.0,0.5791165632760797,0.8843671300577166,0.5015312640550379,True,False
6,24,0.0,1.0,1.0,0.5791165632760789,0.884367130060174,0.5015312640550377,True,False
6,25,0.0,1.0,1.0,0.5791165632760781,0.884367130057559,0.501531264055038,True,False
6,26,0.0,1.0,1.0,0.5791165632760762,0.8843671300625351,0.5015312640550375,True,False
6,27,0.0,1.0,1.0,0.5791165632760762,0.884367130060065,0.5015312640550386,True,False
6,28,0.0,1.0,1.0,0.5791165632760829,0.8843671300568019,0.5015312640550379,True,False
6,29,0.0,1.0,1.0,0.579116563276078,0.8843671300569003,0.5015312640550381,True,False
6,30,0.0,1.0,1.0,0.5791165632760784,0.8843671300631104,0.5015312640550383,True,False
6,31,0.0,1.0,1.0,0.5791165632760785,0.8843671300571301,0.5015312640550375,True,False
6,32,0.0,1.0,1.0,0.5791165632760802,0.8843671300595393,0.5015312640550376,True,False
6,33,0.0,1.0,1.0,0.579116563276078,0.8843671300570165,0.5015312640550379,True,False
6,34,0.0,1.0,1.0,0.5791165632760767,0.8843671300596975,0.501531264055038,True,False
6,35,0.0,1.0,1.0,0.5791165632760779,0.8843671300608178,0.5015312640550372,True,False
6,36,0.0,1.0,1.0,0.5791165632760762,0.8843671300618025,0.5015312640550383,True,False
6,37,0.0,1.0,1.0,0.5791165632760832,0.884367130058234,0.5015312640550386,True,False
6,38,0.0,1.0,1.0,0.5791165632760809,0.8843671300598076,0.5015312640550379,True,False
6,39,0.0,1.0,1.0,0.5791165632760804,0.8843671300572022,0.5015312640550379,True,False
6,40,0.0,1.0,1.0,0.5791165632760725,0.8843671300568918,0.501531264055038,True,False
6,41,0.0,1.0,1.0,0.5791165632760776,0.8843671300583411,0.5015312640550375,True,False
6,42,0.0,1.0,1.0,0.5791165632760769,0.884367130057769,0.5015312640550375,True,False
6,43,0.0,1.0,1.0,0.5791165632760769,0.8843671300603011,0.5015312640550376,True,False
6,44,0.0,1.0,1.0,0.5791165632760827,0.8843671300580367,0.5015312640550377,True,False
6,45,0.0,1.0,1.0,0.5791165632760795,0.8843671300615941,0.5015312640550383,True,False
6,46,0.0,1.0,1.0,0.5791165632760809,0.8843671300603637,0.5015312640550383,True,False
6,47,0.0,1.0,1.0,0.5791165632760822,0.8843671300605891,0.5015312640550372,True,False
6,48,0.0,1.0,1.0,0.5791165632760821,0.8843671300569325,0.5015312640550387,True,False
6,49,0.0,1.0,1.0,0.5791165632760804,0.8843671300631211,0.5015312640550375,True,False
6,50,0.0,1.0,1.0,0.5791165632760793,0.8843671300550842,0.5015312640550379,True,False
6,51,0.0,1.0,1.0,0.5791165632760797,0.8843671300596049,0.5015312640550379,True,False
6,52,0.0,1.0,1.0,0.5791165632760736,0.884367130057543,0.5015312640550378,True,False
6,53,0.0,1.0,1.0,0.5791165632760796,0.8843671300596309,0.5015312640550375,True,False
6,54,0.0,1.0,1.0,0.5791165632760837,0.8843671300606452,0.5015312640550373,True,False
6,55,0.0,1.0,1.0,0.5791165632760774,0.8843671300616399,0.5015312640550383,True,False
6,56,0.0,1.0,1.0,0.5791165632760802,0.8843671300583282,0.5015312640550379,True,False
6,57,0.0,1.0,1.0,0.5791165632760769,0.8843671300597957,0.5015312640550379,True,False
6,58,0.0,1.0,1.0,0.5791165632760793,0.8843671300572603,0.5015312640550377,True,False
6,59,0.0,1.0,1.0,0.5791165632760782,0.884367130057102,0.5015312640550379,True,False
6,60,0.0,1.0,1.0,0.46719539889435696,0.8840774321822233,0.9553971813021939,True,False
6,61,0.0,1.0,1.0,0.6509191474165342,0.80850347351948,0.9498154623167707,True,False
6,62,0.0,1.0,1.0,0.4185276722625442,0.7979721933580609,1.0,True,False
6,63,0.0,1.0,1.0,0.6739863014838908,0.8072423748520099,1.0,True,False
6,64,0.0,1.0,1.0,0.4928314164534996,0.7954072235550296,1.0,True,False
6,65,0.0,1.0,1.0,0.4740010607126512,0.7674724967140516,0.88549974260174,True,False
6,66,0.0,1.0,1.0,0.47400106071265125,0.7674724967141912,0.88549974260174,True,False
6,67,0.0,1.0,1.0,0.47400106071265113,0.7674724967144146,0.88549974260174,True,False
6,68,0.0,1.0,1.0,0.40054175999747804,0.7985073324718793,1.0,True,False
6,69,0.0,1.0,0.9370059211651288,0.2856592611276419,0.906246066951763,0.1830479314722264,True,False
6,70,0.0,1.0,0.9370059211651288,0.2856592611276419,0.9062460669550467,0.1830479314722263,True,False
6,71,0.0,1.0,0.9370059211651288,0.2856592611276419,0.906246066952268,0.18304793147222634,True,False
6,72,0.0,1.0,0.9862170538395008,0.3769698592902644,0.8084901344753934,1.0,True,False
6,73,0.0,1.0,1.0,0.17374532136476328,0.7691856802789115,0.9356141376760928,True,False
6,74,0.0,1.0,0.8274836101644114,0.2077936447038245,0.829933292288991,0.23966811330905272,True,False
6,75,0.0,1.0,0.7865595975469379,0.22473090164214563,0.835241580406477,0.4018747669218938,True,False
6,76,0.0,1.0,0.7865595975469379,0.22473090164212375,0.835241580406477,0.4018747669218938,True,False
6,77,0.0,1.0,0.934697685155166,0.2571282057833383,0.8841943399643953,0.6433687596653793,True,False
6,78,0.0,1.0,0.934697685155166,0.2571282057833383,0.8841943399654256,0.6433687596653792,True,False
6,79,0.0,1.0,0.934697685155166,0.25712820578333834,0.8841943399643953,0.6433687596653793,True,False
6,80,0.0,1.0,0.934697685155166,0.2571282057833383,0.8841943399656778,0.6433687596653793,True,False
6,81,0.0,1.0,0.934697685155166,0.2571282057833383,0.8841943399662325,0.6433687596653793,True,False
6,82,0.0,1.0,0.934697685155166,0.2571282057833384,0.8841943399656778,0.6433687596653791,True,False
6,83,0.0,1.0,0.934697685155166,0.2571282057833383,0.8841943399662325,0.6433687596653793,True,False
6,84,0.0,1.0,0.934697685155166,0.2571282057833384,0.8841943399654256,0.6433687596653791,True,False
7,20,0.0,1.0,0.8195488721804511,0.42089019973868536,0.8303406111320393,1.0,True,False
7,21,0.0,1.0,1.0,0.5791165632760784,0.8843671300654417,0.5015312640550372,True,False
7,22,0.0,1.0,0.7366710358106019,0.32023929839073373,0.7823500216296884,1.0,True,False
7,23,0.0,1.0,1.0,0.57911656327608,0.8843671300646683,0.5015312640550377,True,False
7,24,0.0,1.0,1.0,0.5791165632760791,0.8843671300671256,0.5015312640550375,True,False
7,25,0.0,1.0,1.0,0.5791165632760783,0.8843671300645107,0.5015312640550379,True,False
7,26,0.0,1.0,1.0,0.5791165632760764,0.8843671300694868,0.5015312640550372,True,False
7,27,0.0,1.0,1.0,0.5791165632760764,0.8843671300670166,0.5015312640550383,True,False
7,28,0.0,1.0,1.0,0.5791165632760831,0.8843671300637537,0.5015312640550377,True,False
7,29,0.0,1.0,1.0,0.5791165632760782,0.884367130063852,0.5015312640550379,True,False
7,30,0.0,1.0,1.0,0.5791165632760786,0.8843671300700621,0.5015312640550381,True,False
7,31,0.0,1.0,1.0,0.5791165632760787,0.8843671300640817,0.5015312640550372,True,False
7,32,0.0,1.0,1.0,0.5791165632760803,0.8843671300664909,0.5015312640550372,True,False
7,33,0.0,1.0,1.0,0.5791165632760782,0.8843671300639683,0.5015312640550377,True,False
7,34,0.0,1.0,1.0,0.5791165632760769,0.8843671300666491,0.5015312640550378,True,False
7,35,0.0,1.0,1.0,0.5791165632760781,0.8843671300677695,0.501531264055037,True,False
7,36,0.0,1.0,1.0,0.5791165632760764,0.8843671300687541,0.5015312640550381,True,False
7,37,0.0,1.0,1.0,0.5791165632760834,0.8843671300651857,0.5015312640550383,True,False
7,38,0.0,1.0,1.0,0.5791165632760811,0.8843671300667594,0.5015312640550377,True,False
7,39,0.0,1.0,1.0,0.5791165632760806,0.8843671300641539,0.5015312640550377,True,False
7,40,0.0,1.0,1.0,0.5791165632760727,0.8843671300638436,0.5015312640550378,True,False
7,41,0.0,1.0,1.0,0.5791165632760777,0.8843671300652929,0.5015312640550372,True,False
7,42,0.0,1.0,1.0,0.5791165632760771,0.8843671300647207,0.5015312640550372,True,False
7,43,0.0,1.0,1.0,0.579116563276077,0.8843671300672528,0.5015312640550373,True,False
7,44,0.0,1.0,1.0,0.579116563276083,0.8843671300649885,0.5015312640550375,True,False
7,45,0.0,1.0,1.0,0.5791165632760797,0.8843671300685457,0.5015312640550381,True,False
7,46,0.0,1.0,1.0,0.5791165632760811,0.8843671300673155,0.5015312640550381,True,False
7,47,0.0,1.0,1.0,0.5791165632760824,0.8843671300675408,0.501531264055037,True,False
7,48,0.0,1.0,1.0,0.5791165632760823,0.8843671300638842,0.5015312640550386,True,False
7,49,0.0,1.0,1.0,0.5791165632760806,0.8843671300700727,0.5015312640550372,True,False
7,50,0.0,1.0,1.0,0.5791165632760795,0.8843671300620359,0.5015312640550377,True,False
7,51,0.0,1.0,1.0,0.57911656327608,0.8843671300665565,0.5015312640550377,True,False
7,52,0.0,1.0,1.0,0.5791165632760739,0.8843671300644947,0.5015312640550376,True,False
7,53,0.0,1.0,1.0,0.5791165632760799,0.8843671300665826,0.5015312640550372,True,False
7,54,0.0,1.0,1.0,0.579116563276084,0.8843671300675969,0.5015312640550371,True,False
7,55,0.0,1.0,1.0,0.5791165632760775,0.8843671300685916,0.5015312640550381,True,False
7,56,0.0,1.0,1.0,0.5791165632760804,0.88436713006528,0.5015312640550377,True,False
7,57,0.0,1.0,1.0,0.5791165632760771,0.8843671300667475,0.5015312640550377,True,False
7,58,0.0,1.0,1.0,0.5791165632760794,0.884367130064212,0.5015312640550375,True,False
7,59,0.0,1.0,1.0,0.5791165632760784,0.8843671300640538,0.5015312640550377,True,False
7,60,0.0,1.0,1.0,0.4671953988943579,0.8840774321928854,0.9553971813021941,True,False
7,61,0.0,1.0,1.0,0.6509191474165348,0.8085034735231048,0.9498154623167708,True,False
7,62,0.0,1.0,1.0,0.4185276722625447,0.7979721933687229,1.0,True,False
7,63,0.0,1.0,1.0,0.6739863014838906,0.8072423748626719,1.0,True,False
7,64,0.0,1.0,1.0,0.49283141645350015,0.7954072235656916,1.0,True,False
7,65,0.0,1.0,1.0,0.4740010607126517,0.7674724967247136,0.8854997426017402,True,False
7,66,0.0,1.0,1.0,0.4740010607126517,0.7674724967248532,0.8854997426017402,True,False
7,67,0.0,1.0,1.0,0.47400106071265163,0.7674724967250767,0.8854997426017402,True,False
7,68,0.0,1.0,1.0,0.4005417599974785,0.7985073324825414,1.0,True,False
7,69,0.0,1.0,0.9370059211651288,0.2856592611276422,0.9062460669624252,0.18304793147222662,True,False
7,70,0.0,1.0,0.9370059211651288,0.2856592611276422,0.9062460669657088,0.18304793147222653,True,False
7,71,0.0,1.0,0.9370059211651288,0.2856592611276422,0.90624606696293,0.18304793147222656,True,False
7,72,0.0,1.0,0.9862170538395008,0.3769698592902649,0.8084901344860554,1.0,True,False
7,73,0.0,1.0,1.0,0.173745321364763,0.7691856802908775,0.9356141376760928,True,False
7,74,0.0,1.0,0.8274836101644114,0.20779364470382455,0.8299332922996531,0.23966811330905222,True,False
7,75,0.0,1.0,0.7865595975469379,0.22473090164214668,0.835241580417139,0.40187476692189333,True,False
7,76,0.0,1.0,0.7865595975469379,0.22473090164212484,0.835241580417139,0.4018747669218932,True,False
7,77,0.0,1.0,0.934697685155166,0.25712820578333834,0.8841943399750574,0.6433687596653789,True,False
7,78,0.0,1.0,0.934697685155166,0.2571282057833384,0.8841943399760877,0.6433687596653788,True,False
7,79,0.0,1.0,0.934697685155166,0.2571282057833384,0.8841943399750573,0.6433687596653789,True,False
7,80,0.0,1.0,0.934697685155166,0.2571282057833384,0.8841943399763398,0.6433687596653789,True,False
7,81,0.0,1.0,0.934697685155166,0.2571282057833384,0.8841943399768946,0.6433687596653789,True,False
7,82,0.0,1.0,0.934697685155166,0.25712820578333845,0.8841943399763398,0.6433687596653787,True,False
7,83,0.0,1.0,0.934697685155166,0.2571282057833384,0.8841943399768946,0.6433687596653789,True,False
7,84,0.0,1.0,0.934697685155166,0.25712820578333845,0.8841943399760877,0.6433687596653788,True,False
8,20,0.0,1.0,0.8195488721804511,0.4208901997386826,0.8303406111070702,1.0,True,False
8,21,0.0,1.0,1.0,0.5791165632760774,0.8843671300394068,0.5015312640550367,True,False
8,22,0.0,1.0,0.7366710358106019,0.32023929839073084,0.7823500215955171,1.0,True,False
8,23,0.0,1.0,1.0,0.5791165632760791,0.8843671300386335,0.5015312640550372,True,False
8,24,0.0,1.0,1.0,0.5791165632760782,0.8843671300410909,0.501531264055037,True,False
8,25,0.0,1.0,1.0,0.5791165632760773,0.8843671300384759,0.5015312640550372,True,False
8,26,0.0,1.0,1.0,0.5791165632760754,0.884367130043452,0.5015312640550367,True,False
8,27,0.0,1.0,1.0,0.5791165632760755,0.8843671300409819,0.5015312640550378,True,False
8,28,0.0,1.0,1.0,0.5791165632760822,0.8843671300377188,0.5015312640550371,True,False
8,29,0.0,1.0,1.0,0.5791165632760773,0.8843671300378172,0.5015312640550373,True,False
8,30,0.0,1.0,1.0,0.5791165632760777,0.8843671300440273,0.5015312640550377,True,False
8,31,0.0,1.0,1.0,0.5791165632760777,0.884367130038047,0.5015312640550367,True,False
8,32,0.0,1.0,1.0,0.5791165632760794,0.8843671300404562,0.5015312640550368,True,False
8,33,0.0,1.0,1.0,0.5791165632760773,0.8843671300379334,0.5015312640550372,True,False
8,34,0.0,1.0,1.0,0.579116563276076,0.8843671300406144,0.5015312640550373,True,False
8,35,0.0,1.0,1.0,0.5791165632760771,0.8843671300417347,0.5015312640550365,True,False
8,36,0.0,1.0,1.0,0.5791165632760754,0.8843671300427194,0.5015312640550376,True,False
8,37,0.0,1.0,1.0,0.5791165632760824,0.8843671300391509,0.5015312640550378,True,False
8,38,0.0,1.0,1.0,0.5791165632760801,0.8843671300407245,0.5015312640550371,True,False
8,39,0.0,1.0,1.0,0.5791165632760796,0.8843671300381192,0.5015312640550371,True,False
8,40,0.0,1.0,1.0,0.5791165632760717,0.8843671300378088,0.5015312640550372,True,False
8,41,0.0,1.0,1.0,0.5791165632760769,0.884367130039258,0.5015312640550368,True,False
8,42,0.0,1.0,1.0,0.5791165632760762,0.884367130038686,0.5015312640550367,True,False
8,43,0.0,1.0,1.0,0.5791165632760761,0.884367130041218,0.5015312640550368,True,False
8,44,0.0,1.0,1.0,0.5791165632760821,0.8843671300389536,0.501531264055037,True,False
8,45,0.0,1.0,1.0,0.5791165632760789,0.884367130042511,0.5015312640550377,True,False
8,46,0.0,1.0,1.0,0.5791165632760802,0.8843671300412806,0.5015312640550376,True,False
8,47,0.0,1.0,1.0,0.5791165632760815,0.884367130041506,0.5015312640550365,True,False
8,48,0.0,1.0,1.0,0.5791165632760814,0.8843671300378494,0.501531264055038,True,False
8,49,0.0,1.0,1.0,0.5791165632760797,0.884367130044038,0.5015312640550368,True,False
8,50,0.0,1.0,1.0,0.5791165632760786,0.8843671300360011,0.5015312640550372,True,False
8,51,0.0,1.0,1.0,0.5791165632760791,0.8843671300405218,0.5015312640550371,True,False
8,52,0.0,1.0,1.0,0.5791165632760729,0.8843671300384599,0.501531264055037,True,False
8,53,0.0,1.0,1.0,0.5791165632760789,0.8843671300405478,0.5015312640550366,True,False
8,54,0.0,1.0,1.0,0.5791165632760831,0.8843671300415621,0.5015312640550366,True,False
8,55,0.0,1.0,1.0,0.5791165632760766,0.8843671300425568,0.5015312640550377,True,False
8,56,0.0,1.0,1.0,0.5791165632760794,0.8843671300392452,0.5015312640550371,True,False
8,57,0.0,1.0,1.0,0.5791165632760762,0.8843671300407127,0.5015312640550372,True,False
8,58,0.0,1.0,1.0,0.5791165632760785,0.8843671300381772,0.501531264055037,True,False
8,59,0.0,1.0,1.0,0.5791165632760775,0.8843671300380189,0.5015312640550372,True,False
8,60,0.0,1.0,1.0,0.4671953988943536,0.8840774321679163,0.9553971813021938,True,False
8,61,0.0,1.0,1.0,0.650919147416532,0.808503473480468,0.9498154623167707,True,False
8,62,0.0,1.0,1.0,0.41852767226254184,0.797972193343754,1.0,True,False
8,63,0.0,1.0,1.0,0.6739863014838914,0.8072423748377029,1.0,True,False
8,64,0.0,1.0,1.0,0.49283141645349726,0.7954072235407227,1.0,True,False
8,65,0.0,1.0,1.0,0.47400106071264947,0.7674724966997446,0.88549974260174,True,False
8,66,0.0,1.0,1.0,0.47400106071264947,0.7674724966998843,0.88549974260174,True,False
8,67,0.0,1.0,1.0,0.47400106071264947,0.7674724967001076,0.88549974260174,True,False
8,68,0.0,1.0,1.0,0.400541759997476,0.7985073324575724,1.0,True,False
8,69,0.0,1.0,0.9370059211651288,0.28565926112764095,0.9062460669374561,0.183047931472227,True,False
8,70,0.0,1.0,0.9370059211651288,0.28565926112764095,0.9062460669407397,0.18304793147222695,True,False
8,71,0.0,1.0,0.9370059211651288,0.28565926112764095,0.9062460669379611,0.18304793147222698,True,False
8,72,0.0,1.0,0.9862170538395008,0.376969859290262,0.8084901344610864,1.0,True,False
8,73,0.0,1.0,1.0,0.17374532136476378,0.7691856802966832,0.9356141376760928,True,False
8,74,0.0,1.0,0.8274836101644114,0.20779364470382464,0.8299332922746842,0.23966811330905202,True,False
8,75,0.0,1.0,0.7865595975469379,0.22473090164214135,0.8352415803921701,0.4018747669218931,True,False
8,76,0.0,1.0,0.7865595975469379,0.2247309016421195,0.8352415803921701,0.4018747669218931,True,False
8,77,0.0,1.0,0.934697685155166,0.2571282057833381,0.8841943399500883,0.6433687596653787,True,False
8,78,0.0,1.0,0.934697685155166,0.25712820578333817,0.8841943399511186,0.6433687596653787,True,False
8,79,0.0,1.0,0.934697685155166,0.25712820578333817,0.8841943399500883,0.6433687596653787,True,False
8,80,0.0,1.0,0.934697685155166,0.25712820578333817,0.8841943399513709,0.6433687596653789,True,False
8,81,0.0,1.0,0.934697685155166,0.25712820578333817,0.8841943399519255,0.6433687596653789,True,False
8,82,0.0,1.0,0.934697685155166,0.2571282057833382,0.8841943399513708,0.6433687596653787,True,False
8,83,0.0,1.0,0.934697685155166,0.25712820578333817,0.8841943399519255,0.6433687596653789,True,False
8,84,0.0,1.0,0.934697685155166,0.2571282057833382,0.8841943399511186,0.6433687596653787,True,False
9,20,0.0,1.0,0.8195488721804511,0.42089019973868447,0.830340611109881,1.0,True,False
9,21,0.0,1.0,1.0,0.5791165632760785,0.8843671300395576,0.5015312640550365,True,False
9,22,0.0,1.0,0.7366710358106019,0.3202392983907328,0.7823500216161647,1.0,True,False
9,23,0.0,1.0,1.0,0.5791165632760802,0.8843671300387843,0.501531264055037,True,False
9,24,0.0,1.0,1.0,0.5791165632760793,0.8843671300412417,0.5015312640550368,True,False
9,25,0.0,1.0,1.0,0.5791165632760785,0.8843671300386267,0.501531264055037,True,False
9,26,0.0,1.0,1.0,0.5791165632760766,0.8843671300436028,0.5015312640550363,True,False
9,27,0.0,1.0,1.0,0.5791165632760766,0.8843671300411327,0.5015312640550376,True,False
9,28,0.0,1.0,1.0,0.5791165632760833,0.8843671300378696,0.5015312640550369,True,False
9,29,0.0,1.0,1.0,0.5791165632760784,0.884367130037968,0.501531264055037,True,False
9,30,0.0,1.0,1.0,0.5791165632760789,0.8843671300441781,0.5015312640550375,True,False
9,31,0.0,1.0,1.0,0.579116563276079,0.8843671300381978,0.5015312640550365,True,False
9,32,0.0,1.0,1.0,0.5791165632760805,0.884367130040607,0.5015312640550366,True,False
9,33,0.0,1.0,1.0,0.5791165632760784,0.8843671300380842,0.501531264055037,True,False
9,34,0.0,1.0,1.0,0.5791165632760771,0.8843671300407652,0.501531264055037,True,False
9,35,0.0,1.0,1.0,0.5791165632760783,0.8843671300418855,0.5015312640550362,True,False
9,36,0.0,1.0,1.0,0.5791165632760766,0.8843671300428702,0.5015312640550373,True,False
9,37,0.0,1.0,1.0,0.5791165632760836,0.8843671300393017,0.5015312640550376,True,False
9,38,0.0,1.0,1.0,0.5791165632760813,0.8843671300408753,0.5015312640550369,True,False
9,39,0.0,1.0,1.0,0.5791165632760807,0.8843671300382699,0.5015312640550369,True,False
9,40,0.0,1.0,1.0,0.579116563276073,0.8843671300379595,0.501531264055037,True,False
9,41,0.0,1.0,1.0,0.579116563276078,0.8843671300394088,0.5015312640550366,True,False
9,42,0.0,1.0,1.0,0.5791165632760773,0.8843671300388367,0.5015312640550365,True,False
9,43,0.0,1.0,1.0,0.5791165632760772,0.8843671300413688,0.5015312640550366,True,False
9,44,0.0,1.0,1.0,0.5791165632760832,0.8843671300391044,0.5015312640550368,True,False
9,45,0.0,1.0,1.0,0.57911656327608,0.8843671300426617,0.5015312640550375,True,False
9,46,0.0,1.0,1.0,0.5791165632760813,0.8843671300414314,0.5015312640550373,True,False
9,47,0.0,1.0,1.0,0.5791165632760826,0.8843671300416568,0.5015312640550362,True,False
9,48,0.0,1.0,1.0,0.5791165632760825,0.8843671300380002,0.5015312640550378,True,False
9,49,0.0,1.0,1.0,0.5791165632760809,0.8843671300441887,0.5015312640550366,True,False
9,50,0.0,1.0,1.0,0.5791165632760797,0.8843671300361519,0.501531264055037,True,False
9,51,0.0,1.0,1.0,0.5791165632760802,0.8843671300406726,0.5015312640550369,True,False
9,52,0.0,1.0,1.0,0.5791165632760741,0.8843671300386107,0.5015312640550368,True,False
9,53,0.0,1.0,1.0,0.5791165632760801,0.8843671300406986,0.5015312640550365,True,False
9,54,0.0,1.0,1.0,0.5791165632760842,0.8843671300417129,0.5015312640550363,True,False
9,55,0.0,1.0,1.0,0.5791165632760777,0.8843671300427076,0.5015312640550375,True,False
9,56,0.0,1.0,1.0,0.5791165632760806,0.8843671300393959,0.5015312640550369,True,False
9,57,0.0,1.0,1.0,0.5791165632760773,0.8843671300408634,0.501531264055037,True,False
9,58,0.0,1.0,1.0,0.5791165632760796,0.884367130038328,0.5015312640550368,True,False
9,59,0.0,1.0,1.0,0.5791165632760786,0.8843671300381697,0.5015312640550369,True,False
9,60,0.0,1.0,1.0,0.4671953988943574,0.8840774321707271,0.9553971813021941,True,False
9,61,0.0,1.0,1.0,0.6509191474165338,0.8085034735030795,0.949815462316771,True,False
9,62,0.0,1.0,1.0,0.41852767226254367,0.7979721933465647,1.0,True,False
9,63,0.0,1.0,1.0,0.6739863014838902,0.8072423748405136,1.0,True,False
9,64,0.0,1.0,1.0,0.4928314164534992,0.7954072235435333,1.0,True,False
9,65,0.0,1.0,1.0,0.474001060712651,0.7674724967025554,0.8854997426017404,True,False
9,66,0.0,1.0,1.0,0.474001060712651,0.7674724967026949,0.8854997426017404,True,False
9,67,0.0,1.0,1.0,0.474001060712651,0.7674724967029184,0.8854997426017404,True,False
9,68,0.0,1.0,1.0,0.40054175999747754,0.7985073324603832,1.0,True,False
9,69,0.0,1.0,0.9370059211651288,0.2856592611276424,0.9062460669402669,0.18304793147222734,True,False
9,70,0.0,1.0,0.9370059211651288,0.2856592611276424,0.9062460669435505,0.1830479314722273,True,False
9,71,0.0,1.0,0.9370059211651288,0.2856592611276424,0.9062460669407717,0.18304793147222734,True,False
9,72,0.0,1.0,0.9862170538395008,0.37696985929026394,0.8084901344638972,1.0,True,False
9,73,0.0,1.0,1.0,0.1737453213647625,0.7691856803056704,0.9356141376760928,True,False
9,74,0.0,1.0,0.8274836101644114,0.20779364470382514,0.8299332922774949,0.23966811330905116,True,False
9,75,0.0,1.0,0.7865595975469379,0.22473090164214568,0.8352415803949809,0.4018747669218923,True,False
9,76,0.0,1.0,0.7865595975469379,0.2247309016421238,0.8352415803949808,0.4018747669218923,True,False
9,77,0.0,1.0,0.934697685155166,0.25712820578333884,0.8841943399528991,0.6433687596653778,True,False
9,78,0.0,1.0,0.934697685155166,0.25712820578333884,0.8841943399539294,0.6433687596653778,True,False
9,79,0.0,1.0,0.934697685155166,0.2571282057833389,0.8841943399528991,0.6433687596653778,True,False
9,80,0.0,1.0,0.934697685155166,0.25712820578333884,0.8841943399541815,0.6433687596653779,True,False
9,81,0.0,1.0,0.934697685155166,0.25712820578333884,0.8841943399547363,0.6433687596653778,True,False
9,82,0.0,1.0,0.934697685155166,0.25712820578333895,0.8841943399541815,0.6433687596653778,True,False
9,83,0.0,1.0,0.934697685155166,0.25712820578333884,0.8841943399547363,0.6433687596653778,True,False
9,84,0.0,1.0,0.934697685155166,0.25712820578333895,0.8841943399539294,0.6433687596653778,True,False
10,20,0.0,1.0,0.8195488721804511,0.4208901997386826,0.8303406111046971,1.0,True,False
10,21,0.0,1.0,1.0,0.5791165632760775,0.884367130038331,0.5015312640550372,True,False
10,22,0.0,1.0,0.7366710358106019,0.32023929839073084,0.7823500215890693,1.0,True,False
10,23,0.0,1.0,1.0,0.5791165632760791,0.8843671300375576,0.5015312640550377,True,False
10,24,0.0,1.0,1.0,0.5791165632760782,0.8843671300400151,0.5015312640550375,True,False
10,25,0.0,1.0,1.0,0.5791165632760774,0.8843671300374001,0.5015312640550379,True,False
10,26,0.0,1.0,1.0,0.5791165632760755,0.8843671300423762,0.5015312640550372,True,False
10,27,0.0,1.0,1.0,0.5791165632760755,0.884367130039906,0.5015312640550383,True,False
10,28,0.0,1.0,1.0,0.5791165632760822,0.884367130036643,0.5015312640550377,True,False
10,29,0.0,1.0,1.0,0.5791165632760773,0.8843671300367414,0.5015312640550379,True,False
10,30,0.0,1.0,1.0,0.5791165632760777,0.8843671300429514,0.5015312640550381,True,False
10,31,0.0,1.0,1.0,0.5791165632760779,0.8843671300369711,0.5015312640550372,True,False
10,32,0.0,1.0,1.0,0.5791165632760795,0.8843671300393804,0.5015312640550373,True,False
10,33,0.0,1.0,1.0,0.5791165632760773,0.8843671300368576,0.5015312640550377,True,False
10,34,0.0,1.0,1.0,0.5791165632760761,0.8843671300395386,0.5015312640550378,True,False
10,35,0.0,1.0,1.0,0.5791165632760772,0.8843671300406588,0.501531264055037,True,False
10,36,0.0,1.0,1.0,0.5791165632760755,0.8843671300416435,0.5015312640550381,True,False
10,37,0.0,1.0,1.0,0.5791165632760825,0.8843671300380751,0.5015312640550383,True,False
10,38,0.0,1.0,1.0,0.5791165632760802,0.8843671300396487,0.5015312640550377,True,False
10,39,0.0,1.0,1.0,0.5791165632760797,0.8843671300370433,0.5015312640550377,True,False
10,40,0.0,1.0,1.0,0.5791165632760719,0.884367130036733,0.5015312640550378,True,False
10,41,0.0,1.0,1.0,0.579116563276077,0.8843671300381822,0.5015312640550373,True,False
10,42,0.0,1.0,1.0,0.5791165632760762,0.88436713003761,0.5015312640550372,True,False
10,43,0.0,1.0,1.0,0.5791165632760762,0.8843671300401422,0.5015312640550373,True,False
10,44,0.0,1.0,1.0,0.5791165632760821,0.8843671300378778,0.5015312640550376,True,False
10,45,0.0,1.0,1.0,0.5791165632760789,0.8843671300414351,0.5015312640550381,True,False
10,46,0.0,1.0,1.0,0.5791165632760802,0.8843671300402048,0.5015312640550381,True,False
10,47,0.0,1.0,1.0,0.5791165632760815,0.8843671300404301,0.501531264055037,True,False
10,48,0.0,1.0,1.0,0.5791165632760814,0.8843671300367736,0.5015312640550386,True,False
10,49,0.0,1.0,1.0,0.5791165632760797,0.8843671300429621,0.5015312640550372,True,False
10,50,0.0,1.0,1.0,0.5791165632760786,0.8843671300349253,0.5015312640550377,True,False
10,51,0.0,1.0,1.0,0.5791165632760791,0.8843671300394459,0.5015312640550377,True,False
10,52,0.0,1.0,1.0,0.579116563276073,0.8843671300373841,0.5015312640550376,True,False
10,53,0.0,1.0,1.0,0.579116563276079,0.884367130039472,0.5015312640550372,True,False
10,54,0.0,1.0,1.0,0.5791165632760831,0.8843671300404863,0.5015312640550371,True,False
10,55,0.0,1.0,1.0,0.5791165632760767,0.884367130041481,0.5015312640550381,True,False
10,56,0.0,1.0,1.0,0.5791165632760795,0.8843671300381694,0.5015312640550377,True,False
10,57,0.0,1.0,1.0,0.5791165632760762,0.8843671300396369,0.5015312640550377,True,False
10,58,0.0,1.0,1.0,0.5791165632760786,0.8843671300371014,0.5015312640550375,True,False
10,59,0.0,1.0,1.0,0.5791165632760776,0.8843671300369431,0.5015312640550377,True,False
10,60,0.0,1.0,1.0,0.46719539889435346,0.8840774321655432,0.9553971813021941,True,False
10,61,0.0,1.0,1.0,0.6509191474165321,0.808503473475674,0.9498154623167708,True,False
10,62,0.0,1.0,1.0,0.41852767226254195,0.7979721933413809,1.0,True,False
10,63,0.0,1.0,1.0,0.6739863014838915,0.8072423748353298,1.0,True,False
10,64,0.0,1.0,1.0,0.4928314164534973,0.7954072235383496,1.0,True,False
10,65,0.0,1.0,1.0,0.47400106071264936,0.7674724966973715,0.8854997426017402,True,False
10,66,0.0,1.0,1.0,0.47400106071264936,0.7674724966975112,0.8854997426017402,True,False
10,67,0.0,1.0,1.0,0.4740010607126493,0.7674724966977345,0.8854997426017402,True,False
10,68,0.0,1.0,1.0,0.4005417599974761,0.7985073324551993,1.0,True,False
10,69,0.0,1.0,0.9370059211651288,0.2856592611276409,0.906246066935083,0.18304793147222653,True,False
10,70,0.0,1.0,0.9370059211651288,0.2856592611276409,0.9062460669383666,0.18304793147222653,True,False
10,71,0.0,1.0,0.9370059211651288,0.2856592611276409,0.906246066935588,0.18304793147222653,True,False
10,72,0.0,1.0,0.9862170538395008,0.37696985929026205,0.8084901344587133,1.0,True,False
10,73,0.0,1.0,1.0,0.1737453213647639,0.7691856802923847,0.9356141376760928,True,False
10,74,0.0,1.0,0.8274836101644114,0.20779364470382455,0.829933292272311,0.23966811330905222,True,False
10,75,0.0,1.0,0.7865595975469379,0.22473090164214146,0.835241580389797,0.4018747669218932,True,False
10,76,0.0,1.0,0.7865595975469379,0.2247309016421196,0.835241580389797,0.4018747669218932,True,False
10,77,0.0,1.0,0.934697685155166,0.25712820578333806,0.8841943399477152,0.6433687596653789,True,False
10,78,0.0,1.0,0.934697685155166,0.2571282057833381,0.8841943399487455,0.6433687596653788,True,False
10,79,0.0,1.0,0.934697685155166,0.25712820578333817,0.8841943399477152,0.6433687596653789,True,False
10,80,0.0,1.0,0.934697685155166,0.2571282057833381,0.8841943399489978,0.6433687596653789,True,False
10,81,0.0,1.0,0.934697685155166,0.2571282057833381,0.8841943399495524,0.6433687596653789,True,False
10,82,0.0,1.0,0.934697685155166,0.25712820578333817,0.8841943399489977,0.6433687596653789,True,False
10,83,0.0,1.0,0.934697685155166,0.2571282057833381,0.8841943399495524,0.6433687596653789,True,False
10,84,0.0,1.0,0.934697685155166,0.25712820578333817,0.8841943399487456,0.6433687596653789,True,False
11,20,0.0,1.0,0.8195488721804511,0.42089019973868347,0.8303406111030666,1.0,True,False
11,21,0.0,1.0,1.0,0.5791165632760786,0.8843671300374076,0.5015312640550372,True,False
11,22,0.0,1.0,0.7366710358106019,0.32023929839073184,0.78235002159406,1.0,True,False
11,23,0.0,1.0,1.0,0.5791165632760803,0.8843671300366343,0.5015312640550378,True,False
11,24,0.0,1.0,1.0,0.5791165632760795,0.8843671300390916,0.5015312640550376,True,False
11,25,0.0,1.0,1.0,0.5791165632760786,0.8843671300364766,0.5015312640550379,True,False
11,26,0.0,1.0,1.0,0.5791165632760767,0.8843671300414527,0.5015312640550372,True,False
11,27,0.0,1.0,1.0,0.5791165632760767,0.8843671300389826,0.5015312640550383,True,False
11,28,0.0,1.0,1.0,0.5791165632760834,0.8843671300357195,0.5015312640550377,True,False
11,29,0.0,1.0,1.0,0.5791165632760785,0.884367130035818,0.5015312640550379,True,False
11,30,0.0,1.0,1.0,0.5791165632760791,0.884367130042028,0.5015312640550382,True,False
11,31,0.0,1.0,1.0,0.5791165632760791,0.8843671300360477,0.5015312640550372,True,False
11,32,0.0,1.0,1.0,0.5791165632760806,0.8843671300384569,0.5015312640550375,True,False
11,33,0.0,1.0,1.0,0.5791165632760785,0.8843671300359341,0.5015312640550378,True,False
11,34,0.0,1.0,1.0,0.5791165632760773,0.8843671300386151,0.5015312640550379,True,False
11,35,0.0,1.0,1.0,0.5791165632760784,0.8843671300397354,0.501531264055037,True,False
11,36,0.0,1.0,1.0,0.5791165632760767,0.8843671300407201,0.5015312640550381,True,False
11,37,0.0,1.0,1.0,0.5791165632760837,0.8843671300371516,0.5015312640550383,True,False
11,38,0.0,1.0,1.0,0.5791165632760814,0.8843671300387254,0.5015312640550377,True,False
11,39,0.0,1.0,1.0,0.5791165632760809,0.8843671300361199,0.5015312640550377,True,False
11,40,0.0,1.0,1.0,0.5791165632760731,0.8843671300358095,0.5015312640550379,True,False
11,41,0.0,1.0,1.0,0.5791165632760782,0.8843671300372589,0.5015312640550373,True,False
11,42,0.0,1.0,1.0,0.5791165632760774,0.8843671300366867,0.5015312640550372,True,False
11,43,0.0,1.0,1.0,0.5791165632760773,0.8843671300392187,0.5015312640550375,True,False
11,44,0.0,1.0,1.0,0.5791165632760833,0.8843671300369544,0.5015312640550376,True,False
11,45,0.0,1.0,1.0,0.5791165632760801,0.8843671300405117,0.5015312640550382,True,False
11,46,0.0,1.0,1.0,0.5791165632760814,0.8843671300392814,0.5015312640550381,True,False
11,47,0.0,1.0,1.0,0.5791165632760827,0.8843671300395067,0.501531264055037,True,False
11,48,0.0,1.0,1.0,0.5791165632760826,0.8843671300358501,0.5015312640550386,True,False
11,49,0.0,1.0,1.0,0.5791165632760811,0.8843671300420387,0.5015312640550373,True,False
11,50,0.0,1.0,1.0,0.57911656327608,0.8843671300340019,0.5015312640550378,True,False
11,51,0.0,1.0,1.0,0.5791165632760803,0.8843671300385225,0.5015312640550377,True,False
11,52,0.0,1.0,1.0,0.5791165632760742,0.8843671300364607,0.5015312640550376,True,False
11,53,0.0,1.0,1.0,0.5791165632760802,0.8843671300385486,0.5015312640550372,True,False
11,54,0.0,1.0,1.0,0.5791165632760844,0.8843671300395629,0.5015312640550372,True,False
11,55,0.0,1.0,1.0,0.579116563276078,0.8843671300405576,0.5015312640550382,True,False
11,56,0.0,1.0,1.0,0.5791165632760807,0.8843671300372459,0.5015312640550377,True,False
11,57,0.0,1.0,1.0,0.5791165632760774,0.8843671300387134,0.5015312640550378,True,False
11,58,0.0,1.0,1.0,0.5791165632760797,0.884367130036178,0.5015312640550376,True,False
11,59,0.0,1.0,1.0,0.5791165632760789,0.8843671300360196,0.5015312640550378,True,False
11,60,0.0,1.0,1.0,0.4671953988943561,0.8840774321639125,0.9553971813021939,True,False
11,61,0.0,1.0,1.0,0.6509191474165329,0.8085034734865618,0.9498154623167708,True,False
11,62,0.0,1.0,1.0,0.41852767226254284,0.7979721933397502,1.0,True,False
11,63,0.0,1.0,1.0,0.6739863014838902,0.8072423748336992,1.0,True,False
11,64,0.0,1.0,1.0,0.49283141645349826,0.7954072235367189,1.0,True,False
11,65,0.0,1.0,1.0,0.47400106071264997,0.7674724966957409,0.88549974260174,True,False
11,66,0.0,1.0,1.0,0.47400106071265,0.7674724966958805,0.88549974260174,True,False
11,67,0.0,1.0,1.0,0.4740010607126499,0.7674724966961038,0.88549974260174,True,False
11,68,0.0,1.0,1.0,0.40054175999747677,0.7985073324535686,1.0,True,False
11,69,0.0,1.0,0.9370059211651288,0.28565926112764223,0.9062460669334523,0.18304793147222653,True,False
11,70,0.0,1.0,0.9370059211651288,0.28565926112764223,0.9062460669367359,0.1830479314722265,True,False
11,71,0.0,1.0,0.9370059211651288,0.28565926112764223,0.9062460669339573,0.1830479314722265,True,False
11,72,0.0,1.0,0.9862170538395008,0.37696985929026294,0.8084901344570827,1.0,True,False
11,73,0.0,1.0,1.0,0.17374532136476256,0.7691856802900693,0.9356141376760928,True,False
11,74,0.0,1.0,0.8274836101644114,0.2077936447038254,0.8299332922706804,0.23966811330905233,True,False
11,75,0.0,1.0,0.7865595975469379,0.22473090164214443,0.8352415803881663,0.40187476692189344,True,False
11,76,0.0,1.0,0.7865595975469379,0.22473090164212256,0.8352415803881663,0.4018747669218934,True,False
11,77,0.0,1.0,0.934697685155166,0.257128205783339,0.8841943399460847,0.6433687596653789,True,False
11,78,0.0,1.0,0.934697685155166,0.25712820578333906,0.8841943399471149,0.6433687596653789,True,False
11,79,0.0,1.0,0.934697685155166,0.25712820578333906,0.8841943399460845,0.6433687596653789,True,False
11,80,0.0,1.0,0.934697685155166,0.25712820578333906,0.8841943399473671,0.643368759665379,True,False
11,81,0.0,1.0,0.934697685155166,0.25712820578333906,0.8841943399479217,0.6433687596653789,True,False
11,82,0.0,1.0,0.934697685155166,0.2571282057833391,0.8841943399473671,0.6433687596653789,True,False
11,83,0.0,1.0,0.934697685155166,0.25712820578333906,0.8841943399479217,0.6433687596653789,True,False
11,84,0.0,1.0,0.934697685155166,0.2571282057833391,0.8841943399471149,0.6433687596653789,True,False
12,20,0.0,1.0,0.8195488721804511,0.42089019973868336,0.8303406111122348,1.0,True,False
12,21,0.0,1.0,1.0,0.5791165632760781,0.8843671300411432,0.501531264055037,True,False
12,22,0.0,1.0,0.7366710358106019,0.3202392983907317,0.7823500216243617,1.0,True,False
12,23,0.0,1.0,1.0,0.5791165632760797,0.8843671300403699,0.5015312640550376,True,False
12,24,0.0,1.0,1.0,0.5791165632760789,0.8843671300428273,0.5015312640550372,True,False
12,25,0.0,1.0,1.0,0.579116563276078,0.8843671300402123,0.5015312640550377,True,False
12,26,0.0,1.0,1.0,0.5791165632760761,0.8843671300451884,0.501531264055037,True,False
12,27,0.0,1.0,1.0,0.5791165632760762,0.8843671300427183,0.5015312640550381,True,False
12,28,0.0,1.0,1.0,0.5791165632760829,0.8843671300394552,0.5015312640550375,True,False
12,29,0.0,1.0,1.0,0.579116563276078,0.8843671300395536,0.5015312640550377,True,False
12,30,0.0,1.0,1.0,0.5791165632760784,0.8843671300457637,0.5015312640550379,True,False
12,31,0.0,1.0,1.0,0.5791165632760784,0.8843671300397834,0.501531264055037,True,False
12,32,0.0,1.0,1.0,0.5791165632760801,0.8843671300421926,0.5015312640550371,True,False
12,33,0.0,1.0,1.0,0.579116563276078,0.8843671300396698,0.5015312640550375,True,False
12,34,0.0,1.0,1.0,0.5791165632760766,0.8843671300423508,0.5015312640550377,True,False
12,35,0.0,1.0,1.0,0.5791165632760777,0.8843671300434711,0.5015312640550368,True,False
12,36,0.0,1.0,1.0,0.5791165632760761,0.8843671300444558,0.5015312640550379,True,False
12,37,0.0,1.0,1.0,0.5791165632760831,0.8843671300408873,0.5015312640550381,True,False
12,38,0.0,1.0,1.0,0.5791165632760807,0.8843671300424609,0.5015312640550375,True,False
12,39,0.0,1.0,1.0,0.5791165632760803,0.8843671300398556,0.5015312640550375,True,False
12,40,0.0,1.0,1.0,0.5791165632760724,0.8843671300395451,0.5015312640550376,True,False
12,41,0.0,1.0,1.0,0.5791165632760775,0.8843671300409944,0.501531264055037,True,False
12,42,0.0,1.0,1.0,0.5791165632760769,0.8843671300404223,0.501531264055037,True,False
12,43,0.0,1.0,1.0,0.5791165632760767,0.8843671300429544,0.5015312640550372,True,False
12,44,0.0,1.0,1.0,0.5791165632760826,0.88436713004069,0.5015312640550372,True,False
12,45,0.0,1.0,1.0,0.5791165632760795,0.8843671300442473,0.5015312640550379,True,False
12,46,0.0,1.0,1.0,0.5791165632760809,0.884367130043017,0.5015312640550379,True,False
12,47,0.0,1.0,1.0,0.5791165632760822,0.8843671300432424,0.5015312640550368,True,False
12,48,0.0,1.0,1.0,0.5791165632760821,0.8843671300395858,0.5015312640550383,True,False
12,49,0.0,1.0,1.0,0.5791165632760804,0.8843671300457743,0.501531264055037,True,False
12,50,0.0,1.0,1.0,0.5791165632760793,0.8843671300377375,0.5015312640550375,True,False
12,51,0.0,1.0,1.0,0.5791165632760797,0.8843671300422582,0.5015312640550375,True,False
12,52,0.0,1.0,1.0,0.5791165632760735,0.8843671300401963,0.5015312640550373,True,False
12,53,0.0,1.0,1.0,0.5791165632760795,0.8843671300422842,0.501531264055037,True,False
12,54,0.0,1.0,1.0,0.5791165632760837,0.8843671300432985,0.5015312640550369,True,False
12,55,0.0,1.0,1.0,0.5791165632760773,0.8843671300442932,0.5015312640550379,True,False
12,56,0.0,1.0,1.0,0.5791165632760801,0.8843671300409816,0.5015312640550375,True,False
12,57,0.0,1.0,1.0,0.5791165632760769,0.884367130042449,0.5015312640550375,True,False
12,58,0.0,1.0,1.0,0.5791165632760792,0.8843671300399136,0.5015312640550372,True,False
12,59,0.0,1.0,1.0,0.5791165632760782,0.8843671300397553,0.5015312640550375,True,False
12,60,0.0,1.0,1.0,0.46719539889435524,0.8840774321730809,0.9553971813021939,True,False
12,61,0.0,1.0,1.0,0.6509191474165328,0.808503473512234,0.9498154623167707,True,False
12,62,0.0,1.0,1.0,0.41852767226254267,0.7979721933489184,1.0,True,False
12,63,0.0,1.0,1.0,0.6739863014838907,0.8072423748428674,1.0,True,False
12,64,0.0,1.0,1.0,0.4928314164534981,0.7954072235458871,1.0,True,False
12,65,0.0,1.0,1.0,0.47400106071265,0.7674724967049091,0.88549974260174,True,False
12,66,0.0,1.0,1.0,0.47400106071265,0.7674724967050487,0.88549974260174,True,False
12,67,0.0,1.0,1.0,0.47400106071264997,0.7674724967052722,0.88549974260174,True,False
12,68,0.0,1.0,1.0,0.40054175999747665,0.7985073324627369,1.0,True,False
12,69,0.0,1.0,0.9370059211651288,0.2856592611276417,0.9062460669426207,0.18304793147222675,True,False
12,70,0.0,1.0,0.9370059211651288,0.2856592611276416,0.9062460669459043,0.18304793147222675,True,False
12,71,0.0,1.0,0.9370059211651288,0.2856592611276416,0.9062460669431255,0.18304793147222675,True,False
12,72,0.0,1.0,0.9862170538395008,0.37696985929026283,0.808490134466251,1.0,True,False
12,73,0.0,1.0,1.0,0.17374532136476317,0.7691856803081372,0.9356141376760928,True,False
12,74,0.0,1.0,0.8274836101644114,0.20779364470382494,0.8299332922798486,0.23966811330905224,True,False
12,75,0.0,1.0,0.7865595975469379,0.2247309016421434,0.8352415803973345,0.40187476692189333,True,False
12,76,0.0,1.0,0.7865595975469379,0.22473090164212153,0.8352415803973345,0.40187476692189333,True,False
12,77,0.0,1.0,0.934697685155166,0.2571282057833385,0.8841943399552529,0.6433687596653788,True,False
12,78,0.0,1.0,0.934697685155166,0.25712820578333856,0.8841943399562832,0.6433687596653787,True,False
12,79,0.0,1.0,0.934697685155166,0.2571282057833386,0.8841943399552528,0.6433687596653788,True,False
12,80,0.0,1.0,0.934697685155166,0.25712820578333856,0.8841943399565353,0.6433687596653789,True,False
12,81,0.0,1.0,0.934697685155166,0.25712820578333856,0.8841943399570901,0.6433687596653788,True,False
12,82,0.0,1.0,0.934697685155166,0.2571282057833386,0.8841943399565353,0.6433687596653788,True,False
12,83,0.0,1.0,0.934697685155166,0.25712820578333856,0.8841943399570901,0.6433687596653788,True,False
12,84,0.0,1.0,0.934697685155166,0.2571282057833386,0.8841943399562832,0.6433687596653788,True,False
13,20,0.0,1.0,0.8195488721804511,0.4208901997386826,0.8303406111109957,1.0,True,False
13,21,0.0,1.0,1.0,0.5791165632760786,0.884367130042581,0.5015312640550373,True,False
13,22,0.0,1.0,0.7366710358106019,0.32023929839073084,0.7823500215967234,1.0,True,False
13,23,0.0,1.0,1.0,0.5791165632760803,0.8843671300418077,0.5015312640550378,True,False
13,24,0.0,1.0,1.0,0.5791165632760794,0.884367130044265,0.5015312640550376,True,False
13,25,0.0,1.0,1.0,0.5791165632760786,0.8843671300416501,0.5015312640550379,True,False
13,26,0.0,1.0,1.0,0.5791165632760766,0.8843671300466261,0.5015312640550372,True,False
13,27,0.0,1.0,1.0,0.5791165632760767,0.884367130044156,0.5015312640550383,True,False
13,28,0.0,1.0,1.0,0.5791165632760834,0.884367130040893,0.5015312640550378,True,False
13,29,0.0,1.0,1.0,0.5791165632760785,0.8843671300409914,0.5015312640550379,True,False
13,30,0.0,1.0,1.0,0.579116563276079,0.8843671300472015,0.5015312640550382,True,False
13,31,0.0,1.0,1.0,0.5791165632760791,0.8843671300412211,0.5015312640550373,True,False
13,32,0.0,1.0,1.0,0.5791165632760806,0.8843671300436303,0.5015312640550375,True,False
13,33,0.0,1.0,1.0,0.5791165632760785,0.8843671300411076,0.5015312640550378,True,False
13,34,0.0,1.0,1.0,0.5791165632760772,0.8843671300437885,0.5015312640550379,True,False
13,35,0.0,1.0,1.0,0.5791165632760783,0.8843671300449089,0.501531264055037,True,False
13,36,0.0,1.0,1.0,0.5791165632760766,0.8843671300458935,0.5015312640550381,True,False
13,37,0.0,1.0,1.0,0.5791165632760837,0.8843671300423251,0.5015312640550383,True,False
13,38,0.0,1.0,1.0,0.5791165632760813,0.8843671300438988,0.5015312640550377,True,False
13,39,0.0,1.0,1.0,0.5791165632760809,0.8843671300412933,0.5015312640550377,True,False
13,40,0.0,1.0,1.0,0.5791165632760731,0.8843671300409829,0.5015312640550379,True,False
13,41,0.0,1.0,1.0,0.5791165632760781,0.8843671300424323,0.5015312640550373,True,False
13,42,0.0,1.0,1.0,0.5791165632760774,0.8843671300418601,0.5015312640550372,True,False
13,43,0.0,1.0,1.0,0.5791165632760773,0.8843671300443922,0.5015312640550375,True,False
13,44,0.0,1.0,1.0,0.5791165632760833,0.8843671300421279,0.5015312640550377,True,False
13,45,0.0,1.0,1.0,0.5791165632760801,0.8843671300456851,0.5015312640550382,True,False
13,46,0.0,1.0,1.0,0.5791165632760814,0.8843671300444548,0.5015312640550381,True,False
13,47,0.0,1.0,1.0,0.5791165632760827,0.8843671300446801,0.5015312640550371,True,False
13,48,0.0,1.0,1.0,0.5791165632760826,0.8843671300410236,0.5015312640550386,True,False
13,49,0.0,1.0,1.0,0.579116563276081,0.8843671300472121,0.5015312640550373,True,False
13,50,0.0,1.0,1.0,0.5791165632760799,0.8843671300391753,0.5015312640550378,True,False
13,51,0.0,1.0,1.0,0.5791165632760803,0.8843671300436959,0.5015312640550377,True,False
13,52,0.0,1.0,1.0,0.5791165632760742,0.8843671300416341,0.5015312640550377,True,False
13,53,0.0,1.0,1.0,0.5791165632760802,0.884367130043722,0.5015312640550372,True,False
13,54,0.0,1.0,1.0,0.5791165632760843,0.8843671300447363,0.5015312640550372,True,False
13,55,0.0,1.0,1.0,0.5791165632760779,0.884367130045731,0.5015312640550382,True,False
13,56,0.0,1.0,1.0,0.5791165632760806,0.8843671300424194,0.5015312640550377,True,False
13,57,0.0,1.0,1.0,0.5791165632760774,0.8843671300438869,0.5015312640550378,True,False
13,58,0.0,1.0,1.0,0.5791165632760797,0.8843671300413514,0.5015312640550376,True,False
13,59,0.0,1.0,1.0,0.5791165632760787,0.8843671300411932,0.5015312640550378,True,False
13,60,0.0,1.0,1.0,0.4671953988943549,0.8840774321718416,0.9553971813021939,True,False
13,61,0.0,1.0,1.0,0.650919147416532,0.808503473477849,0.9498154623167707,True,False
13,62,0.0,1.0,1.0,0.4185276722625419,0.7979721933476793,1.0,True,False
13,63,0.0,1.0,1.0,0.6739863014838902,0.8072423748416283,1.0,True,False
13,64,0.0,1.0,1.0,0.49283141645349726,0.795407223544648,1.0,True,False
13,65,0.0,1.0,1.0,0.47400106071264914,0.7674724967036699,0.88549974260174,True,False
13,66,0.0,1.0,1.0,0.4740010607126492,0.7674724967038096,0.88549974260174,True,False
13,67,0.0,1.0,1.0,0.47400106071264914,0.767472496704033,0.88549974260174,True,False
13,68,0.0,1.0,1.0,0.40054175999747593,0.7985073324614977,1.0,True,False
13,69,0.0,1.0,0.9370059211651288,0.285659261127642,0.9062460669413814,0.18304793147222645,True,False
13,70,0.0,1.0,0.9370059211651288,0.285659261127642,0.906246066944665,0.18304793147222642,True,False
13,71,0.0,1.0,0.9370059211651288,0.285659261127642,0.9062460669418864,0.18304793147222642,True,False
13,72,0.0,1.0,0.9862170538395008,0.37696985929026205,0.8084901344650117,1.0,True,False
13,73,0.0,1.0,1.0,0.17374532136476256,0.7691856802989567,0.9356141376760928,True,False
13,74,0.0,1.0,0.8274836101644114,0.2077936447038256,0.8299332922786095,0.23966811330905236,True,False
13,75,0.0,1.0,0.7865595975469379,0.224730901642143,0.8352415803960954,0.40187476692189344,True,False
13,76,0.0,1.0,0.7865595975469379,0.22473090164212112,0.8352415803960954,0.40187476692189344,True,False
13,77,0.0,1.0,0.934697685155166,0.25712820578333917,0.8841943399540136,0.643368759665379,True,False
13,78,0.0,1.0,0.934697685155166,0.25712820578333917,0.884194339955044,0.643368759665379,True,False
13,79,0.0,1.0,0.934697685155166,0.2571282057833392,0.8841943399540136,0.643368759665379,True,False
13,80,0.0,1.0,0.934697685155166,0.25712820578333917,0.8841943399552962,0.6433687596653791,True,False
13,81,0.0,1.0,0.934697685155166,0.25712820578333917,0.8841943399558508,0.643368759665379,True,False
13,82,0.0,1.0,0.934697685155166,0.2571282057833393,0.8841943399552962,0.643368759665379,True,False
13,83,0.0,1.0,0.934697685155166,0.25712820578333917,0.8841943399558508,0.643368759665379,True,False
13,84,0.0,1.0,0.934697685155166,0.2571282057833393,0.884194339955044,0.643368759665379,True,False
14,20,0.0,1.0,0.8195488721804511,0.42089019973868225,0.8303406111036624,1.0,True,False
14,21,0.0,1.0,1.0,0.5791165632760793,0.8843671300316376,0.5015312640550375,True,False
14,22,0.0,1.0,0.7366710358106019,0.32023929839073056,0.7823500216191579,1.0,True,False
14,23,0.0,1.0,1.0,0.579116563276081,0.8843671300308642,0.5015312640550379,True,False
14,24,0.0,1.0,1.0,0.5791165632760801,0.8843671300333216,0.5015312640550377,True,False
14,25,0.0,1.0,1.0,0.5791165632760793,0.8843671300307065,0.501531264055038,True,False
14,26,0.0,1.0,1.0,0.5791165632760773,0.8843671300356827,0.5015312640550372,True,False
14,27,0.0,1.0,1.0,0.5791165632760774,0.8843671300332125,0.5015312640550385,True,False
14,28,0.0,1.0,1.0,0.5791165632760841,0.8843671300299495,0.5015312640550378,True,False
14,29,0.0,1.0,1.0,0.5791165632760792,0.884367130030048,0.501531264055038,True,False
14,30,0.0,1.0,1.0,0.5791165632760796,0.884367130036258,0.5015312640550383,True,False
14,31,0.0,1.0,1.0,0.5791165632760797,0.8843671300302777,0.5015312640550375,True,False
14,32,0.0,1.0,1.0,0.5791165632760813,0.8843671300326869,0.5015312640550375,True,False
14,33,0.0,1.0,1.0,0.5791165632760792,0.8843671300301641,0.5015312640550379,True,False
14,34,0.0,1.0,1.0,0.5791165632760779,0.8843671300328451,0.5015312640550379,True,False
14,35,0.0,1.0,1.0,0.579116563276079,0.8843671300339654,0.501531264055037,True,False
14,36,0.0,1.0,1.0,0.5791165632760773,0.88436713003495,0.5015312640550382,True,False
14,37,0.0,1.0,1.0,0.5791165632760844,0.8843671300313816,0.5015312640550385,True,False
14,38,0.0,1.0,1.0,0.579116563276082,0.8843671300329553,0.5015312640550378,True,False
14,39,0.0,1.0,1.0,0.5791165632760815,0.8843671300303498,0.5015312640550378,True,False
14,40,0.0,1.0,1.0,0.5791165632760737,0.8843671300300394,0.5015312640550379,True,False
14,41,0.0,1.0,1.0,0.5791165632760787,0.8843671300314888,0.5015312640550375,True,False
14,42,0.0,1.0,1.0,0.5791165632760781,0.8843671300309166,0.5015312640550375,True,False
14,43,0.0,1.0,1.0,0.579116563276078,0.8843671300334487,0.5015312640550376,True,False
14,44,0.0,1.0,1.0,0.579116563276084,0.8843671300311843,0.5015312640550377,True,False
14,45,0.0,1.0,1.0,0.5791165632760807,0.8843671300347417,0.5015312640550383,True,False
14,46,0.0,1.0,1.0,0.5791165632760821,0.8843671300335113,0.5015312640550382,True,False
14,47,0.0,1.0,1.0,0.5791165632760834,0.8843671300337367,0.5015312640550371,True,False
14,48,0.0,1.0,1.0,0.5791165632760833,0.88436713003008,0.5015312640550387,True,False
14,49,0.0,1.0,1.0,0.5791165632760816,0.8843671300362687,0.5015312640550375,True,False
14,50,0.0,1.0,1.0,0.5791165632760805,0.8843671300282319,0.5015312640550379,True,False
14,51,0.0,1.0,1.0,0.579116563276081,0.8843671300327525,0.5015312640550378,True,False
14,52,0.0,1.0,1.0,0.5791165632760749,0.8843671300306907,0.5015312640550377,True,False
14,53,0.0,1.0,1.0,0.5791165632760809,0.8843671300327786,0.5015312640550373,True,False
14,54,0.0,1.0,1.0,0.579116563276085,0.8843671300337929,0.5015312640550372,True,False
14,55,0.0,1.0,1.0,0.5791165632760785,0.8843671300347875,0.5015312640550383,True,False
14,56,0.0,1.0,1.0,0.5791165632760813,0.8843671300314758,0.5015312640550378,True,False
14,57,0.0,1.0,1.0,0.5791165632760781,0.8843671300329433,0.5015312640550379,True,False
14,58,0.0,1.0,1.0,0.5791165632760804,0.8843671300304079,0.5015312640550377,True,False
14,59,0.0,1.0,1.0,0.5791165632760794,0.8843671300302496,0.5015312640550379,True,False
14,60,0.0,1.0,1.0,0.46719539889435535,0.8840774321645085,0.9553971813021939,True,False
14,61,0.0,1.0,1.0,0.6509191474165317,0.8085034735060794,0.9498154623167707,True,False
14,62,0.0,1.0,1.0,0.4185276722625416,0.7979721933403462,1.0,True,False
14,63,0.0,1.0,1.0,0.6739863014838894,0.8072423748342951,1.0,True,False
14,64,0.0,1.0,1.0,0.492831416453497,0.7954072235373149,1.0,True,False
14,65,0.0,1.0,1.0,0.4740010607126488,0.7674724966963368,0.88549974260174,True,False
14,66,0.0,1.0,1.0,0.4740010607126488,0.7674724966964763,0.88549974260174,True,False
14,67,0.0,1.0,1.0,0.4740010607126488,0.7674724966966998,0.88549974260174,True,False
14,68,0.0,1.0,1.0,0.40054175999747554,0.7985073324541646,1.0,True,False
14,69,0.0,1.0,0.9370059211651288,0.2856592611276426,0.9062460669340483,0.18304793147222634,True,False
14,70,0.0,1.0,0.9370059211651288,0.2856592611276426,0.9062460669373319,0.1830479314722263,True,False
14,71,0.0,1.0,0.9370059211651288,0.2856592611276426,0.9062460669345531,0.18304793147222634,True,False
14,72,0.0,1.0,0.9862170538395008,0.3769698592902617,0.8084901344576786,1.0,True,False
14,73,0.0,1.0,1.0,0.17374532136476184,0.7691856803120982,0.9356141376760928,True,False
14,74,0.0,1.0,0.8274836101644114,0.20779364470382627,0.8299332922712763,0.2396681133090526,True,False
14,75,0.0,1.0,0.7865595975469379,0.22473090164214343,0.8352415803887623,0.4018747669218938,True,False
14,76,0.0,1.0,0.7865595975469379,0.22473090164212156,0.8352415803887622,0.4018747669218938,True,False
14,77,0.0,1.0,0.934697685155166,0.25712820578333984,0.8841943399466805,0.6433687596653793,True,False
14,78,0.0,1.0,0.934697685155166,0.25712820578333984,0.8841943399477108,0.6433687596653793,True,False
14,79,0.0,1.0,0.934697685155166,0.2571282057833399,0.8841943399466805,0.6433687596653793,True,False
14,80,0.0,1.0,0.934697685155166,0.25712820578333984,0.8841943399479629,0.6433687596653794,True,False
14,81,0.0,1.0,0.934697685155166,0.25712820578333984,0.8841943399485177,0.6433687596653794,True,False
14,82,0.0,1.0,0.934697685155166,0.2571282057833399,0.8841943399479629,0.6433687596653793,True,False
14,83,0.0,1.0,0.934697685155166,0.25712820578333984,0.8841943399485177,0.6433687596653794,True,False
14,84,0.0,1.0,0.934697685155166,0.2571282057833399,0.8841943399477108,0.6433687596653793,True,False
15,20,0.0,1.0,0.8195488721804511,0.4208901997386819,0.8303406111186684,1.0,True,False
15,21,0.0,1.0,1.0,0.5791165632760789,0.8843671300496265,0.5015312640550369,True,False
15,22,0.0,1.0,0.7366710358106019,0.3202392983907302,0.7823500216278113,1.0,True,False
15,23,0.0,1.0,1.0,0.5791165632760805,0.8843671300488531,0.5015312640550375,True,False
15,24,0.0,1.0,1.0,0.5791165632760796,0.8843671300513105,0.5015312640550372,True,False
15,25,0.0,1.0,1.0,0.5791165632760789,0.8843671300486956,0.5015312640550375,True,False
15,26,0.0,1.0,1.0,0.5791165632760769,0.8843671300536716,0.5015312640550368,True,False
15,27,0.0,1.0,1.0,0.579116563276077,0.8843671300512015,0.501531264055038,True,False
15,28,0.0,1.0,1.0,0.5791165632760836,0.8843671300479385,0.5015312640550373,True,False
15,29,0.0,1.0,1.0,0.5791165632760787,0.8843671300480369,0.5015312640550375,True,False
15,30,0.0,1.0,1.0,0.5791165632760792,0.8843671300542469,0.5015312640550378,True,False
15,31,0.0,1.0,1.0,0.5791165632760793,0.8843671300482666,0.5015312640550369,True,False
15,32,0.0,1.0,1.0,0.5791165632760809,0.8843671300506758,0.501531264055037,True,False
15,33,0.0,1.0,1.0,0.5791165632760787,0.8843671300481531,0.5015312640550375,True,False
15,34,0.0,1.0,1.0,0.5791165632760774,0.884367130050834,0.5015312640550375,True,False
15,35,0.0,1.0,1.0,0.5791165632760785,0.8843671300519543,0.5015312640550367,True,False
15,36,0.0,1.0,1.0,0.5791165632760769,0.884367130052939,0.5015312640550378,True,False
15,37,0.0,1.0,1.0,0.579116563276084,0.8843671300493706,0.501531264055038,True,False
15,38,0.0,1.0,1.0,0.5791165632760815,0.8843671300509443,0.5015312640550373,True,False
15,39,0.0,1.0,1.0,0.5791165632760811,0.8843671300483388,0.5015312640550373,True,False
15,40,0.0,1.0,1.0,0.5791165632760733,0.8843671300480285,0.5015312640550375,True,False
15,41,0.0,1.0,1.0,0.5791165632760783,0.8843671300494778,0.501531264055037,True,False
15,42,0.0,1.0,1.0,0.5791165632760776,0.8843671300489055,0.5015312640550369,True,False
15,43,0.0,1.0,1.0,0.5791165632760775,0.8843671300514376,0.501531264055037,True,False
15,44,0.0,1.0,1.0,0.5791165632760835,0.8843671300491733,0.5015312640550372,True,False
15,45,0.0,1.0,1.0,0.5791165632760803,0.8843671300527306,0.5015312640550379,True,False
15,46,0.0,1.0,1.0,0.5791165632760816,0.8843671300515004,0.5015312640550377,True,False
15,47,0.0,1.0,1.0,0.579116563276083,0.8843671300517256,0.5015312640550367,True,False
15,48,0.0,1.0,1.0,0.5791165632760829,0.8843671300480691,0.5015312640550381,True,False
15,49,0.0,1.0,1.0,0.5791165632760812,0.8843671300542576,0.501531264055037,True,False
15,50,0.0,1.0,1.0,0.5791165632760801,0.8843671300462208,0.5015312640550373,True,False
15,51,0.0,1.0,1.0,0.5791165632760805,0.8843671300507414,0.5015312640550373,True,False
15,52,0.0,1.0,1.0,0.5791165632760744,0.8843671300486796,0.5015312640550372,True,False
15,53,0.0,1.0,1.0,0.5791165632760804,0.8843671300507675,0.5015312640550368,True,False
15,54,0.0,1.0,1.0,0.5791165632760845,0.8843671300517818,0.5015312640550368,True,False
15,55,0.0,1.0,1.0,0.5791165632760781,0.8843671300527766,0.5015312640550379,True,False
15,56,0.0,1.0,1.0,0.5791165632760809,0.8843671300494649,0.5015312640550373,True,False
15,57,0.0,1.0,1.0,0.5791165632760776,0.8843671300509324,0.5015312640550373,True,False
15,58,0.0,1.0,1.0,0.57911656327608,0.884367130048397,0.5015312640550372,True,False
15,59,0.0,1.0,1.0,0.579116563276079,0.8843671300482386,0.5015312640550375,True,False
15,60,0.0,1.0,1.0,0.46719539889435446,0.8840774321795145,0.9553971813021941,True,False
15,61,0.0,1.0,1.0,0.6509191474165313,0.8085034735202551,0.9498154623167708,True,False
15,62,0.0,1.0,1.0,0.4185276722625412,0.7979721933553521,1.0,True,False
15,63,0.0,1.0,1.0,0.6739863014838898,0.8072423748493011,1.0,True,False
15,64,0.0,1.0,1.0,0.4928314164534966,0.7954072235523207,1.0,True,False
15,65,0.0,1.0,1.0,0.4740010607126486,0.7674724967113428,0.8854997426017402,True,False
15,66,0.0,1.0,1.0,0.4740010607126487,0.7674724967114823,0.8854997426017402,True,False
15,67,0.0,1.0,1.0,0.4740010607126486,0.7674724967117058,0.8854997426017402,True,False
15,68,0.0,1.0,1.0,0.40054175999747527,0.7985073324691705,1.0,True,False
15,69,0.0,1.0,0.9370059211651288,0.2856592611276422,0.9062460669490543,0.1830479314722269,True,False
15,70,0.0,1.0,0.9370059211651288,0.2856592611276422,0.9062460669523379,0.18304793147222687,True,False
15,71,0.0,1.0,0.9370059211651288,0.2856592611276422,0.9062460669495591,0.18304793147222687,True,False
15,72,0.0,1.0,0.9862170538395008,0.37696985929026133,0.8084901344726846,1.0,True,False
15,73,0.0,1.0,1.0,0.17374532136476223,0.7691856803004846,0.9356141376760928,True,False
15,74,0.0,1.0,0.8274836101644114,0.20779364470382605,0.8299332922862822,0.2396681133090519,True,False
15,75,0.0,1.0,0.7865595975469379,0.2247309016421423,0.8352415804037682,0.40187476692189295,True,False
15,76,0.0,1.0,0.7865595975469379,0.22473090164212045,0.8352415804037682,0.40187476692189295,True,False
15,77,0.0,1.0,0.934697685155166,0.2571282057833395,0.8841943399616865,0.6433687596653784,True,False
15,78,0.0,1.0,0.934697685155166,0.25712820578333956,0.8841943399627168,0.6433687596653783,True,False
15,79,0.0,1.0,0.934697685155166,0.2571282057833396,0.8841943399616864,0.6433687596653784,True,False
15,80,0.0,1.0,0.934697685155166,0.25712820578333956,0.8841943399629689,0.6433687596653785,True,False
15,81,0.0,1.0,0.934697685155166,0.25712820578333956,0.8841943399635237,0.6433687596653785,True,False
15,82,0.0,1.0,0.934697685155166,0.2571282057833396,0.8841943399629689,0.6433687596653784,True,False
15,83,0.0,1.0,0.934697685155166,0.25712820578333956,0.8841943399635237,0.6433687596653785,True,False
15,84,0.0,1.0,0.934697685155166,0.2571282057833396,0.8841943399627168,0.6433687596653784,True,False
16,20,0.0,1.0,0.8195488721804511,0.42089019973868425,0.8303406111235995,1.0,True,False
16,21,0.0,1.0,1.0,0.579116563276078,0.8843671300570018,0.5015312640550375,True,False
16,22,0.0,1.0,0.7366710358106019,0.32023929839073256,0.7823500216055043,1.0,True,False
16,23,0.0,1.0,1.0,0.5791165632760795,0.8843671300562285,0.5015312640550381,True,False
16,24,0.0,1.0,1.0,0.5791165632760787,0.8843671300586858,0.5015312640550378,True,False
16,25,0.0,1.0,1.0,0.5791165632760779,0.8843671300560709,0.5015312640550381,True,False
16,26,0.0,1.0,1.0,0.579116563276076,0.884367130061047,0.5015312640550375,True,False
16,27,0.0,1.0,1.0,0.579116563276076,0.8843671300585768,0.5015312640550386,True,False
16,28,0.0,1.0,1.0,0.5791165632760826,0.8843671300553138,0.501531264055038,True,False
16,29,0.0,1.0,1.0,0.5791165632760777,0.8843671300554122,0.5015312640550381,True,False
16,30,0.0,1.0,1.0,0.5791165632760782,0.8843671300616223,0.5015312640550385,True,False
16,31,0.0,1.0,1.0,0.5791165632760783,0.8843671300556419,0.5015312640550375,True,False
16,32,0.0,1.0,1.0,0.57911656327608,0.8843671300580511,0.5015312640550377,True,False
16,33,0.0,1.0,1.0,0.5791165632760777,0.8843671300555284,0.501531264055038,True,False
16,34,0.0,1.0,1.0,0.5791165632760765,0.8843671300582093,0.5015312640550381,True,False
16,35,0.0,1.0,1.0,0.5791165632760776,0.8843671300593297,0.5015312640550372,True,False
16,36,0.0,1.0,1.0,0.579116563276076,0.8843671300603143,0.5015312640550383,True,False
16,37,0.0,1.0,1.0,0.579116563276083,0.8843671300567458,0.5015312640550387,True,False
16,38,0.0,1.0,1.0,0.5791165632760806,0.8843671300583196,0.5015312640550379,True,False
16,39,0.0,1.0,1.0,0.5791165632760802,0.8843671300557141,0.5015312640550379,True,False
16,40,0.0,1.0,1.0,0.5791165632760723,0.8843671300554037,0.5015312640550381,True,False
16,41,0.0,1.0,1.0,0.5791165632760774,0.8843671300568531,0.5015312640550376,True,False
16,42,0.0,1.0,1.0,0.5791165632760766,0.8843671300562809,0.5015312640550376,True,False
16,43,0.0,1.0,1.0,0.5791165632760766,0.884367130058813,0.5015312640550377,True,False
16,44,0.0,1.0,1.0,0.5791165632760825,0.8843671300565487,0.5015312640550379,True,False
16,45,0.0,1.0,1.0,0.5791165632760793,0.8843671300601059,0.5015312640550385,True,False
16,46,0.0,1.0,1.0,0.5791165632760806,0.8843671300588756,0.5015312640550383,True,False
16,47,0.0,1.0,1.0,0.579116563276082,0.884367130059101,0.5015312640550372,True,False
16,48,0.0,1.0,1.0,0.5791165632760819,0.8843671300554444,0.5015312640550388,True,False
16,49,0.0,1.0,1.0,0.5791165632760802,0.8843671300616329,0.5015312640550376,True,False
16,50,0.0,1.0,1.0,0.5791165632760791,0.8843671300535961,0.501531264055038,True,False
16,51,0.0,1.0,1.0,0.5791165632760795,0.8843671300581167,0.5015312640550379,True,False
16,52,0.0,1.0,1.0,0.5791165632760734,0.8843671300560549,0.5015312640550379,True,False
16,53,0.0,1.0,1.0,0.5791165632760794,0.8843671300581428,0.5015312640550375,True,False
16,54,0.0,1.0,1.0,0.5791165632760836,0.8843671300591571,0.5015312640550375,True,False
16,55,0.0,1.0,1.0,0.5791165632760772,0.8843671300601518,0.5015312640550386,True,False
16,56,0.0,1.0,1.0,0.57911656327608,0.8843671300568402,0.5015312640550379,True,False
16,57,0.0,1.0,1.0,0.5791165632760766,0.8843671300583076,0.501531264055038,True,False
16,58,0.0,1.0,1.0,0.5791165632760791,0.8843671300557722,0.5015312640550378,True,False
16,59,0.0,1.0,1.0,0.5791165632760781,0.8843671300556138,0.5015312640550381,True,False
16,60,0.0,1.0,1.0,0.4671953988943559,0.8840774321844455,0.9553971813021941,True,False
16,61,0.0,1.0,1.0,0.6509191474165337,0.8085034734900214,0.9498154623167708,True,False
16,62,0.0,1.0,1.0,0.4185276722625436,0.7979721933602831,1.0,True,False
16,63,0.0,1.0,1.0,0.673986301483891,0.8072423748542321,1.0,True,False
16,64,0.0,1.0,1.0,0.49283141645349904,0.7954072235572518,1.0,True,False
16,65,0.0,1.0,1.0,0.47400106071265063,0.7674724967162738,0.8854997426017402,True,False
16,66,0.0,1.0,1.0,0.4740010607126507,0.7674724967164134,0.8854997426017402,True,False
16,67,0.0,1.0,1.0,0.47400106071265063,0.7674724967166368,0.8854997426017402,True,False
16,68,0.0,1.0,1.0,0.40054175999747754,0.7985073324741015,1.0,True,False
16,69,0.0,1.0,0.9370059211651288,0.28565926112764156,0.9062460669539852,0.1830479314722263,True,False
16,70,0.0,1.0,0.9370059211651288,0.2856592611276415,0.9062460669572688,0.18304793147222628,True,False
16,71,0.0,1.0,0.9370059211651288,0.2856592611276415,0.9062460669544902,0.18304793147222628,True,False
16,72,0.0,1.0,0.9862170538395008,0.3769698592902637,0.8084901344776155,1.0,True,False
16,73,0.0,1.0,1.0,0.1737453213647635,0.7691856802915904,0.9356141376760928,True,False
16,74,0.0,1.0,0.8274836101644114,0.20779364470382444,0.8299332922912133,0.23966811330905255,True,False
16,75,0.0,1.0,0.7865595975469379,0.22473090164214443,0.8352415804086992,0.4018747669218936,True,False
16,76,0.0,1.0,0.7865595975469379,0.2247309016421226,0.8352415804086992,0.4018747669218936,True,False
16,77,0.0,1.0,0.934697685155166,0.25712820578333817,0.8841943399666174,0.643368759665379,True,False
16,78,0.0,1.0,0.934697685155166,0.25712820578333817,0.8841943399676478,0.6433687596653789,True,False
16,79,0.0,1.0,0.934697685155166,0.2571282057833382,0.8841943399666174,0.643368759665379,True,False
16,80,0.0,1.0,0.934697685155166,0.25712820578333817,0.8841943399679,0.6433687596653791,True,False
16,81,0.0,1.0,0.934697685155166,0.25712820578333817,0.8841943399684546,0.643368759665379,True,False
16,82,0.0,1.0,0.934697685155166,0.2571282057833382,0.8841943399679,0.643368759665379,True,False
16,83,0.0,1.0,0.934697685155166,0.25712820578333817,0.8841943399684546,0.643368759665379,True,False
16,84,0.0,1.0,0.934697685155166,0.2571282057833382,0.8841943399676478,0.643368759665379,True,False
17,20,0.0,1.0,0.8195488721804511,0.42089019973868125,0.8303406111070702,1.0,True,False
17,21,0.0,1.0,1.0,0.5791165632760787,0.8843671300394068,0.5015312640550368,True,False
17,22,0.0,1.0,0.7366710358106019,0.3202392983907295,0.7823500215955171,1.0,True,False
17,23,0.0,1.0,1.0,0.5791165632760804,0.8843671300386335,0.5015312640550373,True,False
17,24,0.0,1.0,1.0,0.5791165632760795,0.8843671300410909,0.5015312640550371,True,False
17,25,0.0,1.0,1.0,0.5791165632760786,0.8843671300384759,0.5015312640550375,True,False
17,26,0.0,1.0,1.0,0.5791165632760767,0.884367130043452,0.5015312640550368,True,False
17,27,0.0,1.0,1.0,0.5791165632760769,0.8843671300409819,0.5015312640550379,True,False
17,28,0.0,1.0,1.0,0.5791165632760835,0.8843671300377188,0.5015312640550372,True,False
17,29,0.0,1.0,1.0,0.5791165632760786,0.8843671300378172,0.5015312640550375,True,False
17,30,0.0,1.0,1.0,0.5791165632760791,0.8843671300440273,0.5015312640550378,True,False
17,31,0.0,1.0,1.0,0.5791165632760791,0.884367130038047,0.5015312640550368,True,False
17,32,0.0,1.0,1.0,0.5791165632760806,0.8843671300404562,0.501531264055037,True,False
17,33,0.0,1.0,1.0,0.5791165632760786,0.8843671300379334,0.5015312640550373,True,False
17,34,0.0,1.0,1.0,0.5791165632760773,0.8843671300406144,0.5015312640550375,True,False
17,35,0.0,1.0,1.0,0.5791165632760784,0.8843671300417347,0.5015312640550366,True,False
17,36,0.0,1.0,1.0,0.5791165632760767,0.8843671300427194,0.5015312640550377,True,False
17,37,0.0,1.0,1.0,0.5791165632760837,0.8843671300391509,0.5015312640550379,True,False
17,38,0.0,1.0,1.0,0.5791165632760814,0.8843671300407245,0.5015312640550372,True,False
17,39,0.0,1.0,1.0,0.579116563276081,0.8843671300381192,0.5015312640550372,True,False
17,40,0.0,1.0,1.0,0.5791165632760731,0.8843671300378088,0.5015312640550375,True,False
17,41,0.0,1.0,1.0,0.5791165632760782,0.884367130039258,0.5015312640550369,True,False
17,42,0.0,1.0,1.0,0.5791165632760774,0.884367130038686,0.5015312640550368,True,False
17,43,0.0,1.0,1.0,0.5791165632760774,0.884367130041218,0.501531264055037,True,False
17,44,0.0,1.0,1.0,0.5791165632760833,0.8843671300389536,0.5015312640550372,True,False
17,45,0.0,1.0,1.0,0.5791165632760802,0.884367130042511,0.5015312640550378,True,False
17,46,0.0,1.0,1.0,0.5791165632760815,0.8843671300412806,0.5015312640550377,True,False
17,47,0.0,1.0,1.0,0.5791165632760829,0.884367130041506,0.5015312640550366,True,False
17,48,0.0,1.0,1.0,0.5791165632760826,0.8843671300378494,0.5015312640550381,True,False
17,49,0.0,1.0,1.0,0.5791165632760811,0.884367130044038,0.5015312640550369,True,False
17,50,0.0,1.0,1.0,0.57911656327608,0.8843671300360011,0.5015312640550373,True,False
17,51,0.0,1.0,1.0,0.5791165632760804,0.8843671300405218,0.5015312640550372,True,False
17,52,0.0,1.0,1.0,0.5791165632760742,0.8843671300384599,0.5015312640550372,True,False
17,53,0.0,1.0,1.0,0.5791165632760802,0.8843671300405478,0.5015312640550368,True,False
17,54,0.0,1.0,1.0,0.5791165632760844,0.8843671300415621,0.5015312640550368,True,False
17,55,0.0,1.0,1.0,0.579116563276078,0.8843671300425568,0.5015312640550378,True,False
17,56,0.0,1.0,1.0,0.5791165632760807,0.8843671300392452,0.5015312640550372,True,False
17,57,0.0,1.0,1.0,0.5791165632760774,0.8843671300407127,0.5015312640550373,True,False
17,58,0.0,1.0,1.0,0.5791165632760797,0.8843671300381772,0.5015312640550371,True,False
17,59,0.0,1.0,1.0,0.5791165632760789,0.8843671300380189,0.5015312640550373,True,False
17,60,0.0,1.0,1.0,0.4671953988943536,0.8840774321679163,0.9553971813021939,True,False
17,61,0.0,1.0,1.0,0.6509191474165307,0.808503473480468,0.9498154623167707,True,False
17,62,0.0,1.0,1.0,0.4185276722625405,0.797972193343754,1.0,True,False
17,63,0.0,1.0,1.0,0.6739863014838899,0.8072423748377029,1.0,True,False
17,64,0.0,1.0,1.0,0.49283141645349593,0.7954072235407227,1.0,True,False
17,65,0.0,1.0,1.0,0.4740010607126481,0.7674724966997446,0.88549974260174,True,False
17,66,0.0,1.0,1.0,0.47400106071264814,0.7674724966998843,0.88549974260174,True,False
17,67,0.0,1.0,1.0,0.474001060712648,0.7674724967001076,0.88549974260174,True,False
17,68,0.0,1.0,1.0,0.40054175999747466,0.7985073324575724,1.0,True,False
17,69,0.0,1.0,0.9370059211651288,0.28565926112764195,0.9062460669374561,0.18304793147222695,True,False
17,70,0.0,1.0,0.9370059211651288,0.28565926112764195,0.9062460669407397,0.1830479314722269,True,False
17,71,0.0,1.0,0.9370059211651288,0.28565926112764195,0.9062460669379611,0.18304793147222695,True,False
17,72,0.0,1.0,0.9862170538395008,0.37696985929026067,0.8084901344610864,1.0,True,False
17,73,0.0,1.0,1.0,0.17374532136476234,0.7691856802966832,0.9356141376760928,True,False
17,74,0.0,1.0,0.8274836101644114,0.20779364470382616,0.8299332922746842,0.239668113309052,True,False
17,75,0.0,1.0,0.7865595975469379,0.22473090164214116,0.8352415803921701,0.40187476692189295,True,False
17,76,0.0,1.0,0.7865595975469379,0.2247309016421193,0.8352415803921701,0.40187476692189295,True,False
17,77,0.0,1.0,0.934697685155166,0.2571282057833395,0.8841943399500883,0.6433687596653784,True,False
17,78,0.0,1.0,0.934697685155166,0.25712820578333956,0.8841943399511186,0.6433687596653784,True,False
17,79,0.0,1.0,0.934697685155166,0.2571282057833396,0.8841943399500883,0.6433687596653784,True,False
17,80,0.0,1.0,0.934697685155166,0.25712820578333956,0.8841943399513709,0.6433687596653787,True,False
17,81,0.0,1.0,0.934697685155166,0.25712820578333956,0.8841943399519255,0.6433687596653787,True,False
17,82,0.0,1.0,0.934697685155166,0.2571282057833396,0.8841943399513708,0.6433687596653784,True,False
17,83,0.0,1.0,0.934697685155166,0.25712820578333956,0.8841943399519255,0.6433687596653787,True,False
17,84,0.0,1.0,0.934697685155166,0.2571282057833396,0.8841943399511186,0.6433687596653784,True,False
18,20,0.0,1.0,0.8195488721804511,0.4208901997386827,0.830340611109881,1.0,True,False
18,21,0.0,1.0,1.0,0.5791165632760784,0.8843671300395576,0.5015312640550375,True,False
18,22,0.0,1.0,0.7366710358106019,0.320239298390731,0.7823500216161647,1.0,True,False
18,23,0.0,1.0,1.0,0.5791165632760801,0.8843671300387843,0.501531264055038,True,False
18,24,0.0,1.0,1.0,0.5791165632760792,0.8843671300412417,0.5015312640550377,True,False
18,25,0.0,1.0,1.0,0.5791165632760784,0.8843671300386267,0.5015312640550381,True,False
18,26,0.0,1.0,1.0,0.5791165632760765,0.8843671300436028,0.5015312640550373,True,False
18,27,0.0,1.0,1.0,0.5791165632760765,0.8843671300411327,0.5015312640550386,True,False
18,28,0.0,1.0,1.0,0.5791165632760832,0.8843671300378696,0.5015312640550379,True,False
18,29,0.0,1.0,1.0,0.5791165632760783,0.884367130037968,0.5015312640550381,True,False
18,30,0.0,1.0,1.0,0.5791165632760787,0.8843671300441781,0.5015312640550383,True,False
18,31,0.0,1.0,1.0,0.5791165632760789,0.8843671300381978,0.5015312640550375,True,False
18,32,0.0,1.0,1.0,0.5791165632760804,0.884367130040607,0.5015312640550375,True,False
18,33,0.0,1.0,1.0,0.5791165632760783,0.8843671300380842,0.5015312640550379,True,False
18,34,0.0,1.0,1.0,0.579116563276077,0.8843671300407652,0.501531264055038,True,False
18,35,0.0,1.0,1.0,0.5791165632760782,0.8843671300418855,0.5015312640550372,True,False
18,36,0.0,1.0,1.0,0.5791165632760764,0.8843671300428702,0.5015312640550383,True,False
18,37,0.0,1.0,1.0,0.5791165632760835,0.8843671300393017,0.5015312640550386,True,False
18,38,0.0,1.0,1.0,0.5791165632760811,0.8843671300408753,0.5015312640550379,True,False
18,39,0.0,1.0,1.0,0.5791165632760806,0.8843671300382699,0.5015312640550378,True,False
18,40,0.0,1.0,1.0,0.5791165632760729,0.8843671300379595,0.501531264055038,True,False
18,41,0.0,1.0,1.0,0.5791165632760779,0.8843671300394088,0.5015312640550375,True,False
18,42,0.0,1.0,1.0,0.5791165632760772,0.8843671300388367,0.5015312640550375,True,False
18,43,0.0,1.0,1.0,0.5791165632760771,0.8843671300413688,0.5015312640550377,True,False
18,44,0.0,1.0,1.0,0.5791165632760831,0.8843671300391044,0.5015312640550377,True,False
18,45,0.0,1.0,1.0,0.5791165632760799,0.8843671300426617,0.5015312640550383,True,False
18,46,0.0,1.0,1.0,0.5791165632760812,0.8843671300414314,0.5015312640550383,True,False
18,47,0.0,1.0,1.0,0.5791165632760825,0.8843671300416568,0.5015312640550372,True,False
18,48,0.0,1.0,1.0,0.5791165632760824,0.8843671300380002,0.5015312640550388,True,False
18,49,0.0,1.0,1.0,0.5791165632760807,0.8843671300441887,0.5015312640550375,True,False
18,50,0.0,1.0,1.0,0.5791165632760796,0.8843671300361519,0.5015312640550379,True,False
18,51,0.0,1.0,1.0,0.5791165632760801,0.8843671300406726,0.5015312640550379,True,False
18,52,0.0,1.0,1.0,0.579116563276074,0.8843671300386107,0.5015312640550378,True,False
18,53,0.0,1.0,1.0,0.57911656327608,0.8843671300406986,0.5015312640550375,True,False
18,54,0.0,1.0,1.0,0.5791165632760841,0.8843671300417129,0.5015312640550373,True,False
18,55,0.0,1.0,1.0,0.5791165632760776,0.8843671300427076,0.5015312640550383,True,False
18,56,0.0,1.0,1.0,0.5791165632760804,0.8843671300393959,0.5015312640550379,True,False
18,57,0.0,1.0,1.0,0.5791165632760772,0.8843671300408634,0.5015312640550379,True,False
18,58,0.0,1.0,1.0,0.5791165632760795,0.884367130038328,0.5015312640550377,True,False
18,59,0.0,1.0,1.0,0.5791165632760785,0.8843671300381697,0.5015312640550379,True,False
18,60,0.0,1.0,1.0,0.46719539889435474,0.8840774321707271,0.9553971813021939,True,False
18,61,0.0,1.0,1.0,0.6509191474165321,0.8085034735030795,0.9498154623167707,True,False
18,62,0.0,1.0,1.0,0.41852767226254206,0.7979721933465647,1.0,True,False
18,63,0.0,1.0,1.0,0.6739863014838904,0.8072423748405136,1.0,True,False
18,64,0.0,1.0,1.0,0.49283141645349743,0.7954072235435333,1.0,True,False
18,65,0.0,1.0,1.0,0.47400106071264925,0.7674724967025554,0.88549974260174,True,False
18,66,0.0,1.0,1.0,0.4740010607126493,0.7674724967026949,0.88549974260174,True,False
18,67,0.0,1.0,1.0,0.47400106071264925,0.7674724967029184,0.88549974260174,True,False
18,68,0.0,1.0,1.0,0.4005417599974761,0.7985073324603832,1.0,True,False
18,69,0.0,1.0,0.9370059211651288,0.2856592611276418,0.9062460669402669,0.18304793147222623,True,False
18,70,0.0,1.0,0.9370059211651288,0.2856592611276418,0.9062460669435505,0.18304793147222623,True,False
18,71,0.0,1.0,0.9370059211651288,0.2856592611276418,0.9062460669407717,0.18304793147222623,True,False
18,72,0.0,1.0,0.9862170538395008,0.37696985929026217,0.8084901344638972,1.0,True,False
18,73,0.0,1.0,1.0,0.17374532136476284,0.7691856803056704,0.9356141376760926,True,False
18,74,0.0,1.0,0.8274836101644114,0.20779364470382533,0.8299332922774949,0.23966811330905255,True,False
18,75,0.0,1.0,0.7865595975469379,0.22473090164214288,0.8352415803949809,0.4018747669218936,True,False
18,76,0.0,1.0,0.7865595975469379,0.22473090164212103,0.8352415803949808,0.4018747669218936,True,False
18,77,0.0,1.0,0.934697685155166,0.2571282057833389,0.8841943399528991,0.6433687596653793,True,False
18,78,0.0,1.0,0.934697685155166,0.25712820578333895,0.8841943399539294,0.6433687596653792,True,False
18,79,0.0,1.0,0.934697685155166,0.25712820578333895,0.8841943399528991,0.6433687596653793,True,False
18,80,0.0,1.0,0.934697685155166,0.25712820578333895,0.8841943399541815,0.6433687596653793,True,False
18,81,0.0,1.0,0.934697685155166,0.25712820578333895,0.8841943399547363,0.6433687596653793,True,False
18,82,0.0,1.0,0.934697685155166,0.257128205783339,0.8841943399541815,0.6433687596653793,True,False
18,83,0.0,1.0,0.934697685155166,0.25712820578333895,0.8841943399547363,0.6433687596653793,True,False
18,84,0.0,1.0,0.934697685155166,0.257128205783339,0.8841943399539294,0.6433687596653792,True,False
19,20,0.0,1.0,0.8195488721804511,0.4208901997386843,0.8303406111046971,1.0,True,False
19,21,0.0,1.0,1.0,0.5791165632760782,0.884367130038331,0.501531264055038,True,False
19,22,0.0,1.0,0.7366710358106019,0.3202392983907326,0.7823500215890693,1.0,True,False
19,23,0.0,1.0,1.0,0.5791165632760799,0.8843671300375576,0.5015312640550386,True,False
19,24,0.0,1.0,1.0,0.5791165632760791,0.8843671300400151,0.5015312640550382,True,False
19,25,0.0,1.0,1.0,0.5791165632760782,0.8843671300374001,0.5015312640550386,True,False
19,26,0.0,1.0,1.0,0.5791165632760763,0.8843671300423762,0.5015312640550379,True,False
19,27,0.0,1.0,1.0,0.5791165632760763,0.884367130039906,0.501531264055039,True,False
19,28,0.0,1.0,1.0,0.579116563276083,0.884367130036643,0.5015312640550385,True,False
19,29,0.0,1.0,1.0,0.5791165632760781,0.8843671300367414,0.5015312640550386,True,False
19,30,0.0,1.0,1.0,0.5791165632760786,0.8843671300429514,0.5015312640550389,True,False
19,31,0.0,1.0,1.0,0.5791165632760786,0.8843671300369711,0.501531264055038,True,False
19,32,0.0,1.0,1.0,0.5791165632760802,0.8843671300393804,0.5015312640550381,True,False
19,33,0.0,1.0,1.0,0.5791165632760781,0.8843671300368576,0.5015312640550386,True,False
19,34,0.0,1.0,1.0,0.5791165632760769,0.8843671300395386,0.5015312640550386,True,False
19,35,0.0,1.0,1.0,0.579116563276078,0.8843671300406588,0.5015312640550378,True,False
19,36,0.0,1.0,1.0,0.5791165632760763,0.8843671300416435,0.5015312640550388,True,False
19,37,0.0,1.0,1.0,0.5791165632760833,0.8843671300380751,0.5015312640550391,True,False
19,38,0.0,1.0,1.0,0.579116563276081,0.8843671300396487,0.5015312640550385,True,False
19,39,0.0,1.0,1.0,0.5791165632760804,0.8843671300370433,0.5015312640550383,True,False
19,40,0.0,1.0,1.0,0.5791165632760726,0.884367130036733,0.5015312640550386,True,False
19,41,0.0,1.0,1.0,0.5791165632760777,0.8843671300381822,0.501531264055038,True,False
19,42,0.0,1.0,1.0,0.579116563276077,0.88436713003761,0.501531264055038,True,False
19,43,0.0,1.0,1.0,0.5791165632760769,0.8843671300401422,0.5015312640550381,True,False
19,44,0.0,1.0,1.0,0.5791165632760829,0.8843671300378778,0.5015312640550383,True,False
19,45,0.0,1.0,1.0,0.5791165632760796,0.8843671300414351,0.501531264055039,True,False
19,46,0.0,1.0,1.0,0.579116563276081,0.8843671300402048,0.5015312640550389,True,False
19,47,0.0,1.0,1.0,0.5791165632760823,0.8843671300404301,0.5015312640550378,True,False
19,48,0.0,1.0,1.0,0.5791165632760822,0.8843671300367736,0.5015312640550392,True,False
19,49,0.0,1.0,1.0,0.5791165632760805,0.8843671300429621,0.5015312640550381,True,False
19,50,0.0,1.0,1.0,0.5791165632760795,0.8843671300349253,0.5015312640550385,True,False
19,51,0.0,1.0,1.0,0.5791165632760799,0.8843671300394459,0.5015312640550385,True,False
19,52,0.0,1.0,1.0,0.5791165632760737,0.8843671300373841,0.5015312640550383,True,False
19,53,0.0,1.0,1.0,0.5791165632760797,0.884367130039472,0.5015312640550379,True,False
19,54,0.0,1.0,1.0,0.579116563276084,0.8843671300404863,0.5015312640550379,True,False
19,55,0.0,1.0,1.0,0.5791165632760775,0.884367130041481,0.501531264055039,True,False
19,56,0.0,1.0,1.0,0.5791165632760803,0.8843671300381694,0.5015312640550385,True,False
19,57,0.0,1.0,1.0,0.579116563276077,0.8843671300396369,0.5015312640550385,True,False
19,58,0.0,1.0,1.0,0.5791165632760793,0.8843671300371014,0.5015312640550383,True,False
19,59,0.0,1.0,1.0,0.5791165632760784,0.8843671300369431,0.5015312640550386,True,False
19,60,0.0,1.0,1.0,0.46719539889435624,0.8840774321655432,0.9553971813021939,True,False
19,61,0.0,1.0,1.0,0.6509191474165338,0.808503473475674,0.9498154623167707,True,False
19,62,0.0,1.0,1.0,0.4185276722625437,0.7979721933413809,1.0,True,False
19,63,0.0,1.0,1.0,0.6739863014838908,0.8072423748353298,1.0,True,False
19,64,0.0,1.0,1.0,0.4928314164534991,0.7954072235383496,1.0,True,False
19,65,0.0,1.0,1.0,0.4740010607126506,0.7674724966973715,0.88549974260174,True,False
19,66,0.0,1.0,1.0,0.4740010607126506,0.7674724966975112,0.88549974260174,True,False
19,67,0.0,1.0,1.0,0.4740010607126506,0.7674724966977345,0.88549974260174,True,False
19,68,0.0,1.0,1.0,0.40054175999747765,0.7985073324551993,1.0,True,False
19,69,0.0,1.0,0.9370059211651288,0.28565926112764184,0.906246066935083,0.18304793147222578,True,False
19,70,0.0,1.0,0.9370059211651288,0.2856592611276418,0.9062460669383666,0.18304793147222576,True,False
19,71,0.0,1.0,0.9370059211651288,0.2856592611276418,0.906246066935588,0.18304793147222576,True,False
19,72,0.0,1.0,0.9862170538395008,0.37696985929026383,0.8084901344587133,1.0,True,False
19,73,0.0,1.0,1.0,0.17374532136476328,0.7691856802923847,0.9356141376760928,True,False
19,74,0.0,1.0,0.8274836101644114,0.2077936447038246,0.829933292272311,0.23966811330905327,True,False
19,75,0.0,1.0,0.7865595975469379,0.22473090164214496,0.835241580389797,0.40187476692189433,True,False
19,76,0.0,1.0,0.7865595975469379,0.2247309016421231,0.835241580389797,0.40187476692189433,True,False
19,77,0.0,1.0,0.934697685155166,0.2571282057833384,0.8841943399477152,0.6433687596653798,True,False
19,78,0.0,1.0,0.934697685155166,0.2571282057833384,0.8841943399487455,0.6433687596653798,True,False
19,79,0.0,1.0,0.934697685155166,0.25712820578333845,0.8841943399477152,0.6433687596653798,True,False
19,80,0.0,1.0,0.934697685155166,0.2571282057833384,0.8841943399489978,0.6433687596653799,True,False
19,81,0.0,1.0,0.934697685155166,0.2571282057833384,0.8841943399495524,0.6433687596653798,True,False
19,82,0.0,1.0,0.934697685155166,0.2571282057833385,0.8841943399489977,0.6433687596653798,True,False
19,83,0.0,1.0,0.934697685155166,0.2571282057833384,0.8841943399495524,0.6433687596653798,True,False
19,84,0.0,1.0,0.934697685155166,0.25712820578333845,0.8841943399487456,0.6433687596653798,True,False
20,21,0.0,1.0,1.0,0.23942794720314647,0.48244457983435496,0.8765496194619967,True,False
20,22,0.0,1.0,0.8751728313614467,0.2976871709036223,0.3447769733182459,0.1937205654464922,True,False
20,23,0.0,1.0,1.0,0.23942794720314714,0.4824445798338219,0.8765496194619967,True,False
20,24,0.0,1.0,1.0,0.23942794720314628,0.4824445798358212,0.8765496194619967,True,False
20,25,0.0,1.0,1.0,0.23942794720314567,0.4824445798339486,0.8765496194619967,True,False
20,26,0.0,1.0,1.0,0.23942794720314448,0.48244457983536077,0.8765496194619967,True,False
20,27,0.0,1.0,1.0,0.23942794720314475,0.482444579836279,0.8765496194619967,True,False
20,28,0.0,1.0,1.0,0.23942794720314955,0.48244457983353684,0.8765496194619967,True,False
20,29,0.0,1.0,1.0,0.23942794720314559,0.4824445798350087,0.8765496194619967,True,False
20,30,0.0,1.0,1.0,0.2394279472031458,0.48244457983402367,0.8765496194619967,True,False
20,31,0.0,1.0,1.0,0.23942794720314625,0.48244457983524286,0.8765496194619967,True,False
20,32,0.0,1.0,1.0,0.23942794720314742,0.48244457983523437,0.8765496194619967,True,False
20,33,0.0,1.0,1.0,0.239427947203145,0.4824445798353417,0.8765496194619967,True,False
20,34,0.0,1.0,1.0,0.23942794720314442,0.4824445798341681,0.8765496194619966,True,False
20,35,0.0,1.0,1.0,0.23942794720314586,0.4824445798356123,0.8765496194619967,True,False
20,36,0.0,1.0,1.0,0.2394279472031445,0.48244457983566763,0.8765496194619967,True,False
20,37,0.0,1.0,1.0,0.239427947203149,0.4824445798341429,0.8765496194619967,True,False
20,38,0.0,1.0,1.0,0.23942794720314753,0.48244457983516775,0.8765496194619967,True,False
20,39,0.0,1.0,1.0,0.2394279472031477,0.48244457983440614,0.8765496194619967,True,False
20,40,0.0,1.0,1.0,0.2394279472031423,0.48244457983553307,0.8765496194619967,True,False
20,41,0.0,1.0,1.0,0.23942794720314559,0.48244457983471106,0.8765496194619967,True,False
20,42,0.0,1.0,1.0,0.2394279472031454,0.48244457983349326,0.8765496194619967,True,False
20,43,0.0,1.0,1.0,0.23942794720314542,0.48244457983599137,0.8765496194619967,True,False
20,44,0.0,1.0,1.0,0.23942794720314925,0.4824445798332323,0.8765496194619967,True,False
20,45,0.0,1.0,1.0,0.23942794720314692,0.4824445798355109,0.8765496194619967,True,False
20,46,0.0,1.0,1.0,0.23942794720314758,0.4824445798358563,0.8765496194619967,True,False
20,47,0.0,1.0,1.0,0.23942794720314836,0.48244457983512684,0.8765496194619967,True,False
20,48,0.0,1.0,1.0,0.23942794720314853,0.4824445798349641,0.8765496194619967,True,False
20,49,0.0,1.0,1.0,0.23942794720314722,0.4824445798343038,0.8765496194619967,True,False
20,50,0.0,1.0,1.0,0.2394279472031468,0.48244457983412375,0.8765496194619967,True,False
20,51,0.0,1.0,1.0,0.239427947203147,0.48244457983471534,0.8765496194619967,True,False
20,52,0.0,1.0,1.0,0.23942794720314267,0.482444579834748,0.8765496194619967,True,False
20,53,0.0,1.0,1.0,0.23942794720314658,0.4824445798345207,0.8765496194619967,True,False
20,54,0.0,1.0,1.0,0.23942794720315008,0.4824445798353595,0.8765496194619967,True,False
20,55,0.0,1.0,1.0,0.2394279472031453,0.48244457983570715,0.8765496194619967,True,False
20,56,0.0,1.0,1.0,0.23942794720314703,0.48244457983386957,0.8765496194619967,True,False
20,57,0.0,1.0,1.0,0.2394279472031447,0.48244457983501665,0.8765496194619967,True,False
20,58,0.0,1.0,1.0,0.2394279472031467,0.4824445798338258,0.8765496194619967,True,False
20,59,0.0,1.0,1.0,0.23942794720314575,0.4824445798349717,0.8765496194619967,True,False
20,60,0.0,1.0,0.9842509634193337,0.12606629641921344,0.22367536300198418,0.6469929171161674,True,False
20,61,0.0,1.0,0.9984612195185063,0.422377374263405,0.13837043510612657,0.7709033462945601,True,False
20,62,0.0,1.0,0.8666460684159206,0.2087606061319242,0.13431215620474005,0.3130731274041037,True,False
20,63,0.0,1.0,0.9955310821622974,0.4126355997512195,0.31844142770252315,0.4350198106600223,True,False
20,64,0.0,1.0,0.9585487837362866,0.1943112362360625,0.26949912181240504,0.309299959752249,True,False
20,65,0.0,1.0,0.7024374253136001,0.10361025898933472,0.326489889460807,0.7755683411784222,True,False
20,66,0.0,1.0,0.7024374253136001,0.1036102589893348,0.3264898894627231,0.7755683411784222,True,False
20,67,0.0,1.0,0.7024374253136001,0.10361025898933479,0.32648988946199586,0.7755683411784222,True,False
20,68,0.0,1.0,0.860560356184926,0.20225909165264427,0.14664637361488386,0.3759308805973078,True,False
20,69,0.0,1.0,0.9701606994992715,0.47084297113602147,0.5141020561190861,1.0,True,False
20,70,0.0,1.0,0.9701606994992715,0.47084297113602147,0.5141020561231192,1.0,True,False
20,71,0.0,1.0,0.9701606994992715,0.47084297113602147,0.5141020561196397,1.0,True,False
20,72,0.0,1.0,0.982299795457043,0.09451559949297064,0.23337271634836368,0.20555683719088688,True,False
20,73,0.0,1.0,0.9918787710546267,0.28248502868717973,0.7360616920950961,0.6171088052299539,True,False
20,74,0.0,1.0,0.9146497860813404,0.36559076442719896,0.1993424969528301,1.0,True,False
20,75,0.0,1.0,0.8964002724935429,0.39032717584630694,0.15772238198646615,1.0,True,False
20,76,0.0,1.0,0.8964002724935429,0.39032717584630366,0.15772238198646615,1.0,True,False
20,77,0.0,1.0,0.967348842577583,0.45723394503702364,0.35788191687791654,1.0,True,False
20,78,0.0,1.0,0.967348842577583,0.45723394503702364,0.357881916873064,1.0,True,False
20,79,0.0,1.0,0.967348842577583,0.45723394503702364,0.3578819168779165,1.0,True,False
20,80,0.0,1.0,0.967348842577583,0.45723394503702364,0.35788191687660426,1.0,True,False
20,81,0.0,1.0,0.967348842577583,0.45723394503702364,0.3578819168815462,1.0,True,False
20,82,0.0,1.0,0.967348842577583,0.4572339450370237,0.3578819168766042,1.0,True,False
20,83,0.0,1.0,0.967348842577583,0.45723394503702364,0.3578819168815462,1.0,True,False
20,84,0.0,1.0,0.967348842577583,0.4572339450370237,0.357881916873064,1.0,True,False
21,22,0.0,1.0,1.0,0.4537696925997054,0.4048624520950887,1.0,True,False
21,60,0.0,1.0,1.0,0.2721095053845105,0.5109406199426763,0.6776012369794909,True,False
21,61,0.0,1.0,1.0,0.293096962093692,0.5386517186784731,0.6474055307284651,True,False
21,62,0.0,1.0,1.0,0.38369918240204887,0.5309560662741655,0.740611525820387,True,False
21,63,0.0,1.0,1.0,0.43705570397016275,0.2854624958995226,0.8353143486482456,True,False
21,64,0.0,1.0,1.0,0.26838416040319296,0.36457321946526167,0.889710582236912,True,False
21,65,0.0,1.0,1.0,0.2468010836989074,0.4622430637904401,0.6007690556310218,True,False
21,66,0.0,1.0,1.0,0.24680108369890746,0.46224306379095365,0.6007690556310218,True,False
21,67,0.0,1.0,1.0,0.2468010836989074,0.46224306379064684,0.6007690556310218,True,False
21,68,0.0,1.0,1.0,0.35429629294588905,0.48979558558240643,0.732405314496457,True,False
21,69,0.0,1.0,1.0,0.5497358248065515,0.41018760529112575,0.5107898080259113,True,False
21,70,0.0,1.0,1.0,0.5497358248065515,0.4101876052945123,0.5107898080259113,True,False
21,71,0.0,1.0,1.0,0.5497358248065515,0.410187605291034,0.5107898080259113,True,False
21,72,0.0,1.0,1.0,0.1839631805051994,0.41112950186721353,0.9109010720216282,True,False
21,73,0.0,1.0,1.0,0.42901199130426004,0.8084185937371073,0.7357985529414277,True,False
21,74,0.0,1.0,1.0,0.4929008385596607,0.576560019269199,0.4307421145760954,True,False
21,75,0.0,1.0,1.0,0.5330334369406308,0.5078859515151388,0.532027601105417,True,False
21,76,0.0,1.0,1.0,0.5330334369406196,0.5078859515151388,0.532027601105417,True,False
21,77,0.0,1.0,1.0,0.5433534389669309,0.4165780375651889,0.8005996648537304,True,False
21,78,0.0,1.0,1.0,0.5433534389669309,0.4165780375612732,0.8005996648537304,True,False
21,79,0.0,1.0,1.0,0.5433534389669309,0.4165780375651889,0.8005996648537304,True,False
21,80,0.0,1.0,1.0,0.5433534389669308,0.41657803756481016,0.8005996648537304,True,False
21,81,0.0,1.0,1.0,0.5433534389669309,0.41657803756885703,0.8005996648537304,True,False
21,82,0.0,1.0,1.0,0.5433534389669308,0.4165780375648101,0.8005996648537304,True,False
21,83,0.0,1.0,1.0,0.5433534389669309,0.4165780375688571,0.8005996648537304,True,False
21,84,0.0,1.0,1.0,0.5433534389669308,0.4165780375612732,0.8005996648537304,True,False
22,23,0.0,1.0,1.0,0.4537696925997063,0.40486245209746063,1.0,True,False
22,24,0.0,1.0,1.0,0.45376969259970545,0.40486245209508404,1.0,True,False
22,25,0.0,1.0,1.0,0.45376969259970495,0.4048624520984812,1.0,True,False
22,26,0.0,1.0,1.0,0.4537696925997036,0.4048624520901251,1.0,True,False
22,27,0.0,1.0,1.0,0.4537696925997038,0.40486245209352695,1.0,True,False
22,28,0.0,1.0,1.0,0.4537696925997087,0.4048624520985232,1.0,True,False
22,29,0.0,1.0,1.0,0.45376969259970495,0.4048624520967086,1.0,True,False
22,30,0.0,1.0,1.0,0.45376969259970507,0.4048624520896331,1.0,True,False
22,31,0.0,1.0,1.0,0.4537696925997053,0.4048624520973797,1.0,True,False
22,32,0.0,1.0,1.0,0.4537696925997065,0.40486245209484556,1.0,True,False
22,33,0.0,1.0,1.0,0.4537696925997043,0.4048624520955031,1.0,True,False
22,34,0.0,1.0,1.0,0.4537696925997035,0.40486245209462074,1.0,True,False
22,35,0.0,1.0,1.0,0.45376969259970495,0.40486245209264216,1.0,True,False
22,36,0.0,1.0,1.0,0.45376969259970373,0.4048624520921697,1.0,True,False
22,37,0.0,1.0,1.0,0.45376969259970845,0.40486245209543753,1.0,True,False
22,38,0.0,1.0,1.0,0.45376969259970673,0.40486245209444993,1.0,True,False
22,39,0.0,1.0,1.0,0.45376969259970673,0.40486245209845473,1.0,True,False
22,40,0.0,1.0,1.0,0.45376969259970135,0.4048624520981238,1.0,True,False
22,41,0.0,1.0,1.0,0.4537696925997046,0.4048624520950755,1.0,True,False
22,42,0.0,1.0,1.0,0.4537696925997044,0.4048624520973464,1.0,True,False
22,43,0.0,1.0,1.0,0.4537696925997044,0.40486245209481597,1.0,True,False
22,44,0.0,1.0,1.0,0.45376969259970834,0.4048624520975254,1.0,True,False
22,45,0.0,1.0,1.0,0.4537696925997064,0.40486245209153515,1.0,True,False
22,46,0.0,1.0,1.0,0.4537696925997071,0.4048624520931835,1.0,True,False
22,47,0.0,1.0,1.0,0.45376969259970756,0.40486245209343646,1.0,True,False
22,48,0.0,1.0,1.0,0.4537696925997079,0.40486245209602334,1.0,True,False
22,49,0.0,1.0,1.0,0.45376969259970645,0.4048624520895029,1.0,True,False
22,50,0.0,1.0,1.0,0.45376969259970595,0.4048624521002166,1.0,True,False
22,51,0.0,1.0,1.0,0.4537696925997062,0.4048624520946656,1.0,True,False
22,52,0.0,1.0,1.0,0.4537696925997017,0.4048624520961405,1.0,True,False
22,53,0.0,1.0,1.0,0.45376969259970573,0.40486245209450566,1.0,True,False
22,54,0.0,1.0,1.0,0.4537696925997093,0.4048624520930657,1.0,True,False
22,55,0.0,1.0,1.0,0.4537696925997046,0.404862452092653,1.0,True,False
22,56,0.0,1.0,1.0,0.45376969259970645,0.4048624520953346,1.0,True,False
22,57,0.0,1.0,1.0,0.4537696925997039,0.4048624520939756,1.0,True,False
22,58,0.0,1.0,1.0,0.4537696925997059,0.4048624520982584,1.0,True,False
22,59,0.0,1.0,1.0,0.4537696925997049,0.4048624520973087,1.0,True,False
22,60,0.0,1.0,0.999160647338484,0.4108901388280236,0.4174171492647268,0.7770816980952935,True,False
22,61,0.0,1.0,0.9998203589081641,0.5807750542955329,0.3763547677936119,0.9009921272736863,True,False
22,62,0.0,1.0,0.9996917213395562,0.39304742600609444,0.33241044933034103,0.44316190838322983,True,False
22,63,0.0,1.0,0.9998840638502235,0.5624023065334187,0.16719244509734854,0.5651085916391486,True,False
22,64,0.0,1.0,0.9996638272045637,0.2919720890120611,0.23586534755720082,0.4130668151815446,True,False
22,65,0.0,1.0,0.9991092768950169,0.39672072990624907,0.20286439427032293,0.9374730143912314,True,False
22,66,0.0,1.0,0.9991092768950169,0.3967207299062491,0.20286439426851685,0.9374730143912314,True,False
22,67,0.0,1.0,0.9991092768950169,0.3967207299062491,0.20286439426856348,0.9374730143912314,True,False
22,68,0.0,1.0,0.9996435357593155,0.37047977042068825,0.3254741197665911,0.5060196615764339,True,False
22,69,0.0,1.0,0.939619077472067,0.40219396923083883,0.4925126067036991,1.0,True,False
22,70,0.0,1.0,0.939619077472067,0.4021939692308388,0.4925126067091511,1.0,True,False
22,71,0.0,1.0,0.939619077472067,0.40219396923083883,0.49251260670472924,1.0,True,False
22,72,0.0,1.0,0.9782523419759522,0.2432503708873236,0.1767868312195193,0.26141248190116223,True,False
22,73,0.0,1.0,0.997155722107847,0.3315003231109693,0.8001871664054385,0.6741924150679903,True,False
22,74,0.0,1.0,0.7761280452758595,0.33313721772706495,0.36035455030698815,1.0,True,False
22,75,0.0,1.0,0.8032823596705343,0.32023442608431485,0.3690856464665943,1.0,True,False
22,76,0.0,1.0,0.8032823596705343,0.3202344260843118,0.3690856464665943,1.0,True,False
22,77,0.0,1.0,0.9372059731306219,0.378753039925514,0.40355784186328386,1.0,True,False
22,78,0.0,1.0,0.9372059731306219,0.378753039925514,0.40355784186045907,1.0,True,False
22,79,0.0,1.0,0.9372059731306219,0.37875303992551407,0.4035578418632838,1.0,True,False
22,80,0.0,1.0,0.9372059731306219,0.37875303992551407,0.40355784186395427,1.0,True,False
22,81,0.0,1.0,0.9372059731306219,0.378753039925514,0.4035578418618597,1.0,True,False
22,82,0.0,1.0,0.9372059731306219,0.3787530399255141,0.40355784186395427,1.0,True,False
22,83,0.0,1.0,0.9372059731306219,0.378753039925514,0.4035578418618597,1.0,True,False
22,84,0.0,1.0,0.9372059731306219,0.3787530399255141,0.40355784186045907,1.0,True,False
23,60,0.0,1.0,1.0,0.27210950538451584,0.5109406199443834,0.6776012369794909,True,False
23,61,0.0,1.0,1.0,0.2930969620936926,0.5386517186765013,0.6474055307284651,True,False
23,62,0.0,1.0,1.0,0.38369918240204964,0.53095606627405,0.740611525820387,True,False
23,63,0.0,1.0,1.0,0.4370557039701637,0.28546249590063716,0.8353143486482456,True,False
23,64,0.0,1.0,1.0,0.2683841604031939,0.3645732194634093,0.889710582236912,True,False
23,65,0.0,1.0,1.0,0.24680108369891335,0.4622430637899469,0.6007690556310218,True,False
23,66,0.0,1.0,1.0,0.24680108369891338,0.46224306379046043,0.6007690556310218,True,False
23,67,0.0,1.0,1.0,0.24680108369891332,0.4622430637901536,0.6007690556310218,True,False
23,68,0.0,1.0,1.0,0.35429629294589504,0.4897955855832277,0.732405314496457,True,False
23,69,0.0,1.0,1.0,0.5497358248065504,0.41018760529042286,0.5107898080259118,True,False
23,70,0.0,1.0,1.0,0.5497358248065504,0.41018760529380943,0.5107898080259118,True,False
23,71,0.0,1.0,1.0,0.5497358248065504,0.4101876052903311,0.5107898080259118,True,False
23,72,0.0,1.0,1.0,0.18396318050520016,0.4111295018705101,0.9109010720216282,True,False
23,73,0.0,1.0,1.0,0.429011991304261,0.8084185937362774,0.7357985529414277,True,False
23,74,0.0,1.0,1.0,0.49290083855966743,0.5765600192681937,0.4307421145760959,True,False
23,75,0.0,1.0,1.0,0.5330334369406375,0.5078859515144178,0.5320276011054165,True,False
23,76,0.0,1.0,1.0,0.5330334369406263,0.5078859515144178,0.5320276011054165,True,False
23,77,0.0,1.0,1.0,0.5433534389669398,0.41657803756542655,0.8005996648537298,True,False
23,78,0.0,1.0,1.0,0.5433534389669397,0.4165780375615108,0.8005996648537298,True,False
23,79,0.0,1.0,1.0,0.5433534389669398,0.41657803756542655,0.8005996648537298,True,False
23,80,0.0,1.0,1.0,0.5433534389669397,0.41657803756504774,0.8005996648537298,True,False
23,81,0.0,1.0,1.0,0.5433534389669398,0.4165780375690947,0.8005996648537298,True,False
23,82,0.0,1.0,1.0,0.5433534389669397,0.41657803756504774,0.8005996648537298,True,False
23,83,0.0,1.0,1.0,0.5433534389669398,0.4165780375690947,0.8005996648537298,True,False
23,84,0.0,1.0,1.0,0.5433534389669397,0.4165780375615108,0.8005996648537298,True,False
24,60,0.0,1.0,1.0,0.27210950538451595,0.5109406199452857,0.6776012369794907,True,False
24,61,0.0,1.0,1.0,0.29309696209369174,0.5386517186794624,0.6474055307284649,True,False
24,62,0.0,1.0,1.0,0.38369918240204876,0.5309560662752691,0.740611525820387,True,False
24,63,0.0,1.0,1.0,0.4370557039701628,0.28546249590099354,0.8353143486482456,True,False
24,64,0.0,1.0,1.0,0.268384160403193,0.36457321946884186,0.889710582236912,True,False
24,65,0.0,1.0,1.0,0.24680108369891374,0.4622430637938506,0.6007690556310217,True,False
24,66,0.0,1.0,1.0,0.2468010836989138,0.46224306379436414,0.6007690556310217,True,False
24,67,0.0,1.0,1.0,0.24680108369891374,0.46224306379405733,0.6007690556310217,True,False
24,68,0.0,1.0,1.0,0.3542962929458955,0.4897955855838813,0.732405314496457,True,False
24,69,0.0,1.0,1.0,0.5497358248065514,0.4101876052916535,0.5107898080259116,True,False
24,70,0.0,1.0,1.0,0.5497358248065514,0.41018760529504006,0.5107898080259116,True,False
24,71,0.0,1.0,1.0,0.5497358248065514,0.41018760529156173,0.5107898080259116,True,False
24,72,0.0,1.0,1.0,0.1839631805051993,0.4111295018670493,0.9109010720216282,True,False
24,73,0.0,1.0,1.0,0.42901199130426015,0.8084185937382898,0.7357985529414277,True,False
24,74,0.0,1.0,1.0,0.4929008385596677,0.576560019270024,0.4307421145760956,True,False
24,75,0.0,1.0,1.0,0.5330334369406378,0.5078859515160065,0.5320276011054171,True,False
24,76,0.0,1.0,1.0,0.5330334369406267,0.5078859515160065,0.5320276011054171,True,False
24,77,0.0,1.0,1.0,0.5433534389669413,0.41657803756512557,0.8005996648537304,True,False
24,78,0.0,1.0,1.0,0.5433534389669413,0.41657803756120987,0.8005996648537304,True,False
24,79,0.0,1.0,1.0,0.5433534389669413,0.41657803756512557,0.8005996648537304,True,False
24,80,0.0,1.0,1.0,0.5433534389669412,0.41657803756474676,0.8005996648537305,True,False
24,81,0.0,1.0,1.0,0.5433534389669413,0.4165780375687937,0.8005996648537305,True,False
24,82,0.0,1.0,1.0,0.5433534389669413,0.41657803756474676,0.8005996648537304,True,False
24,83,0.0,1.0,1.0,0.5433534389669413,0.4165780375687937,0.8005996648537305,True,False
24,84,0.0,1.0,1.0,0.5433534389669413,0.41657803756120987,0.8005996648537304,True,False
25,60,0.0,1.0,1.0,0.27210950538451395,0.5109406199455675,0.6776012369794904,True,False
25,61,0.0,1.0,1.0,0.2930969620936913,0.5386517186774666,0.6474055307284646,True,False
25,62,0.0,1.0,1.0,0.38369918240204826,0.5309560662739903,0.740611525820387,True,False
25,63,0.0,1.0,1.0,0.4370557039701623,0.285462495901324,0.8353143486482456,True,False
25,64,0.0,1.0,1.0,0.2683841604031925,0.3645732194646476,0.889710582236912,True,False
25,65,0.0,1.0,1.0,0.24680108369891157,0.4622430637910256,0.6007690556310213,True,False
25,66,0.0,1.0,1.0,0.2468010836989116,0.4622430637915392,0.6007690556310213,True,False
25,67,0.0,1.0,1.0,0.24680108369891157,0.46224306379123237,0.6007690556310213,True,False
25,68,0.0,1.0,1.0,0.35429629294589327,0.4897955855837264,0.732405314496457,True,False
25,69,0.0,1.0,1.0,0.5497358248065521,0.41018760529055387,0.5107898080259119,True,False
25,70,0.0,1.0,1.0,0.5497358248065521,0.41018760529394044,0.5107898080259118,True,False
25,71,0.0,1.0,1.0,0.5497358248065521,0.4101876052904621,0.5107898080259119,True,False
25,72,0.0,1.0,1.0,0.1839631805051986,0.4111295018712031,0.9109010720216282,True,False
25,73,0.0,1.0,1.0,0.4290119913042596,0.8084185937362645,0.7357985529414276,True,False
25,74,0.0,1.0,1.0,0.49290083855966516,0.5765600192686379,0.4307421145760959,True,False
25,75,0.0,1.0,1.0,0.5330334369406353,0.5078859515149691,0.5320276011054172,True,False
25,76,0.0,1.0,1.0,0.5330334369406241,0.5078859515149691,0.5320276011054172,True,False
25,77,0.0,1.0,1.0,0.5433534389669383,0.41657803756602524,0.8005996648537307,True,False
25,78,0.0,1.0,1.0,0.5433534389669382,0.4165780375621095,0.8005996648537307,True,False
25,79,0.0,1.0,1.0,0.5433534389669383,0.41657803756602524,0.8005996648537307,True,False
25,80,0.0,1.0,1.0,0.5433534389669382,0.41657803756564643,0.8005996648537307,True,False
25,81,0.0,1.0,1.0,0.5433534389669383,0.41657803756969336,0.8005996648537307,True,False
25,82,0.0,1.0,1.0,0.5433534389669382,0.41657803756564643,0.8005996648537307,True,False
25,83,0.0,1.0,1.0,0.5433534389669383,0.41657803756969336,0.8005996648537307,True,False
25,84,0.0,1.0,1.0,0.5433534389669382,0.4165780375621095,0.8005996648537307,True,False
26,60,0.0,1.0,1.0,0.27210950538451056,0.5109406199442642,0.6776012369794903,True,False
26,61,0.0,1.0,1.0,0.29309696209369007,0.538651718679286,0.6474055307284644,True,False
26,62,0.0,1.0,1.0,0.383699182402047,0.530956066274372,0.740611525820387,True,False
26,63,0.0,1.0,1.0,0.43705570397016086,0.28546249589958633,0.8353143486482456,True,False
26,64,0.0,1.0,1.0,0.2683841604031911,0.3645732194708808,0.889710582236912,True,False
26,65,0.0,1.0,1.0,0.246801083698908,0.4622430637942156,0.6007690556310211,True,False
26,66,0.0,1.0,1.0,0.24680108369890802,0.4622430637947292,0.6007690556310211,True,False
26,67,0.0,1.0,1.0,0.246801083698908,0.46224306379442237,0.6007690556310211,True,False
26,68,0.0,1.0,1.0,0.3542962929458897,0.48979558558283054,0.732405314496457,True,False
26,69,0.0,1.0,1.0,0.5497358248065538,0.410187605291311,0.5107898080259111,True,False
26,70,0.0,1.0,1.0,0.5497358248065538,0.41018760529469755,0.5107898080259111,True,False
26,71,0.0,1.0,1.0,0.5497358248065538,0.4101876052912192,0.5107898080259111,True,False
26,72,0.0,1.0,1.0,0.18396318050519736,0.4111295018619988,0.9109010720216282,True,False
26,73,0.0,1.0,1.0,0.4290119913042582,0.8084185937391825,0.7357985529414277,True,False
26,74,0.0,1.0,1.0,0.4929008385596609,0.5765600192697453,0.4307421145760953,True,False
26,75,0.0,1.0,1.0,0.5330334369406311,0.5078859515170724,0.5320276011054185,True,False
26,76,0.0,1.0,1.0,0.5330334369406199,0.5078859515170723,0.5320276011054185,True,False
26,77,0.0,1.0,1.0,0.5433534389669339,0.41657803756303263,0.8005996648537318,True,False
26,78,0.0,1.0,1.0,0.5433534389669338,0.41657803755911693,0.8005996648537318,True,False
26,79,0.0,1.0,1.0,0.5433534389669339,0.41657803756303263,0.8005996648537318,True,False
26,80,0.0,1.0,1.0,0.5433534389669338,0.4165780375626539,0.8005996648537318,True,False
26,81,0.0,1.0,1.0,0.5433534389669338,0.41657803756670075,0.8005996648537318,True,False
26,82,0.0,1.0,1.0,0.5433534389669338,0.4165780375626538,0.8005996648537318,True,False
26,83,0.0,1.0,1.0,0.5433534389669339,0.41657803756670075,0.8005996648537318,True,False
26,84,0.0,1.0,1.0,0.5433534389669338,0.41657803755911693,0.8005996648537318,True,False
27,60,0.0,1.0,1.0,0.27210950538450884,0.5109406199441412,0.6776012369794914,True,False
27,61,0.0,1.0,1.0,0.29309696209369057,0.5386517186807864,0.6474055307284656,True,False
27,62,0.0,1.0,1.0,0.38369918240204737,0.5309560662756715,0.740611525820387,True,False
27,63,0.0,1.0,1.0,0.4370557039701613,0.2854624958996386,0.8353143486482457,True,False
27,64,0.0,1.0,1.0,0.2683841604031916,0.36457321946937454,0.889710582236912,True,False
27,65,0.0,1.0,1.0,0.24680108369890597,0.4622430637932005,0.6007690556310223,True,False
27,66,0.0,1.0,1.0,0.24680108369890602,0.46224306379371405,0.6007690556310223,True,False
27,67,0.0,1.0,1.0,0.24680108369890597,0.46224306379340724,0.6007690556310223,True,False
27,68,0.0,1.0,1.0,0.3542962929458876,0.4897955855837887,0.732405314496457,True,False
27,69,0.0,1.0,1.0,0.5497358248065537,0.4101876052922392,0.5107898080259122,True,False
27,70,0.0,1.0,1.0,0.5497358248065537,0.4101876052956257,0.5107898080259122,True,False
27,71,0.0,1.0,1.0,0.5497358248065537,0.41018760529214743,0.5107898080259122,True,False
27,72,0.0,1.0,1.0,0.1839631805051976,0.41112950186564523,0.9109010720216282,True,False
27,73,0.0,1.0,1.0,0.4290119913042585,0.808418593737409,0.7357985529414276,True,False
27,74,0.0,1.0,1.0,0.4929008385596586,0.576560019271448,0.4307421145760964,True,False
27,75,0.0,1.0,1.0,0.5330334369406289,0.5078859515158741,0.5320276011054149,True,False
27,76,0.0,1.0,1.0,0.5330334369406177,0.5078859515158741,0.5320276011054149,True,False
27,77,0.0,1.0,1.0,0.5433534389669301,0.41657803756395956,0.8005996648537282,True,False
27,78,0.0,1.0,1.0,0.54335343896693,0.4165780375600438,0.8005996648537282,True,False
27,79,0.0,1.0,1.0,0.5433534389669301,0.4165780375639595,0.8005996648537282,True,False
27,80,0.0,1.0,1.0,0.54335343896693,0.41657803756358075,0.8005996648537285,True,False
27,81,0.0,1.0,1.0,0.5433534389669301,0.4165780375676277,0.8005996648537285,True,False
27,82,0.0,1.0,1.0,0.54335343896693,0.41657803756358075,0.8005996648537282,True,False
27,83,0.0,1.0,1.0,0.5433534389669301,0.4165780375676277,0.8005996648537285,True,False
27,84,0.0,1.0,1.0,0.54335343896693,0.4165780375600438,0.8005996648537282,True,False
28,60,0.0,1.0,1.0,0.27210950538451995,0.5109406199443054,0.6776012369794913,True,False
28,61,0.0,1.0,1.0,0.29309696209369496,0.5386517186767881,0.6474055307284654,True,False
28,62,0.0,1.0,1.0,0.383699182402052,0.5309560662738327,0.740611525820387,True,False
28,63,0.0,1.0,1.0,0.43705570397016613,0.2854624959004806,0.8353143486482456,True,False
28,64,0.0,1.0,1.0,0.2683841604031963,0.36457321946262267,0.889710582236912,True,False
28,65,0.0,1.0,1.0,0.24680108369891737,0.4622430637894814,0.6007690556310221,True,False
28,66,0.0,1.0,1.0,0.24680108369891743,0.4622430637899949,0.6007690556310221,True,False
28,67,0.0,1.0,1.0,0.24680108369891737,0.46224306378968816,0.6007690556310221,True,False
28,68,0.0,1.0,1.0,0.35429629294589915,0.4897955855832173,0.732405314496457,True,False
28,69,0.0,1.0,1.0,0.5497358248065473,0.4101876052906327,0.5107898080259118,True,False
28,70,0.0,1.0,1.0,0.5497358248065471,0.41018760529401926,0.5107898080259117,True,False
28,71,0.0,1.0,1.0,0.5497358248065471,0.41018760529054094,0.5107898080259117,True,False
28,72,0.0,1.0,1.0,0.18396318050520266,0.4111295018715632,0.9109010720216282,True,False
28,73,0.0,1.0,1.0,0.4290119913042634,0.808418593735629,0.7357985529414276,True,False
28,74,0.0,1.0,1.0,0.49290083855967254,0.5765600192684247,0.43074211457609585,True,False
28,75,0.0,1.0,1.0,0.5330334369406424,0.5078859515140605,0.5320276011054159,True,False
28,76,0.0,1.0,1.0,0.5330334369406313,0.5078859515140605,0.5320276011054159,True,False
28,77,0.0,1.0,1.0,0.543353438966944,0.41657803756595185,0.8005996648537294,True,False
28,78,0.0,1.0,1.0,0.543353438966944,0.4165780375620361,0.8005996648537294,True,False
28,79,0.0,1.0,1.0,0.543353438966944,0.4165780375659518,0.8005996648537294,True,False
28,80,0.0,1.0,1.0,0.5433534389669439,0.41657803756557304,0.8005996648537295,True,False
28,81,0.0,1.0,1.0,0.543353438966944,0.41657803756962,0.8005996648537294,True,False
28,82,0.0,1.0,1.0,0.543353438966944,0.41657803756557304,0.8005996648537294,True,False
28,83,0.0,1.0,1.0,0.543353438966944,0.41657803756962,0.8005996648537294,True,False
28,84,0.0,1.0,1.0,0.543353438966944,0.4165780375620361,0.8005996648537294,True,False
29,60,0.0,1.0,1.0,0.2721095053845139,0.5109406199428366,0.6776012369794903,True,False
29,61,0.0,1.0,1.0,0.2930969620936913,0.5386517186794333,0.6474055307284644,True,False
29,62,0.0,1.0,1.0,0.3836991824020482,0.5309560662749324,0.740611525820387,True,False
29,63,0.0,1.0,1.0,0.43705570397016225,0.28546249589892975,0.8353143486482456,True,False
29,64,0.0,1.0,1.0,0.26838416040319246,0.3645732194637475,0.889710582236912,True,False
29,65,0.0,1.0,1.0,0.2468010836989115,0.4622430637899183,0.6007690556310212,True,False
29,66,0.0,1.0,1.0,0.24680108369891152,0.4622430637904319,0.6007690556310212,True,False
29,67,0.0,1.0,1.0,0.2468010836989115,0.4622430637901251,0.6007690556310212,True,False
29,68,0.0,1.0,1.0,0.35429629294589327,0.48979558558268244,0.732405314496457,True,False
29,69,0.0,1.0,1.0,0.5497358248065523,0.4101876052920614,0.5107898080259119,True,False
29,70,0.0,1.0,1.0,0.5497358248065523,0.41018760529544795,0.5107898080259118,True,False
29,71,0.0,1.0,1.0,0.5497358248065523,0.4101876052919696,0.5107898080259118,True,False
29,72,0.0,1.0,1.0,0.18396318050519855,0.41112950186895053,0.9109010720216282,True,False
29,73,0.0,1.0,1.0,0.4290119913042596,0.808418593736362,0.7357985529414277,True,False
29,74,0.0,1.0,1.0,0.49290083855966504,0.5765600192701147,0.43074211457609596,True,False
29,75,0.0,1.0,1.0,0.5330334369406352,0.5078859515139943,0.5320276011054176,True,False
29,76,0.0,1.0,1.0,0.533033436940624,0.5078859515139943,0.5320276011054176,True,False
29,77,0.0,1.0,1.0,0.5433534389669382,0.41657803756651957,0.8005996648537309,True,False
29,78,0.0,1.0,1.0,0.5433534389669382,0.4165780375626038,0.8005996648537309,True,False
29,79,0.0,1.0,1.0,0.5433534389669382,0.41657803756651957,0.8005996648537309,True,False
29,80,0.0,1.0,1.0,0.5433534389669381,0.41657803756614076,0.8005996648537309,True,False
29,81,0.0,1.0,1.0,0.5433534389669382,0.4165780375701877,0.8005996648537309,True,False
29,82,0.0,1.0,1.0,0.5433534389669382,0.41657803756614076,0.8005996648537309,True,False
29,83,0.0,1.0,1.0,0.5433534389669382,0.4165780375701877,0.8005996648537309,True,False
29,84,0.0,1.0,1.0,0.5433534389669382,0.41657803756260386,0.8005996648537309,True,False
30,60,0.0,1.0,1.0,0.2721095053845157,0.5109406199427022,0.6776012369794909,True,False
30,61,0.0,1.0,1.0,0.2930969620936914,0.5386517186792279,0.6474055307284651,True,False
30,62,0.0,1.0,1.0,0.3836991824020484,0.5309560662731935,0.740611525820387,True,False
30,63,0.0,1.0,1.0,0.4370557039701626,0.2854624958994214,0.8353143486482456,True,False
30,64,0.0,1.0,1.0,0.26838416040319274,0.3645732194703799,0.889710582236912,True,False
30,65,0.0,1.0,1.0,0.24680108369891351,0.4622430637937345,0.6007690556310218,True,False
30,66,0.0,1.0,1.0,0.24680108369891357,0.462243063794248,0.6007690556310218,True,False
30,67,0.0,1.0,1.0,0.24680108369891351,0.4622430637939412,0.6007690556310218,True,False
30,68,0.0,1.0,1.0,0.35429629294589526,0.48979558558139186,0.732405314496457,True,False
30,69,0.0,1.0,1.0,0.5497358248065519,0.4101876052911711,0.5107898080259122,True,False
30,70,0.0,1.0,1.0,0.5497358248065519,0.4101876052945576,0.5107898080259122,True,False
30,71,0.0,1.0,1.0,0.5497358248065519,0.41018760529107934,0.5107898080259122,True,False
30,72,0.0,1.0,1.0,0.1839631805051988,0.4111295018605201,0.9109010720216282,True,False
30,73,0.0,1.0,1.0,0.4290119913042598,0.8084185937397181,0.7357985529414277,True,False
30,74,0.0,1.0,1.0,0.49290083855966726,0.5765600192685958,0.4307421145760963,True,False
30,75,0.0,1.0,1.0,0.5330334369406374,0.5078859515162163,0.532027601105416,True,False
30,76,0.0,1.0,1.0,0.5330334369406262,0.5078859515162163,0.532027601105416,True,False
30,77,0.0,1.0,1.0,0.5433534389669413,0.4165780375639108,0.8005996648537295,True,False
30,78,0.0,1.0,1.0,0.5433534389669413,0.41657803755999506,0.8005996648537295,True,False
30,79,0.0,1.0,1.0,0.5433534389669413,0.41657803756391076,0.8005996648537295,True,False
30,80,0.0,1.0,1.0,0.5433534389669412,0.416578037563532,0.8005996648537295,True,False
30,81,0.0,1.0,1.0,0.5433534389669413,0.4165780375675789,0.8005996648537295,True,False
30,82,0.0,1.0,1.0,0.5433534389669413,0.41657803756353196,0.8005996648537294,True,False
30,83,0.0,1.0,1.0,0.5433534389669413,0.41657803756757894,0.8005996648537295,True,False
30,84,0.0,1.0,1.0,0.5433534389669413,0.41657803755999506,0.8005996648537294,True,False
31,60,0.0,1.0,1.0,0.2721095053845143,0.5109406199438964,0.6776012369794908,True,False
31,61,0.0,1.0,1.0,0.2930969620936917,0.538651718678163,0.6474055307284651,True,False
31,62,0.0,1.0,1.0,0.38369918240204864,0.5309560662751825,0.740611525820387,True,False
31,63,0.0,1.0,1.0,0.43705570397016263,0.2854624959000744,0.8353143486482456,True,False
31,64,0.0,1.0,1.0,0.26838416040319285,0.36457321946389076,0.889710582236912,True,False
31,65,0.0,1.0,1.0,0.2468010836989118,0.46224306379000213,0.6007690556310218,True,False
31,66,0.0,1.0,1.0,0.24680108369891182,0.4622430637905157,0.6007690556310218,True,False
31,67,0.0,1.0,1.0,0.2468010836989118,0.4622430637902089,0.6007690556310218,True,False
31,68,0.0,1.0,1.0,0.3542962929458935,0.48979558558377945,0.732405314496457,True,False
31,69,0.0,1.0,1.0,0.5497358248065515,0.41018760529082204,0.5107898080259113,True,False
31,70,0.0,1.0,1.0,0.5497358248065515,0.4101876052942086,0.5107898080259112,True,False
31,71,0.0,1.0,1.0,0.5497358248065515,0.4101876052907303,0.5107898080259113,True,False
31,72,0.0,1.0,1.0,0.18396318050519928,0.41112950187059333,0.9109010720216282,True,False
31,73,0.0,1.0,1.0,0.42901199130425993,0.808418593736281,0.7357985529414277,True,False
31,74,0.0,1.0,1.0,0.4929008385596655,0.5765600192698997,0.4307421145760953,True,False
31,75,0.0,1.0,1.0,0.5330334369406357,0.5078859515148751,0.5320276011054171,True,False
31,76,0.0,1.0,1.0,0.5330334369406244,0.5078859515148751,0.5320276011054171,True,False
31,77,0.0,1.0,1.0,0.5433534389669383,0.4165780375653431,0.8005996648537304,True,False
31,78,0.0,1.0,1.0,0.5433534389669382,0.41657803756142736,0.8005996648537304,True,False
31,79,0.0,1.0,1.0,0.5433534389669382,0.41657803756534306,0.8005996648537304,True,False
31,80,0.0,1.0,1.0,0.5433534389669381,0.4165780375649643,0.8005996648537305,True,False
31,81,0.0,1.0,1.0,0.5433534389669382,0.41657803756901124,0.8005996648537304,True,False
31,82,0.0,1.0,1.0,0.5433534389669382,0.4165780375649643,0.8005996648537304,True,False
31,83,0.0,1.0,1.0,0.5433534389669383,0.41657803756901124,0.8005996648537304,True,False
31,84,0.0,1.0,1.0,0.5433534389669382,0.41657803756142736,0.8005996648537304,True,False
32,60,0.0,1.0,1.0,0.2721095053845165,0.5109406199434728,0.6776012369794907,True,False
32,61,0.0,1.0,1.0,0.29309696209369285,0.5386517186791782,0.6474055307284649,True,False
32,62,0.0,1.0,1.0,0.3836991824020498,0.5309560662749924,0.740611525820387,True,False
32,63,0.0,1.0,1.0,0.43705570397016386,0.28546249590020284,0.8353143486482456,True,False
32,64,0.0,1.0,1.0,0.26838416040319407,0.3645732194671862,0.889710582236912,True,False
32,65,0.0,1.0,1.0,0.24680108369891401,0.46224306379207397,0.6007690556310217,True,False
32,66,0.0,1.0,1.0,0.24680108369891407,0.46224306379258756,0.6007690556310217,True,False
32,67,0.0,1.0,1.0,0.24680108369891401,0.46224306379228075,0.6007690556310217,True,False
32,68,0.0,1.0,1.0,0.35429629294589576,0.48979558558308245,0.732405314496457,True,False
32,69,0.0,1.0,1.0,0.5497358248065499,0.4101876052917911,0.5107898080259115,True,False
32,70,0.0,1.0,1.0,0.5497358248065499,0.41018760529517767,0.5107898080259113,True,False
32,71,0.0,1.0,1.0,0.5497358248065499,0.41018760529169934,0.5107898080259113,True,False
32,72,0.0,1.0,1.0,0.18396318050520044,0.41112950186686487,0.9109010720216282,True,False
32,73,0.0,1.0,1.0,0.42901199130426115,0.8084185937375928,0.7357985529414277,True,False
32,74,0.0,1.0,1.0,0.4929008385596683,0.5765600192698321,0.43074211457609546,True,False
32,75,0.0,1.0,1.0,0.5330334369406383,0.5078859515151384,0.5320276011054172,True,False
32,76,0.0,1.0,1.0,0.5330334369406271,0.5078859515151384,0.5320276011054172,True,False
32,77,0.0,1.0,1.0,0.5433534389669408,0.4165780375649858,0.8005996648537307,True,False
32,78,0.0,1.0,1.0,0.5433534389669407,0.41657803756107004,0.8005996648537307,True,False
32,79,0.0,1.0,1.0,0.5433534389669408,0.41657803756498574,0.8005996648537307,True,False
32,80,0.0,1.0,1.0,0.5433534389669407,0.416578037564607,0.8005996648537307,True,False
32,81,0.0,1.0,1.0,0.5433534389669407,0.4165780375686539,0.8005996648537307,True,False
32,82,0.0,1.0,1.0,0.5433534389669407,0.416578037564607,0.8005996648537307,True,False
32,83,0.0,1.0,1.0,0.5433534389669408,0.4165780375686539,0.8005996648537307,True,False
32,84,0.0,1.0,1.0,0.5433534389669407,0.41657803756107004,0.8005996648537307,True,False
33,60,0.0,1.0,1.0,0.2721095053845184,0.510940619942925,0.6776012369794907,True,False
33,61,0.0,1.0,1.0,0.2930969620936904,0.5386517186790687,0.6474055307284649,True,False
33,62,0.0,1.0,1.0,0.3836991824020475,0.5309560662750963,0.740611525820387,True,False
33,63,0.0,1.0,1.0,0.4370557039701617,0.28546249589838035,0.8353143486482456,True,False
33,64,0.0,1.0,1.0,0.26838416040319185,0.3645732194642654,0.889710582236912,True,False
33,65,0.0,1.0,1.0,0.24680108369891685,0.4622430637896245,0.6007690556310217,True,False
33,66,0.0,1.0,1.0,0.2468010836989169,0.4622430637901381,0.6007690556310217,True,False
33,67,0.0,1.0,1.0,0.24680108369891685,0.46224306378983127,0.6007690556310217,True,False
33,68,0.0,1.0,1.0,0.3542962929458986,0.48979558558299235,0.732405314496457,True,False
33,69,0.0,1.0,1.0,0.5497358248065528,0.41018760529181486,0.5107898080259118,True,False
33,70,0.0,1.0,1.0,0.5497358248065528,0.4101876052952014,0.5107898080259118,True,False
33,71,0.0,1.0,1.0,0.5497358248065528,0.41018760529172305,0.5107898080259118,True,False
33,72,0.0,1.0,1.0,0.18396318050519805,0.4111295018683855,0.9109010720216282,True,False
33,73,0.0,1.0,1.0,0.42901199130425904,0.8084185937362885,0.7357985529414277,True,False
33,74,0.0,1.0,1.0,0.49290083855967076,0.5765600192703446,0.4307421145760959,True,False
33,75,0.0,1.0,1.0,0.533033436940641,0.5078859515144308,0.5320276011054169,True,False
33,76,0.0,1.0,1.0,0.5330334369406298,0.5078859515144308,0.5320276011054168,True,False
33,77,0.0,1.0,1.0,0.5433534389669477,0.41657803756472483,0.8005996648537302,True,False
33,78,0.0,1.0,1.0,0.5433534389669477,0.4165780375608091,0.8005996648537302,True,False
33,79,0.0,1.0,1.0,0.5433534389669477,0.41657803756472483,0.8005996648537302,True,False
33,80,0.0,1.0,1.0,0.5433534389669477,0.4165780375643461,0.8005996648537304,True,False
33,81,0.0,1.0,1.0,0.5433534389669477,0.41657803756839296,0.8005996648537302,True,False
33,82,0.0,1.0,1.0,0.5433534389669477,0.416578037564346,0.8005996648537302,True,False
33,83,0.0,1.0,1.0,0.5433534389669478,0.41657803756839296,0.8005996648537302,True,False
33,84,0.0,1.0,1.0,0.5433534389669477,0.41657803756080913,0.8005996648537302,True,False
34,60,0.0,1.0,1.0,0.27210950538451434,0.5109406199439459,0.6776012369794909,True,False
34,61,0.0,1.0,1.0,0.2930969620936899,0.5386517186785508,0.6474055307284651,True,False
34,62,0.0,1.0,1.0,0.3836991824020469,0.5309560662738876,0.7406115258203868,True,False
34,63,0.0,1.0,1.0,0.437055703970161,0.2854624959002193,0.8353143486482454,True,False
34,64,0.0,1.0,1.0,0.26838416040319124,0.36457321946715276,0.889710582236912,True,False
34,65,0.0,1.0,1.0,0.2468010836989124,0.46224306379189095,0.6007690556310218,True,False
34,66,0.0,1.0,1.0,0.24680108369891243,0.46224306379240454,0.6007690556310218,True,False
34,67,0.0,1.0,1.0,0.2468010836989124,0.46224306379209773,0.6007690556310218,True,False
34,68,0.0,1.0,1.0,0.35429629294589415,0.4897955855827512,0.7324053144964568,True,False
34,69,0.0,1.0,1.0,0.5497358248065538,0.41018760529099896,0.510789808025912,True,False
34,70,0.0,1.0,1.0,0.5497358248065538,0.41018760529438547,0.5107898080259119,True,False
34,71,0.0,1.0,1.0,0.5497358248065538,0.41018760529090714,0.5107898080259119,True,False
34,72,0.0,1.0,1.0,0.1839631805051974,0.4111295018666034,0.9109010720216281,True,False
34,73,0.0,1.0,1.0,0.42901199130425827,0.808418593737418,0.7357985529414277,True,False
34,74,0.0,1.0,1.0,0.4929008385596656,0.5765600192690546,0.43074211457609607,True,False
34,75,0.0,1.0,1.0,0.5330334369406359,0.5078859515153633,0.5320276011054162,True,False
34,76,0.0,1.0,1.0,0.5330334369406247,0.5078859515153633,0.5320276011054162,True,False
34,77,0.0,1.0,1.0,0.543353438966941,0.41657803756484285,0.8005996648537296,True,False
34,78,0.0,1.0,1.0,0.543353438966941,0.4165780375609271,0.8005996648537296,True,False
34,79,0.0,1.0,1.0,0.543353438966941,0.41657803756484285,0.8005996648537296,True,False
34,80,0.0,1.0,1.0,0.5433534389669409,0.41657803756446404,0.8005996648537298,True,False
34,81,0.0,1.0,1.0,0.543353438966941,0.416578037568511,0.8005996648537298,True,False
34,82,0.0,1.0,1.0,0.543353438966941,0.41657803756446404,0.8005996648537296,True,False
34,83,0.0,1.0,1.0,0.543353438966941,0.416578037568511,0.8005996648537298,True,False
34,84,0.0,1.0,1.0,0.543353438966941,0.4165780375609271,0.8005996648537296,True,False
35,60,0.0,1.0,1.0,0.2721095053845122,0.510940619943661,0.6776012369794904,True,False
35,61,0.0,1.0,1.0,0.29309696209369135,0.5386517186792351,0.6474055307284645,True,False
35,62,0.0,1.0,1.0,0.3836991824020483,0.5309560662750542,0.740611525820387,True,False
35,63,0.0,1.0,1.0,0.43705570397016213,0.28546249589994516,0.8353143486482456,True,False
35,64,0.0,1.0,1.0,0.2683841604031924,0.3645732194685318,0.889710582236912,True,False
35,65,0.0,1.0,1.0,0.24680108369890946,0.46224306379278823,0.6007690556310213,True,False
35,66,0.0,1.0,1.0,0.24680108369890952,0.4622430637933018,0.6007690556310213,True,False
35,67,0.0,1.0,1.0,0.24680108369890946,0.462243063792995,0.6007690556310213,True,False
35,68,0.0,1.0,1.0,0.35429629294589116,0.4897955855832989,0.732405314496457,True,False
35,69,0.0,1.0,1.0,0.549735824806552,0.410187605291159,0.510789808025911,True,False
35,70,0.0,1.0,1.0,0.549735824806552,0.4101876052945455,0.5107898080259109,True,False
35,71,0.0,1.0,1.0,0.549735824806552,0.41018760529106724,0.510789808025911,True,False
35,72,0.0,1.0,1.0,0.18396318050519883,0.4111295018650568,0.9109010720216282,True,False
35,73,0.0,1.0,1.0,0.4290119913042595,0.8084185937383862,0.7357985529414277,True,False
35,74,0.0,1.0,1.0,0.49290083855966293,0.5765600192703375,0.43074211457609507,True,False
35,75,0.0,1.0,1.0,0.533033436940633,0.5078859515163705,0.5320276011054182,True,False
35,76,0.0,1.0,1.0,0.5330334369406218,0.5078859515163705,0.5320276011054182,True,False
35,77,0.0,1.0,1.0,0.5433534389669349,0.41657803756382494,0.8005996648537317,True,False
35,78,0.0,1.0,1.0,0.5433534389669349,0.4165780375599092,0.8005996648537317,True,False
35,79,0.0,1.0,1.0,0.5433534389669349,0.4165780375638249,0.8005996648537317,True,False
35,80,0.0,1.0,1.0,0.5433534389669348,0.41657803756344614,0.8005996648537318,True,False
35,81,0.0,1.0,1.0,0.5433534389669349,0.416578037567493,0.8005996648537317,True,False
35,82,0.0,1.0,1.0,0.5433534389669349,0.4165780375634461,0.8005996648537317,True,False
35,83,0.0,1.0,1.0,0.5433534389669349,0.41657803756749306,0.8005996648537317,True,False
35,84,0.0,1.0,1.0,0.5433534389669349,0.4165780375599092,0.8005996648537317,True,False
36,60,0.0,1.0,1.0,0.2721095053845096,0.5109406199445289,0.6776012369794907,True,False
36,61,0.0,1.0,1.0,0.2930969620936903,0.5386517186802167,0.6474055307284649,True,False
36,62,0.0,1.0,1.0,0.38369918240204715,0.5309560662749343,0.740611525820387,True,False
36,63,0.0,1.0,1.0,0.4370557039701611,0.2854624959002948,0.8353143486482456,True,False
36,64,0.0,1.0,1.0,0.26838416040319135,0.36457321947043436,0.889710582236912,True,False
36,65,0.0,1.0,1.0,0.2468010836989069,0.46224306379459457,0.6007690556310216,True,False
36,66,0.0,1.0,1.0,0.24680108369890694,0.46224306379510816,0.6007690556310216,True,False
36,67,0.0,1.0,1.0,0.2468010836989069,0.46224306379480135,0.6007690556310216,True,False
36,68,0.0,1.0,1.0,0.3542962929458886,0.48979558558367714,0.732405314496457,True,False
36,69,0.0,1.0,1.0,0.5497358248065538,0.4101876052917156,0.5107898080259121,True,False
36,70,0.0,1.0,1.0,0.5497358248065538,0.4101876052951021,0.5107898080259121,True,False
36,71,0.0,1.0,1.0,0.5497358248065538,0.4101876052916238,0.5107898080259121,True,False
36,72,0.0,1.0,1.0,0.18396318050519733,0.41112950186410135,0.9109010720216282,True,False
36,73,0.0,1.0,1.0,0.4290119913042584,0.808418593738753,0.7357985529414277,True,False
36,74,0.0,1.0,1.0,0.4929008385596596,0.5765600192706936,0.4307421145760962,True,False
36,75,0.0,1.0,1.0,0.5330334369406299,0.5078859515167606,0.5320276011054167,True,False
36,76,0.0,1.0,1.0,0.5330334369406187,0.5078859515167606,0.5320276011054166,True,False
36,77,0.0,1.0,1.0,0.5433534389669319,0.4165780375638137,0.80059966485373,True,False
36,78,0.0,1.0,1.0,0.5433534389669318,0.4165780375598979,0.80059966485373,True,False
36,79,0.0,1.0,1.0,0.5433534389669318,0.4165780375638136,0.80059966485373,True,False
36,80,0.0,1.0,1.0,0.5433534389669317,0.41657803756343487,0.80059966485373,True,False
36,81,0.0,1.0,1.0,0.5433534389669318,0.4165780375674818,0.80059966485373,True,False
36,82,0.0,1.0,1.0,0.5433534389669318,0.41657803756343487,0.80059966485373,True,False
36,83,0.0,1.0,1.0,0.5433534389669319,0.4165780375674818,0.80059966485373,True,False
36,84,0.0,1.0,1.0,0.5433534389669318,0.4165780375598979,0.80059966485373,True,False
37,60,0.0,1.0,1.0,0.2721095053845243,0.5109406199439599,0.6776012369794908,True,False
37,61,0.0,1.0,1.0,0.29309696209369446,0.5386517186779849,0.647405530728465,True,False
37,62,0.0,1.0,1.0,0.3836991824020516,0.5309560662740175,0.740611525820387,True,False
37,63,0.0,1.0,1.0,0.43705570397016597,0.2854624958993012,0.8353143486482457,True,False
37,64,0.0,1.0,1.0,0.2683841604031961,0.3645732194646916,0.889710582236912,True,False
37,65,0.0,1.0,1.0,0.24680108369892245,0.46224306379029473,0.6007690556310218,True,False
37,66,0.0,1.0,1.0,0.2468010836989225,0.46224306379080826,0.6007690556310218,True,False
37,67,0.0,1.0,1.0,0.24680108369892245,0.46224306379050145,0.6007690556310218,True,False
37,68,0.0,1.0,1.0,0.35429629294590426,0.4897955855829404,0.732405314496457,True,False
37,69,0.0,1.0,1.0,0.5497358248065476,0.41018760529065057,0.5107898080259125,True,False
37,70,0.0,1.0,1.0,0.5497358248065476,0.41018760529403714,0.5107898080259123,True,False
37,71,0.0,1.0,1.0,0.5497358248065476,0.4101876052905588,0.5107898080259125,True,False
37,72,0.0,1.0,1.0,0.18396318050520216,0.41112950186810626,0.9109010720216282,True,False
37,73,0.0,1.0,1.0,0.42901199130426326,0.8084185937365331,0.7357985529414276,True,False
37,74,0.0,1.0,1.0,0.49290083855967803,0.5765600192691474,0.4307421145760964,True,False
37,75,0.0,1.0,1.0,0.533033436940648,0.507885951515053,0.532027601105416,True,False
37,76,0.0,1.0,1.0,0.5330334369406369,0.507885951515053,0.532027601105416,True,False
37,77,0.0,1.0,1.0,0.5433534389669527,0.41657803756500184,0.8005996648537295,True,False
37,78,0.0,1.0,1.0,0.5433534389669527,0.41657803756108613,0.8005996648537295,True,False
37,79,0.0,1.0,1.0,0.5433534389669527,0.41657803756500184,0.8005996648537295,True,False
37,80,0.0,1.0,1.0,0.5433534389669525,0.4165780375646231,0.8005996648537296,True,False
37,81,0.0,1.0,1.0,0.5433534389669527,0.41657803756866996,0.8005996648537295,True,False
37,82,0.0,1.0,1.0,0.5433534389669527,0.416578037564623,0.8005996648537295,True,False
37,83,0.0,1.0,1.0,0.5433534389669527,0.41657803756867,0.8005996648537295,True,False
37,84,0.0,1.0,1.0,0.5433534389669527,0.41657803756108613,0.8005996648537295,True,False
38,60,0.0,1.0,1.0,0.27210950538452,0.510940619943815,0.6776012369794909,True,False
38,61,0.0,1.0,1.0,0.2930969620936929,0.538651718679208,0.6474055307284651,True,False
38,62,0.0,1.0,1.0,0.38369918240205,0.5309560662746641,0.740611525820387,True,False
38,63,0.0,1.0,1.0,0.4370557039701642,0.2854624959001917,0.8353143486482456,True,False
38,64,0.0,1.0,1.0,0.26838416040319435,0.3645732194677692,0.889710582236912,True,False
38,65,0.0,1.0,1.0,0.246801083698918,0.46224306379226054,0.6007690556310218,True,False
38,66,0.0,1.0,1.0,0.24680108369891804,0.4622430637927741,0.6007690556310218,True,False
38,67,0.0,1.0,1.0,0.246801083698918,0.46224306379246727,0.6007690556310218,True,False
38,68,0.0,1.0,1.0,0.35429629294589976,0.48979558558332276,0.732405314496457,True,False
38,69,0.0,1.0,1.0,0.5497358248065496,0.41018760529137466,0.5107898080259118,True,False
38,70,0.0,1.0,1.0,0.5497358248065496,0.41018760529476117,0.5107898080259117,True,False
38,71,0.0,1.0,1.0,0.5497358248065496,0.4101876052912829,0.5107898080259117,True,False
38,72,0.0,1.0,1.0,0.18396318050520064,0.4111295018667947,0.9109010720216282,True,False
38,73,0.0,1.0,1.0,0.4290119913042615,0.8084185937376375,0.7357985529414277,True,False
38,74,0.0,1.0,1.0,0.4929008385596727,0.5765600192700282,0.43074211457609574,True,False
38,75,0.0,1.0,1.0,0.5330334369406428,0.5078859515158325,0.5320276011054166,True,False
38,76,0.0,1.0,1.0,0.5330334369406315,0.5078859515158325,0.5320276011054166,True,False
38,77,0.0,1.0,1.0,0.543353438966947,0.41657803756435113,0.80059966485373,True,False
38,78,0.0,1.0,1.0,0.543353438966947,0.41657803756043543,0.80059966485373,True,False
38,79,0.0,1.0,1.0,0.543353438966947,0.41657803756435113,0.80059966485373,True,False
38,80,0.0,1.0,1.0,0.543353438966947,0.4165780375639724,0.80059966485373,True,False
38,81,0.0,1.0,1.0,0.543353438966947,0.41657803756801925,0.80059966485373,True,False
38,82,0.0,1.0,1.0,0.543353438966947,0.4165780375639723,0.8005996648537299,True,False
38,83,0.0,1.0,1.0,0.5433534389669471,0.4165780375680193,0.80059966485373,True,False
38,84,0.0,1.0,1.0,0.543353438966947,0.41657803756043543,0.8005996648537299,True,False
39,60,0.0,1.0,1.0,0.2721095053845164,0.5109406199445744,0.6776012369794912,True,False
39,61,0.0,1.0,1.0,0.2930969620936931,0.5386517186771391,0.6474055307284653,True,False
39,62,0.0,1.0,1.0,0.38369918240205014,0.5309560662742696,0.740611525820387,True,False
39,63,0.0,1.0,1.0,0.43705570397016413,0.2854624959010869,0.8353143486482456,True,False
39,64,0.0,1.0,1.0,0.2683841604031944,0.3645732194640338,0.889710582236912,True,False
39,65,0.0,1.0,1.0,0.24680108369891385,0.46224306379050883,0.6007690556310221,True,False
39,66,0.0,1.0,1.0,0.24680108369891388,0.4622430637910224,0.6007690556310221,True,False
39,67,0.0,1.0,1.0,0.24680108369891385,0.46224306379071556,0.6007690556310221,True,False
39,68,0.0,1.0,1.0,0.35429629294589554,0.48979558558345776,0.732405314496457,True,False
39,69,0.0,1.0,1.0,0.5497358248065497,0.4101876052906723,0.5107898080259117,True,False
39,70,0.0,1.0,1.0,0.5497358248065497,0.41018760529405884,0.5107898080259116,True,False
39,71,0.0,1.0,1.0,0.5497358248065497,0.4101876052905805,0.5107898080259117,True,False
39,72,0.0,1.0,1.0,0.18396318050520072,0.4111295018711617,0.9109010720216282,True,False
39,73,0.0,1.0,1.0,0.42901199130426143,0.8084185937366479,0.7357985529414277,True,False
39,74,0.0,1.0,1.0,0.49290083855966815,0.5765600192684447,0.43074211457609574,True,False
39,75,0.0,1.0,1.0,0.5330334369406382,0.5078859515146216,0.532027601105416,True,False
39,76,0.0,1.0,1.0,0.533033436940627,0.5078859515146216,0.532027601105416,True,False
39,77,0.0,1.0,1.0,0.5433534389669401,0.4165780375657771,0.8005996648537295,True,False
39,78,0.0,1.0,1.0,0.5433534389669401,0.41657803756186135,0.8005996648537295,True,False
39,79,0.0,1.0,1.0,0.5433534389669401,0.41657803756577705,0.8005996648537295,True,False
39,80,0.0,1.0,1.0,0.54335343896694,0.4165780375653983,0.8005996648537295,True,False
39,81,0.0,1.0,1.0,0.5433534389669401,0.4165780375694452,0.8005996648537295,True,False
39,82,0.0,1.0,1.0,0.5433534389669401,0.41657803756539824,0.8005996648537294,True,False
39,83,0.0,1.0,1.0,0.5433534389669401,0.4165780375694452,0.8005996648537295,True,False
39,84,0.0,1.0,1.0,0.5433534389669401,0.41657803756186135,0.8005996648537294,True,False
40,60,0.0,1.0,1.0,0.2721095053845015,0.5109406199457367,0.6776012369794907,True,False
40,61,0.0,1.0,1.0,0.2930969620936883,0.5386517186779951,0.6474055307284649,True,False
40,62,0.0,1.0,1.0,0.3836991824020449,0.5309560662755791,0.740611525820387,True,False
40,63,0.0,1.0,1.0,0.43705570397015864,0.28546249590040845,0.8353143486482456,True,False
40,64,0.0,1.0,1.0,0.26838416040318896,0.3645732194642903,0.889710582236912,True,False
40,65,0.0,1.0,1.0,0.24680108369889825,0.4622430637905994,0.6007690556310217,True,False
40,66,0.0,1.0,1.0,0.2468010836988983,0.46224306379111296,0.6007690556310217,True,False
40,67,0.0,1.0,1.0,0.24680108369889825,0.46224306379080615,0.6007690556310217,True,False
40,68,0.0,1.0,1.0,0.35429629294587983,0.48979558558470115,0.732405314496457,True,False
40,69,0.0,1.0,1.0,0.549735824806557,0.41018760529091236,0.5107898080259119,True,False
40,70,0.0,1.0,1.0,0.549735824806557,0.41018760529429893,0.5107898080259119,True,False
40,71,0.0,1.0,1.0,0.549735824806557,0.4101876052908206,0.5107898080259119,True,False
40,72,0.0,1.0,1.0,0.183963180505195,0.4111295018717405,0.9109010720216282,True,False
40,73,0.0,1.0,1.0,0.42901199130425594,0.8084185937356887,0.7357985529414277,True,False
40,74,0.0,1.0,1.0,0.4929008385596495,0.5765600192701761,0.43074211457609596,True,False
40,75,0.0,1.0,1.0,0.5330334369406198,0.5078859515147701,0.5320276011054168,True,False
40,76,0.0,1.0,1.0,0.5330334369406086,0.5078859515147701,0.5320276011054167,True,False
40,77,0.0,1.0,1.0,0.54335343896692,0.4165780375648422,0.80059966485373,True,False
40,78,0.0,1.0,1.0,0.5433534389669199,0.41657803756092643,0.80059966485373,True,False
40,79,0.0,1.0,1.0,0.54335343896692,0.4165780375648422,0.80059966485373,True,False
40,80,0.0,1.0,1.0,0.5433534389669199,0.4165780375644634,0.8005996648537302,True,False
40,81,0.0,1.0,1.0,0.5433534389669199,0.4165780375685103,0.80059966485373,True,False
40,82,0.0,1.0,1.0,0.5433534389669199,0.4165780375644634,0.80059966485373,True,False
40,83,0.0,1.0,1.0,0.54335343896692,0.4165780375685103,0.80059966485373,True,False
40,84,0.0,1.0,1.0,0.5433534389669199,0.41657803756092643,0.80059966485373,True,False
41,60,0.0,1.0,1.0,0.27210950538451273,0.5109406199422577,0.6776012369794909,True,False
41,61,0.0,1.0,1.0,0.29309696209369107,0.5386517186787658,0.6474055307284651,True,False
41,62,0.0,1.0,1.0,0.383699182402048,0.5309560662745256,0.740611525820387,True,False
41,63,0.0,1.0,1.0,0.4370557039701619,0.28546249589938766,0.8353143486482456,True,False
41,64,0.0,1.0,1.0,0.2683841604031922,0.3645732194653231,0.889710582236912,True,False
41,65,0.0,1.0,1.0,0.24680108369891018,0.46224306379035646,0.6007690556310218,True,False
41,66,0.0,1.0,1.0,0.24680108369891024,0.46224306379087005,0.6007690556310218,True,False
41,67,0.0,1.0,1.0,0.24680108369891018,0.46224306379056324,0.6007690556310218,True,False
41,68,0.0,1.0,1.0,0.35429629294589193,0.4897955855823777,0.732405314496457,True,False
41,69,0.0,1.0,1.0,0.5497358248065524,0.41018760529173165,0.5107898080259113,True,False
41,70,0.0,1.0,1.0,0.5497358248065524,0.4101876052951182,0.5107898080259113,True,False
41,71,0.0,1.0,1.0,0.5497358248065524,0.4101876052916399,0.5107898080259113,True,False
41,72,0.0,1.0,1.0,0.18396318050519855,0.41112950186720326,0.9109010720216282,True,False
41,73,0.0,1.0,1.0,0.42901199130425927,0.8084185937371453,0.7357985529414277,True,False
41,74,0.0,1.0,1.0,0.4929008385596636,0.5765600192694592,0.4307421145760954,True,False
41,75,0.0,1.0,1.0,0.5330334369406338,0.5078859515146349,0.5320276011054169,True,False
41,76,0.0,1.0,1.0,0.5330334369406226,0.5078859515146349,0.5320276011054169,True,False
41,77,0.0,1.0,1.0,0.5433534389669363,0.41657803756514267,0.8005996648537304,True,False
41,78,0.0,1.0,1.0,0.5433534389669363,0.41657803756122697,0.8005996648537304,True,False
41,79,0.0,1.0,1.0,0.5433534389669363,0.41657803756514267,0.8005996648537304,True,False
41,80,0.0,1.0,1.0,0.5433534389669362,0.4165780375647639,0.8005996648537304,True,False
41,81,0.0,1.0,1.0,0.5433534389669363,0.4165780375688108,0.8005996648537304,True,False
41,82,0.0,1.0,1.0,0.5433534389669363,0.41657803756476386,0.8005996648537304,True,False
41,83,0.0,1.0,1.0,0.5433534389669363,0.41657803756881084,0.8005996648537304,True,False
41,84,0.0,1.0,1.0,0.5433534389669363,0.41657803756122697,0.8005996648537304,True,False
42,60,0.0,1.0,1.0,0.2721095053845092,0.5109406199439859,0.6776012369794907,True,False
42,61,0.0,1.0,1.0,0.293096962093691,0.5386517186765546,0.6474055307284647,True,False
42,62,0.0,1.0,1.0,0.3836991824020478,0.5309560662736834,0.740611525820387,True,False
42,63,0.0,1.0,1.0,0.4370557039701617,0.2854624959005932,0.8353143486482456,True,False
42,64,0.0,1.0,1.0,0.2683841604031919,0.36457321946348453,0.889710582236912,True,False
42,65,0.0,1.0,1.0,0.2468010836989062,0.46224306378982516,0.6007690556310216,True,False
42,66,0.0,1.0,1.0,0.24680108369890624,0.4622430637903387,0.6007690556310216,True,False
42,67,0.0,1.0,1.0,0.2468010836989062,0.4622430637900319,0.6007690556310216,True,False
42,68,0.0,1.0,1.0,0.3542962929458879,0.4897955855829417,0.732405314496457,True,False
42,69,0.0,1.0,1.0,0.5497358248065528,0.4101876052903313,0.5107898080259113,True,False
42,70,0.0,1.0,1.0,0.5497358248065528,0.4101876052937179,0.5107898080259113,True,False
42,71,0.0,1.0,1.0,0.5497358248065528,0.41018760529023957,0.5107898080259113,True,False
42,72,0.0,1.0,1.0,0.18396318050519828,0.41112950187017816,0.9109010720216282,True,False
42,73,0.0,1.0,1.0,0.429011991304259,0.8084185937363307,0.7357985529414277,True,False
42,74,0.0,1.0,1.0,0.49290083855965916,0.5765600192680232,0.4307421145760954,True,False
42,75,0.0,1.0,1.0,0.5330334369406293,0.5078859515144721,0.5320276011054176,True,False
42,76,0.0,1.0,1.0,0.5330334369406181,0.5078859515144721,0.5320276011054176,True,False
42,77,0.0,1.0,1.0,0.54335343896693,0.4165780375654253,0.8005996648537309,True,False
42,78,0.0,1.0,1.0,0.54335343896693,0.4165780375615095,0.8005996648537309,True,False
42,79,0.0,1.0,1.0,0.54335343896693,0.4165780375654253,0.8005996648537309,True,False
42,80,0.0,1.0,1.0,0.5433534389669299,0.41657803756504647,0.8005996648537309,True,False
42,81,0.0,1.0,1.0,0.54335343896693,0.4165780375690934,0.8005996648537309,True,False
42,82,0.0,1.0,1.0,0.54335343896693,0.41657803756504647,0.8005996648537309,True,False
42,83,0.0,1.0,1.0,0.54335343896693,0.4165780375690934,0.8005996648537309,True,False
42,84,0.0,1.0,1.0,0.54335343896693,0.4165780375615096,0.8005996648537309,True,False
43,60,0.0,1.0,1.0,0.2721095053845086,0.5109406199450635,0.6776012369794909,True,False
43,61,0.0,1.0,1.0,0.29309696209369107,0.5386517186793799,0.6474055307284651,True,False
43,62,0.0,1.0,1.0,0.38369918240204787,0.530956066275464,0.740611525820387,True,False
43,63,0.0,1.0,1.0,0.4370557039701617,0.28546249590091094,0.8353143486482456,True,False
43,64,0.0,1.0,1.0,0.26838416040319196,0.3645732194687791,0.889710582236912,True,False
43,65,0.0,1.0,1.0,0.24680108369890555,0.4622430637937638,0.6007690556310218,True,False
43,66,0.0,1.0,1.0,0.2468010836989056,0.4622430637942773,0.6007690556310218,True,False
43,67,0.0,1.0,1.0,0.24680108369890555,0.4622430637939705,0.6007690556310218,True,False
43,68,0.0,1.0,1.0,0.3542962929458872,0.48979558558382824,0.732405314496457,True,False
43,69,0.0,1.0,1.0,0.5497358248065528,0.410187605291946,0.5107898080259115,True,False
43,70,0.0,1.0,1.0,0.5497358248065528,0.4101876052953325,0.5107898080259115,True,False
43,71,0.0,1.0,1.0,0.5497358248065528,0.41018760529185416,0.5107898080259115,True,False
43,72,0.0,1.0,1.0,0.1839631805051983,0.41112950186686376,0.9109010720216282,True,False
43,73,0.0,1.0,1.0,0.429011991304259,0.808418593738139,0.7357985529414277,True,False
43,74,0.0,1.0,1.0,0.4929008385596584,0.5765600192700705,0.4307421145760955,True,False
43,75,0.0,1.0,1.0,0.5330334369406285,0.5078859515156682,0.5320276011054169,True,False
43,76,0.0,1.0,1.0,0.5330334369406173,0.5078859515156682,0.5320276011054169,True,False
43,77,0.0,1.0,1.0,0.5433534389669289,0.4165780375648861,0.8005996648537302,True,False
43,78,0.0,1.0,1.0,0.5433534389669289,0.41657803756097034,0.8005996648537302,True,False
43,79,0.0,1.0,1.0,0.5433534389669289,0.41657803756488604,0.8005996648537302,True,False
43,80,0.0,1.0,1.0,0.5433534389669288,0.4165780375645073,0.8005996648537304,True,False
43,81,0.0,1.0,1.0,0.5433534389669289,0.4165780375685542,0.8005996648537304,True,False
43,82,0.0,1.0,1.0,0.5433534389669288,0.4165780375645073,0.8005996648537302,True,False
43,83,0.0,1.0,1.0,0.5433534389669289,0.4165780375685542,0.8005996648537304,True,False
43,84,0.0,1.0,1.0,0.5433534389669288,0.41657803756097034,0.8005996648537302,True,False
44,60,0.0,1.0,1.0,0.27210950538452144,0.5109406199442008,0.6776012369794913,True,False
44,61,0.0,1.0,1.0,0.2930969620936945,0.5386517186771523,0.6474055307284654,True,False
44,62,0.0,1.0,1.0,0.38369918240205164,0.5309560662734056,0.740611525820387,True,False
44,63,0.0,1.0,1.0,0.4370557039701658,0.2854624959008278,0.8353143486482456,True,False
44,64,0.0,1.0,1.0,0.26838416040319596,0.36457321946449134,0.889710582236912,True,False
44,65,0.0,1.0,1.0,0.24680108369891918,0.4622430637905373,0.6007690556310221,True,False
44,66,0.0,1.0,1.0,0.24680108369891923,0.4622430637910509,0.6007690556310221,True,False
44,67,0.0,1.0,1.0,0.24680108369891918,0.4622430637907441,0.6007690556310221,True,False
44,68,0.0,1.0,1.0,0.3542962929459009,0.4897955855826094,0.732405314496457,True,False
44,69,0.0,1.0,1.0,0.5497358248065475,0.4101876052905837,0.5107898080259116,True,False
44,70,0.0,1.0,1.0,0.5497358248065475,0.4101876052939702,0.5107898080259116,True,False
44,71,0.0,1.0,1.0,0.5497358248065475,0.4101876052904919,0.5107898080259116,True,False
44,72,0.0,1.0,1.0,0.18396318050520238,0.4111295018695294,0.9109010720216282,True,False
44,73,0.0,1.0,1.0,0.4290119913042631,0.8084185937367849,0.7357985529414276,True,False
44,74,0.0,1.0,1.0,0.4929008385596745,0.5765600192677188,0.4307421145760957,True,False
44,75,0.0,1.0,1.0,0.5330334369406444,0.5078859515147268,0.532027601105416,True,False
44,76,0.0,1.0,1.0,0.5330334369406332,0.5078859515147268,0.532027601105416,True,False
44,77,0.0,1.0,1.0,0.5433534389669473,0.4165780375663324,0.8005996648537295,True,False
44,78,0.0,1.0,1.0,0.5433534389669473,0.4165780375624166,0.8005996648537295,True,False
44,79,0.0,1.0,1.0,0.5433534389669473,0.4165780375663324,0.8005996648537295,True,False
44,80,0.0,1.0,1.0,0.5433534389669472,0.4165780375659536,0.8005996648537295,True,False
44,81,0.0,1.0,1.0,0.5433534389669473,0.4165780375700005,0.8005996648537295,True,False
44,82,0.0,1.0,1.0,0.5433534389669472,0.4165780375659536,0.8005996648537295,True,False
44,83,0.0,1.0,1.0,0.5433534389669473,0.4165780375700005,0.8005996648537295,True,False
44,84,0.0,1.0,1.0,0.5433534389669472,0.4165780375624167,0.8005996648537295,True,False
45,60,0.0,1.0,1.0,0.2721095053845146,0.5109406199443721,0.67760123697949,True,False
45,61,0.0,1.0,1.0,0.29309696209369274,0.538651718679205,0.6474055307284643,True,False
45,62,0.0,1.0,1.0,0.38369918240204964,0.5309560662747522,0.740611525820387,True,False
45,63,0.0,1.0,1.0,0.4370557039701637,0.28546249589982325,0.8353143486482456,True,False
45,64,0.0,1.0,1.0,0.2683841604031939,0.3645732194698911,0.889710582236912,True,False
45,65,0.0,1.0,1.0,0.2468010836989119,0.4622430637936882,0.6007690556310211,True,False
45,66,0.0,1.0,1.0,0.24680108369891196,0.46224306379420177,0.6007690556310211,True,False
45,67,0.0,1.0,1.0,0.2468010836989119,0.46224306379389496,0.6007690556310211,True,False
45,68,0.0,1.0,1.0,0.35429629294589365,0.489795585583244,0.732405314496457,True,False
45,69,0.0,1.0,1.0,0.5497358248065506,0.41018760529148574,0.5107898080259122,True,False
45,70,0.0,1.0,1.0,0.5497358248065506,0.41018760529487225,0.5107898080259122,True,False
45,71,0.0,1.0,1.0,0.5497358248065506,0.410187605291394,0.5107898080259122,True,False
45,72,0.0,1.0,1.0,0.18396318050519983,0.41112950186373837,0.9109010720216282,True,False
45,73,0.0,1.0,1.0,0.42901199130426104,0.808418593738659,0.7357985529414277,True,False
45,74,0.0,1.0,1.0,0.4929008385596658,0.5765600192700099,0.4307421145760963,True,False
45,75,0.0,1.0,1.0,0.533033436940636,0.5078859515165829,0.5320276011054176,True,False
45,76,0.0,1.0,1.0,0.5330334369406248,0.5078859515165829,0.5320276011054176,True,False
45,77,0.0,1.0,1.0,0.5433534389669374,0.4165780375632879,0.8005996648537309,True,False
45,78,0.0,1.0,1.0,0.5433534389669374,0.4165780375593721,0.8005996648537309,True,False
45,79,0.0,1.0,1.0,0.5433534389669374,0.4165780375632879,0.8005996648537309,True,False
45,80,0.0,1.0,1.0,0.5433534389669373,0.4165780375629091,0.8005996648537309,True,False
45,81,0.0,1.0,1.0,0.5433534389669374,0.416578037566956,0.8005996648537309,True,False
45,82,0.0,1.0,1.0,0.5433534389669374,0.41657803756290906,0.8005996648537309,True,False
45,83,0.0,1.0,1.0,0.5433534389669374,0.416578037566956,0.8005996648537309,True,False
45,84,0.0,1.0,1.0,0.5433534389669374,0.41657803755937217,0.8005996648537309,True,False
46,60,0.0,1.0,1.0,0.27210950538451845,0.5109406199437156,0.67760123697949,True,False
46,61,0.0,1.0,1.0,0.29309696209369324,0.5386517186805746,0.6474055307284642,True,False
46,62,0.0,1.0,1.0,0.38369918240205025,0.5309560662752639,0.740611525820387,True,False
46,63,0.0,1.0,1.0,0.4370557039701644,0.285462495899638,0.8353143486482457,True,False
46,64,0.0,1.0,1.0,0.26838416040319457,0.3645732194692529,0.8897105822369121,True,False
46,65,0.0,1.0,1.0,0.24680108369891612,0.46224306379305014,0.600769055631021,True,False
46,66,0.0,1.0,1.0,0.24680108369891618,0.4622430637935637,0.600769055631021,True,False
46,67,0.0,1.0,1.0,0.24680108369891612,0.4622430637932569,0.600769055631021,True,False
46,68,0.0,1.0,1.0,0.35429629294589793,0.4897955855835016,0.732405314496457,True,False
46,69,0.0,1.0,1.0,0.5497358248065495,0.41018760529191894,0.5107898080259122,True,False
46,70,0.0,1.0,1.0,0.5497358248065495,0.4101876052953055,0.5107898080259121,True,False
46,71,0.0,1.0,1.0,0.5497358248065495,0.4101876052918272,0.5107898080259122,True,False
46,72,0.0,1.0,1.0,0.1839631805052006,0.4111295018652491,0.9109010720216282,True,False
46,73,0.0,1.0,1.0,0.4290119913042618,0.8084185937376743,0.7357985529414276,True,False
46,74,0.0,1.0,1.0,0.4929008385596707,0.5765600192711675,0.4307421145760961,True,False
46,75,0.0,1.0,1.0,0.5330334369406408,0.5078859515159958,0.5320276011054178,True,False
46,76,0.0,1.0,1.0,0.5330334369406295,0.5078859515159958,0.5320276011054178,True,False
46,77,0.0,1.0,1.0,0.5433534389669438,0.4165780375639424,0.8005996648537312,True,False
46,78,0.0,1.0,1.0,0.5433534389669437,0.4165780375600267,0.8005996648537312,True,False
46,79,0.0,1.0,1.0,0.5433534389669438,0.4165780375639424,0.8005996648537312,True,False
46,80,0.0,1.0,1.0,0.5433534389669437,0.41657803756356365,0.8005996648537312,True,False
46,81,0.0,1.0,1.0,0.5433534389669437,0.4165780375676105,0.8005996648537312,True,False
46,82,0.0,1.0,1.0,0.5433534389669437,0.4165780375635636,0.8005996648537312,True,False
46,83,0.0,1.0,1.0,0.5433534389669438,0.4165780375676105,0.8005996648537312,True,False
46,84,0.0,1.0,1.0,0.5433534389669437,0.4165780375600267,0.8005996648537312,True,False
47,60,0.0,1.0,1.0,0.2721095053845239,0.5109406199444971,0.6776012369794907,True,False
47,61,0.0,1.0,1.0,0.2930969620936934,0.5386517186790497,0.6474055307284649,True,False
47,62,0.0,1.0,1.0,0.3836991824020507,0.5309560662746371,0.740611525820387,True,False
47,63,0.0,1.0,1.0,0.43705570397016485,0.2854624959002268,0.8353143486482456,True,False
47,64,0.0,1.0,1.0,0.268384160403195,0.3645732194684433,0.889710582236912,True,False
47,65,0.0,1.0,1.0,0.24680108369892229,0.4622430637929905,0.6007690556310217,True,False
47,66,0.0,1.0,1.0,0.24680108369892234,0.4622430637935041,0.6007690556310217,True,False
47,67,0.0,1.0,1.0,0.24680108369892229,0.4622430637931973,0.6007690556310217,True,False
47,68,0.0,1.0,1.0,0.3542962929459041,0.48979558558351927,0.732405314496457,True,False
47,69,0.0,1.0,1.0,0.5497358248065484,0.4101876052912468,0.510789808025911,True,False
47,70,0.0,1.0,1.0,0.5497358248065484,0.4101876052946334,0.510789808025911,True,False
47,71,0.0,1.0,1.0,0.5497358248065484,0.41018760529115506,0.510789808025911,True,False
47,72,0.0,1.0,1.0,0.18396318050520155,0.41112950186592073,0.9109010720216282,True,False
47,73,0.0,1.0,1.0,0.42901199130426226,0.808418593737738,0.7357985529414276,True,False
47,74,0.0,1.0,1.0,0.4929008385596777,0.5765600192701134,0.43074211457609507,True,False
47,75,0.0,1.0,1.0,0.5330334369406478,0.507885951515931,0.5320276011054176,True,False
47,76,0.0,1.0,1.0,0.5330334369406365,0.507885951515931,0.5320276011054176,True,False
47,77,0.0,1.0,1.0,0.5433534389669534,0.41657803756399653,0.8005996648537309,True,False
47,78,0.0,1.0,1.0,0.5433534389669533,0.41657803756008077,0.8005996648537309,True,False
47,79,0.0,1.0,1.0,0.5433534389669533,0.4165780375639965,0.8005996648537309,True,False
47,80,0.0,1.0,1.0,0.5433534389669533,0.4165780375636177,0.8005996648537311,True,False
47,81,0.0,1.0,1.0,0.5433534389669533,0.4165780375676646,0.8005996648537309,True,False
47,82,0.0,1.0,1.0,0.5433534389669533,0.41657803756361766,0.8005996648537309,True,False
47,83,0.0,1.0,1.0,0.5433534389669534,0.41657803756766465,0.8005996648537309,True,False
47,84,0.0,1.0,1.0,0.5433534389669533,0.41657803756008077,0.8005996648537309,True,False
48,60,0.0,1.0,1.0,0.2721095053845205,0.5109406199424004,0.6776012369794908,True,False
48,61,0.0,1.0,1.0,0.2930969620936941,0.5386517186791256,0.6474055307284651,True,False
48,62,0.0,1.0,1.0,0.3836991824020512,0.5309560662749014,0.740611525820387,True,False
48,63,0.0,1.0,1.0,0.43705570397016547,0.28546249589852096,0.8353143486482456,True,False
48,64,0.0,1.0,1.0,0.2683841604031956,0.36457321946338545,0.889710582236912,True,False
48,65,0.0,1.0,1.0,0.2468010836989183,0.4622430637895081,0.6007690556310218,True,False
48,66,0.0,1.0,1.0,0.24680108369891834,0.46224306379002167,0.6007690556310218,True,False
48,67,0.0,1.0,1.0,0.2468010836989183,0.46224306378971486,0.6007690556310218,True,False
48,68,0.0,1.0,1.0,0.3542962929459001,0.4897955855825749,0.732405314496457,True,False
48,69,0.0,1.0,1.0,0.5497358248065484,0.41018760529204273,0.5107898080259127,True,False
48,70,0.0,1.0,1.0,0.5497358248065484,0.41018760529542925,0.5107898080259126,True,False
48,71,0.0,1.0,1.0,0.5497358248065484,0.410187605291951,0.5107898080259126,True,False
48,72,0.0,1.0,1.0,0.18396318050520158,0.41112950186849884,0.9109010720216282,True,False
48,73,0.0,1.0,1.0,0.4290119913042627,0.8084185937362737,0.7357985529414277,True,False
48,74,0.0,1.0,1.0,0.49290083855967326,0.5765600192700757,0.4307421145760966,True,False
48,75,0.0,1.0,1.0,0.5330334369406433,0.5078859515138795,0.5320276011054158,True,False
48,76,0.0,1.0,1.0,0.5330334369406321,0.5078859515138795,0.5320276011054158,True,False
48,77,0.0,1.0,1.0,0.5433534389669463,0.4165780375658581,0.8005996648537291,True,False
48,78,0.0,1.0,1.0,0.5433534389669463,0.41657803756194234,0.8005996648537291,True,False
48,79,0.0,1.0,1.0,0.5433534389669463,0.4165780375658581,0.8005996648537291,True,False
48,80,0.0,1.0,1.0,0.5433534389669462,0.4165780375654793,0.8005996648537291,True,False
48,81,0.0,1.0,1.0,0.5433534389669463,0.4165780375695262,0.8005996648537291,True,False
48,82,0.0,1.0,1.0,0.5433534389669462,0.4165780375654793,0.8005996648537291,True,False
48,83,0.0,1.0,1.0,0.5433534389669463,0.4165780375695262,0.8005996648537291,True,False
48,84,0.0,1.0,1.0,0.5433534389669462,0.4165780375619424,0.8005996648537291,True,False
49,60,0.0,1.0,1.0,0.2721095053845198,0.5109406199427073,0.6776012369794908,True,False
49,61,0.0,1.0,1.0,0.2930969620936925,0.5386517186792619,0.647405530728465,True,False
49,62,0.0,1.0,1.0,0.38369918240204964,0.5309560662734494,0.740611525820387,True,False
49,63,0.0,1.0,1.0,0.43705570397016374,0.28546249589938544,0.8353143486482456,True,False
49,64,0.0,1.0,1.0,0.26838416040319396,0.36457321947034566,0.889710582236912,True,False
49,65,0.0,1.0,1.0,0.24680108369891784,0.4622430637938433,0.6007690556310217,True,False
49,66,0.0,1.0,1.0,0.2468010836989179,0.4622430637943568,0.6007690556310217,True,False
49,67,0.0,1.0,1.0,0.24680108369891784,0.46224306379405,0.6007690556310217,True,False
49,68,0.0,1.0,1.0,0.3542962929458996,0.48979558558156233,0.732405314496457,True,False
49,69,0.0,1.0,1.0,0.54973582480655,0.4101876052912846,0.5107898080259113,True,False
49,70,0.0,1.0,1.0,0.5497358248065499,0.4101876052946712,0.5107898080259113,True,False
49,71,0.0,1.0,1.0,0.5497358248065499,0.41018760529119286,0.5107898080259113,True,False
49,72,0.0,1.0,1.0,0.18396318050520033,0.41112950186051794,0.9109010720216282,True,False
49,73,0.0,1.0,1.0,0.4290119913042611,0.8084185937397762,0.7357985529414276,True,False
49,74,0.0,1.0,1.0,0.4929008385596725,0.5765600192688117,0.4307421145760954,True,False
49,75,0.0,1.0,1.0,0.5330334369406425,0.5078859515161429,0.5320276011054172,True,False
49,76,0.0,1.0,1.0,0.5330334369406313,0.5078859515161428,0.5320276011054171,True,False
49,77,0.0,1.0,1.0,0.5433534389669472,0.41657803756372647,0.8005996648537307,True,False
49,78,0.0,1.0,1.0,0.5433534389669471,0.4165780375598107,0.8005996648537307,True,False
49,79,0.0,1.0,1.0,0.5433534389669471,0.4165780375637264,0.8005996648537307,True,False
49,80,0.0,1.0,1.0,0.543353438966947,0.41657803756334766,0.8005996648537308,True,False
49,81,0.0,1.0,1.0,0.5433534389669471,0.4165780375673946,0.8005996648537307,True,False
49,82,0.0,1.0,1.0,0.5433534389669471,0.4165780375633476,0.8005996648537307,True,False
49,83,0.0,1.0,1.0,0.5433534389669472,0.4165780375673946,0.8005996648537307,True,False
49,84,0.0,1.0,1.0,0.5433534389669471,0.4165780375598107,0.8005996648537307,True,False
50,60,0.0,1.0,1.0,0.2721095053845152,0.5109406199435765,0.6776012369794908,True,False
50,61,0.0,1.0,1.0,0.29309696209369235,0.5386517186762757,0.6474055307284651,True,False
50,62,0.0,1.0,1.0,0.3836991824020493,0.5309560662745961,0.740611525820387,True,False
50,63,0.0,1.0,1.0,0.43705570397016336,0.2854624959003657,0.8353143486482456,True,False
50,64,0.0,1.0,1.0,0.2683841604031936,0.3645732194603661,0.889710582236912,True,False
50,65,0.0,1.0,1.0,0.24680108369891268,0.4622430637878316,0.6007690556310218,True,False
50,66,0.0,1.0,1.0,0.24680108369891274,0.4622430637883452,0.6007690556310218,True,False
50,67,0.0,1.0,1.0,0.24680108369891268,0.46224306378803837,0.6007690556310218,True,False
50,68,0.0,1.0,1.0,0.35429629294589443,0.48979558558336883,0.732405314496457,True,False
50,69,0.0,1.0,1.0,0.5497358248065507,0.41018760529087933,0.5107898080259118,True,False
50,70,0.0,1.0,1.0,0.5497358248065507,0.41018760529426584,0.5107898080259118,True,False
50,71,0.0,1.0,1.0,0.5497358248065507,0.41018760529078757,0.5107898080259118,True,False
50,72,0.0,1.0,1.0,0.18396318050519983,0.4111295018737641,0.9109010720216282,True,False
50,73,0.0,1.0,1.0,0.42901199130426065,0.808418593734922,0.7357985529414277,True,False
50,74,0.0,1.0,1.0,0.49290083855966665,0.5765600192684103,0.43074211457609585,True,False
50,75,0.0,1.0,1.0,0.5330334369406368,0.5078859515130777,0.5320276011054167,True,False
50,76,0.0,1.0,1.0,0.5330334369406255,0.5078859515130777,0.5320276011054167,True,False
50,77,0.0,1.0,1.0,0.5433534389669391,0.4165780375661768,0.80059966485373,True,False
50,78,0.0,1.0,1.0,0.543353438966939,0.416578037562261,0.80059966485373,True,False
50,79,0.0,1.0,1.0,0.5433534389669391,0.4165780375661768,0.80059966485373,True,False
50,80,0.0,1.0,1.0,0.543353438966939,0.416578037565798,0.80059966485373,True,False
50,81,0.0,1.0,1.0,0.543353438966939,0.4165780375698449,0.80059966485373,True,False
50,82,0.0,1.0,1.0,0.543353438966939,0.416578037565798,0.8005996648537299,True,False
50,83,0.0,1.0,1.0,0.5433534389669391,0.4165780375698449,0.80059966485373,True,False
50,84,0.0,1.0,1.0,0.543353438966939,0.4165780375622611,0.8005996648537299,True,False
51,60,0.0,1.0,1.0,0.2721095053845168,0.5109406199437028,0.6776012369794908,True,False
51,61,0.0,1.0,1.0,0.29309696209369246,0.5386517186788696,0.647405530728465,True,False
51,62,0.0,1.0,1.0,0.3836991824020495,0.5309560662744408,0.740611525820387,True,False
51,63,0.0,1.0,1.0,0.4370557039701636,0.285462495900155,0.8353143486482456,True,False
51,64,0.0,1.0,1.0,0.26838416040319374,0.36457321946690496,0.889710582236912,True,False
51,65,0.0,1.0,1.0,0.24680108369891446,0.46224306379197216,0.6007690556310217,True,False
51,66,0.0,1.0,1.0,0.24680108369891451,0.46224306379248575,0.6007690556310217,True,False
51,67,0.0,1.0,1.0,0.24680108369891446,0.46224306379217894,0.6007690556310217,True,False
51,68,0.0,1.0,1.0,0.3542962929458962,0.4897955855829641,0.732405314496457,True,False
51,69,0.0,1.0,1.0,0.5497358248065505,0.4101876052914388,0.5107898080259118,True,False
51,70,0.0,1.0,1.0,0.5497358248065505,0.41018760529482534,0.5107898080259117,True,False
51,71,0.0,1.0,1.0,0.5497358248065505,0.410187605291347,0.5107898080259118,True,False
51,72,0.0,1.0,1.0,0.18396318050520002,0.4111295018667652,0.9109010720216282,True,False
51,73,0.0,1.0,1.0,0.4290119913042609,0.8084185937374732,0.7357985529414277,True,False
51,74,0.0,1.0,1.0,0.4929008385596687,0.5765600192694954,0.43074211457609585,True,False
51,75,0.0,1.0,1.0,0.5330334369406388,0.5078859515150396,0.5320276011054168,True,False
51,76,0.0,1.0,1.0,0.5330334369406275,0.5078859515150396,0.5320276011054168,True,False
51,77,0.0,1.0,1.0,0.5433534389669418,0.41657803756487466,0.80059966485373,True,False
51,78,0.0,1.0,1.0,0.5433534389669418,0.41657803756095896,0.80059966485373,True,False
51,79,0.0,1.0,1.0,0.5433534389669418,0.41657803756487466,0.80059966485373,True,False
51,80,0.0,1.0,1.0,0.5433534389669418,0.4165780375644959,0.8005996648537302,True,False
51,81,0.0,1.0,1.0,0.5433534389669418,0.4165780375685428,0.80059966485373,True,False
51,82,0.0,1.0,1.0,0.5433534389669418,0.41657803756449585,0.80059966485373,True,False
51,83,0.0,1.0,1.0,0.5433534389669419,0.41657803756854284,0.80059966485373,True,False
51,84,0.0,1.0,1.0,0.5433534389669418,0.41657803756095896,0.80059966485373,True,False
52,60,0.0,1.0,1.0,0.2721095053845066,0.5109406199435631,0.6776012369794909,True,False
52,61,0.0,1.0,1.0,0.2930969620936884,0.5386517186781057,0.6474055307284651,True,False
52,62,0.0,1.0,1.0,0.38369918240204515,0.5309560662744748,0.740611525820387,True,False
52,63,0.0,1.0,1.0,0.437055703970159,0.28546249589940365,0.8353143486482456,True,False
52,64,0.0,1.0,1.0,0.2683841604031893,0.36457321946452653,0.889710582236912,True,False
52,65,0.0,1.0,1.0,0.24680108369890397,0.46224306379003616,0.6007690556310218,True,False
52,66,0.0,1.0,1.0,0.24680108369890402,0.46224306379054975,0.6007690556310218,True,False
52,67,0.0,1.0,1.0,0.24680108369890397,0.46224306379024294,0.6007690556310218,True,False
52,68,0.0,1.0,1.0,0.35429629294588566,0.48979558558284436,0.732405314496457,True,False
52,69,0.0,1.0,1.0,0.5497358248065563,0.41018760529112064,0.5107898080259117,True,False
52,70,0.0,1.0,1.0,0.5497358248065563,0.4101876052945072,0.5107898080259116,True,False
52,71,0.0,1.0,1.0,0.5497358248065563,0.4101876052910289,0.5107898080259116,True,False
52,72,0.0,1.0,1.0,0.1839631805051955,0.4111295018688063,0.9109010720216282,True,False
52,73,0.0,1.0,1.0,0.4290119913042563,0.8084185937366651,0.7357985529414276,True,False
52,74,0.0,1.0,1.0,0.49290083855965594,0.5765600192691994,0.4307421145760957,True,False
52,75,0.0,1.0,1.0,0.5330334369406262,0.5078859515148791,0.5320276011054166,True,False
52,76,0.0,1.0,1.0,0.533033436940615,0.5078859515148791,0.5320276011054166,True,False
52,77,0.0,1.0,1.0,0.5433534389669291,0.41657803756522477,0.80059966485373,True,False
52,78,0.0,1.0,1.0,0.543353438966929,0.416578037561309,0.80059966485373,True,False
52,79,0.0,1.0,1.0,0.5433534389669291,0.4165780375652247,0.80059966485373,True,False
52,80,0.0,1.0,1.0,0.543353438966929,0.41657803756484596,0.80059966485373,True,False
52,81,0.0,1.0,1.0,0.543353438966929,0.4165780375688929,0.80059966485373,True,False
52,82,0.0,1.0,1.0,0.543353438966929,0.41657803756484596,0.8005996648537299,True,False
52,83,0.0,1.0,1.0,0.5433534389669291,0.4165780375688929,0.80059966485373,True,False
52,84,0.0,1.0,1.0,0.543353438966929,0.416578037561309,0.8005996648537299,True,False
53,60,0.0,1.0,1.0,0.2721095053845191,0.5109406199439208,0.6776012369794909,True,False
53,61,0.0,1.0,1.0,0.29309696209369185,0.5386517186785557,0.6474055307284652,True,False
53,62,0.0,1.0,1.0,0.3836991824020489,0.5309560662742845,0.740611525820387,True,False
53,63,0.0,1.0,1.0,0.437055703970163,0.2854624959000294,0.8353143486482457,True,False
53,64,0.0,1.0,1.0,0.26838416040319324,0.3645732194669001,0.8897105822369121,True,False
53,65,0.0,1.0,1.0,0.24680108369891723,0.46224306379190555,0.600769055631022,True,False
53,66,0.0,1.0,1.0,0.2468010836989173,0.4622430637924191,0.600769055631022,True,False
53,67,0.0,1.0,1.0,0.24680108369891723,0.4622430637921123,0.600769055631022,True,False
53,68,0.0,1.0,1.0,0.35429629294589904,0.489795585582848,0.732405314496457,True,False
53,69,0.0,1.0,1.0,0.5497358248065508,0.41018760529121306,0.5107898080259112,True,False
53,70,0.0,1.0,1.0,0.5497358248065508,0.4101876052945996,0.5107898080259112,True,False
53,71,0.0,1.0,1.0,0.5497358248065508,0.4101876052911213,0.5107898080259112,True,False
53,72,0.0,1.0,1.0,0.18396318050519972,0.41112950186660424,0.9109010720216282,True,False
53,73,0.0,1.0,1.0,0.4290119913042604,0.808418593737545,0.7357985529414276,True,False
53,74,0.0,1.0,1.0,0.4929008385596716,0.5765600192692177,0.43074211457609524,True,False
53,75,0.0,1.0,1.0,0.5330334369406418,0.5078859515153586,0.5320276011054169,True,False
53,76,0.0,1.0,1.0,0.5330334369406305,0.5078859515153586,0.5320276011054168,True,False
53,77,0.0,1.0,1.0,0.5433534389669469,0.4165780375649919,0.8005996648537304,True,False
53,78,0.0,1.0,1.0,0.5433534389669468,0.41657803756107614,0.8005996648537304,True,False
53,79,0.0,1.0,1.0,0.5433534389669469,0.41657803756499184,0.8005996648537304,True,False
53,80,0.0,1.0,1.0,0.5433534389669468,0.4165780375646131,0.8005996648537304,True,False
53,81,0.0,1.0,1.0,0.5433534389669469,0.41657803756866,0.8005996648537304,True,False
53,82,0.0,1.0,1.0,0.5433534389669468,0.41657803756461304,0.8005996648537304,True,False
53,83,0.0,1.0,1.0,0.5433534389669469,0.41657803756866,0.8005996648537304,True,False
53,84,0.0,1.0,1.0,0.5433534389669468,0.41657803756107614,0.8005996648537304,True,False
54,60,0.0,1.0,1.0,0.272109505384522,0.5109406199444341,0.6776012369794905,True,False
54,61,0.0,1.0,1.0,0.2930969620936954,0.5386517186790433,0.6474055307284647,True,False
54,62,0.0,1.0,1.0,0.3836991824020525,0.5309560662747385,0.740611525820387,True,False
54,63,0.0,1.0,1.0,0.4370557039701666,0.2854624959002286,0.8353143486482456,True,False
54,64,0.0,1.0,1.0,0.2683841604031968,0.36457321946859095,0.889710582236912,True,False
54,65,0.0,1.0,1.0,0.2468010836989196,0.4622430637931771,0.6007690556310215,True,False
54,66,0.0,1.0,1.0,0.24680108369891962,0.4622430637936907,0.6007690556310215,True,False
54,67,0.0,1.0,1.0,0.2468010836989196,0.46224306379338387,0.6007690556310215,True,False
54,68,0.0,1.0,1.0,0.35429629294590137,0.48979558558359537,0.732405314496457,True,False
54,69,0.0,1.0,1.0,0.5497358248065464,0.4101876052912099,0.5107898080259112,True,False
54,70,0.0,1.0,1.0,0.5497358248065464,0.41018760529459647,0.5107898080259111,True,False
54,71,0.0,1.0,1.0,0.5497358248065464,0.41018760529111814,0.5107898080259112,True,False
54,72,0.0,1.0,1.0,0.18396318050520327,0.411129501865611,0.9109010720216282,True,False
54,73,0.0,1.0,1.0,0.429011991304264,0.8084185937380529,0.7357985529414277,True,False
54,74,0.0,1.0,1.0,0.4929008385596752,0.5765600192702298,0.4307421145760953,True,False
54,75,0.0,1.0,1.0,0.5330334369406451,0.5078859515164167,0.5320276011054178,True,False
54,76,0.0,1.0,1.0,0.5330334369406339,0.5078859515164167,0.5320276011054177,True,False
54,77,0.0,1.0,1.0,0.5433534389669471,0.41657803756363104,0.8005996648537311,True,False
54,78,0.0,1.0,1.0,0.5433534389669471,0.4165780375597153,0.8005996648537311,True,False
54,79,0.0,1.0,1.0,0.5433534389669471,0.41657803756363104,0.8005996648537311,True,False
54,80,0.0,1.0,1.0,0.543353438966947,0.41657803756325223,0.8005996648537312,True,False
54,81,0.0,1.0,1.0,0.5433534389669471,0.41657803756729916,0.8005996648537312,True,False
54,82,0.0,1.0,1.0,0.5433534389669471,0.41657803756325223,0.8005996648537311,True,False
54,83,0.0,1.0,1.0,0.5433534389669471,0.41657803756729916,0.8005996648537312,True,False
54,84,0.0,1.0,1.0,0.5433534389669471,0.41657803755971534,0.8005996648537311,True,False
55,60,0.0,1.0,1.0,0.27210950538451173,0.51094061994539,0.6776012369794904,True,False
55,61,0.0,1.0,1.0,0.2930969620936911,0.5386517186800786,0.6474055307284646,True,False
55,62,0.0,1.0,1.0,0.383699182402048,0.5309560662749389,0.740611525820387,True,False
55,63,0.0,1.0,1.0,0.437055703970162,0.285462495900642,0.8353143486482456,True,False
55,64,0.0,1.0,1.0,0.2683841604031922,0.3645732194706677,0.889710582236912,True,False
55,65,0.0,1.0,1.0,0.24680108369890913,0.46224306379481617,0.6007690556310213,True,False
55,66,0.0,1.0,1.0,0.24680108369890916,0.46224306379532976,0.6007690556310213,True,False
55,67,0.0,1.0,1.0,0.24680108369890913,0.46224306379502295,0.6007690556310213,True,False
55,68,0.0,1.0,1.0,0.3542962929458908,0.4897955855841294,0.732405314496457,True,False
55,69,0.0,1.0,1.0,0.5497358248065527,0.4101876052914932,0.5107898080259122,True,False
55,70,0.0,1.0,1.0,0.5497358248065527,0.41018760529487974,0.5107898080259122,True,False
55,71,0.0,1.0,1.0,0.5497358248065527,0.4101876052914014,0.5107898080259122,True,False
55,72,0.0,1.0,1.0,0.18396318050519817,0.41112950186484465,0.9109010720216282,True,False
55,73,0.0,1.0,1.0,0.42901199130425927,0.8084185937384722,0.7357985529414277,True,False
55,74,0.0,1.0,1.0,0.49290083855966227,0.5765600192707878,0.4307421145760963,True,False
55,75,0.0,1.0,1.0,0.5330334369406324,0.5078859515169104,0.5320276011054169,True,False
55,76,0.0,1.0,1.0,0.5330334369406213,0.5078859515169104,0.5320276011054169,True,False
55,77,0.0,1.0,1.0,0.5433534389669346,0.4165780375635512,0.8005996648537304,True,False
55,78,0.0,1.0,1.0,0.5433534389669346,0.4165780375596355,0.8005996648537304,True,False
55,79,0.0,1.0,1.0,0.5433534389669346,0.4165780375635512,0.8005996648537304,True,False
55,80,0.0,1.0,1.0,0.5433534389669346,0.41657803756317247,0.8005996648537304,True,False
55,81,0.0,1.0,1.0,0.5433534389669346,0.41657803756721934,0.8005996648537304,True,False
55,82,0.0,1.0,1.0,0.5433534389669346,0.4165780375631724,0.8005996648537304,True,False
55,83,0.0,1.0,1.0,0.5433534389669346,0.41657803756721934,0.8005996648537304,True,False
55,84,0.0,1.0,1.0,0.5433534389669346,0.4165780375596355,0.8005996648537304,True,False
56,60,0.0,1.0,1.0,0.27210950538451817,0.5109406199436232,0.6776012369794903,True,False
56,61,0.0,1.0,1.0,0.29309696209369257,0.5386517186780092,0.6474055307284644,True,False
56,62,0.0,1.0,1.0,0.38369918240204964,0.5309560662737007,0.740611525820387,True,False
56,63,0.0,1.0,1.0,0.43705570397016374,0.28546249589932765,0.8353143486482456,True,False
56,64,0.0,1.0,1.0,0.2683841604031939,0.36457321946476096,0.889710582236912,True,False
56,65,0.0,1.0,1.0,0.24680108369891596,0.46224306379026686,0.6007690556310211,True,False
56,66,0.0,1.0,1.0,0.246801083698916,0.46224306379078045,0.6007690556310211,True,False
56,67,0.0,1.0,1.0,0.24680108369891596,0.46224306379047364,0.6007690556310211,True,False
56,68,0.0,1.0,1.0,0.35429629294589776,0.48979558558275527,0.732405314496457,True,False
56,69,0.0,1.0,1.0,0.5497358248065503,0.4101876052905826,0.5107898080259117,True,False
56,70,0.0,1.0,1.0,0.5497358248065503,0.41018760529396914,0.5107898080259117,True,False
56,71,0.0,1.0,1.0,0.5497358248065503,0.4101876052904908,0.5107898080259117,True,False
56,72,0.0,1.0,1.0,0.18396318050520008,0.41112950186789704,0.9109010720216282,True,False
56,73,0.0,1.0,1.0,0.4290119913042611,0.8084185937365246,0.7357985529414277,True,False
56,74,0.0,1.0,1.0,0.4929008385596704,0.5765600192690741,0.43074211457609585,True,False
56,75,0.0,1.0,1.0,0.5330334369406404,0.5078859515150906,0.5320276011054179,True,False
56,76,0.0,1.0,1.0,0.5330334369406293,0.5078859515150906,0.5320276011054179,True,False
56,77,0.0,1.0,1.0,0.5433534389669441,0.4165780375649055,0.8005996648537312,True,False
56,78,0.0,1.0,1.0,0.5433534389669441,0.41657803756098977,0.8005996648537312,True,False
56,79,0.0,1.0,1.0,0.5433534389669441,0.41657803756490547,0.8005996648537312,True,False
56,80,0.0,1.0,1.0,0.543353438966944,0.4165780375645267,0.8005996648537314,True,False
56,81,0.0,1.0,1.0,0.5433534389669441,0.4165780375685736,0.8005996648537314,True,False
56,82,0.0,1.0,1.0,0.5433534389669441,0.41657803756452666,0.8005996648537312,True,False
56,83,0.0,1.0,1.0,0.5433534389669441,0.41657803756857364,0.8005996648537314,True,False
56,84,0.0,1.0,1.0,0.5433534389669441,0.41657803756098977,0.8005996648537312,True,False
57,60,0.0,1.0,1.0,0.27210950538451334,0.5109406199437907,0.6776012369794908,True,False
57,61,0.0,1.0,1.0,0.2930969620936903,0.5386517186790665,0.6474055307284651,True,False
57,62,0.0,1.0,1.0,0.3836991824020472,0.5309560662745281,0.740611525820387,True,False
57,63,0.0,1.0,1.0,0.43705570397016125,0.28546249589991274,0.8353143486482456,True,False
57,64,0.0,1.0,1.0,0.26838416040319146,0.36457321946735605,0.889710582236912,True,False
57,65,0.0,1.0,1.0,0.24680108369891113,0.462243063792169,0.6007690556310218,True,False
57,66,0.0,1.0,1.0,0.24680108369891118,0.4622430637926826,0.6007690556310218,True,False
57,67,0.0,1.0,1.0,0.24680108369891113,0.4622430637923758,0.6007690556310218,True,False
57,68,0.0,1.0,1.0,0.3542962929458929,0.4897955855832245,0.732405314496457,True,False
57,69,0.0,1.0,1.0,0.5497358248065534,0.41018760529139053,0.5107898080259118,True,False
57,70,0.0,1.0,1.0,0.5497358248065534,0.4101876052947771,0.5107898080259118,True,False
57,71,0.0,1.0,1.0,0.5497358248065534,0.4101876052912988,0.5107898080259118,True,False
57,72,0.0,1.0,1.0,0.18396318050519767,0.4111295018664137,0.9109010720216282,True,False
57,73,0.0,1.0,1.0,0.42901199130425854,0.8084185937375571,0.7357985529414276,True,False
57,74,0.0,1.0,1.0,0.4929008385596644,0.5765600192699771,0.43074211457609585,True,False
57,75,0.0,1.0,1.0,0.5330334369406345,0.5078859515157078,0.5320276011054166,True,False
57,76,0.0,1.0,1.0,0.5330334369406234,0.5078859515157078,0.5320276011054165,True,False
57,77,0.0,1.0,1.0,0.5433534389669387,0.41657803756419154,0.80059966485373,True,False
57,78,0.0,1.0,1.0,0.5433534389669387,0.4165780375602758,0.80059966485373,True,False
57,79,0.0,1.0,1.0,0.5433534389669387,0.4165780375641915,0.80059966485373,True,False
57,80,0.0,1.0,1.0,0.5433534389669386,0.41657803756381273,0.80059966485373,True,False
57,81,0.0,1.0,1.0,0.5433534389669387,0.4165780375678596,0.80059966485373,True,False
57,82,0.0,1.0,1.0,0.5433534389669387,0.4165780375638127,0.8005996648537299,True,False
57,83,0.0,1.0,1.0,0.5433534389669387,0.41657803756785966,0.80059966485373,True,False
57,84,0.0,1.0,1.0,0.5433534389669387,0.4165780375602758,0.8005996648537299,True,False
58,60,0.0,1.0,1.0,0.2721095053845151,0.510940619944451,0.6776012369794907,True,False
58,61,0.0,1.0,1.0,0.2930969620936922,0.5386517186769177,0.6474055307284649,True,False
58,62,0.0,1.0,1.0,0.3836991824020492,0.530956066273896,0.740611525820387,True,False
58,63,0.0,1.0,1.0,0.4370557039701632,0.28546249590104994,0.8353143486482456,True,False
58,64,0.0,1.0,1.0,0.2683841604031934,0.3645732194640642,0.889710582236912,True,False
58,65,0.0,1.0,1.0,0.24680108369891263,0.4622430637902408,0.6007690556310216,True,False
58,66,0.0,1.0,1.0,0.24680108369891265,0.4622430637907544,0.6007690556310216,True,False
58,67,0.0,1.0,1.0,0.24680108369891263,0.4622430637904476,0.6007690556310216,True,False
58,68,0.0,1.0,1.0,0.3542962929458944,0.48979558558323555,0.732405314496457,True,False
58,69,0.0,1.0,1.0,0.5497358248065508,0.41018760529075743,0.5107898080259116,True,False
58,70,0.0,1.0,1.0,0.5497358248065508,0.410187605294144,0.5107898080259115,True,False
58,71,0.0,1.0,1.0,0.5497358248065508,0.41018760529066567,0.5107898080259116,True,False
58,72,0.0,1.0,1.0,0.18396318050519972,0.4111295018708643,0.9109010720216282,True,False
58,73,0.0,1.0,1.0,0.42901199130426054,0.8084185937362753,0.7357985529414276,True,False
58,74,0.0,1.0,1.0,0.4929008385596666,0.5765600192681183,0.4307421145760956,True,False
58,75,0.0,1.0,1.0,0.5330334369406367,0.5078859515142761,0.5320276011054174,True,False
58,76,0.0,1.0,1.0,0.5330334369406254,0.5078859515142761,0.5320276011054172,True,False
58,77,0.0,1.0,1.0,0.5433534389669391,0.4165780375654843,0.8005996648537307,True,False
58,78,0.0,1.0,1.0,0.543353438966939,0.4165780375615685,0.8005996648537307,True,False
58,79,0.0,1.0,1.0,0.5433534389669391,0.4165780375654843,0.8005996648537307,True,False
58,80,0.0,1.0,1.0,0.543353438966939,0.4165780375651055,0.8005996648537308,True,False
58,81,0.0,1.0,1.0,0.543353438966939,0.4165780375691524,0.8005996648537307,True,False
58,82,0.0,1.0,1.0,0.543353438966939,0.4165780375651055,0.8005996648537307,True,False
58,83,0.0,1.0,1.0,0.5433534389669391,0.4165780375691524,0.8005996648537307,True,False
58,84,0.0,1.0,1.0,0.543353438966939,0.4165780375615686,0.8005996648537307,True,False
59,60,0.0,1.0,1.0,0.27210950538451545,0.5109406199445738,0.6776012369794909,True,False
59,61,0.0,1.0,1.0,0.2930969620936912,0.5386517186780879,0.6474055307284651,True,False
59,62,0.0,1.0,1.0,0.3836991824020482,0.5309560662750498,0.740611525820387,True,False
59,63,0.0,1.0,1.0,0.4370557039701623,0.28546249589984857,0.8353143486482456,True,False
59,64,0.0,1.0,1.0,0.2683841604031925,0.3645732194638126,0.889710582236912,True,False
59,65,0.0,1.0,1.0,0.2468010836989133,0.46224306379009605,0.6007690556310218,True,False
59,66,0.0,1.0,1.0,0.24680108369891335,0.46224306379060964,0.6007690556310218,True,False
59,67,0.0,1.0,1.0,0.24680108369891327,0.46224306379030283,0.6007690556310218,True,False
59,68,0.0,1.0,1.0,0.35429629294589504,0.4897955855838845,0.732405314496457,True,False
59,69,0.0,1.0,1.0,0.549735824806552,0.41018760529104975,0.5107898080259118,True,False
59,70,0.0,1.0,1.0,0.549735824806552,0.4101876052944363,0.5107898080259118,True,False
59,71,0.0,1.0,1.0,0.549735824806552,0.410187605290958,0.5107898080259118,True,False
59,72,0.0,1.0,1.0,0.18396318050519872,0.4111295018705622,0.9109010720216282,True,False
59,73,0.0,1.0,1.0,0.4290119913042596,0.808418593735689,0.7357985529414277,True,False
59,74,0.0,1.0,1.0,0.492900838559667,0.5765600192698793,0.43074211457609585,True,False
59,75,0.0,1.0,1.0,0.5330334369406371,0.5078859515145359,0.5320276011054165,True,False
59,76,0.0,1.0,1.0,0.533033436940626,0.5078859515145359,0.5320276011054165,True,False
59,77,0.0,1.0,1.0,0.5433534389669411,0.41657803756511586,0.8005996648537299,True,False
59,78,0.0,1.0,1.0,0.5433534389669411,0.4165780375612001,0.8005996648537299,True,False
59,79,0.0,1.0,1.0,0.5433534389669411,0.41657803756511586,0.8005996648537299,True,False
59,80,0.0,1.0,1.0,0.543353438966941,0.41657803756473705,0.80059966485373,True,False
59,81,0.0,1.0,1.0,0.5433534389669411,0.416578037568784,0.8005996648537299,True,False
59,82,0.0,1.0,1.0,0.5433534389669411,0.41657803756473705,0.8005996648537299,True,False
59,83,0.0,1.0,1.0,0.5433534389669411,0.416578037568784,0.8005996648537299,True,False
59,84,0.0,1.0,1.0,0.5433534389669411,0.41657803756120015,0.8005996648537299,True,False
60,61,0.0,1.0,0.998003040165082,0.4092818781446834,0.3190174828534204,0.12391042917839268,True,False
60,62,0.0,1.0,0.9657305521483379,0.187690672916562,0.3251475169654006,0.33391978971206376,True,False
60,63,0.0,1.0,0.9991408059549832,0.4740455283838961,0.3967910775470145,0.21197310645614498,True,False
60,64,0.0,1.0,0.9999344381267546,0.22809567235937186,0.4058630048174584,0.364014882913749,True,False
60,65,0.0,1.0,0.9998262873257492,0.07278540208862838,0.4171851886856124,0.17341725133802166,True,False
60,66,0.0,1.0,0.9998262873257492,0.07278540208862838,0.4171851886865095,0.17341725133802163,True,False
60,67,0.0,1.0,0.9998262873257492,0.07278540208862833,0.4171851886862042,0.17341725133802166,True,False
60,68,0.0,1.0,0.9898733700556931,0.1646426913960354,0.30311752730756586,0.27982350540247936,True,False
60,69,0.0,1.0,0.969164144994453,0.5014916422915989,0.5742879947186901,0.9575922534436122,True,False
60,70,0.0,1.0,0.969164144994453,0.5014916422915988,0.5742879947226703,0.9575922534436122,True,False
60,71,0.0,1.0,0.969164144994453,0.5014916422915988,0.5742879947192437,0.9575922534436122,True,False
60,72,0.0,1.0,0.9888285418471325,0.1936546083755924,0.33164087562598277,0.8398378873683675,True,False
60,73,0.0,1.0,0.9859475143170164,0.3240225196899512,0.7650355595370724,0.3083866489789357,True,False
60,74,0.0,1.0,0.9952866530140009,0.35629092622636915,0.268133309124251,1.0,True,False
60,75,0.0,1.0,0.9967603120731784,0.4084068290934078,0.18675832678111814,1.0,True,False
60,76,0.0,1.0,0.9967603120731784,0.40840682909341897,0.1867583267811181,1.0,True,False
60,77,0.0,1.0,0.9977698316871082,0.4791179630305016,0.33985843020267736,1.0,True,False
60,78,0.0,1.0,0.9977698316871082,0.47911796303050164,0.3398584301876356,1.0,True,False
60,79,0.0,1.0,0.9977698316871082,0.47911796303050164,0.33985843020267736,1.0,True,False
60,80,0.0,1.0,0.9977698316871082,0.4791179630305017,0.3398584301942487,1.0,True,False
60,81,0.0,1.0,0.9977698316871082,0.47911796303050164,0.3398584302010782,1.0,True,False
60,82,0.0,1.0,0.9977698316871082,0.4791179630305017,0.3398584301942488,1.0,True,False
60,83,0.0,1.0,0.9977698316871082,0.4791179630305016,0.33985843020107825,1.0,True,False
60,84,0.0,1.0,0.9977698316871082,0.4791179630305017,0.33985843018763556,1.0,True,False
61,62,0.0,1.0,0.991015282841279,0.468062370111799,0.14609118732098228,0.4578302188904564,True,False
61,63,0.0,1.0,0.9980691800765805,0.1977618114065714,0.351285160459205,0.3358835356345376,True,False
61,64,0.0,1.0,0.9882133102003656,0.48525016576856905,0.29815432286194166,0.4879253120921417,True,False
61,65,0.0,1.0,1.0,0.3869127699993963,0.3663147918136714,0.0848653113948038,True,False
61,66,0.0,1.0,1.0,0.38691276999939633,0.36631479181434107,0.08486531139480376,True,False
61,67,0.0,1.0,1.0,0.38691276999939633,0.36631479181442017,0.0848653113948038,True,False
61,68,0.0,1.0,0.9802112841356425,0.4620570624141269,0.16260973467278447,0.39497246569725236,True,False
61,69,0.0,1.0,1.0,0.63205430827515,0.5442115216437275,0.8658085686510653,True,False
61,70,0.0,1.0,1.0,0.63205430827515,0.5442115216470392,0.8658085686510654,True,False
61,71,0.0,1.0,1.0,0.63205430827515,0.544211521642929,0.8658085686510653,True,False
61,72,0.0,1.0,0.996615055006731,0.37218770245997584,0.2859492296240143,0.8653956770156306,True,False
61,73,0.0,1.0,0.9842103076204747,0.5769705206771223,0.7693584720062828,0.38306910362612295,True,False
61,74,0.0,1.0,0.9929386348991142,0.6184206263618173,0.262853448353907,1.0,True,False
61,75,0.0,1.0,1.0,0.6119624661118772,0.2422533130829923,1.0,True,False
61,76,0.0,1.0,1.0,0.6119624661118734,0.2422533130829923,1.0,True,False
61,77,0.0,1.0,0.9966588429113038,0.6169645467990741,0.42138586848118376,1.0,True,False
61,78,0.0,1.0,0.9966588429113038,0.6169645467990741,0.42138586847288,1.0,True,False
61,79,0.0,1.0,0.9966588429113038,0.6169645467990741,0.4213858684811837,1.0,True,False
61,80,0.0,1.0,0.9966588429113038,0.6169645467990741,0.4213858684764324,1.0,True,False
61,81,0.0,1.0,0.9966588429113038,0.6169645467990741,0.42138586848407783,1.0,True,False
61,82,0.0,1.0,0.9966588429113038,0.6169645467990741,0.4213858684764324,1.0,True,False
61,83,0.0,1.0,0.9966588429113038,0.6169645467990741,0.42138586848407783,1.0,True,False
61,84,0.0,1.0,0.9966588429113038,0.6169645467990741,0.42138586847288,1.0,True,False
62,63,0.0,1.0,0.9950298349881965,0.5237905498947445,0.3157301630170761,0.31135232891163594,True,False
62,64,0.0,1.0,0.9801523404896514,0.27518589744372723,0.2421102637896717,0.26810301963136485,True,False
62,65,0.0,1.0,0.9336784005841424,0.20176816958400895,0.30736814946176205,0.5073370410500854,True,False
62,66,0.0,1.0,0.9336784005841424,0.201768169584009,0.30736814946300445,0.5073370410500853,True,False
62,67,0.0,1.0,0.9336784005841424,0.201768169584009,0.3073681494626885,0.5073370410500854,True,False
62,68,0.0,1.0,0.8480333011000257,0.08167954107095482,0.11145667082802305,0.06285775319320405,True,False
62,69,0.0,1.0,0.9502207516300021,0.3880663496426691,0.5252229627333914,0.989423177378471,True,False
62,70,0.0,1.0,0.9502207516300021,0.38806634964266906,0.5252229627377889,0.989423177378471,True,False
62,71,0.0,1.0,0.9502207516300021,0.3880663496426691,0.5252229627339103,0.989423177378471,True,False
62,72,0.0,1.0,0.9298098534774739,0.25910434766390855,0.20752022154009434,0.5186299645949904,True,False
62,73,0.0,1.0,0.9729036092698298,0.2977149521516503,0.7335442905092716,0.3040356778258503,True,False
62,74,0.0,1.0,0.9878821256764888,0.33220401294389484,0.22991393222147252,1.0,True,False
62,75,0.0,1.0,0.9979177147756554,0.35415088557651137,0.2381646320278398,1.0,True,False
62,76,0.0,1.0,0.9979177147756554,0.35415088557650803,0.2381646320278398,1.0,True,False
62,77,0.0,1.0,0.9942663038778649,0.39097088723078455,0.4033927256725536,1.0,True,False
62,78,0.0,1.0,0.9942663038778649,0.39097088723078455,0.40339272566716566,1.0,True,False
62,79,0.0,1.0,0.9942663038778649,0.39097088723078455,0.4033927256725536,1.0,True,False
62,80,0.0,1.0,0.9942663038778649,0.39097088723078455,0.4033927256702297,1.0,True,False
62,81,0.0,1.0,0.9942663038778649,0.39097088723078455,0.4033927256760448,1.0,True,False
62,82,0.0,1.0,0.9942663038778649,0.3909708872307846,0.4033927256702297,1.0,True,False
62,83,0.0,1.0,0.9942663038778649,0.39097088723078455,0.4033927256760447,1.0,True,False
62,84,0.0,1.0,0.9942663038778649,0.3909708872307846,0.40339272566716566,1.0,True,False
63,64,0.0,1.0,0.9925357751899178,0.4887587997394685,0.1607074961614352,0.15204177645760406,True,False
63,65,0.0,1.0,1.0,0.42883538219732287,0.19484421277465613,0.3853903577941666,True,False
63,66,0.0,1.0,1.0,0.4288353821973229,0.19484421277549224,0.3853903577941666,True,False
63,67,0.0,1.0,1.0,0.4288353821973229,0.19484421277464498,0.3853903577941666,True,False
63,68,0.0,1.0,0.9961686479921376,0.5261642605529382,0.2975020304967695,0.2649069983662919,True,False
63,69,0.0,1.0,1.0,0.6848067713809649,0.47575723328047564,1.0,True,False
63,70,0.0,1.0,1.0,0.6848067713809649,0.4757572332893948,1.0,True,False
63,71,0.0,1.0,1.0,0.6848067713809649,0.47575723328197245,1.0,True,False
63,72,0.0,1.0,0.9981795298720632,0.39733316966642157,0.18156509209396957,0.6405766478509093,True,False
63,73,0.0,1.0,0.989809702658071,0.58803266690557,0.7971424574005967,0.29347014194274823,True,False
63,74,0.0,1.0,0.9954427604865023,0.6538598392624323,0.35753650132564185,1.0,True,False
63,75,0.0,1.0,1.0,0.648426594506489,0.3464819277452203,1.0,True,False
63,76,0.0,1.0,1.0,0.648426594506486,0.34648192774522024,1.0,True,False
63,77,0.0,1.0,0.9978436955336725,0.6688988614427847,0.44076717501228246,1.0,True,False
63,78,0.0,1.0,0.9978436955336725,0.6688988614427847,0.44076717500927415,1.0,True,False
63,79,0.0,1.0,0.9978436955336725,0.6688988614427847,0.44076717501228246,1.0,True,False
63,80,0.0,1.0,0.9978436955336725,0.6688988614427847,0.44076717501439483,1.0,True,False
63,81,0.0,1.0,0.9978436955336725,0.6688988614427847,0.4407671750157717,1.0,True,False
63,82,0.0,1.0,0.9978436955336725,0.6688988614427848,0.44076717501439483,1.0,True,False
63,83,0.0,1.0,0.9978436955336725,0.6688988614427847,0.44076717501577173,1.0,True,False
63,84,0.0,1.0,0.9978436955336725,0.6688988614427848,0.44076717500927415,1.0,True,False
64,65,0.0,1.0,0.9999231019559135,0.19059766405770273,0.23261272788463572,0.5374321342517706,True,False
64,66,0.0,1.0,0.9999231019559135,0.1905976640577028,0.23261272788669704,0.5374321342517706,True,False
64,67,0.0,1.0,0.9999231019559135,0.1905976640577028,0.23261272788587709,0.5374321342517706,True,False
64,68,0.0,1.0,0.8752614000380224,0.2522713725622647,0.25230287369932,0.22165768908602088,True,False
64,69,0.0,1.0,1.0,0.5795536804917208,0.5036680268152733,1.0,True,False
64,70,0.0,1.0,1.0,0.5795536804917208,0.5036680268208761,1.0,True,False
64,71,0.0,1.0,1.0,0.5795536804917208,0.5036680268160912,1.0,True,False
64,72,0.0,1.0,0.9911095524021767,0.17687031187908808,0.21157851292508043,0.48853487139330526,True,False
64,73,0.0,1.0,1.0,0.3063669083477343,0.7732682160965655,0.3545243280167472,True,False
64,74,0.0,1.0,1.0,0.43434710664480686,0.3406072972865089,1.0,True,False
64,75,0.0,1.0,1.0,0.47745990903174285,0.3378198595295427,1.0,True,False
64,76,0.0,1.0,1.0,0.4774599090317398,0.3378198595295427,1.0,True,False
64,77,0.0,1.0,1.0,0.5647919938750506,0.43420962122172413,1.0,True,False
64,78,0.0,1.0,1.0,0.5647919938750506,0.4342096212164453,1.0,True,False
64,79,0.0,1.0,1.0,0.5647919938750507,0.4342096212217241,1.0,True,False
64,80,0.0,1.0,1.0,0.5647919938750506,0.43420962122171514,1.0,True,False
64,81,0.0,1.0,1.0,0.5647919938750506,0.434209621220785,1.0,True,False
64,82,0.0,1.0,1.0,0.5647919938750507,0.43420962122171514,1.0,True,False
64,83,0.0,1.0,1.0,0.5647919938750506,0.434209621220785,1.0,True,False
64,84,0.0,1.0,1.0,0.5647919938750507,0.4342096212164453,1.0,True,False
65,68,0.0,1.0,0.8822567848490197,0.17357239238201871,0.26158888255264934,0.4444792878568813,True,False
65,69,0.0,1.0,1.0,0.529885009385973,0.5866321108198368,0.8163017464914364,True,False
65,70,0.0,1.0,1.0,0.5298850093859729,0.5866321108245641,0.8163017464914364,True,False
65,71,0.0,1.0,1.0,0.5298850093859729,0.5866321108221808,0.8163017464914364,True,False
65,72,0.0,1.0,0.9955832272886191,0.14489729261104534,0.18023176871997662,0.8477164323980432,True,False
65,73,0.0,1.0,1.0,0.3192394073352662,0.7791952361735934,0.4679344150209268,True,False
65,74,0.0,1.0,1.0,0.39171361458841447,0.2870880251066957,0.9675662125413685,True,False
65,75,0.0,1.0,1.0,0.44474415621643015,0.3066823021261729,1.0,True,False
65,76,0.0,1.0,1.0,0.44474415621642505,0.3066823021261729,1.0,True,False
65,77,0.0,1.0,1.0,0.5159253348129654,0.4837078443205213,1.0,True,False
65,78,0.0,1.0,1.0,0.5159253348129654,0.48370784431541936,1.0,True,False
65,79,0.0,1.0,1.0,0.5159253348129655,0.4837078443205213,1.0,True,False
65,80,0.0,1.0,1.0,0.5159253348129654,0.4837078443176616,1.0,True,False
65,81,0.0,1.0,1.0,0.5159253348129654,0.4837078443196721,1.0,True,False
65,82,0.0,1.0,1.0,0.5159253348129655,0.4837078443176616,1.0,True,False
65,83,0.0,1.0,1.0,0.5159253348129654,0.4837078443196721,1.0,True,False
65,84,0.0,1.0,1.0,0.5159253348129655,0.48370784431541936,1.0,True,False
66,68,0.0,1.0,0.8822567848490197,0.17357239238201877,0.2615888825538881,0.44447928785688123,True,False
66,69,0.0,1.0,1.0,0.529885009385973,0.5866321108197675,0.8163017464914364,True,False
66,70,0.0,1.0,1.0,0.5298850093859729,0.5866321108244948,0.8163017464914364,True,False
66,71,0.0,1.0,1.0,0.5298850093859729,0.5866321108221115,0.8163017464914364,True,False
66,72,0.0,1.0,0.9955832272886191,0.14489729261104542,0.18023176872142813,0.8477164323980432,True,False
66,73,0.0,1.0,1.0,0.31923940733526623,0.7791952361732417,0.46793441502092675,True,False
66,74,0.0,1.0,1.0,0.39171361458841447,0.28708802510640746,0.9675662125413685,True,False
66,75,0.0,1.0,1.0,0.44474415621643015,0.3066823021272223,1.0,True,False
66,76,0.0,1.0,1.0,0.44474415621642505,0.3066823021272223,1.0,True,False
66,77,0.0,1.0,1.0,0.5159253348129654,0.4837078443205211,1.0,True,False
66,78,0.0,1.0,1.0,0.5159253348129654,0.48370784431541913,1.0,True,False
66,79,0.0,1.0,1.0,0.5159253348129654,0.48370784432052105,1.0,True,False
66,80,0.0,1.0,1.0,0.5159253348129654,0.48370784431766145,1.0,True,False
66,81,0.0,1.0,1.0,0.5159253348129654,0.48370784431967195,1.0,True,False
66,82,0.0,1.0,1.0,0.5159253348129655,0.4837078443176614,1.0,True,False
66,83,0.0,1.0,1.0,0.5159253348129654,0.48370784431967195,1.0,True,False
66,84,0.0,1.0,1.0,0.5159253348129655,0.48370784431541913,1.0,True,False
67,68,0.0,1.0,0.8822567848490197,0.17357239238201877,0.2615888825536235,0.4444792878568813,True,False
67,69,0.0,1.0,1.0,0.529885009385973,0.5866321108195722,0.8163017464914364,True,False
67,70,0.0,1.0,1.0,0.5298850093859729,0.5866321108242997,0.8163017464914364,True,False
67,71,0.0,1.0,1.0,0.5298850093859729,0.5866321108219162,0.8163017464914364,True,False
67,72,0.0,1.0,0.9955832272886191,0.1448972926110454,0.18023176872074842,0.8477164323980432,True,False
67,73,0.0,1.0,1.0,0.31923940733526623,0.7791952361735035,0.4679344150209268,True,False
67,74,0.0,1.0,1.0,0.39171361458841436,0.287088025106676,0.9675662125413685,True,False
67,75,0.0,1.0,1.0,0.4447441562164301,0.3066823021267181,1.0,True,False
67,76,0.0,1.0,1.0,0.44474415621642505,0.3066823021267181,1.0,True,False
67,77,0.0,1.0,1.0,0.5159253348129654,0.48370784432043545,1.0,True,False
67,78,0.0,1.0,1.0,0.5159253348129654,0.48370784431533353,1.0,True,False
67,79,0.0,1.0,1.0,0.5159253348129654,0.48370784432043545,1.0,True,False
67,80,0.0,1.0,1.0,0.5159253348129654,0.48370784431757585,1.0,True,False
67,81,0.0,1.0,1.0,0.5159253348129654,0.4837078443195863,1.0,True,False
67,82,0.0,1.0,1.0,0.5159253348129654,0.4837078443175758,1.0,True,False
67,83,0.0,1.0,1.0,0.5159253348129654,0.4837078443195863,1.0,True,False
67,84,0.0,1.0,1.0,0.5159253348129654,0.48370784431533353,1.0,True,False
68,69,0.0,1.0,0.9594948096173485,0.4122753112736112,0.5520893334089315,0.981216966054541,True,False
68,70,0.0,1.0,0.9594948096173485,0.41227531127361117,0.5520893334136954,0.981216966054541,True,False
68,71,0.0,1.0,0.9594948096173485,0.41227531127361117,0.5520893334096905,0.981216966054541,True,False
68,72,0.0,1.0,0.8145419100437469,0.22921352293188887,0.19010726265470493,0.5814877177881946,True,False
68,73,0.0,1.0,0.9686683005141732,0.2631333687658279,0.738823499281436,0.24256868467184226,True,False
68,74,0.0,1.0,0.9719760760396384,0.29950291911502935,0.22233727970251446,1.0,True,False
68,75,0.0,1.0,0.9791327693282311,0.3110386595155681,0.19623291345285826,1.0,True,False
68,76,0.0,1.0,0.9791327693282311,0.31103865951556314,0.19623291345285826,1.0,True,False
68,77,0.0,1.0,0.9602205816344914,0.3964277312829534,0.4096211896131187,1.0,True,False
68,78,0.0,1.0,0.9602205816344914,0.3964277312829534,0.40962118960680877,1.0,True,False
68,79,0.0,1.0,0.9602205816344914,0.3964277312829534,0.40962118961311866,1.0,True,False
68,80,0.0,1.0,0.9602205816344914,0.3964277312829534,0.4096211896088374,1.0,True,False
68,81,0.0,1.0,0.9602205816344914,0.3964277312829534,0.40962118961349475,1.0,True,False
68,82,0.0,1.0,0.9602205816344914,0.3964277312829535,0.4096211896088374,1.0,True,False
68,83,0.0,1.0,0.9602205816344914,0.3964277312829534,0.4096211896134948,1.0,True,False
68,84,0.0,1.0,0.9602205816344914,0.39642773128295344,0.40962118960680877,1.0,True,False
69,72,0.0,1.0,0.8875624023870397,0.4396206832615752,0.49802587733646236,1.0,True,False
69,73,0.0,1.0,1.0,0.40570128752560763,0.8256258537614254,0.8463464319499896,True,False
69,74,0.0,1.0,0.9543564535412361,0.165990613198109,0.5741174846225838,0.31471138267751725,True,False
69,75,0.0,1.0,0.9398688186742598,0.12502987933998477,0.6020763149065337,0.48283537620308564,True,False
69,76,0.0,1.0,0.9398688186742598,0.12502987933997511,0.6020763149065337,0.48283537620308564,True,False
69,77,0.0,1.0,0.7192427616860579,0.039365491666356646,0.3202009259831116,0.7270248827948561,True,False
69,78,0.0,1.0,0.7192427616860579,0.03936549166635662,0.3202009259887467,0.7270248827948561,True,False
69,79,0.0,1.0,0.7192427616860579,0.039365491666356604,0.32020092598311156,0.7270248827948561,True,False
69,80,0.0,1.0,0.7192427616860579,0.03936549166635655,0.3202009259885256,0.7270248827948561,True,False
69,81,0.0,1.0,0.7192427616860579,0.0393654916663566,0.3202009259967989,0.7270248827948561,True,False
69,82,0.0,1.0,0.7192427616860579,0.03936549166635654,0.32020092598852556,0.7270248827948561,True,False
69,83,0.0,1.0,0.7192427616860579,0.03936549166635661,0.32020092599679884,0.7270248827948561,True,False
69,84,0.0,1.0,0.7192427616860579,0.03936549166635658,0.32020092598874683,0.7270248827948561,True,False
70,72,0.0,1.0,0.8875624023870397,0.4396206832615752,0.49802587733875586,1.0,True,False
70,73,0.0,1.0,1.0,0.40570128752560763,0.8256258537710001,0.8463464319499896,True,False
70,74,0.0,1.0,0.9543564535412361,0.16599061319810895,0.5741174846304518,0.31471138267751714,True,False
70,75,0.0,1.0,0.9398688186742598,0.12502987933998472,0.6020763149099735,0.48283537620308553,True,False
70,76,0.0,1.0,0.9398688186742598,0.12502987933997506,0.6020763149099735,0.48283537620308553,True,False
70,77,0.0,1.0,0.7192427616860579,0.03936549166635663,0.3202009259857517,0.7270248827948561,True,False
70,78,0.0,1.0,0.7192427616860579,0.039365491666356604,0.3202009259913869,0.7270248827948561,True,False
70,79,0.0,1.0,0.7192427616860579,0.0393654916663566,0.3202009259857517,0.7270248827948561,True,False
70,80,0.0,1.0,0.7192427616860579,0.039365491666356535,0.3202009259911658,0.7270248827948561,True,False
70,81,0.0,1.0,0.7192427616860579,0.039365491666356583,0.320200925999439,0.7270248827948561,True,False
70,82,0.0,1.0,0.7192427616860579,0.03936549166635653,0.32020092599116573,0.7270248827948561,True,False
70,83,0.0,1.0,0.7192427616860579,0.039365491666356604,0.32020092599943895,0.7270248827948561,True,False
70,84,0.0,1.0,0.7192427616860579,0.03936549166635656,0.32020092599138694,0.7270248827948561,True,False
71,72,0.0,1.0,0.8875624023870397,0.4396206832615752,0.4980258773365226,1.0,True,False
71,73,0.0,1.0,1.0,0.40570128752560763,0.8256258537634894,0.8463464319499896,True,False
71,74,0.0,1.0,0.9543564535412361,0.16599061319810895,0.5741174846243561,0.3147113826775172,True,False
71,75,0.0,1.0,0.9398688186742598,0.12502987933998472,0.6020763149075061,0.48283537620308564,True,False
71,76,0.0,1.0,0.9398688186742598,0.12502987933997506,0.6020763149075061,0.48283537620308553,True,False
71,77,0.0,1.0,0.7192427616860579,0.03936549166635663,0.3202009259827463,0.7270248827948561,True,False
71,78,0.0,1.0,0.7192427616860579,0.039365491666356604,0.32020092598838146,0.7270248827948561,True,False
71,79,0.0,1.0,0.7192427616860579,0.0393654916663566,0.3202009259827463,0.7270248827948561,True,False
71,80,0.0,1.0,0.7192427616860579,0.039365491666356535,0.3202009259881603,0.7270248827948561,True,False
71,81,0.0,1.0,0.7192427616860579,0.03936549166635659,0.32020092599643357,0.7270248827948561,True,False
71,82,0.0,1.0,0.7192427616860579,0.039365491666356535,0.32020092598816025,0.7270248827948561,True,False
71,83,0.0,1.0,0.7192427616860579,0.03936549166635661,0.3202009259964335,0.7270248827948561,True,False
71,84,0.0,1.0,0.7192427616860579,0.03936549166635657,0.3202009259883815,0.7270248827948561,True,False
72,73,0.0,1.0,0.9761803466329835,0.2674485019621311,0.7653658522232476,0.8226656424208408,True,False
72,74,0.0,1.0,0.9480691949740976,0.3376218346114993,0.2685629162867009,1.0,True,False
72,75,0.0,1.0,0.9519499862670644,0.3548137988916754,0.2561657921915499,1.0,True,False
72,76,0.0,1.0,0.9519499862670644,0.3548137988916723,0.2561657921915499,1.0,True,False
72,77,0.0,1.0,0.8903729003191295,0.4185792455991156,0.3799071176715548,1.0,True,False
72,78,0.0,1.0,0.8903729003191295,0.4185792455991156,0.37990711766457264,1.0,True,False
72,79,0.0,1.0,0.8903729003191295,0.41857924559911563,0.3799071176715548,1.0,True,False
72,80,0.0,1.0,0.8903729003191295,0.41857924559911563,0.37990711767019364,1.0,True,False
72,81,0.0,1.0,0.8903729003191295,0.41857924559911563,0.3799071176649599,1.0,True,False
72,82,0.0,1.0,0.8903729003191295,0.41857924559911563,0.3799071176701936,1.0,True,False
72,83,0.0,1.0,0.8903729003191295,0.41857924559911563,0.3799071176649599,1.0,True,False
72,84,0.0,1.0,0.8903729003191295,0.41857924559911563,0.3799071176645727,1.0,True,False
73,74,0.0,1.0,0.9627322003750035,0.2601002771606029,0.7839145105971592,0.8982091782692795,True,False
73,75,0.0,1.0,1.0,0.30258679833225444,0.7406362674414745,0.9011678482256431,True,False
73,76,0.0,1.0,1.0,0.3025867983322516,0.7406362674414745,0.9011678482256431,True,False
73,77,0.0,1.0,0.982366359603535,0.3819096060195496,0.7383861934701257,0.9726826216213104,True,False
73,78,0.0,1.0,0.982366359603535,0.3819096060195496,0.7383861934820279,0.9726826216213104,True,False
73,79,0.0,1.0,0.982366359603535,0.38190960601954965,0.7383861934701257,0.9726826216213104,True,False
73,80,0.0,1.0,0.982366359603535,0.3819096060195496,0.7383861934760044,0.9726826216213104,True,False
73,81,0.0,1.0,0.982366359603535,0.3819096060195496,0.7383861934775839,0.9726826216213104,True,False
73,82,0.0,1.0,0.982366359603535,0.3819096060195497,0.7383861934760044,0.9726826216213104,True,False
73,83,0.0,1.0,0.982366359603535,0.3819096060195496,0.7383861934775839,0.9726826216213104,True,False
73,84,0.0,1.0,0.982366359603535,0.3819096060195497,0.7383861934820279,0.9726826216213104,True,False
74,75,0.0,1.0,0.8453477357597191,0.08804263864210377,0.18789027829253283,0.1681239935255684,True,False
74,76,0.0,1.0,0.8453477357597191,0.08804263864210787,0.18789027829253285,0.1681239935255684,True,False
74,77,0.0,1.0,0.9447979739358052,0.123597836440101,0.4674993010252825,0.4785105651699532,True,False
74,78,0.0,1.0,0.9447979739358052,0.12359783644010104,0.46749930102422427,0.4785105651699531,True,False
74,79,0.0,1.0,0.9447979739358052,0.12359783644010106,0.4674993010252824,0.4785105651699532,True,False
74,80,0.0,1.0,0.9447979739358052,0.1235978364401011,0.4674993010266889,0.4785105651699533,True,False
74,81,0.0,1.0,0.9447979739358052,0.12359783644010106,0.4674993010316654,0.4785105651699532,True,False
74,82,0.0,1.0,0.9447979739358052,0.12359783644010117,0.46749930102668885,0.4785105651699532,True,False
74,83,0.0,1.0,0.9447979739358052,0.12359783644010103,0.4674993010316654,0.4785105651699532,True,False
74,84,0.0,1.0,0.9447979739358052,0.12359783644010112,0.46749930102422427,0.4785105651699532,True,False
75,77,0.0,1.0,0.9376654852717426,0.08438936780020839,0.39310414738636223,0.3103865716443848,True,False
75,78,0.0,1.0,0.9376654852717426,0.0843893678002084,0.39310414737599525,0.31038657164438477,True,False
75,79,0.0,1.0,0.9376654852717426,0.08438936780020848,0.3931041473863622,0.3103865716443848,True,False
75,80,0.0,1.0,0.9376654852717426,0.08438936780020843,0.3931041473788724,0.31038657164438493,True,False
75,81,0.0,1.0,0.9376654852717426,0.08438936780020843,0.3931041473793724,0.3103865716443848,True,False
75,82,0.0,1.0,0.9376654852717426,0.08438936780020852,0.3931041473788724,0.3103865716443848,True,False
75,83,0.0,1.0,0.9376654852717426,0.08438936780020843,0.3931041473793724,0.3103865716443848,True,False
75,84,0.0,1.0,0.9376654852717426,0.0843893678002085,0.39310414737599525,0.31038657164438477,True,False
76,77,0.0,1.0,0.9376654852717426,0.08438936780021361,0.39310414738636223,0.3103865716443848,True,False
76,78,0.0,1.0,0.9376654852717426,0.08438936780021362,0.39310414737599525,0.31038657164438477,True,False
76,79,0.0,1.0,0.9376654852717426,0.0843893678002137,0.3931041473863622,0.3103865716443848,True,False
76,80,0.0,1.0,0.9376654852717426,0.08438936780021365,0.3931041473788724,0.31038657164438493,True,False
76,81,0.0,1.0,0.9376654852717426,0.08438936780021365,0.3931041473793724,0.3103865716443849,True,False
76,82,0.0,1.0,0.9376654852717426,0.08438936780021372,0.3931041473788724,0.3103865716443848,True,False
76,83,0.0,1.0,0.9376654852717426,0.08438936780021365,0.3931041473793724,0.3103865716443849,True,False
76,84,0.0,1.0,0.9376654852717426,0.08438936780021371,0.39310414737599525,0.31038657164438477,True,False
