ISO-10303-21;
HEADER;
FILE_DESCRIPTION(('Open CASCADE Model'),'2;1');
FILE_NAME('Open CASCADE Shape Model','2026-09-01T16:22:57',('Author'),(
    'Open CASCADE'),'Open CASCADE STEP processor 7.9','Open CASCADE 7.9'
  ,'Unknown');
FILE_SCHEMA(('AUTOMOTIVE_DESIGN { 1 0 10303 214 1 1 1 1 }'));
ENDSEC;
DATA;
#1 = APPLICATION_PROTOCOL_DEFINITION('international standard',
  'automotive_design',2000,#2);
#2 = APPLICATION_CONTEXT(
  'core data for automotive mechanical design processes');
#3 = SHAPE_DEFINITION_REPRESENTATION(#4,#10);
#4 = PRODUCT_DEFINITION_SHAPE('','',#5);
#5 = PRODUCT_DEFINITION('design','',#6,#9);
#6 = PRODUCT_DEFINITION_FORMATION('','',#7);
#7 = PRODUCT('Open CASCADE STEP translator 7.9 6',
  'Open CASCADE STEP translator 7.9 6','',(#8));
#8 = PRODUCT_CONTEXT('',#2,'mechanical');
#9 = PRODUCT_DEFINITION_CONTEXT('part definition',#2,'design');
#10 = ADVANCED_BREP_SHAPE_REPRESENTATION('',(#11,#15),#12129);
#11 = AXIS2_PLACEMENT_3D('',#12,#13,#14);
#12 = CARTESIAN_POINT('',(0.,0.,0.));
#13 = DIRECTION('',(0.,0.,1.));
#14 = DIRECTION('',(1.,0.,-0.));
#15 = MANIFOLD_SOLID_BREP('',#16);
#16 = CLOSED_SHELL('',(#17,#141,#252,#371,#455,#574,#653,#767,#846,#987,
    #1101,#1215,#1324,#1465,#1579,#1693,#1802,#1943,#2057,#2171,#2280,
    #2421,#2535,#2649,#2758,#2899,#3013,#3127,#3236,#3377,#3491,#3605,
    #3714,#3855,#3969,#4083,#4192,#4316,#4400,#4519,#4598,#4717,#4820,
    #4934,#5032,#5084,#5116,#5168,#5200,#5252,#5284,#5336,#5388,#5440,
    #5492,#5544,#5596,#5648,#5722,#5774,#5826,#5878,#5930,#5982,#6056,
    #6108,#6160,#6212,#6264,#6316,#6368,#6420,#6472,#6499,#6551,#6578,
    #6630,#6657,#6711,#6760,#6810,#6838,#6866,#6894,#6922,#6950,#6957,
    #7035,#7084,#7162,#7211,#7289,#7338,#7387,#7487,#7520,#7549,#7582,
    #7589,#7622,#7629,#7662,#7669,#7747,#7796,#7874,#7923,#8001,#8050,
    #8099,#8199,#8232,#8261,#8294,#8301,#8334,#8341,#8374,#8381,#8459,
    #8508,#8586,#8635,#8713,#8762,#8811,#8911,#8944,#8973,#9006,#9013,
    #9046,#9053,#9086,#9093,#9171,#9220,#9298,#9347,#9425,#9474,#9523,
    #9623,#9656,#9685,#9718,#9725,#9758,#9765,#9798,#9805,#9883,#9932,
    #10010,#10059,#10137,#10186,#10235,#10335,#10368,#10397,#10430,
    #10437,#10470,#10477,#10510,#10517,#10595,#10644,#10722,#10771,
    #10849,#10898,#10947,#11047,#11080,#11109,#11142,#11149,#11182,
    #11189,#11222,#11229,#11302,#11351,#11424,#11473,#11546,#11595,
    #11644,#11739,#11767,#11796,#11824,#11831,#11859,#11866,#11894,
    #11901,#11950,#11982,#12010,#12038,#12066,#12094,#12122));
#17 = ADVANCED_FACE('',(#18),#33,.T.);
#18 = FACE_BOUND('',#19,.T.);
#19 = EDGE_LOOP('',(#20,#56,#85,#114));
#20 = ORIENTED_EDGE('',*,*,#21,.T.);
#21 = EDGE_CURVE('',#22,#24,#26,.T.);
#22 = VERTEX_POINT('',#23);
#23 = CARTESIAN_POINT('',(25.885843020662,-8.754436936392,-5.));
#24 = VERTEX_POINT('',#25);
#25 = CARTESIAN_POINT('',(25.756069544514,-9.237302181454,-5.));
#26 = SURFACE_CURVE('',#27,(#32,#44),.PCURVE_S1.);
#27 = CIRCLE('',#28,0.25);
#28 = AXIS2_PLACEMENT_3D('',#29,#30,#31);
#29 = CARTESIAN_POINT('',(25.820956282588,-8.995869558923,-5.));
#30 = DIRECTION('',(2.198264433489E-15,-3.24232415865E-16,1.));
#31 = DIRECTION('',(-0.965730490124,0.259546952295,2.207084524148E-15));
#32 = PCURVE('',#33,#38);
#33 = TOROIDAL_SURFACE('',#34,0.7,0.25);
#34 = AXIS2_PLACEMENT_3D('',#35,#36,#37);
#35 = CARTESIAN_POINT('',(26.002639149194,-8.319858215836,-5.));
#36 = DIRECTION('',(-0.965730490124,0.259546952295,-4.238665850285E-18)
  );
#37 = DIRECTION('',(-0.259546952295,-0.965730490124,1.192240047878E-16)
  );
#38 = DEFINITIONAL_REPRESENTATION('',(#39),#43);
#39 = LINE('',#40,#41);
#40 = CARTESIAN_POINT('',(0.,7.853981633974));
#41 = VECTOR('',#42,1.);
#42 = DIRECTION('',(0.,-1.));
#43 = ( GEOMETRIC_REPRESENTATION_CONTEXT(2) 
PARAMETRIC_REPRESENTATION_CONTEXT() REPRESENTATION_CONTEXT('2D SPACE',''
  ) );
#44 = PCURVE('',#45,#50);
#45 = CYLINDRICAL_SURFACE('',#46,0.25);
#46 = AXIS2_PLACEMENT_3D('',#47,#48,#49);
#47 = CARTESIAN_POINT('',(25.820956282588,-8.995869558923,-13.));
#48 = DIRECTION('',(-1.28931872002E-18,1.153367983869E-17,1.));
#49 = DIRECTION('',(0.259546952295,0.965730490124,-1.080378753923E-17));
#50 = DEFINITIONAL_REPRESENTATION('',(#51),#55);
#51 = LINE('',#52,#53);
#52 = CARTESIAN_POINT('',(-4.712388980385,8.));
#53 = VECTOR('',#54,1.);
#54 = DIRECTION('',(1.,0.));
#55 = ( GEOMETRIC_REPRESENTATION_CONTEXT(2) 
PARAMETRIC_REPRESENTATION_CONTEXT() REPRESENTATION_CONTEXT('2D SPACE',''
  ) );
#56 = ORIENTED_EDGE('',*,*,#57,.T.);
#57 = EDGE_CURVE('',#24,#58,#60,.T.);
#58 = VERTEX_POINT('',#59);
#59 = CARTESIAN_POINT('',(26.002639149194,-8.319858215836,-4.05));
#60 = SURFACE_CURVE('',#61,(#66,#73),.PCURVE_S1.);
#61 = CIRCLE('',#62,0.95);
#62 = AXIS2_PLACEMENT_3D('',#63,#64,#65);
#63 = CARTESIAN_POINT('',(26.002639149194,-8.319858215836,-5.));
#64 = DIRECTION('',(-0.965730490124,0.259546952295,-4.238665850285E-18)
  );
#65 = DIRECTION('',(-0.259546952295,-0.965730490124,1.192240047878E-16)
  );
#66 = PCURVE('',#33,#67);
#67 = DEFINITIONAL_REPRESENTATION('',(#68),#72);
#68 = LINE('',#69,#70);
#69 = CARTESIAN_POINT('',(0.,0.));
#70 = VECTOR('',#71,1.);
#71 = DIRECTION('',(1.,0.));
#72 = ( GEOMETRIC_REPRESENTATION_CONTEXT(2) 
PARAMETRIC_REPRESENTATION_CONTEXT() REPRESENTATION_CONTEXT('2D SPACE',''
  ) );
#73 = PCURVE('',#74,#79);
#74 = TOROIDAL_SURFACE('',#75,0.7,0.25);
#75 = AXIS2_PLACEMENT_3D('',#76,#77,#78);
#76 = CARTESIAN_POINT('',(26.002639149194,-8.319858215836,-5.));
#77 = DIRECTION('',(-0.965730490124,0.259546952295,-4.238665850285E-18)
  );
#78 = DIRECTION('',(-0.259546952295,-0.965730490124,1.192240047878E-16)
  );
#79 = DEFINITIONAL_REPRESENTATION('',(#80),#84);
#80 = LINE('',#81,#82);
#81 = CARTESIAN_POINT('',(0.,6.28318530718));
#82 = VECTOR('',#83,1.);
#83 = DIRECTION('',(1.,0.));
#84 = ( GEOMETRIC_REPRESENTATION_CONTEXT(2) 
PARAMETRIC_REPRESENTATION_CONTEXT() REPRESENTATION_CONTEXT('2D SPACE',''
  ) );
#85 = ORIENTED_EDGE('',*,*,#86,.F.);
#86 = EDGE_CURVE('',#87,#58,#89,.T.);
#87 = VERTEX_POINT('',#88);
#88 = CARTESIAN_POINT('',(26.002639149194,-8.319858215836,-4.55));
#89 = SURFACE_CURVE('',#90,(#95,#102),.PCURVE_S1.);
#90 = CIRCLE('',#91,0.25);
#91 = AXIS2_PLACEMENT_3D('',#92,#93,#94);
#92 = CARTESIAN_POINT('',(26.002639149194,-8.319858215836,-4.3));
#93 = DIRECTION('',(0.259546952295,0.965730490124,-3.658519214112E-16));
#94 = DIRECTION('',(-0.965730490124,0.259546952295,-4.238665850285E-18)
  );
#95 = PCURVE('',#33,#96);
#96 = DEFINITIONAL_REPRESENTATION('',(#97),#101);
#97 = LINE('',#98,#99);
#98 = CARTESIAN_POINT('',(1.570796326795,7.853981633974));
#99 = VECTOR('',#100,1.);
#100 = DIRECTION('',(0.,-1.));
#101 = ( GEOMETRIC_REPRESENTATION_CONTEXT(2) 
PARAMETRIC_REPRESENTATION_CONTEXT() REPRESENTATION_CONTEXT('2D SPACE',''
  ) );
#102 = PCURVE('',#103,#108);
#103 = CYLINDRICAL_SURFACE('',#104,0.25);
#104 = AXIS2_PLACEMENT_3D('',#105,#106,#107);
#105 = CARTESIAN_POINT('',(26.002639149194,-8.319858215836,-4.3));
#106 = DIRECTION('',(0.259546952295,0.965730490124,-4.564996783438E-16)
  );
#107 = DIRECTION('',(-1.143896913886E-16,-4.419557909115E-16,-1.));
#108 = DEFINITIONAL_REPRESENTATION('',(#109),#113);
#109 = LINE('',#110,#111);
#110 = CARTESIAN_POINT('',(-4.712388980385,0.));
#111 = VECTOR('',#112,1.);
#112 = DIRECTION('',(1.,0.));
#113 = ( GEOMETRIC_REPRESENTATION_CONTEXT(2) 
PARAMETRIC_REPRESENTATION_CONTEXT() REPRESENTATION_CONTEXT('2D SPACE',''
  ) );
#114 = ORIENTED_EDGE('',*,*,#115,.F.);
#115 = EDGE_CURVE('',#22,#87,#116,.T.);
#116 = SURFACE_CURVE('',#117,(#122,#129),.PCURVE_S1.);
#117 = CIRCLE('',#118,0.45);
#118 = AXIS2_PLACEMENT_3D('',#119,#120,#121);
#119 = CARTESIAN_POINT('',(26.002639149194,-8.319858215836,-5.));
#120 = DIRECTION('',(-0.965730490124,0.259546952295,-4.238665850285E-18)
  );
#121 = DIRECTION('',(-0.259546952295,-0.965730490124,1.192240047878E-16)
  );
#122 = PCURVE('',#33,#123);
#123 = DEFINITIONAL_REPRESENTATION('',(#124),#128);
#124 = LINE('',#125,#126);
#125 = CARTESIAN_POINT('',(0.,3.14159265359));
#126 = VECTOR('',#127,1.);
#127 = DIRECTION('',(1.,9.046911093941E-15));
#128 = ( GEOMETRIC_REPRESENTATION_CONTEXT(2) 
PARAMETRIC_REPRESENTATION_CONTEXT() REPRESENTATION_CONTEXT('2D SPACE',''
  ) );
#129 = PCURVE('',#130,#135);
#130 = TOROIDAL_SURFACE('',#131,0.7,0.25);
#131 = AXIS2_PLACEMENT_3D('',#132,#133,#134);
#132 = CARTESIAN_POINT('',(26.002639149194,-8.319858215836,-5.));
#133 = DIRECTION('',(-0.965730490124,0.259546952295,-4.238665850285E-18)
  );
#134 = DIRECTION('',(-0.259546952295,-0.965730490124,1.192240047878E-16)
  );
#135 = DEFINITIONAL_REPRESENTATION('',(#136),#140);
#136 = LINE('',#137,#138);
#137 = CARTESIAN_POINT('',(0.,3.14159265359));
#138 = VECTOR('',#139,1.);
#139 = DIRECTION('',(1.,9.046911093941E-15));
#140 = ( GEOMETRIC_REPRESENTATION_CONTEXT(2) 
PARAMETRIC_REPRESENTATION_CONTEXT() REPRESENTATION_CONTEXT('2D SPACE',''
  ) );
#141 = ADVANCED_FACE('',(#142),#130,.T.);
#142 = FACE_BOUND('',#143,.T.);
#143 = EDGE_LOOP('',(#144,#195,#196,#225));
#144 = ORIENTED_EDGE('',*,*,#145,.T.);
#145 = EDGE_CURVE('',#146,#22,#148,.T.);
#146 = VERTEX_POINT('',#147);
#147 = CARTESIAN_POINT('',(26.070899886878,-8.990559693165,-5.));
#148 = SURFACE_CURVE('',#149,(#154,#183),.PCURVE_S1.);
#149 = CIRCLE('',#150,0.25);
#150 = AXIS2_PLACEMENT_3D('',#151,#152,#153);
#151 = CARTESIAN_POINT('',(25.820956282588,-8.995869558923,-5.));
#152 = DIRECTION('',(2.198264433489E-15,-3.24232415865E-16,1.));
#153 = DIRECTION('',(-0.965730490124,0.259546952295,2.207084524148E-15)
  );
#154 = PCURVE('',#130,#155);
#155 = DEFINITIONAL_REPRESENTATION('',(#156),#182);
#156 = B_SPLINE_CURVE_WITH_KNOTS('',3,(#157,#158,#159,#160,#161,#162,
    #163,#164,#165,#166,#167,#168,#169,#170,#171,#172,#173,#174,#175,
    #176,#177,#178,#179,#180,#181),.UNSPECIFIED.,.F.,.F.,(4,1,1,1,1,1,1,
    1,1,1,1,1,1,1,1,1,1,1,1,1,1,1,4),(3.425386762798,3.483886863597,
    3.542386964397,3.600887065196,3.659387165996,3.717887266795,
    3.776387367594,3.834887468394,3.893387569193,3.951887669993,
    4.010387770792,4.068887871591,4.127387972391,4.18588807319,
    4.24438817399,4.302888274789,4.361388375588,4.419888476388,
    4.478388577187,4.536888677987,4.595388778786,4.653888879585,
    4.712388980385),.QUASI_UNIFORM_KNOTS.);
#157 = CARTESIAN_POINT('',(0.,4.428594871176));
#158 = CARTESIAN_POINT('',(8.881784197001E-16,4.409094837577));
#159 = CARTESIAN_POINT('',(-8.881784197001E-16,4.370094770377));
#160 = CARTESIAN_POINT('',(-2.6645352591E-15,4.311594669578));
#161 = CARTESIAN_POINT('',(-8.881784197001E-16,4.253094568778));
#162 = CARTESIAN_POINT('',(-1.7763568394E-15,4.194594467979));
#163 = CARTESIAN_POINT('',(-8.881784197001E-16,4.136094367179));
#164 = CARTESIAN_POINT('',(-1.7763568394E-15,4.07759426638));
#165 = CARTESIAN_POINT('',(-1.7763568394E-15,4.019094165581));
#166 = CARTESIAN_POINT('',(-1.7763568394E-15,3.960594064781));
#167 = CARTESIAN_POINT('',(-8.881784197001E-16,3.902093963982));
#168 = CARTESIAN_POINT('',(-8.881784197001E-16,3.843593863182));
#169 = CARTESIAN_POINT('',(0.,3.785093762383));
#170 = CARTESIAN_POINT('',(-1.7763568394E-15,3.726593661584));
#171 = CARTESIAN_POINT('',(-8.881784197001E-16,3.668093560784));
#172 = CARTESIAN_POINT('',(-1.7763568394E-15,3.609593459985));
#173 = CARTESIAN_POINT('',(-8.881784197001E-16,3.551093359186));
#174 = CARTESIAN_POINT('',(-8.881784197001E-16,3.492593258386));
#175 = CARTESIAN_POINT('',(0.,3.434093157587));
#176 = CARTESIAN_POINT('',(-8.881784197001E-16,3.375593056787));
#177 = CARTESIAN_POINT('',(8.881784197001E-16,3.317092955988));
#178 = CARTESIAN_POINT('',(-8.881784197001E-16,3.258592855189));
#179 = CARTESIAN_POINT('',(0.,3.200092754389));
#180 = CARTESIAN_POINT('',(8.881784197001E-16,3.16109268719));
#181 = CARTESIAN_POINT('',(0.,3.14159265359));
#182 = ( GEOMETRIC_REPRESENTATION_CONTEXT(2) 
PARAMETRIC_REPRESENTATION_CONTEXT() REPRESENTATION_CONTEXT('2D SPACE',''
  ) );
#183 = PCURVE('',#184,#189);
#184 = CYLINDRICAL_SURFACE('',#185,0.25);
#185 = AXIS2_PLACEMENT_3D('',#186,#187,#188);
#186 = CARTESIAN_POINT('',(25.820956282588,-8.995869558923,-13.));
#187 = DIRECTION('',(-1.28931872002E-18,1.153367983869E-17,1.));
#188 = DIRECTION('',(0.259546952295,0.965730490124,-1.080378753923E-17)
  );
#189 = DEFINITIONAL_REPRESENTATION('',(#190),#194);
#190 = LINE('',#191,#192);
#191 = CARTESIAN_POINT('',(1.570796326795,8.));
#192 = VECTOR('',#193,1.);
#193 = DIRECTION('',(1.,6.901141331098E-16));
#194 = ( GEOMETRIC_REPRESENTATION_CONTEXT(2) 
PARAMETRIC_REPRESENTATION_CONTEXT() REPRESENTATION_CONTEXT('2D SPACE',''
  ) );
#195 = ORIENTED_EDGE('',*,*,#115,.T.);
#196 = ORIENTED_EDGE('',*,*,#197,.F.);
#197 = EDGE_CURVE('',#198,#87,#200,.T.);
#198 = VERTEX_POINT('',#199);
#199 = CARTESIAN_POINT('',(26.234414466824,-8.382149484387,-4.37));
#200 = SURFACE_CURVE('',#201,(#206,#213),.PCURVE_S1.);
#201 = CIRCLE('',#202,0.25);
#202 = AXIS2_PLACEMENT_3D('',#203,#204,#205);
#203 = CARTESIAN_POINT('',(26.002639149194,-8.319858215836,-4.3));
#204 = DIRECTION('',(0.259546952295,0.965730490124,-3.658519214112E-16)
  );
#205 = DIRECTION('',(-0.965730490124,0.259546952295,-4.238665850285E-18)
  );
#206 = PCURVE('',#130,#207);
#207 = DEFINITIONAL_REPRESENTATION('',(#208),#212);
#208 = LINE('',#209,#210);
#209 = CARTESIAN_POINT('',(1.570796326795,7.853981633974));
#210 = VECTOR('',#211,1.);
#211 = DIRECTION('',(0.,-1.));
#212 = ( GEOMETRIC_REPRESENTATION_CONTEXT(2) 
PARAMETRIC_REPRESENTATION_CONTEXT() REPRESENTATION_CONTEXT('2D SPACE',''
  ) );
#213 = PCURVE('',#214,#219);
#214 = CYLINDRICAL_SURFACE('',#215,0.25);
#215 = AXIS2_PLACEMENT_3D('',#216,#217,#218);
#216 = CARTESIAN_POINT('',(26.002639149194,-8.319858215836,-4.3));
#217 = DIRECTION('',(0.259546952295,0.965730490124,-4.564996783438E-16)
  );
#218 = DIRECTION('',(-1.143896913886E-16,-4.419557909115E-16,-1.));
#219 = DEFINITIONAL_REPRESENTATION('',(#220),#224);
#220 = LINE('',#221,#222);
#221 = CARTESIAN_POINT('',(1.570796326795,0.));
#222 = VECTOR('',#223,1.);
#223 = DIRECTION('',(1.,0.));
#224 = ( GEOMETRIC_REPRESENTATION_CONTEXT(2) 
PARAMETRIC_REPRESENTATION_CONTEXT() REPRESENTATION_CONTEXT('2D SPACE',''
  ) );
#225 = ORIENTED_EDGE('',*,*,#226,.T.);
#226 = EDGE_CURVE('',#198,#146,#227,.T.);
#227 = SURFACE_CURVE('',#228,(#233,#240),.PCURVE_S1.);
#228 = CIRCLE('',#229,0.63);
#229 = AXIS2_PLACEMENT_3D('',#230,#231,#232);
#230 = CARTESIAN_POINT('',(26.234414466824,-8.382149484387,-5.));
#231 = DIRECTION('',(0.965730490124,-0.259546952295,4.238665850285E-18)
  );
#232 = DIRECTION('',(0.259546952295,0.965730490124,-1.192240047878E-16)
  );
#233 = PCURVE('',#130,#234);
#234 = DEFINITIONAL_REPRESENTATION('',(#235),#239);
#235 = LINE('',#236,#237);
#236 = CARTESIAN_POINT('',(3.14159265359,4.428594871176));
#237 = VECTOR('',#238,1.);
#238 = DIRECTION('',(-1.,-6.785183320455E-15));
#239 = ( GEOMETRIC_REPRESENTATION_CONTEXT(2) 
PARAMETRIC_REPRESENTATION_CONTEXT() REPRESENTATION_CONTEXT('2D SPACE',''
  ) );
#240 = PCURVE('',#241,#246);
#241 = TOROIDAL_SURFACE('',#242,0.7,0.25);
#242 = AXIS2_PLACEMENT_3D('',#243,#244,#245);
#243 = CARTESIAN_POINT('',(26.466189784454,-8.444440752938,-5.));
#244 = DIRECTION('',(-0.965730490124,0.259546952295,-4.238665850285E-18)
  );
#245 = DIRECTION('',(-0.259546952295,-0.965730490124,1.192240047878E-16)
  );
#246 = DEFINITIONAL_REPRESENTATION('',(#247),#251);
#247 = LINE('',#248,#249);
#248 = CARTESIAN_POINT('',(3.14159265359,1.854590436003));
#249 = VECTOR('',#250,1.);
#250 = DIRECTION('',(-1.,4.382097561128E-15));
#251 = ( GEOMETRIC_REPRESENTATION_CONTEXT(2) 
PARAMETRIC_REPRESENTATION_CONTEXT() REPRESENTATION_CONTEXT('2D SPACE',''
  ) );
#252 = ADVANCED_FACE('',(#253),#268,.T.);
#253 = FACE_BOUND('',#254,.T.);
#254 = EDGE_LOOP('',(#255,#286,#315,#344));
#255 = ORIENTED_EDGE('',*,*,#256,.T.);
#256 = EDGE_CURVE('',#257,#259,#261,.T.);
#257 = VERTEX_POINT('',#258);
#258 = CARTESIAN_POINT('',(26.670108265061,-5.836318067475,-4.55));
#259 = VERTEX_POINT('',#260);
#260 = CARTESIAN_POINT('',(26.670108265061,-5.836318067475,-4.05));
#261 = SURFACE_CURVE('',#262,(#267,#279),.PCURVE_S1.);
#262 = CIRCLE('',#263,0.25);
#263 = AXIS2_PLACEMENT_3D('',#264,#265,#266);
#264 = CARTESIAN_POINT('',(26.670108265061,-5.836318067475,-4.3));
#265 = DIRECTION('',(0.259546952295,0.965730490124,-7.031275949673E-16)
  );
#266 = DIRECTION('',(-0.965730490124,0.259546952295,-4.238665850286E-18)
  );
#267 = PCURVE('',#268,#273);
#268 = TOROIDAL_SURFACE('',#269,0.7,0.25);
#269 = AXIS2_PLACEMENT_3D('',#270,#271,#272);
#270 = CARTESIAN_POINT('',(26.670108265061,-5.836318067475,-5.));
#271 = DIRECTION('',(-0.965730490124,0.259546952295,-4.238665850285E-18)
  );
#272 = DIRECTION('',(-0.259546952295,-0.965730490124,1.192240047878E-16)
  );
#273 = DEFINITIONAL_REPRESENTATION('',(#274),#278);
#274 = LINE('',#275,#276);
#275 = CARTESIAN_POINT('',(1.570796326795,7.853981633974));
#276 = VECTOR('',#277,1.);
#277 = DIRECTION('',(0.,-1.));
#278 = ( GEOMETRIC_REPRESENTATION_CONTEXT(2) 
PARAMETRIC_REPRESENTATION_CONTEXT() REPRESENTATION_CONTEXT('2D SPACE',''
  ) );
#279 = PCURVE('',#103,#280);
#280 = DEFINITIONAL_REPRESENTATION('',(#281),#285);
#281 = LINE('',#282,#283);
#282 = CARTESIAN_POINT('',(-4.712388980385,2.571670019493));
#283 = VECTOR('',#284,1.);
#284 = DIRECTION('',(1.,0.));
#285 = ( GEOMETRIC_REPRESENTATION_CONTEXT(2) 
PARAMETRIC_REPRESENTATION_CONTEXT() REPRESENTATION_CONTEXT('2D SPACE',''
  ) );
#286 = ORIENTED_EDGE('',*,*,#287,.T.);
#287 = EDGE_CURVE('',#259,#288,#290,.T.);
#288 = VERTEX_POINT('',#289);
#289 = CARTESIAN_POINT('',(26.916677869741,-4.918874101858,-5.));
#290 = SURFACE_CURVE('',#291,(#296,#303),.PCURVE_S1.);
#291 = CIRCLE('',#292,0.95);
#292 = AXIS2_PLACEMENT_3D('',#293,#294,#295);
#293 = CARTESIAN_POINT('',(26.670108265061,-5.836318067475,-5.));
#294 = DIRECTION('',(-0.965730490124,0.259546952295,-4.238665850285E-18)
  );
#295 = DIRECTION('',(-0.259546952295,-0.965730490124,1.192240047878E-16)
  );
#296 = PCURVE('',#268,#297);
#297 = DEFINITIONAL_REPRESENTATION('',(#298),#302);
#298 = LINE('',#299,#300);
#299 = CARTESIAN_POINT('',(0.,0.));
#300 = VECTOR('',#301,1.);
#301 = DIRECTION('',(1.,0.));
#302 = ( GEOMETRIC_REPRESENTATION_CONTEXT(2) 
PARAMETRIC_REPRESENTATION_CONTEXT() REPRESENTATION_CONTEXT('2D SPACE',''
  ) );
#303 = PCURVE('',#304,#309);
#304 = TOROIDAL_SURFACE('',#305,0.7,0.25);
#305 = AXIS2_PLACEMENT_3D('',#306,#307,#308);
#306 = CARTESIAN_POINT('',(26.670108265061,-5.836318067475,-5.));
#307 = DIRECTION('',(-0.965730490124,0.259546952295,-4.238665850285E-18)
  );
#308 = DIRECTION('',(-0.259546952295,-0.965730490124,1.192240047878E-16)
  );
#309 = DEFINITIONAL_REPRESENTATION('',(#310),#314);
#310 = LINE('',#311,#312);
#311 = CARTESIAN_POINT('',(0.,6.28318530718));
#312 = VECTOR('',#313,1.);
#313 = DIRECTION('',(1.,0.));
#314 = ( GEOMETRIC_REPRESENTATION_CONTEXT(2) 
PARAMETRIC_REPRESENTATION_CONTEXT() REPRESENTATION_CONTEXT('2D SPACE',''
  ) );
#315 = ORIENTED_EDGE('',*,*,#316,.F.);
#316 = EDGE_CURVE('',#317,#288,#319,.T.);
#317 = VERTEX_POINT('',#318);
#318 = CARTESIAN_POINT('',(26.786904393594,-5.401739346919,-5.));
#319 = SURFACE_CURVE('',#320,(#325,#332),.PCURVE_S1.);
#320 = CIRCLE('',#321,0.25);
#321 = AXIS2_PLACEMENT_3D('',#322,#323,#324);
#322 = CARTESIAN_POINT('',(26.851791131668,-5.160306724388,-5.));
#323 = DIRECTION('',(2.044679885754E-15,-9.283566826829E-16,-1.));
#324 = DIRECTION('',(-0.965730490124,0.259546952295,-2.215561855848E-15)
  );
#325 = PCURVE('',#268,#326);
#326 = DEFINITIONAL_REPRESENTATION('',(#327),#331);
#327 = LINE('',#328,#329);
#328 = CARTESIAN_POINT('',(3.14159265359,7.853981633974));
#329 = VECTOR('',#330,1.);
#330 = DIRECTION('',(0.,-1.));
#331 = ( GEOMETRIC_REPRESENTATION_CONTEXT(2) 
PARAMETRIC_REPRESENTATION_CONTEXT() REPRESENTATION_CONTEXT('2D SPACE',''
  ) );
#332 = PCURVE('',#333,#338);
#333 = CYLINDRICAL_SURFACE('',#334,0.25);
#334 = AXIS2_PLACEMENT_3D('',#335,#336,#337);
#335 = CARTESIAN_POINT('',(26.851791131668,-5.160306724388,-5.));
#336 = DIRECTION('',(-1.278074975698E-17,-6.388603461007E-17,-1.));
#337 = DIRECTION('',(-0.259546952295,-0.965730490124,6.50138961635E-17)
  );
#338 = DEFINITIONAL_REPRESENTATION('',(#339),#343);
#339 = LINE('',#340,#341);
#340 = CARTESIAN_POINT('',(-4.712388980385,0.));
#341 = VECTOR('',#342,1.);
#342 = DIRECTION('',(1.,0.));
#343 = ( GEOMETRIC_REPRESENTATION_CONTEXT(2) 
PARAMETRIC_REPRESENTATION_CONTEXT() REPRESENTATION_CONTEXT('2D SPACE',''
  ) );
#344 = ORIENTED_EDGE('',*,*,#345,.F.);
#345 = EDGE_CURVE('',#257,#317,#346,.T.);
#346 = SURFACE_CURVE('',#347,(#352,#359),.PCURVE_S1.);
#347 = CIRCLE('',#348,0.45);
#348 = AXIS2_PLACEMENT_3D('',#349,#350,#351);
#349 = CARTESIAN_POINT('',(26.670108265061,-5.836318067475,-5.));
#350 = DIRECTION('',(-0.965730490124,0.259546952295,-4.238665850285E-18)
  );
#351 = DIRECTION('',(-0.259546952295,-0.965730490124,1.192240047878E-16)
  );
#352 = PCURVE('',#268,#353);
#353 = DEFINITIONAL_REPRESENTATION('',(#354),#358);
#354 = LINE('',#355,#356);
#355 = CARTESIAN_POINT('',(0.,3.14159265359));
#356 = VECTOR('',#357,1.);
#357 = DIRECTION('',(1.,-9.046911093941E-15));
#358 = ( GEOMETRIC_REPRESENTATION_CONTEXT(2) 
PARAMETRIC_REPRESENTATION_CONTEXT() REPRESENTATION_CONTEXT('2D SPACE',''
  ) );
#359 = PCURVE('',#360,#365);
#360 = TOROIDAL_SURFACE('',#361,0.7,0.25);
#361 = AXIS2_PLACEMENT_3D('',#362,#363,#364);
#362 = CARTESIAN_POINT('',(26.670108265061,-5.836318067475,-5.));
#363 = DIRECTION('',(-0.965730490124,0.259546952295,-4.238665850285E-18)
  );
#364 = DIRECTION('',(-0.259546952295,-0.965730490124,1.192240047878E-16)
  );
#365 = DEFINITIONAL_REPRESENTATION('',(#366),#370);
#366 = LINE('',#367,#368);
#367 = CARTESIAN_POINT('',(0.,3.14159265359));
#368 = VECTOR('',#369,1.);
#369 = DIRECTION('',(1.,-9.046911093941E-15));
#370 = ( GEOMETRIC_REPRESENTATION_CONTEXT(2) 
PARAMETRIC_REPRESENTATION_CONTEXT() REPRESENTATION_CONTEXT('2D SPACE',''
  ) );
#371 = ADVANCED_FACE('',(#372),#360,.T.);
#372 = FACE_BOUND('',#373,.T.);
#373 = EDGE_LOOP('',(#374,#398,#399,#428));
#374 = ORIENTED_EDGE('',*,*,#375,.T.);
#375 = EDGE_CURVE('',#376,#257,#378,.T.);
#376 = VERTEX_POINT('',#377);
#377 = CARTESIAN_POINT('',(26.901883582691,-5.898609336026,-4.37));
#378 = SURFACE_CURVE('',#379,(#384,#391),.PCURVE_S1.);
#379 = CIRCLE('',#380,0.25);
#380 = AXIS2_PLACEMENT_3D('',#381,#382,#383);
#381 = CARTESIAN_POINT('',(26.670108265061,-5.836318067475,-4.3));
#382 = DIRECTION('',(0.259546952295,0.965730490124,-7.031275949673E-16)
  );
#383 = DIRECTION('',(-0.965730490124,0.259546952295,-4.238665850286E-18)
  );
#384 = PCURVE('',#360,#385);
#385 = DEFINITIONAL_REPRESENTATION('',(#386),#390);
#386 = LINE('',#387,#388);
#387 = CARTESIAN_POINT('',(1.570796326795,7.853981633974));
#388 = VECTOR('',#389,1.);
#389 = DIRECTION('',(0.,-1.));
#390 = ( GEOMETRIC_REPRESENTATION_CONTEXT(2) 
PARAMETRIC_REPRESENTATION_CONTEXT() REPRESENTATION_CONTEXT('2D SPACE',''
  ) );
#391 = PCURVE('',#214,#392);
#392 = DEFINITIONAL_REPRESENTATION('',(#393),#397);
#393 = LINE('',#394,#395);
#394 = CARTESIAN_POINT('',(1.570796326795,2.571670019493));
#395 = VECTOR('',#396,1.);
#396 = DIRECTION('',(1.,0.));
#397 = ( GEOMETRIC_REPRESENTATION_CONTEXT(2) 
PARAMETRIC_REPRESENTATION_CONTEXT() REPRESENTATION_CONTEXT('2D SPACE',''
  ) );
#398 = ORIENTED_EDGE('',*,*,#345,.T.);
#399 = ORIENTED_EDGE('',*,*,#400,.F.);
#400 = EDGE_CURVE('',#401,#317,#403,.T.);
#401 = VERTEX_POINT('',#402);
#402 = CARTESIAN_POINT('',(27.065398162637,-5.290199127248,-5.));
#403 = SURFACE_CURVE('',#404,(#409,#416),.PCURVE_S1.);
#404 = CIRCLE('',#405,0.25);
#405 = AXIS2_PLACEMENT_3D('',#406,#407,#408);
#406 = CARTESIAN_POINT('',(26.851791131668,-5.160306724388,-5.));
#407 = DIRECTION('',(2.044679885754E-15,-9.283566826829E-16,-1.));
#408 = DIRECTION('',(-0.965730490124,0.259546952295,-2.215561855848E-15)
  );
#409 = PCURVE('',#360,#410);
#410 = DEFINITIONAL_REPRESENTATION('',(#411),#415);
#411 = LINE('',#412,#413);
#412 = CARTESIAN_POINT('',(3.14159265359,7.853981633974));
#413 = VECTOR('',#414,1.);
#414 = DIRECTION('',(1.035171199665E-15,-1.));
#415 = ( GEOMETRIC_REPRESENTATION_CONTEXT(2) 
PARAMETRIC_REPRESENTATION_CONTEXT() REPRESENTATION_CONTEXT('2D SPACE',''
  ) );
#416 = PCURVE('',#417,#422);
#417 = CYLINDRICAL_SURFACE('',#418,0.25);
#418 = AXIS2_PLACEMENT_3D('',#419,#420,#421);
#419 = CARTESIAN_POINT('',(26.851791131668,-5.160306724388,-5.));
#420 = DIRECTION('',(-1.278074975698E-17,-6.388603461007E-17,-1.));
#421 = DIRECTION('',(-0.259546952295,-0.965730490124,6.50138961635E-17)
  );
#422 = DEFINITIONAL_REPRESENTATION('',(#423),#427);
#423 = LINE('',#424,#425);
#424 = CARTESIAN_POINT('',(1.570796326795,-1.626043118037E-15));
#425 = VECTOR('',#426,1.);
#426 = DIRECTION('',(1.,3.450570665549E-16));
#427 = ( GEOMETRIC_REPRESENTATION_CONTEXT(2) 
PARAMETRIC_REPRESENTATION_CONTEXT() REPRESENTATION_CONTEXT('2D SPACE',''
  ) );
#428 = ORIENTED_EDGE('',*,*,#429,.T.);
#429 = EDGE_CURVE('',#401,#376,#430,.T.);
#430 = SURFACE_CURVE('',#431,(#436,#443),.PCURVE_S1.);
#431 = CIRCLE('',#432,0.63);
#432 = AXIS2_PLACEMENT_3D('',#433,#434,#435);
#433 = CARTESIAN_POINT('',(26.901883582691,-5.898609336026,-5.));
#434 = DIRECTION('',(0.965730490124,-0.259546952295,4.238665850285E-18)
  );
#435 = DIRECTION('',(0.259546952295,0.965730490124,-1.192240047878E-16)
  );
#436 = PCURVE('',#360,#437);
#437 = DEFINITIONAL_REPRESENTATION('',(#438),#442);
#438 = LINE('',#439,#440);
#439 = CARTESIAN_POINT('',(3.14159265359,4.428594871176));
#440 = VECTOR('',#441,1.);
#441 = DIRECTION('',(-1.,2.261727773485E-15));
#442 = ( GEOMETRIC_REPRESENTATION_CONTEXT(2) 
PARAMETRIC_REPRESENTATION_CONTEXT() REPRESENTATION_CONTEXT('2D SPACE',''
  ) );
#443 = PCURVE('',#444,#449);
#444 = TOROIDAL_SURFACE('',#445,0.7,0.25);
#445 = AXIS2_PLACEMENT_3D('',#446,#447,#448);
#446 = CARTESIAN_POINT('',(27.133658900321,-5.960900604577,-5.));
#447 = DIRECTION('',(-0.965730490124,0.259546952295,-4.238665850285E-18)
  );
#448 = DIRECTION('',(-0.259546952295,-0.965730490124,1.192240047878E-16)
  );
#449 = DEFINITIONAL_REPRESENTATION('',(#450),#454);
#450 = LINE('',#451,#452);
#451 = CARTESIAN_POINT('',(3.14159265359,1.854590436003));
#452 = VECTOR('',#453,1.);
#453 = DIRECTION('',(-1.,4.240739575285E-16));
#454 = ( GEOMETRIC_REPRESENTATION_CONTEXT(2) 
PARAMETRIC_REPRESENTATION_CONTEXT() REPRESENTATION_CONTEXT('2D SPACE',''
  ) );
#455 = ADVANCED_FACE('',(#456),#471,.T.);
#456 = FACE_BOUND('',#457,.T.);
#457 = EDGE_LOOP('',(#458,#489,#518,#547));
#458 = ORIENTED_EDGE('',*,*,#459,.T.);
#459 = EDGE_CURVE('',#460,#462,#464,.T.);
#460 = VERTEX_POINT('',#461);
#461 = CARTESIAN_POINT('',(26.786904393594,-5.401739346919,-13.));
#462 = VERTEX_POINT('',#463);
#463 = CARTESIAN_POINT('',(26.916677869741,-4.918874101858,-13.));
#464 = SURFACE_CURVE('',#465,(#470,#482),.PCURVE_S1.);
#465 = CIRCLE('',#466,0.25);
#466 = AXIS2_PLACEMENT_3D('',#467,#468,#469);
#467 = CARTESIAN_POINT('',(26.851791131668,-5.160306724388,-13.));
#468 = DIRECTION('',(2.058749954231E-15,-8.760043279116E-16,-1.));
#469 = DIRECTION('',(-0.965730490124,0.259546952295,-2.215561855848E-15)
  );
#470 = PCURVE('',#471,#476);
#471 = TOROIDAL_SURFACE('',#472,0.7,0.25);
#472 = AXIS2_PLACEMENT_3D('',#473,#474,#475);
#473 = CARTESIAN_POINT('',(26.670108265061,-5.836318067475,-13.));
#474 = DIRECTION('',(-0.965730490124,0.259546952295,-4.238665850285E-18)
  );
#475 = DIRECTION('',(-0.259546952295,-0.965730490124,1.192240047878E-16)
  );
#476 = DEFINITIONAL_REPRESENTATION('',(#477),#481);
#477 = LINE('',#478,#479);
#478 = CARTESIAN_POINT('',(3.14159265359,7.853981633974));
#479 = VECTOR('',#480,1.);
#480 = DIRECTION('',(2.827159716856E-16,-1.));
#481 = ( GEOMETRIC_REPRESENTATION_CONTEXT(2) 
PARAMETRIC_REPRESENTATION_CONTEXT() REPRESENTATION_CONTEXT('2D SPACE',''
  ) );
#482 = PCURVE('',#333,#483);
#483 = DEFINITIONAL_REPRESENTATION('',(#484),#488);
#484 = LINE('',#485,#486);
#485 = CARTESIAN_POINT('',(-4.712388980385,8.));
#486 = VECTOR('',#487,1.);
#487 = DIRECTION('',(1.,0.));
#488 = ( GEOMETRIC_REPRESENTATION_CONTEXT(2) 
PARAMETRIC_REPRESENTATION_CONTEXT() REPRESENTATION_CONTEXT('2D SPACE',''
  ) );
#489 = ORIENTED_EDGE('',*,*,#490,.T.);
#490 = EDGE_CURVE('',#462,#491,#493,.T.);
#491 = VERTEX_POINT('',#492);
#492 = CARTESIAN_POINT('',(26.670108265061,-5.836318067475,-13.95));
#493 = SURFACE_CURVE('',#494,(#499,#506),.PCURVE_S1.);
#494 = CIRCLE('',#495,0.95);
#495 = AXIS2_PLACEMENT_3D('',#496,#497,#498);
#496 = CARTESIAN_POINT('',(26.670108265061,-5.836318067475,-13.));
#497 = DIRECTION('',(-0.965730490124,0.259546952295,-4.238665850285E-18)
  );
#498 = DIRECTION('',(-0.259546952295,-0.965730490124,1.192240047878E-16)
  );
#499 = PCURVE('',#471,#500);
#500 = DEFINITIONAL_REPRESENTATION('',(#501),#505);
#501 = LINE('',#502,#503);
#502 = CARTESIAN_POINT('',(0.,0.));
#503 = VECTOR('',#504,1.);
#504 = DIRECTION('',(1.,0.));
#505 = ( GEOMETRIC_REPRESENTATION_CONTEXT(2) 
PARAMETRIC_REPRESENTATION_CONTEXT() REPRESENTATION_CONTEXT('2D SPACE',''
  ) );
#506 = PCURVE('',#507,#512);
#507 = TOROIDAL_SURFACE('',#508,0.7,0.25);
#508 = AXIS2_PLACEMENT_3D('',#509,#510,#511);
#509 = CARTESIAN_POINT('',(26.670108265061,-5.836318067475,-13.));
#510 = DIRECTION('',(-0.965730490124,0.259546952295,-4.238665850285E-18)
  );
#511 = DIRECTION('',(-0.259546952295,-0.965730490124,1.192240047878E-16)
  );
#512 = DEFINITIONAL_REPRESENTATION('',(#513),#517);
#513 = LINE('',#514,#515);
#514 = CARTESIAN_POINT('',(0.,6.28318530718));
#515 = VECTOR('',#516,1.);
#516 = DIRECTION('',(1.,0.));
#517 = ( GEOMETRIC_REPRESENTATION_CONTEXT(2) 
PARAMETRIC_REPRESENTATION_CONTEXT() REPRESENTATION_CONTEXT('2D SPACE',''
  ) );
#518 = ORIENTED_EDGE('',*,*,#519,.F.);
#519 = EDGE_CURVE('',#520,#491,#522,.T.);
#520 = VERTEX_POINT('',#521);
#521 = CARTESIAN_POINT('',(26.670108265061,-5.836318067475,-13.45));
#522 = SURFACE_CURVE('',#523,(#528,#535),.PCURVE_S1.);
#523 = CIRCLE('',#524,0.25);
#524 = AXIS2_PLACEMENT_3D('',#525,#526,#527);
#525 = CARTESIAN_POINT('',(26.670108265061,-5.836318067475,-13.7));
#526 = DIRECTION('',(-0.259546952295,-0.965730490124,5.607987212962E-17)
  );
#527 = DIRECTION('',(-0.965730490124,0.259546952295,-4.238665850285E-18)
  );
#528 = PCURVE('',#471,#529);
#529 = DEFINITIONAL_REPRESENTATION('',(#530),#534);
#530 = LINE('',#531,#532);
#531 = CARTESIAN_POINT('',(4.712388980385,7.853981633974));
#532 = VECTOR('',#533,1.);
#533 = DIRECTION('',(0.,-1.));
#534 = ( GEOMETRIC_REPRESENTATION_CONTEXT(2) 
PARAMETRIC_REPRESENTATION_CONTEXT() REPRESENTATION_CONTEXT('2D SPACE',''
  ) );
#535 = PCURVE('',#536,#541);
#536 = CYLINDRICAL_SURFACE('',#537,0.25);
#537 = AXIS2_PLACEMENT_3D('',#538,#539,#540);
#538 = CARTESIAN_POINT('',(26.670108265061,-5.836318067475,-13.7));
#539 = DIRECTION('',(-0.259546952295,-0.965730490124,1.192240047878E-16)
  );
#540 = DIRECTION('',(0.965730490124,-0.259546952295,4.238665850285E-18)
  );
#541 = DEFINITIONAL_REPRESENTATION('',(#542),#546);
#542 = LINE('',#543,#544);
#543 = CARTESIAN_POINT('',(-3.14159265359,0.));
#544 = VECTOR('',#545,1.);
#545 = DIRECTION('',(1.,0.));
#546 = ( GEOMETRIC_REPRESENTATION_CONTEXT(2) 
PARAMETRIC_REPRESENTATION_CONTEXT() REPRESENTATION_CONTEXT('2D SPACE',''
  ) );
#547 = ORIENTED_EDGE('',*,*,#548,.F.);
#548 = EDGE_CURVE('',#460,#520,#549,.T.);
#549 = SURFACE_CURVE('',#550,(#555,#562),.PCURVE_S1.);
#550 = CIRCLE('',#551,0.45);
#551 = AXIS2_PLACEMENT_3D('',#552,#553,#554);
#552 = CARTESIAN_POINT('',(26.670108265061,-5.836318067475,-13.));
#553 = DIRECTION('',(-0.965730490124,0.259546952295,-4.238665850285E-18)
  );
#554 = DIRECTION('',(-0.259546952295,-0.965730490124,1.192240047878E-16)
  );
#555 = PCURVE('',#471,#556);
#556 = DEFINITIONAL_REPRESENTATION('',(#557),#561);
#557 = LINE('',#558,#559);
#558 = CARTESIAN_POINT('',(0.,3.14159265359));
#559 = VECTOR('',#560,1.);
#560 = DIRECTION('',(1.,8.764195122255E-15));
#561 = ( GEOMETRIC_REPRESENTATION_CONTEXT(2) 
PARAMETRIC_REPRESENTATION_CONTEXT() REPRESENTATION_CONTEXT('2D SPACE',''
  ) );
#562 = PCURVE('',#563,#568);
#563 = TOROIDAL_SURFACE('',#564,0.7,0.25);
#564 = AXIS2_PLACEMENT_3D('',#565,#566,#567);
#565 = CARTESIAN_POINT('',(26.670108265061,-5.836318067475,-13.));
#566 = DIRECTION('',(-0.965730490124,0.259546952295,-4.238665850285E-18)
  );
#567 = DIRECTION('',(-0.259546952295,-0.965730490124,1.192240047878E-16)
  );
#568 = DEFINITIONAL_REPRESENTATION('',(#569),#573);
#569 = LINE('',#570,#571);
#570 = CARTESIAN_POINT('',(0.,3.14159265359));
#571 = VECTOR('',#572,1.);
#572 = DIRECTION('',(1.,8.764195122255E-15));
#573 = ( GEOMETRIC_REPRESENTATION_CONTEXT(2) 
PARAMETRIC_REPRESENTATION_CONTEXT() REPRESENTATION_CONTEXT('2D SPACE',''
  ) );
#574 = ADVANCED_FACE('',(#575),#563,.T.);
#575 = FACE_BOUND('',#576,.T.);
#576 = EDGE_LOOP('',(#577,#601,#602,#626));
#577 = ORIENTED_EDGE('',*,*,#578,.T.);
#578 = EDGE_CURVE('',#579,#460,#581,.T.);
#579 = VERTEX_POINT('',#580);
#580 = CARTESIAN_POINT('',(27.065398162637,-5.290199127248,-13.));
#581 = SURFACE_CURVE('',#582,(#587,#594),.PCURVE_S1.);
#582 = CIRCLE('',#583,0.25);
#583 = AXIS2_PLACEMENT_3D('',#584,#585,#586);
#584 = CARTESIAN_POINT('',(26.851791131668,-5.160306724388,-13.));
#585 = DIRECTION('',(2.058749954231E-15,-8.760043279116E-16,-1.));
#586 = DIRECTION('',(-0.965730490124,0.259546952295,-2.215561855848E-15)
  );
#587 = PCURVE('',#563,#588);
#588 = DEFINITIONAL_REPRESENTATION('',(#589),#593);
#589 = LINE('',#590,#591);
#590 = CARTESIAN_POINT('',(3.14159265359,7.853981633974));
#591 = VECTOR('',#592,1.);
#592 = DIRECTION('',(0.,-1.));
#593 = ( GEOMETRIC_REPRESENTATION_CONTEXT(2) 
PARAMETRIC_REPRESENTATION_CONTEXT() REPRESENTATION_CONTEXT('2D SPACE',''
  ) );
#594 = PCURVE('',#417,#595);
#595 = DEFINITIONAL_REPRESENTATION('',(#596),#600);
#596 = LINE('',#597,#598);
#597 = CARTESIAN_POINT('',(1.570796326795,8.));
#598 = VECTOR('',#599,1.);
#599 = DIRECTION('',(1.,6.901141331098E-16));
#600 = ( GEOMETRIC_REPRESENTATION_CONTEXT(2) 
PARAMETRIC_REPRESENTATION_CONTEXT() REPRESENTATION_CONTEXT('2D SPACE',''
  ) );
#601 = ORIENTED_EDGE('',*,*,#548,.T.);
#602 = ORIENTED_EDGE('',*,*,#603,.F.);
#603 = EDGE_CURVE('',#604,#520,#606,.T.);
#604 = VERTEX_POINT('',#605);
#605 = CARTESIAN_POINT('',(26.901883582691,-5.898609336026,-13.63));
#606 = SURFACE_CURVE('',#607,(#612,#619),.PCURVE_S1.);
#607 = CIRCLE('',#608,0.25);
#608 = AXIS2_PLACEMENT_3D('',#609,#610,#611);
#609 = CARTESIAN_POINT('',(26.670108265061,-5.836318067475,-13.7));
#610 = DIRECTION('',(-0.259546952295,-0.965730490124,5.607987212962E-17)
  );
#611 = DIRECTION('',(-0.965730490124,0.259546952295,-4.238665850285E-18)
  );
#612 = PCURVE('',#563,#613);
#613 = DEFINITIONAL_REPRESENTATION('',(#614),#618);
#614 = LINE('',#615,#616);
#615 = CARTESIAN_POINT('',(4.712388980385,7.853981633974));
#616 = VECTOR('',#617,1.);
#617 = DIRECTION('',(2.070342399329E-15,-1.));
#618 = ( GEOMETRIC_REPRESENTATION_CONTEXT(2) 
PARAMETRIC_REPRESENTATION_CONTEXT() REPRESENTATION_CONTEXT('2D SPACE',''
  ) );
#619 = PCURVE('',#536,#620);
#620 = DEFINITIONAL_REPRESENTATION('',(#621),#625);
#621 = LINE('',#622,#623);
#622 = CARTESIAN_POINT('',(-3.14159265359,-6.504172472148E-15));
#623 = VECTOR('',#624,1.);
#624 = DIRECTION('',(1.,1.38022826622E-15));
#625 = ( GEOMETRIC_REPRESENTATION_CONTEXT(2) 
PARAMETRIC_REPRESENTATION_CONTEXT() REPRESENTATION_CONTEXT('2D SPACE',''
  ) );
#626 = ORIENTED_EDGE('',*,*,#627,.T.);
#627 = EDGE_CURVE('',#604,#579,#628,.T.);
#628 = SURFACE_CURVE('',#629,(#634,#641),.PCURVE_S1.);
#629 = CIRCLE('',#630,0.63);
#630 = AXIS2_PLACEMENT_3D('',#631,#632,#633);
#631 = CARTESIAN_POINT('',(26.901883582691,-5.898609336026,-13.));
#632 = DIRECTION('',(0.965730490124,-0.259546952295,4.238665850285E-18)
  );
#633 = DIRECTION('',(0.259546952295,0.965730490124,-1.192240047878E-16)
  );
#634 = PCURVE('',#563,#635);
#635 = DEFINITIONAL_REPRESENTATION('',(#636),#640);
#636 = LINE('',#637,#638);
#637 = CARTESIAN_POINT('',(9.424777960769,4.428594871176));
#638 = VECTOR('',#639,1.);
#639 = DIRECTION('',(-1.,-2.261727773485E-15));
#640 = ( GEOMETRIC_REPRESENTATION_CONTEXT(2) 
PARAMETRIC_REPRESENTATION_CONTEXT() REPRESENTATION_CONTEXT('2D SPACE',''
  ) );
#641 = PCURVE('',#642,#647);
#642 = TOROIDAL_SURFACE('',#643,0.7,0.25);
#643 = AXIS2_PLACEMENT_3D('',#644,#645,#646);
#644 = CARTESIAN_POINT('',(27.133658900321,-5.960900604577,-13.));
#645 = DIRECTION('',(-0.965730490124,0.259546952295,-4.238665850285E-18)
  );
#646 = DIRECTION('',(-0.259546952295,-0.965730490124,1.192240047878E-16)
  );
#647 = DEFINITIONAL_REPRESENTATION('',(#648),#652);
#648 = LINE('',#649,#650);
#649 = CARTESIAN_POINT('',(9.424777960769,1.854590436003));
#650 = VECTOR('',#651,1.);
#651 = DIRECTION('',(-1.,-2.827159716856E-16));
#652 = ( GEOMETRIC_REPRESENTATION_CONTEXT(2) 
PARAMETRIC_REPRESENTATION_CONTEXT() REPRESENTATION_CONTEXT('2D SPACE',''
  ) );
#653 = ADVANCED_FACE('',(#654),#669,.T.);
#654 = FACE_BOUND('',#655,.T.);
#655 = EDGE_LOOP('',(#656,#687,#716,#740));
#656 = ORIENTED_EDGE('',*,*,#657,.T.);
#657 = EDGE_CURVE('',#658,#660,#662,.T.);
#658 = VERTEX_POINT('',#659);
#659 = CARTESIAN_POINT('',(26.002639149194,-8.319858215836,-13.45));
#660 = VERTEX_POINT('',#661);
#661 = CARTESIAN_POINT('',(26.002639149194,-8.319858215836,-13.95));
#662 = SURFACE_CURVE('',#663,(#668,#680),.PCURVE_S1.);
#663 = CIRCLE('',#664,0.25);
#664 = AXIS2_PLACEMENT_3D('',#665,#666,#667);
#665 = CARTESIAN_POINT('',(26.002639149194,-8.319858215836,-13.7));
#666 = DIRECTION('',(-0.259546952295,-0.965730490124,3.658519214112E-16)
  );
#667 = DIRECTION('',(-0.965730490124,0.259546952295,-4.238665850284E-18)
  );
#668 = PCURVE('',#669,#674);
#669 = TOROIDAL_SURFACE('',#670,0.7,0.25);
#670 = AXIS2_PLACEMENT_3D('',#671,#672,#673);
#671 = CARTESIAN_POINT('',(26.002639149194,-8.319858215836,-13.));
#672 = DIRECTION('',(-0.965730490124,0.259546952295,-4.238665850285E-18)
  );
#673 = DIRECTION('',(-0.259546952295,-0.965730490124,1.192240047878E-16)
  );
#674 = DEFINITIONAL_REPRESENTATION('',(#675),#679);
#675 = LINE('',#676,#677);
#676 = CARTESIAN_POINT('',(4.712388980385,7.853981633974));
#677 = VECTOR('',#678,1.);
#678 = DIRECTION('',(2.827159716856E-16,-1.));
#679 = ( GEOMETRIC_REPRESENTATION_CONTEXT(2) 
PARAMETRIC_REPRESENTATION_CONTEXT() REPRESENTATION_CONTEXT('2D SPACE',''
  ) );
#680 = PCURVE('',#536,#681);
#681 = DEFINITIONAL_REPRESENTATION('',(#682),#686);
#682 = LINE('',#683,#684);
#683 = CARTESIAN_POINT('',(-3.14159265359,2.571670019493));
#684 = VECTOR('',#685,1.);
#685 = DIRECTION('',(1.,0.));
#686 = ( GEOMETRIC_REPRESENTATION_CONTEXT(2) 
PARAMETRIC_REPRESENTATION_CONTEXT() REPRESENTATION_CONTEXT('2D SPACE',''
  ) );
#687 = ORIENTED_EDGE('',*,*,#688,.T.);
#688 = EDGE_CURVE('',#660,#689,#691,.T.);
#689 = VERTEX_POINT('',#690);
#690 = CARTESIAN_POINT('',(25.756069544514,-9.237302181454,-13.));
#691 = SURFACE_CURVE('',#692,(#697,#704),.PCURVE_S1.);
#692 = CIRCLE('',#693,0.95);
#693 = AXIS2_PLACEMENT_3D('',#694,#695,#696);
#694 = CARTESIAN_POINT('',(26.002639149194,-8.319858215836,-13.));
#695 = DIRECTION('',(-0.965730490124,0.259546952295,-4.238665850285E-18)
  );
#696 = DIRECTION('',(-0.259546952295,-0.965730490124,1.192240047878E-16)
  );
#697 = PCURVE('',#669,#698);
#698 = DEFINITIONAL_REPRESENTATION('',(#699),#703);
#699 = LINE('',#700,#701);
#700 = CARTESIAN_POINT('',(0.,0.));
#701 = VECTOR('',#702,1.);
#702 = DIRECTION('',(1.,0.));
#703 = ( GEOMETRIC_REPRESENTATION_CONTEXT(2) 
PARAMETRIC_REPRESENTATION_CONTEXT() REPRESENTATION_CONTEXT('2D SPACE',''
  ) );
#704 = PCURVE('',#705,#710);
#705 = TOROIDAL_SURFACE('',#706,0.7,0.25);
#706 = AXIS2_PLACEMENT_3D('',#707,#708,#709);
#707 = CARTESIAN_POINT('',(26.002639149194,-8.319858215836,-13.));
#708 = DIRECTION('',(-0.965730490124,0.259546952295,-4.238665850285E-18)
  );
#709 = DIRECTION('',(-0.259546952295,-0.965730490124,1.192240047878E-16)
  );
#710 = DEFINITIONAL_REPRESENTATION('',(#711),#715);
#711 = LINE('',#712,#713);
#712 = CARTESIAN_POINT('',(0.,6.28318530718));
#713 = VECTOR('',#714,1.);
#714 = DIRECTION('',(1.,0.));
#715 = ( GEOMETRIC_REPRESENTATION_CONTEXT(2) 
PARAMETRIC_REPRESENTATION_CONTEXT() REPRESENTATION_CONTEXT('2D SPACE',''
  ) );
#716 = ORIENTED_EDGE('',*,*,#717,.F.);
#717 = EDGE_CURVE('',#718,#689,#720,.T.);
#718 = VERTEX_POINT('',#719);
#719 = CARTESIAN_POINT('',(25.885843020662,-8.754436936392,-13.));
#720 = SURFACE_CURVE('',#721,(#726,#733),.PCURVE_S1.);
#721 = CIRCLE('',#722,0.25);
#722 = AXIS2_PLACEMENT_3D('',#723,#724,#725);
#723 = CARTESIAN_POINT('',(25.820956282588,-8.995869558923,-13.));
#724 = DIRECTION('',(2.198264433489E-15,-3.24232415865E-16,1.));
#725 = DIRECTION('',(-0.965730490124,0.259546952295,2.207084524148E-15)
  );
#726 = PCURVE('',#669,#727);
#727 = DEFINITIONAL_REPRESENTATION('',(#728),#732);
#728 = LINE('',#729,#730);
#729 = CARTESIAN_POINT('',(6.28318530718,7.853981633974));
#730 = VECTOR('',#731,1.);
#731 = DIRECTION('',(0.,-1.));
#732 = ( GEOMETRIC_REPRESENTATION_CONTEXT(2) 
PARAMETRIC_REPRESENTATION_CONTEXT() REPRESENTATION_CONTEXT('2D SPACE',''
  ) );
#733 = PCURVE('',#45,#734);
#734 = DEFINITIONAL_REPRESENTATION('',(#735),#739);
#735 = LINE('',#736,#737);
#736 = CARTESIAN_POINT('',(-4.712388980385,0.));
#737 = VECTOR('',#738,1.);
#738 = DIRECTION('',(1.,0.));
#739 = ( GEOMETRIC_REPRESENTATION_CONTEXT(2) 
PARAMETRIC_REPRESENTATION_CONTEXT() REPRESENTATION_CONTEXT('2D SPACE',''
  ) );
#740 = ORIENTED_EDGE('',*,*,#741,.F.);
#741 = EDGE_CURVE('',#658,#718,#742,.T.);
#742 = SURFACE_CURVE('',#743,(#748,#755),.PCURVE_S1.);
#743 = CIRCLE('',#744,0.45);
#744 = AXIS2_PLACEMENT_3D('',#745,#746,#747);
#745 = CARTESIAN_POINT('',(26.002639149194,-8.319858215836,-13.));
#746 = DIRECTION('',(-0.965730490124,0.259546952295,-4.238665850285E-18)
  );
#747 = DIRECTION('',(-0.259546952295,-0.965730490124,1.192240047878E-16)
  );
#748 = PCURVE('',#669,#749);
#749 = DEFINITIONAL_REPRESENTATION('',(#750),#754);
#750 = LINE('',#751,#752);
#751 = CARTESIAN_POINT('',(0.,3.14159265359));
#752 = VECTOR('',#753,1.);
#753 = DIRECTION('',(1.,0.));
#754 = ( GEOMETRIC_REPRESENTATION_CONTEXT(2) 
PARAMETRIC_REPRESENTATION_CONTEXT() REPRESENTATION_CONTEXT('2D SPACE',''
  ) );
#755 = PCURVE('',#756,#761);
#756 = TOROIDAL_SURFACE('',#757,0.7,0.25);
#757 = AXIS2_PLACEMENT_3D('',#758,#759,#760);
#758 = CARTESIAN_POINT('',(26.002639149194,-8.319858215836,-13.));
#759 = DIRECTION('',(-0.965730490124,0.259546952295,-4.238665850285E-18)
  );
#760 = DIRECTION('',(-0.259546952295,-0.965730490124,1.192240047878E-16)
  );
#761 = DEFINITIONAL_REPRESENTATION('',(#762),#766);
#762 = LINE('',#763,#764);
#763 = CARTESIAN_POINT('',(0.,3.14159265359));
#764 = VECTOR('',#765,1.);
#765 = DIRECTION('',(1.,0.));
#766 = ( GEOMETRIC_REPRESENTATION_CONTEXT(2) 
PARAMETRIC_REPRESENTATION_CONTEXT() REPRESENTATION_CONTEXT('2D SPACE',''
  ) );
#767 = ADVANCED_FACE('',(#768),#756,.T.);
#768 = FACE_BOUND('',#769,.T.);
#769 = EDGE_LOOP('',(#770,#794,#795,#819));
#770 = ORIENTED_EDGE('',*,*,#771,.T.);
#771 = EDGE_CURVE('',#772,#658,#774,.T.);
#772 = VERTEX_POINT('',#773);
#773 = CARTESIAN_POINT('',(26.234414466824,-8.382149484387,-13.63));
#774 = SURFACE_CURVE('',#775,(#780,#787),.PCURVE_S1.);
#775 = CIRCLE('',#776,0.25);
#776 = AXIS2_PLACEMENT_3D('',#777,#778,#779);
#777 = CARTESIAN_POINT('',(26.002639149194,-8.319858215836,-13.7));
#778 = DIRECTION('',(-0.259546952295,-0.965730490124,3.658519214112E-16)
  );
#779 = DIRECTION('',(-0.965730490124,0.259546952295,-4.238665850284E-18)
  );
#780 = PCURVE('',#756,#781);
#781 = DEFINITIONAL_REPRESENTATION('',(#782),#786);
#782 = LINE('',#783,#784);
#783 = CARTESIAN_POINT('',(4.712388980385,7.853981633974));
#784 = VECTOR('',#785,1.);
#785 = DIRECTION('',(6.901141331098E-16,-1.));
#786 = ( GEOMETRIC_REPRESENTATION_CONTEXT(2) 
PARAMETRIC_REPRESENTATION_CONTEXT() REPRESENTATION_CONTEXT('2D SPACE',''
  ) );
#787 = PCURVE('',#536,#788);
#788 = DEFINITIONAL_REPRESENTATION('',(#789),#793);
#789 = LINE('',#790,#791);
#790 = CARTESIAN_POINT('',(-3.14159265359,2.571670019493));
#791 = VECTOR('',#792,1.);
#792 = DIRECTION('',(1.,6.901141331098E-16));
#793 = ( GEOMETRIC_REPRESENTATION_CONTEXT(2) 
PARAMETRIC_REPRESENTATION_CONTEXT() REPRESENTATION_CONTEXT('2D SPACE',''
  ) );
#794 = ORIENTED_EDGE('',*,*,#741,.T.);
#795 = ORIENTED_EDGE('',*,*,#796,.F.);
#796 = EDGE_CURVE('',#797,#718,#799,.T.);
#797 = VERTEX_POINT('',#798);
#798 = CARTESIAN_POINT('',(26.070899886878,-8.990559693165,-13.));
#799 = SURFACE_CURVE('',#800,(#805,#812),.PCURVE_S1.);
#800 = CIRCLE('',#801,0.25);
#801 = AXIS2_PLACEMENT_3D('',#802,#803,#804);
#802 = CARTESIAN_POINT('',(25.820956282588,-8.995869558923,-13.));
#803 = DIRECTION('',(2.198264433489E-15,-3.24232415865E-16,1.));
#804 = DIRECTION('',(-0.965730490124,0.259546952295,2.207084524148E-15)
  );
#805 = PCURVE('',#756,#806);
#806 = DEFINITIONAL_REPRESENTATION('',(#807),#811);
#807 = LINE('',#808,#809);
#808 = CARTESIAN_POINT('',(6.28318530718,7.853981633974));
#809 = VECTOR('',#810,1.);
#810 = DIRECTION('',(0.,-1.));
#811 = ( GEOMETRIC_REPRESENTATION_CONTEXT(2) 
PARAMETRIC_REPRESENTATION_CONTEXT() REPRESENTATION_CONTEXT('2D SPACE',''
  ) );
#812 = PCURVE('',#184,#813);
#813 = DEFINITIONAL_REPRESENTATION('',(#814),#818);
#814 = LINE('',#815,#816);
#815 = CARTESIAN_POINT('',(1.570796326795,-4.878129354111E-15));
#816 = VECTOR('',#817,1.);
#817 = DIRECTION('',(1.,1.035171199665E-15));
#818 = ( GEOMETRIC_REPRESENTATION_CONTEXT(2) 
PARAMETRIC_REPRESENTATION_CONTEXT() REPRESENTATION_CONTEXT('2D SPACE',''
  ) );
#819 = ORIENTED_EDGE('',*,*,#820,.T.);
#820 = EDGE_CURVE('',#797,#772,#821,.T.);
#821 = SURFACE_CURVE('',#822,(#827,#834),.PCURVE_S1.);
#822 = CIRCLE('',#823,0.63);
#823 = AXIS2_PLACEMENT_3D('',#824,#825,#826);
#824 = CARTESIAN_POINT('',(26.234414466824,-8.382149484387,-13.));
#825 = DIRECTION('',(0.965730490124,-0.259546952295,4.238665850285E-18)
  );
#826 = DIRECTION('',(0.259546952295,0.965730490124,-1.192240047878E-16)
  );
#827 = PCURVE('',#756,#828);
#828 = DEFINITIONAL_REPRESENTATION('',(#829),#833);
#829 = LINE('',#830,#831);
#830 = CARTESIAN_POINT('',(9.424777960769,4.428594871176));
#831 = VECTOR('',#832,1.);
#832 = DIRECTION('',(-1.,6.219751377084E-15));
#833 = ( GEOMETRIC_REPRESENTATION_CONTEXT(2) 
PARAMETRIC_REPRESENTATION_CONTEXT() REPRESENTATION_CONTEXT('2D SPACE',''
  ) );
#834 = PCURVE('',#835,#840);
#835 = TOROIDAL_SURFACE('',#836,0.7,0.25);
#836 = AXIS2_PLACEMENT_3D('',#837,#838,#839);
#837 = CARTESIAN_POINT('',(26.466189784454,-8.444440752938,-13.));
#838 = DIRECTION('',(-0.965730490124,0.259546952295,-4.238665850285E-18)
  );
#839 = DIRECTION('',(-0.259546952295,-0.965730490124,1.192240047878E-16)
  );
#840 = DEFINITIONAL_REPRESENTATION('',(#841),#845);
#841 = LINE('',#842,#843);
#842 = CARTESIAN_POINT('',(9.424777960769,1.854590436003));
#843 = VECTOR('',#844,1.);
#844 = DIRECTION('',(-1.,-4.382097561128E-15));
#845 = ( GEOMETRIC_REPRESENTATION_CONTEXT(2) 
PARAMETRIC_REPRESENTATION_CONTEXT() REPRESENTATION_CONTEXT('2D SPACE',''
  ) );
#846 = ADVANCED_FACE('',(#847),#862,.T.);
#847 = FACE_BOUND('',#848,.T.);
#848 = EDGE_LOOP('',(#849,#907,#931,#960));
#849 = ORIENTED_EDGE('',*,*,#850,.T.);
#850 = EDGE_CURVE('',#851,#853,#855,.T.);
#851 = VERTEX_POINT('',#852);
#852 = CARTESIAN_POINT('',(26.534450522138,-9.115142230266,-5.));
#853 = VERTEX_POINT('',#854);
#854 = CARTESIAN_POINT('',(26.349393655921,-8.879019473493,-5.));
#855 = SURFACE_CURVE('',#856,(#861,#895),.PCURVE_S1.);
#856 = CIRCLE('',#857,0.25);
#857 = AXIS2_PLACEMENT_3D('',#858,#859,#860);
#858 = CARTESIAN_POINT('',(26.284506917847,-9.120452096024,-5.));
#859 = DIRECTION('',(2.198264433489E-15,-3.24232415865E-16,1.));
#860 = DIRECTION('',(-0.965730490124,0.259546952295,2.207084524148E-15)
  );
#861 = PCURVE('',#862,#867);
#862 = TOROIDAL_SURFACE('',#863,0.7,0.25);
#863 = AXIS2_PLACEMENT_3D('',#864,#865,#866);
#864 = CARTESIAN_POINT('',(26.466189784454,-8.444440752938,-5.));
#865 = DIRECTION('',(-0.965730490124,0.259546952295,-4.238665850285E-18)
  );
#866 = DIRECTION('',(-0.259546952295,-0.965730490124,1.192240047878E-16)
  );
#867 = DEFINITIONAL_REPRESENTATION('',(#868),#894);
#868 = B_SPLINE_CURVE_WITH_KNOTS('',3,(#869,#870,#871,#872,#873,#874,
    #875,#876,#877,#878,#879,#880,#881,#882,#883,#884,#885,#886,#887,
    #888,#889,#890,#891,#892,#893),.UNSPECIFIED.,.F.,.F.,(4,1,1,1,1,1,1,
    1,1,1,1,1,1,1,1,1,1,1,1,1,1,1,4),(3.425386762798,3.483886863598,
    3.542386964397,3.600887065196,3.659387165996,3.717887266795,
    3.776387367594,3.834887468394,3.893387569193,3.951887669993,
    4.010387770792,4.068887871591,4.127387972391,4.18588807319,
    4.24438817399,4.302888274789,4.361388375588,4.419888476388,
    4.478388577187,4.536888677987,4.595388778786,4.653888879585,
    4.712388980385),.QUASI_UNIFORM_KNOTS.);
#869 = CARTESIAN_POINT('',(0.,4.428594871176));
#870 = CARTESIAN_POINT('',(0.,4.409094837577));
#871 = CARTESIAN_POINT('',(-1.7763568394E-15,4.370094770377));
#872 = CARTESIAN_POINT('',(-8.881784197001E-16,4.311594669578));
#873 = CARTESIAN_POINT('',(-8.881784197001E-16,4.253094568778));
#874 = CARTESIAN_POINT('',(-8.881784197001E-16,4.194594467979));
#875 = CARTESIAN_POINT('',(-2.6645352591E-15,4.136094367179));
#876 = CARTESIAN_POINT('',(0.,4.07759426638));
#877 = CARTESIAN_POINT('',(8.881784197001E-16,4.019094165581));
#878 = CARTESIAN_POINT('',(-1.7763568394E-15,3.960594064781));
#879 = CARTESIAN_POINT('',(-2.6645352591E-15,3.902093963982));
#880 = CARTESIAN_POINT('',(8.881784197001E-16,3.843593863182));
#881 = CARTESIAN_POINT('',(-8.881784197001E-16,3.785093762383));
#882 = CARTESIAN_POINT('',(-8.881784197001E-16,3.726593661584));
#883 = CARTESIAN_POINT('',(-8.881784197001E-16,3.668093560784));
#884 = CARTESIAN_POINT('',(0.,3.609593459985));
#885 = CARTESIAN_POINT('',(0.,3.551093359186));
#886 = CARTESIAN_POINT('',(-1.7763568394E-15,3.492593258386));
#887 = CARTESIAN_POINT('',(0.,3.434093157587));
#888 = CARTESIAN_POINT('',(8.881784197001E-16,3.375593056787));
#889 = CARTESIAN_POINT('',(0.,3.317092955988));
#890 = CARTESIAN_POINT('',(0.,3.258592855189));
#891 = CARTESIAN_POINT('',(8.881784197001E-16,3.200092754389));
#892 = CARTESIAN_POINT('',(0.,3.16109268719));
#893 = CARTESIAN_POINT('',(0.,3.14159265359));
#894 = ( GEOMETRIC_REPRESENTATION_CONTEXT(2) 
PARAMETRIC_REPRESENTATION_CONTEXT() REPRESENTATION_CONTEXT('2D SPACE',''
  ) );
#895 = PCURVE('',#896,#901);
#896 = CYLINDRICAL_SURFACE('',#897,0.25);
#897 = AXIS2_PLACEMENT_3D('',#898,#899,#900);
#898 = CARTESIAN_POINT('',(26.284506917847,-9.120452096024,-13.));
#899 = DIRECTION('',(-1.28931872002E-18,1.153367983869E-17,1.));
#900 = DIRECTION('',(0.259546952295,0.965730490124,-1.080378753923E-17)
  );
#901 = DEFINITIONAL_REPRESENTATION('',(#902),#906);
#902 = LINE('',#903,#904);
#903 = CARTESIAN_POINT('',(1.570796326795,8.));
#904 = VECTOR('',#905,1.);
#905 = DIRECTION('',(1.,6.901141331098E-16));
#906 = ( GEOMETRIC_REPRESENTATION_CONTEXT(2) 
PARAMETRIC_REPRESENTATION_CONTEXT() REPRESENTATION_CONTEXT('2D SPACE',''
  ) );
#907 = ORIENTED_EDGE('',*,*,#908,.T.);
#908 = EDGE_CURVE('',#853,#909,#911,.T.);
#909 = VERTEX_POINT('',#910);
#910 = CARTESIAN_POINT('',(26.466189784454,-8.444440752938,-4.55));
#911 = SURFACE_CURVE('',#912,(#917,#924),.PCURVE_S1.);
#912 = CIRCLE('',#913,0.45);
#913 = AXIS2_PLACEMENT_3D('',#914,#915,#916);
#914 = CARTESIAN_POINT('',(26.466189784454,-8.444440752938,-5.));
#915 = DIRECTION('',(-0.965730490124,0.259546952295,-4.238665850285E-18)
  );
#916 = DIRECTION('',(-0.259546952295,-0.965730490124,1.192240047878E-16)
  );
#917 = PCURVE('',#862,#918);
#918 = DEFINITIONAL_REPRESENTATION('',(#919),#923);
#919 = LINE('',#920,#921);
#920 = CARTESIAN_POINT('',(0.,3.14159265359));
#921 = VECTOR('',#922,1.);
#922 = DIRECTION('',(1.,0.));
#923 = ( GEOMETRIC_REPRESENTATION_CONTEXT(2) 
PARAMETRIC_REPRESENTATION_CONTEXT() REPRESENTATION_CONTEXT('2D SPACE',''
  ) );
#924 = PCURVE('',#241,#925);
#925 = DEFINITIONAL_REPRESENTATION('',(#926),#930);
#926 = LINE('',#927,#928);
#927 = CARTESIAN_POINT('',(0.,3.14159265359));
#928 = VECTOR('',#929,1.);
#929 = DIRECTION('',(1.,0.));
#930 = ( GEOMETRIC_REPRESENTATION_CONTEXT(2) 
PARAMETRIC_REPRESENTATION_CONTEXT() REPRESENTATION_CONTEXT('2D SPACE',''
  ) );
#931 = ORIENTED_EDGE('',*,*,#932,.F.);
#932 = EDGE_CURVE('',#933,#909,#935,.T.);
#933 = VERTEX_POINT('',#934);
#934 = CARTESIAN_POINT('',(26.697965102083,-8.506732021489,-4.37));
#935 = SURFACE_CURVE('',#936,(#941,#948),.PCURVE_S1.);
#936 = CIRCLE('',#937,0.25);
#937 = AXIS2_PLACEMENT_3D('',#938,#939,#940);
#938 = CARTESIAN_POINT('',(26.466189784454,-8.444440752938,-4.3));
#939 = DIRECTION('',(0.259546952295,0.965730490124,-3.658519214112E-16)
  );
#940 = DIRECTION('',(-0.965730490124,0.259546952295,-4.238665850285E-18)
  );
#941 = PCURVE('',#862,#942);
#942 = DEFINITIONAL_REPRESENTATION('',(#943),#947);
#943 = LINE('',#944,#945);
#944 = CARTESIAN_POINT('',(1.570796326795,7.853981633974));
#945 = VECTOR('',#946,1.);
#946 = DIRECTION('',(1.38022826622E-15,-1.));
#947 = ( GEOMETRIC_REPRESENTATION_CONTEXT(2) 
PARAMETRIC_REPRESENTATION_CONTEXT() REPRESENTATION_CONTEXT('2D SPACE',''
  ) );
#948 = PCURVE('',#949,#954);
#949 = CYLINDRICAL_SURFACE('',#950,0.25);
#950 = AXIS2_PLACEMENT_3D('',#951,#952,#953);
#951 = CARTESIAN_POINT('',(26.466189784454,-8.444440752938,-4.3));
#952 = DIRECTION('',(0.259546952295,0.965730490124,-4.564996783438E-16)
  );
#953 = DIRECTION('',(-1.143896913886E-16,-4.419557909115E-16,-1.));
#954 = DEFINITIONAL_REPRESENTATION('',(#955),#959);
#955 = LINE('',#956,#957);
#956 = CARTESIAN_POINT('',(1.570796326795,-3.252086236074E-15));
#957 = VECTOR('',#958,1.);
#958 = DIRECTION('',(1.,6.901141331098E-16));
#959 = ( GEOMETRIC_REPRESENTATION_CONTEXT(2) 
PARAMETRIC_REPRESENTATION_CONTEXT() REPRESENTATION_CONTEXT('2D SPACE',''
  ) );
#960 = ORIENTED_EDGE('',*,*,#961,.T.);
#961 = EDGE_CURVE('',#933,#851,#962,.T.);
#962 = SURFACE_CURVE('',#963,(#968,#975),.PCURVE_S1.);
#963 = CIRCLE('',#964,0.63);
#964 = AXIS2_PLACEMENT_3D('',#965,#966,#967);
#965 = CARTESIAN_POINT('',(26.697965102083,-8.506732021489,-5.));
#966 = DIRECTION('',(0.965730490124,-0.259546952295,4.238665850285E-18)
  );
#967 = DIRECTION('',(0.259546952295,0.965730490124,-1.192240047878E-16)
  );
#968 = PCURVE('',#862,#969);
#969 = DEFINITIONAL_REPRESENTATION('',(#970),#974);
#970 = LINE('',#971,#972);
#971 = CARTESIAN_POINT('',(3.14159265359,4.428594871176));
#972 = VECTOR('',#973,1.);
#973 = DIRECTION('',(-1.,-2.261727773485E-15));
#974 = ( GEOMETRIC_REPRESENTATION_CONTEXT(2) 
PARAMETRIC_REPRESENTATION_CONTEXT() REPRESENTATION_CONTEXT('2D SPACE',''
  ) );
#975 = PCURVE('',#976,#981);
#976 = TOROIDAL_SURFACE('',#977,0.7,0.25);
#977 = AXIS2_PLACEMENT_3D('',#978,#979,#980);
#978 = CARTESIAN_POINT('',(26.929740419713,-8.569023290039,-5.));
#979 = DIRECTION('',(-0.965730490124,0.259546952295,-4.238665850285E-18)
  );
#980 = DIRECTION('',(-0.259546952295,-0.965730490124,1.192240047878E-16)
  );
#981 = DEFINITIONAL_REPRESENTATION('',(#982),#986);
#982 = LINE('',#983,#984);
#983 = CARTESIAN_POINT('',(3.14159265359,1.854590436003));
#984 = VECTOR('',#985,1.);
#985 = DIRECTION('',(-1.,-4.664813532813E-15));
#986 = ( GEOMETRIC_REPRESENTATION_CONTEXT(2) 
PARAMETRIC_REPRESENTATION_CONTEXT() REPRESENTATION_CONTEXT('2D SPACE',''
  ) );
#987 = ADVANCED_FACE('',(#988),#1003,.T.);
#988 = FACE_BOUND('',#989,.T.);
#989 = EDGE_LOOP('',(#990,#1026,#1050,#1074));
#990 = ORIENTED_EDGE('',*,*,#991,.T.);
#991 = EDGE_CURVE('',#992,#994,#996,.T.);
#992 = VERTEX_POINT('',#993);
#993 = CARTESIAN_POINT('',(26.697965102083,-8.506732021489,-13.63));
#994 = VERTEX_POINT('',#995);
#995 = CARTESIAN_POINT('',(26.466189784454,-8.444440752938,-13.45));
#996 = SURFACE_CURVE('',#997,(#1002,#1014),.PCURVE_S1.);
#997 = CIRCLE('',#998,0.25);
#998 = AXIS2_PLACEMENT_3D('',#999,#1000,#1001);
#999 = CARTESIAN_POINT('',(26.466189784454,-8.444440752938,-13.7));
#1000 = DIRECTION('',(-0.259546952295,-0.965730490124,3.658519214112E-16
    ));
#1001 = DIRECTION('',(-0.965730490124,0.259546952295,-4.238665850284E-18
    ));
#1002 = PCURVE('',#1003,#1008);
#1003 = TOROIDAL_SURFACE('',#1004,0.7,0.25);
#1004 = AXIS2_PLACEMENT_3D('',#1005,#1006,#1007);
#1005 = CARTESIAN_POINT('',(26.466189784454,-8.444440752938,-13.));
#1006 = DIRECTION('',(-0.965730490124,0.259546952295,-4.238665850285E-18
    ));
#1007 = DIRECTION('',(-0.259546952295,-0.965730490124,1.192240047878E-16
    ));
#1008 = DEFINITIONAL_REPRESENTATION('',(#1009),#1013);
#1009 = LINE('',#1010,#1011);
#1010 = CARTESIAN_POINT('',(4.712388980385,7.853981633974));
#1011 = VECTOR('',#1012,1.);
#1012 = DIRECTION('',(0.,-1.));
#1013 = ( GEOMETRIC_REPRESENTATION_CONTEXT(2) 
PARAMETRIC_REPRESENTATION_CONTEXT() REPRESENTATION_CONTEXT('2D SPACE',''
  ) );
#1014 = PCURVE('',#1015,#1020);
#1015 = CYLINDRICAL_SURFACE('',#1016,0.25);
#1016 = AXIS2_PLACEMENT_3D('',#1017,#1018,#1019);
#1017 = CARTESIAN_POINT('',(27.133658900321,-5.960900604577,-13.7));
#1018 = DIRECTION('',(-0.259546952295,-0.965730490124,1.192240047878E-16
    ));
#1019 = DIRECTION('',(0.965730490124,-0.259546952295,4.238665850285E-18)
  );
#1020 = DEFINITIONAL_REPRESENTATION('',(#1021),#1025);
#1021 = LINE('',#1022,#1023);
#1022 = CARTESIAN_POINT('',(-3.14159265359,2.571670019493));
#1023 = VECTOR('',#1024,1.);
#1024 = DIRECTION('',(1.,0.));
#1025 = ( GEOMETRIC_REPRESENTATION_CONTEXT(2) 
PARAMETRIC_REPRESENTATION_CONTEXT() REPRESENTATION_CONTEXT('2D SPACE',''
  ) );
#1026 = ORIENTED_EDGE('',*,*,#1027,.T.);
#1027 = EDGE_CURVE('',#994,#1028,#1030,.T.);
#1028 = VERTEX_POINT('',#1029);
#1029 = CARTESIAN_POINT('',(26.349393655921,-8.879019473493,-13.));
#1030 = SURFACE_CURVE('',#1031,(#1036,#1043),.PCURVE_S1.);
#1031 = CIRCLE('',#1032,0.45);
#1032 = AXIS2_PLACEMENT_3D('',#1033,#1034,#1035);
#1033 = CARTESIAN_POINT('',(26.466189784454,-8.444440752938,-13.));
#1034 = DIRECTION('',(-0.965730490124,0.259546952295,-4.238665850285E-18
    ));
#1035 = DIRECTION('',(-0.259546952295,-0.965730490124,1.192240047878E-16
    ));
#1036 = PCURVE('',#1003,#1037);
#1037 = DEFINITIONAL_REPRESENTATION('',(#1038),#1042);
#1038 = LINE('',#1039,#1040);
#1039 = CARTESIAN_POINT('',(0.,3.14159265359));
#1040 = VECTOR('',#1041,1.);
#1041 = DIRECTION('',(1.,0.));
#1042 = ( GEOMETRIC_REPRESENTATION_CONTEXT(2) 
PARAMETRIC_REPRESENTATION_CONTEXT() REPRESENTATION_CONTEXT('2D SPACE',''
  ) );
#1043 = PCURVE('',#835,#1044);
#1044 = DEFINITIONAL_REPRESENTATION('',(#1045),#1049);
#1045 = LINE('',#1046,#1047);
#1046 = CARTESIAN_POINT('',(0.,3.14159265359));
#1047 = VECTOR('',#1048,1.);
#1048 = DIRECTION('',(1.,0.));
#1049 = ( GEOMETRIC_REPRESENTATION_CONTEXT(2) 
PARAMETRIC_REPRESENTATION_CONTEXT() REPRESENTATION_CONTEXT('2D SPACE',''
  ) );
#1050 = ORIENTED_EDGE('',*,*,#1051,.F.);
#1051 = EDGE_CURVE('',#1052,#1028,#1054,.T.);
#1052 = VERTEX_POINT('',#1053);
#1053 = CARTESIAN_POINT('',(26.534450522138,-9.115142230266,-13.));
#1054 = SURFACE_CURVE('',#1055,(#1060,#1067),.PCURVE_S1.);
#1055 = CIRCLE('',#1056,0.25);
#1056 = AXIS2_PLACEMENT_3D('',#1057,#1058,#1059);
#1057 = CARTESIAN_POINT('',(26.284506917847,-9.120452096024,-13.));
#1058 = DIRECTION('',(2.198264433489E-15,-3.24232415865E-16,1.));
#1059 = DIRECTION('',(-0.965730490124,0.259546952295,2.207084524148E-15)
  );
#1060 = PCURVE('',#1003,#1061);
#1061 = DEFINITIONAL_REPRESENTATION('',(#1062),#1066);
#1062 = LINE('',#1063,#1064);
#1063 = CARTESIAN_POINT('',(6.28318530718,7.853981633974));
#1064 = VECTOR('',#1065,1.);
#1065 = DIRECTION('',(0.,-1.));
#1066 = ( GEOMETRIC_REPRESENTATION_CONTEXT(2) 
PARAMETRIC_REPRESENTATION_CONTEXT() REPRESENTATION_CONTEXT('2D SPACE',''
  ) );
#1067 = PCURVE('',#896,#1068);
#1068 = DEFINITIONAL_REPRESENTATION('',(#1069),#1073);
#1069 = LINE('',#1070,#1071);
#1070 = CARTESIAN_POINT('',(1.570796326795,-4.878129354111E-15));
#1071 = VECTOR('',#1072,1.);
#1072 = DIRECTION('',(1.,1.035171199665E-15));
#1073 = ( GEOMETRIC_REPRESENTATION_CONTEXT(2) 
PARAMETRIC_REPRESENTATION_CONTEXT() REPRESENTATION_CONTEXT('2D SPACE',''
  ) );
#1074 = ORIENTED_EDGE('',*,*,#1075,.T.);
#1075 = EDGE_CURVE('',#1052,#992,#1076,.T.);
#1076 = SURFACE_CURVE('',#1077,(#1082,#1089),.PCURVE_S1.);
#1077 = CIRCLE('',#1078,0.63);
#1078 = AXIS2_PLACEMENT_3D('',#1079,#1080,#1081);
#1079 = CARTESIAN_POINT('',(26.697965102083,-8.506732021489,-13.));
#1080 = DIRECTION('',(0.965730490124,-0.259546952295,4.238665850285E-18)
  );
#1081 = DIRECTION('',(0.259546952295,0.965730490124,-1.192240047878E-16)
  );
#1082 = PCURVE('',#1003,#1083);
#1083 = DEFINITIONAL_REPRESENTATION('',(#1084),#1088);
#1084 = LINE('',#1085,#1086);
#1085 = CARTESIAN_POINT('',(9.424777960769,4.428594871176));
#1086 = VECTOR('',#1087,1.);
#1087 = DIRECTION('',(-1.,2.261727773485E-15));
#1088 = ( GEOMETRIC_REPRESENTATION_CONTEXT(2) 
PARAMETRIC_REPRESENTATION_CONTEXT() REPRESENTATION_CONTEXT('2D SPACE',''
  ) );
#1089 = PCURVE('',#1090,#1095);
#1090 = TOROIDAL_SURFACE('',#1091,0.7,0.25);
#1091 = AXIS2_PLACEMENT_3D('',#1092,#1093,#1094);
#1092 = CARTESIAN_POINT('',(26.929740419713,-8.569023290039,-13.));
#1093 = DIRECTION('',(-0.965730490124,0.259546952295,-4.238665850285E-18
    ));
#1094 = DIRECTION('',(-0.259546952295,-0.965730490124,1.192240047878E-16
    ));
#1095 = DEFINITIONAL_REPRESENTATION('',(#1096),#1100);
#1096 = LINE('',#1097,#1098);
#1097 = CARTESIAN_POINT('',(9.424777960769,1.854590436003));
#1098 = VECTOR('',#1099,1.);
#1099 = DIRECTION('',(-1.,4.664813532813E-15));
#1100 = ( GEOMETRIC_REPRESENTATION_CONTEXT(2) 
PARAMETRIC_REPRESENTATION_CONTEXT() REPRESENTATION_CONTEXT('2D SPACE',''
  ) );
#1101 = ADVANCED_FACE('',(#1102),#1117,.T.);
#1102 = FACE_BOUND('',#1103,.T.);
#1103 = EDGE_LOOP('',(#1104,#1135,#1159,#1188));
#1104 = ORIENTED_EDGE('',*,*,#1105,.T.);
#1105 = EDGE_CURVE('',#1106,#1108,#1110,.T.);
#1106 = VERTEX_POINT('',#1107);
#1107 = CARTESIAN_POINT('',(27.36543421795,-6.023191873127,-4.37));
#1108 = VERTEX_POINT('',#1109);
#1109 = CARTESIAN_POINT('',(27.133658900321,-5.960900604577,-4.55));
#1110 = SURFACE_CURVE('',#1111,(#1116,#1128),.PCURVE_S1.);
#1111 = CIRCLE('',#1112,0.25);
#1112 = AXIS2_PLACEMENT_3D('',#1113,#1114,#1115);
#1113 = CARTESIAN_POINT('',(27.133658900321,-5.960900604577,-4.3));
#1114 = DIRECTION('',(0.259546952295,0.965730490124,-7.031275949673E-16)
  );
#1115 = DIRECTION('',(-0.965730490124,0.259546952295,-4.238665850286E-18
    ));
#1116 = PCURVE('',#1117,#1122);
#1117 = TOROIDAL_SURFACE('',#1118,0.7,0.25);
#1118 = AXIS2_PLACEMENT_3D('',#1119,#1120,#1121);
#1119 = CARTESIAN_POINT('',(27.133658900321,-5.960900604577,-5.));
#1120 = DIRECTION('',(-0.965730490124,0.259546952295,-4.238665850285E-18
    ));
#1121 = DIRECTION('',(-0.259546952295,-0.965730490124,1.192240047878E-16
    ));
#1122 = DEFINITIONAL_REPRESENTATION('',(#1123),#1127);
#1123 = LINE('',#1124,#1125);
#1124 = CARTESIAN_POINT('',(1.570796326795,7.853981633974));
#1125 = VECTOR('',#1126,1.);
#1126 = DIRECTION('',(1.725285332774E-16,-1.));
#1127 = ( GEOMETRIC_REPRESENTATION_CONTEXT(2) 
PARAMETRIC_REPRESENTATION_CONTEXT() REPRESENTATION_CONTEXT('2D SPACE',''
  ) );
#1128 = PCURVE('',#949,#1129);
#1129 = DEFINITIONAL_REPRESENTATION('',(#1130),#1134);
#1130 = LINE('',#1131,#1132);
#1131 = CARTESIAN_POINT('',(1.570796326795,2.571670019493));
#1132 = VECTOR('',#1133,1.);
#1133 = DIRECTION('',(1.,6.901141331098E-16));
#1134 = ( GEOMETRIC_REPRESENTATION_CONTEXT(2) 
PARAMETRIC_REPRESENTATION_CONTEXT() REPRESENTATION_CONTEXT('2D SPACE',''
  ) );
#1135 = ORIENTED_EDGE('',*,*,#1136,.T.);
#1136 = EDGE_CURVE('',#1108,#1137,#1139,.T.);
#1137 = VERTEX_POINT('',#1138);
#1138 = CARTESIAN_POINT('',(27.250455028853,-5.526321884021,-5.));
#1139 = SURFACE_CURVE('',#1140,(#1145,#1152),.PCURVE_S1.);
#1140 = CIRCLE('',#1141,0.45);
#1141 = AXIS2_PLACEMENT_3D('',#1142,#1143,#1144);
#1142 = CARTESIAN_POINT('',(27.133658900321,-5.960900604577,-5.));
#1143 = DIRECTION('',(-0.965730490124,0.259546952295,-4.238665850285E-18
    ));
#1144 = DIRECTION('',(-0.259546952295,-0.965730490124,1.192240047878E-16
    ));
#1145 = PCURVE('',#1117,#1146);
#1146 = DEFINITIONAL_REPRESENTATION('',(#1147),#1151);
#1147 = LINE('',#1148,#1149);
#1148 = CARTESIAN_POINT('',(-2.22044604925E-16,3.14159265359));
#1149 = VECTOR('',#1150,1.);
#1150 = DIRECTION('',(1.,0.));
#1151 = ( GEOMETRIC_REPRESENTATION_CONTEXT(2) 
PARAMETRIC_REPRESENTATION_CONTEXT() REPRESENTATION_CONTEXT('2D SPACE',''
  ) );
#1152 = PCURVE('',#444,#1153);
#1153 = DEFINITIONAL_REPRESENTATION('',(#1154),#1158);
#1154 = LINE('',#1155,#1156);
#1155 = CARTESIAN_POINT('',(-2.22044604925E-16,3.14159265359));
#1156 = VECTOR('',#1157,1.);
#1157 = DIRECTION('',(1.,0.));
#1158 = ( GEOMETRIC_REPRESENTATION_CONTEXT(2) 
PARAMETRIC_REPRESENTATION_CONTEXT() REPRESENTATION_CONTEXT('2D SPACE',''
  ) );
#1159 = ORIENTED_EDGE('',*,*,#1160,.F.);
#1160 = EDGE_CURVE('',#1161,#1137,#1163,.T.);
#1161 = VERTEX_POINT('',#1162);
#1162 = CARTESIAN_POINT('',(27.528948797896,-5.414781664349,-5.));
#1163 = SURFACE_CURVE('',#1164,(#1169,#1176),.PCURVE_S1.);
#1164 = CIRCLE('',#1165,0.25);
#1165 = AXIS2_PLACEMENT_3D('',#1166,#1167,#1168);
#1166 = CARTESIAN_POINT('',(27.315341766927,-5.28488926149,-5.));
#1167 = DIRECTION('',(2.044679885754E-15,-9.283566826829E-16,-1.));
#1168 = DIRECTION('',(-0.965730490124,0.259546952295,-2.215561855848E-15
    ));
#1169 = PCURVE('',#1117,#1170);
#1170 = DEFINITIONAL_REPRESENTATION('',(#1171),#1175);
#1171 = LINE('',#1172,#1173);
#1172 = CARTESIAN_POINT('',(3.14159265359,7.853981633974));
#1173 = VECTOR('',#1174,1.);
#1174 = DIRECTION('',(1.035171199665E-15,-1.));
#1175 = ( GEOMETRIC_REPRESENTATION_CONTEXT(2) 
PARAMETRIC_REPRESENTATION_CONTEXT() REPRESENTATION_CONTEXT('2D SPACE',''
  ) );
#1176 = PCURVE('',#1177,#1182);
#1177 = CYLINDRICAL_SURFACE('',#1178,0.25);
#1178 = AXIS2_PLACEMENT_3D('',#1179,#1180,#1181);
#1179 = CARTESIAN_POINT('',(27.315341766927,-5.28488926149,-5.));
#1180 = DIRECTION('',(-1.278074975698E-17,-6.388603461007E-17,-1.));
#1181 = DIRECTION('',(-0.259546952295,-0.965730490124,6.50138961635E-17)
  );
#1182 = DEFINITIONAL_REPRESENTATION('',(#1183),#1187);
#1183 = LINE('',#1184,#1185);
#1184 = CARTESIAN_POINT('',(1.570796326795,-1.626043118037E-15));
#1185 = VECTOR('',#1186,1.);
#1186 = DIRECTION('',(1.,3.450570665549E-16));
#1187 = ( GEOMETRIC_REPRESENTATION_CONTEXT(2) 
PARAMETRIC_REPRESENTATION_CONTEXT() REPRESENTATION_CONTEXT('2D SPACE',''
  ) );
#1188 = ORIENTED_EDGE('',*,*,#1189,.T.);
#1189 = EDGE_CURVE('',#1161,#1106,#1190,.T.);
#1190 = SURFACE_CURVE('',#1191,(#1196,#1203),.PCURVE_S1.);
#1191 = CIRCLE('',#1192,0.63);
#1192 = AXIS2_PLACEMENT_3D('',#1193,#1194,#1195);
#1193 = CARTESIAN_POINT('',(27.36543421795,-6.023191873127,-5.));
#1194 = DIRECTION('',(0.965730490124,-0.259546952295,4.238665850285E-18)
  );
#1195 = DIRECTION('',(0.259546952295,0.965730490124,-1.192240047878E-16)
  );
#1196 = PCURVE('',#1117,#1197);
#1197 = DEFINITIONAL_REPRESENTATION('',(#1198),#1202);
#1198 = LINE('',#1199,#1200);
#1199 = CARTESIAN_POINT('',(3.14159265359,4.428594871176));
#1200 = VECTOR('',#1201,1.);
#1201 = DIRECTION('',(-1.,4.52345554697E-15));
#1202 = ( GEOMETRIC_REPRESENTATION_CONTEXT(2) 
PARAMETRIC_REPRESENTATION_CONTEXT() REPRESENTATION_CONTEXT('2D SPACE',''
  ) );
#1203 = PCURVE('',#1204,#1209);
#1204 = TOROIDAL_SURFACE('',#1205,0.7,0.25);
#1205 = AXIS2_PLACEMENT_3D('',#1206,#1207,#1208);
#1206 = CARTESIAN_POINT('',(27.59720953558,-6.085483141678,-5.));
#1207 = DIRECTION('',(-0.965730490124,0.259546952295,-4.238665850285E-18
    ));
#1208 = DIRECTION('',(-0.259546952295,-0.965730490124,1.192240047878E-16
    ));
#1209 = DEFINITIONAL_REPRESENTATION('',(#1210),#1214);
#1210 = LINE('',#1211,#1212);
#1211 = CARTESIAN_POINT('',(3.14159265359,1.854590436003));
#1212 = VECTOR('',#1213,1.);
#1213 = DIRECTION('',(-1.,2.120369787642E-15));
#1214 = ( GEOMETRIC_REPRESENTATION_CONTEXT(2) 
PARAMETRIC_REPRESENTATION_CONTEXT() REPRESENTATION_CONTEXT('2D SPACE',''
  ) );
#1215 = ADVANCED_FACE('',(#1216),#1231,.T.);
#1216 = FACE_BOUND('',#1217,.T.);
#1217 = EDGE_LOOP('',(#1218,#1249,#1273,#1297));
#1218 = ORIENTED_EDGE('',*,*,#1219,.T.);
#1219 = EDGE_CURVE('',#1220,#1222,#1224,.T.);
#1220 = VERTEX_POINT('',#1221);
#1221 = CARTESIAN_POINT('',(27.528948797896,-5.414781664349,-13.));
#1222 = VERTEX_POINT('',#1223);
#1223 = CARTESIAN_POINT('',(27.250455028853,-5.526321884021,-13.));
#1224 = SURFACE_CURVE('',#1225,(#1230,#1242),.PCURVE_S1.);
#1225 = CIRCLE('',#1226,0.25);
#1226 = AXIS2_PLACEMENT_3D('',#1227,#1228,#1229);
#1227 = CARTESIAN_POINT('',(27.315341766927,-5.28488926149,-13.));
#1228 = DIRECTION('',(2.058749954231E-15,-8.760043279116E-16,-1.));
#1229 = DIRECTION('',(-0.965730490124,0.259546952295,-2.215561855848E-15
    ));
#1230 = PCURVE('',#1231,#1236);
#1231 = TOROIDAL_SURFACE('',#1232,0.7,0.25);
#1232 = AXIS2_PLACEMENT_3D('',#1233,#1234,#1235);
#1233 = CARTESIAN_POINT('',(27.133658900321,-5.960900604577,-13.));
#1234 = DIRECTION('',(-0.965730490124,0.259546952295,-4.238665850285E-18
    ));
#1235 = DIRECTION('',(-0.259546952295,-0.965730490124,1.192240047878E-16
    ));
#1236 = DEFINITIONAL_REPRESENTATION('',(#1237),#1241);
#1237 = LINE('',#1238,#1239);
#1238 = CARTESIAN_POINT('',(3.14159265359,7.853981633974));
#1239 = VECTOR('',#1240,1.);
#1240 = DIRECTION('',(0.,-1.));
#1241 = ( GEOMETRIC_REPRESENTATION_CONTEXT(2) 
PARAMETRIC_REPRESENTATION_CONTEXT() REPRESENTATION_CONTEXT('2D SPACE',''
  ) );
#1242 = PCURVE('',#1177,#1243);
#1243 = DEFINITIONAL_REPRESENTATION('',(#1244),#1248);
#1244 = LINE('',#1245,#1246);
#1245 = CARTESIAN_POINT('',(1.570796326795,8.));
#1246 = VECTOR('',#1247,1.);
#1247 = DIRECTION('',(1.,6.901141331098E-16));
#1248 = ( GEOMETRIC_REPRESENTATION_CONTEXT(2) 
PARAMETRIC_REPRESENTATION_CONTEXT() REPRESENTATION_CONTEXT('2D SPACE',''
  ) );
#1249 = ORIENTED_EDGE('',*,*,#1250,.T.);
#1250 = EDGE_CURVE('',#1222,#1251,#1253,.T.);
#1251 = VERTEX_POINT('',#1252);
#1252 = CARTESIAN_POINT('',(27.133658900321,-5.960900604577,-13.45));
#1253 = SURFACE_CURVE('',#1254,(#1259,#1266),.PCURVE_S1.);
#1254 = CIRCLE('',#1255,0.45);
#1255 = AXIS2_PLACEMENT_3D('',#1256,#1257,#1258);
#1256 = CARTESIAN_POINT('',(27.133658900321,-5.960900604577,-13.));
#1257 = DIRECTION('',(-0.965730490124,0.259546952295,-4.238665850285E-18
    ));
#1258 = DIRECTION('',(-0.259546952295,-0.965730490124,1.192240047878E-16
    ));
#1259 = PCURVE('',#1231,#1260);
#1260 = DEFINITIONAL_REPRESENTATION('',(#1261),#1265);
#1261 = LINE('',#1262,#1263);
#1262 = CARTESIAN_POINT('',(0.,3.14159265359));
#1263 = VECTOR('',#1264,1.);
#1264 = DIRECTION('',(1.,-5.654319433713E-16));
#1265 = ( GEOMETRIC_REPRESENTATION_CONTEXT(2) 
PARAMETRIC_REPRESENTATION_CONTEXT() REPRESENTATION_CONTEXT('2D SPACE',''
  ) );
#1266 = PCURVE('',#642,#1267);
#1267 = DEFINITIONAL_REPRESENTATION('',(#1268),#1272);
#1268 = LINE('',#1269,#1270);
#1269 = CARTESIAN_POINT('',(0.,3.14159265359));
#1270 = VECTOR('',#1271,1.);
#1271 = DIRECTION('',(1.,-5.654319433713E-16));
#1272 = ( GEOMETRIC_REPRESENTATION_CONTEXT(2) 
PARAMETRIC_REPRESENTATION_CONTEXT() REPRESENTATION_CONTEXT('2D SPACE',''
  ) );
#1273 = ORIENTED_EDGE('',*,*,#1274,.F.);
#1274 = EDGE_CURVE('',#1275,#1251,#1277,.T.);
#1275 = VERTEX_POINT('',#1276);
#1276 = CARTESIAN_POINT('',(27.36543421795,-6.023191873127,-13.63));
#1277 = SURFACE_CURVE('',#1278,(#1283,#1290),.PCURVE_S1.);
#1278 = CIRCLE('',#1279,0.25);
#1279 = AXIS2_PLACEMENT_3D('',#1280,#1281,#1282);
#1280 = CARTESIAN_POINT('',(27.133658900321,-5.960900604577,-13.7));
#1281 = DIRECTION('',(-0.259546952295,-0.965730490124,5.607987212962E-17
    ));
#1282 = DIRECTION('',(-0.965730490124,0.259546952295,-4.238665850285E-18
    ));
#1283 = PCURVE('',#1231,#1284);
#1284 = DEFINITIONAL_REPRESENTATION('',(#1285),#1289);
#1285 = LINE('',#1286,#1287);
#1286 = CARTESIAN_POINT('',(4.712388980385,7.853981633974));
#1287 = VECTOR('',#1288,1.);
#1288 = DIRECTION('',(1.38022826622E-15,-1.));
#1289 = ( GEOMETRIC_REPRESENTATION_CONTEXT(2) 
PARAMETRIC_REPRESENTATION_CONTEXT() REPRESENTATION_CONTEXT('2D SPACE',''
  ) );
#1290 = PCURVE('',#1015,#1291);
#1291 = DEFINITIONAL_REPRESENTATION('',(#1292),#1296);
#1292 = LINE('',#1293,#1294);
#1293 = CARTESIAN_POINT('',(-3.14159265359,-1.475729396674E-15));
#1294 = VECTOR('',#1295,1.);
#1295 = DIRECTION('',(1.,6.901141331098E-16));
#1296 = ( GEOMETRIC_REPRESENTATION_CONTEXT(2) 
PARAMETRIC_REPRESENTATION_CONTEXT() REPRESENTATION_CONTEXT('2D SPACE',''
  ) );
#1297 = ORIENTED_EDGE('',*,*,#1298,.T.);
#1298 = EDGE_CURVE('',#1275,#1220,#1299,.T.);
#1299 = SURFACE_CURVE('',#1300,(#1305,#1312),.PCURVE_S1.);
#1300 = CIRCLE('',#1301,0.63);
#1301 = AXIS2_PLACEMENT_3D('',#1302,#1303,#1304);
#1302 = CARTESIAN_POINT('',(27.36543421795,-6.023191873127,-13.));
#1303 = DIRECTION('',(0.965730490124,-0.259546952295,4.238665850285E-18)
  );
#1304 = DIRECTION('',(0.259546952295,0.965730490124,-1.192240047878E-16)
  );
#1305 = PCURVE('',#1231,#1306);
#1306 = DEFINITIONAL_REPRESENTATION('',(#1307),#1311);
#1307 = LINE('',#1308,#1309);
#1308 = CARTESIAN_POINT('',(9.424777960769,4.428594871176));
#1309 = VECTOR('',#1310,1.);
#1310 = DIRECTION('',(-1.,-3.958023603599E-15));
#1311 = ( GEOMETRIC_REPRESENTATION_CONTEXT(2) 
PARAMETRIC_REPRESENTATION_CONTEXT() REPRESENTATION_CONTEXT('2D SPACE',''
  ) );
#1312 = PCURVE('',#1313,#1318);
#1313 = TOROIDAL_SURFACE('',#1314,0.7,0.25);
#1314 = AXIS2_PLACEMENT_3D('',#1315,#1316,#1317);
#1315 = CARTESIAN_POINT('',(27.59720953558,-6.085483141678,-13.));
#1316 = DIRECTION('',(-0.965730490124,0.259546952295,-4.238665850285E-18
    ));
#1317 = DIRECTION('',(-0.259546952295,-0.965730490124,1.192240047878E-16
    ));
#1318 = DEFINITIONAL_REPRESENTATION('',(#1319),#1323);
#1319 = LINE('',#1320,#1321);
#1320 = CARTESIAN_POINT('',(9.424777960769,1.854590436003));
#1321 = VECTOR('',#1322,1.);
#1322 = DIRECTION('',(-1.,-2.120369787642E-15));
#1323 = ( GEOMETRIC_REPRESENTATION_CONTEXT(2) 
PARAMETRIC_REPRESENTATION_CONTEXT() REPRESENTATION_CONTEXT('2D SPACE',''
  ) );
#1324 = ADVANCED_FACE('',(#1325),#1340,.T.);
#1325 = FACE_BOUND('',#1326,.T.);
#1326 = EDGE_LOOP('',(#1327,#1385,#1409,#1438));
#1327 = ORIENTED_EDGE('',*,*,#1328,.T.);
#1328 = EDGE_CURVE('',#1329,#1331,#1333,.T.);
#1329 = VERTEX_POINT('',#1330);
#1330 = CARTESIAN_POINT('',(26.998001157397,-9.239724767368,-5.));
#1331 = VERTEX_POINT('',#1332);
#1332 = CARTESIAN_POINT('',(26.81294429118,-9.003602010595,-5.));
#1333 = SURFACE_CURVE('',#1334,(#1339,#1373),.PCURVE_S1.);
#1334 = CIRCLE('',#1335,0.25);
#1335 = AXIS2_PLACEMENT_3D('',#1336,#1337,#1338);
#1336 = CARTESIAN_POINT('',(26.748057553107,-9.245034633126,-5.));
#1337 = DIRECTION('',(2.198264433489E-15,-3.24232415865E-16,1.));
#1338 = DIRECTION('',(-0.965730490124,0.259546952295,2.207084524148E-15)
  );
#1339 = PCURVE('',#1340,#1345);
#1340 = TOROIDAL_SURFACE('',#1341,0.7,0.25);
#1341 = AXIS2_PLACEMENT_3D('',#1342,#1343,#1344);
#1342 = CARTESIAN_POINT('',(26.929740419713,-8.569023290039,-5.));
#1343 = DIRECTION('',(-0.965730490124,0.259546952295,-4.238665850285E-18
    ));
#1344 = DIRECTION('',(-0.259546952295,-0.965730490124,1.192240047878E-16
    ));
#1345 = DEFINITIONAL_REPRESENTATION('',(#1346),#1372);
#1346 = B_SPLINE_CURVE_WITH_KNOTS('',3,(#1347,#1348,#1349,#1350,#1351,
    #1352,#1353,#1354,#1355,#1356,#1357,#1358,#1359,#1360,#1361,#1362,
    #1363,#1364,#1365,#1366,#1367,#1368,#1369,#1370,#1371),
  .UNSPECIFIED.,.F.,.F.,(4,1,1,1,1,1,1,1,1,1,1,1,1,1,1,1,1,1,1,1,1,1,4),
  (3.425386762798,3.483886863598,3.542386964397,3.600887065196,
    3.659387165996,3.717887266795,3.776387367594,3.834887468394,
    3.893387569193,3.951887669993,4.010387770792,4.068887871591,
    4.127387972391,4.18588807319,4.24438817399,4.302888274789,
    4.361388375588,4.419888476388,4.478388577187,4.536888677987,
    4.595388778786,4.653888879585,4.712388980385),
  .QUASI_UNIFORM_KNOTS.);
#1347 = CARTESIAN_POINT('',(0.,4.428594871176));
#1348 = CARTESIAN_POINT('',(0.,4.409094837577));
#1349 = CARTESIAN_POINT('',(-8.881784197001E-16,4.370094770377));
#1350 = CARTESIAN_POINT('',(-2.6645352591E-15,4.311594669578));
#1351 = CARTESIAN_POINT('',(-8.881784197001E-16,4.253094568778));
#1352 = CARTESIAN_POINT('',(-1.7763568394E-15,4.194594467979));
#1353 = CARTESIAN_POINT('',(-8.881784197001E-16,4.136094367179));
#1354 = CARTESIAN_POINT('',(-1.7763568394E-15,4.07759426638));
#1355 = CARTESIAN_POINT('',(-1.7763568394E-15,4.019094165581));
#1356 = CARTESIAN_POINT('',(-1.7763568394E-15,3.960594064781));
#1357 = CARTESIAN_POINT('',(-8.881784197001E-16,3.902093963982));
#1358 = CARTESIAN_POINT('',(-2.6645352591E-15,3.843593863182));
#1359 = CARTESIAN_POINT('',(-8.881784197001E-16,3.785093762383));
#1360 = CARTESIAN_POINT('',(8.881784197001E-16,3.726593661584));
#1361 = CARTESIAN_POINT('',(-8.881784197001E-16,3.668093560784));
#1362 = CARTESIAN_POINT('',(0.,3.609593459985));
#1363 = CARTESIAN_POINT('',(-8.881784197001E-16,3.551093359186));
#1364 = CARTESIAN_POINT('',(0.,3.492593258386));
#1365 = CARTESIAN_POINT('',(0.,3.434093157587));
#1366 = CARTESIAN_POINT('',(8.881784197001E-16,3.375593056787));
#1367 = CARTESIAN_POINT('',(0.,3.317092955988));
#1368 = CARTESIAN_POINT('',(0.,3.258592855189));
#1369 = CARTESIAN_POINT('',(8.881784197001E-16,3.200092754389));
#1370 = CARTESIAN_POINT('',(8.881784197001E-16,3.16109268719));
#1371 = CARTESIAN_POINT('',(0.,3.14159265359));
#1372 = ( GEOMETRIC_REPRESENTATION_CONTEXT(2) 
PARAMETRIC_REPRESENTATION_CONTEXT() REPRESENTATION_CONTEXT('2D SPACE',''
  ) );
#1373 = PCURVE('',#1374,#1379);
#1374 = CYLINDRICAL_SURFACE('',#1375,0.25);
#1375 = AXIS2_PLACEMENT_3D('',#1376,#1377,#1378);
#1376 = CARTESIAN_POINT('',(26.748057553107,-9.245034633126,-13.));
#1377 = DIRECTION('',(-1.28931872002E-18,1.153367983869E-17,1.));
#1378 = DIRECTION('',(0.259546952295,0.965730490124,-1.080378753923E-17)
  );
#1379 = DEFINITIONAL_REPRESENTATION('',(#1380),#1384);
#1380 = LINE('',#1381,#1382);
#1381 = CARTESIAN_POINT('',(1.570796326795,8.));
#1382 = VECTOR('',#1383,1.);
#1383 = DIRECTION('',(1.,6.901141331098E-16));
#1384 = ( GEOMETRIC_REPRESENTATION_CONTEXT(2) 
PARAMETRIC_REPRESENTATION_CONTEXT() REPRESENTATION_CONTEXT('2D SPACE',''
  ) );
#1385 = ORIENTED_EDGE('',*,*,#1386,.T.);
#1386 = EDGE_CURVE('',#1331,#1387,#1389,.T.);
#1387 = VERTEX_POINT('',#1388);
#1388 = CARTESIAN_POINT('',(26.929740419713,-8.569023290039,-4.55));
#1389 = SURFACE_CURVE('',#1390,(#1395,#1402),.PCURVE_S1.);
#1390 = CIRCLE('',#1391,0.45);
#1391 = AXIS2_PLACEMENT_3D('',#1392,#1393,#1394);
#1392 = CARTESIAN_POINT('',(26.929740419713,-8.569023290039,-5.));
#1393 = DIRECTION('',(-0.965730490124,0.259546952295,-4.238665850285E-18
    ));
#1394 = DIRECTION('',(-0.259546952295,-0.965730490124,1.192240047878E-16
    ));
#1395 = PCURVE('',#1340,#1396);
#1396 = DEFINITIONAL_REPRESENTATION('',(#1397),#1401);
#1397 = LINE('',#1398,#1399);
#1398 = CARTESIAN_POINT('',(0.,3.14159265359));
#1399 = VECTOR('',#1400,1.);
#1400 = DIRECTION('',(1.,0.));
#1401 = ( GEOMETRIC_REPRESENTATION_CONTEXT(2) 
PARAMETRIC_REPRESENTATION_CONTEXT() REPRESENTATION_CONTEXT('2D SPACE',''
  ) );
#1402 = PCURVE('',#976,#1403);
#1403 = DEFINITIONAL_REPRESENTATION('',(#1404),#1408);
#1404 = LINE('',#1405,#1406);
#1405 = CARTESIAN_POINT('',(0.,3.14159265359));
#1406 = VECTOR('',#1407,1.);
#1407 = DIRECTION('',(1.,0.));
#1408 = ( GEOMETRIC_REPRESENTATION_CONTEXT(2) 
PARAMETRIC_REPRESENTATION_CONTEXT() REPRESENTATION_CONTEXT('2D SPACE',''
  ) );
#1409 = ORIENTED_EDGE('',*,*,#1410,.F.);
#1410 = EDGE_CURVE('',#1411,#1387,#1413,.T.);
#1411 = VERTEX_POINT('',#1412);
#1412 = CARTESIAN_POINT('',(27.161515737343,-8.63131455859,-4.37));
#1413 = SURFACE_CURVE('',#1414,(#1419,#1426),.PCURVE_S1.);
#1414 = CIRCLE('',#1415,0.25);
#1415 = AXIS2_PLACEMENT_3D('',#1416,#1417,#1418);
#1416 = CARTESIAN_POINT('',(26.929740419713,-8.569023290039,-4.3));
#1417 = DIRECTION('',(0.259546952295,0.965730490124,-3.658519214112E-16)
  );
#1418 = DIRECTION('',(-0.965730490124,0.259546952295,-4.238665850285E-18
    ));
#1419 = PCURVE('',#1340,#1420);
#1420 = DEFINITIONAL_REPRESENTATION('',(#1421),#1425);
#1421 = LINE('',#1422,#1423);
#1422 = CARTESIAN_POINT('',(1.570796326795,7.853981633974));
#1423 = VECTOR('',#1424,1.);
#1424 = DIRECTION('',(0.,-1.));
#1425 = ( GEOMETRIC_REPRESENTATION_CONTEXT(2) 
PARAMETRIC_REPRESENTATION_CONTEXT() REPRESENTATION_CONTEXT('2D SPACE',''
  ) );
#1426 = PCURVE('',#1427,#1432);
#1427 = CYLINDRICAL_SURFACE('',#1428,0.25);
#1428 = AXIS2_PLACEMENT_3D('',#1429,#1430,#1431);
#1429 = CARTESIAN_POINT('',(26.929740419713,-8.569023290039,-4.3));
#1430 = DIRECTION('',(0.259546952295,0.965730490124,-4.564996783438E-16)
  );
#1431 = DIRECTION('',(-1.143896913886E-16,-4.419557909115E-16,-1.));
#1432 = DEFINITIONAL_REPRESENTATION('',(#1433),#1437);
#1433 = LINE('',#1434,#1435);
#1434 = CARTESIAN_POINT('',(1.570796326795,0.));
#1435 = VECTOR('',#1436,1.);
#1436 = DIRECTION('',(1.,0.));
#1437 = ( GEOMETRIC_REPRESENTATION_CONTEXT(2) 
PARAMETRIC_REPRESENTATION_CONTEXT() REPRESENTATION_CONTEXT('2D SPACE',''
  ) );
#1438 = ORIENTED_EDGE('',*,*,#1439,.T.);
#1439 = EDGE_CURVE('',#1411,#1329,#1440,.T.);
#1440 = SURFACE_CURVE('',#1441,(#1446,#1453),.PCURVE_S1.);
#1441 = CIRCLE('',#1442,0.63);
#1442 = AXIS2_PLACEMENT_3D('',#1443,#1444,#1445);
#1443 = CARTESIAN_POINT('',(27.161515737343,-8.63131455859,-5.));
#1444 = DIRECTION('',(0.965730490124,-0.259546952295,4.238665850285E-18)
  );
#1445 = DIRECTION('',(0.259546952295,0.965730490124,-1.192240047878E-16)
  );
#1446 = PCURVE('',#1340,#1447);
#1447 = DEFINITIONAL_REPRESENTATION('',(#1448),#1452);
#1448 = LINE('',#1449,#1450);
#1449 = CARTESIAN_POINT('',(3.14159265359,4.428594871176));
#1450 = VECTOR('',#1451,1.);
#1451 = DIRECTION('',(-1.,2.261727773485E-15));
#1452 = ( GEOMETRIC_REPRESENTATION_CONTEXT(2) 
PARAMETRIC_REPRESENTATION_CONTEXT() REPRESENTATION_CONTEXT('2D SPACE',''
  ) );
#1453 = PCURVE('',#1454,#1459);
#1454 = TOROIDAL_SURFACE('',#1455,0.7,0.25);
#1455 = AXIS2_PLACEMENT_3D('',#1456,#1457,#1458);
#1456 = CARTESIAN_POINT('',(27.393291054972,-8.693605827141,-5.));
#1457 = DIRECTION('',(-0.965730490124,0.259546952295,-4.238665850285E-18
    ));
#1458 = DIRECTION('',(-0.259546952295,-0.965730490124,1.192240047878E-16
    ));
#1459 = DEFINITIONAL_REPRESENTATION('',(#1460),#1464);
#1460 = LINE('',#1461,#1462);
#1461 = CARTESIAN_POINT('',(3.14159265359,1.854590436003));
#1462 = VECTOR('',#1463,1.);
#1463 = DIRECTION('',(-1.,2.544443745171E-15));
#1464 = ( GEOMETRIC_REPRESENTATION_CONTEXT(2) 
PARAMETRIC_REPRESENTATION_CONTEXT() REPRESENTATION_CONTEXT('2D SPACE',''
  ) );
#1465 = ADVANCED_FACE('',(#1466),#1481,.T.);
#1466 = FACE_BOUND('',#1467,.T.);
#1467 = EDGE_LOOP('',(#1468,#1504,#1528,#1552));
#1468 = ORIENTED_EDGE('',*,*,#1469,.T.);
#1469 = EDGE_CURVE('',#1470,#1472,#1474,.T.);
#1470 = VERTEX_POINT('',#1471);
#1471 = CARTESIAN_POINT('',(27.161515737343,-8.63131455859,-13.63));
#1472 = VERTEX_POINT('',#1473);
#1473 = CARTESIAN_POINT('',(26.929740419713,-8.569023290039,-13.45));
#1474 = SURFACE_CURVE('',#1475,(#1480,#1492),.PCURVE_S1.);
#1475 = CIRCLE('',#1476,0.25);
#1476 = AXIS2_PLACEMENT_3D('',#1477,#1478,#1479);
#1477 = CARTESIAN_POINT('',(26.929740419713,-8.569023290039,-13.7));
#1478 = DIRECTION('',(-0.259546952295,-0.965730490124,3.658519214112E-16
    ));
#1479 = DIRECTION('',(-0.965730490124,0.259546952295,-4.238665850284E-18
    ));
#1480 = PCURVE('',#1481,#1486);
#1481 = TOROIDAL_SURFACE('',#1482,0.7,0.25);
#1482 = AXIS2_PLACEMENT_3D('',#1483,#1484,#1485);
#1483 = CARTESIAN_POINT('',(26.929740419713,-8.569023290039,-13.));
#1484 = DIRECTION('',(-0.965730490124,0.259546952295,-4.238665850285E-18
    ));
#1485 = DIRECTION('',(-0.259546952295,-0.965730490124,1.192240047878E-16
    ));
#1486 = DEFINITIONAL_REPRESENTATION('',(#1487),#1491);
#1487 = LINE('',#1488,#1489);
#1488 = CARTESIAN_POINT('',(4.712388980385,7.853981633974));
#1489 = VECTOR('',#1490,1.);
#1490 = DIRECTION('',(1.38022826622E-15,-1.));
#1491 = ( GEOMETRIC_REPRESENTATION_CONTEXT(2) 
PARAMETRIC_REPRESENTATION_CONTEXT() REPRESENTATION_CONTEXT('2D SPACE',''
  ) );
#1492 = PCURVE('',#1493,#1498);
#1493 = CYLINDRICAL_SURFACE('',#1494,0.25);
#1494 = AXIS2_PLACEMENT_3D('',#1495,#1496,#1497);
#1495 = CARTESIAN_POINT('',(27.59720953558,-6.085483141678,-13.7));
#1496 = DIRECTION('',(-0.259546952295,-0.965730490124,1.192240047878E-16
    ));
#1497 = DIRECTION('',(0.965730490124,-0.259546952295,4.238665850285E-18)
  );
#1498 = DEFINITIONAL_REPRESENTATION('',(#1499),#1503);
#1499 = LINE('',#1500,#1501);
#1500 = CARTESIAN_POINT('',(-3.14159265359,2.571670019493));
#1501 = VECTOR('',#1502,1.);
#1502 = DIRECTION('',(1.,6.901141331098E-16));
#1503 = ( GEOMETRIC_REPRESENTATION_CONTEXT(2) 
PARAMETRIC_REPRESENTATION_CONTEXT() REPRESENTATION_CONTEXT('2D SPACE',''
  ) );
#1504 = ORIENTED_EDGE('',*,*,#1505,.T.);
#1505 = EDGE_CURVE('',#1472,#1506,#1508,.T.);
#1506 = VERTEX_POINT('',#1507);
#1507 = CARTESIAN_POINT('',(26.81294429118,-9.003602010595,-13.));
#1508 = SURFACE_CURVE('',#1509,(#1514,#1521),.PCURVE_S1.);
#1509 = CIRCLE('',#1510,0.45);
#1510 = AXIS2_PLACEMENT_3D('',#1511,#1512,#1513);
#1511 = CARTESIAN_POINT('',(26.929740419713,-8.569023290039,-13.));
#1512 = DIRECTION('',(-0.965730490124,0.259546952295,-4.238665850285E-18
    ));
#1513 = DIRECTION('',(-0.259546952295,-0.965730490124,1.192240047878E-16
    ));
#1514 = PCURVE('',#1481,#1515);
#1515 = DEFINITIONAL_REPRESENTATION('',(#1516),#1520);
#1516 = LINE('',#1517,#1518);
#1517 = CARTESIAN_POINT('',(0.,3.14159265359));
#1518 = VECTOR('',#1519,1.);
#1519 = DIRECTION('',(1.,2.827159716856E-16));
#1520 = ( GEOMETRIC_REPRESENTATION_CONTEXT(2) 
PARAMETRIC_REPRESENTATION_CONTEXT() REPRESENTATION_CONTEXT('2D SPACE',''
  ) );
#1521 = PCURVE('',#1090,#1522);
#1522 = DEFINITIONAL_REPRESENTATION('',(#1523),#1527);
#1523 = LINE('',#1524,#1525);
#1524 = CARTESIAN_POINT('',(0.,3.14159265359));
#1525 = VECTOR('',#1526,1.);
#1526 = DIRECTION('',(1.,2.827159716856E-16));
#1527 = ( GEOMETRIC_REPRESENTATION_CONTEXT(2) 
PARAMETRIC_REPRESENTATION_CONTEXT() REPRESENTATION_CONTEXT('2D SPACE',''
  ) );
#1528 = ORIENTED_EDGE('',*,*,#1529,.F.);
#1529 = EDGE_CURVE('',#1530,#1506,#1532,.T.);
#1530 = VERTEX_POINT('',#1531);
#1531 = CARTESIAN_POINT('',(26.998001157397,-9.239724767368,-13.));
#1532 = SURFACE_CURVE('',#1533,(#1538,#1545),.PCURVE_S1.);
#1533 = CIRCLE('',#1534,0.25);
#1534 = AXIS2_PLACEMENT_3D('',#1535,#1536,#1537);
#1535 = CARTESIAN_POINT('',(26.748057553107,-9.245034633126,-13.));
#1536 = DIRECTION('',(2.198264433489E-15,-3.24232415865E-16,1.));
#1537 = DIRECTION('',(-0.965730490124,0.259546952295,2.207084524148E-15)
  );
#1538 = PCURVE('',#1481,#1539);
#1539 = DEFINITIONAL_REPRESENTATION('',(#1540),#1544);
#1540 = LINE('',#1541,#1542);
#1541 = CARTESIAN_POINT('',(6.28318530718,7.853981633974));
#1542 = VECTOR('',#1543,1.);
#1543 = DIRECTION('',(0.,-1.));
#1544 = ( GEOMETRIC_REPRESENTATION_CONTEXT(2) 
PARAMETRIC_REPRESENTATION_CONTEXT() REPRESENTATION_CONTEXT('2D SPACE',''
  ) );
#1545 = PCURVE('',#1374,#1546);
#1546 = DEFINITIONAL_REPRESENTATION('',(#1547),#1551);
#1547 = LINE('',#1548,#1549);
#1548 = CARTESIAN_POINT('',(1.570796326795,-4.878129354111E-15));
#1549 = VECTOR('',#1550,1.);
#1550 = DIRECTION('',(1.,1.035171199665E-15));
#1551 = ( GEOMETRIC_REPRESENTATION_CONTEXT(2) 
PARAMETRIC_REPRESENTATION_CONTEXT() REPRESENTATION_CONTEXT('2D SPACE',''
  ) );
#1552 = ORIENTED_EDGE('',*,*,#1553,.T.);
#1553 = EDGE_CURVE('',#1530,#1470,#1554,.T.);
#1554 = SURFACE_CURVE('',#1555,(#1560,#1567),.PCURVE_S1.);
#1555 = CIRCLE('',#1556,0.63);
#1556 = AXIS2_PLACEMENT_3D('',#1557,#1558,#1559);
#1557 = CARTESIAN_POINT('',(27.161515737343,-8.63131455859,-13.));
#1558 = DIRECTION('',(0.965730490124,-0.259546952295,4.238665850285E-18)
  );
#1559 = DIRECTION('',(0.259546952295,0.965730490124,-1.192240047878E-16)
  );
#1560 = PCURVE('',#1481,#1561);
#1561 = DEFINITIONAL_REPRESENTATION('',(#1562),#1566);
#1562 = LINE('',#1563,#1564);
#1563 = CARTESIAN_POINT('',(9.424777960769,4.428594871176));
#1564 = VECTOR('',#1565,1.);
#1565 = DIRECTION('',(-1.,-2.827159716856E-15));
#1566 = ( GEOMETRIC_REPRESENTATION_CONTEXT(2) 
PARAMETRIC_REPRESENTATION_CONTEXT() REPRESENTATION_CONTEXT('2D SPACE',''
  ) );
#1567 = PCURVE('',#1568,#1573);
#1568 = TOROIDAL_SURFACE('',#1569,0.7,0.25);
#1569 = AXIS2_PLACEMENT_3D('',#1570,#1571,#1572);
#1570 = CARTESIAN_POINT('',(27.393291054972,-8.693605827141,-13.));
#1571 = DIRECTION('',(-0.965730490124,0.259546952295,-4.238665850285E-18
    ));
#1572 = DIRECTION('',(-0.259546952295,-0.965730490124,1.192240047878E-16
    ));
#1573 = DEFINITIONAL_REPRESENTATION('',(#1574),#1578);
#1574 = LINE('',#1575,#1576);
#1575 = CARTESIAN_POINT('',(9.424777960769,1.854590436003));
#1576 = VECTOR('',#1577,1.);
#1577 = DIRECTION('',(-1.,-2.544443745171E-15));
#1578 = ( GEOMETRIC_REPRESENTATION_CONTEXT(2) 
PARAMETRIC_REPRESENTATION_CONTEXT() REPRESENTATION_CONTEXT('2D SPACE',''
  ) );
#1579 = ADVANCED_FACE('',(#1580),#1595,.T.);
#1580 = FACE_BOUND('',#1581,.T.);
#1581 = EDGE_LOOP('',(#1582,#1613,#1637,#1666));
#1582 = ORIENTED_EDGE('',*,*,#1583,.T.);
#1583 = EDGE_CURVE('',#1584,#1586,#1588,.T.);
#1584 = VERTEX_POINT('',#1585);
#1585 = CARTESIAN_POINT('',(27.82898485321,-6.147774410229,-4.37));
#1586 = VERTEX_POINT('',#1587);
#1587 = CARTESIAN_POINT('',(27.59720953558,-6.085483141678,-4.55));
#1588 = SURFACE_CURVE('',#1589,(#1594,#1606),.PCURVE_S1.);
#1589 = CIRCLE('',#1590,0.25);
#1590 = AXIS2_PLACEMENT_3D('',#1591,#1592,#1593);
#1591 = CARTESIAN_POINT('',(27.59720953558,-6.085483141678,-4.3));
#1592 = DIRECTION('',(0.259546952295,0.965730490124,-7.031275949673E-16)
  );
#1593 = DIRECTION('',(-0.965730490124,0.259546952295,-4.238665850286E-18
    ));
#1594 = PCURVE('',#1595,#1600);
#1595 = TOROIDAL_SURFACE('',#1596,0.7,0.25);
#1596 = AXIS2_PLACEMENT_3D('',#1597,#1598,#1599);
#1597 = CARTESIAN_POINT('',(27.59720953558,-6.085483141678,-5.));
#1598 = DIRECTION('',(-0.965730490124,0.259546952295,-4.238665850285E-18
    ));
#1599 = DIRECTION('',(-0.259546952295,-0.965730490124,1.192240047878E-16
    ));
#1600 = DEFINITIONAL_REPRESENTATION('',(#1601),#1605);
#1601 = LINE('',#1602,#1603);
#1602 = CARTESIAN_POINT('',(1.570796326795,7.853981633974));
#1603 = VECTOR('',#1604,1.);
#1604 = DIRECTION('',(-1.207699732942E-15,-1.));
#1605 = ( GEOMETRIC_REPRESENTATION_CONTEXT(2) 
PARAMETRIC_REPRESENTATION_CONTEXT() REPRESENTATION_CONTEXT('2D SPACE',''
  ) );
#1606 = PCURVE('',#1427,#1607);
#1607 = DEFINITIONAL_REPRESENTATION('',(#1608),#1612);
#1608 = LINE('',#1609,#1610);
#1609 = CARTESIAN_POINT('',(1.570796326795,2.571670019493));
#1610 = VECTOR('',#1611,1.);
#1611 = DIRECTION('',(1.,-6.901141331098E-16));
#1612 = ( GEOMETRIC_REPRESENTATION_CONTEXT(2) 
PARAMETRIC_REPRESENTATION_CONTEXT() REPRESENTATION_CONTEXT('2D SPACE',''
  ) );
#1613 = ORIENTED_EDGE('',*,*,#1614,.T.);
#1614 = EDGE_CURVE('',#1586,#1615,#1617,.T.);
#1615 = VERTEX_POINT('',#1616);
#1616 = CARTESIAN_POINT('',(27.714005664113,-5.650904421122,-5.));
#1617 = SURFACE_CURVE('',#1618,(#1623,#1630),.PCURVE_S1.);
#1618 = CIRCLE('',#1619,0.45);
#1619 = AXIS2_PLACEMENT_3D('',#1620,#1621,#1622);
#1620 = CARTESIAN_POINT('',(27.59720953558,-6.085483141678,-5.));
#1621 = DIRECTION('',(-0.965730490124,0.259546952295,-4.238665850285E-18
    ));
#1622 = DIRECTION('',(-0.259546952295,-0.965730490124,1.192240047878E-16
    ));
#1623 = PCURVE('',#1595,#1624);
#1624 = DEFINITIONAL_REPRESENTATION('',(#1625),#1629);
#1625 = LINE('',#1626,#1627);
#1626 = CARTESIAN_POINT('',(0.,3.14159265359));
#1627 = VECTOR('',#1628,1.);
#1628 = DIRECTION('',(1.,0.));
#1629 = ( GEOMETRIC_REPRESENTATION_CONTEXT(2) 
PARAMETRIC_REPRESENTATION_CONTEXT() REPRESENTATION_CONTEXT('2D SPACE',''
  ) );
#1630 = PCURVE('',#1204,#1631);
#1631 = DEFINITIONAL_REPRESENTATION('',(#1632),#1636);
#1632 = LINE('',#1633,#1634);
#1633 = CARTESIAN_POINT('',(0.,3.14159265359));
#1634 = VECTOR('',#1635,1.);
#1635 = DIRECTION('',(1.,0.));
#1636 = ( GEOMETRIC_REPRESENTATION_CONTEXT(2) 
PARAMETRIC_REPRESENTATION_CONTEXT() REPRESENTATION_CONTEXT('2D SPACE',''
  ) );
#1637 = ORIENTED_EDGE('',*,*,#1638,.F.);
#1638 = EDGE_CURVE('',#1639,#1615,#1641,.T.);
#1639 = VERTEX_POINT('',#1640);
#1640 = CARTESIAN_POINT('',(27.992499433155,-5.539364201451,-5.));
#1641 = SURFACE_CURVE('',#1642,(#1647,#1654),.PCURVE_S1.);
#1642 = CIRCLE('',#1643,0.25);
#1643 = AXIS2_PLACEMENT_3D('',#1644,#1645,#1646);
#1644 = CARTESIAN_POINT('',(27.778892402186,-5.409471798591,-5.));
#1645 = DIRECTION('',(2.044679885754E-15,-9.283566826829E-16,-1.));
#1646 = DIRECTION('',(-0.965730490124,0.259546952295,-2.215561855848E-15
    ));
#1647 = PCURVE('',#1595,#1648);
#1648 = DEFINITIONAL_REPRESENTATION('',(#1649),#1653);
#1649 = LINE('',#1650,#1651);
#1650 = CARTESIAN_POINT('',(3.14159265359,7.853981633974));
#1651 = VECTOR('',#1652,1.);
#1652 = DIRECTION('',(1.035171199665E-15,-1.));
#1653 = ( GEOMETRIC_REPRESENTATION_CONTEXT(2) 
PARAMETRIC_REPRESENTATION_CONTEXT() REPRESENTATION_CONTEXT('2D SPACE',''
  ) );
#1654 = PCURVE('',#1655,#1660);
#1655 = CYLINDRICAL_SURFACE('',#1656,0.25);
#1656 = AXIS2_PLACEMENT_3D('',#1657,#1658,#1659);
#1657 = CARTESIAN_POINT('',(27.778892402186,-5.409471798591,-5.));
#1658 = DIRECTION('',(-1.278074975698E-17,-6.388603461007E-17,-1.));
#1659 = DIRECTION('',(-0.259546952295,-0.965730490124,6.50138961635E-17)
  );
#1660 = DEFINITIONAL_REPRESENTATION('',(#1661),#1665);
#1661 = LINE('',#1662,#1663);
#1662 = CARTESIAN_POINT('',(1.570796326795,-1.626043118037E-15));
#1663 = VECTOR('',#1664,1.);
#1664 = DIRECTION('',(1.,3.450570665549E-16));
#1665 = ( GEOMETRIC_REPRESENTATION_CONTEXT(2) 
PARAMETRIC_REPRESENTATION_CONTEXT() REPRESENTATION_CONTEXT('2D SPACE',''
  ) );
#1666 = ORIENTED_EDGE('',*,*,#1667,.T.);
#1667 = EDGE_CURVE('',#1639,#1584,#1668,.T.);
#1668 = SURFACE_CURVE('',#1669,(#1674,#1681),.PCURVE_S1.);
#1669 = CIRCLE('',#1670,0.63);
#1670 = AXIS2_PLACEMENT_3D('',#1671,#1672,#1673);
#1671 = CARTESIAN_POINT('',(27.82898485321,-6.147774410229,-5.));
#1672 = DIRECTION('',(0.965730490124,-0.259546952295,4.238665850285E-18)
  );
#1673 = DIRECTION('',(0.259546952295,0.965730490124,-1.192240047878E-16)
  );
#1674 = PCURVE('',#1595,#1675);
#1675 = DEFINITIONAL_REPRESENTATION('',(#1676),#1680);
#1676 = LINE('',#1677,#1678);
#1677 = CARTESIAN_POINT('',(3.14159265359,4.428594871176));
#1678 = VECTOR('',#1679,1.);
#1679 = DIRECTION('',(-1.,-1.357036664091E-14));
#1680 = ( GEOMETRIC_REPRESENTATION_CONTEXT(2) 
PARAMETRIC_REPRESENTATION_CONTEXT() REPRESENTATION_CONTEXT('2D SPACE',''
  ) );
#1681 = PCURVE('',#1682,#1687);
#1682 = TOROIDAL_SURFACE('',#1683,0.7,0.25);
#1683 = AXIS2_PLACEMENT_3D('',#1684,#1685,#1686);
#1684 = CARTESIAN_POINT('',(28.060760170839,-6.210065678779,-5.));
#1685 = DIRECTION('',(-0.965730490124,0.259546952295,-4.238665850285E-18
    ));
#1686 = DIRECTION('',(-0.259546952295,-0.965730490124,1.192240047878E-16
    ));
#1687 = DEFINITIONAL_REPRESENTATION('',(#1688),#1692);
#1688 = LINE('',#1689,#1690);
#1689 = CARTESIAN_POINT('',(3.14159265359,1.854590436003));
#1690 = VECTOR('',#1691,1.);
#1691 = DIRECTION('',(-1.,6.219751377084E-15));
#1692 = ( GEOMETRIC_REPRESENTATION_CONTEXT(2) 
PARAMETRIC_REPRESENTATION_CONTEXT() REPRESENTATION_CONTEXT('2D SPACE',''
  ) );
#1693 = ADVANCED_FACE('',(#1694),#1709,.T.);
#1694 = FACE_BOUND('',#1695,.T.);
#1695 = EDGE_LOOP('',(#1696,#1727,#1751,#1775));
#1696 = ORIENTED_EDGE('',*,*,#1697,.T.);
#1697 = EDGE_CURVE('',#1698,#1700,#1702,.T.);
#1698 = VERTEX_POINT('',#1699);
#1699 = CARTESIAN_POINT('',(27.992499433155,-5.539364201451,-13.));
#1700 = VERTEX_POINT('',#1701);
#1701 = CARTESIAN_POINT('',(27.714005664113,-5.650904421122,-13.));
#1702 = SURFACE_CURVE('',#1703,(#1708,#1720),.PCURVE_S1.);
#1703 = CIRCLE('',#1704,0.25);
#1704 = AXIS2_PLACEMENT_3D('',#1705,#1706,#1707);
#1705 = CARTESIAN_POINT('',(27.778892402186,-5.409471798591,-13.));
#1706 = DIRECTION('',(2.058749954231E-15,-8.760043279116E-16,-1.));
#1707 = DIRECTION('',(-0.965730490124,0.259546952295,-2.215561855848E-15
    ));
#1708 = PCURVE('',#1709,#1714);
#1709 = TOROIDAL_SURFACE('',#1710,0.7,0.25);
#1710 = AXIS2_PLACEMENT_3D('',#1711,#1712,#1713);
#1711 = CARTESIAN_POINT('',(27.59720953558,-6.085483141678,-13.));
#1712 = DIRECTION('',(-0.965730490124,0.259546952295,-4.238665850285E-18
    ));
#1713 = DIRECTION('',(-0.259546952295,-0.965730490124,1.192240047878E-16
    ));
#1714 = DEFINITIONAL_REPRESENTATION('',(#1715),#1719);
#1715 = LINE('',#1716,#1717);
#1716 = CARTESIAN_POINT('',(3.14159265359,7.853981633974));
#1717 = VECTOR('',#1718,1.);
#1718 = DIRECTION('',(0.,-1.));
#1719 = ( GEOMETRIC_REPRESENTATION_CONTEXT(2) 
PARAMETRIC_REPRESENTATION_CONTEXT() REPRESENTATION_CONTEXT('2D SPACE',''
  ) );
#1720 = PCURVE('',#1655,#1721);
#1721 = DEFINITIONAL_REPRESENTATION('',(#1722),#1726);
#1722 = LINE('',#1723,#1724);
#1723 = CARTESIAN_POINT('',(1.570796326795,8.));
#1724 = VECTOR('',#1725,1.);
#1725 = DIRECTION('',(1.,6.901141331098E-16));
#1726 = ( GEOMETRIC_REPRESENTATION_CONTEXT(2) 
PARAMETRIC_REPRESENTATION_CONTEXT() REPRESENTATION_CONTEXT('2D SPACE',''
  ) );
#1727 = ORIENTED_EDGE('',*,*,#1728,.T.);
#1728 = EDGE_CURVE('',#1700,#1729,#1731,.T.);
#1729 = VERTEX_POINT('',#1730);
#1730 = CARTESIAN_POINT('',(27.59720953558,-6.085483141678,-13.45));
#1731 = SURFACE_CURVE('',#1732,(#1737,#1744),.PCURVE_S1.);
#1732 = CIRCLE('',#1733,0.45);
#1733 = AXIS2_PLACEMENT_3D('',#1734,#1735,#1736);
#1734 = CARTESIAN_POINT('',(27.59720953558,-6.085483141678,-13.));
#1735 = DIRECTION('',(-0.965730490124,0.259546952295,-4.238665850285E-18
    ));
#1736 = DIRECTION('',(-0.259546952295,-0.965730490124,1.192240047878E-16
    ));
#1737 = PCURVE('',#1709,#1738);
#1738 = DEFINITIONAL_REPRESENTATION('',(#1739),#1743);
#1739 = LINE('',#1740,#1741);
#1740 = CARTESIAN_POINT('',(0.,3.14159265359));
#1741 = VECTOR('',#1742,1.);
#1742 = DIRECTION('',(1.,-2.827159716856E-16));
#1743 = ( GEOMETRIC_REPRESENTATION_CONTEXT(2) 
PARAMETRIC_REPRESENTATION_CONTEXT() REPRESENTATION_CONTEXT('2D SPACE',''
  ) );
#1744 = PCURVE('',#1313,#1745);
#1745 = DEFINITIONAL_REPRESENTATION('',(#1746),#1750);
#1746 = LINE('',#1747,#1748);
#1747 = CARTESIAN_POINT('',(0.,3.14159265359));
#1748 = VECTOR('',#1749,1.);
#1749 = DIRECTION('',(1.,-2.827159716856E-16));
#1750 = ( GEOMETRIC_REPRESENTATION_CONTEXT(2) 
PARAMETRIC_REPRESENTATION_CONTEXT() REPRESENTATION_CONTEXT('2D SPACE',''
  ) );
#1751 = ORIENTED_EDGE('',*,*,#1752,.F.);
#1752 = EDGE_CURVE('',#1753,#1729,#1755,.T.);
#1753 = VERTEX_POINT('',#1754);
#1754 = CARTESIAN_POINT('',(27.82898485321,-6.147774410229,-13.63));
#1755 = SURFACE_CURVE('',#1756,(#1761,#1768),.PCURVE_S1.);
#1756 = CIRCLE('',#1757,0.25);
#1757 = AXIS2_PLACEMENT_3D('',#1758,#1759,#1760);
#1758 = CARTESIAN_POINT('',(27.59720953558,-6.085483141678,-13.7));
#1759 = DIRECTION('',(-0.259546952295,-0.965730490124,5.607987212962E-17
    ));
#1760 = DIRECTION('',(-0.965730490124,0.259546952295,-4.238665850285E-18
    ));
#1761 = PCURVE('',#1709,#1762);
#1762 = DEFINITIONAL_REPRESENTATION('',(#1763),#1767);
#1763 = LINE('',#1764,#1765);
#1764 = CARTESIAN_POINT('',(4.712388980385,7.853981633974));
#1765 = VECTOR('',#1766,1.);
#1766 = DIRECTION('',(1.38022826622E-15,-1.));
#1767 = ( GEOMETRIC_REPRESENTATION_CONTEXT(2) 
PARAMETRIC_REPRESENTATION_CONTEXT() REPRESENTATION_CONTEXT('2D SPACE',''
  ) );
#1768 = PCURVE('',#1493,#1769);
#1769 = DEFINITIONAL_REPRESENTATION('',(#1770),#1774);
#1770 = LINE('',#1771,#1772);
#1771 = CARTESIAN_POINT('',(-3.14159265359,-1.475729396674E-15));
#1772 = VECTOR('',#1773,1.);
#1773 = DIRECTION('',(1.,6.901141331098E-16));
#1774 = ( GEOMETRIC_REPRESENTATION_CONTEXT(2) 
PARAMETRIC_REPRESENTATION_CONTEXT() REPRESENTATION_CONTEXT('2D SPACE',''
  ) );
#1775 = ORIENTED_EDGE('',*,*,#1776,.T.);
#1776 = EDGE_CURVE('',#1753,#1698,#1777,.T.);
#1777 = SURFACE_CURVE('',#1778,(#1783,#1790),.PCURVE_S1.);
#1778 = CIRCLE('',#1779,0.63);
#1779 = AXIS2_PLACEMENT_3D('',#1780,#1781,#1782);
#1780 = CARTESIAN_POINT('',(27.82898485321,-6.147774410229,-13.));
#1781 = DIRECTION('',(0.965730490124,-0.259546952295,4.238665850285E-18)
  );
#1782 = DIRECTION('',(0.259546952295,0.965730490124,-1.192240047878E-16)
  );
#1783 = PCURVE('',#1709,#1784);
#1784 = DEFINITIONAL_REPRESENTATION('',(#1785),#1789);
#1785 = LINE('',#1786,#1787);
#1786 = CARTESIAN_POINT('',(9.424777960769,4.428594871176));
#1787 = VECTOR('',#1788,1.);
#1788 = DIRECTION('',(-1.,1.300493469754E-14));
#1789 = ( GEOMETRIC_REPRESENTATION_CONTEXT(2) 
PARAMETRIC_REPRESENTATION_CONTEXT() REPRESENTATION_CONTEXT('2D SPACE',''
  ) );
#1790 = PCURVE('',#1791,#1796);
#1791 = TOROIDAL_SURFACE('',#1792,0.7,0.25);
#1792 = AXIS2_PLACEMENT_3D('',#1793,#1794,#1795);
#1793 = CARTESIAN_POINT('',(28.060760170839,-6.210065678779,-13.));
#1794 = DIRECTION('',(-0.965730490124,0.259546952295,-4.238665850285E-18
    ));
#1795 = DIRECTION('',(-0.259546952295,-0.965730490124,1.192240047878E-16
    ));
#1796 = DEFINITIONAL_REPRESENTATION('',(#1797),#1801);
#1797 = LINE('',#1798,#1799);
#1798 = CARTESIAN_POINT('',(9.424777960769,1.854590436003));
#1799 = VECTOR('',#1800,1.);
#1800 = DIRECTION('',(-1.,-6.078393391241E-15));
#1801 = ( GEOMETRIC_REPRESENTATION_CONTEXT(2) 
PARAMETRIC_REPRESENTATION_CONTEXT() REPRESENTATION_CONTEXT('2D SPACE',''
  ) );
#1802 = ADVANCED_FACE('',(#1803),#1818,.T.);
#1803 = FACE_BOUND('',#1804,.T.);
#1804 = EDGE_LOOP('',(#1805,#1863,#1887,#1916));
#1805 = ORIENTED_EDGE('',*,*,#1806,.T.);
#1806 = EDGE_CURVE('',#1807,#1809,#1811,.T.);
#1807 = VERTEX_POINT('',#1808);
#1808 = CARTESIAN_POINT('',(27.461551792656,-9.364307304469,-5.));
#1809 = VERTEX_POINT('',#1810);
#1810 = CARTESIAN_POINT('',(27.27649492644,-9.128184547696,-5.));
#1811 = SURFACE_CURVE('',#1812,(#1817,#1851),.PCURVE_S1.);
#1812 = CIRCLE('',#1813,0.25);
#1813 = AXIS2_PLACEMENT_3D('',#1814,#1815,#1816);
#1814 = CARTESIAN_POINT('',(27.211608188366,-9.369617170227,-5.));
#1815 = DIRECTION('',(2.198264433489E-15,-3.24232415865E-16,1.));
#1816 = DIRECTION('',(-0.965730490124,0.259546952295,2.207084524148E-15)
  );
#1817 = PCURVE('',#1818,#1823);
#1818 = TOROIDAL_SURFACE('',#1819,0.7,0.25);
#1819 = AXIS2_PLACEMENT_3D('',#1820,#1821,#1822);
#1820 = CARTESIAN_POINT('',(27.393291054972,-8.693605827141,-5.));
#1821 = DIRECTION('',(-0.965730490124,0.259546952295,-4.238665850285E-18
    ));
#1822 = DIRECTION('',(-0.259546952295,-0.965730490124,1.192240047878E-16
    ));
#1823 = DEFINITIONAL_REPRESENTATION('',(#1824),#1850);
#1824 = B_SPLINE_CURVE_WITH_KNOTS('',3,(#1825,#1826,#1827,#1828,#1829,
    #1830,#1831,#1832,#1833,#1834,#1835,#1836,#1837,#1838,#1839,#1840,
    #1841,#1842,#1843,#1844,#1845,#1846,#1847,#1848,#1849),
  .UNSPECIFIED.,.F.,.F.,(4,1,1,1,1,1,1,1,1,1,1,1,1,1,1,1,1,1,1,1,1,1,4),
  (3.425386762798,3.483886863597,3.542386964397,3.600887065196,
    3.659387165996,3.717887266795,3.776387367594,3.834887468394,
    3.893387569193,3.951887669993,4.010387770792,4.068887871591,
    4.127387972391,4.18588807319,4.24438817399,4.302888274789,
    4.361388375588,4.419888476388,4.478388577187,4.536888677987,
    4.595388778786,4.653888879585,4.712388980385),
  .QUASI_UNIFORM_KNOTS.);
#1825 = CARTESIAN_POINT('',(0.,4.428594871176));
#1826 = CARTESIAN_POINT('',(0.,4.409094837577));
#1827 = CARTESIAN_POINT('',(-8.881784197001E-16,4.370094770377));
#1828 = CARTESIAN_POINT('',(-1.7763568394E-15,4.311594669578));
#1829 = CARTESIAN_POINT('',(-1.7763568394E-15,4.253094568778));
#1830 = CARTESIAN_POINT('',(-8.881784197001E-16,4.194594467979));
#1831 = CARTESIAN_POINT('',(-1.7763568394E-15,4.136094367179));
#1832 = CARTESIAN_POINT('',(-8.881784197001E-16,4.07759426638));
#1833 = CARTESIAN_POINT('',(-1.7763568394E-15,4.019094165581));
#1834 = CARTESIAN_POINT('',(-1.7763568394E-15,3.960594064781));
#1835 = CARTESIAN_POINT('',(8.881784197001E-16,3.902093963982));
#1836 = CARTESIAN_POINT('',(-8.881784197001E-16,3.843593863182));
#1837 = CARTESIAN_POINT('',(-8.881784197001E-16,3.785093762383));
#1838 = CARTESIAN_POINT('',(0.,3.726593661584));
#1839 = CARTESIAN_POINT('',(-8.881784197001E-16,3.668093560784));
#1840 = CARTESIAN_POINT('',(0.,3.609593459985));
#1841 = CARTESIAN_POINT('',(-8.881784197001E-16,3.551093359186));
#1842 = CARTESIAN_POINT('',(0.,3.492593258386));
#1843 = CARTESIAN_POINT('',(0.,3.434093157587));
#1844 = CARTESIAN_POINT('',(8.881784197001E-16,3.375593056787));
#1845 = CARTESIAN_POINT('',(0.,3.317092955988));
#1846 = CARTESIAN_POINT('',(0.,3.258592855189));
#1847 = CARTESIAN_POINT('',(8.881784197001E-16,3.200092754389));
#1848 = CARTESIAN_POINT('',(8.881784197001E-16,3.16109268719));
#1849 = CARTESIAN_POINT('',(0.,3.14159265359));
#1850 = ( GEOMETRIC_REPRESENTATION_CONTEXT(2) 
PARAMETRIC_REPRESENTATION_CONTEXT() REPRESENTATION_CONTEXT('2D SPACE',''
  ) );
#1851 = PCURVE('',#1852,#1857);
#1852 = CYLINDRICAL_SURFACE('',#1853,0.25);
#1853 = AXIS2_PLACEMENT_3D('',#1854,#1855,#1856);
#1854 = CARTESIAN_POINT('',(27.211608188366,-9.369617170227,-13.));
#1855 = DIRECTION('',(-1.28931872002E-18,1.153367983869E-17,1.));
#1856 = DIRECTION('',(0.259546952295,0.965730490124,-1.080378753923E-17)
  );
#1857 = DEFINITIONAL_REPRESENTATION('',(#1858),#1862);
#1858 = LINE('',#1859,#1860);
#1859 = CARTESIAN_POINT('',(1.570796326795,8.));
#1860 = VECTOR('',#1861,1.);
#1861 = DIRECTION('',(1.,6.901141331098E-16));
#1862 = ( GEOMETRIC_REPRESENTATION_CONTEXT(2) 
PARAMETRIC_REPRESENTATION_CONTEXT() REPRESENTATION_CONTEXT('2D SPACE',''
  ) );
#1863 = ORIENTED_EDGE('',*,*,#1864,.T.);
#1864 = EDGE_CURVE('',#1809,#1865,#1867,.T.);
#1865 = VERTEX_POINT('',#1866);
#1866 = CARTESIAN_POINT('',(27.393291054972,-8.693605827141,-4.55));
#1867 = SURFACE_CURVE('',#1868,(#1873,#1880),.PCURVE_S1.);
#1868 = CIRCLE('',#1869,0.45);
#1869 = AXIS2_PLACEMENT_3D('',#1870,#1871,#1872);
#1870 = CARTESIAN_POINT('',(27.393291054972,-8.693605827141,-5.));
#1871 = DIRECTION('',(-0.965730490124,0.259546952295,-4.238665850285E-18
    ));
#1872 = DIRECTION('',(-0.259546952295,-0.965730490124,1.192240047878E-16
    ));
#1873 = PCURVE('',#1818,#1874);
#1874 = DEFINITIONAL_REPRESENTATION('',(#1875),#1879);
#1875 = LINE('',#1876,#1877);
#1876 = CARTESIAN_POINT('',(0.,3.14159265359));
#1877 = VECTOR('',#1878,1.);
#1878 = DIRECTION('',(1.,-9.046911093941E-15));
#1879 = ( GEOMETRIC_REPRESENTATION_CONTEXT(2) 
PARAMETRIC_REPRESENTATION_CONTEXT() REPRESENTATION_CONTEXT('2D SPACE',''
  ) );
#1880 = PCURVE('',#1454,#1881);
#1881 = DEFINITIONAL_REPRESENTATION('',(#1882),#1886);
#1882 = LINE('',#1883,#1884);
#1883 = CARTESIAN_POINT('',(0.,3.14159265359));
#1884 = VECTOR('',#1885,1.);
#1885 = DIRECTION('',(1.,-9.046911093941E-15));
#1886 = ( GEOMETRIC_REPRESENTATION_CONTEXT(2) 
PARAMETRIC_REPRESENTATION_CONTEXT() REPRESENTATION_CONTEXT('2D SPACE',''
  ) );
#1887 = ORIENTED_EDGE('',*,*,#1888,.F.);
#1888 = EDGE_CURVE('',#1889,#1865,#1891,.T.);
#1889 = VERTEX_POINT('',#1890);
#1890 = CARTESIAN_POINT('',(27.625066372602,-8.755897095691,-4.37));
#1891 = SURFACE_CURVE('',#1892,(#1897,#1904),.PCURVE_S1.);
#1892 = CIRCLE('',#1893,0.25);
#1893 = AXIS2_PLACEMENT_3D('',#1894,#1895,#1896);
#1894 = CARTESIAN_POINT('',(27.393291054972,-8.693605827141,-4.3));
#1895 = DIRECTION('',(0.259546952295,0.965730490124,-3.658519214112E-16)
  );
#1896 = DIRECTION('',(-0.965730490124,0.259546952295,-4.238665850285E-18
    ));
#1897 = PCURVE('',#1818,#1898);
#1898 = DEFINITIONAL_REPRESENTATION('',(#1899),#1903);
#1899 = LINE('',#1900,#1901);
#1900 = CARTESIAN_POINT('',(1.570796326795,7.853981633974));
#1901 = VECTOR('',#1902,1.);
#1902 = DIRECTION('',(0.,-1.));
#1903 = ( GEOMETRIC_REPRESENTATION_CONTEXT(2) 
PARAMETRIC_REPRESENTATION_CONTEXT() REPRESENTATION_CONTEXT('2D SPACE',''
  ) );
#1904 = PCURVE('',#1905,#1910);
#1905 = CYLINDRICAL_SURFACE('',#1906,0.25);
#1906 = AXIS2_PLACEMENT_3D('',#1907,#1908,#1909);
#1907 = CARTESIAN_POINT('',(27.393291054972,-8.693605827141,-4.3));
#1908 = DIRECTION('',(0.259546952295,0.965730490124,-4.564996783438E-16)
  );
#1909 = DIRECTION('',(-1.143896913886E-16,-4.419557909115E-16,-1.));
#1910 = DEFINITIONAL_REPRESENTATION('',(#1911),#1915);
#1911 = LINE('',#1912,#1913);
#1912 = CARTESIAN_POINT('',(1.570796326795,0.));
#1913 = VECTOR('',#1914,1.);
#1914 = DIRECTION('',(1.,0.));
#1915 = ( GEOMETRIC_REPRESENTATION_CONTEXT(2) 
PARAMETRIC_REPRESENTATION_CONTEXT() REPRESENTATION_CONTEXT('2D SPACE',''
  ) );
#1916 = ORIENTED_EDGE('',*,*,#1917,.T.);
#1917 = EDGE_CURVE('',#1889,#1807,#1918,.T.);
#1918 = SURFACE_CURVE('',#1919,(#1924,#1931),.PCURVE_S1.);
#1919 = CIRCLE('',#1920,0.63);
#1920 = AXIS2_PLACEMENT_3D('',#1921,#1922,#1923);
#1921 = CARTESIAN_POINT('',(27.625066372602,-8.755897095691,-5.));
#1922 = DIRECTION('',(0.965730490124,-0.259546952295,4.238665850285E-18)
  );
#1923 = DIRECTION('',(0.259546952295,0.965730490124,-1.192240047878E-16)
  );
#1924 = PCURVE('',#1818,#1925);
#1925 = DEFINITIONAL_REPRESENTATION('',(#1926),#1930);
#1926 = LINE('',#1927,#1928);
#1927 = CARTESIAN_POINT('',(3.14159265359,4.428594871176));
#1928 = VECTOR('',#1929,1.);
#1929 = DIRECTION('',(-1.,2.827159716856E-15));
#1930 = ( GEOMETRIC_REPRESENTATION_CONTEXT(2) 
PARAMETRIC_REPRESENTATION_CONTEXT() REPRESENTATION_CONTEXT('2D SPACE',''
  ) );
#1931 = PCURVE('',#1932,#1937);
#1932 = TOROIDAL_SURFACE('',#1933,0.7,0.25);
#1933 = AXIS2_PLACEMENT_3D('',#1934,#1935,#1936);
#1934 = CARTESIAN_POINT('',(27.856841690232,-8.818188364242,-5.));
#1935 = DIRECTION('',(-0.965730490124,0.259546952295,-4.238665850285E-18
    ));
#1936 = DIRECTION('',(-0.259546952295,-0.965730490124,1.192240047878E-16
    ));
#1937 = DEFINITIONAL_REPRESENTATION('',(#1938),#1942);
#1938 = LINE('',#1939,#1940);
#1939 = CARTESIAN_POINT('',(3.14159265359,1.854590436003));
#1940 = VECTOR('',#1941,1.);
#1941 = DIRECTION('',(-1.,2.544443745171E-15));
#1942 = ( GEOMETRIC_REPRESENTATION_CONTEXT(2) 
PARAMETRIC_REPRESENTATION_CONTEXT() REPRESENTATION_CONTEXT('2D SPACE',''
  ) );
#1943 = ADVANCED_FACE('',(#1944),#1959,.T.);
#1944 = FACE_BOUND('',#1945,.T.);
#1945 = EDGE_LOOP('',(#1946,#1982,#2006,#2030));
#1946 = ORIENTED_EDGE('',*,*,#1947,.T.);
#1947 = EDGE_CURVE('',#1948,#1950,#1952,.T.);
#1948 = VERTEX_POINT('',#1949);
#1949 = CARTESIAN_POINT('',(27.625066372602,-8.755897095691,-13.63));
#1950 = VERTEX_POINT('',#1951);
#1951 = CARTESIAN_POINT('',(27.393291054972,-8.693605827141,-13.45));
#1952 = SURFACE_CURVE('',#1953,(#1958,#1970),.PCURVE_S1.);
#1953 = CIRCLE('',#1954,0.25);
#1954 = AXIS2_PLACEMENT_3D('',#1955,#1956,#1957);
#1955 = CARTESIAN_POINT('',(27.393291054972,-8.693605827141,-13.7));
#1956 = DIRECTION('',(-0.259546952295,-0.965730490124,3.658519214112E-16
    ));
#1957 = DIRECTION('',(-0.965730490124,0.259546952295,-4.238665850284E-18
    ));
#1958 = PCURVE('',#1959,#1964);
#1959 = TOROIDAL_SURFACE('',#1960,0.7,0.25);
#1960 = AXIS2_PLACEMENT_3D('',#1961,#1962,#1963);
#1961 = CARTESIAN_POINT('',(27.393291054972,-8.693605827141,-13.));
#1962 = DIRECTION('',(-0.965730490124,0.259546952295,-4.238665850285E-18
    ));
#1963 = DIRECTION('',(-0.259546952295,-0.965730490124,1.192240047878E-16
    ));
#1964 = DEFINITIONAL_REPRESENTATION('',(#1965),#1969);
#1965 = LINE('',#1966,#1967);
#1966 = CARTESIAN_POINT('',(4.712388980385,7.853981633974));
#1967 = VECTOR('',#1968,1.);
#1968 = DIRECTION('',(1.38022826622E-15,-1.));
#1969 = ( GEOMETRIC_REPRESENTATION_CONTEXT(2) 
PARAMETRIC_REPRESENTATION_CONTEXT() REPRESENTATION_CONTEXT('2D SPACE',''
  ) );
#1970 = PCURVE('',#1971,#1976);
#1971 = CYLINDRICAL_SURFACE('',#1972,0.25);
#1972 = AXIS2_PLACEMENT_3D('',#1973,#1974,#1975);
#1973 = CARTESIAN_POINT('',(28.060760170839,-6.210065678779,-13.7));
#1974 = DIRECTION('',(-0.259546952295,-0.965730490124,1.192240047878E-16
    ));
#1975 = DIRECTION('',(0.965730490124,-0.259546952295,4.238665850285E-18)
  );
#1976 = DEFINITIONAL_REPRESENTATION('',(#1977),#1981);
#1977 = LINE('',#1978,#1979);
#1978 = CARTESIAN_POINT('',(-3.14159265359,2.571670019493));
#1979 = VECTOR('',#1980,1.);
#1980 = DIRECTION('',(1.,6.901141331098E-16));
#1981 = ( GEOMETRIC_REPRESENTATION_CONTEXT(2) 
PARAMETRIC_REPRESENTATION_CONTEXT() REPRESENTATION_CONTEXT('2D SPACE',''
  ) );
#1982 = ORIENTED_EDGE('',*,*,#1983,.T.);
#1983 = EDGE_CURVE('',#1950,#1984,#1986,.T.);
#1984 = VERTEX_POINT('',#1985);
#1985 = CARTESIAN_POINT('',(27.27649492644,-9.128184547696,-13.));
#1986 = SURFACE_CURVE('',#1987,(#1992,#1999),.PCURVE_S1.);
#1987 = CIRCLE('',#1988,0.45);
#1988 = AXIS2_PLACEMENT_3D('',#1989,#1990,#1991);
#1989 = CARTESIAN_POINT('',(27.393291054972,-8.693605827141,-13.));
#1990 = DIRECTION('',(-0.965730490124,0.259546952295,-4.238665850285E-18
    ));
#1991 = DIRECTION('',(-0.259546952295,-0.965730490124,1.192240047878E-16
    ));
#1992 = PCURVE('',#1959,#1993);
#1993 = DEFINITIONAL_REPRESENTATION('',(#1994),#1998);
#1994 = LINE('',#1995,#1996);
#1995 = CARTESIAN_POINT('',(0.,3.14159265359));
#1996 = VECTOR('',#1997,1.);
#1997 = DIRECTION('',(1.,9.329627065626E-15));
#1998 = ( GEOMETRIC_REPRESENTATION_CONTEXT(2) 
PARAMETRIC_REPRESENTATION_CONTEXT() REPRESENTATION_CONTEXT('2D SPACE',''
  ) );
#1999 = PCURVE('',#1568,#2000);
#2000 = DEFINITIONAL_REPRESENTATION('',(#2001),#2005);
#2001 = LINE('',#2002,#2003);
#2002 = CARTESIAN_POINT('',(0.,3.14159265359));
#2003 = VECTOR('',#2004,1.);
#2004 = DIRECTION('',(1.,9.329627065626E-15));
#2005 = ( GEOMETRIC_REPRESENTATION_CONTEXT(2) 
PARAMETRIC_REPRESENTATION_CONTEXT() REPRESENTATION_CONTEXT('2D SPACE',''
  ) );
#2006 = ORIENTED_EDGE('',*,*,#2007,.F.);
#2007 = EDGE_CURVE('',#2008,#1984,#2010,.T.);
#2008 = VERTEX_POINT('',#2009);
#2009 = CARTESIAN_POINT('',(27.461551792656,-9.364307304469,-13.));
#2010 = SURFACE_CURVE('',#2011,(#2016,#2023),.PCURVE_S1.);
#2011 = CIRCLE('',#2012,0.25);
#2012 = AXIS2_PLACEMENT_3D('',#2013,#2014,#2015);
#2013 = CARTESIAN_POINT('',(27.211608188366,-9.369617170227,-13.));
#2014 = DIRECTION('',(2.198264433489E-15,-3.24232415865E-16,1.));
#2015 = DIRECTION('',(-0.965730490124,0.259546952295,2.207084524148E-15)
  );
#2016 = PCURVE('',#1959,#2017);
#2017 = DEFINITIONAL_REPRESENTATION('',(#2018),#2022);
#2018 = LINE('',#2019,#2020);
#2019 = CARTESIAN_POINT('',(6.28318530718,7.853981633974));
#2020 = VECTOR('',#2021,1.);
#2021 = DIRECTION('',(0.,-1.));
#2022 = ( GEOMETRIC_REPRESENTATION_CONTEXT(2) 
PARAMETRIC_REPRESENTATION_CONTEXT() REPRESENTATION_CONTEXT('2D SPACE',''
  ) );
#2023 = PCURVE('',#1852,#2024);
#2024 = DEFINITIONAL_REPRESENTATION('',(#2025),#2029);
#2025 = LINE('',#2026,#2027);
#2026 = CARTESIAN_POINT('',(1.570796326795,-4.878129354111E-15));
#2027 = VECTOR('',#2028,1.);
#2028 = DIRECTION('',(1.,1.035171199665E-15));
#2029 = ( GEOMETRIC_REPRESENTATION_CONTEXT(2) 
PARAMETRIC_REPRESENTATION_CONTEXT() REPRESENTATION_CONTEXT('2D SPACE',''
  ) );
#2030 = ORIENTED_EDGE('',*,*,#2031,.T.);
#2031 = EDGE_CURVE('',#2008,#1948,#2032,.T.);
#2032 = SURFACE_CURVE('',#2033,(#2038,#2045),.PCURVE_S1.);
#2033 = CIRCLE('',#2034,0.63);
#2034 = AXIS2_PLACEMENT_3D('',#2035,#2036,#2037);
#2035 = CARTESIAN_POINT('',(27.625066372602,-8.755897095691,-13.));
#2036 = DIRECTION('',(0.965730490124,-0.259546952295,4.238665850285E-18)
  );
#2037 = DIRECTION('',(0.259546952295,0.965730490124,-1.192240047878E-16)
  );
#2038 = PCURVE('',#1959,#2039);
#2039 = DEFINITIONAL_REPRESENTATION('',(#2040),#2044);
#2040 = LINE('',#2041,#2042);
#2041 = CARTESIAN_POINT('',(9.424777960769,4.428594871176));
#2042 = VECTOR('',#2043,1.);
#2043 = DIRECTION('',(-1.,-2.261727773485E-15));
#2044 = ( GEOMETRIC_REPRESENTATION_CONTEXT(2) 
PARAMETRIC_REPRESENTATION_CONTEXT() REPRESENTATION_CONTEXT('2D SPACE',''
  ) );
#2045 = PCURVE('',#2046,#2051);
#2046 = TOROIDAL_SURFACE('',#2047,0.7,0.25);
#2047 = AXIS2_PLACEMENT_3D('',#2048,#2049,#2050);
#2048 = CARTESIAN_POINT('',(27.856841690232,-8.818188364242,-13.));
#2049 = DIRECTION('',(-0.965730490124,0.259546952295,-4.238665850285E-18
    ));
#2050 = DIRECTION('',(-0.259546952295,-0.965730490124,1.192240047878E-16
    ));
#2051 = DEFINITIONAL_REPRESENTATION('',(#2052),#2056);
#2052 = LINE('',#2053,#2054);
#2053 = CARTESIAN_POINT('',(9.424777960769,1.854590436003));
#2054 = VECTOR('',#2055,1.);
#2055 = DIRECTION('',(-1.,-2.544443745171E-15));
#2056 = ( GEOMETRIC_REPRESENTATION_CONTEXT(2) 
PARAMETRIC_REPRESENTATION_CONTEXT() REPRESENTATION_CONTEXT('2D SPACE',''
  ) );
#2057 = ADVANCED_FACE('',(#2058),#2073,.T.);
#2058 = FACE_BOUND('',#2059,.T.);
#2059 = EDGE_LOOP('',(#2060,#2091,#2115,#2144));
#2060 = ORIENTED_EDGE('',*,*,#2061,.T.);
#2061 = EDGE_CURVE('',#2062,#2064,#2066,.T.);
#2062 = VERTEX_POINT('',#2063);
#2063 = CARTESIAN_POINT('',(28.292535488469,-6.27235694733,-4.37));
#2064 = VERTEX_POINT('',#2065);
#2065 = CARTESIAN_POINT('',(28.060760170839,-6.210065678779,-4.55));
#2066 = SURFACE_CURVE('',#2067,(#2072,#2084),.PCURVE_S1.);
#2067 = CIRCLE('',#2068,0.25);
#2068 = AXIS2_PLACEMENT_3D('',#2069,#2070,#2071);
#2069 = CARTESIAN_POINT('',(28.060760170839,-6.210065678779,-4.3));
#2070 = DIRECTION('',(0.259546952295,0.965730490124,-7.031275949673E-16)
  );
#2071 = DIRECTION('',(-0.965730490124,0.259546952295,-4.238665850286E-18
    ));
#2072 = PCURVE('',#2073,#2078);
#2073 = TOROIDAL_SURFACE('',#2074,0.7,0.25);
#2074 = AXIS2_PLACEMENT_3D('',#2075,#2076,#2077);
#2075 = CARTESIAN_POINT('',(28.060760170839,-6.210065678779,-5.));
#2076 = DIRECTION('',(-0.965730490124,0.259546952295,-4.238665850285E-18
    ));
#2077 = DIRECTION('',(-0.259546952295,-0.965730490124,1.192240047878E-16
    ));
#2078 = DEFINITIONAL_REPRESENTATION('',(#2079),#2083);
#2079 = LINE('',#2080,#2081);
#2080 = CARTESIAN_POINT('',(1.570796326795,7.853981633974));
#2081 = VECTOR('',#2082,1.);
#2082 = DIRECTION('',(-1.207699732942E-15,-1.));
#2083 = ( GEOMETRIC_REPRESENTATION_CONTEXT(2) 
PARAMETRIC_REPRESENTATION_CONTEXT() REPRESENTATION_CONTEXT('2D SPACE',''
  ) );
#2084 = PCURVE('',#1905,#2085);
#2085 = DEFINITIONAL_REPRESENTATION('',(#2086),#2090);
#2086 = LINE('',#2087,#2088);
#2087 = CARTESIAN_POINT('',(1.570796326795,2.571670019493));
#2088 = VECTOR('',#2089,1.);
#2089 = DIRECTION('',(1.,-6.901141331098E-16));
#2090 = ( GEOMETRIC_REPRESENTATION_CONTEXT(2) 
PARAMETRIC_REPRESENTATION_CONTEXT() REPRESENTATION_CONTEXT('2D SPACE',''
  ) );
#2091 = ORIENTED_EDGE('',*,*,#2092,.T.);
#2092 = EDGE_CURVE('',#2064,#2093,#2095,.T.);
#2093 = VERTEX_POINT('',#2094);
#2094 = CARTESIAN_POINT('',(28.177556299372,-5.775486958224,-5.));
#2095 = SURFACE_CURVE('',#2096,(#2101,#2108),.PCURVE_S1.);
#2096 = CIRCLE('',#2097,0.45);
#2097 = AXIS2_PLACEMENT_3D('',#2098,#2099,#2100);
#2098 = CARTESIAN_POINT('',(28.060760170839,-6.210065678779,-5.));
#2099 = DIRECTION('',(-0.965730490124,0.259546952295,-4.238665850285E-18
    ));
#2100 = DIRECTION('',(-0.259546952295,-0.965730490124,1.192240047878E-16
    ));
#2101 = PCURVE('',#2073,#2102);
#2102 = DEFINITIONAL_REPRESENTATION('',(#2103),#2107);
#2103 = LINE('',#2104,#2105);
#2104 = CARTESIAN_POINT('',(0.,3.14159265359));
#2105 = VECTOR('',#2106,1.);
#2106 = DIRECTION('',(1.,9.046911093941E-15));
#2107 = ( GEOMETRIC_REPRESENTATION_CONTEXT(2) 
PARAMETRIC_REPRESENTATION_CONTEXT() REPRESENTATION_CONTEXT('2D SPACE',''
  ) );
#2108 = PCURVE('',#1682,#2109);
#2109 = DEFINITIONAL_REPRESENTATION('',(#2110),#2114);
#2110 = LINE('',#2111,#2112);
#2111 = CARTESIAN_POINT('',(0.,3.14159265359));
#2112 = VECTOR('',#2113,1.);
#2113 = DIRECTION('',(1.,9.046911093941E-15));
#2114 = ( GEOMETRIC_REPRESENTATION_CONTEXT(2) 
PARAMETRIC_REPRESENTATION_CONTEXT() REPRESENTATION_CONTEXT('2D SPACE',''
  ) );
#2115 = ORIENTED_EDGE('',*,*,#2116,.F.);
#2116 = EDGE_CURVE('',#2117,#2093,#2119,.T.);
#2117 = VERTEX_POINT('',#2118);
#2118 = CARTESIAN_POINT('',(28.456050068415,-5.663946738552,-5.));
#2119 = SURFACE_CURVE('',#2120,(#2125,#2132),.PCURVE_S1.);
#2120 = CIRCLE('',#2121,0.25);
#2121 = AXIS2_PLACEMENT_3D('',#2122,#2123,#2124);
#2122 = CARTESIAN_POINT('',(28.242443037446,-5.534054335693,-5.));
#2123 = DIRECTION('',(2.044679885754E-15,-9.283566826829E-16,-1.));
#2124 = DIRECTION('',(-0.965730490124,0.259546952295,-2.215561855848E-15
    ));
#2125 = PCURVE('',#2073,#2126);
#2126 = DEFINITIONAL_REPRESENTATION('',(#2127),#2131);
#2127 = LINE('',#2128,#2129);
#2128 = CARTESIAN_POINT('',(3.14159265359,7.853981633974));
#2129 = VECTOR('',#2130,1.);
#2130 = DIRECTION('',(1.035171199665E-15,-1.));
#2131 = ( GEOMETRIC_REPRESENTATION_CONTEXT(2) 
PARAMETRIC_REPRESENTATION_CONTEXT() REPRESENTATION_CONTEXT('2D SPACE',''
  ) );
#2132 = PCURVE('',#2133,#2138);
#2133 = CYLINDRICAL_SURFACE('',#2134,0.25);
#2134 = AXIS2_PLACEMENT_3D('',#2135,#2136,#2137);
#2135 = CARTESIAN_POINT('',(28.242443037446,-5.534054335693,-5.));
#2136 = DIRECTION('',(-1.278074975698E-17,-6.388603461007E-17,-1.));
#2137 = DIRECTION('',(-0.259546952295,-0.965730490124,6.50138961635E-17)
  );
#2138 = DEFINITIONAL_REPRESENTATION('',(#2139),#2143);
#2139 = LINE('',#2140,#2141);
#2140 = CARTESIAN_POINT('',(1.570796326795,-1.626043118037E-15));
#2141 = VECTOR('',#2142,1.);
#2142 = DIRECTION('',(1.,3.450570665549E-16));
#2143 = ( GEOMETRIC_REPRESENTATION_CONTEXT(2) 
PARAMETRIC_REPRESENTATION_CONTEXT() REPRESENTATION_CONTEXT('2D SPACE',''
  ) );
#2144 = ORIENTED_EDGE('',*,*,#2145,.T.);
#2145 = EDGE_CURVE('',#2117,#2062,#2146,.T.);
#2146 = SURFACE_CURVE('',#2147,(#2152,#2159),.PCURVE_S1.);
#2147 = CIRCLE('',#2148,0.63);
#2148 = AXIS2_PLACEMENT_3D('',#2149,#2150,#2151);
#2149 = CARTESIAN_POINT('',(28.292535488469,-6.27235694733,-5.));
#2150 = DIRECTION('',(0.965730490124,-0.259546952295,4.238665850285E-18)
  );
#2151 = DIRECTION('',(0.259546952295,0.965730490124,-1.192240047878E-16)
  );
#2152 = PCURVE('',#2073,#2153);
#2153 = DEFINITIONAL_REPRESENTATION('',(#2154),#2158);
#2154 = LINE('',#2155,#2156);
#2155 = CARTESIAN_POINT('',(3.14159265359,4.428594871176));
#2156 = VECTOR('',#2157,1.);
#2157 = DIRECTION('',(-1.,-5.088887490342E-15));
#2158 = ( GEOMETRIC_REPRESENTATION_CONTEXT(2) 
PARAMETRIC_REPRESENTATION_CONTEXT() REPRESENTATION_CONTEXT('2D SPACE',''
  ) );
#2159 = PCURVE('',#2160,#2165);
#2160 = TOROIDAL_SURFACE('',#2161,0.7,0.25);
#2161 = AXIS2_PLACEMENT_3D('',#2162,#2163,#2164);
#2162 = CARTESIAN_POINT('',(28.524310806099,-6.334648215881,-5.));
#2163 = DIRECTION('',(-0.965730490124,0.259546952295,-4.238665850285E-18
    ));
#2164 = DIRECTION('',(-0.259546952295,-0.965730490124,1.192240047878E-16
    ));
#2165 = DEFINITIONAL_REPRESENTATION('',(#2166),#2170);
#2166 = LINE('',#2167,#2168);
#2167 = CARTESIAN_POINT('',(3.14159265359,1.854590436003));
#2168 = VECTOR('',#2169,1.);
#2169 = DIRECTION('',(-1.,1.837653815957E-15));
#2170 = ( GEOMETRIC_REPRESENTATION_CONTEXT(2) 
PARAMETRIC_REPRESENTATION_CONTEXT() REPRESENTATION_CONTEXT('2D SPACE',''
  ) );
#2171 = ADVANCED_FACE('',(#2172),#2187,.T.);
#2172 = FACE_BOUND('',#2173,.T.);
#2173 = EDGE_LOOP('',(#2174,#2205,#2229,#2253));
#2174 = ORIENTED_EDGE('',*,*,#2175,.T.);
#2175 = EDGE_CURVE('',#2176,#2178,#2180,.T.);
#2176 = VERTEX_POINT('',#2177);
#2177 = CARTESIAN_POINT('',(28.456050068415,-5.663946738552,-13.));
#2178 = VERTEX_POINT('',#2179);
#2179 = CARTESIAN_POINT('',(28.177556299372,-5.775486958224,-13.));
#2180 = SURFACE_CURVE('',#2181,(#2186,#2198),.PCURVE_S1.);
#2181 = CIRCLE('',#2182,0.25);
#2182 = AXIS2_PLACEMENT_3D('',#2183,#2184,#2185);
#2183 = CARTESIAN_POINT('',(28.242443037446,-5.534054335693,-13.));
#2184 = DIRECTION('',(2.058749954231E-15,-8.760043279116E-16,-1.));
#2185 = DIRECTION('',(-0.965730490124,0.259546952295,-2.215561855848E-15
    ));
#2186 = PCURVE('',#2187,#2192);
#2187 = TOROIDAL_SURFACE('',#2188,0.7,0.25);
#2188 = AXIS2_PLACEMENT_3D('',#2189,#2190,#2191);
#2189 = CARTESIAN_POINT('',(28.060760170839,-6.210065678779,-13.));
#2190 = DIRECTION('',(-0.965730490124,0.259546952295,-4.238665850285E-18
    ));
#2191 = DIRECTION('',(-0.259546952295,-0.965730490124,1.192240047878E-16
    ));
#2192 = DEFINITIONAL_REPRESENTATION('',(#2193),#2197);
#2193 = LINE('',#2194,#2195);
#2194 = CARTESIAN_POINT('',(3.14159265359,7.853981633974));
#2195 = VECTOR('',#2196,1.);
#2196 = DIRECTION('',(0.,-1.));
#2197 = ( GEOMETRIC_REPRESENTATION_CONTEXT(2) 
PARAMETRIC_REPRESENTATION_CONTEXT() REPRESENTATION_CONTEXT('2D SPACE',''
  ) );
#2198 = PCURVE('',#2133,#2199);
#2199 = DEFINITIONAL_REPRESENTATION('',(#2200),#2204);
#2200 = LINE('',#2201,#2202);
#2201 = CARTESIAN_POINT('',(1.570796326795,8.));
#2202 = VECTOR('',#2203,1.);
#2203 = DIRECTION('',(1.,6.901141331098E-16));
#2204 = ( GEOMETRIC_REPRESENTATION_CONTEXT(2) 
PARAMETRIC_REPRESENTATION_CONTEXT() REPRESENTATION_CONTEXT('2D SPACE',''
  ) );
#2205 = ORIENTED_EDGE('',*,*,#2206,.T.);
#2206 = EDGE_CURVE('',#2178,#2207,#2209,.T.);
#2207 = VERTEX_POINT('',#2208);
#2208 = CARTESIAN_POINT('',(28.060760170839,-6.210065678779,-13.45));
#2209 = SURFACE_CURVE('',#2210,(#2215,#2222),.PCURVE_S1.);
#2210 = CIRCLE('',#2211,0.45);
#2211 = AXIS2_PLACEMENT_3D('',#2212,#2213,#2214);
#2212 = CARTESIAN_POINT('',(28.060760170839,-6.210065678779,-13.));
#2213 = DIRECTION('',(-0.965730490124,0.259546952295,-4.238665850285E-18
    ));
#2214 = DIRECTION('',(-0.259546952295,-0.965730490124,1.192240047878E-16
    ));
#2215 = PCURVE('',#2187,#2216);
#2216 = DEFINITIONAL_REPRESENTATION('',(#2217),#2221);
#2217 = LINE('',#2218,#2219);
#2218 = CARTESIAN_POINT('',(0.,3.14159265359));
#2219 = VECTOR('',#2220,1.);
#2220 = DIRECTION('',(1.,-9.329627065626E-15));
#2221 = ( GEOMETRIC_REPRESENTATION_CONTEXT(2) 
PARAMETRIC_REPRESENTATION_CONTEXT() REPRESENTATION_CONTEXT('2D SPACE',''
  ) );
#2222 = PCURVE('',#1791,#2223);
#2223 = DEFINITIONAL_REPRESENTATION('',(#2224),#2228);
#2224 = LINE('',#2225,#2226);
#2225 = CARTESIAN_POINT('',(0.,3.14159265359));
#2226 = VECTOR('',#2227,1.);
#2227 = DIRECTION('',(1.,-9.329627065626E-15));
#2228 = ( GEOMETRIC_REPRESENTATION_CONTEXT(2) 
PARAMETRIC_REPRESENTATION_CONTEXT() REPRESENTATION_CONTEXT('2D SPACE',''
  ) );
#2229 = ORIENTED_EDGE('',*,*,#2230,.F.);
#2230 = EDGE_CURVE('',#2231,#2207,#2233,.T.);
#2231 = VERTEX_POINT('',#2232);
#2232 = CARTESIAN_POINT('',(28.292535488469,-6.27235694733,-13.63));
#2233 = SURFACE_CURVE('',#2234,(#2239,#2246),.PCURVE_S1.);
#2234 = CIRCLE('',#2235,0.25);
#2235 = AXIS2_PLACEMENT_3D('',#2236,#2237,#2238);
#2236 = CARTESIAN_POINT('',(28.060760170839,-6.210065678779,-13.7));
#2237 = DIRECTION('',(-0.259546952295,-0.965730490124,5.607987212962E-17
    ));
#2238 = DIRECTION('',(-0.965730490124,0.259546952295,-4.238665850285E-18
    ));
#2239 = PCURVE('',#2187,#2240);
#2240 = DEFINITIONAL_REPRESENTATION('',(#2241),#2245);
#2241 = LINE('',#2242,#2243);
#2242 = CARTESIAN_POINT('',(4.712388980385,7.853981633974));
#2243 = VECTOR('',#2244,1.);
#2244 = DIRECTION('',(1.38022826622E-15,-1.));
#2245 = ( GEOMETRIC_REPRESENTATION_CONTEXT(2) 
PARAMETRIC_REPRESENTATION_CONTEXT() REPRESENTATION_CONTEXT('2D SPACE',''
  ) );
#2246 = PCURVE('',#1971,#2247);
#2247 = DEFINITIONAL_REPRESENTATION('',(#2248),#2252);
#2248 = LINE('',#2249,#2250);
#2249 = CARTESIAN_POINT('',(-3.14159265359,-3.252086236074E-15));
#2250 = VECTOR('',#2251,1.);
#2251 = DIRECTION('',(1.,6.901141331098E-16));
#2252 = ( GEOMETRIC_REPRESENTATION_CONTEXT(2) 
PARAMETRIC_REPRESENTATION_CONTEXT() REPRESENTATION_CONTEXT('2D SPACE',''
  ) );
#2253 = ORIENTED_EDGE('',*,*,#2254,.T.);
#2254 = EDGE_CURVE('',#2231,#2176,#2255,.T.);
#2255 = SURFACE_CURVE('',#2256,(#2261,#2268),.PCURVE_S1.);
#2256 = CIRCLE('',#2257,0.63);
#2257 = AXIS2_PLACEMENT_3D('',#2258,#2259,#2260);
#2258 = CARTESIAN_POINT('',(28.292535488469,-6.27235694733,-13.));
#2259 = DIRECTION('',(0.965730490124,-0.259546952295,4.238665850285E-18)
  );
#2260 = DIRECTION('',(0.259546952295,0.965730490124,-1.192240047878E-16)
  );
#2261 = PCURVE('',#2187,#2262);
#2262 = DEFINITIONAL_REPRESENTATION('',(#2263),#2267);
#2263 = LINE('',#2264,#2265);
#2264 = CARTESIAN_POINT('',(9.424777960769,4.428594871176));
#2265 = VECTOR('',#2266,1.);
#2266 = DIRECTION('',(-1.,5.088887490342E-15));
#2267 = ( GEOMETRIC_REPRESENTATION_CONTEXT(2) 
PARAMETRIC_REPRESENTATION_CONTEXT() REPRESENTATION_CONTEXT('2D SPACE',''
  ) );
#2268 = PCURVE('',#2269,#2274);
#2269 = TOROIDAL_SURFACE('',#2270,0.7,0.25);
#2270 = AXIS2_PLACEMENT_3D('',#2271,#2272,#2273);
#2271 = CARTESIAN_POINT('',(28.524310806099,-6.334648215881,-13.));
#2272 = DIRECTION('',(-0.965730490124,0.259546952295,-4.238665850285E-18
    ));
#2273 = DIRECTION('',(-0.259546952295,-0.965730490124,1.192240047878E-16
    ));
#2274 = DEFINITIONAL_REPRESENTATION('',(#2275),#2279);
#2275 = LINE('',#2276,#2277);
#2276 = CARTESIAN_POINT('',(9.424777960769,1.854590436003));
#2277 = VECTOR('',#2278,1.);
#2278 = DIRECTION('',(-1.,-1.837653815957E-15));
#2279 = ( GEOMETRIC_REPRESENTATION_CONTEXT(2) 
PARAMETRIC_REPRESENTATION_CONTEXT() REPRESENTATION_CONTEXT('2D SPACE',''
  ) );
#2280 = ADVANCED_FACE('',(#2281),#2296,.T.);
#2281 = FACE_BOUND('',#2282,.T.);
#2282 = EDGE_LOOP('',(#2283,#2341,#2365,#2394));
#2283 = ORIENTED_EDGE('',*,*,#2284,.T.);
#2284 = EDGE_CURVE('',#2285,#2287,#2289,.T.);
#2285 = VERTEX_POINT('',#2286);
#2286 = CARTESIAN_POINT('',(27.925102427916,-9.488889841571,-5.));
#2287 = VERTEX_POINT('',#2288);
#2288 = CARTESIAN_POINT('',(27.740045561699,-9.252767084798,-5.));
#2289 = SURFACE_CURVE('',#2290,(#2295,#2329),.PCURVE_S1.);
#2290 = CIRCLE('',#2291,0.25);
#2291 = AXIS2_PLACEMENT_3D('',#2292,#2293,#2294);
#2292 = CARTESIAN_POINT('',(27.675158823625,-9.494199707329,-5.));
#2293 = DIRECTION('',(2.198264433489E-15,-3.24232415865E-16,1.));
#2294 = DIRECTION('',(-0.965730490124,0.259546952295,2.207084524148E-15)
  );
#2295 = PCURVE('',#2296,#2301);
#2296 = TOROIDAL_SURFACE('',#2297,0.7,0.25);
#2297 = AXIS2_PLACEMENT_3D('',#2298,#2299,#2300);
#2298 = CARTESIAN_POINT('',(27.856841690232,-8.818188364242,-5.));
#2299 = DIRECTION('',(-0.965730490124,0.259546952295,-4.238665850285E-18
    ));
#2300 = DIRECTION('',(-0.259546952295,-0.965730490124,1.192240047878E-16
    ));
#2301 = DEFINITIONAL_REPRESENTATION('',(#2302),#2328);
#2302 = B_SPLINE_CURVE_WITH_KNOTS('',3,(#2303,#2304,#2305,#2306,#2307,
    #2308,#2309,#2310,#2311,#2312,#2313,#2314,#2315,#2316,#2317,#2318,
    #2319,#2320,#2321,#2322,#2323,#2324,#2325,#2326,#2327),
  .UNSPECIFIED.,.F.,.F.,(4,1,1,1,1,1,1,1,1,1,1,1,1,1,1,1,1,1,1,1,1,1,4),
  (3.425386762798,3.483886863598,3.542386964397,3.600887065196,
    3.659387165996,3.717887266795,3.776387367594,3.834887468394,
    3.893387569193,3.951887669993,4.010387770792,4.068887871591,
    4.127387972391,4.18588807319,4.24438817399,4.302888274789,
    4.361388375588,4.419888476388,4.478388577187,4.536888677987,
    4.595388778786,4.653888879585,4.712388980385),
  .QUASI_UNIFORM_KNOTS.);
#2303 = CARTESIAN_POINT('',(0.,4.428594871176));
#2304 = CARTESIAN_POINT('',(0.,4.409094837577));
#2305 = CARTESIAN_POINT('',(-8.881784197001E-16,4.370094770377));
#2306 = CARTESIAN_POINT('',(-2.6645352591E-15,4.311594669578));
#2307 = CARTESIAN_POINT('',(-8.881784197001E-16,4.253094568778));
#2308 = CARTESIAN_POINT('',(-1.7763568394E-15,4.194594467979));
#2309 = CARTESIAN_POINT('',(-8.881784197001E-16,4.136094367179));
#2310 = CARTESIAN_POINT('',(-1.7763568394E-15,4.07759426638));
#2311 = CARTESIAN_POINT('',(-1.7763568394E-15,4.019094165581));
#2312 = CARTESIAN_POINT('',(-1.7763568394E-15,3.960594064781));
#2313 = CARTESIAN_POINT('',(-8.881784197001E-16,3.902093963982));
#2314 = CARTESIAN_POINT('',(0.,3.843593863182));
#2315 = CARTESIAN_POINT('',(-8.881784197001E-16,3.785093762383));
#2316 = CARTESIAN_POINT('',(-8.881784197001E-16,3.726593661584));
#2317 = CARTESIAN_POINT('',(-8.881784197001E-16,3.668093560784));
#2318 = CARTESIAN_POINT('',(-1.7763568394E-15,3.609593459985));
#2319 = CARTESIAN_POINT('',(-8.881784197001E-16,3.551093359186));
#2320 = CARTESIAN_POINT('',(-8.881784197001E-16,3.492593258386));
#2321 = CARTESIAN_POINT('',(0.,3.434093157587));
#2322 = CARTESIAN_POINT('',(-8.881784197001E-16,3.375593056787));
#2323 = CARTESIAN_POINT('',(8.881784197001E-16,3.317092955988));
#2324 = CARTESIAN_POINT('',(-8.881784197001E-16,3.258592855189));
#2325 = CARTESIAN_POINT('',(0.,3.200092754389));
#2326 = CARTESIAN_POINT('',(0.,3.16109268719));
#2327 = CARTESIAN_POINT('',(0.,3.14159265359));
#2328 = ( GEOMETRIC_REPRESENTATION_CONTEXT(2) 
PARAMETRIC_REPRESENTATION_CONTEXT() REPRESENTATION_CONTEXT('2D SPACE',''
  ) );
#2329 = PCURVE('',#2330,#2335);
#2330 = CYLINDRICAL_SURFACE('',#2331,0.25);
#2331 = AXIS2_PLACEMENT_3D('',#2332,#2333,#2334);
#2332 = CARTESIAN_POINT('',(27.675158823625,-9.494199707329,-13.));
#2333 = DIRECTION('',(-1.28931872002E-18,1.153367983869E-17,1.));
#2334 = DIRECTION('',(0.259546952295,0.965730490124,-1.080378753923E-17)
  );
#2335 = DEFINITIONAL_REPRESENTATION('',(#2336),#2340);
#2336 = LINE('',#2337,#2338);
#2337 = CARTESIAN_POINT('',(1.570796326795,8.));
#2338 = VECTOR('',#2339,1.);
#2339 = DIRECTION('',(1.,6.901141331098E-16));
#2340 = ( GEOMETRIC_REPRESENTATION_CONTEXT(2) 
PARAMETRIC_REPRESENTATION_CONTEXT() REPRESENTATION_CONTEXT('2D SPACE',''
  ) );
#2341 = ORIENTED_EDGE('',*,*,#2342,.T.);
#2342 = EDGE_CURVE('',#2287,#2343,#2345,.T.);
#2343 = VERTEX_POINT('',#2344);
#2344 = CARTESIAN_POINT('',(27.856841690232,-8.818188364242,-4.55));
#2345 = SURFACE_CURVE('',#2346,(#2351,#2358),.PCURVE_S1.);
#2346 = CIRCLE('',#2347,0.45);
#2347 = AXIS2_PLACEMENT_3D('',#2348,#2349,#2350);
#2348 = CARTESIAN_POINT('',(27.856841690232,-8.818188364242,-5.));
#2349 = DIRECTION('',(-0.965730490124,0.259546952295,-4.238665850285E-18
    ));
#2350 = DIRECTION('',(-0.259546952295,-0.965730490124,1.192240047878E-16
    ));
#2351 = PCURVE('',#2296,#2352);
#2352 = DEFINITIONAL_REPRESENTATION('',(#2353),#2357);
#2353 = LINE('',#2354,#2355);
#2354 = CARTESIAN_POINT('',(0.,3.14159265359));
#2355 = VECTOR('',#2356,1.);
#2356 = DIRECTION('',(1.,-9.046911093941E-15));
#2357 = ( GEOMETRIC_REPRESENTATION_CONTEXT(2) 
PARAMETRIC_REPRESENTATION_CONTEXT() REPRESENTATION_CONTEXT('2D SPACE',''
  ) );
#2358 = PCURVE('',#1932,#2359);
#2359 = DEFINITIONAL_REPRESENTATION('',(#2360),#2364);
#2360 = LINE('',#2361,#2362);
#2361 = CARTESIAN_POINT('',(0.,3.14159265359));
#2362 = VECTOR('',#2363,1.);
#2363 = DIRECTION('',(1.,-9.046911093941E-15));
#2364 = ( GEOMETRIC_REPRESENTATION_CONTEXT(2) 
PARAMETRIC_REPRESENTATION_CONTEXT() REPRESENTATION_CONTEXT('2D SPACE',''
  ) );
#2365 = ORIENTED_EDGE('',*,*,#2366,.F.);
#2366 = EDGE_CURVE('',#2367,#2343,#2369,.T.);
#2367 = VERTEX_POINT('',#2368);
#2368 = CARTESIAN_POINT('',(28.088617007861,-8.880479632793,-4.37));
#2369 = SURFACE_CURVE('',#2370,(#2375,#2382),.PCURVE_S1.);
#2370 = CIRCLE('',#2371,0.25);
#2371 = AXIS2_PLACEMENT_3D('',#2372,#2373,#2374);
#2372 = CARTESIAN_POINT('',(27.856841690232,-8.818188364242,-4.3));
#2373 = DIRECTION('',(0.259546952295,0.965730490124,-3.658519214112E-16)
  );
#2374 = DIRECTION('',(-0.965730490124,0.259546952295,-4.238665850285E-18
    ));
#2375 = PCURVE('',#2296,#2376);
#2376 = DEFINITIONAL_REPRESENTATION('',(#2377),#2381);
#2377 = LINE('',#2378,#2379);
#2378 = CARTESIAN_POINT('',(1.570796326795,7.853981633974));
#2379 = VECTOR('',#2380,1.);
#2380 = DIRECTION('',(0.,-1.));
#2381 = ( GEOMETRIC_REPRESENTATION_CONTEXT(2) 
PARAMETRIC_REPRESENTATION_CONTEXT() REPRESENTATION_CONTEXT('2D SPACE',''
  ) );
#2382 = PCURVE('',#2383,#2388);
#2383 = CYLINDRICAL_SURFACE('',#2384,0.25);
#2384 = AXIS2_PLACEMENT_3D('',#2385,#2386,#2387);
#2385 = CARTESIAN_POINT('',(27.856841690232,-8.818188364242,-4.3));
#2386 = DIRECTION('',(0.259546952295,0.965730490124,-4.564996783438E-16)
  );
#2387 = DIRECTION('',(-1.143896913886E-16,-4.419557909115E-16,-1.));
#2388 = DEFINITIONAL_REPRESENTATION('',(#2389),#2393);
#2389 = LINE('',#2390,#2391);
#2390 = CARTESIAN_POINT('',(1.570796326795,0.));
#2391 = VECTOR('',#2392,1.);
#2392 = DIRECTION('',(1.,0.));
#2393 = ( GEOMETRIC_REPRESENTATION_CONTEXT(2) 
PARAMETRIC_REPRESENTATION_CONTEXT() REPRESENTATION_CONTEXT('2D SPACE',''
  ) );
#2394 = ORIENTED_EDGE('',*,*,#2395,.T.);
#2395 = EDGE_CURVE('',#2367,#2285,#2396,.T.);
#2396 = SURFACE_CURVE('',#2397,(#2402,#2409),.PCURVE_S1.);
#2397 = CIRCLE('',#2398,0.63);
#2398 = AXIS2_PLACEMENT_3D('',#2399,#2400,#2401);
#2399 = CARTESIAN_POINT('',(28.088617007861,-8.880479632793,-5.));
#2400 = DIRECTION('',(0.965730490124,-0.259546952295,4.238665850285E-18)
  );
#2401 = DIRECTION('',(0.259546952295,0.965730490124,-1.192240047878E-16)
  );
#2402 = PCURVE('',#2296,#2403);
#2403 = DEFINITIONAL_REPRESENTATION('',(#2404),#2408);
#2404 = LINE('',#2405,#2406);
#2405 = CARTESIAN_POINT('',(3.14159265359,4.428594871176));
#2406 = VECTOR('',#2407,1.);
#2407 = DIRECTION('',(-1.,0.));
#2408 = ( GEOMETRIC_REPRESENTATION_CONTEXT(2) 
PARAMETRIC_REPRESENTATION_CONTEXT() REPRESENTATION_CONTEXT('2D SPACE',''
  ) );
#2409 = PCURVE('',#2410,#2415);
#2410 = TOROIDAL_SURFACE('',#2411,0.7,0.25);
#2411 = AXIS2_PLACEMENT_3D('',#2412,#2413,#2414);
#2412 = CARTESIAN_POINT('',(28.320392325491,-8.942770901344,-5.));
#2413 = DIRECTION('',(-0.965730490124,0.259546952295,-4.238665850285E-18
    ));
#2414 = DIRECTION('',(-0.259546952295,-0.965730490124,1.192240047878E-16
    ));
#2415 = DEFINITIONAL_REPRESENTATION('',(#2416),#2420);
#2416 = LINE('',#2417,#2418);
#2417 = CARTESIAN_POINT('',(3.14159265359,1.854590436003));
#2418 = VECTOR('',#2419,1.);
#2419 = DIRECTION('',(-1.,9.046911093941E-15));
#2420 = ( GEOMETRIC_REPRESENTATION_CONTEXT(2) 
PARAMETRIC_REPRESENTATION_CONTEXT() REPRESENTATION_CONTEXT('2D SPACE',''
  ) );
#2421 = ADVANCED_FACE('',(#2422),#2437,.T.);
#2422 = FACE_BOUND('',#2423,.T.);
#2423 = EDGE_LOOP('',(#2424,#2460,#2484,#2508));
#2424 = ORIENTED_EDGE('',*,*,#2425,.T.);
#2425 = EDGE_CURVE('',#2426,#2428,#2430,.T.);
#2426 = VERTEX_POINT('',#2427);
#2427 = CARTESIAN_POINT('',(28.088617007861,-8.880479632793,-13.63));
#2428 = VERTEX_POINT('',#2429);
#2429 = CARTESIAN_POINT('',(27.856841690232,-8.818188364242,-13.45));
#2430 = SURFACE_CURVE('',#2431,(#2436,#2448),.PCURVE_S1.);
#2431 = CIRCLE('',#2432,0.25);
#2432 = AXIS2_PLACEMENT_3D('',#2433,#2434,#2435);
#2433 = CARTESIAN_POINT('',(27.856841690232,-8.818188364242,-13.7));
#2434 = DIRECTION('',(-0.259546952295,-0.965730490124,3.658519214112E-16
    ));
#2435 = DIRECTION('',(-0.965730490124,0.259546952295,-4.238665850284E-18
    ));
#2436 = PCURVE('',#2437,#2442);
#2437 = TOROIDAL_SURFACE('',#2438,0.7,0.25);
#2438 = AXIS2_PLACEMENT_3D('',#2439,#2440,#2441);
#2439 = CARTESIAN_POINT('',(27.856841690232,-8.818188364242,-13.));
#2440 = DIRECTION('',(-0.965730490124,0.259546952295,-4.238665850285E-18
    ));
#2441 = DIRECTION('',(-0.259546952295,-0.965730490124,1.192240047878E-16
    ));
#2442 = DEFINITIONAL_REPRESENTATION('',(#2443),#2447);
#2443 = LINE('',#2444,#2445);
#2444 = CARTESIAN_POINT('',(4.712388980385,7.853981633974));
#2445 = VECTOR('',#2446,1.);
#2446 = DIRECTION('',(1.38022826622E-15,-1.));
#2447 = ( GEOMETRIC_REPRESENTATION_CONTEXT(2) 
PARAMETRIC_REPRESENTATION_CONTEXT() REPRESENTATION_CONTEXT('2D SPACE',''
  ) );
#2448 = PCURVE('',#2449,#2454);
#2449 = CYLINDRICAL_SURFACE('',#2450,0.25);
#2450 = AXIS2_PLACEMENT_3D('',#2451,#2452,#2453);
#2451 = CARTESIAN_POINT('',(28.524310806099,-6.334648215881,-13.7));
#2452 = DIRECTION('',(-0.259546952295,-0.965730490124,1.192240047878E-16
    ));
#2453 = DIRECTION('',(0.965730490124,-0.259546952295,4.238665850285E-18)
  );
#2454 = DEFINITIONAL_REPRESENTATION('',(#2455),#2459);
#2455 = LINE('',#2456,#2457);
#2456 = CARTESIAN_POINT('',(-3.14159265359,2.571670019493));
#2457 = VECTOR('',#2458,1.);
#2458 = DIRECTION('',(1.,6.901141331098E-16));
#2459 = ( GEOMETRIC_REPRESENTATION_CONTEXT(2) 
PARAMETRIC_REPRESENTATION_CONTEXT() REPRESENTATION_CONTEXT('2D SPACE',''
  ) );
#2460 = ORIENTED_EDGE('',*,*,#2461,.T.);
#2461 = EDGE_CURVE('',#2428,#2462,#2464,.T.);
#2462 = VERTEX_POINT('',#2463);
#2463 = CARTESIAN_POINT('',(27.740045561699,-9.252767084798,-13.));
#2464 = SURFACE_CURVE('',#2465,(#2470,#2477),.PCURVE_S1.);
#2465 = CIRCLE('',#2466,0.45);
#2466 = AXIS2_PLACEMENT_3D('',#2467,#2468,#2469);
#2467 = CARTESIAN_POINT('',(27.856841690232,-8.818188364242,-13.));
#2468 = DIRECTION('',(-0.965730490124,0.259546952295,-4.238665850285E-18
    ));
#2469 = DIRECTION('',(-0.259546952295,-0.965730490124,1.192240047878E-16
    ));
#2470 = PCURVE('',#2437,#2471);
#2471 = DEFINITIONAL_REPRESENTATION('',(#2472),#2476);
#2472 = LINE('',#2473,#2474);
#2473 = CARTESIAN_POINT('',(0.,3.14159265359));
#2474 = VECTOR('',#2475,1.);
#2475 = DIRECTION('',(1.,9.329627065626E-15));
#2476 = ( GEOMETRIC_REPRESENTATION_CONTEXT(2) 
PARAMETRIC_REPRESENTATION_CONTEXT() REPRESENTATION_CONTEXT('2D SPACE',''
  ) );
#2477 = PCURVE('',#2046,#2478);
#2478 = DEFINITIONAL_REPRESENTATION('',(#2479),#2483);
#2479 = LINE('',#2480,#2481);
#2480 = CARTESIAN_POINT('',(0.,3.14159265359));
#2481 = VECTOR('',#2482,1.);
#2482 = DIRECTION('',(1.,9.329627065626E-15));
#2483 = ( GEOMETRIC_REPRESENTATION_CONTEXT(2) 
PARAMETRIC_REPRESENTATION_CONTEXT() REPRESENTATION_CONTEXT('2D SPACE',''
  ) );
#2484 = ORIENTED_EDGE('',*,*,#2485,.F.);
#2485 = EDGE_CURVE('',#2486,#2462,#2488,.T.);
#2486 = VERTEX_POINT('',#2487);
#2487 = CARTESIAN_POINT('',(27.925102427916,-9.488889841571,-13.));
#2488 = SURFACE_CURVE('',#2489,(#2494,#2501),.PCURVE_S1.);
#2489 = CIRCLE('',#2490,0.25);
#2490 = AXIS2_PLACEMENT_3D('',#2491,#2492,#2493);
#2491 = CARTESIAN_POINT('',(27.675158823625,-9.494199707329,-13.));
#2492 = DIRECTION('',(2.198264433489E-15,-3.24232415865E-16,1.));
#2493 = DIRECTION('',(-0.965730490124,0.259546952295,2.207084524148E-15)
  );
#2494 = PCURVE('',#2437,#2495);
#2495 = DEFINITIONAL_REPRESENTATION('',(#2496),#2500);
#2496 = LINE('',#2497,#2498);
#2497 = CARTESIAN_POINT('',(6.28318530718,7.853981633974));
#2498 = VECTOR('',#2499,1.);
#2499 = DIRECTION('',(0.,-1.));
#2500 = ( GEOMETRIC_REPRESENTATION_CONTEXT(2) 
PARAMETRIC_REPRESENTATION_CONTEXT() REPRESENTATION_CONTEXT('2D SPACE',''
  ) );
#2501 = PCURVE('',#2330,#2502);
#2502 = DEFINITIONAL_REPRESENTATION('',(#2503),#2507);
#2503 = LINE('',#2504,#2505);
#2504 = CARTESIAN_POINT('',(1.570796326795,-4.878129354111E-15));
#2505 = VECTOR('',#2506,1.);
#2506 = DIRECTION('',(1.,1.035171199665E-15));
#2507 = ( GEOMETRIC_REPRESENTATION_CONTEXT(2) 
PARAMETRIC_REPRESENTATION_CONTEXT() REPRESENTATION_CONTEXT('2D SPACE',''
  ) );
#2508 = ORIENTED_EDGE('',*,*,#2509,.T.);
#2509 = EDGE_CURVE('',#2486,#2426,#2510,.T.);
#2510 = SURFACE_CURVE('',#2511,(#2516,#2523),.PCURVE_S1.);
#2511 = CIRCLE('',#2512,0.63);
#2512 = AXIS2_PLACEMENT_3D('',#2513,#2514,#2515);
#2513 = CARTESIAN_POINT('',(28.088617007861,-8.880479632793,-13.));
#2514 = DIRECTION('',(0.965730490124,-0.259546952295,4.238665850285E-18)
  );
#2515 = DIRECTION('',(0.259546952295,0.965730490124,-1.192240047878E-16)
  );
#2516 = PCURVE('',#2437,#2517);
#2517 = DEFINITIONAL_REPRESENTATION('',(#2518),#2522);
#2518 = LINE('',#2519,#2520);
#2519 = CARTESIAN_POINT('',(9.424777960769,4.428594871176));
#2520 = VECTOR('',#2521,1.);
#2521 = DIRECTION('',(-1.,-5.654319433713E-16));
#2522 = ( GEOMETRIC_REPRESENTATION_CONTEXT(2) 
PARAMETRIC_REPRESENTATION_CONTEXT() REPRESENTATION_CONTEXT('2D SPACE',''
  ) );
#2523 = PCURVE('',#2524,#2529);
#2524 = TOROIDAL_SURFACE('',#2525,0.7,0.25);
#2525 = AXIS2_PLACEMENT_3D('',#2526,#2527,#2528);
#2526 = CARTESIAN_POINT('',(28.320392325491,-8.942770901344,-13.));
#2527 = DIRECTION('',(-0.965730490124,0.259546952295,-4.238665850285E-18
    ));
#2528 = DIRECTION('',(-0.259546952295,-0.965730490124,1.192240047878E-16
    ));
#2529 = DEFINITIONAL_REPRESENTATION('',(#2530),#2534);
#2530 = LINE('',#2531,#2532);
#2531 = CARTESIAN_POINT('',(9.424777960769,1.854590436003));
#2532 = VECTOR('',#2533,1.);
#2533 = DIRECTION('',(-1.,-9.046911093941E-15));
#2534 = ( GEOMETRIC_REPRESENTATION_CONTEXT(2) 
PARAMETRIC_REPRESENTATION_CONTEXT() REPRESENTATION_CONTEXT('2D SPACE',''
  ) );
#2535 = ADVANCED_FACE('',(#2536),#2551,.T.);
#2536 = FACE_BOUND('',#2537,.T.);
#2537 = EDGE_LOOP('',(#2538,#2569,#2593,#2622));
#2538 = ORIENTED_EDGE('',*,*,#2539,.T.);
#2539 = EDGE_CURVE('',#2540,#2542,#2544,.T.);
#2540 = VERTEX_POINT('',#2541);
#2541 = CARTESIAN_POINT('',(28.756086123729,-6.396939484432,-4.37));
#2542 = VERTEX_POINT('',#2543);
#2543 = CARTESIAN_POINT('',(28.524310806099,-6.334648215881,-4.55));
#2544 = SURFACE_CURVE('',#2545,(#2550,#2562),.PCURVE_S1.);
#2545 = CIRCLE('',#2546,0.25);
#2546 = AXIS2_PLACEMENT_3D('',#2547,#2548,#2549);
#2547 = CARTESIAN_POINT('',(28.524310806099,-6.334648215881,-4.3));
#2548 = DIRECTION('',(0.259546952295,0.965730490124,-7.031275949673E-16)
  );
#2549 = DIRECTION('',(-0.965730490124,0.259546952295,-4.238665850286E-18
    ));
#2550 = PCURVE('',#2551,#2556);
#2551 = TOROIDAL_SURFACE('',#2552,0.7,0.25);
#2552 = AXIS2_PLACEMENT_3D('',#2553,#2554,#2555);
#2553 = CARTESIAN_POINT('',(28.524310806099,-6.334648215881,-5.));
#2554 = DIRECTION('',(-0.965730490124,0.259546952295,-4.238665850285E-18
    ));
#2555 = DIRECTION('',(-0.259546952295,-0.965730490124,1.192240047878E-16
    ));
#2556 = DEFINITIONAL_REPRESENTATION('',(#2557),#2561);
#2557 = LINE('',#2558,#2559);
#2558 = CARTESIAN_POINT('',(1.570796326795,7.853981633974));
#2559 = VECTOR('',#2560,1.);
#2560 = DIRECTION('',(0.,-1.));
#2561 = ( GEOMETRIC_REPRESENTATION_CONTEXT(2) 
PARAMETRIC_REPRESENTATION_CONTEXT() REPRESENTATION_CONTEXT('2D SPACE',''
  ) );
#2562 = PCURVE('',#2383,#2563);
#2563 = DEFINITIONAL_REPRESENTATION('',(#2564),#2568);
#2564 = LINE('',#2565,#2566);
#2565 = CARTESIAN_POINT('',(1.570796326795,2.571670019493));
#2566 = VECTOR('',#2567,1.);
#2567 = DIRECTION('',(1.,0.));
#2568 = ( GEOMETRIC_REPRESENTATION_CONTEXT(2) 
PARAMETRIC_REPRESENTATION_CONTEXT() REPRESENTATION_CONTEXT('2D SPACE',''
  ) );
#2569 = ORIENTED_EDGE('',*,*,#2570,.T.);
#2570 = EDGE_CURVE('',#2542,#2571,#2573,.T.);
#2571 = VERTEX_POINT('',#2572);
#2572 = CARTESIAN_POINT('',(28.641106934631,-5.900069495325,-5.));
#2573 = SURFACE_CURVE('',#2574,(#2579,#2586),.PCURVE_S1.);
#2574 = CIRCLE('',#2575,0.45);
#2575 = AXIS2_PLACEMENT_3D('',#2576,#2577,#2578);
#2576 = CARTESIAN_POINT('',(28.524310806099,-6.334648215881,-5.));
#2577 = DIRECTION('',(-0.965730490124,0.259546952295,-4.238665850285E-18
    ));
#2578 = DIRECTION('',(-0.259546952295,-0.965730490124,1.192240047878E-16
    ));
#2579 = PCURVE('',#2551,#2580);
#2580 = DEFINITIONAL_REPRESENTATION('',(#2581),#2585);
#2581 = LINE('',#2582,#2583);
#2582 = CARTESIAN_POINT('',(0.,3.14159265359));
#2583 = VECTOR('',#2584,1.);
#2584 = DIRECTION('',(1.,9.046911093941E-15));
#2585 = ( GEOMETRIC_REPRESENTATION_CONTEXT(2) 
PARAMETRIC_REPRESENTATION_CONTEXT() REPRESENTATION_CONTEXT('2D SPACE',''
  ) );
#2586 = PCURVE('',#2160,#2587);
#2587 = DEFINITIONAL_REPRESENTATION('',(#2588),#2592);
#2588 = LINE('',#2589,#2590);
#2589 = CARTESIAN_POINT('',(0.,3.14159265359));
#2590 = VECTOR('',#2591,1.);
#2591 = DIRECTION('',(1.,9.046911093941E-15));
#2592 = ( GEOMETRIC_REPRESENTATION_CONTEXT(2) 
PARAMETRIC_REPRESENTATION_CONTEXT() REPRESENTATION_CONTEXT('2D SPACE',''
  ) );
#2593 = ORIENTED_EDGE('',*,*,#2594,.F.);
#2594 = EDGE_CURVE('',#2595,#2571,#2597,.T.);
#2595 = VERTEX_POINT('',#2596);
#2596 = CARTESIAN_POINT('',(28.919600703674,-5.788529275654,-5.));
#2597 = SURFACE_CURVE('',#2598,(#2603,#2610),.PCURVE_S1.);
#2598 = CIRCLE('',#2599,0.25);
#2599 = AXIS2_PLACEMENT_3D('',#2600,#2601,#2602);
#2600 = CARTESIAN_POINT('',(28.705993672705,-5.658636872794,-5.));
#2601 = DIRECTION('',(2.044679885754E-15,-9.283566826829E-16,-1.));
#2602 = DIRECTION('',(-0.965730490124,0.259546952295,-2.215561855848E-15
    ));
#2603 = PCURVE('',#2551,#2604);
#2604 = DEFINITIONAL_REPRESENTATION('',(#2605),#2609);
#2605 = LINE('',#2606,#2607);
#2606 = CARTESIAN_POINT('',(3.14159265359,7.853981633974));
#2607 = VECTOR('',#2608,1.);
#2608 = DIRECTION('',(1.035171199665E-15,-1.));
#2609 = ( GEOMETRIC_REPRESENTATION_CONTEXT(2) 
PARAMETRIC_REPRESENTATION_CONTEXT() REPRESENTATION_CONTEXT('2D SPACE',''
  ) );
#2610 = PCURVE('',#2611,#2616);
#2611 = CYLINDRICAL_SURFACE('',#2612,0.25);
#2612 = AXIS2_PLACEMENT_3D('',#2613,#2614,#2615);
#2613 = CARTESIAN_POINT('',(28.705993672705,-5.658636872794,-5.));
#2614 = DIRECTION('',(-1.278074975698E-17,-6.388603461007E-17,-1.));
#2615 = DIRECTION('',(-0.259546952295,-0.965730490124,6.50138961635E-17)
  );
#2616 = DEFINITIONAL_REPRESENTATION('',(#2617),#2621);
#2617 = LINE('',#2618,#2619);
#2618 = CARTESIAN_POINT('',(1.570796326795,-1.626043118037E-15));
#2619 = VECTOR('',#2620,1.);
#2620 = DIRECTION('',(1.,3.450570665549E-16));
#2621 = ( GEOMETRIC_REPRESENTATION_CONTEXT(2) 
PARAMETRIC_REPRESENTATION_CONTEXT() REPRESENTATION_CONTEXT('2D SPACE',''
  ) );
#2622 = ORIENTED_EDGE('',*,*,#2623,.T.);
#2623 = EDGE_CURVE('',#2595,#2540,#2624,.T.);
#2624 = SURFACE_CURVE('',#2625,(#2630,#2637),.PCURVE_S1.);
#2625 = CIRCLE('',#2626,0.63);
#2626 = AXIS2_PLACEMENT_3D('',#2627,#2628,#2629);
#2627 = CARTESIAN_POINT('',(28.756086123729,-6.396939484432,-5.));
#2628 = DIRECTION('',(0.965730490124,-0.259546952295,4.238665850285E-18)
  );
#2629 = DIRECTION('',(0.259546952295,0.965730490124,-1.192240047878E-16)
  );
#2630 = PCURVE('',#2551,#2631);
#2631 = DEFINITIONAL_REPRESENTATION('',(#2632),#2636);
#2632 = LINE('',#2633,#2634);
#2633 = CARTESIAN_POINT('',(3.14159265359,4.428594871176));
#2634 = VECTOR('',#2635,1.);
#2635 = DIRECTION('',(-1.,-6.785183320456E-15));
#2636 = ( GEOMETRIC_REPRESENTATION_CONTEXT(2) 
PARAMETRIC_REPRESENTATION_CONTEXT() REPRESENTATION_CONTEXT('2D SPACE',''
  ) );
#2637 = PCURVE('',#2638,#2643);
#2638 = TOROIDAL_SURFACE('',#2639,0.7,0.25);
#2639 = AXIS2_PLACEMENT_3D('',#2640,#2641,#2642);
#2640 = CARTESIAN_POINT('',(28.987861441358,-6.459230752982,-5.));
#2641 = DIRECTION('',(-0.965730490124,0.259546952295,-4.238665850285E-18
    ));
#2642 = DIRECTION('',(-0.259546952295,-0.965730490124,1.192240047878E-16
    ));
#2643 = DEFINITIONAL_REPRESENTATION('',(#2644),#2648);
#2644 = LINE('',#2645,#2646);
#2645 = CARTESIAN_POINT('',(3.14159265359,1.854590436003));
#2646 = VECTOR('',#2647,1.);
#2647 = DIRECTION('',(-1.,-4.806171518656E-15));
#2648 = ( GEOMETRIC_REPRESENTATION_CONTEXT(2) 
PARAMETRIC_REPRESENTATION_CONTEXT() REPRESENTATION_CONTEXT('2D SPACE',''
  ) );
#2649 = ADVANCED_FACE('',(#2650),#2665,.T.);
#2650 = FACE_BOUND('',#2651,.T.);
#2651 = EDGE_LOOP('',(#2652,#2683,#2707,#2731));
#2652 = ORIENTED_EDGE('',*,*,#2653,.T.);
#2653 = EDGE_CURVE('',#2654,#2656,#2658,.T.);
#2654 = VERTEX_POINT('',#2655);
#2655 = CARTESIAN_POINT('',(28.919600703674,-5.788529275654,-13.));
#2656 = VERTEX_POINT('',#2657);
#2657 = CARTESIAN_POINT('',(28.641106934631,-5.900069495325,-13.));
#2658 = SURFACE_CURVE('',#2659,(#2664,#2676),.PCURVE_S1.);
#2659 = CIRCLE('',#2660,0.25);
#2660 = AXIS2_PLACEMENT_3D('',#2661,#2662,#2663);
#2661 = CARTESIAN_POINT('',(28.705993672705,-5.658636872794,-13.));
#2662 = DIRECTION('',(2.058749954231E-15,-8.760043279116E-16,-1.));
#2663 = DIRECTION('',(-0.965730490124,0.259546952295,-2.215561855848E-15
    ));
#2664 = PCURVE('',#2665,#2670);
#2665 = TOROIDAL_SURFACE('',#2666,0.7,0.25);
#2666 = AXIS2_PLACEMENT_3D('',#2667,#2668,#2669);
#2667 = CARTESIAN_POINT('',(28.524310806099,-6.334648215881,-13.));
#2668 = DIRECTION('',(-0.965730490124,0.259546952295,-4.238665850285E-18
    ));
#2669 = DIRECTION('',(-0.259546952295,-0.965730490124,1.192240047878E-16
    ));
#2670 = DEFINITIONAL_REPRESENTATION('',(#2671),#2675);
#2671 = LINE('',#2672,#2673);
#2672 = CARTESIAN_POINT('',(3.14159265359,7.853981633974));
#2673 = VECTOR('',#2674,1.);
#2674 = DIRECTION('',(0.,-1.));
#2675 = ( GEOMETRIC_REPRESENTATION_CONTEXT(2) 
PARAMETRIC_REPRESENTATION_CONTEXT() REPRESENTATION_CONTEXT('2D SPACE',''
  ) );
#2676 = PCURVE('',#2611,#2677);
#2677 = DEFINITIONAL_REPRESENTATION('',(#2678),#2682);
#2678 = LINE('',#2679,#2680);
#2679 = CARTESIAN_POINT('',(1.570796326795,8.));
#2680 = VECTOR('',#2681,1.);
#2681 = DIRECTION('',(1.,6.901141331098E-16));
#2682 = ( GEOMETRIC_REPRESENTATION_CONTEXT(2) 
PARAMETRIC_REPRESENTATION_CONTEXT() REPRESENTATION_CONTEXT('2D SPACE',''
  ) );
#2683 = ORIENTED_EDGE('',*,*,#2684,.T.);
#2684 = EDGE_CURVE('',#2656,#2685,#2687,.T.);
#2685 = VERTEX_POINT('',#2686);
#2686 = CARTESIAN_POINT('',(28.524310806099,-6.334648215881,-13.45));
#2687 = SURFACE_CURVE('',#2688,(#2693,#2700),.PCURVE_S1.);
#2688 = CIRCLE('',#2689,0.45);
#2689 = AXIS2_PLACEMENT_3D('',#2690,#2691,#2692);
#2690 = CARTESIAN_POINT('',(28.524310806099,-6.334648215881,-13.));
#2691 = DIRECTION('',(-0.965730490124,0.259546952295,-4.238665850285E-18
    ));
#2692 = DIRECTION('',(-0.259546952295,-0.965730490124,1.192240047878E-16
    ));
#2693 = PCURVE('',#2665,#2694);
#2694 = DEFINITIONAL_REPRESENTATION('',(#2695),#2699);
#2695 = LINE('',#2696,#2697);
#2696 = CARTESIAN_POINT('',(0.,3.14159265359));
#2697 = VECTOR('',#2698,1.);
#2698 = DIRECTION('',(1.,-9.329627065626E-15));
#2699 = ( GEOMETRIC_REPRESENTATION_CONTEXT(2) 
PARAMETRIC_REPRESENTATION_CONTEXT() REPRESENTATION_CONTEXT('2D SPACE',''
  ) );
#2700 = PCURVE('',#2269,#2701);
#2701 = DEFINITIONAL_REPRESENTATION('',(#2702),#2706);
#2702 = LINE('',#2703,#2704);
#2703 = CARTESIAN_POINT('',(0.,3.14159265359));
#2704 = VECTOR('',#2705,1.);
#2705 = DIRECTION('',(1.,-9.329627065626E-15));
#2706 = ( GEOMETRIC_REPRESENTATION_CONTEXT(2) 
PARAMETRIC_REPRESENTATION_CONTEXT() REPRESENTATION_CONTEXT('2D SPACE',''
  ) );
#2707 = ORIENTED_EDGE('',*,*,#2708,.F.);
#2708 = EDGE_CURVE('',#2709,#2685,#2711,.T.);
#2709 = VERTEX_POINT('',#2710);
#2710 = CARTESIAN_POINT('',(28.756086123729,-6.396939484432,-13.63));
#2711 = SURFACE_CURVE('',#2712,(#2717,#2724),.PCURVE_S1.);
#2712 = CIRCLE('',#2713,0.25);
#2713 = AXIS2_PLACEMENT_3D('',#2714,#2715,#2716);
#2714 = CARTESIAN_POINT('',(28.524310806099,-6.334648215881,-13.7));
#2715 = DIRECTION('',(-0.259546952295,-0.965730490124,5.607987212962E-17
    ));
#2716 = DIRECTION('',(-0.965730490124,0.259546952295,-4.238665850285E-18
    ));
#2717 = PCURVE('',#2665,#2718);
#2718 = DEFINITIONAL_REPRESENTATION('',(#2719),#2723);
#2719 = LINE('',#2720,#2721);
#2720 = CARTESIAN_POINT('',(4.712388980385,7.853981633974));
#2721 = VECTOR('',#2722,1.);
#2722 = DIRECTION('',(1.38022826622E-15,-1.));
#2723 = ( GEOMETRIC_REPRESENTATION_CONTEXT(2) 
PARAMETRIC_REPRESENTATION_CONTEXT() REPRESENTATION_CONTEXT('2D SPACE',''
  ) );
#2724 = PCURVE('',#2449,#2725);
#2725 = DEFINITIONAL_REPRESENTATION('',(#2726),#2730);
#2726 = LINE('',#2727,#2728);
#2727 = CARTESIAN_POINT('',(-3.14159265359,-1.475729396674E-15));
#2728 = VECTOR('',#2729,1.);
#2729 = DIRECTION('',(1.,6.901141331098E-16));
#2730 = ( GEOMETRIC_REPRESENTATION_CONTEXT(2) 
PARAMETRIC_REPRESENTATION_CONTEXT() REPRESENTATION_CONTEXT('2D SPACE',''
  ) );
#2731 = ORIENTED_EDGE('',*,*,#2732,.T.);
#2732 = EDGE_CURVE('',#2709,#2654,#2733,.T.);
#2733 = SURFACE_CURVE('',#2734,(#2739,#2746),.PCURVE_S1.);
#2734 = CIRCLE('',#2735,0.63);
#2735 = AXIS2_PLACEMENT_3D('',#2736,#2737,#2738);
#2736 = CARTESIAN_POINT('',(28.756086123729,-6.396939484432,-13.));
#2737 = DIRECTION('',(0.965730490124,-0.259546952295,4.238665850285E-18)
  );
#2738 = DIRECTION('',(0.259546952295,0.965730490124,-1.192240047878E-16)
  );
#2739 = PCURVE('',#2665,#2740);
#2740 = DEFINITIONAL_REPRESENTATION('',(#2741),#2745);
#2741 = LINE('',#2742,#2743);
#2742 = CARTESIAN_POINT('',(9.424777960769,4.428594871176));
#2743 = VECTOR('',#2744,1.);
#2744 = DIRECTION('',(-1.,6.785183320456E-15));
#2745 = ( GEOMETRIC_REPRESENTATION_CONTEXT(2) 
PARAMETRIC_REPRESENTATION_CONTEXT() REPRESENTATION_CONTEXT('2D SPACE',''
  ) );
#2746 = PCURVE('',#2747,#2752);
#2747 = TOROIDAL_SURFACE('',#2748,0.7,0.25);
#2748 = AXIS2_PLACEMENT_3D('',#2749,#2750,#2751);
#2749 = CARTESIAN_POINT('',(28.987861441358,-6.459230752982,-13.));
#2750 = DIRECTION('',(-0.965730490124,0.259546952295,-4.238665850285E-18
    ));
#2751 = DIRECTION('',(-0.259546952295,-0.965730490124,1.192240047878E-16
    ));
#2752 = DEFINITIONAL_REPRESENTATION('',(#2753),#2757);
#2753 = LINE('',#2754,#2755);
#2754 = CARTESIAN_POINT('',(9.424777960769,1.854590436003));
#2755 = VECTOR('',#2756,1.);
#2756 = DIRECTION('',(-1.,4.806171518656E-15));
#2757 = ( GEOMETRIC_REPRESENTATION_CONTEXT(2) 
PARAMETRIC_REPRESENTATION_CONTEXT() REPRESENTATION_CONTEXT('2D SPACE',''
  ) );
#2758 = ADVANCED_FACE('',(#2759),#2774,.T.);
#2759 = FACE_BOUND('',#2760,.T.);
#2760 = EDGE_LOOP('',(#2761,#2819,#2843,#2872));
#2761 = ORIENTED_EDGE('',*,*,#2762,.T.);
#2762 = EDGE_CURVE('',#2763,#2765,#2767,.T.);
#2763 = VERTEX_POINT('',#2764);
#2764 = CARTESIAN_POINT('',(28.388653063175,-9.613472378672,-5.));
#2765 = VERTEX_POINT('',#2766);
#2766 = CARTESIAN_POINT('',(28.203596196958,-9.377349621899,-5.));
#2767 = SURFACE_CURVE('',#2768,(#2773,#2807),.PCURVE_S1.);
#2768 = CIRCLE('',#2769,0.25);
#2769 = AXIS2_PLACEMENT_3D('',#2770,#2771,#2772);
#2770 = CARTESIAN_POINT('',(28.138709458885,-9.61878224443,-5.));
#2771 = DIRECTION('',(2.198264433489E-15,-3.24232415865E-16,1.));
#2772 = DIRECTION('',(-0.965730490124,0.259546952295,2.207084524148E-15)
  );
#2773 = PCURVE('',#2774,#2779);
#2774 = TOROIDAL_SURFACE('',#2775,0.7,0.25);
#2775 = AXIS2_PLACEMENT_3D('',#2776,#2777,#2778);
#2776 = CARTESIAN_POINT('',(28.320392325491,-8.942770901344,-5.));
#2777 = DIRECTION('',(-0.965730490124,0.259546952295,-4.238665850285E-18
    ));
#2778 = DIRECTION('',(-0.259546952295,-0.965730490124,1.192240047878E-16
    ));
#2779 = DEFINITIONAL_REPRESENTATION('',(#2780),#2806);
#2780 = B_SPLINE_CURVE_WITH_KNOTS('',3,(#2781,#2782,#2783,#2784,#2785,
    #2786,#2787,#2788,#2789,#2790,#2791,#2792,#2793,#2794,#2795,#2796,
    #2797,#2798,#2799,#2800,#2801,#2802,#2803,#2804,#2805),
  .UNSPECIFIED.,.F.,.F.,(4,1,1,1,1,1,1,1,1,1,1,1,1,1,1,1,1,1,1,1,1,1,4),
  (3.425386762798,3.483886863597,3.542386964397,3.600887065196,
    3.659387165996,3.717887266795,3.776387367594,3.834887468394,
    3.893387569193,3.951887669993,4.010387770792,4.068887871591,
    4.127387972391,4.18588807319,4.24438817399,4.302888274789,
    4.361388375588,4.419888476388,4.478388577187,4.536888677987,
    4.595388778786,4.653888879585,4.712388980385),
  .QUASI_UNIFORM_KNOTS.);
#2781 = CARTESIAN_POINT('',(0.,4.428594871176));
#2782 = CARTESIAN_POINT('',(0.,4.409094837577));
#2783 = CARTESIAN_POINT('',(-1.7763568394E-15,4.370094770377));
#2784 = CARTESIAN_POINT('',(-8.881784197001E-16,4.311594669578));
#2785 = CARTESIAN_POINT('',(-8.881784197001E-16,4.253094568778));
#2786 = CARTESIAN_POINT('',(-1.7763568394E-15,4.194594467979));
#2787 = CARTESIAN_POINT('',(-8.881784197001E-16,4.136094367179));
#2788 = CARTESIAN_POINT('',(-2.6645352591E-15,4.07759426638));
#2789 = CARTESIAN_POINT('',(0.,4.019094165581));
#2790 = CARTESIAN_POINT('',(-8.881784197001E-16,3.960594064781));
#2791 = CARTESIAN_POINT('',(-1.7763568394E-15,3.902093963982));
#2792 = CARTESIAN_POINT('',(0.,3.843593863182));
#2793 = CARTESIAN_POINT('',(-2.6645352591E-15,3.785093762383));
#2794 = CARTESIAN_POINT('',(1.7763568394E-15,3.726593661584));
#2795 = CARTESIAN_POINT('',(-1.7763568394E-15,3.668093560784));
#2796 = CARTESIAN_POINT('',(-8.881784197001E-16,3.609593459985));
#2797 = CARTESIAN_POINT('',(-8.881784197001E-16,3.551093359185));
#2798 = CARTESIAN_POINT('',(0.,3.492593258386));
#2799 = CARTESIAN_POINT('',(-1.7763568394E-15,3.434093157587));
#2800 = CARTESIAN_POINT('',(0.,3.375593056787));
#2801 = CARTESIAN_POINT('',(0.,3.317092955988));
#2802 = CARTESIAN_POINT('',(8.881784197001E-16,3.258592855189));
#2803 = CARTESIAN_POINT('',(8.881784197001E-16,3.200092754389));
#2804 = CARTESIAN_POINT('',(0.,3.16109268719));
#2805 = CARTESIAN_POINT('',(0.,3.14159265359));
#2806 = ( GEOMETRIC_REPRESENTATION_CONTEXT(2) 
PARAMETRIC_REPRESENTATION_CONTEXT() REPRESENTATION_CONTEXT('2D SPACE',''
  ) );
#2807 = PCURVE('',#2808,#2813);
#2808 = CYLINDRICAL_SURFACE('',#2809,0.25);
#2809 = AXIS2_PLACEMENT_3D('',#2810,#2811,#2812);
#2810 = CARTESIAN_POINT('',(28.138709458885,-9.61878224443,-13.));
#2811 = DIRECTION('',(-1.28931872002E-18,1.153367983869E-17,1.));
#2812 = DIRECTION('',(0.259546952295,0.965730490124,-1.080378753923E-17)
  );
#2813 = DEFINITIONAL_REPRESENTATION('',(#2814),#2818);
#2814 = LINE('',#2815,#2816);
#2815 = CARTESIAN_POINT('',(1.570796326795,8.));
#2816 = VECTOR('',#2817,1.);
#2817 = DIRECTION('',(1.,6.901141331098E-16));
#2818 = ( GEOMETRIC_REPRESENTATION_CONTEXT(2) 
PARAMETRIC_REPRESENTATION_CONTEXT() REPRESENTATION_CONTEXT('2D SPACE',''
  ) );
#2819 = ORIENTED_EDGE('',*,*,#2820,.T.);
#2820 = EDGE_CURVE('',#2765,#2821,#2823,.T.);
#2821 = VERTEX_POINT('',#2822);
#2822 = CARTESIAN_POINT('',(28.320392325491,-8.942770901344,-4.55));
#2823 = SURFACE_CURVE('',#2824,(#2829,#2836),.PCURVE_S1.);
#2824 = CIRCLE('',#2825,0.45);
#2825 = AXIS2_PLACEMENT_3D('',#2826,#2827,#2828);
#2826 = CARTESIAN_POINT('',(28.320392325491,-8.942770901344,-5.));
#2827 = DIRECTION('',(-0.965730490124,0.259546952295,-4.238665850285E-18
    ));
#2828 = DIRECTION('',(-0.259546952295,-0.965730490124,1.192240047878E-16
    ));
#2829 = PCURVE('',#2774,#2830);
#2830 = DEFINITIONAL_REPRESENTATION('',(#2831),#2835);
#2831 = LINE('',#2832,#2833);
#2832 = CARTESIAN_POINT('',(0.,3.14159265359));
#2833 = VECTOR('',#2834,1.);
#2834 = DIRECTION('',(1.,-9.046911093941E-15));
#2835 = ( GEOMETRIC_REPRESENTATION_CONTEXT(2) 
PARAMETRIC_REPRESENTATION_CONTEXT() REPRESENTATION_CONTEXT('2D SPACE',''
  ) );
#2836 = PCURVE('',#2410,#2837);
#2837 = DEFINITIONAL_REPRESENTATION('',(#2838),#2842);
#2838 = LINE('',#2839,#2840);
#2839 = CARTESIAN_POINT('',(0.,3.14159265359));
#2840 = VECTOR('',#2841,1.);
#2841 = DIRECTION('',(1.,-9.046911093941E-15));
#2842 = ( GEOMETRIC_REPRESENTATION_CONTEXT(2) 
PARAMETRIC_REPRESENTATION_CONTEXT() REPRESENTATION_CONTEXT('2D SPACE',''
  ) );
#2843 = ORIENTED_EDGE('',*,*,#2844,.F.);
#2844 = EDGE_CURVE('',#2845,#2821,#2847,.T.);
#2845 = VERTEX_POINT('',#2846);
#2846 = CARTESIAN_POINT('',(28.552167643121,-9.005062169894,-4.37));
#2847 = SURFACE_CURVE('',#2848,(#2853,#2860),.PCURVE_S1.);
#2848 = CIRCLE('',#2849,0.25);
#2849 = AXIS2_PLACEMENT_3D('',#2850,#2851,#2852);
#2850 = CARTESIAN_POINT('',(28.320392325491,-8.942770901344,-4.3));
#2851 = DIRECTION('',(0.259546952295,0.965730490124,-3.658519214112E-16)
  );
#2852 = DIRECTION('',(-0.965730490124,0.259546952295,-4.238665850285E-18
    ));
#2853 = PCURVE('',#2774,#2854);
#2854 = DEFINITIONAL_REPRESENTATION('',(#2855),#2859);
#2855 = LINE('',#2856,#2857);
#2856 = CARTESIAN_POINT('',(1.570796326795,7.853981633974));
#2857 = VECTOR('',#2858,1.);
#2858 = DIRECTION('',(0.,-1.));
#2859 = ( GEOMETRIC_REPRESENTATION_CONTEXT(2) 
PARAMETRIC_REPRESENTATION_CONTEXT() REPRESENTATION_CONTEXT('2D SPACE',''
  ) );
#2860 = PCURVE('',#2861,#2866);
#2861 = CYLINDRICAL_SURFACE('',#2862,0.25);
#2862 = AXIS2_PLACEMENT_3D('',#2863,#2864,#2865);
#2863 = CARTESIAN_POINT('',(28.320392325491,-8.942770901344,-4.3));
#2864 = DIRECTION('',(0.259546952295,0.965730490124,-4.564996783438E-16)
  );
#2865 = DIRECTION('',(-1.143896913886E-16,-4.419557909115E-16,-1.));
#2866 = DEFINITIONAL_REPRESENTATION('',(#2867),#2871);
#2867 = LINE('',#2868,#2869);
#2868 = CARTESIAN_POINT('',(1.570796326795,0.));
#2869 = VECTOR('',#2870,1.);
#2870 = DIRECTION('',(1.,0.));
#2871 = ( GEOMETRIC_REPRESENTATION_CONTEXT(2) 
PARAMETRIC_REPRESENTATION_CONTEXT() REPRESENTATION_CONTEXT('2D SPACE',''
  ) );
#2872 = ORIENTED_EDGE('',*,*,#2873,.T.);
#2873 = EDGE_CURVE('',#2845,#2763,#2874,.T.);
#2874 = SURFACE_CURVE('',#2875,(#2880,#2887),.PCURVE_S1.);
#2875 = CIRCLE('',#2876,0.63);
#2876 = AXIS2_PLACEMENT_3D('',#2877,#2878,#2879);
#2877 = CARTESIAN_POINT('',(28.552167643121,-9.005062169894,-5.));
#2878 = DIRECTION('',(0.965730490124,-0.259546952295,4.238665850285E-18)
  );
#2879 = DIRECTION('',(0.259546952295,0.965730490124,-1.192240047878E-16)
  );
#2880 = PCURVE('',#2774,#2881);
#2881 = DEFINITIONAL_REPRESENTATION('',(#2882),#2886);
#2882 = LINE('',#2883,#2884);
#2883 = CARTESIAN_POINT('',(3.14159265359,4.428594871176));
#2884 = VECTOR('',#2885,1.);
#2885 = DIRECTION('',(-1.,-6.785183320455E-15));
#2886 = ( GEOMETRIC_REPRESENTATION_CONTEXT(2) 
PARAMETRIC_REPRESENTATION_CONTEXT() REPRESENTATION_CONTEXT('2D SPACE',''
  ) );
#2887 = PCURVE('',#2888,#2893);
#2888 = TOROIDAL_SURFACE('',#2889,0.7,0.25);
#2889 = AXIS2_PLACEMENT_3D('',#2890,#2891,#2892);
#2890 = CARTESIAN_POINT('',(28.78394296075,-9.067353438445,-5.));
#2891 = DIRECTION('',(-0.965730490124,0.259546952295,-4.238665850285E-18
    ));
#2892 = DIRECTION('',(-0.259546952295,-0.965730490124,1.192240047878E-16
    ));
#2893 = DEFINITIONAL_REPRESENTATION('',(#2894),#2898);
#2894 = LINE('',#2895,#2896);
#2895 = CARTESIAN_POINT('',(3.14159265359,1.854590436003));
#2896 = VECTOR('',#2897,1.);
#2897 = DIRECTION('',(-1.,2.120369787642E-15));
#2898 = ( GEOMETRIC_REPRESENTATION_CONTEXT(2) 
PARAMETRIC_REPRESENTATION_CONTEXT() REPRESENTATION_CONTEXT('2D SPACE',''
  ) );
#2899 = ADVANCED_FACE('',(#2900),#2915,.T.);
#2900 = FACE_BOUND('',#2901,.T.);
#2901 = EDGE_LOOP('',(#2902,#2938,#2962,#2986));
#2902 = ORIENTED_EDGE('',*,*,#2903,.T.);
#2903 = EDGE_CURVE('',#2904,#2906,#2908,.T.);
#2904 = VERTEX_POINT('',#2905);
#2905 = CARTESIAN_POINT('',(28.552167643121,-9.005062169894,-13.63));
#2906 = VERTEX_POINT('',#2907);
#2907 = CARTESIAN_POINT('',(28.320392325491,-8.942770901344,-13.45));
#2908 = SURFACE_CURVE('',#2909,(#2914,#2926),.PCURVE_S1.);
#2909 = CIRCLE('',#2910,0.25);
#2910 = AXIS2_PLACEMENT_3D('',#2911,#2912,#2913);
#2911 = CARTESIAN_POINT('',(28.320392325491,-8.942770901344,-13.7));
#2912 = DIRECTION('',(-0.259546952295,-0.965730490124,3.658519214112E-16
    ));
#2913 = DIRECTION('',(-0.965730490124,0.259546952295,-4.238665850284E-18
    ));
#2914 = PCURVE('',#2915,#2920);
#2915 = TOROIDAL_SURFACE('',#2916,0.7,0.25);
#2916 = AXIS2_PLACEMENT_3D('',#2917,#2918,#2919);
#2917 = CARTESIAN_POINT('',(28.320392325491,-8.942770901344,-13.));
#2918 = DIRECTION('',(-0.965730490124,0.259546952295,-4.238665850285E-18
    ));
#2919 = DIRECTION('',(-0.259546952295,-0.965730490124,1.192240047878E-16
    ));
#2920 = DEFINITIONAL_REPRESENTATION('',(#2921),#2925);
#2921 = LINE('',#2922,#2923);
#2922 = CARTESIAN_POINT('',(4.712388980385,7.853981633974));
#2923 = VECTOR('',#2924,1.);
#2924 = DIRECTION('',(6.901141331098E-16,-1.));
#2925 = ( GEOMETRIC_REPRESENTATION_CONTEXT(2) 
PARAMETRIC_REPRESENTATION_CONTEXT() REPRESENTATION_CONTEXT('2D SPACE',''
  ) );
#2926 = PCURVE('',#2927,#2932);
#2927 = CYLINDRICAL_SURFACE('',#2928,0.25);
#2928 = AXIS2_PLACEMENT_3D('',#2929,#2930,#2931);
#2929 = CARTESIAN_POINT('',(28.987861441358,-6.459230752982,-13.7));
#2930 = DIRECTION('',(-0.259546952295,-0.965730490124,1.192240047878E-16
    ));
#2931 = DIRECTION('',(0.965730490124,-0.259546952295,4.238665850285E-18)
  );
#2932 = DEFINITIONAL_REPRESENTATION('',(#2933),#2937);
#2933 = LINE('',#2934,#2935);
#2934 = CARTESIAN_POINT('',(-3.14159265359,2.571670019493));
#2935 = VECTOR('',#2936,1.);
#2936 = DIRECTION('',(1.,6.901141331098E-16));
#2937 = ( GEOMETRIC_REPRESENTATION_CONTEXT(2) 
PARAMETRIC_REPRESENTATION_CONTEXT() REPRESENTATION_CONTEXT('2D SPACE',''
  ) );
#2938 = ORIENTED_EDGE('',*,*,#2939,.T.);
#2939 = EDGE_CURVE('',#2906,#2940,#2942,.T.);
#2940 = VERTEX_POINT('',#2941);
#2941 = CARTESIAN_POINT('',(28.203596196958,-9.377349621899,-13.));
#2942 = SURFACE_CURVE('',#2943,(#2948,#2955),.PCURVE_S1.);
#2943 = CIRCLE('',#2944,0.45);
#2944 = AXIS2_PLACEMENT_3D('',#2945,#2946,#2947);
#2945 = CARTESIAN_POINT('',(28.320392325491,-8.942770901344,-13.));
#2946 = DIRECTION('',(-0.965730490124,0.259546952295,-4.238665850285E-18
    ));
#2947 = DIRECTION('',(-0.259546952295,-0.965730490124,1.192240047878E-16
    ));
#2948 = PCURVE('',#2915,#2949);
#2949 = DEFINITIONAL_REPRESENTATION('',(#2950),#2954);
#2950 = LINE('',#2951,#2952);
#2951 = CARTESIAN_POINT('',(0.,3.14159265359));
#2952 = VECTOR('',#2953,1.);
#2953 = DIRECTION('',(1.,9.046911093941E-15));
#2954 = ( GEOMETRIC_REPRESENTATION_CONTEXT(2) 
PARAMETRIC_REPRESENTATION_CONTEXT() REPRESENTATION_CONTEXT('2D SPACE',''
  ) );
#2955 = PCURVE('',#2524,#2956);
#2956 = DEFINITIONAL_REPRESENTATION('',(#2957),#2961);
#2957 = LINE('',#2958,#2959);
#2958 = CARTESIAN_POINT('',(0.,3.14159265359));
#2959 = VECTOR('',#2960,1.);
#2960 = DIRECTION('',(1.,9.046911093941E-15));
#2961 = ( GEOMETRIC_REPRESENTATION_CONTEXT(2) 
PARAMETRIC_REPRESENTATION_CONTEXT() REPRESENTATION_CONTEXT('2D SPACE',''
  ) );
#2962 = ORIENTED_EDGE('',*,*,#2963,.F.);
#2963 = EDGE_CURVE('',#2964,#2940,#2966,.T.);
#2964 = VERTEX_POINT('',#2965);
#2965 = CARTESIAN_POINT('',(28.388653063175,-9.613472378672,-13.));
#2966 = SURFACE_CURVE('',#2967,(#2972,#2979),.PCURVE_S1.);
#2967 = CIRCLE('',#2968,0.25);
#2968 = AXIS2_PLACEMENT_3D('',#2969,#2970,#2971);
#2969 = CARTESIAN_POINT('',(28.138709458885,-9.61878224443,-13.));
#2970 = DIRECTION('',(2.198264433489E-15,-3.24232415865E-16,1.));
#2971 = DIRECTION('',(-0.965730490124,0.259546952295,2.207084524148E-15)
  );
#2972 = PCURVE('',#2915,#2973);
#2973 = DEFINITIONAL_REPRESENTATION('',(#2974),#2978);
#2974 = LINE('',#2975,#2976);
#2975 = CARTESIAN_POINT('',(6.28318530718,7.853981633974));
#2976 = VECTOR('',#2977,1.);
#2977 = DIRECTION('',(0.,-1.));
#2978 = ( GEOMETRIC_REPRESENTATION_CONTEXT(2) 
PARAMETRIC_REPRESENTATION_CONTEXT() REPRESENTATION_CONTEXT('2D SPACE',''
  ) );
#2979 = PCURVE('',#2808,#2980);
#2980 = DEFINITIONAL_REPRESENTATION('',(#2981),#2985);
#2981 = LINE('',#2982,#2983);
#2982 = CARTESIAN_POINT('',(1.570796326795,-4.878129354111E-15));
#2983 = VECTOR('',#2984,1.);
#2984 = DIRECTION('',(1.,1.035171199665E-15));
#2985 = ( GEOMETRIC_REPRESENTATION_CONTEXT(2) 
PARAMETRIC_REPRESENTATION_CONTEXT() REPRESENTATION_CONTEXT('2D SPACE',''
  ) );
#2986 = ORIENTED_EDGE('',*,*,#2987,.T.);
#2987 = EDGE_CURVE('',#2964,#2904,#2988,.T.);
#2988 = SURFACE_CURVE('',#2989,(#2994,#3001),.PCURVE_S1.);
#2989 = CIRCLE('',#2990,0.63);
#2990 = AXIS2_PLACEMENT_3D('',#2991,#2992,#2993);
#2991 = CARTESIAN_POINT('',(28.552167643121,-9.005062169894,-13.));
#2992 = DIRECTION('',(0.965730490124,-0.259546952295,4.238665850285E-18)
  );
#2993 = DIRECTION('',(0.259546952295,0.965730490124,-1.192240047878E-16)
  );
#2994 = PCURVE('',#2915,#2995);
#2995 = DEFINITIONAL_REPRESENTATION('',(#2996),#3000);
#2996 = LINE('',#2997,#2998);
#2997 = CARTESIAN_POINT('',(9.424777960769,4.428594871176));
#2998 = VECTOR('',#2999,1.);
#2999 = DIRECTION('',(-1.,6.219751377084E-15));
#3000 = ( GEOMETRIC_REPRESENTATION_CONTEXT(2) 
PARAMETRIC_REPRESENTATION_CONTEXT() REPRESENTATION_CONTEXT('2D SPACE',''
  ) );
#3001 = PCURVE('',#3002,#3007);
#3002 = TOROIDAL_SURFACE('',#3003,0.7,0.25);
#3003 = AXIS2_PLACEMENT_3D('',#3004,#3005,#3006);
#3004 = CARTESIAN_POINT('',(28.78394296075,-9.067353438445,-13.));
#3005 = DIRECTION('',(-0.965730490124,0.259546952295,-4.238665850285E-18
    ));
#3006 = DIRECTION('',(-0.259546952295,-0.965730490124,1.192240047878E-16
    ));
#3007 = DEFINITIONAL_REPRESENTATION('',(#3008),#3012);
#3008 = LINE('',#3009,#3010);
#3009 = CARTESIAN_POINT('',(9.424777960769,1.854590436003));
#3010 = VECTOR('',#3011,1.);
#3011 = DIRECTION('',(-1.,-2.120369787642E-15));
#3012 = ( GEOMETRIC_REPRESENTATION_CONTEXT(2) 
PARAMETRIC_REPRESENTATION_CONTEXT() REPRESENTATION_CONTEXT('2D SPACE',''
  ) );
#3013 = ADVANCED_FACE('',(#3014),#3029,.T.);
#3014 = FACE_BOUND('',#3015,.T.);
#3015 = EDGE_LOOP('',(#3016,#3047,#3071,#3100));
#3016 = ORIENTED_EDGE('',*,*,#3017,.T.);
#3017 = EDGE_CURVE('',#3018,#3020,#3022,.T.);
#3018 = VERTEX_POINT('',#3019);
#3019 = CARTESIAN_POINT('',(29.219636758988,-6.521522021533,-4.37));
#3020 = VERTEX_POINT('',#3021);
#3021 = CARTESIAN_POINT('',(28.987861441358,-6.459230752982,-4.55));
#3022 = SURFACE_CURVE('',#3023,(#3028,#3040),.PCURVE_S1.);
#3023 = CIRCLE('',#3024,0.25);
#3024 = AXIS2_PLACEMENT_3D('',#3025,#3026,#3027);
#3025 = CARTESIAN_POINT('',(28.987861441358,-6.459230752982,-4.3));
#3026 = DIRECTION('',(0.259546952295,0.965730490124,-7.031275949673E-16)
  );
#3027 = DIRECTION('',(-0.965730490124,0.259546952295,-4.238665850286E-18
    ));
#3028 = PCURVE('',#3029,#3034);
#3029 = TOROIDAL_SURFACE('',#3030,0.7,0.25);
#3030 = AXIS2_PLACEMENT_3D('',#3031,#3032,#3033);
#3031 = CARTESIAN_POINT('',(28.987861441358,-6.459230752982,-5.));
#3032 = DIRECTION('',(-0.965730490124,0.259546952295,-4.238665850285E-18
    ));
#3033 = DIRECTION('',(-0.259546952295,-0.965730490124,1.192240047878E-16
    ));
#3034 = DEFINITIONAL_REPRESENTATION('',(#3035),#3039);
#3035 = LINE('',#3036,#3037);
#3036 = CARTESIAN_POINT('',(1.570796326795,7.853981633974));
#3037 = VECTOR('',#3038,1.);
#3038 = DIRECTION('',(-1.207699732942E-15,-1.));
#3039 = ( GEOMETRIC_REPRESENTATION_CONTEXT(2) 
PARAMETRIC_REPRESENTATION_CONTEXT() REPRESENTATION_CONTEXT('2D SPACE',''
  ) );
#3040 = PCURVE('',#2861,#3041);
#3041 = DEFINITIONAL_REPRESENTATION('',(#3042),#3046);
#3042 = LINE('',#3043,#3044);
#3043 = CARTESIAN_POINT('',(1.570796326795,2.571670019493));
#3044 = VECTOR('',#3045,1.);
#3045 = DIRECTION('',(1.,-6.901141331098E-16));
#3046 = ( GEOMETRIC_REPRESENTATION_CONTEXT(2) 
PARAMETRIC_REPRESENTATION_CONTEXT() REPRESENTATION_CONTEXT('2D SPACE',''
  ) );
#3047 = ORIENTED_EDGE('',*,*,#3048,.T.);
#3048 = EDGE_CURVE('',#3020,#3049,#3051,.T.);
#3049 = VERTEX_POINT('',#3050);
#3050 = CARTESIAN_POINT('',(29.104657569891,-6.024652032427,-5.));
#3051 = SURFACE_CURVE('',#3052,(#3057,#3064),.PCURVE_S1.);
#3052 = CIRCLE('',#3053,0.45);
#3053 = AXIS2_PLACEMENT_3D('',#3054,#3055,#3056);
#3054 = CARTESIAN_POINT('',(28.987861441358,-6.459230752982,-5.));
#3055 = DIRECTION('',(-0.965730490124,0.259546952295,-4.238665850285E-18
    ));
#3056 = DIRECTION('',(-0.259546952295,-0.965730490124,1.192240047878E-16
    ));
#3057 = PCURVE('',#3029,#3058);
#3058 = DEFINITIONAL_REPRESENTATION('',(#3059),#3063);
#3059 = LINE('',#3060,#3061);
#3060 = CARTESIAN_POINT('',(0.,3.14159265359));
#3061 = VECTOR('',#3062,1.);
#3062 = DIRECTION('',(1.,-9.046911093941E-15));
#3063 = ( GEOMETRIC_REPRESENTATION_CONTEXT(2) 
PARAMETRIC_REPRESENTATION_CONTEXT() REPRESENTATION_CONTEXT('2D SPACE',''
  ) );
#3064 = PCURVE('',#2638,#3065);
#3065 = DEFINITIONAL_REPRESENTATION('',(#3066),#3070);
#3066 = LINE('',#3067,#3068);
#3067 = CARTESIAN_POINT('',(0.,3.14159265359));
#3068 = VECTOR('',#3069,1.);
#3069 = DIRECTION('',(1.,-9.046911093941E-15));
#3070 = ( GEOMETRIC_REPRESENTATION_CONTEXT(2) 
PARAMETRIC_REPRESENTATION_CONTEXT() REPRESENTATION_CONTEXT('2D SPACE',''
  ) );
#3071 = ORIENTED_EDGE('',*,*,#3072,.F.);
#3072 = EDGE_CURVE('',#3073,#3049,#3075,.T.);
#3073 = VERTEX_POINT('',#3074);
#3074 = CARTESIAN_POINT('',(29.383151338934,-5.913111812755,-5.));
#3075 = SURFACE_CURVE('',#3076,(#3081,#3088),.PCURVE_S1.);
#3076 = CIRCLE('',#3077,0.25);
#3077 = AXIS2_PLACEMENT_3D('',#3078,#3079,#3080);
#3078 = CARTESIAN_POINT('',(29.169544307965,-5.783219409896,-5.));
#3079 = DIRECTION('',(2.044679885754E-15,-9.283566826829E-16,-1.));
#3080 = DIRECTION('',(-0.965730490124,0.259546952295,-2.215561855848E-15
    ));
#3081 = PCURVE('',#3029,#3082);
#3082 = DEFINITIONAL_REPRESENTATION('',(#3083),#3087);
#3083 = LINE('',#3084,#3085);
#3084 = CARTESIAN_POINT('',(3.14159265359,7.853981633974));
#3085 = VECTOR('',#3086,1.);
#3086 = DIRECTION('',(1.035171199665E-15,-1.));
#3087 = ( GEOMETRIC_REPRESENTATION_CONTEXT(2) 
PARAMETRIC_REPRESENTATION_CONTEXT() REPRESENTATION_CONTEXT('2D SPACE',''
  ) );
#3088 = PCURVE('',#3089,#3094);
#3089 = CYLINDRICAL_SURFACE('',#3090,0.25);
#3090 = AXIS2_PLACEMENT_3D('',#3091,#3092,#3093);
#3091 = CARTESIAN_POINT('',(29.169544307965,-5.783219409896,-5.));
#3092 = DIRECTION('',(-1.278074975698E-17,-6.388603461007E-17,-1.));
#3093 = DIRECTION('',(-0.259546952295,-0.965730490124,6.50138961635E-17)
  );
#3094 = DEFINITIONAL_REPRESENTATION('',(#3095),#3099);
#3095 = LINE('',#3096,#3097);
#3096 = CARTESIAN_POINT('',(1.570796326795,-1.626043118037E-15));
#3097 = VECTOR('',#3098,1.);
#3098 = DIRECTION('',(1.,3.450570665549E-16));
#3099 = ( GEOMETRIC_REPRESENTATION_CONTEXT(2) 
PARAMETRIC_REPRESENTATION_CONTEXT() REPRESENTATION_CONTEXT('2D SPACE',''
  ) );
#3100 = ORIENTED_EDGE('',*,*,#3101,.T.);
#3101 = EDGE_CURVE('',#3073,#3018,#3102,.T.);
#3102 = SURFACE_CURVE('',#3103,(#3108,#3115),.PCURVE_S1.);
#3103 = CIRCLE('',#3104,0.63);
#3104 = AXIS2_PLACEMENT_3D('',#3105,#3106,#3107);
#3105 = CARTESIAN_POINT('',(29.219636758988,-6.521522021533,-5.));
#3106 = DIRECTION('',(0.965730490124,-0.259546952295,4.238665850285E-18)
  );
#3107 = DIRECTION('',(0.259546952295,0.965730490124,-1.192240047878E-16)
  );
#3108 = PCURVE('',#3029,#3109);
#3109 = DEFINITIONAL_REPRESENTATION('',(#3110),#3114);
#3110 = LINE('',#3111,#3112);
#3111 = CARTESIAN_POINT('',(3.14159265359,4.428594871176));
#3112 = VECTOR('',#3113,1.);
#3113 = DIRECTION('',(-1.,4.52345554697E-15));
#3114 = ( GEOMETRIC_REPRESENTATION_CONTEXT(2) 
PARAMETRIC_REPRESENTATION_CONTEXT() REPRESENTATION_CONTEXT('2D SPACE',''
  ) );
#3115 = PCURVE('',#3116,#3121);
#3116 = TOROIDAL_SURFACE('',#3117,0.7,0.25);
#3117 = AXIS2_PLACEMENT_3D('',#3118,#3119,#3120);
#3118 = CARTESIAN_POINT('',(29.451412076618,-6.583813290084,-5.));
#3119 = DIRECTION('',(-0.965730490124,0.259546952295,-4.238665850285E-18
    ));
#3120 = DIRECTION('',(-0.259546952295,-0.965730490124,1.192240047878E-16
    ));
#3121 = DEFINITIONAL_REPRESENTATION('',(#3122),#3126);
#3122 = LINE('',#3123,#3124);
#3123 = CARTESIAN_POINT('',(3.14159265359,1.854590436003));
#3124 = VECTOR('',#3125,1.);
#3125 = DIRECTION('',(-1.,4.240739575285E-16));
#3126 = ( GEOMETRIC_REPRESENTATION_CONTEXT(2) 
PARAMETRIC_REPRESENTATION_CONTEXT() REPRESENTATION_CONTEXT('2D SPACE',''
  ) );
#3127 = ADVANCED_FACE('',(#3128),#3143,.T.);
#3128 = FACE_BOUND('',#3129,.T.);
#3129 = EDGE_LOOP('',(#3130,#3161,#3185,#3209));
#3130 = ORIENTED_EDGE('',*,*,#3131,.T.);
#3131 = EDGE_CURVE('',#3132,#3134,#3136,.T.);
#3132 = VERTEX_POINT('',#3133);
#3133 = CARTESIAN_POINT('',(29.383151338934,-5.913111812755,-13.));
#3134 = VERTEX_POINT('',#3135);
#3135 = CARTESIAN_POINT('',(29.104657569891,-6.024652032427,-13.));
#3136 = SURFACE_CURVE('',#3137,(#3142,#3154),.PCURVE_S1.);
#3137 = CIRCLE('',#3138,0.25);
#3138 = AXIS2_PLACEMENT_3D('',#3139,#3140,#3141);
#3139 = CARTESIAN_POINT('',(29.169544307965,-5.783219409896,-13.));
#3140 = DIRECTION('',(2.058749954231E-15,-8.760043279116E-16,-1.));
#3141 = DIRECTION('',(-0.965730490124,0.259546952295,-2.215561855848E-15
    ));
#3142 = PCURVE('',#3143,#3148);
#3143 = TOROIDAL_SURFACE('',#3144,0.7,0.25);
#3144 = AXIS2_PLACEMENT_3D('',#3145,#3146,#3147);
#3145 = CARTESIAN_POINT('',(28.987861441358,-6.459230752982,-13.));
#3146 = DIRECTION('',(-0.965730490124,0.259546952295,-4.238665850285E-18
    ));
#3147 = DIRECTION('',(-0.259546952295,-0.965730490124,1.192240047878E-16
    ));
#3148 = DEFINITIONAL_REPRESENTATION('',(#3149),#3153);
#3149 = LINE('',#3150,#3151);
#3150 = CARTESIAN_POINT('',(3.14159265359,7.853981633974));
#3151 = VECTOR('',#3152,1.);
#3152 = DIRECTION('',(0.,-1.));
#3153 = ( GEOMETRIC_REPRESENTATION_CONTEXT(2) 
PARAMETRIC_REPRESENTATION_CONTEXT() REPRESENTATION_CONTEXT('2D SPACE',''
  ) );
#3154 = PCURVE('',#3089,#3155);
#3155 = DEFINITIONAL_REPRESENTATION('',(#3156),#3160);
#3156 = LINE('',#3157,#3158);
#3157 = CARTESIAN_POINT('',(1.570796326795,8.));
#3158 = VECTOR('',#3159,1.);
#3159 = DIRECTION('',(1.,6.901141331098E-16));
#3160 = ( GEOMETRIC_REPRESENTATION_CONTEXT(2) 
PARAMETRIC_REPRESENTATION_CONTEXT() REPRESENTATION_CONTEXT('2D SPACE',''
  ) );
#3161 = ORIENTED_EDGE('',*,*,#3162,.T.);
#3162 = EDGE_CURVE('',#3134,#3163,#3165,.T.);
#3163 = VERTEX_POINT('',#3164);
#3164 = CARTESIAN_POINT('',(28.987861441358,-6.459230752982,-13.45));
#3165 = SURFACE_CURVE('',#3166,(#3171,#3178),.PCURVE_S1.);
#3166 = CIRCLE('',#3167,0.45);
#3167 = AXIS2_PLACEMENT_3D('',#3168,#3169,#3170);
#3168 = CARTESIAN_POINT('',(28.987861441358,-6.459230752982,-13.));
#3169 = DIRECTION('',(-0.965730490124,0.259546952295,-4.238665850285E-18
    ));
#3170 = DIRECTION('',(-0.259546952295,-0.965730490124,1.192240047878E-16
    ));
#3171 = PCURVE('',#3143,#3172);
#3172 = DEFINITIONAL_REPRESENTATION('',(#3173),#3177);
#3173 = LINE('',#3174,#3175);
#3174 = CARTESIAN_POINT('',(0.,3.14159265359));
#3175 = VECTOR('',#3176,1.);
#3176 = DIRECTION('',(1.,8.764195122255E-15));
#3177 = ( GEOMETRIC_REPRESENTATION_CONTEXT(2) 
PARAMETRIC_REPRESENTATION_CONTEXT() REPRESENTATION_CONTEXT('2D SPACE',''
  ) );
#3178 = PCURVE('',#2747,#3179);
#3179 = DEFINITIONAL_REPRESENTATION('',(#3180),#3184);
#3180 = LINE('',#3181,#3182);
#3181 = CARTESIAN_POINT('',(0.,3.14159265359));
#3182 = VECTOR('',#3183,1.);
#3183 = DIRECTION('',(1.,8.764195122255E-15));
#3184 = ( GEOMETRIC_REPRESENTATION_CONTEXT(2) 
PARAMETRIC_REPRESENTATION_CONTEXT() REPRESENTATION_CONTEXT('2D SPACE',''
  ) );
#3185 = ORIENTED_EDGE('',*,*,#3186,.F.);
#3186 = EDGE_CURVE('',#3187,#3163,#3189,.T.);
#3187 = VERTEX_POINT('',#3188);
#3188 = CARTESIAN_POINT('',(29.219636758988,-6.521522021533,-13.63));
#3189 = SURFACE_CURVE('',#3190,(#3195,#3202),.PCURVE_S1.);
#3190 = CIRCLE('',#3191,0.25);
#3191 = AXIS2_PLACEMENT_3D('',#3192,#3193,#3194);
#3192 = CARTESIAN_POINT('',(28.987861441358,-6.459230752982,-13.7));
#3193 = DIRECTION('',(-0.259546952295,-0.965730490124,5.607987212962E-17
    ));
#3194 = DIRECTION('',(-0.965730490124,0.259546952295,-4.238665850285E-18
    ));
#3195 = PCURVE('',#3143,#3196);
#3196 = DEFINITIONAL_REPRESENTATION('',(#3197),#3201);
#3197 = LINE('',#3198,#3199);
#3198 = CARTESIAN_POINT('',(4.712388980385,7.853981633974));
#3199 = VECTOR('',#3200,1.);
#3200 = DIRECTION('',(1.38022826622E-15,-1.));
#3201 = ( GEOMETRIC_REPRESENTATION_CONTEXT(2) 
PARAMETRIC_REPRESENTATION_CONTEXT() REPRESENTATION_CONTEXT('2D SPACE',''
  ) );
#3202 = PCURVE('',#2927,#3203);
#3203 = DEFINITIONAL_REPRESENTATION('',(#3204),#3208);
#3204 = LINE('',#3205,#3206);
#3205 = CARTESIAN_POINT('',(-3.14159265359,-3.252086236074E-15));
#3206 = VECTOR('',#3207,1.);
#3207 = DIRECTION('',(1.,6.901141331098E-16));
#3208 = ( GEOMETRIC_REPRESENTATION_CONTEXT(2) 
PARAMETRIC_REPRESENTATION_CONTEXT() REPRESENTATION_CONTEXT('2D SPACE',''
  ) );
#3209 = ORIENTED_EDGE('',*,*,#3210,.T.);
#3210 = EDGE_CURVE('',#3187,#3132,#3211,.T.);
#3211 = SURFACE_CURVE('',#3212,(#3217,#3224),.PCURVE_S1.);
#3212 = CIRCLE('',#3213,0.63);
#3213 = AXIS2_PLACEMENT_3D('',#3214,#3215,#3216);
#3214 = CARTESIAN_POINT('',(29.219636758988,-6.521522021533,-13.));
#3215 = DIRECTION('',(0.965730490124,-0.259546952295,4.238665850285E-18)
  );
#3216 = DIRECTION('',(0.259546952295,0.965730490124,-1.192240047878E-16)
  );
#3217 = PCURVE('',#3143,#3218);
#3218 = DEFINITIONAL_REPRESENTATION('',(#3219),#3223);
#3219 = LINE('',#3220,#3221);
#3220 = CARTESIAN_POINT('',(9.424777960769,4.428594871176));
#3221 = VECTOR('',#3222,1.);
#3222 = DIRECTION('',(-1.,-4.52345554697E-15));
#3223 = ( GEOMETRIC_REPRESENTATION_CONTEXT(2) 
PARAMETRIC_REPRESENTATION_CONTEXT() REPRESENTATION_CONTEXT('2D SPACE',''
  ) );
#3224 = PCURVE('',#3225,#3230);
#3225 = TOROIDAL_SURFACE('',#3226,0.7,0.25);
#3226 = AXIS2_PLACEMENT_3D('',#3227,#3228,#3229);
#3227 = CARTESIAN_POINT('',(29.451412076618,-6.583813290084,-13.));
#3228 = DIRECTION('',(-0.965730490124,0.259546952295,-4.238665850285E-18
    ));
#3229 = DIRECTION('',(-0.259546952295,-0.965730490124,1.192240047878E-16
    ));
#3230 = DEFINITIONAL_REPRESENTATION('',(#3231),#3235);
#3231 = LINE('',#3232,#3233);
#3232 = CARTESIAN_POINT('',(9.424777960769,1.854590436003));
#3233 = VECTOR('',#3234,1.);
#3234 = DIRECTION('',(-1.,-4.240739575285E-16));
#3235 = ( GEOMETRIC_REPRESENTATION_CONTEXT(2) 
PARAMETRIC_REPRESENTATION_CONTEXT() REPRESENTATION_CONTEXT('2D SPACE',''
  ) );
#3236 = ADVANCED_FACE('',(#3237),#3252,.T.);
#3237 = FACE_BOUND('',#3238,.T.);
#3238 = EDGE_LOOP('',(#3239,#3297,#3321,#3350));
#3239 = ORIENTED_EDGE('',*,*,#3240,.T.);
#3240 = EDGE_CURVE('',#3241,#3243,#3245,.T.);
#3241 = VERTEX_POINT('',#3242);
#3242 = CARTESIAN_POINT('',(28.852203698435,-9.738054915774,-5.));
#3243 = VERTEX_POINT('',#3244);
#3244 = CARTESIAN_POINT('',(28.667146832218,-9.501932159001,-5.));
#3245 = SURFACE_CURVE('',#3246,(#3251,#3285),.PCURVE_S1.);
#3246 = CIRCLE('',#3247,0.25);
#3247 = AXIS2_PLACEMENT_3D('',#3248,#3249,#3250);
#3248 = CARTESIAN_POINT('',(28.602260094144,-9.743364781532,-5.));
#3249 = DIRECTION('',(2.198264433489E-15,-3.24232415865E-16,1.));
#3250 = DIRECTION('',(-0.965730490124,0.259546952295,2.207084524148E-15)
  );
#3251 = PCURVE('',#3252,#3257);
#3252 = TOROIDAL_SURFACE('',#3253,0.7,0.25);
#3253 = AXIS2_PLACEMENT_3D('',#3254,#3255,#3256);
#3254 = CARTESIAN_POINT('',(28.78394296075,-9.067353438445,-5.));
#3255 = DIRECTION('',(-0.965730490124,0.259546952295,-4.238665850285E-18
    ));
#3256 = DIRECTION('',(-0.259546952295,-0.965730490124,1.192240047878E-16
    ));
#3257 = DEFINITIONAL_REPRESENTATION('',(#3258),#3284);
#3258 = B_SPLINE_CURVE_WITH_KNOTS('',3,(#3259,#3260,#3261,#3262,#3263,
    #3264,#3265,#3266,#3267,#3268,#3269,#3270,#3271,#3272,#3273,#3274,
    #3275,#3276,#3277,#3278,#3279,#3280,#3281,#3282,#3283),
  .UNSPECIFIED.,.F.,.F.,(4,1,1,1,1,1,1,1,1,1,1,1,1,1,1,1,1,1,1,1,1,1,4),
  (3.425386762798,3.483886863598,3.542386964397,3.600887065196,
    3.659387165996,3.717887266795,3.776387367594,3.834887468394,
    3.893387569193,3.951887669993,4.010387770792,4.068887871591,
    4.127387972391,4.18588807319,4.24438817399,4.302888274789,
    4.361388375588,4.419888476388,4.478388577187,4.536888677987,
    4.595388778786,4.653888879585,4.712388980385),
  .QUASI_UNIFORM_KNOTS.);
#3259 = CARTESIAN_POINT('',(0.,4.428594871176));
#3260 = CARTESIAN_POINT('',(0.,4.409094837577));
#3261 = CARTESIAN_POINT('',(-8.881784197001E-16,4.370094770377));
#3262 = CARTESIAN_POINT('',(-1.7763568394E-15,4.311594669578));
#3263 = CARTESIAN_POINT('',(0.,4.253094568778));
#3264 = CARTESIAN_POINT('',(-1.7763568394E-15,4.194594467979));
#3265 = CARTESIAN_POINT('',(-3.552713678801E-15,4.136094367179));
#3266 = CARTESIAN_POINT('',(8.881784197001E-16,4.07759426638));
#3267 = CARTESIAN_POINT('',(-1.7763568394E-15,4.019094165581));
#3268 = CARTESIAN_POINT('',(-8.881784197001E-16,3.960594064781));
#3269 = CARTESIAN_POINT('',(-1.7763568394E-15,3.902093963982));
#3270 = CARTESIAN_POINT('',(-2.6645352591E-15,3.843593863182));
#3271 = CARTESIAN_POINT('',(0.,3.785093762383));
#3272 = CARTESIAN_POINT('',(-1.7763568394E-15,3.726593661584));
#3273 = CARTESIAN_POINT('',(-8.881784197001E-16,3.668093560784));
#3274 = CARTESIAN_POINT('',(-1.7763568394E-15,3.609593459985));
#3275 = CARTESIAN_POINT('',(0.,3.551093359185));
#3276 = CARTESIAN_POINT('',(-2.6645352591E-15,3.492593258386));
#3277 = CARTESIAN_POINT('',(8.881784197001E-16,3.434093157587));
#3278 = CARTESIAN_POINT('',(-8.881784197001E-16,3.375593056787));
#3279 = CARTESIAN_POINT('',(0.,3.317092955988));
#3280 = CARTESIAN_POINT('',(-8.881784197001E-16,3.258592855189));
#3281 = CARTESIAN_POINT('',(8.881784197001E-16,3.200092754389));
#3282 = CARTESIAN_POINT('',(0.,3.16109268719));
#3283 = CARTESIAN_POINT('',(0.,3.14159265359));
#3284 = ( GEOMETRIC_REPRESENTATION_CONTEXT(2) 
PARAMETRIC_REPRESENTATION_CONTEXT() REPRESENTATION_CONTEXT('2D SPACE',''
  ) );
#3285 = PCURVE('',#3286,#3291);
#3286 = CYLINDRICAL_SURFACE('',#3287,0.25);
#3287 = AXIS2_PLACEMENT_3D('',#3288,#3289,#3290);
#3288 = CARTESIAN_POINT('',(28.602260094144,-9.743364781532,-13.));
#3289 = DIRECTION('',(-1.28931872002E-18,1.153367983869E-17,1.));
#3290 = DIRECTION('',(0.259546952295,0.965730490124,-1.080378753923E-17)
  );
#3291 = DEFINITIONAL_REPRESENTATION('',(#3292),#3296);
#3292 = LINE('',#3293,#3294);
#3293 = CARTESIAN_POINT('',(1.570796326795,8.));
#3294 = VECTOR('',#3295,1.);
#3295 = DIRECTION('',(1.,6.901141331098E-16));
#3296 = ( GEOMETRIC_REPRESENTATION_CONTEXT(2) 
PARAMETRIC_REPRESENTATION_CONTEXT() REPRESENTATION_CONTEXT('2D SPACE',''
  ) );
#3297 = ORIENTED_EDGE('',*,*,#3298,.T.);
#3298 = EDGE_CURVE('',#3243,#3299,#3301,.T.);
#3299 = VERTEX_POINT('',#3300);
#3300 = CARTESIAN_POINT('',(28.78394296075,-9.067353438445,-4.55));
#3301 = SURFACE_CURVE('',#3302,(#3307,#3314),.PCURVE_S1.);
#3302 = CIRCLE('',#3303,0.45);
#3303 = AXIS2_PLACEMENT_3D('',#3304,#3305,#3306);
#3304 = CARTESIAN_POINT('',(28.78394296075,-9.067353438445,-5.));
#3305 = DIRECTION('',(-0.965730490124,0.259546952295,-4.238665850285E-18
    ));
#3306 = DIRECTION('',(-0.259546952295,-0.965730490124,1.192240047878E-16
    ));
#3307 = PCURVE('',#3252,#3308);
#3308 = DEFINITIONAL_REPRESENTATION('',(#3309),#3313);
#3309 = LINE('',#3310,#3311);
#3310 = CARTESIAN_POINT('',(0.,3.14159265359));
#3311 = VECTOR('',#3312,1.);
#3312 = DIRECTION('',(1.,0.));
#3313 = ( GEOMETRIC_REPRESENTATION_CONTEXT(2) 
PARAMETRIC_REPRESENTATION_CONTEXT() REPRESENTATION_CONTEXT('2D SPACE',''
  ) );
#3314 = PCURVE('',#2888,#3315);
#3315 = DEFINITIONAL_REPRESENTATION('',(#3316),#3320);
#3316 = LINE('',#3317,#3318);
#3317 = CARTESIAN_POINT('',(0.,3.14159265359));
#3318 = VECTOR('',#3319,1.);
#3319 = DIRECTION('',(1.,0.));
#3320 = ( GEOMETRIC_REPRESENTATION_CONTEXT(2) 
PARAMETRIC_REPRESENTATION_CONTEXT() REPRESENTATION_CONTEXT('2D SPACE',''
  ) );
#3321 = ORIENTED_EDGE('',*,*,#3322,.F.);
#3322 = EDGE_CURVE('',#3323,#3299,#3325,.T.);
#3323 = VERTEX_POINT('',#3324);
#3324 = CARTESIAN_POINT('',(29.01571827838,-9.129644706996,-4.37));
#3325 = SURFACE_CURVE('',#3326,(#3331,#3338),.PCURVE_S1.);
#3326 = CIRCLE('',#3327,0.25);
#3327 = AXIS2_PLACEMENT_3D('',#3328,#3329,#3330);
#3328 = CARTESIAN_POINT('',(28.78394296075,-9.067353438445,-4.3));
#3329 = DIRECTION('',(0.259546952295,0.965730490124,-3.658519214112E-16)
  );
#3330 = DIRECTION('',(-0.965730490124,0.259546952295,-4.238665850285E-18
    ));
#3331 = PCURVE('',#3252,#3332);
#3332 = DEFINITIONAL_REPRESENTATION('',(#3333),#3337);
#3333 = LINE('',#3334,#3335);
#3334 = CARTESIAN_POINT('',(1.570796326795,7.853981633974));
#3335 = VECTOR('',#3336,1.);
#3336 = DIRECTION('',(1.38022826622E-15,-1.));
#3337 = ( GEOMETRIC_REPRESENTATION_CONTEXT(2) 
PARAMETRIC_REPRESENTATION_CONTEXT() REPRESENTATION_CONTEXT('2D SPACE',''
  ) );
#3338 = PCURVE('',#3339,#3344);
#3339 = CYLINDRICAL_SURFACE('',#3340,0.25);
#3340 = AXIS2_PLACEMENT_3D('',#3341,#3342,#3343);
#3341 = CARTESIAN_POINT('',(28.78394296075,-9.067353438445,-4.3));
#3342 = DIRECTION('',(0.259546952295,0.965730490124,-4.564996783438E-16)
  );
#3343 = DIRECTION('',(-1.143896913886E-16,-4.419557909115E-16,-1.));
#3344 = DEFINITIONAL_REPRESENTATION('',(#3345),#3349);
#3345 = LINE('',#3346,#3347);
#3346 = CARTESIAN_POINT('',(1.570796326795,-3.252086236074E-15));
#3347 = VECTOR('',#3348,1.);
#3348 = DIRECTION('',(1.,6.901141331098E-16));
#3349 = ( GEOMETRIC_REPRESENTATION_CONTEXT(2) 
PARAMETRIC_REPRESENTATION_CONTEXT() REPRESENTATION_CONTEXT('2D SPACE',''
  ) );
#3350 = ORIENTED_EDGE('',*,*,#3351,.T.);
#3351 = EDGE_CURVE('',#3323,#3241,#3352,.T.);
#3352 = SURFACE_CURVE('',#3353,(#3358,#3365),.PCURVE_S1.);
#3353 = CIRCLE('',#3354,0.63);
#3354 = AXIS2_PLACEMENT_3D('',#3355,#3356,#3357);
#3355 = CARTESIAN_POINT('',(29.01571827838,-9.129644706996,-5.));
#3356 = DIRECTION('',(0.965730490124,-0.259546952295,4.238665850285E-18)
  );
#3357 = DIRECTION('',(0.259546952295,0.965730490124,-1.192240047878E-16)
  );
#3358 = PCURVE('',#3252,#3359);
#3359 = DEFINITIONAL_REPRESENTATION('',(#3360),#3364);
#3360 = LINE('',#3361,#3362);
#3361 = CARTESIAN_POINT('',(3.14159265359,4.428594871176));
#3362 = VECTOR('',#3363,1.);
#3363 = DIRECTION('',(-1.,-2.261727773485E-15));
#3364 = ( GEOMETRIC_REPRESENTATION_CONTEXT(2) 
PARAMETRIC_REPRESENTATION_CONTEXT() REPRESENTATION_CONTEXT('2D SPACE',''
  ) );
#3365 = PCURVE('',#3366,#3371);
#3366 = TOROIDAL_SURFACE('',#3367,0.7,0.25);
#3367 = AXIS2_PLACEMENT_3D('',#3368,#3369,#3370);
#3368 = CARTESIAN_POINT('',(29.24749359601,-9.191935975547,-5.));
#3369 = DIRECTION('',(-0.965730490124,0.259546952295,-4.238665850285E-18
    ));
#3370 = DIRECTION('',(-0.259546952295,-0.965730490124,1.192240047878E-16
    ));
#3371 = DEFINITIONAL_REPRESENTATION('',(#3372),#3376);
#3372 = LINE('',#3373,#3374);
#3373 = CARTESIAN_POINT('',(3.14159265359,1.854590436003));
#3374 = VECTOR('',#3375,1.);
#3375 = DIRECTION('',(-1.,-2.544443745171E-15));
#3376 = ( GEOMETRIC_REPRESENTATION_CONTEXT(2) 
PARAMETRIC_REPRESENTATION_CONTEXT() REPRESENTATION_CONTEXT('2D SPACE',''
  ) );
#3377 = ADVANCED_FACE('',(#3378),#3393,.T.);
#3378 = FACE_BOUND('',#3379,.T.);
#3379 = EDGE_LOOP('',(#3380,#3416,#3440,#3464));
#3380 = ORIENTED_EDGE('',*,*,#3381,.T.);
#3381 = EDGE_CURVE('',#3382,#3384,#3386,.T.);
#3382 = VERTEX_POINT('',#3383);
#3383 = CARTESIAN_POINT('',(29.01571827838,-9.129644706996,-13.63));
#3384 = VERTEX_POINT('',#3385);
#3385 = CARTESIAN_POINT('',(28.78394296075,-9.067353438445,-13.45));
#3386 = SURFACE_CURVE('',#3387,(#3392,#3404),.PCURVE_S1.);
#3387 = CIRCLE('',#3388,0.25);
#3388 = AXIS2_PLACEMENT_3D('',#3389,#3390,#3391);
#3389 = CARTESIAN_POINT('',(28.78394296075,-9.067353438445,-13.7));
#3390 = DIRECTION('',(-0.259546952295,-0.965730490124,3.658519214112E-16
    ));
#3391 = DIRECTION('',(-0.965730490124,0.259546952295,-4.238665850284E-18
    ));
#3392 = PCURVE('',#3393,#3398);
#3393 = TOROIDAL_SURFACE('',#3394,0.7,0.25);
#3394 = AXIS2_PLACEMENT_3D('',#3395,#3396,#3397);
#3395 = CARTESIAN_POINT('',(28.78394296075,-9.067353438445,-13.));
#3396 = DIRECTION('',(-0.965730490124,0.259546952295,-4.238665850285E-18
    ));
#3397 = DIRECTION('',(-0.259546952295,-0.965730490124,1.192240047878E-16
    ));
#3398 = DEFINITIONAL_REPRESENTATION('',(#3399),#3403);
#3399 = LINE('',#3400,#3401);
#3400 = CARTESIAN_POINT('',(4.712388980385,7.853981633974));
#3401 = VECTOR('',#3402,1.);
#3402 = DIRECTION('',(0.,-1.));
#3403 = ( GEOMETRIC_REPRESENTATION_CONTEXT(2) 
PARAMETRIC_REPRESENTATION_CONTEXT() REPRESENTATION_CONTEXT('2D SPACE',''
  ) );
#3404 = PCURVE('',#3405,#3410);
#3405 = CYLINDRICAL_SURFACE('',#3406,0.25);
#3406 = AXIS2_PLACEMENT_3D('',#3407,#3408,#3409);
#3407 = CARTESIAN_POINT('',(29.451412076618,-6.583813290084,-13.7));
#3408 = DIRECTION('',(-0.259546952295,-0.965730490124,1.192240047878E-16
    ));
#3409 = DIRECTION('',(0.965730490124,-0.259546952295,4.238665850285E-18)
  );
#3410 = DEFINITIONAL_REPRESENTATION('',(#3411),#3415);
#3411 = LINE('',#3412,#3413);
#3412 = CARTESIAN_POINT('',(-3.14159265359,2.571670019493));
#3413 = VECTOR('',#3414,1.);
#3414 = DIRECTION('',(1.,0.));
#3415 = ( GEOMETRIC_REPRESENTATION_CONTEXT(2) 
PARAMETRIC_REPRESENTATION_CONTEXT() REPRESENTATION_CONTEXT('2D SPACE',''
  ) );
#3416 = ORIENTED_EDGE('',*,*,#3417,.T.);
#3417 = EDGE_CURVE('',#3384,#3418,#3420,.T.);
#3418 = VERTEX_POINT('',#3419);
#3419 = CARTESIAN_POINT('',(28.667146832218,-9.501932159001,-13.));
#3420 = SURFACE_CURVE('',#3421,(#3426,#3433),.PCURVE_S1.);
#3421 = CIRCLE('',#3422,0.45);
#3422 = AXIS2_PLACEMENT_3D('',#3423,#3424,#3425);
#3423 = CARTESIAN_POINT('',(28.78394296075,-9.067353438445,-13.));
#3424 = DIRECTION('',(-0.965730490124,0.259546952295,-4.238665850285E-18
    ));
#3425 = DIRECTION('',(-0.259546952295,-0.965730490124,1.192240047878E-16
    ));
#3426 = PCURVE('',#3393,#3427);
#3427 = DEFINITIONAL_REPRESENTATION('',(#3428),#3432);
#3428 = LINE('',#3429,#3430);
#3429 = CARTESIAN_POINT('',(0.,3.14159265359));
#3430 = VECTOR('',#3431,1.);
#3431 = DIRECTION('',(1.,0.));
#3432 = ( GEOMETRIC_REPRESENTATION_CONTEXT(2) 
PARAMETRIC_REPRESENTATION_CONTEXT() REPRESENTATION_CONTEXT('2D SPACE',''
  ) );
#3433 = PCURVE('',#3002,#3434);
#3434 = DEFINITIONAL_REPRESENTATION('',(#3435),#3439);
#3435 = LINE('',#3436,#3437);
#3436 = CARTESIAN_POINT('',(0.,3.14159265359));
#3437 = VECTOR('',#3438,1.);
#3438 = DIRECTION('',(1.,0.));
#3439 = ( GEOMETRIC_REPRESENTATION_CONTEXT(2) 
PARAMETRIC_REPRESENTATION_CONTEXT() REPRESENTATION_CONTEXT('2D SPACE',''
  ) );
#3440 = ORIENTED_EDGE('',*,*,#3441,.F.);
#3441 = EDGE_CURVE('',#3442,#3418,#3444,.T.);
#3442 = VERTEX_POINT('',#3443);
#3443 = CARTESIAN_POINT('',(28.852203698434,-9.738054915774,-13.));
#3444 = SURFACE_CURVE('',#3445,(#3450,#3457),.PCURVE_S1.);
#3445 = CIRCLE('',#3446,0.25);
#3446 = AXIS2_PLACEMENT_3D('',#3447,#3448,#3449);
#3447 = CARTESIAN_POINT('',(28.602260094144,-9.743364781532,-13.));
#3448 = DIRECTION('',(2.198264433489E-15,-3.24232415865E-16,1.));
#3449 = DIRECTION('',(-0.965730490124,0.259546952295,2.207084524148E-15)
  );
#3450 = PCURVE('',#3393,#3451);
#3451 = DEFINITIONAL_REPRESENTATION('',(#3452),#3456);
#3452 = LINE('',#3453,#3454);
#3453 = CARTESIAN_POINT('',(6.28318530718,7.853981633974));
#3454 = VECTOR('',#3455,1.);
#3455 = DIRECTION('',(0.,-1.));
#3456 = ( GEOMETRIC_REPRESENTATION_CONTEXT(2) 
PARAMETRIC_REPRESENTATION_CONTEXT() REPRESENTATION_CONTEXT('2D SPACE',''
  ) );
#3457 = PCURVE('',#3286,#3458);
#3458 = DEFINITIONAL_REPRESENTATION('',(#3459),#3463);
#3459 = LINE('',#3460,#3461);
#3460 = CARTESIAN_POINT('',(1.570796326795,-4.878129354111E-15));
#3461 = VECTOR('',#3462,1.);
#3462 = DIRECTION('',(1.,1.035171199665E-15));
#3463 = ( GEOMETRIC_REPRESENTATION_CONTEXT(2) 
PARAMETRIC_REPRESENTATION_CONTEXT() REPRESENTATION_CONTEXT('2D SPACE',''
  ) );
#3464 = ORIENTED_EDGE('',*,*,#3465,.T.);
#3465 = EDGE_CURVE('',#3442,#3382,#3466,.T.);
#3466 = SURFACE_CURVE('',#3467,(#3472,#3479),.PCURVE_S1.);
#3467 = CIRCLE('',#3468,0.63);
#3468 = AXIS2_PLACEMENT_3D('',#3469,#3470,#3471);
#3469 = CARTESIAN_POINT('',(29.01571827838,-9.129644706996,-13.));
#3470 = DIRECTION('',(0.965730490124,-0.259546952295,4.238665850285E-18)
  );
#3471 = DIRECTION('',(0.259546952295,0.965730490124,-1.192240047878E-16)
  );
#3472 = PCURVE('',#3393,#3473);
#3473 = DEFINITIONAL_REPRESENTATION('',(#3474),#3478);
#3474 = LINE('',#3475,#3476);
#3475 = CARTESIAN_POINT('',(9.424777960769,4.428594871176));
#3476 = VECTOR('',#3477,1.);
#3477 = DIRECTION('',(-1.,0.));
#3478 = ( GEOMETRIC_REPRESENTATION_CONTEXT(2) 
PARAMETRIC_REPRESENTATION_CONTEXT() REPRESENTATION_CONTEXT('2D SPACE',''
  ) );
#3479 = PCURVE('',#3480,#3485);
#3480 = TOROIDAL_SURFACE('',#3481,0.7,0.25);
#3481 = AXIS2_PLACEMENT_3D('',#3482,#3483,#3484);
#3482 = CARTESIAN_POINT('',(29.24749359601,-9.191935975547,-13.));
#3483 = DIRECTION('',(-0.965730490124,0.259546952295,-4.238665850285E-18
    ));
#3484 = DIRECTION('',(-0.259546952295,-0.965730490124,1.192240047878E-16
    ));
#3485 = DEFINITIONAL_REPRESENTATION('',(#3486),#3490);
#3486 = LINE('',#3487,#3488);
#3487 = CARTESIAN_POINT('',(9.424777960769,1.854590436003));
#3488 = VECTOR('',#3489,1.);
#3489 = DIRECTION('',(-1.,0.));
#3490 = ( GEOMETRIC_REPRESENTATION_CONTEXT(2) 
PARAMETRIC_REPRESENTATION_CONTEXT() REPRESENTATION_CONTEXT('2D SPACE',''
  ) );
#3491 = ADVANCED_FACE('',(#3492),#3507,.T.);
#3492 = FACE_BOUND('',#3493,.T.);
#3493 = EDGE_LOOP('',(#3494,#3525,#3549,#3578));
#3494 = ORIENTED_EDGE('',*,*,#3495,.T.);
#3495 = EDGE_CURVE('',#3496,#3498,#3500,.T.);
#3496 = VERTEX_POINT('',#3497);
#3497 = CARTESIAN_POINT('',(29.683187394247,-6.646104558635,-4.37));
#3498 = VERTEX_POINT('',#3499);
#3499 = CARTESIAN_POINT('',(29.451412076618,-6.583813290084,-4.55));
#3500 = SURFACE_CURVE('',#3501,(#3506,#3518),.PCURVE_S1.);
#3501 = CIRCLE('',#3502,0.25);
#3502 = AXIS2_PLACEMENT_3D('',#3503,#3504,#3505);
#3503 = CARTESIAN_POINT('',(29.451412076618,-6.583813290084,-4.3));
#3504 = DIRECTION('',(0.259546952295,0.965730490124,-7.031275949673E-16)
  );
#3505 = DIRECTION('',(-0.965730490124,0.259546952295,-4.238665850286E-18
    ));
#3506 = PCURVE('',#3507,#3512);
#3507 = TOROIDAL_SURFACE('',#3508,0.7,0.25);
#3508 = AXIS2_PLACEMENT_3D('',#3509,#3510,#3511);
#3509 = CARTESIAN_POINT('',(29.451412076618,-6.583813290084,-5.));
#3510 = DIRECTION('',(-0.965730490124,0.259546952295,-4.238665850285E-18
    ));
#3511 = DIRECTION('',(-0.259546952295,-0.965730490124,1.192240047878E-16
    ));
#3512 = DEFINITIONAL_REPRESENTATION('',(#3513),#3517);
#3513 = LINE('',#3514,#3515);
#3514 = CARTESIAN_POINT('',(1.570796326795,7.853981633974));
#3515 = VECTOR('',#3516,1.);
#3516 = DIRECTION('',(2.242870932607E-15,-1.));
#3517 = ( GEOMETRIC_REPRESENTATION_CONTEXT(2) 
PARAMETRIC_REPRESENTATION_CONTEXT() REPRESENTATION_CONTEXT('2D SPACE',''
  ) );
#3518 = PCURVE('',#3339,#3519);
#3519 = DEFINITIONAL_REPRESENTATION('',(#3520),#3524);
#3520 = LINE('',#3521,#3522);
#3521 = CARTESIAN_POINT('',(1.570796326795,2.571670019493));
#3522 = VECTOR('',#3523,1.);
#3523 = DIRECTION('',(1.,2.070342399329E-15));
#3524 = ( GEOMETRIC_REPRESENTATION_CONTEXT(2) 
PARAMETRIC_REPRESENTATION_CONTEXT() REPRESENTATION_CONTEXT('2D SPACE',''
  ) );
#3525 = ORIENTED_EDGE('',*,*,#3526,.T.);
#3526 = EDGE_CURVE('',#3498,#3527,#3529,.T.);
#3527 = VERTEX_POINT('',#3528);
#3528 = CARTESIAN_POINT('',(29.56820820515,-6.149234569528,-5.));
#3529 = SURFACE_CURVE('',#3530,(#3535,#3542),.PCURVE_S1.);
#3530 = CIRCLE('',#3531,0.45);
#3531 = AXIS2_PLACEMENT_3D('',#3532,#3533,#3534);
#3532 = CARTESIAN_POINT('',(29.451412076618,-6.583813290084,-5.));
#3533 = DIRECTION('',(-0.965730490124,0.259546952295,-4.238665850285E-18
    ));
#3534 = DIRECTION('',(-0.259546952295,-0.965730490124,1.192240047878E-16
    ));
#3535 = PCURVE('',#3507,#3536);
#3536 = DEFINITIONAL_REPRESENTATION('',(#3537),#3541);
#3537 = LINE('',#3538,#3539);
#3538 = CARTESIAN_POINT('',(-2.22044604925E-16,3.14159265359));
#3539 = VECTOR('',#3540,1.);
#3540 = DIRECTION('',(1.,0.));
#3541 = ( GEOMETRIC_REPRESENTATION_CONTEXT(2) 
PARAMETRIC_REPRESENTATION_CONTEXT() REPRESENTATION_CONTEXT('2D SPACE',''
  ) );
#3542 = PCURVE('',#3116,#3543);
#3543 = DEFINITIONAL_REPRESENTATION('',(#3544),#3548);
#3544 = LINE('',#3545,#3546);
#3545 = CARTESIAN_POINT('',(-2.22044604925E-16,3.14159265359));
#3546 = VECTOR('',#3547,1.);
#3547 = DIRECTION('',(1.,0.));
#3548 = ( GEOMETRIC_REPRESENTATION_CONTEXT(2) 
PARAMETRIC_REPRESENTATION_CONTEXT() REPRESENTATION_CONTEXT('2D SPACE',''
  ) );
#3549 = ORIENTED_EDGE('',*,*,#3550,.F.);
#3550 = EDGE_CURVE('',#3551,#3527,#3553,.T.);
#3551 = VERTEX_POINT('',#3552);
#3552 = CARTESIAN_POINT('',(29.846701974193,-6.037694349857,-5.));
#3553 = SURFACE_CURVE('',#3554,(#3559,#3566),.PCURVE_S1.);
#3554 = CIRCLE('',#3555,0.25);
#3555 = AXIS2_PLACEMENT_3D('',#3556,#3557,#3558);
#3556 = CARTESIAN_POINT('',(29.633094943224,-5.907801946997,-5.));
#3557 = DIRECTION('',(2.044679885754E-15,-9.283566826829E-16,-1.));
#3558 = DIRECTION('',(-0.965730490124,0.259546952295,-2.215561855848E-15
    ));
#3559 = PCURVE('',#3507,#3560);
#3560 = DEFINITIONAL_REPRESENTATION('',(#3561),#3565);
#3561 = LINE('',#3562,#3563);
#3562 = CARTESIAN_POINT('',(3.14159265359,7.853981633974));
#3563 = VECTOR('',#3564,1.);
#3564 = DIRECTION('',(1.035171199665E-15,-1.));
#3565 = ( GEOMETRIC_REPRESENTATION_CONTEXT(2) 
PARAMETRIC_REPRESENTATION_CONTEXT() REPRESENTATION_CONTEXT('2D SPACE',''
  ) );
#3566 = PCURVE('',#3567,#3572);
#3567 = CYLINDRICAL_SURFACE('',#3568,0.25);
#3568 = AXIS2_PLACEMENT_3D('',#3569,#3570,#3571);
#3569 = CARTESIAN_POINT('',(29.633094943224,-5.907801946997,-5.));
#3570 = DIRECTION('',(-1.278074975698E-17,-6.388603461007E-17,-1.));
#3571 = DIRECTION('',(-0.259546952295,-0.965730490124,6.50138961635E-17)
  );
#3572 = DEFINITIONAL_REPRESENTATION('',(#3573),#3577);
#3573 = LINE('',#3574,#3575);
#3574 = CARTESIAN_POINT('',(1.570796326795,-1.626043118037E-15));
#3575 = VECTOR('',#3576,1.);
#3576 = DIRECTION('',(1.,3.450570665549E-16));
#3577 = ( GEOMETRIC_REPRESENTATION_CONTEXT(2) 
PARAMETRIC_REPRESENTATION_CONTEXT() REPRESENTATION_CONTEXT('2D SPACE',''
  ) );
#3578 = ORIENTED_EDGE('',*,*,#3579,.T.);
#3579 = EDGE_CURVE('',#3551,#3496,#3580,.T.);
#3580 = SURFACE_CURVE('',#3581,(#3586,#3593),.PCURVE_S1.);
#3581 = CIRCLE('',#3582,0.63);
#3582 = AXIS2_PLACEMENT_3D('',#3583,#3584,#3585);
#3583 = CARTESIAN_POINT('',(29.683187394247,-6.646104558635,-5.));
#3584 = DIRECTION('',(0.965730490124,-0.259546952295,4.238665850285E-18)
  );
#3585 = DIRECTION('',(0.259546952295,0.965730490124,-1.192240047878E-16)
  );
#3586 = PCURVE('',#3507,#3587);
#3587 = DEFINITIONAL_REPRESENTATION('',(#3588),#3592);
#3588 = LINE('',#3589,#3590);
#3589 = CARTESIAN_POINT('',(3.14159265359,4.428594871176));
#3590 = VECTOR('',#3591,1.);
#3591 = DIRECTION('',(-1.,4.52345554697E-15));
#3592 = ( GEOMETRIC_REPRESENTATION_CONTEXT(2) 
PARAMETRIC_REPRESENTATION_CONTEXT() REPRESENTATION_CONTEXT('2D SPACE',''
  ) );
#3593 = PCURVE('',#3594,#3599);
#3594 = TOROIDAL_SURFACE('',#3595,0.7,0.25);
#3595 = AXIS2_PLACEMENT_3D('',#3596,#3597,#3598);
#3596 = CARTESIAN_POINT('',(29.914962711877,-6.708395827185,-5.));
#3597 = DIRECTION('',(-0.965730490124,0.259546952295,-4.238665850285E-18
    ));
#3598 = DIRECTION('',(-0.259546952295,-0.965730490124,1.192240047878E-16
    ));
#3599 = DEFINITIONAL_REPRESENTATION('',(#3600),#3604);
#3600 = LINE('',#3601,#3602);
#3601 = CARTESIAN_POINT('',(3.14159265359,1.854590436003));
#3602 = VECTOR('',#3603,1.);
#3603 = DIRECTION('',(-1.,4.664813532813E-15));
#3604 = ( GEOMETRIC_REPRESENTATION_CONTEXT(2) 
PARAMETRIC_REPRESENTATION_CONTEXT() REPRESENTATION_CONTEXT('2D SPACE',''
  ) );
#3605 = ADVANCED_FACE('',(#3606),#3621,.T.);
#3606 = FACE_BOUND('',#3607,.T.);
#3607 = EDGE_LOOP('',(#3608,#3639,#3663,#3687));
#3608 = ORIENTED_EDGE('',*,*,#3609,.T.);
#3609 = EDGE_CURVE('',#3610,#3612,#3614,.T.);
#3610 = VERTEX_POINT('',#3611);
#3611 = CARTESIAN_POINT('',(29.846701974193,-6.037694349857,-13.));
#3612 = VERTEX_POINT('',#3613);
#3613 = CARTESIAN_POINT('',(29.56820820515,-6.149234569528,-13.));
#3614 = SURFACE_CURVE('',#3615,(#3620,#3632),.PCURVE_S1.);
#3615 = CIRCLE('',#3616,0.25);
#3616 = AXIS2_PLACEMENT_3D('',#3617,#3618,#3619);
#3617 = CARTESIAN_POINT('',(29.633094943224,-5.907801946997,-13.));
#3618 = DIRECTION('',(2.058749954231E-15,-8.760043279116E-16,-1.));
#3619 = DIRECTION('',(-0.965730490124,0.259546952295,-2.215561855848E-15
    ));
#3620 = PCURVE('',#3621,#3626);
#3621 = TOROIDAL_SURFACE('',#3622,0.7,0.25);
#3622 = AXIS2_PLACEMENT_3D('',#3623,#3624,#3625);
#3623 = CARTESIAN_POINT('',(29.451412076618,-6.583813290084,-13.));
#3624 = DIRECTION('',(-0.965730490124,0.259546952295,-4.238665850285E-18
    ));
#3625 = DIRECTION('',(-0.259546952295,-0.965730490124,1.192240047878E-16
    ));
#3626 = DEFINITIONAL_REPRESENTATION('',(#3627),#3631);
#3627 = LINE('',#3628,#3629);
#3628 = CARTESIAN_POINT('',(3.14159265359,7.853981633974));
#3629 = VECTOR('',#3630,1.);
#3630 = DIRECTION('',(0.,-1.));
#3631 = ( GEOMETRIC_REPRESENTATION_CONTEXT(2) 
PARAMETRIC_REPRESENTATION_CONTEXT() REPRESENTATION_CONTEXT('2D SPACE',''
  ) );
#3632 = PCURVE('',#3567,#3633);
#3633 = DEFINITIONAL_REPRESENTATION('',(#3634),#3638);
#3634 = LINE('',#3635,#3636);
#3635 = CARTESIAN_POINT('',(1.570796326795,8.));
#3636 = VECTOR('',#3637,1.);
#3637 = DIRECTION('',(1.,6.901141331098E-16));
#3638 = ( GEOMETRIC_REPRESENTATION_CONTEXT(2) 
PARAMETRIC_REPRESENTATION_CONTEXT() REPRESENTATION_CONTEXT('2D SPACE',''
  ) );
#3639 = ORIENTED_EDGE('',*,*,#3640,.T.);
#3640 = EDGE_CURVE('',#3612,#3641,#3643,.T.);
#3641 = VERTEX_POINT('',#3642);
#3642 = CARTESIAN_POINT('',(29.451412076618,-6.583813290084,-13.45));
#3643 = SURFACE_CURVE('',#3644,(#3649,#3656),.PCURVE_S1.);
#3644 = CIRCLE('',#3645,0.45);
#3645 = AXIS2_PLACEMENT_3D('',#3646,#3647,#3648);
#3646 = CARTESIAN_POINT('',(29.451412076618,-6.583813290084,-13.));
#3647 = DIRECTION('',(-0.965730490124,0.259546952295,-4.238665850285E-18
    ));
#3648 = DIRECTION('',(-0.259546952295,-0.965730490124,1.192240047878E-16
    ));
#3649 = PCURVE('',#3621,#3650);
#3650 = DEFINITIONAL_REPRESENTATION('',(#3651),#3655);
#3651 = LINE('',#3652,#3653);
#3652 = CARTESIAN_POINT('',(0.,3.14159265359));
#3653 = VECTOR('',#3654,1.);
#3654 = DIRECTION('',(1.,-5.654319433713E-16));
#3655 = ( GEOMETRIC_REPRESENTATION_CONTEXT(2) 
PARAMETRIC_REPRESENTATION_CONTEXT() REPRESENTATION_CONTEXT('2D SPACE',''
  ) );
#3656 = PCURVE('',#3225,#3657);
#3657 = DEFINITIONAL_REPRESENTATION('',(#3658),#3662);
#3658 = LINE('',#3659,#3660);
#3659 = CARTESIAN_POINT('',(0.,3.14159265359));
#3660 = VECTOR('',#3661,1.);
#3661 = DIRECTION('',(1.,-5.654319433713E-16));
#3662 = ( GEOMETRIC_REPRESENTATION_CONTEXT(2) 
PARAMETRIC_REPRESENTATION_CONTEXT() REPRESENTATION_CONTEXT('2D SPACE',''
  ) );
#3663 = ORIENTED_EDGE('',*,*,#3664,.F.);
#3664 = EDGE_CURVE('',#3665,#3641,#3667,.T.);
#3665 = VERTEX_POINT('',#3666);
#3666 = CARTESIAN_POINT('',(29.683187394247,-6.646104558635,-13.63));
#3667 = SURFACE_CURVE('',#3668,(#3673,#3680),.PCURVE_S1.);
#3668 = CIRCLE('',#3669,0.25);
#3669 = AXIS2_PLACEMENT_3D('',#3670,#3671,#3672);
#3670 = CARTESIAN_POINT('',(29.451412076618,-6.583813290084,-13.7));
#3671 = DIRECTION('',(-0.259546952295,-0.965730490124,5.607987212962E-17
    ));
#3672 = DIRECTION('',(-0.965730490124,0.259546952295,-4.238665850285E-18
    ));
#3673 = PCURVE('',#3621,#3674);
#3674 = DEFINITIONAL_REPRESENTATION('',(#3675),#3679);
#3675 = LINE('',#3676,#3677);
#3676 = CARTESIAN_POINT('',(4.712388980385,7.853981633974));
#3677 = VECTOR('',#3678,1.);
#3678 = DIRECTION('',(-6.901141331098E-16,-1.));
#3679 = ( GEOMETRIC_REPRESENTATION_CONTEXT(2) 
PARAMETRIC_REPRESENTATION_CONTEXT() REPRESENTATION_CONTEXT('2D SPACE',''
  ) );
#3680 = PCURVE('',#3405,#3681);
#3681 = DEFINITIONAL_REPRESENTATION('',(#3682),#3686);
#3682 = LINE('',#3683,#3684);
#3683 = CARTESIAN_POINT('',(-3.14159265359,5.028443075475E-15));
#3684 = VECTOR('',#3685,1.);
#3685 = DIRECTION('',(1.,-6.901141331098E-16));
#3686 = ( GEOMETRIC_REPRESENTATION_CONTEXT(2) 
PARAMETRIC_REPRESENTATION_CONTEXT() REPRESENTATION_CONTEXT('2D SPACE',''
  ) );
#3687 = ORIENTED_EDGE('',*,*,#3688,.T.);
#3688 = EDGE_CURVE('',#3665,#3610,#3689,.T.);
#3689 = SURFACE_CURVE('',#3690,(#3695,#3702),.PCURVE_S1.);
#3690 = CIRCLE('',#3691,0.63);
#3691 = AXIS2_PLACEMENT_3D('',#3692,#3693,#3694);
#3692 = CARTESIAN_POINT('',(29.683187394247,-6.646104558635,-13.));
#3693 = DIRECTION('',(0.965730490124,-0.259546952295,4.238665850285E-18)
  );
#3694 = DIRECTION('',(0.259546952295,0.965730490124,-1.192240047878E-16)
  );
#3695 = PCURVE('',#3621,#3696);
#3696 = DEFINITIONAL_REPRESENTATION('',(#3697),#3701);
#3697 = LINE('',#3698,#3699);
#3698 = CARTESIAN_POINT('',(9.424777960769,4.428594871176));
#3699 = VECTOR('',#3700,1.);
#3700 = DIRECTION('',(-1.,-4.52345554697E-15));
#3701 = ( GEOMETRIC_REPRESENTATION_CONTEXT(2) 
PARAMETRIC_REPRESENTATION_CONTEXT() REPRESENTATION_CONTEXT('2D SPACE',''
  ) );
#3702 = PCURVE('',#3703,#3708);
#3703 = TOROIDAL_SURFACE('',#3704,0.7,0.25);
#3704 = AXIS2_PLACEMENT_3D('',#3705,#3706,#3707);
#3705 = CARTESIAN_POINT('',(29.914962711877,-6.708395827185,-13.));
#3706 = DIRECTION('',(-0.965730490124,0.259546952295,-4.238665850285E-18
    ));
#3707 = DIRECTION('',(-0.259546952295,-0.965730490124,1.192240047878E-16
    ));
#3708 = DEFINITIONAL_REPRESENTATION('',(#3709),#3713);
#3709 = LINE('',#3710,#3711);
#3710 = CARTESIAN_POINT('',(9.424777960769,1.854590436003));
#3711 = VECTOR('',#3712,1.);
#3712 = DIRECTION('',(-1.,-4.664813532813E-15));
#3713 = ( GEOMETRIC_REPRESENTATION_CONTEXT(2) 
PARAMETRIC_REPRESENTATION_CONTEXT() REPRESENTATION_CONTEXT('2D SPACE',''
  ) );
#3714 = ADVANCED_FACE('',(#3715),#3730,.T.);
#3715 = FACE_BOUND('',#3716,.T.);
#3716 = EDGE_LOOP('',(#3717,#3775,#3799,#3828));
#3717 = ORIENTED_EDGE('',*,*,#3718,.T.);
#3718 = EDGE_CURVE('',#3719,#3721,#3723,.T.);
#3719 = VERTEX_POINT('',#3720);
#3720 = CARTESIAN_POINT('',(29.315754333694,-9.862637452875,-5.));
#3721 = VERTEX_POINT('',#3722);
#3722 = CARTESIAN_POINT('',(29.130697467477,-9.626514696102,-5.));
#3723 = SURFACE_CURVE('',#3724,(#3729,#3763),.PCURVE_S1.);
#3724 = CIRCLE('',#3725,0.25);
#3725 = AXIS2_PLACEMENT_3D('',#3726,#3727,#3728);
#3726 = CARTESIAN_POINT('',(29.065810729404,-9.867947318633,-5.));
#3727 = DIRECTION('',(2.198264433489E-15,-3.24232415865E-16,1.));
#3728 = DIRECTION('',(-0.965730490124,0.259546952295,2.207084524148E-15)
  );
#3729 = PCURVE('',#3730,#3735);
#3730 = TOROIDAL_SURFACE('',#3731,0.7,0.25);
#3731 = AXIS2_PLACEMENT_3D('',#3732,#3733,#3734);
#3732 = CARTESIAN_POINT('',(29.24749359601,-9.191935975547,-5.));
#3733 = DIRECTION('',(-0.965730490124,0.259546952295,-4.238665850285E-18
    ));
#3734 = DIRECTION('',(-0.259546952295,-0.965730490124,1.192240047878E-16
    ));
#3735 = DEFINITIONAL_REPRESENTATION('',(#3736),#3762);
#3736 = B_SPLINE_CURVE_WITH_KNOTS('',3,(#3737,#3738,#3739,#3740,#3741,
    #3742,#3743,#3744,#3745,#3746,#3747,#3748,#3749,#3750,#3751,#3752,
    #3753,#3754,#3755,#3756,#3757,#3758,#3759,#3760,#3761),
  .UNSPECIFIED.,.F.,.F.,(4,1,1,1,1,1,1,1,1,1,1,1,1,1,1,1,1,1,1,1,1,1,4),
  (3.425386762798,3.483886863598,3.542386964397,3.600887065196,
    3.659387165996,3.717887266795,3.776387367594,3.834887468394,
    3.893387569193,3.951887669993,4.010387770792,4.068887871591,
    4.127387972391,4.18588807319,4.24438817399,4.302888274789,
    4.361388375588,4.419888476388,4.478388577187,4.536888677987,
    4.595388778786,4.653888879585,4.712388980385),
  .QUASI_UNIFORM_KNOTS.);
#3737 = CARTESIAN_POINT('',(0.,4.428594871176));
#3738 = CARTESIAN_POINT('',(0.,4.409094837577));
#3739 = CARTESIAN_POINT('',(-8.881784197001E-16,4.370094770377));
#3740 = CARTESIAN_POINT('',(-2.6645352591E-15,4.311594669578));
#3741 = CARTESIAN_POINT('',(-8.881784197001E-16,4.253094568778));
#3742 = CARTESIAN_POINT('',(-1.7763568394E-15,4.194594467979));
#3743 = CARTESIAN_POINT('',(-8.881784197001E-16,4.136094367179));
#3744 = CARTESIAN_POINT('',(-1.7763568394E-15,4.07759426638));
#3745 = CARTESIAN_POINT('',(-1.7763568394E-15,4.019094165581));
#3746 = CARTESIAN_POINT('',(-1.7763568394E-15,3.960594064781));
#3747 = CARTESIAN_POINT('',(-8.881784197001E-16,3.902093963982));
#3748 = CARTESIAN_POINT('',(-2.6645352591E-15,3.843593863182));
#3749 = CARTESIAN_POINT('',(-8.881784197001E-16,3.785093762383));
#3750 = CARTESIAN_POINT('',(8.881784197001E-16,3.726593661584));
#3751 = CARTESIAN_POINT('',(-8.881784197001E-16,3.668093560784));
#3752 = CARTESIAN_POINT('',(0.,3.609593459985));
#3753 = CARTESIAN_POINT('',(-8.881784197001E-16,3.551093359185));
#3754 = CARTESIAN_POINT('',(0.,3.492593258386));
#3755 = CARTESIAN_POINT('',(0.,3.434093157587));
#3756 = CARTESIAN_POINT('',(8.881784197001E-16,3.375593056787));
#3757 = CARTESIAN_POINT('',(0.,3.317092955988));
#3758 = CARTESIAN_POINT('',(0.,3.258592855189));
#3759 = CARTESIAN_POINT('',(8.881784197001E-16,3.200092754389));
#3760 = CARTESIAN_POINT('',(8.881784197001E-16,3.16109268719));
#3761 = CARTESIAN_POINT('',(0.,3.14159265359));
#3762 = ( GEOMETRIC_REPRESENTATION_CONTEXT(2) 
PARAMETRIC_REPRESENTATION_CONTEXT() REPRESENTATION_CONTEXT('2D SPACE',''
  ) );
#3763 = PCURVE('',#3764,#3769);
#3764 = CYLINDRICAL_SURFACE('',#3765,0.25);
#3765 = AXIS2_PLACEMENT_3D('',#3766,#3767,#3768);
#3766 = CARTESIAN_POINT('',(29.065810729404,-9.867947318633,-13.));
#3767 = DIRECTION('',(-1.28931872002E-18,1.153367983869E-17,1.));
#3768 = DIRECTION('',(0.259546952295,0.965730490124,-1.080378753923E-17)
  );
#3769 = DEFINITIONAL_REPRESENTATION('',(#3770),#3774);
#3770 = LINE('',#3771,#3772);
#3771 = CARTESIAN_POINT('',(1.570796326795,8.));
#3772 = VECTOR('',#3773,1.);
#3773 = DIRECTION('',(1.,6.901141331098E-16));
#3774 = ( GEOMETRIC_REPRESENTATION_CONTEXT(2) 
PARAMETRIC_REPRESENTATION_CONTEXT() REPRESENTATION_CONTEXT('2D SPACE',''
  ) );
#3775 = ORIENTED_EDGE('',*,*,#3776,.T.);
#3776 = EDGE_CURVE('',#3721,#3777,#3779,.T.);
#3777 = VERTEX_POINT('',#3778);
#3778 = CARTESIAN_POINT('',(29.24749359601,-9.191935975547,-4.55));
#3779 = SURFACE_CURVE('',#3780,(#3785,#3792),.PCURVE_S1.);
#3780 = CIRCLE('',#3781,0.45);
#3781 = AXIS2_PLACEMENT_3D('',#3782,#3783,#3784);
#3782 = CARTESIAN_POINT('',(29.24749359601,-9.191935975547,-5.));
#3783 = DIRECTION('',(-0.965730490124,0.259546952295,-4.238665850285E-18
    ));
#3784 = DIRECTION('',(-0.259546952295,-0.965730490124,1.192240047878E-16
    ));
#3785 = PCURVE('',#3730,#3786);
#3786 = DEFINITIONAL_REPRESENTATION('',(#3787),#3791);
#3787 = LINE('',#3788,#3789);
#3788 = CARTESIAN_POINT('',(0.,3.14159265359));
#3789 = VECTOR('',#3790,1.);
#3790 = DIRECTION('',(1.,9.046911093941E-15));
#3791 = ( GEOMETRIC_REPRESENTATION_CONTEXT(2) 
PARAMETRIC_REPRESENTATION_CONTEXT() REPRESENTATION_CONTEXT('2D SPACE',''
  ) );
#3792 = PCURVE('',#3366,#3793);
#3793 = DEFINITIONAL_REPRESENTATION('',(#3794),#3798);
#3794 = LINE('',#3795,#3796);
#3795 = CARTESIAN_POINT('',(0.,3.14159265359));
#3796 = VECTOR('',#3797,1.);
#3797 = DIRECTION('',(1.,9.046911093941E-15));
#3798 = ( GEOMETRIC_REPRESENTATION_CONTEXT(2) 
PARAMETRIC_REPRESENTATION_CONTEXT() REPRESENTATION_CONTEXT('2D SPACE',''
  ) );
#3799 = ORIENTED_EDGE('',*,*,#3800,.F.);
#3800 = EDGE_CURVE('',#3801,#3777,#3803,.T.);
#3801 = VERTEX_POINT('',#3802);
#3802 = CARTESIAN_POINT('',(29.47926891364,-9.254227244097,-4.37));
#3803 = SURFACE_CURVE('',#3804,(#3809,#3816),.PCURVE_S1.);
#3804 = CIRCLE('',#3805,0.25);
#3805 = AXIS2_PLACEMENT_3D('',#3806,#3807,#3808);
#3806 = CARTESIAN_POINT('',(29.24749359601,-9.191935975547,-4.3));
#3807 = DIRECTION('',(0.259546952295,0.965730490124,-3.658519214112E-16)
  );
#3808 = DIRECTION('',(-0.965730490124,0.259546952295,-4.238665850285E-18
    ));
#3809 = PCURVE('',#3730,#3810);
#3810 = DEFINITIONAL_REPRESENTATION('',(#3811),#3815);
#3811 = LINE('',#3812,#3813);
#3812 = CARTESIAN_POINT('',(1.570796326795,7.853981633974));
#3813 = VECTOR('',#3814,1.);
#3814 = DIRECTION('',(0.,-1.));
#3815 = ( GEOMETRIC_REPRESENTATION_CONTEXT(2) 
PARAMETRIC_REPRESENTATION_CONTEXT() REPRESENTATION_CONTEXT('2D SPACE',''
  ) );
#3816 = PCURVE('',#3817,#3822);
#3817 = CYLINDRICAL_SURFACE('',#3818,0.25);
#3818 = AXIS2_PLACEMENT_3D('',#3819,#3820,#3821);
#3819 = CARTESIAN_POINT('',(29.24749359601,-9.191935975547,-4.3));
#3820 = DIRECTION('',(0.259546952295,0.965730490124,-4.564996783438E-16)
  );
#3821 = DIRECTION('',(-1.143896913886E-16,-4.419557909115E-16,-1.));
#3822 = DEFINITIONAL_REPRESENTATION('',(#3823),#3827);
#3823 = LINE('',#3824,#3825);
#3824 = CARTESIAN_POINT('',(1.570796326795,0.));
#3825 = VECTOR('',#3826,1.);
#3826 = DIRECTION('',(1.,0.));
#3827 = ( GEOMETRIC_REPRESENTATION_CONTEXT(2) 
PARAMETRIC_REPRESENTATION_CONTEXT() REPRESENTATION_CONTEXT('2D SPACE',''
  ) );
#3828 = ORIENTED_EDGE('',*,*,#3829,.T.);
#3829 = EDGE_CURVE('',#3801,#3719,#3830,.T.);
#3830 = SURFACE_CURVE('',#3831,(#3836,#3843),.PCURVE_S1.);
#3831 = CIRCLE('',#3832,0.63);
#3832 = AXIS2_PLACEMENT_3D('',#3833,#3834,#3835);
#3833 = CARTESIAN_POINT('',(29.47926891364,-9.254227244097,-5.));
#3834 = DIRECTION('',(0.965730490124,-0.259546952295,4.238665850285E-18)
  );
#3835 = DIRECTION('',(0.259546952295,0.965730490124,-1.192240047878E-16)
  );
#3836 = PCURVE('',#3730,#3837);
#3837 = DEFINITIONAL_REPRESENTATION('',(#3838),#3842);
#3838 = LINE('',#3839,#3840);
#3839 = CARTESIAN_POINT('',(3.14159265359,4.428594871176));
#3840 = VECTOR('',#3841,1.);
#3841 = DIRECTION('',(-1.,-2.261727773485E-15));
#3842 = ( GEOMETRIC_REPRESENTATION_CONTEXT(2) 
PARAMETRIC_REPRESENTATION_CONTEXT() REPRESENTATION_CONTEXT('2D SPACE',''
  ) );
#3843 = PCURVE('',#3844,#3849);
#3844 = TOROIDAL_SURFACE('',#3845,0.7,0.25);
#3845 = AXIS2_PLACEMENT_3D('',#3846,#3847,#3848);
#3846 = CARTESIAN_POINT('',(29.711044231269,-9.316518512648,-5.));
#3847 = DIRECTION('',(-0.965730490124,0.259546952295,-4.238665850285E-18
    ));
#3848 = DIRECTION('',(-0.259546952295,-0.965730490124,1.192240047878E-16
    ));
#3849 = DEFINITIONAL_REPRESENTATION('',(#3850),#3854);
#3850 = LINE('',#3851,#3852);
#3851 = CARTESIAN_POINT('',(3.14159265359,1.854590436003));
#3852 = VECTOR('',#3853,1.);
#3853 = DIRECTION('',(-1.,-2.544443745171E-15));
#3854 = ( GEOMETRIC_REPRESENTATION_CONTEXT(2) 
PARAMETRIC_REPRESENTATION_CONTEXT() REPRESENTATION_CONTEXT('2D SPACE',''
  ) );
#3855 = ADVANCED_FACE('',(#3856),#3871,.T.);
#3856 = FACE_BOUND('',#3857,.T.);
#3857 = EDGE_LOOP('',(#3858,#3894,#3918,#3942));
#3858 = ORIENTED_EDGE('',*,*,#3859,.T.);
#3859 = EDGE_CURVE('',#3860,#3862,#3864,.T.);
#3860 = VERTEX_POINT('',#3861);
#3861 = CARTESIAN_POINT('',(29.47926891364,-9.254227244097,-13.63));
#3862 = VERTEX_POINT('',#3863);
#3863 = CARTESIAN_POINT('',(29.24749359601,-9.191935975547,-13.45));
#3864 = SURFACE_CURVE('',#3865,(#3870,#3882),.PCURVE_S1.);
#3865 = CIRCLE('',#3866,0.25);
#3866 = AXIS2_PLACEMENT_3D('',#3867,#3868,#3869);
#3867 = CARTESIAN_POINT('',(29.24749359601,-9.191935975547,-13.7));
#3868 = DIRECTION('',(-0.259546952295,-0.965730490124,3.658519214112E-16
    ));
#3869 = DIRECTION('',(-0.965730490124,0.259546952295,-4.238665850284E-18
    ));
#3870 = PCURVE('',#3871,#3876);
#3871 = TOROIDAL_SURFACE('',#3872,0.7,0.25);
#3872 = AXIS2_PLACEMENT_3D('',#3873,#3874,#3875);
#3873 = CARTESIAN_POINT('',(29.24749359601,-9.191935975547,-13.));
#3874 = DIRECTION('',(-0.965730490124,0.259546952295,-4.238665850285E-18
    ));
#3875 = DIRECTION('',(-0.259546952295,-0.965730490124,1.192240047878E-16
    ));
#3876 = DEFINITIONAL_REPRESENTATION('',(#3877),#3881);
#3877 = LINE('',#3878,#3879);
#3878 = CARTESIAN_POINT('',(4.712388980385,7.853981633974));
#3879 = VECTOR('',#3880,1.);
#3880 = DIRECTION('',(1.38022826622E-15,-1.));
#3881 = ( GEOMETRIC_REPRESENTATION_CONTEXT(2) 
PARAMETRIC_REPRESENTATION_CONTEXT() REPRESENTATION_CONTEXT('2D SPACE',''
  ) );
#3882 = PCURVE('',#3883,#3888);
#3883 = CYLINDRICAL_SURFACE('',#3884,0.25);
#3884 = AXIS2_PLACEMENT_3D('',#3885,#3886,#3887);
#3885 = CARTESIAN_POINT('',(29.914962711877,-6.708395827185,-13.7));
#3886 = DIRECTION('',(-0.259546952295,-0.965730490124,1.192240047878E-16
    ));
#3887 = DIRECTION('',(0.965730490124,-0.259546952295,4.238665850285E-18)
  );
#3888 = DEFINITIONAL_REPRESENTATION('',(#3889),#3893);
#3889 = LINE('',#3890,#3891);
#3890 = CARTESIAN_POINT('',(-3.14159265359,2.571670019493));
#3891 = VECTOR('',#3892,1.);
#3892 = DIRECTION('',(1.,6.901141331098E-16));
#3893 = ( GEOMETRIC_REPRESENTATION_CONTEXT(2) 
PARAMETRIC_REPRESENTATION_CONTEXT() REPRESENTATION_CONTEXT('2D SPACE',''
  ) );
#3894 = ORIENTED_EDGE('',*,*,#3895,.T.);
#3895 = EDGE_CURVE('',#3862,#3896,#3898,.T.);
#3896 = VERTEX_POINT('',#3897);
#3897 = CARTESIAN_POINT('',(29.130697467477,-9.626514696102,-13.));
#3898 = SURFACE_CURVE('',#3899,(#3904,#3911),.PCURVE_S1.);
#3899 = CIRCLE('',#3900,0.45);
#3900 = AXIS2_PLACEMENT_3D('',#3901,#3902,#3903);
#3901 = CARTESIAN_POINT('',(29.24749359601,-9.191935975547,-13.));
#3902 = DIRECTION('',(-0.965730490124,0.259546952295,-4.238665850285E-18
    ));
#3903 = DIRECTION('',(-0.259546952295,-0.965730490124,1.192240047878E-16
    ));
#3904 = PCURVE('',#3871,#3905);
#3905 = DEFINITIONAL_REPRESENTATION('',(#3906),#3910);
#3906 = LINE('',#3907,#3908);
#3907 = CARTESIAN_POINT('',(0.,3.14159265359));
#3908 = VECTOR('',#3909,1.);
#3909 = DIRECTION('',(1.,-8.764195122255E-15));
#3910 = ( GEOMETRIC_REPRESENTATION_CONTEXT(2) 
PARAMETRIC_REPRESENTATION_CONTEXT() REPRESENTATION_CONTEXT('2D SPACE',''
  ) );
#3911 = PCURVE('',#3480,#3912);
#3912 = DEFINITIONAL_REPRESENTATION('',(#3913),#3917);
#3913 = LINE('',#3914,#3915);
#3914 = CARTESIAN_POINT('',(0.,3.14159265359));
#3915 = VECTOR('',#3916,1.);
#3916 = DIRECTION('',(1.,-8.764195122255E-15));
#3917 = ( GEOMETRIC_REPRESENTATION_CONTEXT(2) 
PARAMETRIC_REPRESENTATION_CONTEXT() REPRESENTATION_CONTEXT('2D SPACE',''
  ) );
#3918 = ORIENTED_EDGE('',*,*,#3919,.F.);
#3919 = EDGE_CURVE('',#3920,#3896,#3922,.T.);
#3920 = VERTEX_POINT('',#3921);
#3921 = CARTESIAN_POINT('',(29.315754333694,-9.862637452875,-13.));
#3922 = SURFACE_CURVE('',#3923,(#3928,#3935),.PCURVE_S1.);
#3923 = CIRCLE('',#3924,0.25);
#3924 = AXIS2_PLACEMENT_3D('',#3925,#3926,#3927);
#3925 = CARTESIAN_POINT('',(29.065810729404,-9.867947318633,-13.));
#3926 = DIRECTION('',(2.198264433489E-15,-3.24232415865E-16,1.));
#3927 = DIRECTION('',(-0.965730490124,0.259546952295,2.207084524148E-15)
  );
#3928 = PCURVE('',#3871,#3929);
#3929 = DEFINITIONAL_REPRESENTATION('',(#3930),#3934);
#3930 = LINE('',#3931,#3932);
#3931 = CARTESIAN_POINT('',(6.28318530718,7.853981633974));
#3932 = VECTOR('',#3933,1.);
#3933 = DIRECTION('',(0.,-1.));
#3934 = ( GEOMETRIC_REPRESENTATION_CONTEXT(2) 
PARAMETRIC_REPRESENTATION_CONTEXT() REPRESENTATION_CONTEXT('2D SPACE',''
  ) );
#3935 = PCURVE('',#3764,#3936);
#3936 = DEFINITIONAL_REPRESENTATION('',(#3937),#3941);
#3937 = LINE('',#3938,#3939);
#3938 = CARTESIAN_POINT('',(1.570796326795,-4.878129354111E-15));
#3939 = VECTOR('',#3940,1.);
#3940 = DIRECTION('',(1.,1.035171199665E-15));
#3941 = ( GEOMETRIC_REPRESENTATION_CONTEXT(2) 
PARAMETRIC_REPRESENTATION_CONTEXT() REPRESENTATION_CONTEXT('2D SPACE',''
  ) );
#3942 = ORIENTED_EDGE('',*,*,#3943,.T.);
#3943 = EDGE_CURVE('',#3920,#3860,#3944,.T.);
#3944 = SURFACE_CURVE('',#3945,(#3950,#3957),.PCURVE_S1.);
#3945 = CIRCLE('',#3946,0.63);
#3946 = AXIS2_PLACEMENT_3D('',#3947,#3948,#3949);
#3947 = CARTESIAN_POINT('',(29.47926891364,-9.254227244097,-13.));
#3948 = DIRECTION('',(0.965730490124,-0.259546952295,4.238665850285E-18)
  );
#3949 = DIRECTION('',(0.259546952295,0.965730490124,-1.192240047878E-16)
  );
#3950 = PCURVE('',#3871,#3951);
#3951 = DEFINITIONAL_REPRESENTATION('',(#3952),#3956);
#3952 = LINE('',#3953,#3954);
#3953 = CARTESIAN_POINT('',(9.424777960769,4.428594871176));
#3954 = VECTOR('',#3955,1.);
#3955 = DIRECTION('',(-1.,0.));
#3956 = ( GEOMETRIC_REPRESENTATION_CONTEXT(2) 
PARAMETRIC_REPRESENTATION_CONTEXT() REPRESENTATION_CONTEXT('2D SPACE',''
  ) );
#3957 = PCURVE('',#3958,#3963);
#3958 = TOROIDAL_SURFACE('',#3959,0.7,0.25);
#3959 = AXIS2_PLACEMENT_3D('',#3960,#3961,#3962);
#3960 = CARTESIAN_POINT('',(29.711044231269,-9.316518512648,-13.));
#3961 = DIRECTION('',(-0.965730490124,0.259546952295,-4.238665850285E-18
    ));
#3962 = DIRECTION('',(-0.259546952295,-0.965730490124,1.192240047878E-16
    ));
#3963 = DEFINITIONAL_REPRESENTATION('',(#3964),#3968);
#3964 = LINE('',#3965,#3966);
#3965 = CARTESIAN_POINT('',(9.424777960769,1.854590436003));
#3966 = VECTOR('',#3967,1.);
#3967 = DIRECTION('',(-1.,0.));
#3968 = ( GEOMETRIC_REPRESENTATION_CONTEXT(2) 
PARAMETRIC_REPRESENTATION_CONTEXT() REPRESENTATION_CONTEXT('2D SPACE',''
  ) );
#3969 = ADVANCED_FACE('',(#3970),#3985,.T.);
#3970 = FACE_BOUND('',#3971,.T.);
#3971 = EDGE_LOOP('',(#3972,#4003,#4027,#4056));
#3972 = ORIENTED_EDGE('',*,*,#3973,.T.);
#3973 = EDGE_CURVE('',#3974,#3976,#3978,.T.);
#3974 = VERTEX_POINT('',#3975);
#3975 = CARTESIAN_POINT('',(30.146738029507,-6.770687095736,-4.37));
#3976 = VERTEX_POINT('',#3977);
#3977 = CARTESIAN_POINT('',(29.914962711877,-6.708395827185,-4.55));
#3978 = SURFACE_CURVE('',#3979,(#3984,#3996),.PCURVE_S1.);
#3979 = CIRCLE('',#3980,0.25);
#3980 = AXIS2_PLACEMENT_3D('',#3981,#3982,#3983);
#3981 = CARTESIAN_POINT('',(29.914962711877,-6.708395827185,-4.3));
#3982 = DIRECTION('',(0.259546952295,0.965730490124,-7.031275949673E-16)
  );
#3983 = DIRECTION('',(-0.965730490124,0.259546952295,-4.238665850286E-18
    ));
#3984 = PCURVE('',#3985,#3990);
#3985 = TOROIDAL_SURFACE('',#3986,0.7,0.25);
#3986 = AXIS2_PLACEMENT_3D('',#3987,#3988,#3989);
#3987 = CARTESIAN_POINT('',(29.914962711877,-6.708395827185,-5.));
#3988 = DIRECTION('',(-0.965730490124,0.259546952295,-4.238665850285E-18
    ));
#3989 = DIRECTION('',(-0.259546952295,-0.965730490124,1.192240047878E-16
    ));
#3990 = DEFINITIONAL_REPRESENTATION('',(#3991),#3995);
#3991 = LINE('',#3992,#3993);
#3992 = CARTESIAN_POINT('',(1.570796326795,7.853981633974));
#3993 = VECTOR('',#3994,1.);
#3994 = DIRECTION('',(-1.207699732942E-15,-1.));
#3995 = ( GEOMETRIC_REPRESENTATION_CONTEXT(2) 
PARAMETRIC_REPRESENTATION_CONTEXT() REPRESENTATION_CONTEXT('2D SPACE',''
  ) );
#3996 = PCURVE('',#3817,#3997);
#3997 = DEFINITIONAL_REPRESENTATION('',(#3998),#4002);
#3998 = LINE('',#3999,#4000);
#3999 = CARTESIAN_POINT('',(1.570796326795,2.571670019493));
#4000 = VECTOR('',#4001,1.);
#4001 = DIRECTION('',(1.,-6.901141331098E-16));
#4002 = ( GEOMETRIC_REPRESENTATION_CONTEXT(2) 
PARAMETRIC_REPRESENTATION_CONTEXT() REPRESENTATION_CONTEXT('2D SPACE',''
  ) );
#4003 = ORIENTED_EDGE('',*,*,#4004,.T.);
#4004 = EDGE_CURVE('',#3976,#4005,#4007,.T.);
#4005 = VERTEX_POINT('',#4006);
#4006 = CARTESIAN_POINT('',(30.03175884041,-6.27381710663,-5.));
#4007 = SURFACE_CURVE('',#4008,(#4013,#4020),.PCURVE_S1.);
#4008 = CIRCLE('',#4009,0.45);
#4009 = AXIS2_PLACEMENT_3D('',#4010,#4011,#4012);
#4010 = CARTESIAN_POINT('',(29.914962711877,-6.708395827185,-5.));
#4011 = DIRECTION('',(-0.965730490124,0.259546952295,-4.238665850285E-18
    ));
#4012 = DIRECTION('',(-0.259546952295,-0.965730490124,1.192240047878E-16
    ));
#4013 = PCURVE('',#3985,#4014);
#4014 = DEFINITIONAL_REPRESENTATION('',(#4015),#4019);
#4015 = LINE('',#4016,#4017);
#4016 = CARTESIAN_POINT('',(0.,3.14159265359));
#4017 = VECTOR('',#4018,1.);
#4018 = DIRECTION('',(1.,-9.046911093941E-15));
#4019 = ( GEOMETRIC_REPRESENTATION_CONTEXT(2) 
PARAMETRIC_REPRESENTATION_CONTEXT() REPRESENTATION_CONTEXT('2D SPACE',''
  ) );
#4020 = PCURVE('',#3594,#4021);
#4021 = DEFINITIONAL_REPRESENTATION('',(#4022),#4026);
#4022 = LINE('',#4023,#4024);
#4023 = CARTESIAN_POINT('',(0.,3.14159265359));
#4024 = VECTOR('',#4025,1.);
#4025 = DIRECTION('',(1.,-9.046911093941E-15));
#4026 = ( GEOMETRIC_REPRESENTATION_CONTEXT(2) 
PARAMETRIC_REPRESENTATION_CONTEXT() REPRESENTATION_CONTEXT('2D SPACE',''
  ) );
#4027 = ORIENTED_EDGE('',*,*,#4028,.F.);
#4028 = EDGE_CURVE('',#4029,#4005,#4031,.T.);
#4029 = VERTEX_POINT('',#4030);
#4030 = CARTESIAN_POINT('',(30.310252609452,-6.162276886958,-5.));
#4031 = SURFACE_CURVE('',#4032,(#4037,#4044),.PCURVE_S1.);
#4032 = CIRCLE('',#4033,0.25);
#4033 = AXIS2_PLACEMENT_3D('',#4034,#4035,#4036);
#4034 = CARTESIAN_POINT('',(30.096645578483,-6.032384484099,-5.));
#4035 = DIRECTION('',(2.044679885754E-15,-9.283566826829E-16,-1.));
#4036 = DIRECTION('',(-0.965730490124,0.259546952295,-2.215561855848E-15
    ));
#4037 = PCURVE('',#3985,#4038);
#4038 = DEFINITIONAL_REPRESENTATION('',(#4039),#4043);
#4039 = LINE('',#4040,#4041);
#4040 = CARTESIAN_POINT('',(3.14159265359,7.853981633974));
#4041 = VECTOR('',#4042,1.);
#4042 = DIRECTION('',(1.035171199665E-15,-1.));
#4043 = ( GEOMETRIC_REPRESENTATION_CONTEXT(2) 
PARAMETRIC_REPRESENTATION_CONTEXT() REPRESENTATION_CONTEXT('2D SPACE',''
  ) );
#4044 = PCURVE('',#4045,#4050);
#4045 = CYLINDRICAL_SURFACE('',#4046,0.25);
#4046 = AXIS2_PLACEMENT_3D('',#4047,#4048,#4049);
#4047 = CARTESIAN_POINT('',(30.096645578483,-6.032384484099,-5.));
#4048 = DIRECTION('',(-1.278074975698E-17,-6.388603461007E-17,-1.));
#4049 = DIRECTION('',(-0.259546952295,-0.965730490124,6.50138961635E-17)
  );
#4050 = DEFINITIONAL_REPRESENTATION('',(#4051),#4055);
#4051 = LINE('',#4052,#4053);
#4052 = CARTESIAN_POINT('',(1.570796326795,-1.626043118037E-15));
#4053 = VECTOR('',#4054,1.);
#4054 = DIRECTION('',(1.,3.450570665549E-16));
#4055 = ( GEOMETRIC_REPRESENTATION_CONTEXT(2) 
PARAMETRIC_REPRESENTATION_CONTEXT() REPRESENTATION_CONTEXT('2D SPACE',''
  ) );
#4056 = ORIENTED_EDGE('',*,*,#4057,.T.);
#4057 = EDGE_CURVE('',#4029,#3974,#4058,.T.);
#4058 = SURFACE_CURVE('',#4059,(#4064,#4071),.PCURVE_S1.);
#4059 = CIRCLE('',#4060,0.63);
#4060 = AXIS2_PLACEMENT_3D('',#4061,#4062,#4063);
#4061 = CARTESIAN_POINT('',(30.146738029507,-6.770687095736,-5.));
#4062 = DIRECTION('',(0.965730490124,-0.259546952295,4.238665850285E-18)
  );
#4063 = DIRECTION('',(0.259546952295,0.965730490124,-1.192240047878E-16)
  );
#4064 = PCURVE('',#3985,#4065);
#4065 = DEFINITIONAL_REPRESENTATION('',(#4066),#4070);
#4066 = LINE('',#4067,#4068);
#4067 = CARTESIAN_POINT('',(3.14159265359,4.428594871176));
#4068 = VECTOR('',#4069,1.);
#4069 = DIRECTION('',(-1.,-1.696295830114E-15));
#4070 = ( GEOMETRIC_REPRESENTATION_CONTEXT(2) 
PARAMETRIC_REPRESENTATION_CONTEXT() REPRESENTATION_CONTEXT('2D SPACE',''
  ) );
#4071 = PCURVE('',#4072,#4077);
#4072 = TOROIDAL_SURFACE('',#4073,0.7,0.25);
#4073 = AXIS2_PLACEMENT_3D('',#4074,#4075,#4076);
#4074 = CARTESIAN_POINT('',(30.378513347136,-6.832978364287,-5.));
#4075 = DIRECTION('',(-0.965730490124,0.259546952295,-4.238665850285E-18
    ));
#4076 = DIRECTION('',(-0.259546952295,-0.965730490124,1.192240047878E-16
    ));
#4077 = DEFINITIONAL_REPRESENTATION('',(#4078),#4082);
#4078 = LINE('',#4079,#4080);
#4079 = CARTESIAN_POINT('',(3.14159265359,1.854590436003));
#4080 = VECTOR('',#4081,1.);
#4081 = DIRECTION('',(-1.,6.926541306298E-15));
#4082 = ( GEOMETRIC_REPRESENTATION_CONTEXT(2) 
PARAMETRIC_REPRESENTATION_CONTEXT() REPRESENTATION_CONTEXT('2D SPACE',''
  ) );
#4083 = ADVANCED_FACE('',(#4084),#4099,.T.);
#4084 = FACE_BOUND('',#4085,.T.);
#4085 = EDGE_LOOP('',(#4086,#4117,#4141,#4165));
#4086 = ORIENTED_EDGE('',*,*,#4087,.T.);
#4087 = EDGE_CURVE('',#4088,#4090,#4092,.T.);
#4088 = VERTEX_POINT('',#4089);
#4089 = CARTESIAN_POINT('',(30.310252609452,-6.162276886958,-13.));
#4090 = VERTEX_POINT('',#4091);
#4091 = CARTESIAN_POINT('',(30.03175884041,-6.27381710663,-13.));
#4092 = SURFACE_CURVE('',#4093,(#4098,#4110),.PCURVE_S1.);
#4093 = CIRCLE('',#4094,0.25);
#4094 = AXIS2_PLACEMENT_3D('',#4095,#4096,#4097);
#4095 = CARTESIAN_POINT('',(30.096645578483,-6.032384484099,-13.));
#4096 = DIRECTION('',(2.058749954231E-15,-8.760043279116E-16,-1.));
#4097 = DIRECTION('',(-0.965730490124,0.259546952295,-2.215561855848E-15
    ));
#4098 = PCURVE('',#4099,#4104);
#4099 = TOROIDAL_SURFACE('',#4100,0.7,0.25);
#4100 = AXIS2_PLACEMENT_3D('',#4101,#4102,#4103);
#4101 = CARTESIAN_POINT('',(29.914962711877,-6.708395827185,-13.));
#4102 = DIRECTION('',(-0.965730490124,0.259546952295,-4.238665850285E-18
    ));
#4103 = DIRECTION('',(-0.259546952295,-0.965730490124,1.192240047878E-16
    ));
#4104 = DEFINITIONAL_REPRESENTATION('',(#4105),#4109);
#4105 = LINE('',#4106,#4107);
#4106 = CARTESIAN_POINT('',(3.14159265359,7.853981633974));
#4107 = VECTOR('',#4108,1.);
#4108 = DIRECTION('',(0.,-1.));
#4109 = ( GEOMETRIC_REPRESENTATION_CONTEXT(2) 
PARAMETRIC_REPRESENTATION_CONTEXT() REPRESENTATION_CONTEXT('2D SPACE',''
  ) );
#4110 = PCURVE('',#4045,#4111);
#4111 = DEFINITIONAL_REPRESENTATION('',(#4112),#4116);
#4112 = LINE('',#4113,#4114);
#4113 = CARTESIAN_POINT('',(1.570796326795,8.));
#4114 = VECTOR('',#4115,1.);
#4115 = DIRECTION('',(1.,6.901141331098E-16));
#4116 = ( GEOMETRIC_REPRESENTATION_CONTEXT(2) 
PARAMETRIC_REPRESENTATION_CONTEXT() REPRESENTATION_CONTEXT('2D SPACE',''
  ) );
#4117 = ORIENTED_EDGE('',*,*,#4118,.T.);
#4118 = EDGE_CURVE('',#4090,#4119,#4121,.T.);
#4119 = VERTEX_POINT('',#4120);
#4120 = CARTESIAN_POINT('',(29.914962711877,-6.708395827185,-13.45));
#4121 = SURFACE_CURVE('',#4122,(#4127,#4134),.PCURVE_S1.);
#4122 = CIRCLE('',#4123,0.45);
#4123 = AXIS2_PLACEMENT_3D('',#4124,#4125,#4126);
#4124 = CARTESIAN_POINT('',(29.914962711877,-6.708395827185,-13.));
#4125 = DIRECTION('',(-0.965730490124,0.259546952295,-4.238665850285E-18
    ));
#4126 = DIRECTION('',(-0.259546952295,-0.965730490124,1.192240047878E-16
    ));
#4127 = PCURVE('',#4099,#4128);
#4128 = DEFINITIONAL_REPRESENTATION('',(#4129),#4133);
#4129 = LINE('',#4130,#4131);
#4130 = CARTESIAN_POINT('',(0.,3.14159265359));
#4131 = VECTOR('',#4132,1.);
#4132 = DIRECTION('',(1.,8.764195122255E-15));
#4133 = ( GEOMETRIC_REPRESENTATION_CONTEXT(2) 
PARAMETRIC_REPRESENTATION_CONTEXT() REPRESENTATION_CONTEXT('2D SPACE',''
  ) );
#4134 = PCURVE('',#3703,#4135);
#4135 = DEFINITIONAL_REPRESENTATION('',(#4136),#4140);
#4136 = LINE('',#4137,#4138);
#4137 = CARTESIAN_POINT('',(0.,3.14159265359));
#4138 = VECTOR('',#4139,1.);
#4139 = DIRECTION('',(1.,8.764195122255E-15));
#4140 = ( GEOMETRIC_REPRESENTATION_CONTEXT(2) 
PARAMETRIC_REPRESENTATION_CONTEXT() REPRESENTATION_CONTEXT('2D SPACE',''
  ) );
#4141 = ORIENTED_EDGE('',*,*,#4142,.F.);
#4142 = EDGE_CURVE('',#4143,#4119,#4145,.T.);
#4143 = VERTEX_POINT('',#4144);
#4144 = CARTESIAN_POINT('',(30.146738029507,-6.770687095736,-13.63));
#4145 = SURFACE_CURVE('',#4146,(#4151,#4158),.PCURVE_S1.);
#4146 = CIRCLE('',#4147,0.25);
#4147 = AXIS2_PLACEMENT_3D('',#4148,#4149,#4150);
#4148 = CARTESIAN_POINT('',(29.914962711877,-6.708395827185,-13.7));
#4149 = DIRECTION('',(-0.259546952295,-0.965730490124,5.607987212962E-17
    ));
#4150 = DIRECTION('',(-0.965730490124,0.259546952295,-4.238665850285E-18
    ));
#4151 = PCURVE('',#4099,#4152);
#4152 = DEFINITIONAL_REPRESENTATION('',(#4153),#4157);
#4153 = LINE('',#4154,#4155);
#4154 = CARTESIAN_POINT('',(4.712388980385,7.853981633974));
#4155 = VECTOR('',#4156,1.);
#4156 = DIRECTION('',(1.38022826622E-15,-1.));
#4157 = ( GEOMETRIC_REPRESENTATION_CONTEXT(2) 
PARAMETRIC_REPRESENTATION_CONTEXT() REPRESENTATION_CONTEXT('2D SPACE',''
  ) );
#4158 = PCURVE('',#3883,#4159);
#4159 = DEFINITIONAL_REPRESENTATION('',(#4160),#4164);
#4160 = LINE('',#4161,#4162);
#4161 = CARTESIAN_POINT('',(-3.14159265359,-1.475729396674E-15));
#4162 = VECTOR('',#4163,1.);
#4163 = DIRECTION('',(1.,6.901141331098E-16));
#4164 = ( GEOMETRIC_REPRESENTATION_CONTEXT(2) 
PARAMETRIC_REPRESENTATION_CONTEXT() REPRESENTATION_CONTEXT('2D SPACE',''
  ) );
#4165 = ORIENTED_EDGE('',*,*,#4166,.T.);
#4166 = EDGE_CURVE('',#4143,#4088,#4167,.T.);
#4167 = SURFACE_CURVE('',#4168,(#4173,#4180),.PCURVE_S1.);
#4168 = CIRCLE('',#4169,0.63);
#4169 = AXIS2_PLACEMENT_3D('',#4170,#4171,#4172);
#4170 = CARTESIAN_POINT('',(30.146738029507,-6.770687095736,-13.));
#4171 = DIRECTION('',(0.965730490124,-0.259546952295,4.238665850285E-18)
  );
#4172 = DIRECTION('',(0.259546952295,0.965730490124,-1.192240047878E-16)
  );
#4173 = PCURVE('',#4099,#4174);
#4174 = DEFINITIONAL_REPRESENTATION('',(#4175),#4179);
#4175 = LINE('',#4176,#4177);
#4176 = CARTESIAN_POINT('',(9.424777960769,4.428594871176));
#4177 = VECTOR('',#4178,1.);
#4178 = DIRECTION('',(-1.,1.696295830114E-15));
#4179 = ( GEOMETRIC_REPRESENTATION_CONTEXT(2) 
PARAMETRIC_REPRESENTATION_CONTEXT() REPRESENTATION_CONTEXT('2D SPACE',''
  ) );
#4180 = PCURVE('',#4181,#4186);
#4181 = TOROIDAL_SURFACE('',#4182,0.7,0.25);
#4182 = AXIS2_PLACEMENT_3D('',#4183,#4184,#4185);
#4183 = CARTESIAN_POINT('',(30.378513347136,-6.832978364287,-13.));
#4184 = DIRECTION('',(-0.965730490124,0.259546952295,-4.238665850285E-18
    ));
#4185 = DIRECTION('',(-0.259546952295,-0.965730490124,1.192240047878E-16
    ));
#4186 = DEFINITIONAL_REPRESENTATION('',(#4187),#4191);
#4187 = LINE('',#4188,#4189);
#4188 = CARTESIAN_POINT('',(9.424777960769,1.854590436003));
#4189 = VECTOR('',#4190,1.);
#4190 = DIRECTION('',(-1.,-6.926541306298E-15));
#4191 = ( GEOMETRIC_REPRESENTATION_CONTEXT(2) 
PARAMETRIC_REPRESENTATION_CONTEXT() REPRESENTATION_CONTEXT('2D SPACE',''
  ) );
#4192 = ADVANCED_FACE('',(#4193),#4208,.T.);
#4193 = FACE_BOUND('',#4194,.T.);
#4194 = EDGE_LOOP('',(#4195,#4231,#4260,#4289));
#4195 = ORIENTED_EDGE('',*,*,#4196,.T.);
#4196 = EDGE_CURVE('',#4197,#4199,#4201,.T.);
#4197 = VERTEX_POINT('',#4198);
#4198 = CARTESIAN_POINT('',(29.279417760373,-9.997839721493,-5.));
#4199 = VERTEX_POINT('',#4200);
#4200 = CARTESIAN_POINT('',(29.464474626589,-10.23396247826,-5.));
#4201 = SURFACE_CURVE('',#4202,(#4207,#4219),.PCURVE_S1.);
#4202 = CIRCLE('',#4203,0.25);
#4203 = AXIS2_PLACEMENT_3D('',#4204,#4205,#4206);
#4204 = CARTESIAN_POINT('',(29.529361364663,-9.992529855735,-5.));
#4205 = DIRECTION('',(2.198264433489E-15,-3.24232415865E-16,1.));
#4206 = DIRECTION('',(-0.965730490124,0.259546952295,2.207084524148E-15)
  );
#4207 = PCURVE('',#4208,#4213);
#4208 = TOROIDAL_SURFACE('',#4209,0.7,0.25);
#4209 = AXIS2_PLACEMENT_3D('',#4210,#4211,#4212);
#4210 = CARTESIAN_POINT('',(29.711044231269,-9.316518512648,-5.));
#4211 = DIRECTION('',(-0.965730490124,0.259546952295,-4.238665850285E-18
    ));
#4212 = DIRECTION('',(-0.259546952295,-0.965730490124,1.192240047878E-16
    ));
#4213 = DEFINITIONAL_REPRESENTATION('',(#4214),#4218);
#4214 = LINE('',#4215,#4216);
#4215 = CARTESIAN_POINT('',(0.,1.570796326795));
#4216 = VECTOR('',#4217,1.);
#4217 = DIRECTION('',(0.,-1.));
#4218 = ( GEOMETRIC_REPRESENTATION_CONTEXT(2) 
PARAMETRIC_REPRESENTATION_CONTEXT() REPRESENTATION_CONTEXT('2D SPACE',''
  ) );
#4219 = PCURVE('',#4220,#4225);
#4220 = CYLINDRICAL_SURFACE('',#4221,0.25);
#4221 = AXIS2_PLACEMENT_3D('',#4222,#4223,#4224);
#4222 = CARTESIAN_POINT('',(29.529361364663,-9.992529855735,-13.));
#4223 = DIRECTION('',(-1.28931872002E-18,1.153367983869E-17,1.));
#4224 = DIRECTION('',(0.259546952295,0.965730490124,-1.080378753923E-17)
  );
#4225 = DEFINITIONAL_REPRESENTATION('',(#4226),#4230);
#4226 = LINE('',#4227,#4228);
#4227 = CARTESIAN_POINT('',(1.570796326795,8.));
#4228 = VECTOR('',#4229,1.);
#4229 = DIRECTION('',(1.,0.));
#4230 = ( GEOMETRIC_REPRESENTATION_CONTEXT(2) 
PARAMETRIC_REPRESENTATION_CONTEXT() REPRESENTATION_CONTEXT('2D SPACE',''
  ) );
#4231 = ORIENTED_EDGE('',*,*,#4232,.T.);
#4232 = EDGE_CURVE('',#4199,#4233,#4235,.T.);
#4233 = VERTEX_POINT('',#4234);
#4234 = CARTESIAN_POINT('',(29.711044231269,-9.316518512648,-4.05));
#4235 = SURFACE_CURVE('',#4236,(#4241,#4248),.PCURVE_S1.);
#4236 = CIRCLE('',#4237,0.95);
#4237 = AXIS2_PLACEMENT_3D('',#4238,#4239,#4240);
#4238 = CARTESIAN_POINT('',(29.711044231269,-9.316518512648,-5.));
#4239 = DIRECTION('',(-0.965730490124,0.259546952295,-4.238665850285E-18
    ));
#4240 = DIRECTION('',(-0.259546952295,-0.965730490124,1.192240047878E-16
    ));
#4241 = PCURVE('',#4208,#4242);
#4242 = DEFINITIONAL_REPRESENTATION('',(#4243),#4247);
#4243 = LINE('',#4244,#4245);
#4244 = CARTESIAN_POINT('',(0.,0.));
#4245 = VECTOR('',#4246,1.);
#4246 = DIRECTION('',(1.,0.));
#4247 = ( GEOMETRIC_REPRESENTATION_CONTEXT(2) 
PARAMETRIC_REPRESENTATION_CONTEXT() REPRESENTATION_CONTEXT('2D SPACE',''
  ) );
#4248 = PCURVE('',#4249,#4254);
#4249 = TOROIDAL_SURFACE('',#4250,0.7,0.25);
#4250 = AXIS2_PLACEMENT_3D('',#4251,#4252,#4253);
#4251 = CARTESIAN_POINT('',(29.711044231269,-9.316518512648,-5.));
#4252 = DIRECTION('',(-0.965730490124,0.259546952295,-4.238665850285E-18
    ));
#4253 = DIRECTION('',(-0.259546952295,-0.965730490124,1.192240047878E-16
    ));
#4254 = DEFINITIONAL_REPRESENTATION('',(#4255),#4259);
#4255 = LINE('',#4256,#4257);
#4256 = CARTESIAN_POINT('',(0.,6.28318530718));
#4257 = VECTOR('',#4258,1.);
#4258 = DIRECTION('',(1.,0.));
#4259 = ( GEOMETRIC_REPRESENTATION_CONTEXT(2) 
PARAMETRIC_REPRESENTATION_CONTEXT() REPRESENTATION_CONTEXT('2D SPACE',''
  ) );
#4260 = ORIENTED_EDGE('',*,*,#4261,.F.);
#4261 = EDGE_CURVE('',#4262,#4233,#4264,.T.);
#4262 = VERTEX_POINT('',#4263);
#4263 = CARTESIAN_POINT('',(29.47926891364,-9.254227244097,-4.23));
#4264 = SURFACE_CURVE('',#4265,(#4270,#4277),.PCURVE_S1.);
#4265 = CIRCLE('',#4266,0.25);
#4266 = AXIS2_PLACEMENT_3D('',#4267,#4268,#4269);
#4267 = CARTESIAN_POINT('',(29.711044231269,-9.316518512648,-4.3));
#4268 = DIRECTION('',(0.259546952295,0.965730490124,-3.658519214112E-16)
  );
#4269 = DIRECTION('',(-0.965730490124,0.259546952295,-4.238665850285E-18
    ));
#4270 = PCURVE('',#4208,#4271);
#4271 = DEFINITIONAL_REPRESENTATION('',(#4272),#4276);
#4272 = LINE('',#4273,#4274);
#4273 = CARTESIAN_POINT('',(1.570796326795,1.570796326795));
#4274 = VECTOR('',#4275,1.);
#4275 = DIRECTION('',(-1.897813866052E-15,-1.));
#4276 = ( GEOMETRIC_REPRESENTATION_CONTEXT(2) 
PARAMETRIC_REPRESENTATION_CONTEXT() REPRESENTATION_CONTEXT('2D SPACE',''
  ) );
#4277 = PCURVE('',#4278,#4283);
#4278 = CYLINDRICAL_SURFACE('',#4279,0.25);
#4279 = AXIS2_PLACEMENT_3D('',#4280,#4281,#4282);
#4280 = CARTESIAN_POINT('',(29.711044231269,-9.316518512648,-4.3));
#4281 = DIRECTION('',(0.259546952295,0.965730490124,-4.564996783438E-16)
  );
#4282 = DIRECTION('',(-1.143896913886E-16,-4.419557909115E-16,-1.));
#4283 = DEFINITIONAL_REPRESENTATION('',(#4284),#4288);
#4284 = LINE('',#4285,#4286);
#4285 = CARTESIAN_POINT('',(1.570796326795,2.168057490716E-15));
#4286 = VECTOR('',#4287,1.);
#4287 = DIRECTION('',(1.,-1.38022826622E-15));
#4288 = ( GEOMETRIC_REPRESENTATION_CONTEXT(2) 
PARAMETRIC_REPRESENTATION_CONTEXT() REPRESENTATION_CONTEXT('2D SPACE',''
  ) );
#4289 = ORIENTED_EDGE('',*,*,#4290,.F.);
#4290 = EDGE_CURVE('',#4197,#4262,#4291,.T.);
#4291 = SURFACE_CURVE('',#4292,(#4297,#4304),.PCURVE_S1.);
#4292 = CIRCLE('',#4293,0.77);
#4293 = AXIS2_PLACEMENT_3D('',#4294,#4295,#4296);
#4294 = CARTESIAN_POINT('',(29.47926891364,-9.254227244097,-5.));
#4295 = DIRECTION('',(-0.965730490124,0.259546952295,-4.238665850285E-18
    ));
#4296 = DIRECTION('',(-0.259546952295,-0.965730490124,1.192240047878E-16
    ));
#4297 = PCURVE('',#4208,#4298);
#4298 = DEFINITIONAL_REPRESENTATION('',(#4299),#4303);
#4299 = LINE('',#4300,#4301);
#4300 = CARTESIAN_POINT('',(0.,1.287002217587));
#4301 = VECTOR('',#4302,1.);
#4302 = DIRECTION('',(1.,1.837653815957E-15));
#4303 = ( GEOMETRIC_REPRESENTATION_CONTEXT(2) 
PARAMETRIC_REPRESENTATION_CONTEXT() REPRESENTATION_CONTEXT('2D SPACE',''
  ) );
#4304 = PCURVE('',#4305,#4310);
#4305 = TOROIDAL_SURFACE('',#4306,0.7,0.25);
#4306 = AXIS2_PLACEMENT_3D('',#4307,#4308,#4309);
#4307 = CARTESIAN_POINT('',(29.24749359601,-9.191935975547,-5.));
#4308 = DIRECTION('',(-0.965730490124,0.259546952295,-4.238665850285E-18
    ));
#4309 = DIRECTION('',(-0.259546952295,-0.965730490124,1.192240047878E-16
    ));
#4310 = DEFINITIONAL_REPRESENTATION('',(#4311),#4315);
#4311 = LINE('',#4312,#4313);
#4312 = CARTESIAN_POINT('',(0.,4.996183089593));
#4313 = VECTOR('',#4314,1.);
#4314 = DIRECTION('',(1.,-6.785183320455E-15));
#4315 = ( GEOMETRIC_REPRESENTATION_CONTEXT(2) 
PARAMETRIC_REPRESENTATION_CONTEXT() REPRESENTATION_CONTEXT('2D SPACE',''
  ) );
#4316 = ADVANCED_FACE('',(#4317),#4249,.T.);
#4317 = FACE_BOUND('',#4318,.T.);
#4318 = EDGE_LOOP('',(#4319,#4320,#4349,#4373));
#4319 = ORIENTED_EDGE('',*,*,#4232,.F.);
#4320 = ORIENTED_EDGE('',*,*,#4321,.T.);
#4321 = EDGE_CURVE('',#4199,#4322,#4324,.T.);
#4322 = VERTEX_POINT('',#4323);
#4323 = CARTESIAN_POINT('',(29.594248102737,-9.751097233204,-5.));
#4324 = SURFACE_CURVE('',#4325,(#4330,#4337),.PCURVE_S1.);
#4325 = CIRCLE('',#4326,0.25);
#4326 = AXIS2_PLACEMENT_3D('',#4327,#4328,#4329);
#4327 = CARTESIAN_POINT('',(29.529361364663,-9.992529855735,-5.));
#4328 = DIRECTION('',(2.198264433489E-15,-3.24232415865E-16,1.));
#4329 = DIRECTION('',(-0.965730490124,0.259546952295,2.207084524148E-15)
  );
#4330 = PCURVE('',#4249,#4331);
#4331 = DEFINITIONAL_REPRESENTATION('',(#4332),#4336);
#4332 = LINE('',#4333,#4334);
#4333 = CARTESIAN_POINT('',(0.,7.853981633974));
#4334 = VECTOR('',#4335,1.);
#4335 = DIRECTION('',(0.,-1.));
#4336 = ( GEOMETRIC_REPRESENTATION_CONTEXT(2) 
PARAMETRIC_REPRESENTATION_CONTEXT() REPRESENTATION_CONTEXT('2D SPACE',''
  ) );
#4337 = PCURVE('',#4338,#4343);
#4338 = CYLINDRICAL_SURFACE('',#4339,0.25);
#4339 = AXIS2_PLACEMENT_3D('',#4340,#4341,#4342);
#4340 = CARTESIAN_POINT('',(29.529361364663,-9.992529855735,-13.));
#4341 = DIRECTION('',(-1.28931872002E-18,1.153367983869E-17,1.));
#4342 = DIRECTION('',(0.259546952295,0.965730490124,-1.080378753923E-17)
  );
#4343 = DEFINITIONAL_REPRESENTATION('',(#4344),#4348);
#4344 = LINE('',#4345,#4346);
#4345 = CARTESIAN_POINT('',(1.570796326795,8.));
#4346 = VECTOR('',#4347,1.);
#4347 = DIRECTION('',(1.,0.));
#4348 = ( GEOMETRIC_REPRESENTATION_CONTEXT(2) 
PARAMETRIC_REPRESENTATION_CONTEXT() REPRESENTATION_CONTEXT('2D SPACE',''
  ) );
#4349 = ORIENTED_EDGE('',*,*,#4350,.T.);
#4350 = EDGE_CURVE('',#4322,#4351,#4353,.T.);
#4351 = VERTEX_POINT('',#4352);
#4352 = CARTESIAN_POINT('',(29.711044231269,-9.316518512648,-4.55));
#4353 = SURFACE_CURVE('',#4354,(#4359,#4366),.PCURVE_S1.);
#4354 = CIRCLE('',#4355,0.45);
#4355 = AXIS2_PLACEMENT_3D('',#4356,#4357,#4358);
#4356 = CARTESIAN_POINT('',(29.711044231269,-9.316518512648,-5.));
#4357 = DIRECTION('',(-0.965730490124,0.259546952295,-4.238665850285E-18
    ));
#4358 = DIRECTION('',(-0.259546952295,-0.965730490124,1.192240047878E-16
    ));
#4359 = PCURVE('',#4249,#4360);
#4360 = DEFINITIONAL_REPRESENTATION('',(#4361),#4365);
#4361 = LINE('',#4362,#4363);
#4362 = CARTESIAN_POINT('',(0.,3.14159265359));
#4363 = VECTOR('',#4364,1.);
#4364 = DIRECTION('',(1.,9.046911093941E-15));
#4365 = ( GEOMETRIC_REPRESENTATION_CONTEXT(2) 
PARAMETRIC_REPRESENTATION_CONTEXT() REPRESENTATION_CONTEXT('2D SPACE',''
  ) );
#4366 = PCURVE('',#3844,#4367);
#4367 = DEFINITIONAL_REPRESENTATION('',(#4368),#4372);
#4368 = LINE('',#4369,#4370);
#4369 = CARTESIAN_POINT('',(0.,3.14159265359));
#4370 = VECTOR('',#4371,1.);
#4371 = DIRECTION('',(1.,9.046911093941E-15));
#4372 = ( GEOMETRIC_REPRESENTATION_CONTEXT(2) 
PARAMETRIC_REPRESENTATION_CONTEXT() REPRESENTATION_CONTEXT('2D SPACE',''
  ) );
#4373 = ORIENTED_EDGE('',*,*,#4374,.F.);
#4374 = EDGE_CURVE('',#4233,#4351,#4375,.T.);
#4375 = SURFACE_CURVE('',#4376,(#4381,#4388),.PCURVE_S1.);
#4376 = CIRCLE('',#4377,0.25);
#4377 = AXIS2_PLACEMENT_3D('',#4378,#4379,#4380);
#4378 = CARTESIAN_POINT('',(29.711044231269,-9.316518512648,-4.3));
#4379 = DIRECTION('',(0.259546952295,0.965730490124,-3.658519214112E-16)
  );
#4380 = DIRECTION('',(-0.965730490124,0.259546952295,-4.238665850285E-18
    ));
#4381 = PCURVE('',#4249,#4382);
#4382 = DEFINITIONAL_REPRESENTATION('',(#4383),#4387);
#4383 = LINE('',#4384,#4385);
#4384 = CARTESIAN_POINT('',(1.570796326795,7.853981633974));
#4385 = VECTOR('',#4386,1.);
#4386 = DIRECTION('',(0.,-1.));
#4387 = ( GEOMETRIC_REPRESENTATION_CONTEXT(2) 
PARAMETRIC_REPRESENTATION_CONTEXT() REPRESENTATION_CONTEXT('2D SPACE',''
  ) );
#4388 = PCURVE('',#4389,#4394);
#4389 = CYLINDRICAL_SURFACE('',#4390,0.25);
#4390 = AXIS2_PLACEMENT_3D('',#4391,#4392,#4393);
#4391 = CARTESIAN_POINT('',(29.711044231269,-9.316518512648,-4.3));
#4392 = DIRECTION('',(0.259546952295,0.965730490124,-4.564996783438E-16)
  );
#4393 = DIRECTION('',(-1.143896913886E-16,-4.419557909115E-16,-1.));
#4394 = DEFINITIONAL_REPRESENTATION('',(#4395),#4399);
#4395 = LINE('',#4396,#4397);
#4396 = CARTESIAN_POINT('',(1.570796326795,0.));
#4397 = VECTOR('',#4398,1.);
#4398 = DIRECTION('',(1.,0.));
#4399 = ( GEOMETRIC_REPRESENTATION_CONTEXT(2) 
PARAMETRIC_REPRESENTATION_CONTEXT() REPRESENTATION_CONTEXT('2D SPACE',''
  ) );
#4400 = ADVANCED_FACE('',(#4401),#4416,.T.);
#4401 = FACE_BOUND('',#4402,.T.);
#4402 = EDGE_LOOP('',(#4403,#4434,#4463,#4492));
#4403 = ORIENTED_EDGE('',*,*,#4404,.T.);
#4404 = EDGE_CURVE('',#4405,#4407,#4409,.T.);
#4405 = VERTEX_POINT('',#4406);
#4406 = CARTESIAN_POINT('',(30.146738029507,-6.770687095736,-4.23));
#4407 = VERTEX_POINT('',#4408);
#4408 = CARTESIAN_POINT('',(30.378513347136,-6.832978364287,-4.05));
#4409 = SURFACE_CURVE('',#4410,(#4415,#4427),.PCURVE_S1.);
#4410 = CIRCLE('',#4411,0.25);
#4411 = AXIS2_PLACEMENT_3D('',#4412,#4413,#4414);
#4412 = CARTESIAN_POINT('',(30.378513347136,-6.832978364287,-4.3));
#4413 = DIRECTION('',(0.259546952295,0.965730490124,-7.031275949673E-16)
  );
#4414 = DIRECTION('',(-0.965730490124,0.259546952295,-4.238665850286E-18
    ));
#4415 = PCURVE('',#4416,#4421);
#4416 = TOROIDAL_SURFACE('',#4417,0.7,0.25);
#4417 = AXIS2_PLACEMENT_3D('',#4418,#4419,#4420);
#4418 = CARTESIAN_POINT('',(30.378513347136,-6.832978364287,-5.));
#4419 = DIRECTION('',(-0.965730490124,0.259546952295,-4.238665850285E-18
    ));
#4420 = DIRECTION('',(-0.259546952295,-0.965730490124,1.192240047878E-16
    ));
#4421 = DEFINITIONAL_REPRESENTATION('',(#4422),#4426);
#4422 = LINE('',#4423,#4424);
#4423 = CARTESIAN_POINT('',(1.570796326795,1.570796326795));
#4424 = VECTOR('',#4425,1.);
#4425 = DIRECTION('',(0.,-1.));
#4426 = ( GEOMETRIC_REPRESENTATION_CONTEXT(2) 
PARAMETRIC_REPRESENTATION_CONTEXT() REPRESENTATION_CONTEXT('2D SPACE',''
  ) );
#4427 = PCURVE('',#4278,#4428);
#4428 = DEFINITIONAL_REPRESENTATION('',(#4429),#4433);
#4429 = LINE('',#4430,#4431);
#4430 = CARTESIAN_POINT('',(1.570796326795,2.571670019493));
#4431 = VECTOR('',#4432,1.);
#4432 = DIRECTION('',(1.,0.));
#4433 = ( GEOMETRIC_REPRESENTATION_CONTEXT(2) 
PARAMETRIC_REPRESENTATION_CONTEXT() REPRESENTATION_CONTEXT('2D SPACE',''
  ) );
#4434 = ORIENTED_EDGE('',*,*,#4435,.T.);
#4435 = EDGE_CURVE('',#4407,#4436,#4438,.T.);
#4436 = VERTEX_POINT('',#4437);
#4437 = CARTESIAN_POINT('',(30.625082951816,-5.915534398669,-5.));
#4438 = SURFACE_CURVE('',#4439,(#4444,#4451),.PCURVE_S1.);
#4439 = CIRCLE('',#4440,0.95);
#4440 = AXIS2_PLACEMENT_3D('',#4441,#4442,#4443);
#4441 = CARTESIAN_POINT('',(30.378513347136,-6.832978364287,-5.));
#4442 = DIRECTION('',(-0.965730490124,0.259546952295,-4.238665850285E-18
    ));
#4443 = DIRECTION('',(-0.259546952295,-0.965730490124,1.192240047878E-16
    ));
#4444 = PCURVE('',#4416,#4445);
#4445 = DEFINITIONAL_REPRESENTATION('',(#4446),#4450);
#4446 = LINE('',#4447,#4448);
#4447 = CARTESIAN_POINT('',(0.,0.));
#4448 = VECTOR('',#4449,1.);
#4449 = DIRECTION('',(1.,0.));
#4450 = ( GEOMETRIC_REPRESENTATION_CONTEXT(2) 
PARAMETRIC_REPRESENTATION_CONTEXT() REPRESENTATION_CONTEXT('2D SPACE',''
  ) );
#4451 = PCURVE('',#4452,#4457);
#4452 = TOROIDAL_SURFACE('',#4453,0.7,0.25);
#4453 = AXIS2_PLACEMENT_3D('',#4454,#4455,#4456);
#4454 = CARTESIAN_POINT('',(30.378513347136,-6.832978364287,-5.));
#4455 = DIRECTION('',(-0.965730490124,0.259546952295,-4.238665850285E-18
    ));
#4456 = DIRECTION('',(-0.259546952295,-0.965730490124,1.192240047878E-16
    ));
#4457 = DEFINITIONAL_REPRESENTATION('',(#4458),#4462);
#4458 = LINE('',#4459,#4460);
#4459 = CARTESIAN_POINT('',(0.,6.28318530718));
#4460 = VECTOR('',#4461,1.);
#4461 = DIRECTION('',(1.,0.));
#4462 = ( GEOMETRIC_REPRESENTATION_CONTEXT(2) 
PARAMETRIC_REPRESENTATION_CONTEXT() REPRESENTATION_CONTEXT('2D SPACE',''
  ) );
#4463 = ORIENTED_EDGE('',*,*,#4464,.F.);
#4464 = EDGE_CURVE('',#4465,#4436,#4467,.T.);
#4465 = VERTEX_POINT('',#4466);
#4466 = CARTESIAN_POINT('',(30.346589182774,-6.027074618341,-5.));
#4467 = SURFACE_CURVE('',#4468,(#4473,#4480),.PCURVE_S1.);
#4468 = CIRCLE('',#4469,0.25);
#4469 = AXIS2_PLACEMENT_3D('',#4470,#4471,#4472);
#4470 = CARTESIAN_POINT('',(30.560196213743,-6.1569670212,-5.));
#4471 = DIRECTION('',(2.044679885754E-15,-9.283566826829E-16,-1.));
#4472 = DIRECTION('',(-0.965730490124,0.259546952295,-2.215561855848E-15
    ));
#4473 = PCURVE('',#4416,#4474);
#4474 = DEFINITIONAL_REPRESENTATION('',(#4475),#4479);
#4475 = LINE('',#4476,#4477);
#4476 = CARTESIAN_POINT('',(3.14159265359,1.570796326795));
#4477 = VECTOR('',#4478,1.);
#4478 = DIRECTION('',(-3.450570665549E-16,-1.));
#4479 = ( GEOMETRIC_REPRESENTATION_CONTEXT(2) 
PARAMETRIC_REPRESENTATION_CONTEXT() REPRESENTATION_CONTEXT('2D SPACE',''
  ) );
#4480 = PCURVE('',#4481,#4486);
#4481 = CYLINDRICAL_SURFACE('',#4482,0.25);
#4482 = AXIS2_PLACEMENT_3D('',#4483,#4484,#4485);
#4483 = CARTESIAN_POINT('',(30.560196213743,-6.1569670212,-5.));
#4484 = DIRECTION('',(-1.278074975698E-17,-6.388603461007E-17,-1.));
#4485 = DIRECTION('',(-0.259546952295,-0.965730490124,6.50138961635E-17)
  );
#4486 = DEFINITIONAL_REPRESENTATION('',(#4487),#4491);
#4487 = LINE('',#4488,#4489);
#4488 = CARTESIAN_POINT('',(1.570796326795,0.));
#4489 = VECTOR('',#4490,1.);
#4490 = DIRECTION('',(1.,0.));
#4491 = ( GEOMETRIC_REPRESENTATION_CONTEXT(2) 
PARAMETRIC_REPRESENTATION_CONTEXT() REPRESENTATION_CONTEXT('2D SPACE',''
  ) );
#4492 = ORIENTED_EDGE('',*,*,#4493,.F.);
#4493 = EDGE_CURVE('',#4405,#4465,#4494,.T.);
#4494 = SURFACE_CURVE('',#4495,(#4500,#4507),.PCURVE_S1.);
#4495 = CIRCLE('',#4496,0.77);
#4496 = AXIS2_PLACEMENT_3D('',#4497,#4498,#4499);
#4497 = CARTESIAN_POINT('',(30.146738029507,-6.770687095736,-5.));
#4498 = DIRECTION('',(-0.965730490124,0.259546952295,-4.238665850285E-18
    ));
#4499 = DIRECTION('',(-0.259546952295,-0.965730490124,1.192240047878E-16
    ));
#4500 = PCURVE('',#4416,#4501);
#4501 = DEFINITIONAL_REPRESENTATION('',(#4502),#4506);
#4502 = LINE('',#4503,#4504);
#4503 = CARTESIAN_POINT('',(2.442490654175E-15,1.287002217587));
#4504 = VECTOR('',#4505,1.);
#4505 = DIRECTION('',(1.,-3.958023603599E-15));
#4506 = ( GEOMETRIC_REPRESENTATION_CONTEXT(2) 
PARAMETRIC_REPRESENTATION_CONTEXT() REPRESENTATION_CONTEXT('2D SPACE',''
  ) );
#4507 = PCURVE('',#4508,#4513);
#4508 = TOROIDAL_SURFACE('',#4509,0.7,0.25);
#4509 = AXIS2_PLACEMENT_3D('',#4510,#4511,#4512);
#4510 = CARTESIAN_POINT('',(29.914962711877,-6.708395827185,-5.));
#4511 = DIRECTION('',(-0.965730490124,0.259546952295,-4.238665850285E-18
    ));
#4512 = DIRECTION('',(-0.259546952295,-0.965730490124,1.192240047878E-16
    ));
#4513 = DEFINITIONAL_REPRESENTATION('',(#4514),#4518);
#4514 = LINE('',#4515,#4516);
#4515 = CARTESIAN_POINT('',(2.442490654175E-15,4.996183089593));
#4516 = VECTOR('',#4517,1.);
#4517 = DIRECTION('',(1.,9.046911093941E-15));
#4518 = ( GEOMETRIC_REPRESENTATION_CONTEXT(2) 
PARAMETRIC_REPRESENTATION_CONTEXT() REPRESENTATION_CONTEXT('2D SPACE',''
  ) );
#4519 = ADVANCED_FACE('',(#4520),#4452,.T.);
#4520 = FACE_BOUND('',#4521,.T.);
#4521 = EDGE_LOOP('',(#4522,#4523,#4547,#4571));
#4522 = ORIENTED_EDGE('',*,*,#4435,.F.);
#4523 = ORIENTED_EDGE('',*,*,#4524,.T.);
#4524 = EDGE_CURVE('',#4407,#4525,#4527,.T.);
#4525 = VERTEX_POINT('',#4526);
#4526 = CARTESIAN_POINT('',(30.378513347136,-6.832978364287,-4.55));
#4527 = SURFACE_CURVE('',#4528,(#4533,#4540),.PCURVE_S1.);
#4528 = CIRCLE('',#4529,0.25);
#4529 = AXIS2_PLACEMENT_3D('',#4530,#4531,#4532);
#4530 = CARTESIAN_POINT('',(30.378513347136,-6.832978364287,-4.3));
#4531 = DIRECTION('',(0.259546952295,0.965730490124,-7.031275949673E-16)
  );
#4532 = DIRECTION('',(-0.965730490124,0.259546952295,-4.238665850286E-18
    ));
#4533 = PCURVE('',#4452,#4534);
#4534 = DEFINITIONAL_REPRESENTATION('',(#4535),#4539);
#4535 = LINE('',#4536,#4537);
#4536 = CARTESIAN_POINT('',(1.570796326795,7.853981633974));
#4537 = VECTOR('',#4538,1.);
#4538 = DIRECTION('',(0.,-1.));
#4539 = ( GEOMETRIC_REPRESENTATION_CONTEXT(2) 
PARAMETRIC_REPRESENTATION_CONTEXT() REPRESENTATION_CONTEXT('2D SPACE',''
  ) );
#4540 = PCURVE('',#4389,#4541);
#4541 = DEFINITIONAL_REPRESENTATION('',(#4542),#4546);
#4542 = LINE('',#4543,#4544);
#4543 = CARTESIAN_POINT('',(1.570796326795,2.571670019493));
#4544 = VECTOR('',#4545,1.);
#4545 = DIRECTION('',(1.,0.));
#4546 = ( GEOMETRIC_REPRESENTATION_CONTEXT(2) 
PARAMETRIC_REPRESENTATION_CONTEXT() REPRESENTATION_CONTEXT('2D SPACE',''
  ) );
#4547 = ORIENTED_EDGE('',*,*,#4548,.T.);
#4548 = EDGE_CURVE('',#4525,#4549,#4551,.T.);
#4549 = VERTEX_POINT('',#4550);
#4550 = CARTESIAN_POINT('',(30.495309475669,-6.398399643731,-5.));
#4551 = SURFACE_CURVE('',#4552,(#4557,#4564),.PCURVE_S1.);
#4552 = CIRCLE('',#4553,0.45);
#4553 = AXIS2_PLACEMENT_3D('',#4554,#4555,#4556);
#4554 = CARTESIAN_POINT('',(30.378513347136,-6.832978364287,-5.));
#4555 = DIRECTION('',(-0.965730490124,0.259546952295,-4.238665850285E-18
    ));
#4556 = DIRECTION('',(-0.259546952295,-0.965730490124,1.192240047878E-16
    ));
#4557 = PCURVE('',#4452,#4558);
#4558 = DEFINITIONAL_REPRESENTATION('',(#4559),#4563);
#4559 = LINE('',#4560,#4561);
#4560 = CARTESIAN_POINT('',(0.,3.14159265359));
#4561 = VECTOR('',#4562,1.);
#4562 = DIRECTION('',(1.,0.));
#4563 = ( GEOMETRIC_REPRESENTATION_CONTEXT(2) 
PARAMETRIC_REPRESENTATION_CONTEXT() REPRESENTATION_CONTEXT('2D SPACE',''
  ) );
#4564 = PCURVE('',#4072,#4565);
#4565 = DEFINITIONAL_REPRESENTATION('',(#4566),#4570);
#4566 = LINE('',#4567,#4568);
#4567 = CARTESIAN_POINT('',(0.,3.14159265359));
#4568 = VECTOR('',#4569,1.);
#4569 = DIRECTION('',(1.,0.));
#4570 = ( GEOMETRIC_REPRESENTATION_CONTEXT(2) 
PARAMETRIC_REPRESENTATION_CONTEXT() REPRESENTATION_CONTEXT('2D SPACE',''
  ) );
#4571 = ORIENTED_EDGE('',*,*,#4572,.F.);
#4572 = EDGE_CURVE('',#4436,#4549,#4573,.T.);
#4573 = SURFACE_CURVE('',#4574,(#4579,#4586),.PCURVE_S1.);
#4574 = CIRCLE('',#4575,0.25);
#4575 = AXIS2_PLACEMENT_3D('',#4576,#4577,#4578);
#4576 = CARTESIAN_POINT('',(30.560196213743,-6.1569670212,-5.));
#4577 = DIRECTION('',(2.044679885754E-15,-9.283566826829E-16,-1.));
#4578 = DIRECTION('',(-0.965730490124,0.259546952295,-2.215561855848E-15
    ));
#4579 = PCURVE('',#4452,#4580);
#4580 = DEFINITIONAL_REPRESENTATION('',(#4581),#4585);
#4581 = LINE('',#4582,#4583);
#4582 = CARTESIAN_POINT('',(3.14159265359,7.853981633974));
#4583 = VECTOR('',#4584,1.);
#4584 = DIRECTION('',(0.,-1.));
#4585 = ( GEOMETRIC_REPRESENTATION_CONTEXT(2) 
PARAMETRIC_REPRESENTATION_CONTEXT() REPRESENTATION_CONTEXT('2D SPACE',''
  ) );
#4586 = PCURVE('',#4587,#4592);
#4587 = CYLINDRICAL_SURFACE('',#4588,0.25);
#4588 = AXIS2_PLACEMENT_3D('',#4589,#4590,#4591);
#4589 = CARTESIAN_POINT('',(30.560196213743,-6.1569670212,-5.));
#4590 = DIRECTION('',(-1.278074975698E-17,-6.388603461007E-17,-1.));
#4591 = DIRECTION('',(-0.259546952295,-0.965730490124,6.50138961635E-17)
  );
#4592 = DEFINITIONAL_REPRESENTATION('',(#4593),#4597);
#4593 = LINE('',#4594,#4595);
#4594 = CARTESIAN_POINT('',(1.570796326795,0.));
#4595 = VECTOR('',#4596,1.);
#4596 = DIRECTION('',(1.,0.));
#4597 = ( GEOMETRIC_REPRESENTATION_CONTEXT(2) 
PARAMETRIC_REPRESENTATION_CONTEXT() REPRESENTATION_CONTEXT('2D SPACE',''
  ) );
#4598 = ADVANCED_FACE('',(#4599),#4614,.T.);
#4599 = FACE_BOUND('',#4600,.T.);
#4600 = EDGE_LOOP('',(#4601,#4632,#4661,#4690));
#4601 = ORIENTED_EDGE('',*,*,#4602,.T.);
#4602 = EDGE_CURVE('',#4603,#4605,#4607,.T.);
#4603 = VERTEX_POINT('',#4604);
#4604 = CARTESIAN_POINT('',(30.346589182774,-6.027074618341,-13.));
#4605 = VERTEX_POINT('',#4606);
#4606 = CARTESIAN_POINT('',(30.625082951816,-5.915534398669,-13.));
#4607 = SURFACE_CURVE('',#4608,(#4613,#4625),.PCURVE_S1.);
#4608 = CIRCLE('',#4609,0.25);
#4609 = AXIS2_PLACEMENT_3D('',#4610,#4611,#4612);
#4610 = CARTESIAN_POINT('',(30.560196213743,-6.1569670212,-13.));
#4611 = DIRECTION('',(2.058749954231E-15,-8.760043279116E-16,-1.));
#4612 = DIRECTION('',(-0.965730490124,0.259546952295,-2.215561855848E-15
    ));
#4613 = PCURVE('',#4614,#4619);
#4614 = TOROIDAL_SURFACE('',#4615,0.7,0.25);
#4615 = AXIS2_PLACEMENT_3D('',#4616,#4617,#4618);
#4616 = CARTESIAN_POINT('',(30.378513347136,-6.832978364287,-13.));
#4617 = DIRECTION('',(-0.965730490124,0.259546952295,-4.238665850285E-18
    ));
#4618 = DIRECTION('',(-0.259546952295,-0.965730490124,1.192240047878E-16
    ));
#4619 = DEFINITIONAL_REPRESENTATION('',(#4620),#4624);
#4620 = LINE('',#4621,#4622);
#4621 = CARTESIAN_POINT('',(3.14159265359,1.570796326795));
#4622 = VECTOR('',#4623,1.);
#4623 = DIRECTION('',(-6.901141331098E-16,-1.));
#4624 = ( GEOMETRIC_REPRESENTATION_CONTEXT(2) 
PARAMETRIC_REPRESENTATION_CONTEXT() REPRESENTATION_CONTEXT('2D SPACE',''
  ) );
#4625 = PCURVE('',#4481,#4626);
#4626 = DEFINITIONAL_REPRESENTATION('',(#4627),#4631);
#4627 = LINE('',#4628,#4629);
#4628 = CARTESIAN_POINT('',(1.570796326795,8.));
#4629 = VECTOR('',#4630,1.);
#4630 = DIRECTION('',(1.,-1.38022826622E-15));
#4631 = ( GEOMETRIC_REPRESENTATION_CONTEXT(2) 
PARAMETRIC_REPRESENTATION_CONTEXT() REPRESENTATION_CONTEXT('2D SPACE',''
  ) );
#4632 = ORIENTED_EDGE('',*,*,#4633,.T.);
#4633 = EDGE_CURVE('',#4605,#4634,#4636,.T.);
#4634 = VERTEX_POINT('',#4635);
#4635 = CARTESIAN_POINT('',(30.378513347136,-6.832978364287,-13.95));
#4636 = SURFACE_CURVE('',#4637,(#4642,#4649),.PCURVE_S1.);
#4637 = CIRCLE('',#4638,0.95);
#4638 = AXIS2_PLACEMENT_3D('',#4639,#4640,#4641);
#4639 = CARTESIAN_POINT('',(30.378513347136,-6.832978364287,-13.));
#4640 = DIRECTION('',(-0.965730490124,0.259546952295,-4.238665850285E-18
    ));
#4641 = DIRECTION('',(-0.259546952295,-0.965730490124,1.192240047878E-16
    ));
#4642 = PCURVE('',#4614,#4643);
#4643 = DEFINITIONAL_REPRESENTATION('',(#4644),#4648);
#4644 = LINE('',#4645,#4646);
#4645 = CARTESIAN_POINT('',(0.,0.));
#4646 = VECTOR('',#4647,1.);
#4647 = DIRECTION('',(1.,0.));
#4648 = ( GEOMETRIC_REPRESENTATION_CONTEXT(2) 
PARAMETRIC_REPRESENTATION_CONTEXT() REPRESENTATION_CONTEXT('2D SPACE',''
  ) );
#4649 = PCURVE('',#4650,#4655);
#4650 = TOROIDAL_SURFACE('',#4651,0.7,0.25);
#4651 = AXIS2_PLACEMENT_3D('',#4652,#4653,#4654);
#4652 = CARTESIAN_POINT('',(30.378513347136,-6.832978364287,-13.));
#4653 = DIRECTION('',(-0.965730490124,0.259546952295,-4.238665850285E-18
    ));
#4654 = DIRECTION('',(-0.259546952295,-0.965730490124,1.192240047878E-16
    ));
#4655 = DEFINITIONAL_REPRESENTATION('',(#4656),#4660);
#4656 = LINE('',#4657,#4658);
#4657 = CARTESIAN_POINT('',(0.,6.28318530718));
#4658 = VECTOR('',#4659,1.);
#4659 = DIRECTION('',(1.,0.));
#4660 = ( GEOMETRIC_REPRESENTATION_CONTEXT(2) 
PARAMETRIC_REPRESENTATION_CONTEXT() REPRESENTATION_CONTEXT('2D SPACE',''
  ) );
#4661 = ORIENTED_EDGE('',*,*,#4662,.F.);
#4662 = EDGE_CURVE('',#4663,#4634,#4665,.T.);
#4663 = VERTEX_POINT('',#4664);
#4664 = CARTESIAN_POINT('',(30.146738029507,-6.770687095736,-13.77));
#4665 = SURFACE_CURVE('',#4666,(#4671,#4678),.PCURVE_S1.);
#4666 = CIRCLE('',#4667,0.25);
#4667 = AXIS2_PLACEMENT_3D('',#4668,#4669,#4670);
#4668 = CARTESIAN_POINT('',(30.378513347136,-6.832978364287,-13.7));
#4669 = DIRECTION('',(-0.259546952295,-0.965730490124,5.607987212962E-17
    ));
#4670 = DIRECTION('',(-0.965730490124,0.259546952295,-4.238665850285E-18
    ));
#4671 = PCURVE('',#4614,#4672);
#4672 = DEFINITIONAL_REPRESENTATION('',(#4673),#4677);
#4673 = LINE('',#4674,#4675);
#4674 = CARTESIAN_POINT('',(4.712388980385,1.570796326795));
#4675 = VECTOR('',#4676,1.);
#4676 = DIRECTION('',(0.,-1.));
#4677 = ( GEOMETRIC_REPRESENTATION_CONTEXT(2) 
PARAMETRIC_REPRESENTATION_CONTEXT() REPRESENTATION_CONTEXT('2D SPACE',''
  ) );
#4678 = PCURVE('',#4679,#4684);
#4679 = CYLINDRICAL_SURFACE('',#4680,0.25);
#4680 = AXIS2_PLACEMENT_3D('',#4681,#4682,#4683);
#4681 = CARTESIAN_POINT('',(30.378513347136,-6.832978364287,-13.7));
#4682 = DIRECTION('',(-0.259546952295,-0.965730490124,1.192240047878E-16
    ));
#4683 = DIRECTION('',(0.965730490124,-0.259546952295,4.238665850285E-18)
  );
#4684 = DEFINITIONAL_REPRESENTATION('',(#4685),#4689);
#4685 = LINE('',#4686,#4687);
#4686 = CARTESIAN_POINT('',(3.14159265359,0.));
#4687 = VECTOR('',#4688,1.);
#4688 = DIRECTION('',(1.,0.));
#4689 = ( GEOMETRIC_REPRESENTATION_CONTEXT(2) 
PARAMETRIC_REPRESENTATION_CONTEXT() REPRESENTATION_CONTEXT('2D SPACE',''
  ) );
#4690 = ORIENTED_EDGE('',*,*,#4691,.F.);
#4691 = EDGE_CURVE('',#4603,#4663,#4692,.T.);
#4692 = SURFACE_CURVE('',#4693,(#4698,#4705),.PCURVE_S1.);
#4693 = CIRCLE('',#4694,0.77);
#4694 = AXIS2_PLACEMENT_3D('',#4695,#4696,#4697);
#4695 = CARTESIAN_POINT('',(30.146738029507,-6.770687095736,-13.));
#4696 = DIRECTION('',(-0.965730490124,0.259546952295,-4.238665850285E-18
    ));
#4697 = DIRECTION('',(-0.259546952295,-0.965730490124,1.192240047878E-16
    ));
#4698 = PCURVE('',#4614,#4699);
#4699 = DEFINITIONAL_REPRESENTATION('',(#4700),#4704);
#4700 = LINE('',#4701,#4702);
#4701 = CARTESIAN_POINT('',(0.,1.287002217587));
#4702 = VECTOR('',#4703,1.);
#4703 = DIRECTION('',(1.,3.958023603599E-15));
#4704 = ( GEOMETRIC_REPRESENTATION_CONTEXT(2) 
PARAMETRIC_REPRESENTATION_CONTEXT() REPRESENTATION_CONTEXT('2D SPACE',''
  ) );
#4705 = PCURVE('',#4706,#4711);
#4706 = TOROIDAL_SURFACE('',#4707,0.7,0.25);
#4707 = AXIS2_PLACEMENT_3D('',#4708,#4709,#4710);
#4708 = CARTESIAN_POINT('',(29.914962711877,-6.708395827185,-13.));
#4709 = DIRECTION('',(-0.965730490124,0.259546952295,-4.238665850285E-18
    ));
#4710 = DIRECTION('',(-0.259546952295,-0.965730490124,1.192240047878E-16
    ));
#4711 = DEFINITIONAL_REPRESENTATION('',(#4712),#4716);
#4712 = LINE('',#4713,#4714);
#4713 = CARTESIAN_POINT('',(0.,4.996183089593));
#4714 = VECTOR('',#4715,1.);
#4715 = DIRECTION('',(1.,-9.046911093941E-15));
#4716 = ( GEOMETRIC_REPRESENTATION_CONTEXT(2) 
PARAMETRIC_REPRESENTATION_CONTEXT() REPRESENTATION_CONTEXT('2D SPACE',''
  ) );
#4717 = ADVANCED_FACE('',(#4718),#4650,.T.);
#4718 = FACE_BOUND('',#4719,.T.);
#4719 = EDGE_LOOP('',(#4720,#4721,#4745,#4769,#4798));
#4720 = ORIENTED_EDGE('',*,*,#4633,.F.);
#4721 = ORIENTED_EDGE('',*,*,#4722,.T.);
#4722 = EDGE_CURVE('',#4605,#4723,#4725,.T.);
#4723 = VERTEX_POINT('',#4724);
#4724 = CARTESIAN_POINT('',(30.495309475669,-6.398399643731,-13.));
#4725 = SURFACE_CURVE('',#4726,(#4731,#4738),.PCURVE_S1.);
#4726 = CIRCLE('',#4727,0.25);
#4727 = AXIS2_PLACEMENT_3D('',#4728,#4729,#4730);
#4728 = CARTESIAN_POINT('',(30.560196213743,-6.1569670212,-13.));
#4729 = DIRECTION('',(2.058749954231E-15,-8.760043279116E-16,-1.));
#4730 = DIRECTION('',(-0.965730490124,0.259546952295,-2.215561855848E-15
    ));
#4731 = PCURVE('',#4650,#4732);
#4732 = DEFINITIONAL_REPRESENTATION('',(#4733),#4737);
#4733 = LINE('',#4734,#4735);
#4734 = CARTESIAN_POINT('',(3.14159265359,7.853981633974));
#4735 = VECTOR('',#4736,1.);
#4736 = DIRECTION('',(-2.827159716856E-16,-1.));
#4737 = ( GEOMETRIC_REPRESENTATION_CONTEXT(2) 
PARAMETRIC_REPRESENTATION_CONTEXT() REPRESENTATION_CONTEXT('2D SPACE',''
  ) );
#4738 = PCURVE('',#4587,#4739);
#4739 = DEFINITIONAL_REPRESENTATION('',(#4740),#4744);
#4740 = LINE('',#4741,#4742);
#4741 = CARTESIAN_POINT('',(1.570796326795,8.));
#4742 = VECTOR('',#4743,1.);
#4743 = DIRECTION('',(1.,0.));
#4744 = ( GEOMETRIC_REPRESENTATION_CONTEXT(2) 
PARAMETRIC_REPRESENTATION_CONTEXT() REPRESENTATION_CONTEXT('2D SPACE',''
  ) );
#4745 = ORIENTED_EDGE('',*,*,#4746,.T.);
#4746 = EDGE_CURVE('',#4723,#4747,#4749,.T.);
#4747 = VERTEX_POINT('',#4748);
#4748 = CARTESIAN_POINT('',(30.378513347136,-6.832978364287,-13.45));
#4749 = SURFACE_CURVE('',#4750,(#4755,#4762),.PCURVE_S1.);
#4750 = CIRCLE('',#4751,0.45);
#4751 = AXIS2_PLACEMENT_3D('',#4752,#4753,#4754);
#4752 = CARTESIAN_POINT('',(30.378513347136,-6.832978364287,-13.));
#4753 = DIRECTION('',(-0.965730490124,0.259546952295,-4.238665850285E-18
    ));
#4754 = DIRECTION('',(-0.259546952295,-0.965730490124,1.192240047878E-16
    ));
#4755 = PCURVE('',#4650,#4756);
#4756 = DEFINITIONAL_REPRESENTATION('',(#4757),#4761);
#4757 = LINE('',#4758,#4759);
#4758 = CARTESIAN_POINT('',(0.,3.14159265359));
#4759 = VECTOR('',#4760,1.);
#4760 = DIRECTION('',(1.,-2.827159716856E-16));
#4761 = ( GEOMETRIC_REPRESENTATION_CONTEXT(2) 
PARAMETRIC_REPRESENTATION_CONTEXT() REPRESENTATION_CONTEXT('2D SPACE',''
  ) );
#4762 = PCURVE('',#4181,#4763);
#4763 = DEFINITIONAL_REPRESENTATION('',(#4764),#4768);
#4764 = LINE('',#4765,#4766);
#4765 = CARTESIAN_POINT('',(0.,3.14159265359));
#4766 = VECTOR('',#4767,1.);
#4767 = DIRECTION('',(1.,-2.827159716856E-16));
#4768 = ( GEOMETRIC_REPRESENTATION_CONTEXT(2) 
PARAMETRIC_REPRESENTATION_CONTEXT() REPRESENTATION_CONTEXT('2D SPACE',''
  ) );
#4769 = ORIENTED_EDGE('',*,*,#4770,.F.);
#4770 = EDGE_CURVE('',#4771,#4747,#4773,.T.);
#4771 = VERTEX_POINT('',#4772);
#4772 = CARTESIAN_POINT('',(30.619945969667,-6.89786510236,-13.7));
#4773 = SURFACE_CURVE('',#4774,(#4779,#4786),.PCURVE_S1.);
#4774 = CIRCLE('',#4775,0.25);
#4775 = AXIS2_PLACEMENT_3D('',#4776,#4777,#4778);
#4776 = CARTESIAN_POINT('',(30.378513347136,-6.832978364287,-13.7));
#4777 = DIRECTION('',(-0.259546952295,-0.965730490124,5.607987212962E-17
    ));
#4778 = DIRECTION('',(-0.965730490124,0.259546952295,-4.238665850285E-18
    ));
#4779 = PCURVE('',#4650,#4780);
#4780 = DEFINITIONAL_REPRESENTATION('',(#4781),#4785);
#4781 = LINE('',#4782,#4783);
#4782 = CARTESIAN_POINT('',(4.712388980385,7.853981633974));
#4783 = VECTOR('',#4784,1.);
#4784 = DIRECTION('',(1.130863886743E-15,-1.));
#4785 = ( GEOMETRIC_REPRESENTATION_CONTEXT(2) 
PARAMETRIC_REPRESENTATION_CONTEXT() REPRESENTATION_CONTEXT('2D SPACE',''
  ) );
#4786 = PCURVE('',#4787,#4792);
#4787 = CYLINDRICAL_SURFACE('',#4788,0.25);
#4788 = AXIS2_PLACEMENT_3D('',#4789,#4790,#4791);
#4789 = CARTESIAN_POINT('',(30.378513347136,-6.832978364287,-13.7));
#4790 = DIRECTION('',(-0.259546952295,-0.965730490124,1.192240047878E-16
    ));
#4791 = DIRECTION('',(0.965730490124,-0.259546952295,4.238665850285E-18)
  );
#4792 = DEFINITIONAL_REPRESENTATION('',(#4793),#4797);
#4793 = LINE('',#4794,#4795);
#4794 = CARTESIAN_POINT('',(-3.14159265359,-2.6645352591E-15));
#4795 = VECTOR('',#4796,1.);
#4796 = DIRECTION('',(1.,5.654319433713E-16));
#4797 = ( GEOMETRIC_REPRESENTATION_CONTEXT(2) 
PARAMETRIC_REPRESENTATION_CONTEXT() REPRESENTATION_CONTEXT('2D SPACE',''
  ) );
#4798 = ORIENTED_EDGE('',*,*,#4799,.F.);
#4799 = EDGE_CURVE('',#4634,#4771,#4800,.T.);
#4800 = SURFACE_CURVE('',#4801,(#4806,#4813),.PCURVE_S1.);
#4801 = CIRCLE('',#4802,0.25);
#4802 = AXIS2_PLACEMENT_3D('',#4803,#4804,#4805);
#4803 = CARTESIAN_POINT('',(30.378513347136,-6.832978364287,-13.7));
#4804 = DIRECTION('',(-0.259546952295,-0.965730490124,5.607987212962E-17
    ));
#4805 = DIRECTION('',(-0.965730490124,0.259546952295,-4.238665850285E-18
    ));
#4806 = PCURVE('',#4650,#4807);
#4807 = DEFINITIONAL_REPRESENTATION('',(#4808),#4812);
#4808 = LINE('',#4809,#4810);
#4809 = CARTESIAN_POINT('',(4.712388980385,7.853981633974));
#4810 = VECTOR('',#4811,1.);
#4811 = DIRECTION('',(-1.130863886743E-15,-1.));
#4812 = ( GEOMETRIC_REPRESENTATION_CONTEXT(2) 
PARAMETRIC_REPRESENTATION_CONTEXT() REPRESENTATION_CONTEXT('2D SPACE',''
  ) );
#4813 = PCURVE('',#4679,#4814);
#4814 = DEFINITIONAL_REPRESENTATION('',(#4815),#4819);
#4815 = LINE('',#4816,#4817);
#4816 = CARTESIAN_POINT('',(3.14159265359,8.881784197001E-16));
#4817 = VECTOR('',#4818,1.);
#4818 = DIRECTION('',(1.,-5.654319433713E-16));
#4819 = ( GEOMETRIC_REPRESENTATION_CONTEXT(2) 
PARAMETRIC_REPRESENTATION_CONTEXT() REPRESENTATION_CONTEXT('2D SPACE',''
  ) );
#4820 = ADVANCED_FACE('',(#4821),#4836,.T.);
#4821 = FACE_BOUND('',#4822,.T.);
#4822 = EDGE_LOOP('',(#4823,#4854,#4883,#4907));
#4823 = ORIENTED_EDGE('',*,*,#4824,.T.);
#4824 = EDGE_CURVE('',#4825,#4827,#4829,.T.);
#4825 = VERTEX_POINT('',#4826);
#4826 = CARTESIAN_POINT('',(29.47926891364,-9.254227244097,-13.77));
#4827 = VERTEX_POINT('',#4828);
#4828 = CARTESIAN_POINT('',(29.711044231269,-9.316518512648,-13.95));
#4829 = SURFACE_CURVE('',#4830,(#4835,#4847),.PCURVE_S1.);
#4830 = CIRCLE('',#4831,0.25);
#4831 = AXIS2_PLACEMENT_3D('',#4832,#4833,#4834);
#4832 = CARTESIAN_POINT('',(29.711044231269,-9.316518512648,-13.7));
#4833 = DIRECTION('',(-0.259546952295,-0.965730490124,3.658519214112E-16
    ));
#4834 = DIRECTION('',(-0.965730490124,0.259546952295,-4.238665850284E-18
    ));
#4835 = PCURVE('',#4836,#4841);
#4836 = TOROIDAL_SURFACE('',#4837,0.7,0.25);
#4837 = AXIS2_PLACEMENT_3D('',#4838,#4839,#4840);
#4838 = CARTESIAN_POINT('',(29.711044231269,-9.316518512648,-13.));
#4839 = DIRECTION('',(-0.965730490124,0.259546952295,-4.238665850285E-18
    ));
#4840 = DIRECTION('',(-0.259546952295,-0.965730490124,1.192240047878E-16
    ));
#4841 = DEFINITIONAL_REPRESENTATION('',(#4842),#4846);
#4842 = LINE('',#4843,#4844);
#4843 = CARTESIAN_POINT('',(4.712388980385,1.570796326795));
#4844 = VECTOR('',#4845,1.);
#4845 = DIRECTION('',(6.901141331098E-16,-1.));
#4846 = ( GEOMETRIC_REPRESENTATION_CONTEXT(2) 
PARAMETRIC_REPRESENTATION_CONTEXT() REPRESENTATION_CONTEXT('2D SPACE',''
  ) );
#4847 = PCURVE('',#4679,#4848);
#4848 = DEFINITIONAL_REPRESENTATION('',(#4849),#4853);
#4849 = LINE('',#4850,#4851);
#4850 = CARTESIAN_POINT('',(3.14159265359,2.571670019493));
#4851 = VECTOR('',#4852,1.);
#4852 = DIRECTION('',(1.,6.901141331098E-16));
#4853 = ( GEOMETRIC_REPRESENTATION_CONTEXT(2) 
PARAMETRIC_REPRESENTATION_CONTEXT() REPRESENTATION_CONTEXT('2D SPACE',''
  ) );
#4854 = ORIENTED_EDGE('',*,*,#4855,.T.);
#4855 = EDGE_CURVE('',#4827,#4856,#4858,.T.);
#4856 = VERTEX_POINT('',#4857);
#4857 = CARTESIAN_POINT('',(29.464474626589,-10.23396247826,-13.));
#4858 = SURFACE_CURVE('',#4859,(#4864,#4871),.PCURVE_S1.);
#4859 = CIRCLE('',#4860,0.95);
#4860 = AXIS2_PLACEMENT_3D('',#4861,#4862,#4863);
#4861 = CARTESIAN_POINT('',(29.711044231269,-9.316518512648,-13.));
#4862 = DIRECTION('',(-0.965730490124,0.259546952295,-4.238665850285E-18
    ));
#4863 = DIRECTION('',(-0.259546952295,-0.965730490124,1.192240047878E-16
    ));
#4864 = PCURVE('',#4836,#4865);
#4865 = DEFINITIONAL_REPRESENTATION('',(#4866),#4870);
#4866 = LINE('',#4867,#4868);
#4867 = CARTESIAN_POINT('',(0.,0.));
#4868 = VECTOR('',#4869,1.);
#4869 = DIRECTION('',(1.,0.));
#4870 = ( GEOMETRIC_REPRESENTATION_CONTEXT(2) 
PARAMETRIC_REPRESENTATION_CONTEXT() REPRESENTATION_CONTEXT('2D SPACE',''
  ) );
#4871 = PCURVE('',#4872,#4877);
#4872 = TOROIDAL_SURFACE('',#4873,0.7,0.25);
#4873 = AXIS2_PLACEMENT_3D('',#4874,#4875,#4876);
#4874 = CARTESIAN_POINT('',(29.711044231269,-9.316518512648,-13.));
#4875 = DIRECTION('',(-0.965730490124,0.259546952295,-4.238665850285E-18
    ));
#4876 = DIRECTION('',(-0.259546952295,-0.965730490124,1.192240047878E-16
    ));
#4877 = DEFINITIONAL_REPRESENTATION('',(#4878),#4882);
#4878 = LINE('',#4879,#4880);
#4879 = CARTESIAN_POINT('',(0.,6.28318530718));
#4880 = VECTOR('',#4881,1.);
#4881 = DIRECTION('',(1.,0.));
#4882 = ( GEOMETRIC_REPRESENTATION_CONTEXT(2) 
PARAMETRIC_REPRESENTATION_CONTEXT() REPRESENTATION_CONTEXT('2D SPACE',''
  ) );
#4883 = ORIENTED_EDGE('',*,*,#4884,.F.);
#4884 = EDGE_CURVE('',#4885,#4856,#4887,.T.);
#4885 = VERTEX_POINT('',#4886);
#4886 = CARTESIAN_POINT('',(29.279417760373,-9.997839721493,-13.));
#4887 = SURFACE_CURVE('',#4888,(#4893,#4900),.PCURVE_S1.);
#4888 = CIRCLE('',#4889,0.25);
#4889 = AXIS2_PLACEMENT_3D('',#4890,#4891,#4892);
#4890 = CARTESIAN_POINT('',(29.529361364663,-9.992529855735,-13.));
#4891 = DIRECTION('',(2.198264433489E-15,-3.24232415865E-16,1.));
#4892 = DIRECTION('',(-0.965730490124,0.259546952295,2.207084524148E-15)
  );
#4893 = PCURVE('',#4836,#4894);
#4894 = DEFINITIONAL_REPRESENTATION('',(#4895),#4899);
#4895 = LINE('',#4896,#4897);
#4896 = CARTESIAN_POINT('',(6.28318530718,1.570796326795));
#4897 = VECTOR('',#4898,1.);
#4898 = DIRECTION('',(0.,-1.));
#4899 = ( GEOMETRIC_REPRESENTATION_CONTEXT(2) 
PARAMETRIC_REPRESENTATION_CONTEXT() REPRESENTATION_CONTEXT('2D SPACE',''
  ) );
#4900 = PCURVE('',#4220,#4901);
#4901 = DEFINITIONAL_REPRESENTATION('',(#4902),#4906);
#4902 = LINE('',#4903,#4904);
#4903 = CARTESIAN_POINT('',(1.570796326795,5.42014372679E-16));
#4904 = VECTOR('',#4905,1.);
#4905 = DIRECTION('',(1.,-3.450570665549E-16));
#4906 = ( GEOMETRIC_REPRESENTATION_CONTEXT(2) 
PARAMETRIC_REPRESENTATION_CONTEXT() REPRESENTATION_CONTEXT('2D SPACE',''
  ) );
#4907 = ORIENTED_EDGE('',*,*,#4908,.F.);
#4908 = EDGE_CURVE('',#4825,#4885,#4909,.T.);
#4909 = SURFACE_CURVE('',#4910,(#4915,#4922),.PCURVE_S1.);
#4910 = CIRCLE('',#4911,0.77);
#4911 = AXIS2_PLACEMENT_3D('',#4912,#4913,#4914);
#4912 = CARTESIAN_POINT('',(29.47926891364,-9.254227244097,-13.));
#4913 = DIRECTION('',(-0.965730490124,0.259546952295,-4.238665850285E-18
    ));
#4914 = DIRECTION('',(-0.259546952295,-0.965730490124,1.192240047878E-16
    ));
#4915 = PCURVE('',#4836,#4916);
#4916 = DEFINITIONAL_REPRESENTATION('',(#4917),#4921);
#4917 = LINE('',#4918,#4919);
#4918 = CARTESIAN_POINT('',(0.,1.287002217587));
#4919 = VECTOR('',#4920,1.);
#4920 = DIRECTION('',(1.,-1.837653815957E-15));
#4921 = ( GEOMETRIC_REPRESENTATION_CONTEXT(2) 
PARAMETRIC_REPRESENTATION_CONTEXT() REPRESENTATION_CONTEXT('2D SPACE',''
  ) );
#4922 = PCURVE('',#4923,#4928);
#4923 = TOROIDAL_SURFACE('',#4924,0.7,0.25);
#4924 = AXIS2_PLACEMENT_3D('',#4925,#4926,#4927);
#4925 = CARTESIAN_POINT('',(29.24749359601,-9.191935975547,-13.));
#4926 = DIRECTION('',(-0.965730490124,0.259546952295,-4.238665850285E-18
    ));
#4927 = DIRECTION('',(-0.259546952295,-0.965730490124,1.192240047878E-16
    ));
#4928 = DEFINITIONAL_REPRESENTATION('',(#4929),#4933);
#4929 = LINE('',#4930,#4931);
#4930 = CARTESIAN_POINT('',(0.,4.996183089593));
#4931 = VECTOR('',#4932,1.);
#4932 = DIRECTION('',(1.,6.785183320456E-15));
#4933 = ( GEOMETRIC_REPRESENTATION_CONTEXT(2) 
PARAMETRIC_REPRESENTATION_CONTEXT() REPRESENTATION_CONTEXT('2D SPACE',''
  ) );
#4934 = ADVANCED_FACE('',(#4935),#4872,.T.);
#4935 = FACE_BOUND('',#4936,.T.);
#4936 = EDGE_LOOP('',(#4937,#4938,#4962,#4986,#5010));
#4937 = ORIENTED_EDGE('',*,*,#4855,.F.);
#4938 = ORIENTED_EDGE('',*,*,#4939,.T.);
#4939 = EDGE_CURVE('',#4827,#4940,#4942,.T.);
#4940 = VERTEX_POINT('',#4941);
#4941 = CARTESIAN_POINT('',(29.9524768538,-9.381405250722,-13.7));
#4942 = SURFACE_CURVE('',#4943,(#4948,#4955),.PCURVE_S1.);
#4943 = CIRCLE('',#4944,0.25);
#4944 = AXIS2_PLACEMENT_3D('',#4945,#4946,#4947);
#4945 = CARTESIAN_POINT('',(29.711044231269,-9.316518512648,-13.7));
#4946 = DIRECTION('',(-0.259546952295,-0.965730490124,3.658519214112E-16
    ));
#4947 = DIRECTION('',(-0.965730490124,0.259546952295,-4.238665850284E-18
    ));
#4948 = PCURVE('',#4872,#4949);
#4949 = DEFINITIONAL_REPRESENTATION('',(#4950),#4954);
#4950 = LINE('',#4951,#4952);
#4951 = CARTESIAN_POINT('',(4.712388980385,7.853981633974));
#4952 = VECTOR('',#4953,1.);
#4953 = DIRECTION('',(-1.696295830114E-15,-1.));
#4954 = ( GEOMETRIC_REPRESENTATION_CONTEXT(2) 
PARAMETRIC_REPRESENTATION_CONTEXT() REPRESENTATION_CONTEXT('2D SPACE',''
  ) );
#4955 = PCURVE('',#4679,#4956);
#4956 = DEFINITIONAL_REPRESENTATION('',(#4957),#4961);
#4957 = LINE('',#4958,#4959);
#4958 = CARTESIAN_POINT('',(3.14159265359,2.571670019493));
#4959 = VECTOR('',#4960,1.);
#4960 = DIRECTION('',(1.,-1.130863886743E-15));
#4961 = ( GEOMETRIC_REPRESENTATION_CONTEXT(2) 
PARAMETRIC_REPRESENTATION_CONTEXT() REPRESENTATION_CONTEXT('2D SPACE',''
  ) );
#4962 = ORIENTED_EDGE('',*,*,#4963,.T.);
#4963 = EDGE_CURVE('',#4940,#4964,#4966,.T.);
#4964 = VERTEX_POINT('',#4965);
#4965 = CARTESIAN_POINT('',(29.711044231269,-9.316518512648,-13.45));
#4966 = SURFACE_CURVE('',#4967,(#4972,#4979),.PCURVE_S1.);
#4967 = CIRCLE('',#4968,0.25);
#4968 = AXIS2_PLACEMENT_3D('',#4969,#4970,#4971);
#4969 = CARTESIAN_POINT('',(29.711044231269,-9.316518512648,-13.7));
#4970 = DIRECTION('',(-0.259546952295,-0.965730490124,3.658519214112E-16
    ));
#4971 = DIRECTION('',(-0.965730490124,0.259546952295,-4.238665850284E-18
    ));
#4972 = PCURVE('',#4872,#4973);
#4973 = DEFINITIONAL_REPRESENTATION('',(#4974),#4978);
#4974 = LINE('',#4975,#4976);
#4975 = CARTESIAN_POINT('',(4.712388980385,7.853981633974));
#4976 = VECTOR('',#4977,1.);
#4977 = DIRECTION('',(1.696295830114E-15,-1.));
#4978 = ( GEOMETRIC_REPRESENTATION_CONTEXT(2) 
PARAMETRIC_REPRESENTATION_CONTEXT() REPRESENTATION_CONTEXT('2D SPACE',''
  ) );
#4979 = PCURVE('',#4787,#4980);
#4980 = DEFINITIONAL_REPRESENTATION('',(#4981),#4985);
#4981 = LINE('',#4982,#4983);
#4982 = CARTESIAN_POINT('',(-3.14159265359,2.571670019493));
#4983 = VECTOR('',#4984,1.);
#4984 = DIRECTION('',(1.,1.130863886743E-15));
#4985 = ( GEOMETRIC_REPRESENTATION_CONTEXT(2) 
PARAMETRIC_REPRESENTATION_CONTEXT() REPRESENTATION_CONTEXT('2D SPACE',''
  ) );
#4986 = ORIENTED_EDGE('',*,*,#4987,.T.);
#4987 = EDGE_CURVE('',#4964,#4988,#4990,.T.);
#4988 = VERTEX_POINT('',#4989);
#4989 = CARTESIAN_POINT('',(29.594248102737,-9.751097233204,-13.));
#4990 = SURFACE_CURVE('',#4991,(#4996,#5003),.PCURVE_S1.);
#4991 = CIRCLE('',#4992,0.45);
#4992 = AXIS2_PLACEMENT_3D('',#4993,#4994,#4995);
#4993 = CARTESIAN_POINT('',(29.711044231269,-9.316518512648,-13.));
#4994 = DIRECTION('',(-0.965730490124,0.259546952295,-4.238665850285E-18
    ));
#4995 = DIRECTION('',(-0.259546952295,-0.965730490124,1.192240047878E-16
    ));
#4996 = PCURVE('',#4872,#4997);
#4997 = DEFINITIONAL_REPRESENTATION('',(#4998),#5002);
#4998 = LINE('',#4999,#5000);
#4999 = CARTESIAN_POINT('',(0.,3.14159265359));
#5000 = VECTOR('',#5001,1.);
#5001 = DIRECTION('',(1.,-8.764195122255E-15));
#5002 = ( GEOMETRIC_REPRESENTATION_CONTEXT(2) 
PARAMETRIC_REPRESENTATION_CONTEXT() REPRESENTATION_CONTEXT('2D SPACE',''
  ) );
#5003 = PCURVE('',#3958,#5004);
#5004 = DEFINITIONAL_REPRESENTATION('',(#5005),#5009);
#5005 = LINE('',#5006,#5007);
#5006 = CARTESIAN_POINT('',(0.,3.14159265359));
#5007 = VECTOR('',#5008,1.);
#5008 = DIRECTION('',(1.,-8.764195122255E-15));
#5009 = ( GEOMETRIC_REPRESENTATION_CONTEXT(2) 
PARAMETRIC_REPRESENTATION_CONTEXT() REPRESENTATION_CONTEXT('2D SPACE',''
  ) );
#5010 = ORIENTED_EDGE('',*,*,#5011,.F.);
#5011 = EDGE_CURVE('',#4856,#4988,#5012,.T.);
#5012 = SURFACE_CURVE('',#5013,(#5018,#5025),.PCURVE_S1.);
#5013 = CIRCLE('',#5014,0.25);
#5014 = AXIS2_PLACEMENT_3D('',#5015,#5016,#5017);
#5015 = CARTESIAN_POINT('',(29.529361364663,-9.992529855735,-13.));
#5016 = DIRECTION('',(2.198264433489E-15,-3.24232415865E-16,1.));
#5017 = DIRECTION('',(-0.965730490124,0.259546952295,2.207084524148E-15)
  );
#5018 = PCURVE('',#4872,#5019);
#5019 = DEFINITIONAL_REPRESENTATION('',(#5020),#5024);
#5020 = LINE('',#5021,#5022);
#5021 = CARTESIAN_POINT('',(6.28318530718,7.853981633974));
#5022 = VECTOR('',#5023,1.);
#5023 = DIRECTION('',(0.,-1.));
#5024 = ( GEOMETRIC_REPRESENTATION_CONTEXT(2) 
PARAMETRIC_REPRESENTATION_CONTEXT() REPRESENTATION_CONTEXT('2D SPACE',''
  ) );
#5025 = PCURVE('',#4338,#5026);
#5026 = DEFINITIONAL_REPRESENTATION('',(#5027),#5031);
#5027 = LINE('',#5028,#5029);
#5028 = CARTESIAN_POINT('',(1.570796326795,0.));
#5029 = VECTOR('',#5030,1.);
#5030 = DIRECTION('',(1.,0.));
#5031 = ( GEOMETRIC_REPRESENTATION_CONTEXT(2) 
PARAMETRIC_REPRESENTATION_CONTEXT() REPRESENTATION_CONTEXT('2D SPACE',''
  ) );
#5032 = ADVANCED_FACE('',(#5033),#45,.T.);
#5033 = FACE_BOUND('',#5034,.T.);
#5034 = EDGE_LOOP('',(#5035,#5036,#5062,#5063));
#5035 = ORIENTED_EDGE('',*,*,#717,.T.);
#5036 = ORIENTED_EDGE('',*,*,#5037,.T.);
#5037 = EDGE_CURVE('',#689,#24,#5038,.T.);
#5038 = SURFACE_CURVE('',#5039,(#5043,#5050),.PCURVE_S1.);
#5039 = LINE('',#5040,#5041);
#5040 = CARTESIAN_POINT('',(25.756069544514,-9.237302181454,-13.));
#5041 = VECTOR('',#5042,1.);
#5042 = DIRECTION('',(-1.28931872002E-18,1.153367983869E-17,1.));
#5043 = PCURVE('',#45,#5044);
#5044 = DEFINITIONAL_REPRESENTATION('',(#5045),#5049);
#5045 = LINE('',#5046,#5047);
#5046 = CARTESIAN_POINT('',(3.14159265359,0.));
#5047 = VECTOR('',#5048,1.);
#5048 = DIRECTION('',(0.,1.));
#5049 = ( GEOMETRIC_REPRESENTATION_CONTEXT(2) 
PARAMETRIC_REPRESENTATION_CONTEXT() REPRESENTATION_CONTEXT('2D SPACE',''
  ) );
#5050 = PCURVE('',#5051,#5056);
#5051 = CYLINDRICAL_SURFACE('',#5052,0.25);
#5052 = AXIS2_PLACEMENT_3D('',#5053,#5054,#5055);
#5053 = CARTESIAN_POINT('',(25.820956282588,-8.995869558923,-13.));
#5054 = DIRECTION('',(-1.28931872002E-18,1.153367983869E-17,1.));
#5055 = DIRECTION('',(0.259546952295,0.965730490124,-1.080378753923E-17)
  );
#5056 = DEFINITIONAL_REPRESENTATION('',(#5057),#5061);
#5057 = LINE('',#5058,#5059);
#5058 = CARTESIAN_POINT('',(3.14159265359,0.));
#5059 = VECTOR('',#5060,1.);
#5060 = DIRECTION('',(0.,1.));
#5061 = ( GEOMETRIC_REPRESENTATION_CONTEXT(2) 
PARAMETRIC_REPRESENTATION_CONTEXT() REPRESENTATION_CONTEXT('2D SPACE',''
  ) );
#5062 = ORIENTED_EDGE('',*,*,#21,.F.);
#5063 = ORIENTED_EDGE('',*,*,#5064,.F.);
#5064 = EDGE_CURVE('',#718,#22,#5065,.T.);
#5065 = SURFACE_CURVE('',#5066,(#5070,#5077),.PCURVE_S1.);
#5066 = LINE('',#5067,#5068);
#5067 = CARTESIAN_POINT('',(25.885843020662,-8.754436936392,-13.));
#5068 = VECTOR('',#5069,1.);
#5069 = DIRECTION('',(-1.28931872002E-18,1.153367983869E-17,1.));
#5070 = PCURVE('',#45,#5071);
#5071 = DEFINITIONAL_REPRESENTATION('',(#5072),#5076);
#5072 = LINE('',#5073,#5074);
#5073 = CARTESIAN_POINT('',(0.,0.));
#5074 = VECTOR('',#5075,1.);
#5075 = DIRECTION('',(0.,1.));
#5076 = ( GEOMETRIC_REPRESENTATION_CONTEXT(2) 
PARAMETRIC_REPRESENTATION_CONTEXT() REPRESENTATION_CONTEXT('2D SPACE',''
  ) );
#5077 = PCURVE('',#184,#5078);
#5078 = DEFINITIONAL_REPRESENTATION('',(#5079),#5083);
#5079 = LINE('',#5080,#5081);
#5080 = CARTESIAN_POINT('',(6.28318530718,0.));
#5081 = VECTOR('',#5082,1.);
#5082 = DIRECTION('',(0.,1.));
#5083 = ( GEOMETRIC_REPRESENTATION_CONTEXT(2) 
PARAMETRIC_REPRESENTATION_CONTEXT() REPRESENTATION_CONTEXT('2D SPACE',''
  ) );
#5084 = ADVANCED_FACE('',(#5085),#184,.T.);
#5085 = FACE_BOUND('',#5086,.T.);
#5086 = EDGE_LOOP('',(#5087,#5088,#5089,#5090));
#5087 = ORIENTED_EDGE('',*,*,#796,.T.);
#5088 = ORIENTED_EDGE('',*,*,#5064,.T.);
#5089 = ORIENTED_EDGE('',*,*,#145,.F.);
#5090 = ORIENTED_EDGE('',*,*,#5091,.T.);
#5091 = EDGE_CURVE('',#146,#797,#5092,.T.);
#5092 = SURFACE_CURVE('',#5093,(#5097,#5104),.PCURVE_S1.);
#5093 = LINE('',#5094,#5095);
#5094 = CARTESIAN_POINT('',(26.070899886878,-8.990559693165,-9.));
#5095 = VECTOR('',#5096,1.);
#5096 = DIRECTION('',(1.28931872002E-18,-1.153367983869E-17,-1.));
#5097 = PCURVE('',#184,#5098);
#5098 = DEFINITIONAL_REPRESENTATION('',(#5099),#5103);
#5099 = LINE('',#5100,#5101);
#5100 = CARTESIAN_POINT('',(4.996183089593,4.));
#5101 = VECTOR('',#5102,1.);
#5102 = DIRECTION('',(0.,-1.));
#5103 = ( GEOMETRIC_REPRESENTATION_CONTEXT(2) 
PARAMETRIC_REPRESENTATION_CONTEXT() REPRESENTATION_CONTEXT('2D SPACE',''
  ) );
#5104 = PCURVE('',#5105,#5110);
#5105 = CYLINDRICAL_SURFACE('',#5106,0.25);
#5106 = AXIS2_PLACEMENT_3D('',#5107,#5108,#5109);
#5107 = CARTESIAN_POINT('',(26.284506917847,-9.120452096024,-13.));
#5108 = DIRECTION('',(-1.28931872002E-18,1.153367983869E-17,1.));
#5109 = DIRECTION('',(0.259546952295,0.965730490124,-1.080378753923E-17)
  );
#5110 = DEFINITIONAL_REPRESENTATION('',(#5111),#5115);
#5111 = LINE('',#5112,#5113);
#5112 = CARTESIAN_POINT('',(1.287002217587,4.));
#5113 = VECTOR('',#5114,1.);
#5114 = DIRECTION('',(0.,-1.));
#5115 = ( GEOMETRIC_REPRESENTATION_CONTEXT(2) 
PARAMETRIC_REPRESENTATION_CONTEXT() REPRESENTATION_CONTEXT('2D SPACE',''
  ) );
#5116 = ADVANCED_FACE('',(#5117),#103,.T.);
#5117 = FACE_BOUND('',#5118,.T.);
#5118 = EDGE_LOOP('',(#5119,#5120,#5146,#5147));
#5119 = ORIENTED_EDGE('',*,*,#86,.T.);
#5120 = ORIENTED_EDGE('',*,*,#5121,.T.);
#5121 = EDGE_CURVE('',#58,#259,#5122,.T.);
#5122 = SURFACE_CURVE('',#5123,(#5127,#5134),.PCURVE_S1.);
#5123 = LINE('',#5124,#5125);
#5124 = CARTESIAN_POINT('',(26.002639149194,-8.319858215836,-4.05));
#5125 = VECTOR('',#5126,1.);
#5126 = DIRECTION('',(0.259546952295,0.965730490124,-4.564996783438E-16)
  );
#5127 = PCURVE('',#103,#5128);
#5128 = DEFINITIONAL_REPRESENTATION('',(#5129),#5133);
#5129 = LINE('',#5130,#5131);
#5130 = CARTESIAN_POINT('',(3.14159265359,0.));
#5131 = VECTOR('',#5132,1.);
#5132 = DIRECTION('',(0.,1.));
#5133 = ( GEOMETRIC_REPRESENTATION_CONTEXT(2) 
PARAMETRIC_REPRESENTATION_CONTEXT() REPRESENTATION_CONTEXT('2D SPACE',''
  ) );
#5134 = PCURVE('',#5135,#5140);
#5135 = CYLINDRICAL_SURFACE('',#5136,0.25);
#5136 = AXIS2_PLACEMENT_3D('',#5137,#5138,#5139);
#5137 = CARTESIAN_POINT('',(26.002639149194,-8.319858215836,-4.3));
#5138 = DIRECTION('',(0.259546952295,0.965730490124,-4.564996783438E-16)
  );
#5139 = DIRECTION('',(-1.143896913886E-16,-4.419557909115E-16,-1.));
#5140 = DEFINITIONAL_REPRESENTATION('',(#5141),#5145);
#5141 = LINE('',#5142,#5143);
#5142 = CARTESIAN_POINT('',(3.14159265359,0.));
#5143 = VECTOR('',#5144,1.);
#5144 = DIRECTION('',(0.,1.));
#5145 = ( GEOMETRIC_REPRESENTATION_CONTEXT(2) 
PARAMETRIC_REPRESENTATION_CONTEXT() REPRESENTATION_CONTEXT('2D SPACE',''
  ) );
#5146 = ORIENTED_EDGE('',*,*,#256,.F.);
#5147 = ORIENTED_EDGE('',*,*,#5148,.F.);
#5148 = EDGE_CURVE('',#87,#257,#5149,.T.);
#5149 = SURFACE_CURVE('',#5150,(#5154,#5161),.PCURVE_S1.);
#5150 = LINE('',#5151,#5152);
#5151 = CARTESIAN_POINT('',(26.002639149194,-8.319858215836,-4.55));
#5152 = VECTOR('',#5153,1.);
#5153 = DIRECTION('',(0.259546952295,0.965730490124,-4.564996783438E-16)
  );
#5154 = PCURVE('',#103,#5155);
#5155 = DEFINITIONAL_REPRESENTATION('',(#5156),#5160);
#5156 = LINE('',#5157,#5158);
#5157 = CARTESIAN_POINT('',(0.,0.));
#5158 = VECTOR('',#5159,1.);
#5159 = DIRECTION('',(0.,1.));
#5160 = ( GEOMETRIC_REPRESENTATION_CONTEXT(2) 
PARAMETRIC_REPRESENTATION_CONTEXT() REPRESENTATION_CONTEXT('2D SPACE',''
  ) );
#5161 = PCURVE('',#214,#5162);
#5162 = DEFINITIONAL_REPRESENTATION('',(#5163),#5167);
#5163 = LINE('',#5164,#5165);
#5164 = CARTESIAN_POINT('',(6.28318530718,0.));
#5165 = VECTOR('',#5166,1.);
#5166 = DIRECTION('',(0.,1.));
#5167 = ( GEOMETRIC_REPRESENTATION_CONTEXT(2) 
PARAMETRIC_REPRESENTATION_CONTEXT() REPRESENTATION_CONTEXT('2D SPACE',''
  ) );
#5168 = ADVANCED_FACE('',(#5169),#214,.T.);
#5169 = FACE_BOUND('',#5170,.T.);
#5170 = EDGE_LOOP('',(#5171,#5172,#5173,#5174));
#5171 = ORIENTED_EDGE('',*,*,#197,.T.);
#5172 = ORIENTED_EDGE('',*,*,#5148,.T.);
#5173 = ORIENTED_EDGE('',*,*,#375,.F.);
#5174 = ORIENTED_EDGE('',*,*,#5175,.T.);
#5175 = EDGE_CURVE('',#376,#198,#5176,.T.);
#5176 = SURFACE_CURVE('',#5177,(#5181,#5188),.PCURVE_S1.);
#5177 = LINE('',#5178,#5179);
#5178 = CARTESIAN_POINT('',(26.568149024758,-7.140379410206,-4.37));
#5179 = VECTOR('',#5180,1.);
#5180 = DIRECTION('',(-0.259546952295,-0.965730490124,4.564996783438E-16
    ));
#5181 = PCURVE('',#214,#5182);
#5182 = DEFINITIONAL_REPRESENTATION('',(#5183),#5187);
#5183 = LINE('',#5184,#5185);
#5184 = CARTESIAN_POINT('',(4.996183089593,1.285835009746));
#5185 = VECTOR('',#5186,1.);
#5186 = DIRECTION('',(2.41759202805E-15,-1.));
#5187 = ( GEOMETRIC_REPRESENTATION_CONTEXT(2) 
PARAMETRIC_REPRESENTATION_CONTEXT() REPRESENTATION_CONTEXT('2D SPACE',''
  ) );
#5188 = PCURVE('',#5189,#5194);
#5189 = CYLINDRICAL_SURFACE('',#5190,0.25);
#5190 = AXIS2_PLACEMENT_3D('',#5191,#5192,#5193);
#5191 = CARTESIAN_POINT('',(26.466189784454,-8.444440752938,-4.3));
#5192 = DIRECTION('',(0.259546952295,0.965730490124,-4.564996783438E-16)
  );
#5193 = DIRECTION('',(-1.143896913886E-16,-4.419557909115E-16,-1.));
#5194 = DEFINITIONAL_REPRESENTATION('',(#5195),#5199);
#5195 = LINE('',#5196,#5197);
#5196 = CARTESIAN_POINT('',(1.287002217587,1.285835009746));
#5197 = VECTOR('',#5198,1.);
#5198 = DIRECTION('',(-2.676619745341E-15,-1.));
#5199 = ( GEOMETRIC_REPRESENTATION_CONTEXT(2) 
PARAMETRIC_REPRESENTATION_CONTEXT() REPRESENTATION_CONTEXT('2D SPACE',''
  ) );
#5200 = ADVANCED_FACE('',(#5201),#333,.T.);
#5201 = FACE_BOUND('',#5202,.T.);
#5202 = EDGE_LOOP('',(#5203,#5204,#5230,#5231));
#5203 = ORIENTED_EDGE('',*,*,#316,.T.);
#5204 = ORIENTED_EDGE('',*,*,#5205,.T.);
#5205 = EDGE_CURVE('',#288,#462,#5206,.T.);
#5206 = SURFACE_CURVE('',#5207,(#5211,#5218),.PCURVE_S1.);
#5207 = LINE('',#5208,#5209);
#5208 = CARTESIAN_POINT('',(26.916677869741,-4.918874101858,-5.));
#5209 = VECTOR('',#5210,1.);
#5210 = DIRECTION('',(-1.278074975698E-17,-6.388603461007E-17,-1.));
#5211 = PCURVE('',#333,#5212);
#5212 = DEFINITIONAL_REPRESENTATION('',(#5213),#5217);
#5213 = LINE('',#5214,#5215);
#5214 = CARTESIAN_POINT('',(3.14159265359,-9.334985001348E-32));
#5215 = VECTOR('',#5216,1.);
#5216 = DIRECTION('',(0.,1.));
#5217 = ( GEOMETRIC_REPRESENTATION_CONTEXT(2) 
PARAMETRIC_REPRESENTATION_CONTEXT() REPRESENTATION_CONTEXT('2D SPACE',''
  ) );
#5218 = PCURVE('',#5219,#5224);
#5219 = CYLINDRICAL_SURFACE('',#5220,0.25);
#5220 = AXIS2_PLACEMENT_3D('',#5221,#5222,#5223);
#5221 = CARTESIAN_POINT('',(26.851791131668,-5.160306724388,-5.));
#5222 = DIRECTION('',(-1.278074975698E-17,-6.388603461007E-17,-1.));
#5223 = DIRECTION('',(-0.259546952295,-0.965730490124,6.50138961635E-17)
  );
#5224 = DEFINITIONAL_REPRESENTATION('',(#5225),#5229);
#5225 = LINE('',#5226,#5227);
#5226 = CARTESIAN_POINT('',(3.14159265359,-9.334985001348E-32));
#5227 = VECTOR('',#5228,1.);
#5228 = DIRECTION('',(0.,1.));
#5229 = ( GEOMETRIC_REPRESENTATION_CONTEXT(2) 
PARAMETRIC_REPRESENTATION_CONTEXT() REPRESENTATION_CONTEXT('2D SPACE',''
  ) );
#5230 = ORIENTED_EDGE('',*,*,#459,.F.);
#5231 = ORIENTED_EDGE('',*,*,#5232,.F.);
#5232 = EDGE_CURVE('',#317,#460,#5233,.T.);
#5233 = SURFACE_CURVE('',#5234,(#5238,#5245),.PCURVE_S1.);
#5234 = LINE('',#5235,#5236);
#5235 = CARTESIAN_POINT('',(26.786904393594,-5.401739346919,-5.));
#5236 = VECTOR('',#5237,1.);
#5237 = DIRECTION('',(-1.278074975698E-17,-6.388603461007E-17,-1.));
#5238 = PCURVE('',#333,#5239);
#5239 = DEFINITIONAL_REPRESENTATION('',(#5240),#5244);
#5240 = LINE('',#5241,#5242);
#5241 = CARTESIAN_POINT('',(0.,9.334985001348E-32));
#5242 = VECTOR('',#5243,1.);
#5243 = DIRECTION('',(0.,1.));
#5244 = ( GEOMETRIC_REPRESENTATION_CONTEXT(2) 
PARAMETRIC_REPRESENTATION_CONTEXT() REPRESENTATION_CONTEXT('2D SPACE',''
  ) );
#5245 = PCURVE('',#417,#5246);
#5246 = DEFINITIONAL_REPRESENTATION('',(#5247),#5251);
#5247 = LINE('',#5248,#5249);
#5248 = CARTESIAN_POINT('',(6.28318530718,9.334985001348E-32));
#5249 = VECTOR('',#5250,1.);
#5250 = DIRECTION('',(0.,1.));
#5251 = ( GEOMETRIC_REPRESENTATION_CONTEXT(2) 
PARAMETRIC_REPRESENTATION_CONTEXT() REPRESENTATION_CONTEXT('2D SPACE',''
  ) );
#5252 = ADVANCED_FACE('',(#5253),#417,.T.);
#5253 = FACE_BOUND('',#5254,.T.);
#5254 = EDGE_LOOP('',(#5255,#5256,#5257,#5258));
#5255 = ORIENTED_EDGE('',*,*,#400,.T.);
#5256 = ORIENTED_EDGE('',*,*,#5232,.T.);
#5257 = ORIENTED_EDGE('',*,*,#578,.F.);
#5258 = ORIENTED_EDGE('',*,*,#5259,.T.);
#5259 = EDGE_CURVE('',#579,#401,#5260,.T.);
#5260 = SURFACE_CURVE('',#5261,(#5265,#5272),.PCURVE_S1.);
#5261 = LINE('',#5262,#5263);
#5262 = CARTESIAN_POINT('',(27.065398162637,-5.290199127248,-9.));
#5263 = VECTOR('',#5264,1.);
#5264 = DIRECTION('',(1.278074975698E-17,6.388603461007E-17,1.));
#5265 = PCURVE('',#417,#5266);
#5266 = DEFINITIONAL_REPRESENTATION('',(#5267),#5271);
#5267 = LINE('',#5268,#5269);
#5268 = CARTESIAN_POINT('',(4.996183089593,4.));
#5269 = VECTOR('',#5270,1.);
#5270 = DIRECTION('',(0.,-1.));
#5271 = ( GEOMETRIC_REPRESENTATION_CONTEXT(2) 
PARAMETRIC_REPRESENTATION_CONTEXT() REPRESENTATION_CONTEXT('2D SPACE',''
  ) );
#5272 = PCURVE('',#5273,#5278);
#5273 = CYLINDRICAL_SURFACE('',#5274,0.25);
#5274 = AXIS2_PLACEMENT_3D('',#5275,#5276,#5277);
#5275 = CARTESIAN_POINT('',(27.315341766927,-5.28488926149,-5.));
#5276 = DIRECTION('',(-1.278074975698E-17,-6.388603461007E-17,-1.));
#5277 = DIRECTION('',(-0.259546952295,-0.965730490124,6.50138961635E-17)
  );
#5278 = DEFINITIONAL_REPRESENTATION('',(#5279),#5283);
#5279 = LINE('',#5280,#5281);
#5280 = CARTESIAN_POINT('',(1.287002217587,4.));
#5281 = VECTOR('',#5282,1.);
#5282 = DIRECTION('',(0.,-1.));
#5283 = ( GEOMETRIC_REPRESENTATION_CONTEXT(2) 
PARAMETRIC_REPRESENTATION_CONTEXT() REPRESENTATION_CONTEXT('2D SPACE',''
  ) );
#5284 = ADVANCED_FACE('',(#5285),#896,.T.);
#5285 = FACE_BOUND('',#5286,.T.);
#5286 = EDGE_LOOP('',(#5287,#5288,#5309,#5310));
#5287 = ORIENTED_EDGE('',*,*,#1051,.T.);
#5288 = ORIENTED_EDGE('',*,*,#5289,.T.);
#5289 = EDGE_CURVE('',#1028,#853,#5290,.T.);
#5290 = SURFACE_CURVE('',#5291,(#5295,#5302),.PCURVE_S1.);
#5291 = LINE('',#5292,#5293);
#5292 = CARTESIAN_POINT('',(26.349393655921,-8.879019473493,-13.));
#5293 = VECTOR('',#5294,1.);
#5294 = DIRECTION('',(-1.28931872002E-18,1.153367983869E-17,1.));
#5295 = PCURVE('',#896,#5296);
#5296 = DEFINITIONAL_REPRESENTATION('',(#5297),#5301);
#5297 = LINE('',#5298,#5299);
#5298 = CARTESIAN_POINT('',(6.28318530718,0.));
#5299 = VECTOR('',#5300,1.);
#5300 = DIRECTION('',(0.,1.));
#5301 = ( GEOMETRIC_REPRESENTATION_CONTEXT(2) 
PARAMETRIC_REPRESENTATION_CONTEXT() REPRESENTATION_CONTEXT('2D SPACE',''
  ) );
#5302 = PCURVE('',#5105,#5303);
#5303 = DEFINITIONAL_REPRESENTATION('',(#5304),#5308);
#5304 = LINE('',#5305,#5306);
#5305 = CARTESIAN_POINT('',(0.,0.));
#5306 = VECTOR('',#5307,1.);
#5307 = DIRECTION('',(0.,1.));
#5308 = ( GEOMETRIC_REPRESENTATION_CONTEXT(2) 
PARAMETRIC_REPRESENTATION_CONTEXT() REPRESENTATION_CONTEXT('2D SPACE',''
  ) );
#5309 = ORIENTED_EDGE('',*,*,#850,.F.);
#5310 = ORIENTED_EDGE('',*,*,#5311,.T.);
#5311 = EDGE_CURVE('',#851,#1052,#5312,.T.);
#5312 = SURFACE_CURVE('',#5313,(#5317,#5324),.PCURVE_S1.);
#5313 = LINE('',#5314,#5315);
#5314 = CARTESIAN_POINT('',(26.534450522138,-9.115142230266,-9.));
#5315 = VECTOR('',#5316,1.);
#5316 = DIRECTION('',(1.28931872002E-18,-1.153367983869E-17,-1.));
#5317 = PCURVE('',#896,#5318);
#5318 = DEFINITIONAL_REPRESENTATION('',(#5319),#5323);
#5319 = LINE('',#5320,#5321);
#5320 = CARTESIAN_POINT('',(4.996183089593,4.));
#5321 = VECTOR('',#5322,1.);
#5322 = DIRECTION('',(0.,-1.));
#5323 = ( GEOMETRIC_REPRESENTATION_CONTEXT(2) 
PARAMETRIC_REPRESENTATION_CONTEXT() REPRESENTATION_CONTEXT('2D SPACE',''
  ) );
#5324 = PCURVE('',#5325,#5330);
#5325 = CYLINDRICAL_SURFACE('',#5326,0.25);
#5326 = AXIS2_PLACEMENT_3D('',#5327,#5328,#5329);
#5327 = CARTESIAN_POINT('',(26.748057553107,-9.245034633126,-13.));
#5328 = DIRECTION('',(-1.28931872002E-18,1.153367983869E-17,1.));
#5329 = DIRECTION('',(0.259546952295,0.965730490124,-1.080378753923E-17)
  );
#5330 = DEFINITIONAL_REPRESENTATION('',(#5331),#5335);
#5331 = LINE('',#5332,#5333);
#5332 = CARTESIAN_POINT('',(1.287002217587,4.));
#5333 = VECTOR('',#5334,1.);
#5334 = DIRECTION('',(0.,-1.));
#5335 = ( GEOMETRIC_REPRESENTATION_CONTEXT(2) 
PARAMETRIC_REPRESENTATION_CONTEXT() REPRESENTATION_CONTEXT('2D SPACE',''
  ) );
#5336 = ADVANCED_FACE('',(#5337),#949,.T.);
#5337 = FACE_BOUND('',#5338,.T.);
#5338 = EDGE_LOOP('',(#5339,#5340,#5361,#5362));
#5339 = ORIENTED_EDGE('',*,*,#932,.T.);
#5340 = ORIENTED_EDGE('',*,*,#5341,.T.);
#5341 = EDGE_CURVE('',#909,#1108,#5342,.T.);
#5342 = SURFACE_CURVE('',#5343,(#5347,#5354),.PCURVE_S1.);
#5343 = LINE('',#5344,#5345);
#5344 = CARTESIAN_POINT('',(26.466189784454,-8.444440752938,-4.55));
#5345 = VECTOR('',#5346,1.);
#5346 = DIRECTION('',(0.259546952295,0.965730490124,-4.564996783438E-16)
  );
#5347 = PCURVE('',#949,#5348);
#5348 = DEFINITIONAL_REPRESENTATION('',(#5349),#5353);
#5349 = LINE('',#5350,#5351);
#5350 = CARTESIAN_POINT('',(6.28318530718,0.));
#5351 = VECTOR('',#5352,1.);
#5352 = DIRECTION('',(0.,1.));
#5353 = ( GEOMETRIC_REPRESENTATION_CONTEXT(2) 
PARAMETRIC_REPRESENTATION_CONTEXT() REPRESENTATION_CONTEXT('2D SPACE',''
  ) );
#5354 = PCURVE('',#5189,#5355);
#5355 = DEFINITIONAL_REPRESENTATION('',(#5356),#5360);
#5356 = LINE('',#5357,#5358);
#5357 = CARTESIAN_POINT('',(0.,0.));
#5358 = VECTOR('',#5359,1.);
#5359 = DIRECTION('',(0.,1.));
#5360 = ( GEOMETRIC_REPRESENTATION_CONTEXT(2) 
PARAMETRIC_REPRESENTATION_CONTEXT() REPRESENTATION_CONTEXT('2D SPACE',''
  ) );
#5361 = ORIENTED_EDGE('',*,*,#1105,.F.);
#5362 = ORIENTED_EDGE('',*,*,#5363,.T.);
#5363 = EDGE_CURVE('',#1106,#933,#5364,.T.);
#5364 = SURFACE_CURVE('',#5365,(#5369,#5376),.PCURVE_S1.);
#5365 = LINE('',#5366,#5367);
#5366 = CARTESIAN_POINT('',(27.031699660017,-7.264961947308,-4.37));
#5367 = VECTOR('',#5368,1.);
#5368 = DIRECTION('',(-0.259546952295,-0.965730490124,4.564996783438E-16
    ));
#5369 = PCURVE('',#949,#5370);
#5370 = DEFINITIONAL_REPRESENTATION('',(#5371),#5375);
#5371 = LINE('',#5372,#5373);
#5372 = CARTESIAN_POINT('',(4.996183089593,1.285835009746));
#5373 = VECTOR('',#5374,1.);
#5374 = DIRECTION('',(1.381481158886E-15,-1.));
#5375 = ( GEOMETRIC_REPRESENTATION_CONTEXT(2) 
PARAMETRIC_REPRESENTATION_CONTEXT() REPRESENTATION_CONTEXT('2D SPACE',''
  ) );
#5376 = PCURVE('',#5377,#5382);
#5377 = CYLINDRICAL_SURFACE('',#5378,0.25);
#5378 = AXIS2_PLACEMENT_3D('',#5379,#5380,#5381);
#5379 = CARTESIAN_POINT('',(26.929740419713,-8.569023290039,-4.3));
#5380 = DIRECTION('',(0.259546952295,0.965730490124,-4.564996783438E-16)
  );
#5381 = DIRECTION('',(-1.143896913886E-16,-4.419557909115E-16,-1.));
#5382 = DEFINITIONAL_REPRESENTATION('',(#5383),#5387);
#5383 = LINE('',#5384,#5385);
#5384 = CARTESIAN_POINT('',(1.287002217587,1.285835009746));
#5385 = VECTOR('',#5386,1.);
#5386 = DIRECTION('',(-1.295138586455E-15,-1.));
#5387 = ( GEOMETRIC_REPRESENTATION_CONTEXT(2) 
PARAMETRIC_REPRESENTATION_CONTEXT() REPRESENTATION_CONTEXT('2D SPACE',''
  ) );
#5388 = ADVANCED_FACE('',(#5389),#1177,.T.);
#5389 = FACE_BOUND('',#5390,.T.);
#5390 = EDGE_LOOP('',(#5391,#5392,#5413,#5414));
#5391 = ORIENTED_EDGE('',*,*,#1160,.T.);
#5392 = ORIENTED_EDGE('',*,*,#5393,.T.);
#5393 = EDGE_CURVE('',#1137,#1222,#5394,.T.);
#5394 = SURFACE_CURVE('',#5395,(#5399,#5406),.PCURVE_S1.);
#5395 = LINE('',#5396,#5397);
#5396 = CARTESIAN_POINT('',(27.250455028853,-5.526321884021,-5.));
#5397 = VECTOR('',#5398,1.);
#5398 = DIRECTION('',(-1.278074975698E-17,-6.388603461007E-17,-1.));
#5399 = PCURVE('',#1177,#5400);
#5400 = DEFINITIONAL_REPRESENTATION('',(#5401),#5405);
#5401 = LINE('',#5402,#5403);
#5402 = CARTESIAN_POINT('',(6.28318530718,9.334985001348E-32));
#5403 = VECTOR('',#5404,1.);
#5404 = DIRECTION('',(0.,1.));
#5405 = ( GEOMETRIC_REPRESENTATION_CONTEXT(2) 
PARAMETRIC_REPRESENTATION_CONTEXT() REPRESENTATION_CONTEXT('2D SPACE',''
  ) );
#5406 = PCURVE('',#5273,#5407);
#5407 = DEFINITIONAL_REPRESENTATION('',(#5408),#5412);
#5408 = LINE('',#5409,#5410);
#5409 = CARTESIAN_POINT('',(0.,9.334985001348E-32));
#5410 = VECTOR('',#5411,1.);
#5411 = DIRECTION('',(0.,1.));
#5412 = ( GEOMETRIC_REPRESENTATION_CONTEXT(2) 
PARAMETRIC_REPRESENTATION_CONTEXT() REPRESENTATION_CONTEXT('2D SPACE',''
  ) );
#5413 = ORIENTED_EDGE('',*,*,#1219,.F.);
#5414 = ORIENTED_EDGE('',*,*,#5415,.T.);
#5415 = EDGE_CURVE('',#1220,#1161,#5416,.T.);
#5416 = SURFACE_CURVE('',#5417,(#5421,#5428),.PCURVE_S1.);
#5417 = LINE('',#5418,#5419);
#5418 = CARTESIAN_POINT('',(27.528948797896,-5.414781664349,-9.));
#5419 = VECTOR('',#5420,1.);
#5420 = DIRECTION('',(1.278074975698E-17,6.388603461007E-17,1.));
#5421 = PCURVE('',#1177,#5422);
#5422 = DEFINITIONAL_REPRESENTATION('',(#5423),#5427);
#5423 = LINE('',#5424,#5425);
#5424 = CARTESIAN_POINT('',(4.996183089593,4.));
#5425 = VECTOR('',#5426,1.);
#5426 = DIRECTION('',(0.,-1.));
#5427 = ( GEOMETRIC_REPRESENTATION_CONTEXT(2) 
PARAMETRIC_REPRESENTATION_CONTEXT() REPRESENTATION_CONTEXT('2D SPACE',''
  ) );
#5428 = PCURVE('',#5429,#5434);
#5429 = CYLINDRICAL_SURFACE('',#5430,0.25);
#5430 = AXIS2_PLACEMENT_3D('',#5431,#5432,#5433);
#5431 = CARTESIAN_POINT('',(27.778892402186,-5.409471798591,-5.));
#5432 = DIRECTION('',(-1.278074975698E-17,-6.388603461007E-17,-1.));
#5433 = DIRECTION('',(-0.259546952295,-0.965730490124,6.50138961635E-17)
  );
#5434 = DEFINITIONAL_REPRESENTATION('',(#5435),#5439);
#5435 = LINE('',#5436,#5437);
#5436 = CARTESIAN_POINT('',(1.287002217587,4.));
#5437 = VECTOR('',#5438,1.);
#5438 = DIRECTION('',(0.,-1.));
#5439 = ( GEOMETRIC_REPRESENTATION_CONTEXT(2) 
PARAMETRIC_REPRESENTATION_CONTEXT() REPRESENTATION_CONTEXT('2D SPACE',''
  ) );
#5440 = ADVANCED_FACE('',(#5441),#1374,.T.);
#5441 = FACE_BOUND('',#5442,.T.);
#5442 = EDGE_LOOP('',(#5443,#5444,#5465,#5466));
#5443 = ORIENTED_EDGE('',*,*,#1529,.T.);
#5444 = ORIENTED_EDGE('',*,*,#5445,.T.);
#5445 = EDGE_CURVE('',#1506,#1331,#5446,.T.);
#5446 = SURFACE_CURVE('',#5447,(#5451,#5458),.PCURVE_S1.);
#5447 = LINE('',#5448,#5449);
#5448 = CARTESIAN_POINT('',(26.81294429118,-9.003602010595,-13.));
#5449 = VECTOR('',#5450,1.);
#5450 = DIRECTION('',(-1.28931872002E-18,1.153367983869E-17,1.));
#5451 = PCURVE('',#1374,#5452);
#5452 = DEFINITIONAL_REPRESENTATION('',(#5453),#5457);
#5453 = LINE('',#5454,#5455);
#5454 = CARTESIAN_POINT('',(6.28318530718,0.));
#5455 = VECTOR('',#5456,1.);
#5456 = DIRECTION('',(0.,1.));
#5457 = ( GEOMETRIC_REPRESENTATION_CONTEXT(2) 
PARAMETRIC_REPRESENTATION_CONTEXT() REPRESENTATION_CONTEXT('2D SPACE',''
  ) );
#5458 = PCURVE('',#5325,#5459);
#5459 = DEFINITIONAL_REPRESENTATION('',(#5460),#5464);
#5460 = LINE('',#5461,#5462);
#5461 = CARTESIAN_POINT('',(0.,0.));
#5462 = VECTOR('',#5463,1.);
#5463 = DIRECTION('',(0.,1.));
#5464 = ( GEOMETRIC_REPRESENTATION_CONTEXT(2) 
PARAMETRIC_REPRESENTATION_CONTEXT() REPRESENTATION_CONTEXT('2D SPACE',''
  ) );
#5465 = ORIENTED_EDGE('',*,*,#1328,.F.);
#5466 = ORIENTED_EDGE('',*,*,#5467,.T.);
#5467 = EDGE_CURVE('',#1329,#1530,#5468,.T.);
#5468 = SURFACE_CURVE('',#5469,(#5473,#5480),.PCURVE_S1.);
#5469 = LINE('',#5470,#5471);
#5470 = CARTESIAN_POINT('',(26.998001157397,-9.239724767368,-9.));
#5471 = VECTOR('',#5472,1.);
#5472 = DIRECTION('',(1.28931872002E-18,-1.153367983869E-17,-1.));
#5473 = PCURVE('',#1374,#5474);
#5474 = DEFINITIONAL_REPRESENTATION('',(#5475),#5479);
#5475 = LINE('',#5476,#5477);
#5476 = CARTESIAN_POINT('',(4.996183089593,4.));
#5477 = VECTOR('',#5478,1.);
#5478 = DIRECTION('',(0.,-1.));
#5479 = ( GEOMETRIC_REPRESENTATION_CONTEXT(2) 
PARAMETRIC_REPRESENTATION_CONTEXT() REPRESENTATION_CONTEXT('2D SPACE',''
  ) );
#5480 = PCURVE('',#5481,#5486);
#5481 = CYLINDRICAL_SURFACE('',#5482,0.25);
#5482 = AXIS2_PLACEMENT_3D('',#5483,#5484,#5485);
#5483 = CARTESIAN_POINT('',(27.211608188366,-9.369617170227,-13.));
#5484 = DIRECTION('',(-1.28931872002E-18,1.153367983869E-17,1.));
#5485 = DIRECTION('',(0.259546952295,0.965730490124,-1.080378753923E-17)
  );
#5486 = DEFINITIONAL_REPRESENTATION('',(#5487),#5491);
#5487 = LINE('',#5488,#5489);
#5488 = CARTESIAN_POINT('',(1.287002217587,4.));
#5489 = VECTOR('',#5490,1.);
#5490 = DIRECTION('',(0.,-1.));
#5491 = ( GEOMETRIC_REPRESENTATION_CONTEXT(2) 
PARAMETRIC_REPRESENTATION_CONTEXT() REPRESENTATION_CONTEXT('2D SPACE',''
  ) );
#5492 = ADVANCED_FACE('',(#5493),#1427,.T.);
#5493 = FACE_BOUND('',#5494,.T.);
#5494 = EDGE_LOOP('',(#5495,#5496,#5517,#5518));
#5495 = ORIENTED_EDGE('',*,*,#1410,.T.);
#5496 = ORIENTED_EDGE('',*,*,#5497,.T.);
#5497 = EDGE_CURVE('',#1387,#1586,#5498,.T.);
#5498 = SURFACE_CURVE('',#5499,(#5503,#5510),.PCURVE_S1.);
#5499 = LINE('',#5500,#5501);
#5500 = CARTESIAN_POINT('',(26.929740419713,-8.569023290039,-4.55));
#5501 = VECTOR('',#5502,1.);
#5502 = DIRECTION('',(0.259546952295,0.965730490124,-4.564996783438E-16)
  );
#5503 = PCURVE('',#1427,#5504);
#5504 = DEFINITIONAL_REPRESENTATION('',(#5505),#5509);
#5505 = LINE('',#5506,#5507);
#5506 = CARTESIAN_POINT('',(6.28318530718,0.));
#5507 = VECTOR('',#5508,1.);
#5508 = DIRECTION('',(0.,1.));
#5509 = ( GEOMETRIC_REPRESENTATION_CONTEXT(2) 
PARAMETRIC_REPRESENTATION_CONTEXT() REPRESENTATION_CONTEXT('2D SPACE',''
  ) );
#5510 = PCURVE('',#5377,#5511);
#5511 = DEFINITIONAL_REPRESENTATION('',(#5512),#5516);
#5512 = LINE('',#5513,#5514);
#5513 = CARTESIAN_POINT('',(0.,0.));
#5514 = VECTOR('',#5515,1.);
#5515 = DIRECTION('',(0.,1.));
#5516 = ( GEOMETRIC_REPRESENTATION_CONTEXT(2) 
PARAMETRIC_REPRESENTATION_CONTEXT() REPRESENTATION_CONTEXT('2D SPACE',''
  ) );
#5517 = ORIENTED_EDGE('',*,*,#1583,.F.);
#5518 = ORIENTED_EDGE('',*,*,#5519,.T.);
#5519 = EDGE_CURVE('',#1584,#1411,#5520,.T.);
#5520 = SURFACE_CURVE('',#5521,(#5525,#5532),.PCURVE_S1.);
#5521 = LINE('',#5522,#5523);
#5522 = CARTESIAN_POINT('',(27.495250295276,-7.389544484409,-4.37));
#5523 = VECTOR('',#5524,1.);
#5524 = DIRECTION('',(-0.259546952295,-0.965730490124,4.564996783438E-16
    ));
#5525 = PCURVE('',#1427,#5526);
#5526 = DEFINITIONAL_REPRESENTATION('',(#5527),#5531);
#5527 = LINE('',#5528,#5529);
#5528 = CARTESIAN_POINT('',(4.996183089593,1.285835009746));
#5529 = VECTOR('',#5530,1.);
#5530 = DIRECTION('',(1.381481158886E-15,-1.));
#5531 = ( GEOMETRIC_REPRESENTATION_CONTEXT(2) 
PARAMETRIC_REPRESENTATION_CONTEXT() REPRESENTATION_CONTEXT('2D SPACE',''
  ) );
#5532 = PCURVE('',#5533,#5538);
#5533 = CYLINDRICAL_SURFACE('',#5534,0.25);
#5534 = AXIS2_PLACEMENT_3D('',#5535,#5536,#5537);
#5535 = CARTESIAN_POINT('',(27.393291054972,-8.693605827141,-4.3));
#5536 = DIRECTION('',(0.259546952295,0.965730490124,-4.564996783438E-16)
  );
#5537 = DIRECTION('',(-1.143896913886E-16,-4.419557909115E-16,-1.));
#5538 = DEFINITIONAL_REPRESENTATION('',(#5539),#5543);
#5539 = LINE('',#5540,#5541);
#5540 = CARTESIAN_POINT('',(1.287002217587,1.285835009746));
#5541 = VECTOR('',#5542,1.);
#5542 = DIRECTION('',(-1.381481158886E-15,-1.));
#5543 = ( GEOMETRIC_REPRESENTATION_CONTEXT(2) 
PARAMETRIC_REPRESENTATION_CONTEXT() REPRESENTATION_CONTEXT('2D SPACE',''
  ) );
#5544 = ADVANCED_FACE('',(#5545),#1655,.T.);
#5545 = FACE_BOUND('',#5546,.T.);
#5546 = EDGE_LOOP('',(#5547,#5548,#5569,#5570));
#5547 = ORIENTED_EDGE('',*,*,#1638,.T.);
#5548 = ORIENTED_EDGE('',*,*,#5549,.T.);
#5549 = EDGE_CURVE('',#1615,#1700,#5550,.T.);
#5550 = SURFACE_CURVE('',#5551,(#5555,#5562),.PCURVE_S1.);
#5551 = LINE('',#5552,#5553);
#5552 = CARTESIAN_POINT('',(27.714005664113,-5.650904421122,-5.));
#5553 = VECTOR('',#5554,1.);
#5554 = DIRECTION('',(-1.278074975698E-17,-6.388603461007E-17,-1.));
#5555 = PCURVE('',#1655,#5556);
#5556 = DEFINITIONAL_REPRESENTATION('',(#5557),#5561);
#5557 = LINE('',#5558,#5559);
#5558 = CARTESIAN_POINT('',(6.28318530718,0.));
#5559 = VECTOR('',#5560,1.);
#5560 = DIRECTION('',(0.,1.));
#5561 = ( GEOMETRIC_REPRESENTATION_CONTEXT(2) 
PARAMETRIC_REPRESENTATION_CONTEXT() REPRESENTATION_CONTEXT('2D SPACE',''
  ) );
#5562 = PCURVE('',#5429,#5563);
#5563 = DEFINITIONAL_REPRESENTATION('',(#5564),#5568);
#5564 = LINE('',#5565,#5566);
#5565 = CARTESIAN_POINT('',(0.,0.));
#5566 = VECTOR('',#5567,1.);
#5567 = DIRECTION('',(0.,1.));
#5568 = ( GEOMETRIC_REPRESENTATION_CONTEXT(2) 
PARAMETRIC_REPRESENTATION_CONTEXT() REPRESENTATION_CONTEXT('2D SPACE',''
  ) );
#5569 = ORIENTED_EDGE('',*,*,#1697,.F.);
#5570 = ORIENTED_EDGE('',*,*,#5571,.T.);
#5571 = EDGE_CURVE('',#1698,#1639,#5572,.T.);
#5572 = SURFACE_CURVE('',#5573,(#5577,#5584),.PCURVE_S1.);
#5573 = LINE('',#5574,#5575);
#5574 = CARTESIAN_POINT('',(27.992499433155,-5.539364201451,-9.));
#5575 = VECTOR('',#5576,1.);
#5576 = DIRECTION('',(1.278074975698E-17,6.388603461007E-17,1.));
#5577 = PCURVE('',#1655,#5578);
#5578 = DEFINITIONAL_REPRESENTATION('',(#5579),#5583);
#5579 = LINE('',#5580,#5581);
#5580 = CARTESIAN_POINT('',(4.996183089593,4.));
#5581 = VECTOR('',#5582,1.);
#5582 = DIRECTION('',(0.,-1.));
#5583 = ( GEOMETRIC_REPRESENTATION_CONTEXT(2) 
PARAMETRIC_REPRESENTATION_CONTEXT() REPRESENTATION_CONTEXT('2D SPACE',''
  ) );
#5584 = PCURVE('',#5585,#5590);
#5585 = CYLINDRICAL_SURFACE('',#5586,0.25);
#5586 = AXIS2_PLACEMENT_3D('',#5587,#5588,#5589);
#5587 = CARTESIAN_POINT('',(28.242443037446,-5.534054335693,-5.));
#5588 = DIRECTION('',(-1.278074975698E-17,-6.388603461007E-17,-1.));
#5589 = DIRECTION('',(-0.259546952295,-0.965730490124,6.50138961635E-17)
  );
#5590 = DEFINITIONAL_REPRESENTATION('',(#5591),#5595);
#5591 = LINE('',#5592,#5593);
#5592 = CARTESIAN_POINT('',(1.287002217587,4.));
#5593 = VECTOR('',#5594,1.);
#5594 = DIRECTION('',(0.,-1.));
#5595 = ( GEOMETRIC_REPRESENTATION_CONTEXT(2) 
PARAMETRIC_REPRESENTATION_CONTEXT() REPRESENTATION_CONTEXT('2D SPACE',''
  ) );
#5596 = ADVANCED_FACE('',(#5597),#1852,.T.);
#5597 = FACE_BOUND('',#5598,.T.);
#5598 = EDGE_LOOP('',(#5599,#5600,#5621,#5622));
#5599 = ORIENTED_EDGE('',*,*,#2007,.T.);
#5600 = ORIENTED_EDGE('',*,*,#5601,.T.);
#5601 = EDGE_CURVE('',#1984,#1809,#5602,.T.);
#5602 = SURFACE_CURVE('',#5603,(#5607,#5614),.PCURVE_S1.);
#5603 = LINE('',#5604,#5605);
#5604 = CARTESIAN_POINT('',(27.27649492644,-9.128184547696,-13.));
#5605 = VECTOR('',#5606,1.);
#5606 = DIRECTION('',(-1.28931872002E-18,1.153367983869E-17,1.));
#5607 = PCURVE('',#1852,#5608);
#5608 = DEFINITIONAL_REPRESENTATION('',(#5609),#5613);
#5609 = LINE('',#5610,#5611);
#5610 = CARTESIAN_POINT('',(6.28318530718,0.));
#5611 = VECTOR('',#5612,1.);
#5612 = DIRECTION('',(0.,1.));
#5613 = ( GEOMETRIC_REPRESENTATION_CONTEXT(2) 
PARAMETRIC_REPRESENTATION_CONTEXT() REPRESENTATION_CONTEXT('2D SPACE',''
  ) );
#5614 = PCURVE('',#5481,#5615);
#5615 = DEFINITIONAL_REPRESENTATION('',(#5616),#5620);
#5616 = LINE('',#5617,#5618);
#5617 = CARTESIAN_POINT('',(0.,0.));
#5618 = VECTOR('',#5619,1.);
#5619 = DIRECTION('',(0.,1.));
#5620 = ( GEOMETRIC_REPRESENTATION_CONTEXT(2) 
PARAMETRIC_REPRESENTATION_CONTEXT() REPRESENTATION_CONTEXT('2D SPACE',''
  ) );
#5621 = ORIENTED_EDGE('',*,*,#1806,.F.);
#5622 = ORIENTED_EDGE('',*,*,#5623,.T.);
#5623 = EDGE_CURVE('',#1807,#2008,#5624,.T.);
#5624 = SURFACE_CURVE('',#5625,(#5629,#5636),.PCURVE_S1.);
#5625 = LINE('',#5626,#5627);
#5626 = CARTESIAN_POINT('',(27.461551792656,-9.364307304469,-9.));
#5627 = VECTOR('',#5628,1.);
#5628 = DIRECTION('',(1.28931872002E-18,-1.153367983869E-17,-1.));
#5629 = PCURVE('',#1852,#5630);
#5630 = DEFINITIONAL_REPRESENTATION('',(#5631),#5635);
#5631 = LINE('',#5632,#5633);
#5632 = CARTESIAN_POINT('',(4.996183089593,4.));
#5633 = VECTOR('',#5634,1.);
#5634 = DIRECTION('',(0.,-1.));
#5635 = ( GEOMETRIC_REPRESENTATION_CONTEXT(2) 
PARAMETRIC_REPRESENTATION_CONTEXT() REPRESENTATION_CONTEXT('2D SPACE',''
  ) );
#5636 = PCURVE('',#5637,#5642);
#5637 = CYLINDRICAL_SURFACE('',#5638,0.25);
#5638 = AXIS2_PLACEMENT_3D('',#5639,#5640,#5641);
#5639 = CARTESIAN_POINT('',(27.675158823625,-9.494199707329,-13.));
#5640 = DIRECTION('',(-1.28931872002E-18,1.153367983869E-17,1.));
#5641 = DIRECTION('',(0.259546952295,0.965730490124,-1.080378753923E-17)
  );
#5642 = DEFINITIONAL_REPRESENTATION('',(#5643),#5647);
#5643 = LINE('',#5644,#5645);
#5644 = CARTESIAN_POINT('',(1.287002217587,4.));
#5645 = VECTOR('',#5646,1.);
#5646 = DIRECTION('',(0.,-1.));
#5647 = ( GEOMETRIC_REPRESENTATION_CONTEXT(2) 
PARAMETRIC_REPRESENTATION_CONTEXT() REPRESENTATION_CONTEXT('2D SPACE',''
  ) );
#5648 = ADVANCED_FACE('',(#5649),#1905,.T.);
#5649 = FACE_BOUND('',#5650,.T.);
#5650 = EDGE_LOOP('',(#5651,#5652,#5695,#5696));
#5651 = ORIENTED_EDGE('',*,*,#1888,.T.);
#5652 = ORIENTED_EDGE('',*,*,#5653,.T.);
#5653 = EDGE_CURVE('',#1865,#2064,#5654,.T.);
#5654 = SURFACE_CURVE('',#5655,(#5659,#5666),.PCURVE_S1.);
#5655 = LINE('',#5656,#5657);
#5656 = CARTESIAN_POINT('',(27.393291054972,-8.693605827141,-4.55));
#5657 = VECTOR('',#5658,1.);
#5658 = DIRECTION('',(0.259546952295,0.965730490124,-4.564996783438E-16)
  );
#5659 = PCURVE('',#1905,#5660);
#5660 = DEFINITIONAL_REPRESENTATION('',(#5661),#5665);
#5661 = LINE('',#5662,#5663);
#5662 = CARTESIAN_POINT('',(6.28318530718,0.));
#5663 = VECTOR('',#5664,1.);
#5664 = DIRECTION('',(0.,1.));
#5665 = ( GEOMETRIC_REPRESENTATION_CONTEXT(2) 
PARAMETRIC_REPRESENTATION_CONTEXT() REPRESENTATION_CONTEXT('2D SPACE',''
  ) );
#5666 = PCURVE('',#5533,#5667);
#5667 = DEFINITIONAL_REPRESENTATION('',(#5668),#5694);
#5668 = B_SPLINE_CURVE_WITH_KNOTS('',3,(#5669,#5670,#5671,#5672,#5673,
    #5674,#5675,#5676,#5677,#5678,#5679,#5680,#5681,#5682,#5683,#5684,
    #5685,#5686,#5687,#5688,#5689,#5690,#5691,#5692,#5693),
  .UNSPECIFIED.,.F.,.F.,(4,1,1,1,1,1,1,1,1,1,1,1,1,1,1,1,1,1,1,1,1,1,4),
  (-0.,0.116894091795,0.23378818359,0.350682275385,0.467576367181,
    0.584470458976,0.701364550771,0.818258642566,0.935152734361,
    1.052046826156,1.168940917951,1.285835009746,1.402729101542,
    1.519623193337,1.636517285132,1.753411376927,1.870305468722,
    1.987199560517,2.104093652312,2.220987744108,2.337881835903,
    2.454775927698,2.571670019493),.QUASI_UNIFORM_KNOTS.);
#5669 = CARTESIAN_POINT('',(0.,0.));
#5670 = CARTESIAN_POINT('',(5.329070518201E-15,3.896469726504E-02));
#5671 = CARTESIAN_POINT('',(2.6645352591E-15,0.116894091795));
#5672 = CARTESIAN_POINT('',(-1.95399252334E-14,0.23378818359));
#5673 = CARTESIAN_POINT('',(-1.59872115546E-14,0.350682275385));
#5674 = CARTESIAN_POINT('',(1.7763568394E-15,0.467576367181));
#5675 = CARTESIAN_POINT('',(6.217248937901E-15,0.584470458976));
#5676 = CARTESIAN_POINT('',(-2.57571741713E-14,0.701364550771));
#5677 = CARTESIAN_POINT('',(7.105427357601E-15,0.818258642566));
#5678 = CARTESIAN_POINT('',(-4.440892098501E-15,0.935152734361));
#5679 = CARTESIAN_POINT('',(6.217248937901E-15,1.052046826156));
#5680 = CARTESIAN_POINT('',(-2.48689957516E-14,1.168940917951));
#5681 = CARTESIAN_POINT('',(4.440892098501E-15,1.285835009746));
#5682 = CARTESIAN_POINT('',(2.6645352591E-15,1.402729101542));
#5683 = CARTESIAN_POINT('',(-2.30926389122E-14,1.519623193337));
#5684 = CARTESIAN_POINT('',(6.217248937901E-15,1.636517285132));
#5685 = CARTESIAN_POINT('',(-3.552713678801E-15,1.753411376927));
#5686 = CARTESIAN_POINT('',(7.105427357601E-15,1.870305468722));
#5687 = CARTESIAN_POINT('',(-2.39808173319E-14,1.987199560517));
#5688 = CARTESIAN_POINT('',(5.329070518201E-15,2.104093652312));
#5689 = CARTESIAN_POINT('',(4.440892098501E-15,2.220987744108));
#5690 = CARTESIAN_POINT('',(-1.95399252334E-14,2.337881835903));
#5691 = CARTESIAN_POINT('',(-1.50990331349E-14,2.454775927698));
#5692 = CARTESIAN_POINT('',(-6.217248937901E-15,2.532705322228));
#5693 = CARTESIAN_POINT('',(0.,2.571670019493));
#5694 = ( GEOMETRIC_REPRESENTATION_CONTEXT(2) 
PARAMETRIC_REPRESENTATION_CONTEXT() REPRESENTATION_CONTEXT('2D SPACE',''
  ) );
#5695 = ORIENTED_EDGE('',*,*,#2061,.F.);
#5696 = ORIENTED_EDGE('',*,*,#5697,.T.);
#5697 = EDGE_CURVE('',#2062,#1889,#5698,.T.);
#5698 = SURFACE_CURVE('',#5699,(#5703,#5710),.PCURVE_S1.);
#5699 = LINE('',#5700,#5701);
#5700 = CARTESIAN_POINT('',(27.958800930536,-7.514127021511,-4.37));
#5701 = VECTOR('',#5702,1.);
#5702 = DIRECTION('',(-0.259546952295,-0.965730490124,4.564996783438E-16
    ));
#5703 = PCURVE('',#1905,#5704);
#5704 = DEFINITIONAL_REPRESENTATION('',(#5705),#5709);
#5705 = LINE('',#5706,#5707);
#5706 = CARTESIAN_POINT('',(4.996183089593,1.285835009746));
#5707 = VECTOR('',#5708,1.);
#5708 = DIRECTION('',(1.381481158886E-15,-1.));
#5709 = ( GEOMETRIC_REPRESENTATION_CONTEXT(2) 
PARAMETRIC_REPRESENTATION_CONTEXT() REPRESENTATION_CONTEXT('2D SPACE',''
  ) );
#5710 = PCURVE('',#5711,#5716);
#5711 = CYLINDRICAL_SURFACE('',#5712,0.25);
#5712 = AXIS2_PLACEMENT_3D('',#5713,#5714,#5715);
#5713 = CARTESIAN_POINT('',(27.856841690232,-8.818188364242,-4.3));
#5714 = DIRECTION('',(0.259546952295,0.965730490124,-4.564996783438E-16)
  );
#5715 = DIRECTION('',(-1.143896913886E-16,-4.419557909115E-16,-1.));
#5716 = DEFINITIONAL_REPRESENTATION('',(#5717),#5721);
#5717 = LINE('',#5718,#5719);
#5718 = CARTESIAN_POINT('',(1.287002217587,1.285835009746));
#5719 = VECTOR('',#5720,1.);
#5720 = DIRECTION('',(-1.381481158886E-15,-1.));
#5721 = ( GEOMETRIC_REPRESENTATION_CONTEXT(2) 
PARAMETRIC_REPRESENTATION_CONTEXT() REPRESENTATION_CONTEXT('2D SPACE',''
  ) );
#5722 = ADVANCED_FACE('',(#5723),#2133,.T.);
#5723 = FACE_BOUND('',#5724,.T.);
#5724 = EDGE_LOOP('',(#5725,#5726,#5747,#5748));
#5725 = ORIENTED_EDGE('',*,*,#2116,.T.);
#5726 = ORIENTED_EDGE('',*,*,#5727,.T.);
#5727 = EDGE_CURVE('',#2093,#2178,#5728,.T.);
#5728 = SURFACE_CURVE('',#5729,(#5733,#5740),.PCURVE_S1.);
#5729 = LINE('',#5730,#5731);
#5730 = CARTESIAN_POINT('',(28.177556299372,-5.775486958224,-5.));
#5731 = VECTOR('',#5732,1.);
#5732 = DIRECTION('',(-1.278074975698E-17,-6.388603461007E-17,-1.));
#5733 = PCURVE('',#2133,#5734);
#5734 = DEFINITIONAL_REPRESENTATION('',(#5735),#5739);
#5735 = LINE('',#5736,#5737);
#5736 = CARTESIAN_POINT('',(6.28318530718,9.334985001348E-32));
#5737 = VECTOR('',#5738,1.);
#5738 = DIRECTION('',(0.,1.));
#5739 = ( GEOMETRIC_REPRESENTATION_CONTEXT(2) 
PARAMETRIC_REPRESENTATION_CONTEXT() REPRESENTATION_CONTEXT('2D SPACE',''
  ) );
#5740 = PCURVE('',#5585,#5741);
#5741 = DEFINITIONAL_REPRESENTATION('',(#5742),#5746);
#5742 = LINE('',#5743,#5744);
#5743 = CARTESIAN_POINT('',(0.,9.334985001348E-32));
#5744 = VECTOR('',#5745,1.);
#5745 = DIRECTION('',(0.,1.));
#5746 = ( GEOMETRIC_REPRESENTATION_CONTEXT(2) 
PARAMETRIC_REPRESENTATION_CONTEXT() REPRESENTATION_CONTEXT('2D SPACE',''
  ) );
#5747 = ORIENTED_EDGE('',*,*,#2175,.F.);
#5748 = ORIENTED_EDGE('',*,*,#5749,.T.);
#5749 = EDGE_CURVE('',#2176,#2117,#5750,.T.);
#5750 = SURFACE_CURVE('',#5751,(#5755,#5762),.PCURVE_S1.);
#5751 = LINE('',#5752,#5753);
#5752 = CARTESIAN_POINT('',(28.456050068415,-5.663946738552,-9.));
#5753 = VECTOR('',#5754,1.);
#5754 = DIRECTION('',(1.278074975698E-17,6.388603461007E-17,1.));
#5755 = PCURVE('',#2133,#5756);
#5756 = DEFINITIONAL_REPRESENTATION('',(#5757),#5761);
#5757 = LINE('',#5758,#5759);
#5758 = CARTESIAN_POINT('',(4.996183089593,4.));
#5759 = VECTOR('',#5760,1.);
#5760 = DIRECTION('',(0.,-1.));
#5761 = ( GEOMETRIC_REPRESENTATION_CONTEXT(2) 
PARAMETRIC_REPRESENTATION_CONTEXT() REPRESENTATION_CONTEXT('2D SPACE',''
  ) );
#5762 = PCURVE('',#5763,#5768);
#5763 = CYLINDRICAL_SURFACE('',#5764,0.25);
#5764 = AXIS2_PLACEMENT_3D('',#5765,#5766,#5767);
#5765 = CARTESIAN_POINT('',(28.705993672705,-5.658636872794,-5.));
#5766 = DIRECTION('',(-1.278074975698E-17,-6.388603461007E-17,-1.));
#5767 = DIRECTION('',(-0.259546952295,-0.965730490124,6.50138961635E-17)
  );
#5768 = DEFINITIONAL_REPRESENTATION('',(#5769),#5773);
#5769 = LINE('',#5770,#5771);
#5770 = CARTESIAN_POINT('',(1.287002217587,4.));
#5771 = VECTOR('',#5772,1.);
#5772 = DIRECTION('',(0.,-1.));
#5773 = ( GEOMETRIC_REPRESENTATION_CONTEXT(2) 
PARAMETRIC_REPRESENTATION_CONTEXT() REPRESENTATION_CONTEXT('2D SPACE',''
  ) );
#5774 = ADVANCED_FACE('',(#5775),#2330,.T.);
#5775 = FACE_BOUND('',#5776,.T.);
#5776 = EDGE_LOOP('',(#5777,#5778,#5799,#5800));
#5777 = ORIENTED_EDGE('',*,*,#2485,.T.);
#5778 = ORIENTED_EDGE('',*,*,#5779,.T.);
#5779 = EDGE_CURVE('',#2462,#2287,#5780,.T.);
#5780 = SURFACE_CURVE('',#5781,(#5785,#5792),.PCURVE_S1.);
#5781 = LINE('',#5782,#5783);
#5782 = CARTESIAN_POINT('',(27.740045561699,-9.252767084798,-13.));
#5783 = VECTOR('',#5784,1.);
#5784 = DIRECTION('',(-1.28931872002E-18,1.153367983869E-17,1.));
#5785 = PCURVE('',#2330,#5786);
#5786 = DEFINITIONAL_REPRESENTATION('',(#5787),#5791);
#5787 = LINE('',#5788,#5789);
#5788 = CARTESIAN_POINT('',(6.28318530718,0.));
#5789 = VECTOR('',#5790,1.);
#5790 = DIRECTION('',(0.,1.));
#5791 = ( GEOMETRIC_REPRESENTATION_CONTEXT(2) 
PARAMETRIC_REPRESENTATION_CONTEXT() REPRESENTATION_CONTEXT('2D SPACE',''
  ) );
#5792 = PCURVE('',#5637,#5793);
#5793 = DEFINITIONAL_REPRESENTATION('',(#5794),#5798);
#5794 = LINE('',#5795,#5796);
#5795 = CARTESIAN_POINT('',(0.,0.));
#5796 = VECTOR('',#5797,1.);
#5797 = DIRECTION('',(0.,1.));
#5798 = ( GEOMETRIC_REPRESENTATION_CONTEXT(2) 
PARAMETRIC_REPRESENTATION_CONTEXT() REPRESENTATION_CONTEXT('2D SPACE',''
  ) );
#5799 = ORIENTED_EDGE('',*,*,#2284,.F.);
#5800 = ORIENTED_EDGE('',*,*,#5801,.T.);
#5801 = EDGE_CURVE('',#2285,#2486,#5802,.T.);
#5802 = SURFACE_CURVE('',#5803,(#5807,#5814),.PCURVE_S1.);
#5803 = LINE('',#5804,#5805);
#5804 = CARTESIAN_POINT('',(27.925102427916,-9.488889841571,-9.));
#5805 = VECTOR('',#5806,1.);
#5806 = DIRECTION('',(1.28931872002E-18,-1.153367983869E-17,-1.));
#5807 = PCURVE('',#2330,#5808);
#5808 = DEFINITIONAL_REPRESENTATION('',(#5809),#5813);
#5809 = LINE('',#5810,#5811);
#5810 = CARTESIAN_POINT('',(4.996183089593,4.));
#5811 = VECTOR('',#5812,1.);
#5812 = DIRECTION('',(0.,-1.));
#5813 = ( GEOMETRIC_REPRESENTATION_CONTEXT(2) 
PARAMETRIC_REPRESENTATION_CONTEXT() REPRESENTATION_CONTEXT('2D SPACE',''
  ) );
#5814 = PCURVE('',#5815,#5820);
#5815 = CYLINDRICAL_SURFACE('',#5816,0.25);
#5816 = AXIS2_PLACEMENT_3D('',#5817,#5818,#5819);
#5817 = CARTESIAN_POINT('',(28.138709458885,-9.61878224443,-13.));
#5818 = DIRECTION('',(-1.28931872002E-18,1.153367983869E-17,1.));
#5819 = DIRECTION('',(0.259546952295,0.965730490124,-1.080378753923E-17)
  );
#5820 = DEFINITIONAL_REPRESENTATION('',(#5821),#5825);
#5821 = LINE('',#5822,#5823);
#5822 = CARTESIAN_POINT('',(1.287002217587,4.));
#5823 = VECTOR('',#5824,1.);
#5824 = DIRECTION('',(0.,-1.));
#5825 = ( GEOMETRIC_REPRESENTATION_CONTEXT(2) 
PARAMETRIC_REPRESENTATION_CONTEXT() REPRESENTATION_CONTEXT('2D SPACE',''
  ) );
#5826 = ADVANCED_FACE('',(#5827),#2383,.T.);
#5827 = FACE_BOUND('',#5828,.T.);
#5828 = EDGE_LOOP('',(#5829,#5830,#5851,#5852));
#5829 = ORIENTED_EDGE('',*,*,#2366,.T.);
#5830 = ORIENTED_EDGE('',*,*,#5831,.T.);
#5831 = EDGE_CURVE('',#2343,#2542,#5832,.T.);
#5832 = SURFACE_CURVE('',#5833,(#5837,#5844),.PCURVE_S1.);
#5833 = LINE('',#5834,#5835);
#5834 = CARTESIAN_POINT('',(27.856841690232,-8.818188364242,-4.55));
#5835 = VECTOR('',#5836,1.);
#5836 = DIRECTION('',(0.259546952295,0.965730490124,-4.564996783438E-16)
  );
#5837 = PCURVE('',#2383,#5838);
#5838 = DEFINITIONAL_REPRESENTATION('',(#5839),#5843);
#5839 = LINE('',#5840,#5841);
#5840 = CARTESIAN_POINT('',(6.28318530718,0.));
#5841 = VECTOR('',#5842,1.);
#5842 = DIRECTION('',(0.,1.));
#5843 = ( GEOMETRIC_REPRESENTATION_CONTEXT(2) 
PARAMETRIC_REPRESENTATION_CONTEXT() REPRESENTATION_CONTEXT('2D SPACE',''
  ) );
#5844 = PCURVE('',#5711,#5845);
#5845 = DEFINITIONAL_REPRESENTATION('',(#5846),#5850);
#5846 = LINE('',#5847,#5848);
#5847 = CARTESIAN_POINT('',(0.,0.));
#5848 = VECTOR('',#5849,1.);
#5849 = DIRECTION('',(0.,1.));
#5850 = ( GEOMETRIC_REPRESENTATION_CONTEXT(2) 
PARAMETRIC_REPRESENTATION_CONTEXT() REPRESENTATION_CONTEXT('2D SPACE',''
  ) );
#5851 = ORIENTED_EDGE('',*,*,#2539,.F.);
#5852 = ORIENTED_EDGE('',*,*,#5853,.T.);
#5853 = EDGE_CURVE('',#2540,#2367,#5854,.T.);
#5854 = SURFACE_CURVE('',#5855,(#5859,#5866),.PCURVE_S1.);
#5855 = LINE('',#5856,#5857);
#5856 = CARTESIAN_POINT('',(28.422351565795,-7.638709558612,-4.37));
#5857 = VECTOR('',#5858,1.);
#5858 = DIRECTION('',(-0.259546952295,-0.965730490124,4.564996783438E-16
    ));
#5859 = PCURVE('',#2383,#5860);
#5860 = DEFINITIONAL_REPRESENTATION('',(#5861),#5865);
#5861 = LINE('',#5862,#5863);
#5862 = CARTESIAN_POINT('',(4.996183089593,1.285835009746));
#5863 = VECTOR('',#5864,1.);
#5864 = DIRECTION('',(1.381481158886E-15,-1.));
#5865 = ( GEOMETRIC_REPRESENTATION_CONTEXT(2) 
PARAMETRIC_REPRESENTATION_CONTEXT() REPRESENTATION_CONTEXT('2D SPACE',''
  ) );
#5866 = PCURVE('',#5867,#5872);
#5867 = CYLINDRICAL_SURFACE('',#5868,0.25);
#5868 = AXIS2_PLACEMENT_3D('',#5869,#5870,#5871);
#5869 = CARTESIAN_POINT('',(28.320392325491,-8.942770901344,-4.3));
#5870 = DIRECTION('',(0.259546952295,0.965730490124,-4.564996783438E-16)
  );
#5871 = DIRECTION('',(-1.143896913886E-16,-4.419557909115E-16,-1.));
#5872 = DEFINITIONAL_REPRESENTATION('',(#5873),#5877);
#5873 = LINE('',#5874,#5875);
#5874 = CARTESIAN_POINT('',(1.287002217587,1.285835009746));
#5875 = VECTOR('',#5876,1.);
#5876 = DIRECTION('',(-1.295138586455E-15,-1.));
#5877 = ( GEOMETRIC_REPRESENTATION_CONTEXT(2) 
PARAMETRIC_REPRESENTATION_CONTEXT() REPRESENTATION_CONTEXT('2D SPACE',''
  ) );
#5878 = ADVANCED_FACE('',(#5879),#2611,.T.);
#5879 = FACE_BOUND('',#5880,.T.);
#5880 = EDGE_LOOP('',(#5881,#5882,#5903,#5904));
#5881 = ORIENTED_EDGE('',*,*,#2594,.T.);
#5882 = ORIENTED_EDGE('',*,*,#5883,.T.);
#5883 = EDGE_CURVE('',#2571,#2656,#5884,.T.);
#5884 = SURFACE_CURVE('',#5885,(#5889,#5896),.PCURVE_S1.);
#5885 = LINE('',#5886,#5887);
#5886 = CARTESIAN_POINT('',(28.641106934631,-5.900069495325,-5.));
#5887 = VECTOR('',#5888,1.);
#5888 = DIRECTION('',(-1.278074975698E-17,-6.388603461007E-17,-1.));
#5889 = PCURVE('',#2611,#5890);
#5890 = DEFINITIONAL_REPRESENTATION('',(#5891),#5895);
#5891 = LINE('',#5892,#5893);
#5892 = CARTESIAN_POINT('',(6.28318530718,0.));
#5893 = VECTOR('',#5894,1.);
#5894 = DIRECTION('',(0.,1.));
#5895 = ( GEOMETRIC_REPRESENTATION_CONTEXT(2) 
PARAMETRIC_REPRESENTATION_CONTEXT() REPRESENTATION_CONTEXT('2D SPACE',''
  ) );
#5896 = PCURVE('',#5763,#5897);
#5897 = DEFINITIONAL_REPRESENTATION('',(#5898),#5902);
#5898 = LINE('',#5899,#5900);
#5899 = CARTESIAN_POINT('',(0.,0.));
#5900 = VECTOR('',#5901,1.);
#5901 = DIRECTION('',(0.,1.));
#5902 = ( GEOMETRIC_REPRESENTATION_CONTEXT(2) 
PARAMETRIC_REPRESENTATION_CONTEXT() REPRESENTATION_CONTEXT('2D SPACE',''
  ) );
#5903 = ORIENTED_EDGE('',*,*,#2653,.F.);
#5904 = ORIENTED_EDGE('',*,*,#5905,.T.);
#5905 = EDGE_CURVE('',#2654,#2595,#5906,.T.);
#5906 = SURFACE_CURVE('',#5907,(#5911,#5918),.PCURVE_S1.);
#5907 = LINE('',#5908,#5909);
#5908 = CARTESIAN_POINT('',(28.919600703674,-5.788529275654,-9.));
#5909 = VECTOR('',#5910,1.);
#5910 = DIRECTION('',(1.278074975698E-17,6.388603461007E-17,1.));
#5911 = PCURVE('',#2611,#5912);
#5912 = DEFINITIONAL_REPRESENTATION('',(#5913),#5917);
#5913 = LINE('',#5914,#5915);
#5914 = CARTESIAN_POINT('',(4.996183089593,4.));
#5915 = VECTOR('',#5916,1.);
#5916 = DIRECTION('',(0.,-1.));
#5917 = ( GEOMETRIC_REPRESENTATION_CONTEXT(2) 
PARAMETRIC_REPRESENTATION_CONTEXT() REPRESENTATION_CONTEXT('2D SPACE',''
  ) );
#5918 = PCURVE('',#5919,#5924);
#5919 = CYLINDRICAL_SURFACE('',#5920,0.25);
#5920 = AXIS2_PLACEMENT_3D('',#5921,#5922,#5923);
#5921 = CARTESIAN_POINT('',(29.169544307965,-5.783219409896,-5.));
#5922 = DIRECTION('',(-1.278074975698E-17,-6.388603461007E-17,-1.));
#5923 = DIRECTION('',(-0.259546952295,-0.965730490124,6.50138961635E-17)
  );
#5924 = DEFINITIONAL_REPRESENTATION('',(#5925),#5929);
#5925 = LINE('',#5926,#5927);
#5926 = CARTESIAN_POINT('',(1.287002217587,4.));
#5927 = VECTOR('',#5928,1.);
#5928 = DIRECTION('',(0.,-1.));
#5929 = ( GEOMETRIC_REPRESENTATION_CONTEXT(2) 
PARAMETRIC_REPRESENTATION_CONTEXT() REPRESENTATION_CONTEXT('2D SPACE',''
  ) );
#5930 = ADVANCED_FACE('',(#5931),#2808,.T.);
#5931 = FACE_BOUND('',#5932,.T.);
#5932 = EDGE_LOOP('',(#5933,#5934,#5955,#5956));
#5933 = ORIENTED_EDGE('',*,*,#2963,.T.);
#5934 = ORIENTED_EDGE('',*,*,#5935,.T.);
#5935 = EDGE_CURVE('',#2940,#2765,#5936,.T.);
#5936 = SURFACE_CURVE('',#5937,(#5941,#5948),.PCURVE_S1.);
#5937 = LINE('',#5938,#5939);
#5938 = CARTESIAN_POINT('',(28.203596196958,-9.377349621899,-13.));
#5939 = VECTOR('',#5940,1.);
#5940 = DIRECTION('',(-1.28931872002E-18,1.153367983869E-17,1.));
#5941 = PCURVE('',#2808,#5942);
#5942 = DEFINITIONAL_REPRESENTATION('',(#5943),#5947);
#5943 = LINE('',#5944,#5945);
#5944 = CARTESIAN_POINT('',(6.28318530718,0.));
#5945 = VECTOR('',#5946,1.);
#5946 = DIRECTION('',(0.,1.));
#5947 = ( GEOMETRIC_REPRESENTATION_CONTEXT(2) 
PARAMETRIC_REPRESENTATION_CONTEXT() REPRESENTATION_CONTEXT('2D SPACE',''
  ) );
#5948 = PCURVE('',#5815,#5949);
#5949 = DEFINITIONAL_REPRESENTATION('',(#5950),#5954);
#5950 = LINE('',#5951,#5952);
#5951 = CARTESIAN_POINT('',(0.,0.));
#5952 = VECTOR('',#5953,1.);
#5953 = DIRECTION('',(0.,1.));
#5954 = ( GEOMETRIC_REPRESENTATION_CONTEXT(2) 
PARAMETRIC_REPRESENTATION_CONTEXT() REPRESENTATION_CONTEXT('2D SPACE',''
  ) );
#5955 = ORIENTED_EDGE('',*,*,#2762,.F.);
#5956 = ORIENTED_EDGE('',*,*,#5957,.T.);
#5957 = EDGE_CURVE('',#2763,#2964,#5958,.T.);
#5958 = SURFACE_CURVE('',#5959,(#5963,#5970),.PCURVE_S1.);
#5959 = LINE('',#5960,#5961);
#5960 = CARTESIAN_POINT('',(28.388653063175,-9.613472378672,-9.));
#5961 = VECTOR('',#5962,1.);
#5962 = DIRECTION('',(1.28931872002E-18,-1.153367983869E-17,-1.));
#5963 = PCURVE('',#2808,#5964);
#5964 = DEFINITIONAL_REPRESENTATION('',(#5965),#5969);
#5965 = LINE('',#5966,#5967);
#5966 = CARTESIAN_POINT('',(4.996183089593,4.));
#5967 = VECTOR('',#5968,1.);
#5968 = DIRECTION('',(0.,-1.));
#5969 = ( GEOMETRIC_REPRESENTATION_CONTEXT(2) 
PARAMETRIC_REPRESENTATION_CONTEXT() REPRESENTATION_CONTEXT('2D SPACE',''
  ) );
#5970 = PCURVE('',#5971,#5976);
#5971 = CYLINDRICAL_SURFACE('',#5972,0.25);
#5972 = AXIS2_PLACEMENT_3D('',#5973,#5974,#5975);
#5973 = CARTESIAN_POINT('',(28.602260094144,-9.743364781532,-13.));
#5974 = DIRECTION('',(-1.28931872002E-18,1.153367983869E-17,1.));
#5975 = DIRECTION('',(0.259546952295,0.965730490124,-1.080378753923E-17)
  );
#5976 = DEFINITIONAL_REPRESENTATION('',(#5977),#5981);
#5977 = LINE('',#5978,#5979);
#5978 = CARTESIAN_POINT('',(1.287002217587,4.));
#5979 = VECTOR('',#5980,1.);
#5980 = DIRECTION('',(0.,-1.));
#5981 = ( GEOMETRIC_REPRESENTATION_CONTEXT(2) 
PARAMETRIC_REPRESENTATION_CONTEXT() REPRESENTATION_CONTEXT('2D SPACE',''
  ) );
#5982 = ADVANCED_FACE('',(#5983),#2861,.T.);
#5983 = FACE_BOUND('',#5984,.T.);
#5984 = EDGE_LOOP('',(#5985,#5986,#6029,#6030));
#5985 = ORIENTED_EDGE('',*,*,#2844,.T.);
#5986 = ORIENTED_EDGE('',*,*,#5987,.T.);
#5987 = EDGE_CURVE('',#2821,#3020,#5988,.T.);
#5988 = SURFACE_CURVE('',#5989,(#5993,#6000),.PCURVE_S1.);
#5989 = LINE('',#5990,#5991);
#5990 = CARTESIAN_POINT('',(28.320392325491,-8.942770901344,-4.55));
#5991 = VECTOR('',#5992,1.);
#5992 = DIRECTION('',(0.259546952295,0.965730490124,-4.564996783438E-16)
  );
#5993 = PCURVE('',#2861,#5994);
#5994 = DEFINITIONAL_REPRESENTATION('',(#5995),#5999);
#5995 = LINE('',#5996,#5997);
#5996 = CARTESIAN_POINT('',(6.28318530718,0.));
#5997 = VECTOR('',#5998,1.);
#5998 = DIRECTION('',(0.,1.));
#5999 = ( GEOMETRIC_REPRESENTATION_CONTEXT(2) 
PARAMETRIC_REPRESENTATION_CONTEXT() REPRESENTATION_CONTEXT('2D SPACE',''
  ) );
#6000 = PCURVE('',#5867,#6001);
#6001 = DEFINITIONAL_REPRESENTATION('',(#6002),#6028);
#6002 = B_SPLINE_CURVE_WITH_KNOTS('',3,(#6003,#6004,#6005,#6006,#6007,
    #6008,#6009,#6010,#6011,#6012,#6013,#6014,#6015,#6016,#6017,#6018,
    #6019,#6020,#6021,#6022,#6023,#6024,#6025,#6026,#6027),
  .UNSPECIFIED.,.F.,.F.,(4,1,1,1,1,1,1,1,1,1,1,1,1,1,1,1,1,1,1,1,1,1,4),
  (-0.,0.116894091795,0.23378818359,0.350682275385,0.467576367181,
    0.584470458976,0.701364550771,0.818258642566,0.935152734361,
    1.052046826156,1.168940917951,1.285835009746,1.402729101542,
    1.519623193337,1.636517285132,1.753411376927,1.870305468722,
    1.987199560517,2.104093652312,2.220987744108,2.337881835903,
    2.454775927698,2.571670019493),.QUASI_UNIFORM_KNOTS.);
#6003 = CARTESIAN_POINT('',(0.,0.));
#6004 = CARTESIAN_POINT('',(0.,3.896469726505E-02));
#6005 = CARTESIAN_POINT('',(3.613378230788E-21,0.116894091795));
#6006 = CARTESIAN_POINT('',(-1.264682380776E-20,0.23378818359));
#6007 = CARTESIAN_POINT('',(4.697391700024E-20,0.350682275385));
#6008 = CARTESIAN_POINT('',(-1.752488441932E-19,0.467576367181));
#6009 = CARTESIAN_POINT('',(6.540214597726E-19,0.584470458976));
#6010 = CARTESIAN_POINT('',(-2.440836994897E-18,0.701364550771));
#6011 = CARTESIAN_POINT('',(9.109326519816E-18,0.818258642566));
#6012 = CARTESIAN_POINT('',(-3.399646908437E-17,0.935152734361));
#6013 = CARTESIAN_POINT('',(1.268765498177E-16,1.052046826156));
#6014 = CARTESIAN_POINT('',(-4.735097301862E-16,1.168940917951));
#6015 = CARTESIAN_POINT('',(1.767162370927E-15,1.285835009746));
#6016 = CARTESIAN_POINT('',(-6.595139753523E-15,1.402729101542));
#6017 = CARTESIAN_POINT('',(2.461339664316E-14,1.519623193337));
#6018 = CARTESIAN_POINT('',(-6.593318527924E-15,1.636517285132));
#6019 = CARTESIAN_POINT('',(1.759877468531E-15,1.753411376927));
#6020 = CARTESIAN_POINT('',(-4.461913462017E-16,1.870305468722));
#6021 = CARTESIAN_POINT('',(2.488791627551E-17,1.987199560517));
#6022 = CARTESIAN_POINT('',(3.466396810997E-16,2.104093652312));
#6023 = CARTESIAN_POINT('',(-1.411446640674E-15,2.220987744108));
#6024 = CARTESIAN_POINT('',(5.299146881598E-15,2.337881835903));
#6025 = CARTESIAN_POINT('',(-1.978514088572E-14,2.454775927698));
#6026 = CARTESIAN_POINT('',(-1.42108547152E-14,2.532705322228));
#6027 = CARTESIAN_POINT('',(0.,2.571670019493));
#6028 = ( GEOMETRIC_REPRESENTATION_CONTEXT(2) 
PARAMETRIC_REPRESENTATION_CONTEXT() REPRESENTATION_CONTEXT('2D SPACE',''
  ) );
#6029 = ORIENTED_EDGE('',*,*,#3017,.F.);
#6030 = ORIENTED_EDGE('',*,*,#6031,.T.);
#6031 = EDGE_CURVE('',#3018,#2845,#6032,.T.);
#6032 = SURFACE_CURVE('',#6033,(#6037,#6044),.PCURVE_S1.);
#6033 = LINE('',#6034,#6035);
#6034 = CARTESIAN_POINT('',(28.885902201054,-7.763292095714,-4.37));
#6035 = VECTOR('',#6036,1.);
#6036 = DIRECTION('',(-0.259546952295,-0.965730490124,4.564996783438E-16
    ));
#6037 = PCURVE('',#2861,#6038);
#6038 = DEFINITIONAL_REPRESENTATION('',(#6039),#6043);
#6039 = LINE('',#6040,#6041);
#6040 = CARTESIAN_POINT('',(4.996183089593,1.285835009746));
#6041 = VECTOR('',#6042,1.);
#6042 = DIRECTION('',(3.108332607493E-15,-1.));
#6043 = ( GEOMETRIC_REPRESENTATION_CONTEXT(2) 
PARAMETRIC_REPRESENTATION_CONTEXT() REPRESENTATION_CONTEXT('2D SPACE',''
  ) );
#6044 = PCURVE('',#6045,#6050);
#6045 = CYLINDRICAL_SURFACE('',#6046,0.25);
#6046 = AXIS2_PLACEMENT_3D('',#6047,#6048,#6049);
#6047 = CARTESIAN_POINT('',(28.78394296075,-9.067353438445,-4.3));
#6048 = DIRECTION('',(0.259546952295,0.965730490124,-4.564996783438E-16)
  );
#6049 = DIRECTION('',(-1.143896913886E-16,-4.419557909115E-16,-1.));
#6050 = DEFINITIONAL_REPRESENTATION('',(#6051),#6055);
#6051 = LINE('',#6052,#6053);
#6052 = CARTESIAN_POINT('',(1.287002217587,1.285835009746));
#6053 = VECTOR('',#6054,1.);
#6054 = DIRECTION('',(1.726851448607E-16,-1.));
#6055 = ( GEOMETRIC_REPRESENTATION_CONTEXT(2) 
PARAMETRIC_REPRESENTATION_CONTEXT() REPRESENTATION_CONTEXT('2D SPACE',''
  ) );
#6056 = ADVANCED_FACE('',(#6057),#3089,.T.);
#6057 = FACE_BOUND('',#6058,.T.);
#6058 = EDGE_LOOP('',(#6059,#6060,#6081,#6082));
#6059 = ORIENTED_EDGE('',*,*,#3072,.T.);
#6060 = ORIENTED_EDGE('',*,*,#6061,.T.);
#6061 = EDGE_CURVE('',#3049,#3134,#6062,.T.);
#6062 = SURFACE_CURVE('',#6063,(#6067,#6074),.PCURVE_S1.);
#6063 = LINE('',#6064,#6065);
#6064 = CARTESIAN_POINT('',(29.104657569891,-6.024652032427,-5.));
#6065 = VECTOR('',#6066,1.);
#6066 = DIRECTION('',(-1.278074975698E-17,-6.388603461007E-17,-1.));
#6067 = PCURVE('',#3089,#6068);
#6068 = DEFINITIONAL_REPRESENTATION('',(#6069),#6073);
#6069 = LINE('',#6070,#6071);
#6070 = CARTESIAN_POINT('',(6.28318530718,9.334985001348E-32));
#6071 = VECTOR('',#6072,1.);
#6072 = DIRECTION('',(0.,1.));
#6073 = ( GEOMETRIC_REPRESENTATION_CONTEXT(2) 
PARAMETRIC_REPRESENTATION_CONTEXT() REPRESENTATION_CONTEXT('2D SPACE',''
  ) );
#6074 = PCURVE('',#5919,#6075);
#6075 = DEFINITIONAL_REPRESENTATION('',(#6076),#6080);
#6076 = LINE('',#6077,#6078);
#6077 = CARTESIAN_POINT('',(0.,9.334985001348E-32));
#6078 = VECTOR('',#6079,1.);
#6079 = DIRECTION('',(0.,1.));
#6080 = ( GEOMETRIC_REPRESENTATION_CONTEXT(2) 
PARAMETRIC_REPRESENTATION_CONTEXT() REPRESENTATION_CONTEXT('2D SPACE',''
  ) );
#6081 = ORIENTED_EDGE('',*,*,#3131,.F.);
#6082 = ORIENTED_EDGE('',*,*,#6083,.T.);
#6083 = EDGE_CURVE('',#3132,#3073,#6084,.T.);
#6084 = SURFACE_CURVE('',#6085,(#6089,#6096),.PCURVE_S1.);
#6085 = LINE('',#6086,#6087);
#6086 = CARTESIAN_POINT('',(29.383151338934,-5.913111812755,-9.));
#6087 = VECTOR('',#6088,1.);
#6088 = DIRECTION('',(1.278074975698E-17,6.388603461007E-17,1.));
#6089 = PCURVE('',#3089,#6090);
#6090 = DEFINITIONAL_REPRESENTATION('',(#6091),#6095);
#6091 = LINE('',#6092,#6093);
#6092 = CARTESIAN_POINT('',(4.996183089593,4.));
#6093 = VECTOR('',#6094,1.);
#6094 = DIRECTION('',(0.,-1.));
#6095 = ( GEOMETRIC_REPRESENTATION_CONTEXT(2) 
PARAMETRIC_REPRESENTATION_CONTEXT() REPRESENTATION_CONTEXT('2D SPACE',''
  ) );
#6096 = PCURVE('',#6097,#6102);
#6097 = CYLINDRICAL_SURFACE('',#6098,0.25);
#6098 = AXIS2_PLACEMENT_3D('',#6099,#6100,#6101);
#6099 = CARTESIAN_POINT('',(29.633094943224,-5.907801946997,-5.));
#6100 = DIRECTION('',(-1.278074975698E-17,-6.388603461007E-17,-1.));
#6101 = DIRECTION('',(-0.259546952295,-0.965730490124,6.50138961635E-17)
  );
#6102 = DEFINITIONAL_REPRESENTATION('',(#6103),#6107);
#6103 = LINE('',#6104,#6105);
#6104 = CARTESIAN_POINT('',(1.287002217587,4.));
#6105 = VECTOR('',#6106,1.);
#6106 = DIRECTION('',(0.,-1.));
#6107 = ( GEOMETRIC_REPRESENTATION_CONTEXT(2) 
PARAMETRIC_REPRESENTATION_CONTEXT() REPRESENTATION_CONTEXT('2D SPACE',''
  ) );
#6108 = ADVANCED_FACE('',(#6109),#3286,.T.);
#6109 = FACE_BOUND('',#6110,.T.);
#6110 = EDGE_LOOP('',(#6111,#6112,#6133,#6134));
#6111 = ORIENTED_EDGE('',*,*,#3441,.T.);
#6112 = ORIENTED_EDGE('',*,*,#6113,.T.);
#6113 = EDGE_CURVE('',#3418,#3243,#6114,.T.);
#6114 = SURFACE_CURVE('',#6115,(#6119,#6126),.PCURVE_S1.);
#6115 = LINE('',#6116,#6117);
#6116 = CARTESIAN_POINT('',(28.667146832218,-9.501932159001,-13.));
#6117 = VECTOR('',#6118,1.);
#6118 = DIRECTION('',(-1.28931872002E-18,1.153367983869E-17,1.));
#6119 = PCURVE('',#3286,#6120);
#6120 = DEFINITIONAL_REPRESENTATION('',(#6121),#6125);
#6121 = LINE('',#6122,#6123);
#6122 = CARTESIAN_POINT('',(6.28318530718,0.));
#6123 = VECTOR('',#6124,1.);
#6124 = DIRECTION('',(0.,1.));
#6125 = ( GEOMETRIC_REPRESENTATION_CONTEXT(2) 
PARAMETRIC_REPRESENTATION_CONTEXT() REPRESENTATION_CONTEXT('2D SPACE',''
  ) );
#6126 = PCURVE('',#5971,#6127);
#6127 = DEFINITIONAL_REPRESENTATION('',(#6128),#6132);
#6128 = LINE('',#6129,#6130);
#6129 = CARTESIAN_POINT('',(0.,0.));
#6130 = VECTOR('',#6131,1.);
#6131 = DIRECTION('',(0.,1.));
#6132 = ( GEOMETRIC_REPRESENTATION_CONTEXT(2) 
PARAMETRIC_REPRESENTATION_CONTEXT() REPRESENTATION_CONTEXT('2D SPACE',''
  ) );
#6133 = ORIENTED_EDGE('',*,*,#3240,.F.);
#6134 = ORIENTED_EDGE('',*,*,#6135,.T.);
#6135 = EDGE_CURVE('',#3241,#3442,#6136,.T.);
#6136 = SURFACE_CURVE('',#6137,(#6141,#6148),.PCURVE_S1.);
#6137 = LINE('',#6138,#6139);
#6138 = CARTESIAN_POINT('',(28.852203698434,-9.738054915774,-9.));
#6139 = VECTOR('',#6140,1.);
#6140 = DIRECTION('',(1.28931872002E-18,-1.153367983869E-17,-1.));
#6141 = PCURVE('',#3286,#6142);
#6142 = DEFINITIONAL_REPRESENTATION('',(#6143),#6147);
#6143 = LINE('',#6144,#6145);
#6144 = CARTESIAN_POINT('',(4.996183089593,4.));
#6145 = VECTOR('',#6146,1.);
#6146 = DIRECTION('',(0.,-1.));
#6147 = ( GEOMETRIC_REPRESENTATION_CONTEXT(2) 
PARAMETRIC_REPRESENTATION_CONTEXT() REPRESENTATION_CONTEXT('2D SPACE',''
  ) );
#6148 = PCURVE('',#6149,#6154);
#6149 = CYLINDRICAL_SURFACE('',#6150,0.25);
#6150 = AXIS2_PLACEMENT_3D('',#6151,#6152,#6153);
#6151 = CARTESIAN_POINT('',(29.065810729404,-9.867947318633,-13.));
#6152 = DIRECTION('',(-1.28931872002E-18,1.153367983869E-17,1.));
#6153 = DIRECTION('',(0.259546952295,0.965730490124,-1.080378753923E-17)
  );
#6154 = DEFINITIONAL_REPRESENTATION('',(#6155),#6159);
#6155 = LINE('',#6156,#6157);
#6156 = CARTESIAN_POINT('',(1.287002217587,4.));
#6157 = VECTOR('',#6158,1.);
#6158 = DIRECTION('',(0.,-1.));
#6159 = ( GEOMETRIC_REPRESENTATION_CONTEXT(2) 
PARAMETRIC_REPRESENTATION_CONTEXT() REPRESENTATION_CONTEXT('2D SPACE',''
  ) );
#6160 = ADVANCED_FACE('',(#6161),#3339,.T.);
#6161 = FACE_BOUND('',#6162,.T.);
#6162 = EDGE_LOOP('',(#6163,#6164,#6185,#6186));
#6163 = ORIENTED_EDGE('',*,*,#3322,.T.);
#6164 = ORIENTED_EDGE('',*,*,#6165,.T.);
#6165 = EDGE_CURVE('',#3299,#3498,#6166,.T.);
#6166 = SURFACE_CURVE('',#6167,(#6171,#6178),.PCURVE_S1.);
#6167 = LINE('',#6168,#6169);
#6168 = CARTESIAN_POINT('',(28.78394296075,-9.067353438445,-4.55));
#6169 = VECTOR('',#6170,1.);
#6170 = DIRECTION('',(0.259546952295,0.965730490124,-4.564996783438E-16)
  );
#6171 = PCURVE('',#3339,#6172);
#6172 = DEFINITIONAL_REPRESENTATION('',(#6173),#6177);
#6173 = LINE('',#6174,#6175);
#6174 = CARTESIAN_POINT('',(6.28318530718,0.));
#6175 = VECTOR('',#6176,1.);
#6176 = DIRECTION('',(0.,1.));
#6177 = ( GEOMETRIC_REPRESENTATION_CONTEXT(2) 
PARAMETRIC_REPRESENTATION_CONTEXT() REPRESENTATION_CONTEXT('2D SPACE',''
  ) );
#6178 = PCURVE('',#6045,#6179);
#6179 = DEFINITIONAL_REPRESENTATION('',(#6180),#6184);
#6180 = LINE('',#6181,#6182);
#6181 = CARTESIAN_POINT('',(0.,0.));
#6182 = VECTOR('',#6183,1.);
#6183 = DIRECTION('',(0.,1.));
#6184 = ( GEOMETRIC_REPRESENTATION_CONTEXT(2) 
PARAMETRIC_REPRESENTATION_CONTEXT() REPRESENTATION_CONTEXT('2D SPACE',''
  ) );
#6185 = ORIENTED_EDGE('',*,*,#3495,.F.);
#6186 = ORIENTED_EDGE('',*,*,#6187,.T.);
#6187 = EDGE_CURVE('',#3496,#3323,#6188,.T.);
#6188 = SURFACE_CURVE('',#6189,(#6193,#6200),.PCURVE_S1.);
#6189 = LINE('',#6190,#6191);
#6190 = CARTESIAN_POINT('',(29.349452836314,-7.887874632815,-4.37));
#6191 = VECTOR('',#6192,1.);
#6192 = DIRECTION('',(-0.259546952295,-0.965730490124,4.564996783438E-16
    ));
#6193 = PCURVE('',#3339,#6194);
#6194 = DEFINITIONAL_REPRESENTATION('',(#6195),#6199);
#6195 = LINE('',#6196,#6197);
#6196 = CARTESIAN_POINT('',(4.996183089593,1.285835009746));
#6197 = VECTOR('',#6198,1.);
#6198 = DIRECTION('',(1.381481158886E-15,-1.));
#6199 = ( GEOMETRIC_REPRESENTATION_CONTEXT(2) 
PARAMETRIC_REPRESENTATION_CONTEXT() REPRESENTATION_CONTEXT('2D SPACE',''
  ) );
#6200 = PCURVE('',#6201,#6206);
#6201 = CYLINDRICAL_SURFACE('',#6202,0.25);
#6202 = AXIS2_PLACEMENT_3D('',#6203,#6204,#6205);
#6203 = CARTESIAN_POINT('',(29.24749359601,-9.191935975547,-4.3));
#6204 = DIRECTION('',(0.259546952295,0.965730490124,-4.564996783438E-16)
  );
#6205 = DIRECTION('',(-1.143896913886E-16,-4.419557909115E-16,-1.));
#6206 = DEFINITIONAL_REPRESENTATION('',(#6207),#6211);
#6207 = LINE('',#6208,#6209);
#6208 = CARTESIAN_POINT('',(1.287002217587,1.285835009746));
#6209 = VECTOR('',#6210,1.);
#6210 = DIRECTION('',(-1.295138586455E-15,-1.));
#6211 = ( GEOMETRIC_REPRESENTATION_CONTEXT(2) 
PARAMETRIC_REPRESENTATION_CONTEXT() REPRESENTATION_CONTEXT('2D SPACE',''
  ) );
#6212 = ADVANCED_FACE('',(#6213),#3567,.T.);
#6213 = FACE_BOUND('',#6214,.T.);
#6214 = EDGE_LOOP('',(#6215,#6216,#6237,#6238));
#6215 = ORIENTED_EDGE('',*,*,#3550,.T.);
#6216 = ORIENTED_EDGE('',*,*,#6217,.T.);
#6217 = EDGE_CURVE('',#3527,#3612,#6218,.T.);
#6218 = SURFACE_CURVE('',#6219,(#6223,#6230),.PCURVE_S1.);
#6219 = LINE('',#6220,#6221);
#6220 = CARTESIAN_POINT('',(29.56820820515,-6.149234569528,-5.));
#6221 = VECTOR('',#6222,1.);
#6222 = DIRECTION('',(-1.278074975698E-17,-6.388603461007E-17,-1.));
#6223 = PCURVE('',#3567,#6224);
#6224 = DEFINITIONAL_REPRESENTATION('',(#6225),#6229);
#6225 = LINE('',#6226,#6227);
#6226 = CARTESIAN_POINT('',(6.28318530718,9.334985001348E-32));
#6227 = VECTOR('',#6228,1.);
#6228 = DIRECTION('',(0.,1.));
#6229 = ( GEOMETRIC_REPRESENTATION_CONTEXT(2) 
PARAMETRIC_REPRESENTATION_CONTEXT() REPRESENTATION_CONTEXT('2D SPACE',''
  ) );
#6230 = PCURVE('',#6097,#6231);
#6231 = DEFINITIONAL_REPRESENTATION('',(#6232),#6236);
#6232 = LINE('',#6233,#6234);
#6233 = CARTESIAN_POINT('',(0.,9.334985001348E-32));
#6234 = VECTOR('',#6235,1.);
#6235 = DIRECTION('',(0.,1.));
#6236 = ( GEOMETRIC_REPRESENTATION_CONTEXT(2) 
PARAMETRIC_REPRESENTATION_CONTEXT() REPRESENTATION_CONTEXT('2D SPACE',''
  ) );
#6237 = ORIENTED_EDGE('',*,*,#3609,.F.);
#6238 = ORIENTED_EDGE('',*,*,#6239,.T.);
#6239 = EDGE_CURVE('',#3610,#3551,#6240,.T.);
#6240 = SURFACE_CURVE('',#6241,(#6245,#6252),.PCURVE_S1.);
#6241 = LINE('',#6242,#6243);
#6242 = CARTESIAN_POINT('',(29.846701974193,-6.037694349857,-9.));
#6243 = VECTOR('',#6244,1.);
#6244 = DIRECTION('',(1.278074975698E-17,6.388603461007E-17,1.));
#6245 = PCURVE('',#3567,#6246);
#6246 = DEFINITIONAL_REPRESENTATION('',(#6247),#6251);
#6247 = LINE('',#6248,#6249);
#6248 = CARTESIAN_POINT('',(4.996183089593,4.));
#6249 = VECTOR('',#6250,1.);
#6250 = DIRECTION('',(0.,-1.));
#6251 = ( GEOMETRIC_REPRESENTATION_CONTEXT(2) 
PARAMETRIC_REPRESENTATION_CONTEXT() REPRESENTATION_CONTEXT('2D SPACE',''
  ) );
#6252 = PCURVE('',#6253,#6258);
#6253 = CYLINDRICAL_SURFACE('',#6254,0.25);
#6254 = AXIS2_PLACEMENT_3D('',#6255,#6256,#6257);
#6255 = CARTESIAN_POINT('',(30.096645578483,-6.032384484099,-5.));
#6256 = DIRECTION('',(-1.278074975698E-17,-6.388603461007E-17,-1.));
#6257 = DIRECTION('',(-0.259546952295,-0.965730490124,6.50138961635E-17)
  );
#6258 = DEFINITIONAL_REPRESENTATION('',(#6259),#6263);
#6259 = LINE('',#6260,#6261);
#6260 = CARTESIAN_POINT('',(1.287002217587,4.));
#6261 = VECTOR('',#6262,1.);
#6262 = DIRECTION('',(0.,-1.));
#6263 = ( GEOMETRIC_REPRESENTATION_CONTEXT(2) 
PARAMETRIC_REPRESENTATION_CONTEXT() REPRESENTATION_CONTEXT('2D SPACE',''
  ) );
#6264 = ADVANCED_FACE('',(#6265),#3764,.T.);
#6265 = FACE_BOUND('',#6266,.T.);
#6266 = EDGE_LOOP('',(#6267,#6268,#6289,#6290));
#6267 = ORIENTED_EDGE('',*,*,#3919,.T.);
#6268 = ORIENTED_EDGE('',*,*,#6269,.T.);
#6269 = EDGE_CURVE('',#3896,#3721,#6270,.T.);
#6270 = SURFACE_CURVE('',#6271,(#6275,#6282),.PCURVE_S1.);
#6271 = LINE('',#6272,#6273);
#6272 = CARTESIAN_POINT('',(29.130697467477,-9.626514696102,-13.));
#6273 = VECTOR('',#6274,1.);
#6274 = DIRECTION('',(-1.28931872002E-18,1.153367983869E-17,1.));
#6275 = PCURVE('',#3764,#6276);
#6276 = DEFINITIONAL_REPRESENTATION('',(#6277),#6281);
#6277 = LINE('',#6278,#6279);
#6278 = CARTESIAN_POINT('',(6.28318530718,0.));
#6279 = VECTOR('',#6280,1.);
#6280 = DIRECTION('',(0.,1.));
#6281 = ( GEOMETRIC_REPRESENTATION_CONTEXT(2) 
PARAMETRIC_REPRESENTATION_CONTEXT() REPRESENTATION_CONTEXT('2D SPACE',''
  ) );
#6282 = PCURVE('',#6149,#6283);
#6283 = DEFINITIONAL_REPRESENTATION('',(#6284),#6288);
#6284 = LINE('',#6285,#6286);
#6285 = CARTESIAN_POINT('',(0.,0.));
#6286 = VECTOR('',#6287,1.);
#6287 = DIRECTION('',(0.,1.));
#6288 = ( GEOMETRIC_REPRESENTATION_CONTEXT(2) 
PARAMETRIC_REPRESENTATION_CONTEXT() REPRESENTATION_CONTEXT('2D SPACE',''
  ) );
#6289 = ORIENTED_EDGE('',*,*,#3718,.F.);
#6290 = ORIENTED_EDGE('',*,*,#6291,.T.);
#6291 = EDGE_CURVE('',#3719,#3920,#6292,.T.);
#6292 = SURFACE_CURVE('',#6293,(#6297,#6304),.PCURVE_S1.);
#6293 = LINE('',#6294,#6295);
#6294 = CARTESIAN_POINT('',(29.315754333694,-9.862637452875,-9.));
#6295 = VECTOR('',#6296,1.);
#6296 = DIRECTION('',(1.28931872002E-18,-1.153367983869E-17,-1.));
#6297 = PCURVE('',#3764,#6298);
#6298 = DEFINITIONAL_REPRESENTATION('',(#6299),#6303);
#6299 = LINE('',#6300,#6301);
#6300 = CARTESIAN_POINT('',(4.996183089593,4.));
#6301 = VECTOR('',#6302,1.);
#6302 = DIRECTION('',(0.,-1.));
#6303 = ( GEOMETRIC_REPRESENTATION_CONTEXT(2) 
PARAMETRIC_REPRESENTATION_CONTEXT() REPRESENTATION_CONTEXT('2D SPACE',''
  ) );
#6304 = PCURVE('',#6305,#6310);
#6305 = CYLINDRICAL_SURFACE('',#6306,0.25);
#6306 = AXIS2_PLACEMENT_3D('',#6307,#6308,#6309);
#6307 = CARTESIAN_POINT('',(29.529361364663,-9.992529855735,-13.));
#6308 = DIRECTION('',(-1.28931872002E-18,1.153367983869E-17,1.));
#6309 = DIRECTION('',(0.259546952295,0.965730490124,-1.080378753923E-17)
  );
#6310 = DEFINITIONAL_REPRESENTATION('',(#6311),#6315);
#6311 = LINE('',#6312,#6313);
#6312 = CARTESIAN_POINT('',(1.287002217587,4.));
#6313 = VECTOR('',#6314,1.);
#6314 = DIRECTION('',(0.,-1.));
#6315 = ( GEOMETRIC_REPRESENTATION_CONTEXT(2) 
PARAMETRIC_REPRESENTATION_CONTEXT() REPRESENTATION_CONTEXT('2D SPACE',''
  ) );
#6316 = ADVANCED_FACE('',(#6317),#3817,.T.);
#6317 = FACE_BOUND('',#6318,.T.);
#6318 = EDGE_LOOP('',(#6319,#6320,#6341,#6342));
#6319 = ORIENTED_EDGE('',*,*,#3800,.T.);
#6320 = ORIENTED_EDGE('',*,*,#6321,.T.);
#6321 = EDGE_CURVE('',#3777,#3976,#6322,.T.);
#6322 = SURFACE_CURVE('',#6323,(#6327,#6334),.PCURVE_S1.);
#6323 = LINE('',#6324,#6325);
#6324 = CARTESIAN_POINT('',(29.24749359601,-9.191935975547,-4.55));
#6325 = VECTOR('',#6326,1.);
#6326 = DIRECTION('',(0.259546952295,0.965730490124,-4.564996783438E-16)
  );
#6327 = PCURVE('',#3817,#6328);
#6328 = DEFINITIONAL_REPRESENTATION('',(#6329),#6333);
#6329 = LINE('',#6330,#6331);
#6330 = CARTESIAN_POINT('',(6.28318530718,0.));
#6331 = VECTOR('',#6332,1.);
#6332 = DIRECTION('',(0.,1.));
#6333 = ( GEOMETRIC_REPRESENTATION_CONTEXT(2) 
PARAMETRIC_REPRESENTATION_CONTEXT() REPRESENTATION_CONTEXT('2D SPACE',''
  ) );
#6334 = PCURVE('',#6201,#6335);
#6335 = DEFINITIONAL_REPRESENTATION('',(#6336),#6340);
#6336 = LINE('',#6337,#6338);
#6337 = CARTESIAN_POINT('',(0.,0.));
#6338 = VECTOR('',#6339,1.);
#6339 = DIRECTION('',(0.,1.));
#6340 = ( GEOMETRIC_REPRESENTATION_CONTEXT(2) 
PARAMETRIC_REPRESENTATION_CONTEXT() REPRESENTATION_CONTEXT('2D SPACE',''
  ) );
#6341 = ORIENTED_EDGE('',*,*,#3973,.F.);
#6342 = ORIENTED_EDGE('',*,*,#6343,.T.);
#6343 = EDGE_CURVE('',#3974,#3801,#6344,.T.);
#6344 = SURFACE_CURVE('',#6345,(#6349,#6356),.PCURVE_S1.);
#6345 = LINE('',#6346,#6347);
#6346 = CARTESIAN_POINT('',(29.813003471573,-8.012457169917,-4.37));
#6347 = VECTOR('',#6348,1.);
#6348 = DIRECTION('',(-0.259546952295,-0.965730490124,4.564996783438E-16
    ));
#6349 = PCURVE('',#3817,#6350);
#6350 = DEFINITIONAL_REPRESENTATION('',(#6351),#6355);
#6351 = LINE('',#6352,#6353);
#6352 = CARTESIAN_POINT('',(4.996183089593,1.285835009746));
#6353 = VECTOR('',#6354,1.);
#6354 = DIRECTION('',(1.381481158886E-15,-1.));
#6355 = ( GEOMETRIC_REPRESENTATION_CONTEXT(2) 
PARAMETRIC_REPRESENTATION_CONTEXT() REPRESENTATION_CONTEXT('2D SPACE',''
  ) );
#6356 = PCURVE('',#6357,#6362);
#6357 = CYLINDRICAL_SURFACE('',#6358,0.25);
#6358 = AXIS2_PLACEMENT_3D('',#6359,#6360,#6361);
#6359 = CARTESIAN_POINT('',(29.711044231269,-9.316518512648,-4.3));
#6360 = DIRECTION('',(0.259546952295,0.965730490124,-4.564996783438E-16)
  );
#6361 = DIRECTION('',(-1.143896913886E-16,-4.419557909115E-16,-1.));
#6362 = DEFINITIONAL_REPRESENTATION('',(#6363),#6367);
#6363 = LINE('',#6364,#6365);
#6364 = CARTESIAN_POINT('',(1.287002217587,1.285835009746));
#6365 = VECTOR('',#6366,1.);
#6366 = DIRECTION('',(-1.381481158886E-15,-1.));
#6367 = ( GEOMETRIC_REPRESENTATION_CONTEXT(2) 
PARAMETRIC_REPRESENTATION_CONTEXT() REPRESENTATION_CONTEXT('2D SPACE',''
  ) );
#6368 = ADVANCED_FACE('',(#6369),#4045,.T.);
#6369 = FACE_BOUND('',#6370,.T.);
#6370 = EDGE_LOOP('',(#6371,#6372,#6393,#6394));
#6371 = ORIENTED_EDGE('',*,*,#4028,.T.);
#6372 = ORIENTED_EDGE('',*,*,#6373,.T.);
#6373 = EDGE_CURVE('',#4005,#4090,#6374,.T.);
#6374 = SURFACE_CURVE('',#6375,(#6379,#6386),.PCURVE_S1.);
#6375 = LINE('',#6376,#6377);
#6376 = CARTESIAN_POINT('',(30.03175884041,-6.27381710663,-5.));
#6377 = VECTOR('',#6378,1.);
#6378 = DIRECTION('',(-1.278074975698E-17,-6.388603461007E-17,-1.));
#6379 = PCURVE('',#4045,#6380);
#6380 = DEFINITIONAL_REPRESENTATION('',(#6381),#6385);
#6381 = LINE('',#6382,#6383);
#6382 = CARTESIAN_POINT('',(6.28318530718,0.));
#6383 = VECTOR('',#6384,1.);
#6384 = DIRECTION('',(0.,1.));
#6385 = ( GEOMETRIC_REPRESENTATION_CONTEXT(2) 
PARAMETRIC_REPRESENTATION_CONTEXT() REPRESENTATION_CONTEXT('2D SPACE',''
  ) );
#6386 = PCURVE('',#6253,#6387);
#6387 = DEFINITIONAL_REPRESENTATION('',(#6388),#6392);
#6388 = LINE('',#6389,#6390);
#6389 = CARTESIAN_POINT('',(0.,0.));
#6390 = VECTOR('',#6391,1.);
#6391 = DIRECTION('',(0.,1.));
#6392 = ( GEOMETRIC_REPRESENTATION_CONTEXT(2) 
PARAMETRIC_REPRESENTATION_CONTEXT() REPRESENTATION_CONTEXT('2D SPACE',''
  ) );
#6393 = ORIENTED_EDGE('',*,*,#4087,.F.);
#6394 = ORIENTED_EDGE('',*,*,#6395,.T.);
#6395 = EDGE_CURVE('',#4088,#4029,#6396,.T.);
#6396 = SURFACE_CURVE('',#6397,(#6401,#6408),.PCURVE_S1.);
#6397 = LINE('',#6398,#6399);
#6398 = CARTESIAN_POINT('',(30.310252609452,-6.162276886958,-9.));
#6399 = VECTOR('',#6400,1.);
#6400 = DIRECTION('',(1.278074975698E-17,6.388603461007E-17,1.));
#6401 = PCURVE('',#4045,#6402);
#6402 = DEFINITIONAL_REPRESENTATION('',(#6403),#6407);
#6403 = LINE('',#6404,#6405);
#6404 = CARTESIAN_POINT('',(4.996183089593,4.));
#6405 = VECTOR('',#6406,1.);
#6406 = DIRECTION('',(0.,-1.));
#6407 = ( GEOMETRIC_REPRESENTATION_CONTEXT(2) 
PARAMETRIC_REPRESENTATION_CONTEXT() REPRESENTATION_CONTEXT('2D SPACE',''
  ) );
#6408 = PCURVE('',#6409,#6414);
#6409 = CYLINDRICAL_SURFACE('',#6410,0.25);
#6410 = AXIS2_PLACEMENT_3D('',#6411,#6412,#6413);
#6411 = CARTESIAN_POINT('',(30.560196213743,-6.1569670212,-5.));
#6412 = DIRECTION('',(-1.278074975698E-17,-6.388603461007E-17,-1.));
#6413 = DIRECTION('',(-0.259546952295,-0.965730490124,6.50138961635E-17)
  );
#6414 = DEFINITIONAL_REPRESENTATION('',(#6415),#6419);
#6415 = LINE('',#6416,#6417);
#6416 = CARTESIAN_POINT('',(1.287002217587,4.));
#6417 = VECTOR('',#6418,1.);
#6418 = DIRECTION('',(0.,-1.));
#6419 = ( GEOMETRIC_REPRESENTATION_CONTEXT(2) 
PARAMETRIC_REPRESENTATION_CONTEXT() REPRESENTATION_CONTEXT('2D SPACE',''
  ) );
#6420 = ADVANCED_FACE('',(#6421),#4220,.T.);
#6421 = FACE_BOUND('',#6422,.T.);
#6422 = EDGE_LOOP('',(#6423,#6424,#6445,#6446));
#6423 = ORIENTED_EDGE('',*,*,#4884,.T.);
#6424 = ORIENTED_EDGE('',*,*,#6425,.T.);
#6425 = EDGE_CURVE('',#4856,#4199,#6426,.T.);
#6426 = SURFACE_CURVE('',#6427,(#6431,#6438),.PCURVE_S1.);
#6427 = LINE('',#6428,#6429);
#6428 = CARTESIAN_POINT('',(29.464474626589,-10.23396247826,-13.));
#6429 = VECTOR('',#6430,1.);
#6430 = DIRECTION('',(-1.28931872002E-18,1.153367983869E-17,1.));
#6431 = PCURVE('',#4220,#6432);
#6432 = DEFINITIONAL_REPRESENTATION('',(#6433),#6437);
#6433 = LINE('',#6434,#6435);
#6434 = CARTESIAN_POINT('',(3.14159265359,0.));
#6435 = VECTOR('',#6436,1.);
#6436 = DIRECTION('',(0.,1.));
#6437 = ( GEOMETRIC_REPRESENTATION_CONTEXT(2) 
PARAMETRIC_REPRESENTATION_CONTEXT() REPRESENTATION_CONTEXT('2D SPACE',''
  ) );
#6438 = PCURVE('',#4338,#6439);
#6439 = DEFINITIONAL_REPRESENTATION('',(#6440),#6444);
#6440 = LINE('',#6441,#6442);
#6441 = CARTESIAN_POINT('',(3.14159265359,0.));
#6442 = VECTOR('',#6443,1.);
#6443 = DIRECTION('',(0.,1.));
#6444 = ( GEOMETRIC_REPRESENTATION_CONTEXT(2) 
PARAMETRIC_REPRESENTATION_CONTEXT() REPRESENTATION_CONTEXT('2D SPACE',''
  ) );
#6445 = ORIENTED_EDGE('',*,*,#4196,.F.);
#6446 = ORIENTED_EDGE('',*,*,#6447,.F.);
#6447 = EDGE_CURVE('',#4885,#4197,#6448,.T.);
#6448 = SURFACE_CURVE('',#6449,(#6453,#6460),.PCURVE_S1.);
#6449 = LINE('',#6450,#6451);
#6450 = CARTESIAN_POINT('',(29.279417760373,-9.997839721493,-9.));
#6451 = VECTOR('',#6452,1.);
#6452 = DIRECTION('',(-1.28931872002E-18,1.153367983869E-17,1.));
#6453 = PCURVE('',#4220,#6454);
#6454 = DEFINITIONAL_REPRESENTATION('',(#6455),#6459);
#6455 = LINE('',#6456,#6457);
#6456 = CARTESIAN_POINT('',(1.854590436003,4.));
#6457 = VECTOR('',#6458,1.);
#6458 = DIRECTION('',(0.,1.));
#6459 = ( GEOMETRIC_REPRESENTATION_CONTEXT(2) 
PARAMETRIC_REPRESENTATION_CONTEXT() REPRESENTATION_CONTEXT('2D SPACE',''
  ) );
#6460 = PCURVE('',#6461,#6466);
#6461 = CYLINDRICAL_SURFACE('',#6462,0.25);
#6462 = AXIS2_PLACEMENT_3D('',#6463,#6464,#6465);
#6463 = CARTESIAN_POINT('',(29.065810729404,-9.867947318633,-13.));
#6464 = DIRECTION('',(-1.28931872002E-18,1.153367983869E-17,1.));
#6465 = DIRECTION('',(0.259546952295,0.965730490124,-1.080378753923E-17)
  );
#6466 = DEFINITIONAL_REPRESENTATION('',(#6467),#6471);
#6467 = LINE('',#6468,#6469);
#6468 = CARTESIAN_POINT('',(4.428594871176,4.));
#6469 = VECTOR('',#6470,1.);
#6470 = DIRECTION('',(0.,1.));
#6471 = ( GEOMETRIC_REPRESENTATION_CONTEXT(2) 
PARAMETRIC_REPRESENTATION_CONTEXT() REPRESENTATION_CONTEXT('2D SPACE',''
  ) );
#6472 = ADVANCED_FACE('',(#6473),#4338,.T.);
#6473 = FACE_BOUND('',#6474,.T.);
#6474 = EDGE_LOOP('',(#6475,#6476,#6477,#6498));
#6475 = ORIENTED_EDGE('',*,*,#6425,.F.);
#6476 = ORIENTED_EDGE('',*,*,#5011,.T.);
#6477 = ORIENTED_EDGE('',*,*,#6478,.T.);
#6478 = EDGE_CURVE('',#4988,#4322,#6479,.T.);
#6479 = SURFACE_CURVE('',#6480,(#6484,#6491),.PCURVE_S1.);
#6480 = LINE('',#6481,#6482);
#6481 = CARTESIAN_POINT('',(29.594248102737,-9.751097233204,-13.));
#6482 = VECTOR('',#6483,1.);
#6483 = DIRECTION('',(-1.28931872002E-18,1.153367983869E-17,1.));
#6484 = PCURVE('',#4338,#6485);
#6485 = DEFINITIONAL_REPRESENTATION('',(#6486),#6490);
#6486 = LINE('',#6487,#6488);
#6487 = CARTESIAN_POINT('',(6.28318530718,0.));
#6488 = VECTOR('',#6489,1.);
#6489 = DIRECTION('',(0.,1.));
#6490 = ( GEOMETRIC_REPRESENTATION_CONTEXT(2) 
PARAMETRIC_REPRESENTATION_CONTEXT() REPRESENTATION_CONTEXT('2D SPACE',''
  ) );
#6491 = PCURVE('',#6305,#6492);
#6492 = DEFINITIONAL_REPRESENTATION('',(#6493),#6497);
#6493 = LINE('',#6494,#6495);
#6494 = CARTESIAN_POINT('',(0.,0.));
#6495 = VECTOR('',#6496,1.);
#6496 = DIRECTION('',(0.,1.));
#6497 = ( GEOMETRIC_REPRESENTATION_CONTEXT(2) 
PARAMETRIC_REPRESENTATION_CONTEXT() REPRESENTATION_CONTEXT('2D SPACE',''
  ) );
#6498 = ORIENTED_EDGE('',*,*,#4321,.F.);
#6499 = ADVANCED_FACE('',(#6500),#4278,.T.);
#6500 = FACE_BOUND('',#6501,.T.);
#6501 = EDGE_LOOP('',(#6502,#6503,#6524,#6525));
#6502 = ORIENTED_EDGE('',*,*,#4261,.T.);
#6503 = ORIENTED_EDGE('',*,*,#6504,.T.);
#6504 = EDGE_CURVE('',#4233,#4407,#6505,.T.);
#6505 = SURFACE_CURVE('',#6506,(#6510,#6517),.PCURVE_S1.);
#6506 = LINE('',#6507,#6508);
#6507 = CARTESIAN_POINT('',(29.711044231269,-9.316518512648,-4.05));
#6508 = VECTOR('',#6509,1.);
#6509 = DIRECTION('',(0.259546952295,0.965730490124,-4.564996783438E-16)
  );
#6510 = PCURVE('',#4278,#6511);
#6511 = DEFINITIONAL_REPRESENTATION('',(#6512),#6516);
#6512 = LINE('',#6513,#6514);
#6513 = CARTESIAN_POINT('',(3.14159265359,0.));
#6514 = VECTOR('',#6515,1.);
#6515 = DIRECTION('',(-5.525924635543E-15,1.));
#6516 = ( GEOMETRIC_REPRESENTATION_CONTEXT(2) 
PARAMETRIC_REPRESENTATION_CONTEXT() REPRESENTATION_CONTEXT('2D SPACE',''
  ) );
#6517 = PCURVE('',#4389,#6518);
#6518 = DEFINITIONAL_REPRESENTATION('',(#6519),#6523);
#6519 = LINE('',#6520,#6521);
#6520 = CARTESIAN_POINT('',(3.14159265359,0.));
#6521 = VECTOR('',#6522,1.);
#6522 = DIRECTION('',(-5.525924635543E-15,1.));
#6523 = ( GEOMETRIC_REPRESENTATION_CONTEXT(2) 
PARAMETRIC_REPRESENTATION_CONTEXT() REPRESENTATION_CONTEXT('2D SPACE',''
  ) );
#6524 = ORIENTED_EDGE('',*,*,#4404,.F.);
#6525 = ORIENTED_EDGE('',*,*,#6526,.F.);
#6526 = EDGE_CURVE('',#4262,#4405,#6527,.T.);
#6527 = SURFACE_CURVE('',#6528,(#6532,#6539),.PCURVE_S1.);
#6528 = LINE('',#6529,#6530);
#6529 = CARTESIAN_POINT('',(29.813003471573,-8.012457169917,-4.23));
#6530 = VECTOR('',#6531,1.);
#6531 = DIRECTION('',(0.259546952295,0.965730490124,-4.564996783438E-16)
  );
#6532 = PCURVE('',#4278,#6533);
#6533 = DEFINITIONAL_REPRESENTATION('',(#6534),#6538);
#6534 = LINE('',#6535,#6536);
#6535 = CARTESIAN_POINT('',(1.854590436003,1.285835009746));
#6536 = VECTOR('',#6537,1.);
#6537 = DIRECTION('',(1.381481158886E-15,1.));
#6538 = ( GEOMETRIC_REPRESENTATION_CONTEXT(2) 
PARAMETRIC_REPRESENTATION_CONTEXT() REPRESENTATION_CONTEXT('2D SPACE',''
  ) );
#6539 = PCURVE('',#6540,#6545);
#6540 = CYLINDRICAL_SURFACE('',#6541,0.25);
#6541 = AXIS2_PLACEMENT_3D('',#6542,#6543,#6544);
#6542 = CARTESIAN_POINT('',(29.24749359601,-9.191935975547,-4.3));
#6543 = DIRECTION('',(0.259546952295,0.965730490124,-4.564996783438E-16)
  );
#6544 = DIRECTION('',(-1.143896913886E-16,-4.419557909115E-16,-1.));
#6545 = DEFINITIONAL_REPRESENTATION('',(#6546),#6550);
#6546 = LINE('',#6547,#6548);
#6547 = CARTESIAN_POINT('',(4.428594871176,1.285835009746));
#6548 = VECTOR('',#6549,1.);
#6549 = DIRECTION('',(-1.381481158886E-15,1.));
#6550 = ( GEOMETRIC_REPRESENTATION_CONTEXT(2) 
PARAMETRIC_REPRESENTATION_CONTEXT() REPRESENTATION_CONTEXT('2D SPACE',''
  ) );
#6551 = ADVANCED_FACE('',(#6552),#4389,.T.);
#6552 = FACE_BOUND('',#6553,.T.);
#6553 = EDGE_LOOP('',(#6554,#6555,#6556,#6577));
#6554 = ORIENTED_EDGE('',*,*,#6504,.F.);
#6555 = ORIENTED_EDGE('',*,*,#4374,.T.);
#6556 = ORIENTED_EDGE('',*,*,#6557,.T.);
#6557 = EDGE_CURVE('',#4351,#4525,#6558,.T.);
#6558 = SURFACE_CURVE('',#6559,(#6563,#6570),.PCURVE_S1.);
#6559 = LINE('',#6560,#6561);
#6560 = CARTESIAN_POINT('',(29.711044231269,-9.316518512648,-4.55));
#6561 = VECTOR('',#6562,1.);
#6562 = DIRECTION('',(0.259546952295,0.965730490124,-4.564996783438E-16)
  );
#6563 = PCURVE('',#4389,#6564);
#6564 = DEFINITIONAL_REPRESENTATION('',(#6565),#6569);
#6565 = LINE('',#6566,#6567);
#6566 = CARTESIAN_POINT('',(6.28318530718,0.));
#6567 = VECTOR('',#6568,1.);
#6568 = DIRECTION('',(0.,1.));
#6569 = ( GEOMETRIC_REPRESENTATION_CONTEXT(2) 
PARAMETRIC_REPRESENTATION_CONTEXT() REPRESENTATION_CONTEXT('2D SPACE',''
  ) );
#6570 = PCURVE('',#6357,#6571);
#6571 = DEFINITIONAL_REPRESENTATION('',(#6572),#6576);
#6572 = LINE('',#6573,#6574);
#6573 = CARTESIAN_POINT('',(0.,0.));
#6574 = VECTOR('',#6575,1.);
#6575 = DIRECTION('',(0.,1.));
#6576 = ( GEOMETRIC_REPRESENTATION_CONTEXT(2) 
PARAMETRIC_REPRESENTATION_CONTEXT() REPRESENTATION_CONTEXT('2D SPACE',''
  ) );
#6577 = ORIENTED_EDGE('',*,*,#4524,.F.);
#6578 = ADVANCED_FACE('',(#6579),#4481,.T.);
#6579 = FACE_BOUND('',#6580,.T.);
#6580 = EDGE_LOOP('',(#6581,#6582,#6603,#6604));
#6581 = ORIENTED_EDGE('',*,*,#4464,.T.);
#6582 = ORIENTED_EDGE('',*,*,#6583,.T.);
#6583 = EDGE_CURVE('',#4436,#4605,#6584,.T.);
#6584 = SURFACE_CURVE('',#6585,(#6589,#6596),.PCURVE_S1.);
#6585 = LINE('',#6586,#6587);
#6586 = CARTESIAN_POINT('',(30.625082951816,-5.915534398669,-5.));
#6587 = VECTOR('',#6588,1.);
#6588 = DIRECTION('',(-1.278074975698E-17,-6.388603461007E-17,-1.));
#6589 = PCURVE('',#4481,#6590);
#6590 = DEFINITIONAL_REPRESENTATION('',(#6591),#6595);
#6591 = LINE('',#6592,#6593);
#6592 = CARTESIAN_POINT('',(3.14159265359,-9.334985001348E-32));
#6593 = VECTOR('',#6594,1.);
#6594 = DIRECTION('',(0.,1.));
#6595 = ( GEOMETRIC_REPRESENTATION_CONTEXT(2) 
PARAMETRIC_REPRESENTATION_CONTEXT() REPRESENTATION_CONTEXT('2D SPACE',''
  ) );
#6596 = PCURVE('',#4587,#6597);
#6597 = DEFINITIONAL_REPRESENTATION('',(#6598),#6602);
#6598 = LINE('',#6599,#6600);
#6599 = CARTESIAN_POINT('',(3.14159265359,-9.334985001348E-32));
#6600 = VECTOR('',#6601,1.);
#6601 = DIRECTION('',(0.,1.));
#6602 = ( GEOMETRIC_REPRESENTATION_CONTEXT(2) 
PARAMETRIC_REPRESENTATION_CONTEXT() REPRESENTATION_CONTEXT('2D SPACE',''
  ) );
#6603 = ORIENTED_EDGE('',*,*,#4602,.F.);
#6604 = ORIENTED_EDGE('',*,*,#6605,.F.);
#6605 = EDGE_CURVE('',#4465,#4603,#6606,.T.);
#6606 = SURFACE_CURVE('',#6607,(#6611,#6618),.PCURVE_S1.);
#6607 = LINE('',#6608,#6609);
#6608 = CARTESIAN_POINT('',(30.346589182774,-6.027074618341,-9.));
#6609 = VECTOR('',#6610,1.);
#6610 = DIRECTION('',(-1.278074975698E-17,-6.388603461007E-17,-1.));
#6611 = PCURVE('',#4481,#6612);
#6612 = DEFINITIONAL_REPRESENTATION('',(#6613),#6617);
#6613 = LINE('',#6614,#6615);
#6614 = CARTESIAN_POINT('',(1.854590436003,4.));
#6615 = VECTOR('',#6616,1.);
#6616 = DIRECTION('',(0.,1.));
#6617 = ( GEOMETRIC_REPRESENTATION_CONTEXT(2) 
PARAMETRIC_REPRESENTATION_CONTEXT() REPRESENTATION_CONTEXT('2D SPACE',''
  ) );
#6618 = PCURVE('',#6619,#6624);
#6619 = CYLINDRICAL_SURFACE('',#6620,0.25);
#6620 = AXIS2_PLACEMENT_3D('',#6621,#6622,#6623);
#6621 = CARTESIAN_POINT('',(30.096645578483,-6.032384484099,-5.));
#6622 = DIRECTION('',(-1.278074975698E-17,-6.388603461007E-17,-1.));
#6623 = DIRECTION('',(-0.259546952295,-0.965730490124,6.50138961635E-17)
  );
#6624 = DEFINITIONAL_REPRESENTATION('',(#6625),#6629);
#6625 = LINE('',#6626,#6627);
#6626 = CARTESIAN_POINT('',(4.428594871176,4.));
#6627 = VECTOR('',#6628,1.);
#6628 = DIRECTION('',(0.,1.));
#6629 = ( GEOMETRIC_REPRESENTATION_CONTEXT(2) 
PARAMETRIC_REPRESENTATION_CONTEXT() REPRESENTATION_CONTEXT('2D SPACE',''
  ) );
#6630 = ADVANCED_FACE('',(#6631),#4587,.T.);
#6631 = FACE_BOUND('',#6632,.T.);
#6632 = EDGE_LOOP('',(#6633,#6634,#6635,#6656));
#6633 = ORIENTED_EDGE('',*,*,#6583,.F.);
#6634 = ORIENTED_EDGE('',*,*,#4572,.T.);
#6635 = ORIENTED_EDGE('',*,*,#6636,.T.);
#6636 = EDGE_CURVE('',#4549,#4723,#6637,.T.);
#6637 = SURFACE_CURVE('',#6638,(#6642,#6649),.PCURVE_S1.);
#6638 = LINE('',#6639,#6640);
#6639 = CARTESIAN_POINT('',(30.495309475669,-6.398399643731,-5.));
#6640 = VECTOR('',#6641,1.);
#6641 = DIRECTION('',(-1.278074975698E-17,-6.388603461007E-17,-1.));
#6642 = PCURVE('',#4587,#6643);
#6643 = DEFINITIONAL_REPRESENTATION('',(#6644),#6648);
#6644 = LINE('',#6645,#6646);
#6645 = CARTESIAN_POINT('',(6.28318530718,9.334985001348E-32));
#6646 = VECTOR('',#6647,1.);
#6647 = DIRECTION('',(0.,1.));
#6648 = ( GEOMETRIC_REPRESENTATION_CONTEXT(2) 
PARAMETRIC_REPRESENTATION_CONTEXT() REPRESENTATION_CONTEXT('2D SPACE',''
  ) );
#6649 = PCURVE('',#6409,#6650);
#6650 = DEFINITIONAL_REPRESENTATION('',(#6651),#6655);
#6651 = LINE('',#6652,#6653);
#6652 = CARTESIAN_POINT('',(0.,9.334985001348E-32));
#6653 = VECTOR('',#6654,1.);
#6654 = DIRECTION('',(0.,1.));
#6655 = ( GEOMETRIC_REPRESENTATION_CONTEXT(2) 
PARAMETRIC_REPRESENTATION_CONTEXT() REPRESENTATION_CONTEXT('2D SPACE',''
  ) );
#6656 = ORIENTED_EDGE('',*,*,#4722,.F.);
#6657 = ADVANCED_FACE('',(#6658),#4679,.T.);
#6658 = FACE_BOUND('',#6659,.T.);
#6659 = EDGE_LOOP('',(#6660,#6661,#6662,#6683,#6684,#6685));
#6660 = ORIENTED_EDGE('',*,*,#4662,.T.);
#6661 = ORIENTED_EDGE('',*,*,#4799,.T.);
#6662 = ORIENTED_EDGE('',*,*,#6663,.T.);
#6663 = EDGE_CURVE('',#4771,#4940,#6664,.T.);
#6664 = SURFACE_CURVE('',#6665,(#6669,#6676),.PCURVE_S1.);
#6665 = LINE('',#6666,#6667);
#6666 = CARTESIAN_POINT('',(30.619945969667,-6.89786510236,-13.7));
#6667 = VECTOR('',#6668,1.);
#6668 = DIRECTION('',(-0.259546952295,-0.965730490124,1.192240047878E-16
    ));
#6669 = PCURVE('',#4679,#6670);
#6670 = DEFINITIONAL_REPRESENTATION('',(#6671),#6675);
#6671 = LINE('',#6672,#6673);
#6672 = CARTESIAN_POINT('',(6.28318530718,-8.881784197001E-16));
#6673 = VECTOR('',#6674,1.);
#6674 = DIRECTION('',(0.,1.));
#6675 = ( GEOMETRIC_REPRESENTATION_CONTEXT(2) 
PARAMETRIC_REPRESENTATION_CONTEXT() REPRESENTATION_CONTEXT('2D SPACE',''
  ) );
#6676 = PCURVE('',#4787,#6677);
#6677 = DEFINITIONAL_REPRESENTATION('',(#6678),#6682);
#6678 = LINE('',#6679,#6680);
#6679 = CARTESIAN_POINT('',(0.,-8.881784197001E-16));
#6680 = VECTOR('',#6681,1.);
#6681 = DIRECTION('',(0.,1.));
#6682 = ( GEOMETRIC_REPRESENTATION_CONTEXT(2) 
PARAMETRIC_REPRESENTATION_CONTEXT() REPRESENTATION_CONTEXT('2D SPACE',''
  ) );
#6683 = ORIENTED_EDGE('',*,*,#4939,.F.);
#6684 = ORIENTED_EDGE('',*,*,#4824,.F.);
#6685 = ORIENTED_EDGE('',*,*,#6686,.F.);
#6686 = EDGE_CURVE('',#4663,#4825,#6687,.T.);
#6687 = SURFACE_CURVE('',#6688,(#6692,#6699),.PCURVE_S1.);
#6688 = LINE('',#6689,#6690);
#6689 = CARTESIAN_POINT('',(29.813003471573,-8.012457169917,-13.77));
#6690 = VECTOR('',#6691,1.);
#6691 = DIRECTION('',(-0.259546952295,-0.965730490124,1.192240047878E-16
    ));
#6692 = PCURVE('',#4679,#6693);
#6693 = DEFINITIONAL_REPRESENTATION('',(#6694),#6698);
#6694 = LINE('',#6695,#6696);
#6695 = CARTESIAN_POINT('',(3.425386762798,1.285835009746));
#6696 = VECTOR('',#6697,1.);
#6697 = DIRECTION('',(0.,1.));
#6698 = ( GEOMETRIC_REPRESENTATION_CONTEXT(2) 
PARAMETRIC_REPRESENTATION_CONTEXT() REPRESENTATION_CONTEXT('2D SPACE',''
  ) );
#6699 = PCURVE('',#6700,#6705);
#6700 = CYLINDRICAL_SURFACE('',#6701,0.25);
#6701 = AXIS2_PLACEMENT_3D('',#6702,#6703,#6704);
#6702 = CARTESIAN_POINT('',(29.914962711877,-6.708395827185,-13.7));
#6703 = DIRECTION('',(-0.259546952295,-0.965730490124,1.192240047878E-16
    ));
#6704 = DIRECTION('',(0.965730490124,-0.259546952295,4.238665850285E-18)
  );
#6705 = DEFINITIONAL_REPRESENTATION('',(#6706),#6710);
#6706 = LINE('',#6707,#6708);
#6707 = CARTESIAN_POINT('',(5.999391197971,1.285835009746));
#6708 = VECTOR('',#6709,1.);
#6709 = DIRECTION('',(0.,1.));
#6710 = ( GEOMETRIC_REPRESENTATION_CONTEXT(2) 
PARAMETRIC_REPRESENTATION_CONTEXT() REPRESENTATION_CONTEXT('2D SPACE',''
  ) );
#6711 = ADVANCED_FACE('',(#6712),#3958,.T.);
#6712 = FACE_BOUND('',#6713,.T.);
#6713 = EDGE_LOOP('',(#6714,#6715,#6737,#6738));
#6714 = ORIENTED_EDGE('',*,*,#4987,.F.);
#6715 = ORIENTED_EDGE('',*,*,#6716,.T.);
#6716 = EDGE_CURVE('',#4964,#3860,#6717,.T.);
#6717 = SURFACE_CURVE('',#6718,(#6723,#6730),.PCURVE_S1.);
#6718 = CIRCLE('',#6719,0.25);
#6719 = AXIS2_PLACEMENT_3D('',#6720,#6721,#6722);
#6720 = CARTESIAN_POINT('',(29.711044231269,-9.316518512648,-13.7));
#6721 = DIRECTION('',(-0.259546952295,-0.965730490124,3.658519214112E-16
    ));
#6722 = DIRECTION('',(-0.965730490124,0.259546952295,-4.238665850284E-18
    ));
#6723 = PCURVE('',#3958,#6724);
#6724 = DEFINITIONAL_REPRESENTATION('',(#6725),#6729);
#6725 = LINE('',#6726,#6727);
#6726 = CARTESIAN_POINT('',(4.712388980385,7.853981633974));
#6727 = VECTOR('',#6728,1.);
#6728 = DIRECTION('',(-1.38022826622E-15,-1.));
#6729 = ( GEOMETRIC_REPRESENTATION_CONTEXT(2) 
PARAMETRIC_REPRESENTATION_CONTEXT() REPRESENTATION_CONTEXT('2D SPACE',''
  ) );
#6730 = PCURVE('',#4787,#6731);
#6731 = DEFINITIONAL_REPRESENTATION('',(#6732),#6736);
#6732 = LINE('',#6733,#6734);
#6733 = CARTESIAN_POINT('',(-3.14159265359,2.571670019493));
#6734 = VECTOR('',#6735,1.);
#6735 = DIRECTION('',(1.,-6.901141331098E-16));
#6736 = ( GEOMETRIC_REPRESENTATION_CONTEXT(2) 
PARAMETRIC_REPRESENTATION_CONTEXT() REPRESENTATION_CONTEXT('2D SPACE',''
  ) );
#6737 = ORIENTED_EDGE('',*,*,#3943,.F.);
#6738 = ORIENTED_EDGE('',*,*,#6739,.F.);
#6739 = EDGE_CURVE('',#4988,#3920,#6740,.T.);
#6740 = SURFACE_CURVE('',#6741,(#6746,#6753),.PCURVE_S1.);
#6741 = CIRCLE('',#6742,0.25);
#6742 = AXIS2_PLACEMENT_3D('',#6743,#6744,#6745);
#6743 = CARTESIAN_POINT('',(29.529361364663,-9.992529855735,-13.));
#6744 = DIRECTION('',(2.198264433489E-15,-3.24232415865E-16,1.));
#6745 = DIRECTION('',(-0.965730490124,0.259546952295,2.207084524148E-15)
  );
#6746 = PCURVE('',#3958,#6747);
#6747 = DEFINITIONAL_REPRESENTATION('',(#6748),#6752);
#6748 = LINE('',#6749,#6750);
#6749 = CARTESIAN_POINT('',(6.28318530718,7.853981633974));
#6750 = VECTOR('',#6751,1.);
#6751 = DIRECTION('',(0.,-1.));
#6752 = ( GEOMETRIC_REPRESENTATION_CONTEXT(2) 
PARAMETRIC_REPRESENTATION_CONTEXT() REPRESENTATION_CONTEXT('2D SPACE',''
  ) );
#6753 = PCURVE('',#6305,#6754);
#6754 = DEFINITIONAL_REPRESENTATION('',(#6755),#6759);
#6755 = LINE('',#6756,#6757);
#6756 = CARTESIAN_POINT('',(-4.712388980385,-1.626043118037E-15));
#6757 = VECTOR('',#6758,1.);
#6758 = DIRECTION('',(1.,3.450570665549E-16));
#6759 = ( GEOMETRIC_REPRESENTATION_CONTEXT(2) 
PARAMETRIC_REPRESENTATION_CONTEXT() REPRESENTATION_CONTEXT('2D SPACE',''
  ) );
#6760 = ADVANCED_FACE('',(#6761),#4787,.T.);
#6761 = FACE_BOUND('',#6762,.T.);
#6762 = EDGE_LOOP('',(#6763,#6764,#6765,#6787,#6808,#6809));
#6763 = ORIENTED_EDGE('',*,*,#6663,.F.);
#6764 = ORIENTED_EDGE('',*,*,#4770,.T.);
#6765 = ORIENTED_EDGE('',*,*,#6766,.T.);
#6766 = EDGE_CURVE('',#4747,#4143,#6767,.T.);
#6767 = SURFACE_CURVE('',#6768,(#6773,#6780),.PCURVE_S1.);
#6768 = CIRCLE('',#6769,0.25);
#6769 = AXIS2_PLACEMENT_3D('',#6770,#6771,#6772);
#6770 = CARTESIAN_POINT('',(30.378513347136,-6.832978364287,-13.7));
#6771 = DIRECTION('',(-0.259546952295,-0.965730490124,5.607987212962E-17
    ));
#6772 = DIRECTION('',(-0.965730490124,0.259546952295,-4.238665850285E-18
    ));
#6773 = PCURVE('',#4787,#6774);
#6774 = DEFINITIONAL_REPRESENTATION('',(#6775),#6779);
#6775 = LINE('',#6776,#6777);
#6776 = CARTESIAN_POINT('',(-3.14159265359,0.));
#6777 = VECTOR('',#6778,1.);
#6778 = DIRECTION('',(1.,0.));
#6779 = ( GEOMETRIC_REPRESENTATION_CONTEXT(2) 
PARAMETRIC_REPRESENTATION_CONTEXT() REPRESENTATION_CONTEXT('2D SPACE',''
  ) );
#6780 = PCURVE('',#4181,#6781);
#6781 = DEFINITIONAL_REPRESENTATION('',(#6782),#6786);
#6782 = LINE('',#6783,#6784);
#6783 = CARTESIAN_POINT('',(4.712388980385,7.853981633974));
#6784 = VECTOR('',#6785,1.);
#6785 = DIRECTION('',(0.,-1.));
#6786 = ( GEOMETRIC_REPRESENTATION_CONTEXT(2) 
PARAMETRIC_REPRESENTATION_CONTEXT() REPRESENTATION_CONTEXT('2D SPACE',''
  ) );
#6787 = ORIENTED_EDGE('',*,*,#6788,.F.);
#6788 = EDGE_CURVE('',#3860,#4143,#6789,.T.);
#6789 = SURFACE_CURVE('',#6790,(#6794,#6801),.PCURVE_S1.);
#6790 = LINE('',#6791,#6792);
#6791 = CARTESIAN_POINT('',(29.813003471573,-8.012457169917,-13.63));
#6792 = VECTOR('',#6793,1.);
#6793 = DIRECTION('',(0.259546952295,0.965730490124,-1.192240047878E-16)
  );
#6794 = PCURVE('',#4787,#6795);
#6795 = DEFINITIONAL_REPRESENTATION('',(#6796),#6800);
#6796 = LINE('',#6797,#6798);
#6797 = CARTESIAN_POINT('',(2.857798544381,1.285835009746));
#6798 = VECTOR('',#6799,1.);
#6799 = DIRECTION('',(0.,-1.));
#6800 = ( GEOMETRIC_REPRESENTATION_CONTEXT(2) 
PARAMETRIC_REPRESENTATION_CONTEXT() REPRESENTATION_CONTEXT('2D SPACE',''
  ) );
#6801 = PCURVE('',#3883,#6802);
#6802 = DEFINITIONAL_REPRESENTATION('',(#6803),#6807);
#6803 = LINE('',#6804,#6805);
#6804 = CARTESIAN_POINT('',(0.283794109208,1.285835009746));
#6805 = VECTOR('',#6806,1.);
#6806 = DIRECTION('',(0.,-1.));
#6807 = ( GEOMETRIC_REPRESENTATION_CONTEXT(2) 
PARAMETRIC_REPRESENTATION_CONTEXT() REPRESENTATION_CONTEXT('2D SPACE',''
  ) );
#6808 = ORIENTED_EDGE('',*,*,#6716,.F.);
#6809 = ORIENTED_EDGE('',*,*,#4963,.F.);
#6810 = ADVANCED_FACE('',(#6811),#4181,.T.);
#6811 = FACE_BOUND('',#6812,.T.);
#6812 = EDGE_LOOP('',(#6813,#6814,#6836,#6837));
#6813 = ORIENTED_EDGE('',*,*,#4746,.F.);
#6814 = ORIENTED_EDGE('',*,*,#6815,.T.);
#6815 = EDGE_CURVE('',#4723,#4088,#6816,.T.);
#6816 = SURFACE_CURVE('',#6817,(#6822,#6829),.PCURVE_S1.);
#6817 = CIRCLE('',#6818,0.25);
#6818 = AXIS2_PLACEMENT_3D('',#6819,#6820,#6821);
#6819 = CARTESIAN_POINT('',(30.560196213743,-6.1569670212,-13.));
#6820 = DIRECTION('',(2.058749954231E-15,-8.760043279116E-16,-1.));
#6821 = DIRECTION('',(-0.965730490124,0.259546952295,-2.215561855848E-15
    ));
#6822 = PCURVE('',#4181,#6823);
#6823 = DEFINITIONAL_REPRESENTATION('',(#6824),#6828);
#6824 = LINE('',#6825,#6826);
#6825 = CARTESIAN_POINT('',(3.14159265359,7.853981633974));
#6826 = VECTOR('',#6827,1.);
#6827 = DIRECTION('',(1.38022826622E-15,-1.));
#6828 = ( GEOMETRIC_REPRESENTATION_CONTEXT(2) 
PARAMETRIC_REPRESENTATION_CONTEXT() REPRESENTATION_CONTEXT('2D SPACE',''
  ) );
#6829 = PCURVE('',#6409,#6830);
#6830 = DEFINITIONAL_REPRESENTATION('',(#6831),#6835);
#6831 = LINE('',#6832,#6833);
#6832 = CARTESIAN_POINT('',(-4.712388980385,8.));
#6833 = VECTOR('',#6834,1.);
#6834 = DIRECTION('',(1.,1.38022826622E-15));
#6835 = ( GEOMETRIC_REPRESENTATION_CONTEXT(2) 
PARAMETRIC_REPRESENTATION_CONTEXT() REPRESENTATION_CONTEXT('2D SPACE',''
  ) );
#6836 = ORIENTED_EDGE('',*,*,#4166,.F.);
#6837 = ORIENTED_EDGE('',*,*,#6766,.F.);
#6838 = ADVANCED_FACE('',(#6839),#6409,.T.);
#6839 = FACE_BOUND('',#6840,.T.);
#6840 = EDGE_LOOP('',(#6841,#6842,#6864,#6865));
#6841 = ORIENTED_EDGE('',*,*,#6636,.F.);
#6842 = ORIENTED_EDGE('',*,*,#6843,.T.);
#6843 = EDGE_CURVE('',#4549,#4029,#6844,.T.);
#6844 = SURFACE_CURVE('',#6845,(#6850,#6857),.PCURVE_S1.);
#6845 = CIRCLE('',#6846,0.25);
#6846 = AXIS2_PLACEMENT_3D('',#6847,#6848,#6849);
#6847 = CARTESIAN_POINT('',(30.560196213743,-6.1569670212,-5.));
#6848 = DIRECTION('',(2.044679885754E-15,-9.283566826829E-16,-1.));
#6849 = DIRECTION('',(-0.965730490124,0.259546952295,-2.215561855848E-15
    ));
#6850 = PCURVE('',#6409,#6851);
#6851 = DEFINITIONAL_REPRESENTATION('',(#6852),#6856);
#6852 = LINE('',#6853,#6854);
#6853 = CARTESIAN_POINT('',(-4.712388980385,0.));
#6854 = VECTOR('',#6855,1.);
#6855 = DIRECTION('',(1.,0.));
#6856 = ( GEOMETRIC_REPRESENTATION_CONTEXT(2) 
PARAMETRIC_REPRESENTATION_CONTEXT() REPRESENTATION_CONTEXT('2D SPACE',''
  ) );
#6857 = PCURVE('',#4072,#6858);
#6858 = DEFINITIONAL_REPRESENTATION('',(#6859),#6863);
#6859 = LINE('',#6860,#6861);
#6860 = CARTESIAN_POINT('',(3.14159265359,7.853981633974));
#6861 = VECTOR('',#6862,1.);
#6862 = DIRECTION('',(3.450570665549E-16,-1.));
#6863 = ( GEOMETRIC_REPRESENTATION_CONTEXT(2) 
PARAMETRIC_REPRESENTATION_CONTEXT() REPRESENTATION_CONTEXT('2D SPACE',''
  ) );
#6864 = ORIENTED_EDGE('',*,*,#6395,.F.);
#6865 = ORIENTED_EDGE('',*,*,#6815,.F.);
#6866 = ADVANCED_FACE('',(#6867),#4072,.T.);
#6867 = FACE_BOUND('',#6868,.T.);
#6868 = EDGE_LOOP('',(#6869,#6870,#6892,#6893));
#6869 = ORIENTED_EDGE('',*,*,#4548,.F.);
#6870 = ORIENTED_EDGE('',*,*,#6871,.T.);
#6871 = EDGE_CURVE('',#4525,#3974,#6872,.T.);
#6872 = SURFACE_CURVE('',#6873,(#6878,#6885),.PCURVE_S1.);
#6873 = CIRCLE('',#6874,0.25);
#6874 = AXIS2_PLACEMENT_3D('',#6875,#6876,#6877);
#6875 = CARTESIAN_POINT('',(30.378513347136,-6.832978364287,-4.3));
#6876 = DIRECTION('',(0.259546952295,0.965730490124,-7.031275949673E-16)
  );
#6877 = DIRECTION('',(-0.965730490124,0.259546952295,-4.238665850286E-18
    ));
#6878 = PCURVE('',#4072,#6879);
#6879 = DEFINITIONAL_REPRESENTATION('',(#6880),#6884);
#6880 = LINE('',#6881,#6882);
#6881 = CARTESIAN_POINT('',(1.570796326795,7.853981633974));
#6882 = VECTOR('',#6883,1.);
#6883 = DIRECTION('',(0.,-1.));
#6884 = ( GEOMETRIC_REPRESENTATION_CONTEXT(2) 
PARAMETRIC_REPRESENTATION_CONTEXT() REPRESENTATION_CONTEXT('2D SPACE',''
  ) );
#6885 = PCURVE('',#6357,#6886);
#6886 = DEFINITIONAL_REPRESENTATION('',(#6887),#6891);
#6887 = LINE('',#6888,#6889);
#6888 = CARTESIAN_POINT('',(-4.712388980385,2.571670019493));
#6889 = VECTOR('',#6890,1.);
#6890 = DIRECTION('',(1.,0.));
#6891 = ( GEOMETRIC_REPRESENTATION_CONTEXT(2) 
PARAMETRIC_REPRESENTATION_CONTEXT() REPRESENTATION_CONTEXT('2D SPACE',''
  ) );
#6892 = ORIENTED_EDGE('',*,*,#4057,.F.);
#6893 = ORIENTED_EDGE('',*,*,#6843,.F.);
#6894 = ADVANCED_FACE('',(#6895),#6357,.T.);
#6895 = FACE_BOUND('',#6896,.T.);
#6896 = EDGE_LOOP('',(#6897,#6898,#6920,#6921));
#6897 = ORIENTED_EDGE('',*,*,#6557,.F.);
#6898 = ORIENTED_EDGE('',*,*,#6899,.T.);
#6899 = EDGE_CURVE('',#4351,#3801,#6900,.T.);
#6900 = SURFACE_CURVE('',#6901,(#6906,#6913),.PCURVE_S1.);
#6901 = CIRCLE('',#6902,0.25);
#6902 = AXIS2_PLACEMENT_3D('',#6903,#6904,#6905);
#6903 = CARTESIAN_POINT('',(29.711044231269,-9.316518512648,-4.3));
#6904 = DIRECTION('',(0.259546952295,0.965730490124,-3.658519214112E-16)
  );
#6905 = DIRECTION('',(-0.965730490124,0.259546952295,-4.238665850285E-18
    ));
#6906 = PCURVE('',#6357,#6907);
#6907 = DEFINITIONAL_REPRESENTATION('',(#6908),#6912);
#6908 = LINE('',#6909,#6910);
#6909 = CARTESIAN_POINT('',(-4.712388980385,-6.504172472149E-15));
#6910 = VECTOR('',#6911,1.);
#6911 = DIRECTION('',(1.,1.38022826622E-15));
#6912 = ( GEOMETRIC_REPRESENTATION_CONTEXT(2) 
PARAMETRIC_REPRESENTATION_CONTEXT() REPRESENTATION_CONTEXT('2D SPACE',''
  ) );
#6913 = PCURVE('',#3844,#6914);
#6914 = DEFINITIONAL_REPRESENTATION('',(#6915),#6919);
#6915 = LINE('',#6916,#6917);
#6916 = CARTESIAN_POINT('',(1.570796326795,7.853981633974));
#6917 = VECTOR('',#6918,1.);
#6918 = DIRECTION('',(2.242870932607E-15,-1.));
#6919 = ( GEOMETRIC_REPRESENTATION_CONTEXT(2) 
PARAMETRIC_REPRESENTATION_CONTEXT() REPRESENTATION_CONTEXT('2D SPACE',''
  ) );
#6920 = ORIENTED_EDGE('',*,*,#6343,.F.);
#6921 = ORIENTED_EDGE('',*,*,#6871,.F.);
#6922 = ADVANCED_FACE('',(#6923),#3844,.T.);
#6923 = FACE_BOUND('',#6924,.T.);
#6924 = EDGE_LOOP('',(#6925,#6926,#6948,#6949));
#6925 = ORIENTED_EDGE('',*,*,#4350,.F.);
#6926 = ORIENTED_EDGE('',*,*,#6927,.T.);
#6927 = EDGE_CURVE('',#4322,#3719,#6928,.T.);
#6928 = SURFACE_CURVE('',#6929,(#6934,#6941),.PCURVE_S1.);
#6929 = CIRCLE('',#6930,0.25);
#6930 = AXIS2_PLACEMENT_3D('',#6931,#6932,#6933);
#6931 = CARTESIAN_POINT('',(29.529361364663,-9.992529855735,-5.));
#6932 = DIRECTION('',(2.198264433489E-15,-3.24232415865E-16,1.));
#6933 = DIRECTION('',(-0.965730490124,0.259546952295,2.207084524148E-15)
  );
#6934 = PCURVE('',#3844,#6935);
#6935 = DEFINITIONAL_REPRESENTATION('',(#6936),#6940);
#6936 = LINE('',#6937,#6938);
#6937 = CARTESIAN_POINT('',(0.,7.853981633974));
#6938 = VECTOR('',#6939,1.);
#6939 = DIRECTION('',(0.,-1.));
#6940 = ( GEOMETRIC_REPRESENTATION_CONTEXT(2) 
PARAMETRIC_REPRESENTATION_CONTEXT() REPRESENTATION_CONTEXT('2D SPACE',''
  ) );
#6941 = PCURVE('',#6305,#6942);
#6942 = DEFINITIONAL_REPRESENTATION('',(#6943),#6947);
#6943 = LINE('',#6944,#6945);
#6944 = CARTESIAN_POINT('',(-4.712388980385,8.));
#6945 = VECTOR('',#6946,1.);
#6946 = DIRECTION('',(1.,0.));
#6947 = ( GEOMETRIC_REPRESENTATION_CONTEXT(2) 
PARAMETRIC_REPRESENTATION_CONTEXT() REPRESENTATION_CONTEXT('2D SPACE',''
  ) );
#6948 = ORIENTED_EDGE('',*,*,#3829,.F.);
#6949 = ORIENTED_EDGE('',*,*,#6899,.F.);
#6950 = ADVANCED_FACE('',(#6951),#6305,.T.);
#6951 = FACE_BOUND('',#6952,.T.);
#6952 = EDGE_LOOP('',(#6953,#6954,#6955,#6956));
#6953 = ORIENTED_EDGE('',*,*,#6478,.F.);
#6954 = ORIENTED_EDGE('',*,*,#6739,.T.);
#6955 = ORIENTED_EDGE('',*,*,#6291,.F.);
#6956 = ORIENTED_EDGE('',*,*,#6927,.F.);
#6957 = ADVANCED_FACE('',(#6958),#6700,.T.);
#6958 = FACE_BOUND('',#6959,.T.);
#6959 = EDGE_LOOP('',(#6960,#6984,#6985,#7009));
#6960 = ORIENTED_EDGE('',*,*,#6961,.T.);
#6961 = EDGE_CURVE('',#6962,#4663,#6964,.T.);
#6962 = VERTEX_POINT('',#6963);
#6963 = CARTESIAN_POINT('',(29.683187394247,-6.646104558635,-13.77));
#6964 = SURFACE_CURVE('',#6965,(#6970,#6977),.PCURVE_S1.);
#6965 = CIRCLE('',#6966,0.25);
#6966 = AXIS2_PLACEMENT_3D('',#6967,#6968,#6969);
#6967 = CARTESIAN_POINT('',(29.914962711877,-6.708395827185,-13.7));
#6968 = DIRECTION('',(-0.259546952295,-0.965730490124,5.607987212962E-17
    ));
#6969 = DIRECTION('',(-0.965730490124,0.259546952295,-4.238665850285E-18
    ));
#6970 = PCURVE('',#6700,#6971);
#6971 = DEFINITIONAL_REPRESENTATION('',(#6972),#6976);
#6972 = LINE('',#6973,#6974);
#6973 = CARTESIAN_POINT('',(3.14159265359,1.874282002229E-15));
#6974 = VECTOR('',#6975,1.);
#6975 = DIRECTION('',(1.,-3.450570665549E-16));
#6976 = ( GEOMETRIC_REPRESENTATION_CONTEXT(2) 
PARAMETRIC_REPRESENTATION_CONTEXT() REPRESENTATION_CONTEXT('2D SPACE',''
  ) );
#6977 = PCURVE('',#4706,#6978);
#6978 = DEFINITIONAL_REPRESENTATION('',(#6979),#6983);
#6979 = LINE('',#6980,#6981);
#6980 = CARTESIAN_POINT('',(4.712388980385,7.853981633974));
#6981 = VECTOR('',#6982,1.);
#6982 = DIRECTION('',(-3.450570665549E-16,-1.));
#6983 = ( GEOMETRIC_REPRESENTATION_CONTEXT(2) 
PARAMETRIC_REPRESENTATION_CONTEXT() REPRESENTATION_CONTEXT('2D SPACE',''
  ) );
#6984 = ORIENTED_EDGE('',*,*,#6686,.T.);
#6985 = ORIENTED_EDGE('',*,*,#6986,.F.);
#6986 = EDGE_CURVE('',#6987,#4825,#6989,.T.);
#6987 = VERTEX_POINT('',#6988);
#6988 = CARTESIAN_POINT('',(29.01571827838,-9.129644706996,-13.77));
#6989 = SURFACE_CURVE('',#6990,(#6995,#7002),.PCURVE_S1.);
#6990 = CIRCLE('',#6991,0.25);
#6991 = AXIS2_PLACEMENT_3D('',#6992,#6993,#6994);
#6992 = CARTESIAN_POINT('',(29.24749359601,-9.191935975547,-13.7));
#6993 = DIRECTION('',(-0.259546952295,-0.965730490124,3.658519214112E-16
    ));
#6994 = DIRECTION('',(-0.965730490124,0.259546952295,-4.238665850284E-18
    ));
#6995 = PCURVE('',#6700,#6996);
#6996 = DEFINITIONAL_REPRESENTATION('',(#6997),#7001);
#6997 = LINE('',#6998,#6999);
#6998 = CARTESIAN_POINT('',(3.14159265359,2.571670019493));
#6999 = VECTOR('',#7000,1.);
#7000 = DIRECTION('',(1.,-3.450570665549E-16));
#7001 = ( GEOMETRIC_REPRESENTATION_CONTEXT(2) 
PARAMETRIC_REPRESENTATION_CONTEXT() REPRESENTATION_CONTEXT('2D SPACE',''
  ) );
#7002 = PCURVE('',#4923,#7003);
#7003 = DEFINITIONAL_REPRESENTATION('',(#7004),#7008);
#7004 = LINE('',#7005,#7006);
#7005 = CARTESIAN_POINT('',(4.712388980385,7.853981633974));
#7006 = VECTOR('',#7007,1.);
#7007 = DIRECTION('',(-3.450570665549E-16,-1.));
#7008 = ( GEOMETRIC_REPRESENTATION_CONTEXT(2) 
PARAMETRIC_REPRESENTATION_CONTEXT() REPRESENTATION_CONTEXT('2D SPACE',''
  ) );
#7009 = ORIENTED_EDGE('',*,*,#7010,.F.);
#7010 = EDGE_CURVE('',#6962,#6987,#7011,.T.);
#7011 = SURFACE_CURVE('',#7012,(#7016,#7023),.PCURVE_S1.);
#7012 = LINE('',#7013,#7014);
#7013 = CARTESIAN_POINT('',(29.349452836314,-7.887874632815,-13.77));
#7014 = VECTOR('',#7015,1.);
#7015 = DIRECTION('',(-0.259546952295,-0.965730490124,1.192240047878E-16
    ));
#7016 = PCURVE('',#6700,#7017);
#7017 = DEFINITIONAL_REPRESENTATION('',(#7018),#7022);
#7018 = LINE('',#7019,#7020);
#7019 = CARTESIAN_POINT('',(3.425386762798,1.285835009746));
#7020 = VECTOR('',#7021,1.);
#7021 = DIRECTION('',(-1.554166303746E-15,1.));
#7022 = ( GEOMETRIC_REPRESENTATION_CONTEXT(2) 
PARAMETRIC_REPRESENTATION_CONTEXT() REPRESENTATION_CONTEXT('2D SPACE',''
  ) );
#7023 = PCURVE('',#7024,#7029);
#7024 = CYLINDRICAL_SURFACE('',#7025,0.25);
#7025 = AXIS2_PLACEMENT_3D('',#7026,#7027,#7028);
#7026 = CARTESIAN_POINT('',(29.451412076618,-6.583813290084,-13.7));
#7027 = DIRECTION('',(-0.259546952295,-0.965730490124,1.192240047878E-16
    ));
#7028 = DIRECTION('',(0.965730490124,-0.259546952295,4.238665850285E-18)
  );
#7029 = DEFINITIONAL_REPRESENTATION('',(#7030),#7034);
#7030 = LINE('',#7031,#7032);
#7031 = CARTESIAN_POINT('',(5.999391197971,1.285835009746));
#7032 = VECTOR('',#7033,1.);
#7033 = DIRECTION('',(-1.381481158886E-15,1.));
#7034 = ( GEOMETRIC_REPRESENTATION_CONTEXT(2) 
PARAMETRIC_REPRESENTATION_CONTEXT() REPRESENTATION_CONTEXT('2D SPACE',''
  ) );
#7035 = ADVANCED_FACE('',(#7036),#3703,.T.);
#7036 = FACE_BOUND('',#7037,.T.);
#7037 = EDGE_LOOP('',(#7038,#7039,#7061,#7062));
#7038 = ORIENTED_EDGE('',*,*,#4118,.F.);
#7039 = ORIENTED_EDGE('',*,*,#7040,.T.);
#7040 = EDGE_CURVE('',#4090,#3610,#7041,.T.);
#7041 = SURFACE_CURVE('',#7042,(#7047,#7054),.PCURVE_S1.);
#7042 = CIRCLE('',#7043,0.25);
#7043 = AXIS2_PLACEMENT_3D('',#7044,#7045,#7046);
#7044 = CARTESIAN_POINT('',(30.096645578483,-6.032384484099,-13.));
#7045 = DIRECTION('',(2.058749954231E-15,-8.760043279116E-16,-1.));
#7046 = DIRECTION('',(-0.965730490124,0.259546952295,-2.215561855848E-15
    ));
#7047 = PCURVE('',#3703,#7048);
#7048 = DEFINITIONAL_REPRESENTATION('',(#7049),#7053);
#7049 = LINE('',#7050,#7051);
#7050 = CARTESIAN_POINT('',(3.14159265359,7.853981633974));
#7051 = VECTOR('',#7052,1.);
#7052 = DIRECTION('',(1.38022826622E-15,-1.));
#7053 = ( GEOMETRIC_REPRESENTATION_CONTEXT(2) 
PARAMETRIC_REPRESENTATION_CONTEXT() REPRESENTATION_CONTEXT('2D SPACE',''
  ) );
#7054 = PCURVE('',#6253,#7055);
#7055 = DEFINITIONAL_REPRESENTATION('',(#7056),#7060);
#7056 = LINE('',#7057,#7058);
#7057 = CARTESIAN_POINT('',(-4.712388980385,8.));
#7058 = VECTOR('',#7059,1.);
#7059 = DIRECTION('',(1.,1.38022826622E-15));
#7060 = ( GEOMETRIC_REPRESENTATION_CONTEXT(2) 
PARAMETRIC_REPRESENTATION_CONTEXT() REPRESENTATION_CONTEXT('2D SPACE',''
  ) );
#7061 = ORIENTED_EDGE('',*,*,#3688,.F.);
#7062 = ORIENTED_EDGE('',*,*,#7063,.F.);
#7063 = EDGE_CURVE('',#4119,#3665,#7064,.T.);
#7064 = SURFACE_CURVE('',#7065,(#7070,#7077),.PCURVE_S1.);
#7065 = CIRCLE('',#7066,0.25);
#7066 = AXIS2_PLACEMENT_3D('',#7067,#7068,#7069);
#7067 = CARTESIAN_POINT('',(29.914962711877,-6.708395827185,-13.7));
#7068 = DIRECTION('',(-0.259546952295,-0.965730490124,5.607987212962E-17
    ));
#7069 = DIRECTION('',(-0.965730490124,0.259546952295,-4.238665850285E-18
    ));
#7070 = PCURVE('',#3703,#7071);
#7071 = DEFINITIONAL_REPRESENTATION('',(#7072),#7076);
#7072 = LINE('',#7073,#7074);
#7073 = CARTESIAN_POINT('',(4.712388980385,7.853981633974));
#7074 = VECTOR('',#7075,1.);
#7075 = DIRECTION('',(0.,-1.));
#7076 = ( GEOMETRIC_REPRESENTATION_CONTEXT(2) 
PARAMETRIC_REPRESENTATION_CONTEXT() REPRESENTATION_CONTEXT('2D SPACE',''
  ) );
#7077 = PCURVE('',#3883,#7078);
#7078 = DEFINITIONAL_REPRESENTATION('',(#7079),#7083);
#7079 = LINE('',#7080,#7081);
#7080 = CARTESIAN_POINT('',(-3.14159265359,1.7763568394E-15));
#7081 = VECTOR('',#7082,1.);
#7082 = DIRECTION('',(1.,0.));
#7083 = ( GEOMETRIC_REPRESENTATION_CONTEXT(2) 
PARAMETRIC_REPRESENTATION_CONTEXT() REPRESENTATION_CONTEXT('2D SPACE',''
  ) );
#7084 = ADVANCED_FACE('',(#7085),#6619,.T.);
#7085 = FACE_BOUND('',#7086,.T.);
#7086 = EDGE_LOOP('',(#7087,#7111,#7112,#7136));
#7087 = ORIENTED_EDGE('',*,*,#7088,.T.);
#7088 = EDGE_CURVE('',#7089,#4465,#7091,.T.);
#7089 = VERTEX_POINT('',#7090);
#7090 = CARTESIAN_POINT('',(29.883038547514,-5.902492081239,-5.));
#7091 = SURFACE_CURVE('',#7092,(#7097,#7104),.PCURVE_S1.);
#7092 = CIRCLE('',#7093,0.25);
#7093 = AXIS2_PLACEMENT_3D('',#7094,#7095,#7096);
#7094 = CARTESIAN_POINT('',(30.096645578483,-6.032384484099,-5.));
#7095 = DIRECTION('',(2.044679885754E-15,-9.283566826829E-16,-1.));
#7096 = DIRECTION('',(-0.965730490124,0.259546952295,-2.215561855848E-15
    ));
#7097 = PCURVE('',#6619,#7098);
#7098 = DEFINITIONAL_REPRESENTATION('',(#7099),#7103);
#7099 = LINE('',#7100,#7101);
#7100 = CARTESIAN_POINT('',(1.570796326795,4.896258141449E-17));
#7101 = VECTOR('',#7102,1.);
#7102 = DIRECTION('',(1.,-1.725285332774E-16));
#7103 = ( GEOMETRIC_REPRESENTATION_CONTEXT(2) 
PARAMETRIC_REPRESENTATION_CONTEXT() REPRESENTATION_CONTEXT('2D SPACE',''
  ) );
#7104 = PCURVE('',#4508,#7105);
#7105 = DEFINITIONAL_REPRESENTATION('',(#7106),#7110);
#7106 = LINE('',#7107,#7108);
#7107 = CARTESIAN_POINT('',(3.14159265359,7.853981633974));
#7108 = VECTOR('',#7109,1.);
#7109 = DIRECTION('',(-5.175855998323E-16,-1.));
#7110 = ( GEOMETRIC_REPRESENTATION_CONTEXT(2) 
PARAMETRIC_REPRESENTATION_CONTEXT() REPRESENTATION_CONTEXT('2D SPACE',''
  ) );
#7111 = ORIENTED_EDGE('',*,*,#6605,.T.);
#7112 = ORIENTED_EDGE('',*,*,#7113,.F.);
#7113 = EDGE_CURVE('',#7114,#4603,#7116,.T.);
#7114 = VERTEX_POINT('',#7115);
#7115 = CARTESIAN_POINT('',(29.883038547514,-5.902492081239,-13.));
#7116 = SURFACE_CURVE('',#7117,(#7122,#7129),.PCURVE_S1.);
#7117 = CIRCLE('',#7118,0.25);
#7118 = AXIS2_PLACEMENT_3D('',#7119,#7120,#7121);
#7119 = CARTESIAN_POINT('',(30.096645578483,-6.032384484099,-13.));
#7120 = DIRECTION('',(2.058749954231E-15,-8.760043279116E-16,-1.));
#7121 = DIRECTION('',(-0.965730490124,0.259546952295,-2.215561855848E-15
    ));
#7122 = PCURVE('',#6619,#7123);
#7123 = DEFINITIONAL_REPRESENTATION('',(#7124),#7128);
#7124 = LINE('',#7125,#7126);
#7125 = CARTESIAN_POINT('',(1.570796326795,8.));
#7126 = VECTOR('',#7127,1.);
#7127 = DIRECTION('',(1.,-1.035171199665E-15));
#7128 = ( GEOMETRIC_REPRESENTATION_CONTEXT(2) 
PARAMETRIC_REPRESENTATION_CONTEXT() REPRESENTATION_CONTEXT('2D SPACE',''
  ) );
#7129 = PCURVE('',#4706,#7130);
#7130 = DEFINITIONAL_REPRESENTATION('',(#7131),#7135);
#7131 = LINE('',#7132,#7133);
#7132 = CARTESIAN_POINT('',(3.14159265359,7.853981633974));
#7133 = VECTOR('',#7134,1.);
#7134 = DIRECTION('',(-6.901141331098E-16,-1.));
#7135 = ( GEOMETRIC_REPRESENTATION_CONTEXT(2) 
PARAMETRIC_REPRESENTATION_CONTEXT() REPRESENTATION_CONTEXT('2D SPACE',''
  ) );
#7136 = ORIENTED_EDGE('',*,*,#7137,.F.);
#7137 = EDGE_CURVE('',#7089,#7114,#7138,.T.);
#7138 = SURFACE_CURVE('',#7139,(#7143,#7150),.PCURVE_S1.);
#7139 = LINE('',#7140,#7141);
#7140 = CARTESIAN_POINT('',(29.883038547514,-5.902492081239,-9.));
#7141 = VECTOR('',#7142,1.);
#7142 = DIRECTION('',(-1.278074975698E-17,-6.388603461007E-17,-1.));
#7143 = PCURVE('',#6619,#7144);
#7144 = DEFINITIONAL_REPRESENTATION('',(#7145),#7149);
#7145 = LINE('',#7146,#7147);
#7146 = CARTESIAN_POINT('',(1.854590436003,4.));
#7147 = VECTOR('',#7148,1.);
#7148 = DIRECTION('',(0.,1.));
#7149 = ( GEOMETRIC_REPRESENTATION_CONTEXT(2) 
PARAMETRIC_REPRESENTATION_CONTEXT() REPRESENTATION_CONTEXT('2D SPACE',''
  ) );
#7150 = PCURVE('',#7151,#7156);
#7151 = CYLINDRICAL_SURFACE('',#7152,0.25);
#7152 = AXIS2_PLACEMENT_3D('',#7153,#7154,#7155);
#7153 = CARTESIAN_POINT('',(29.633094943224,-5.907801946997,-5.));
#7154 = DIRECTION('',(-1.278074975698E-17,-6.388603461007E-17,-1.));
#7155 = DIRECTION('',(-0.259546952295,-0.965730490124,6.50138961635E-17)
  );
#7156 = DEFINITIONAL_REPRESENTATION('',(#7157),#7161);
#7157 = LINE('',#7158,#7159);
#7158 = CARTESIAN_POINT('',(4.428594871176,4.));
#7159 = VECTOR('',#7160,1.);
#7160 = DIRECTION('',(0.,1.));
#7161 = ( GEOMETRIC_REPRESENTATION_CONTEXT(2) 
PARAMETRIC_REPRESENTATION_CONTEXT() REPRESENTATION_CONTEXT('2D SPACE',''
  ) );
#7162 = ADVANCED_FACE('',(#7163),#3594,.T.);
#7163 = FACE_BOUND('',#7164,.T.);
#7164 = EDGE_LOOP('',(#7165,#7166,#7188,#7189));
#7165 = ORIENTED_EDGE('',*,*,#4004,.F.);
#7166 = ORIENTED_EDGE('',*,*,#7167,.T.);
#7167 = EDGE_CURVE('',#3976,#3496,#7168,.T.);
#7168 = SURFACE_CURVE('',#7169,(#7174,#7181),.PCURVE_S1.);
#7169 = CIRCLE('',#7170,0.25);
#7170 = AXIS2_PLACEMENT_3D('',#7171,#7172,#7173);
#7171 = CARTESIAN_POINT('',(29.914962711877,-6.708395827185,-4.3));
#7172 = DIRECTION('',(0.259546952295,0.965730490124,-7.031275949673E-16)
  );
#7173 = DIRECTION('',(-0.965730490124,0.259546952295,-4.238665850286E-18
    ));
#7174 = PCURVE('',#3594,#7175);
#7175 = DEFINITIONAL_REPRESENTATION('',(#7176),#7180);
#7176 = LINE('',#7177,#7178);
#7177 = CARTESIAN_POINT('',(1.570796326795,7.853981633974));
#7178 = VECTOR('',#7179,1.);
#7179 = DIRECTION('',(2.242870932607E-15,-1.));
#7180 = ( GEOMETRIC_REPRESENTATION_CONTEXT(2) 
PARAMETRIC_REPRESENTATION_CONTEXT() REPRESENTATION_CONTEXT('2D SPACE',''
  ) );
#7181 = PCURVE('',#6201,#7182);
#7182 = DEFINITIONAL_REPRESENTATION('',(#7183),#7187);
#7183 = LINE('',#7184,#7185);
#7184 = CARTESIAN_POINT('',(-4.712388980385,2.571670019493));
#7185 = VECTOR('',#7186,1.);
#7186 = DIRECTION('',(1.,1.38022826622E-15));
#7187 = ( GEOMETRIC_REPRESENTATION_CONTEXT(2) 
PARAMETRIC_REPRESENTATION_CONTEXT() REPRESENTATION_CONTEXT('2D SPACE',''
  ) );
#7188 = ORIENTED_EDGE('',*,*,#3579,.F.);
#7189 = ORIENTED_EDGE('',*,*,#7190,.F.);
#7190 = EDGE_CURVE('',#4005,#3551,#7191,.T.);
#7191 = SURFACE_CURVE('',#7192,(#7197,#7204),.PCURVE_S1.);
#7192 = CIRCLE('',#7193,0.25);
#7193 = AXIS2_PLACEMENT_3D('',#7194,#7195,#7196);
#7194 = CARTESIAN_POINT('',(30.096645578483,-6.032384484099,-5.));
#7195 = DIRECTION('',(2.044679885754E-15,-9.283566826829E-16,-1.));
#7196 = DIRECTION('',(-0.965730490124,0.259546952295,-2.215561855848E-15
    ));
#7197 = PCURVE('',#3594,#7198);
#7198 = DEFINITIONAL_REPRESENTATION('',(#7199),#7203);
#7199 = LINE('',#7200,#7201);
#7200 = CARTESIAN_POINT('',(3.14159265359,7.853981633974));
#7201 = VECTOR('',#7202,1.);
#7202 = DIRECTION('',(3.450570665549E-16,-1.));
#7203 = ( GEOMETRIC_REPRESENTATION_CONTEXT(2) 
PARAMETRIC_REPRESENTATION_CONTEXT() REPRESENTATION_CONTEXT('2D SPACE',''
  ) );
#7204 = PCURVE('',#6253,#7205);
#7205 = DEFINITIONAL_REPRESENTATION('',(#7206),#7210);
#7206 = LINE('',#7207,#7208);
#7207 = CARTESIAN_POINT('',(-4.712388980385,0.));
#7208 = VECTOR('',#7209,1.);
#7209 = DIRECTION('',(1.,0.));
#7210 = ( GEOMETRIC_REPRESENTATION_CONTEXT(2) 
PARAMETRIC_REPRESENTATION_CONTEXT() REPRESENTATION_CONTEXT('2D SPACE',''
  ) );
#7211 = ADVANCED_FACE('',(#7212),#6540,.T.);
#7212 = FACE_BOUND('',#7213,.T.);
#7213 = EDGE_LOOP('',(#7214,#7238,#7239,#7263));
#7214 = ORIENTED_EDGE('',*,*,#7215,.T.);
#7215 = EDGE_CURVE('',#7216,#4262,#7218,.T.);
#7216 = VERTEX_POINT('',#7217);
#7217 = CARTESIAN_POINT('',(29.01571827838,-9.129644706996,-4.23));
#7218 = SURFACE_CURVE('',#7219,(#7224,#7231),.PCURVE_S1.);
#7219 = CIRCLE('',#7220,0.25);
#7220 = AXIS2_PLACEMENT_3D('',#7221,#7222,#7223);
#7221 = CARTESIAN_POINT('',(29.24749359601,-9.191935975547,-4.3));
#7222 = DIRECTION('',(0.259546952295,0.965730490124,-3.658519214112E-16)
  );
#7223 = DIRECTION('',(-0.965730490124,0.259546952295,-4.238665850285E-18
    ));
#7224 = PCURVE('',#6540,#7225);
#7225 = DEFINITIONAL_REPRESENTATION('',(#7226),#7230);
#7226 = LINE('',#7227,#7228);
#7227 = CARTESIAN_POINT('',(1.570796326795,9.861035825291E-16));
#7228 = VECTOR('',#7229,1.);
#7229 = DIRECTION('',(1.,-3.450570665549E-16));
#7230 = ( GEOMETRIC_REPRESENTATION_CONTEXT(2) 
PARAMETRIC_REPRESENTATION_CONTEXT() REPRESENTATION_CONTEXT('2D SPACE',''
  ) );
#7231 = PCURVE('',#4305,#7232);
#7232 = DEFINITIONAL_REPRESENTATION('',(#7233),#7237);
#7233 = LINE('',#7234,#7235);
#7234 = CARTESIAN_POINT('',(1.570796326795,7.853981633974));
#7235 = VECTOR('',#7236,1.);
#7236 = DIRECTION('',(-4.313213331936E-16,-1.));
#7237 = ( GEOMETRIC_REPRESENTATION_CONTEXT(2) 
PARAMETRIC_REPRESENTATION_CONTEXT() REPRESENTATION_CONTEXT('2D SPACE',''
  ) );
#7238 = ORIENTED_EDGE('',*,*,#6526,.T.);
#7239 = ORIENTED_EDGE('',*,*,#7240,.F.);
#7240 = EDGE_CURVE('',#7241,#4405,#7243,.T.);
#7241 = VERTEX_POINT('',#7242);
#7242 = CARTESIAN_POINT('',(29.683187394247,-6.646104558635,-4.23));
#7243 = SURFACE_CURVE('',#7244,(#7249,#7256),.PCURVE_S1.);
#7244 = CIRCLE('',#7245,0.25);
#7245 = AXIS2_PLACEMENT_3D('',#7246,#7247,#7248);
#7246 = CARTESIAN_POINT('',(29.914962711877,-6.708395827185,-4.3));
#7247 = DIRECTION('',(0.259546952295,0.965730490124,-7.031275949673E-16)
  );
#7248 = DIRECTION('',(-0.965730490124,0.259546952295,-4.238665850286E-18
    ));
#7249 = PCURVE('',#6540,#7250);
#7250 = DEFINITIONAL_REPRESENTATION('',(#7251),#7255);
#7251 = LINE('',#7252,#7253);
#7252 = CARTESIAN_POINT('',(1.570796326795,2.571670019493));
#7253 = VECTOR('',#7254,1.);
#7254 = DIRECTION('',(1.,-3.450570665549E-16));
#7255 = ( GEOMETRIC_REPRESENTATION_CONTEXT(2) 
PARAMETRIC_REPRESENTATION_CONTEXT() REPRESENTATION_CONTEXT('2D SPACE',''
  ) );
#7256 = PCURVE('',#4508,#7257);
#7257 = DEFINITIONAL_REPRESENTATION('',(#7258),#7262);
#7258 = LINE('',#7259,#7260);
#7259 = CARTESIAN_POINT('',(1.570796326795,7.853981633974));
#7260 = VECTOR('',#7261,1.);
#7261 = DIRECTION('',(-5.175855998323E-16,-1.));
#7262 = ( GEOMETRIC_REPRESENTATION_CONTEXT(2) 
PARAMETRIC_REPRESENTATION_CONTEXT() REPRESENTATION_CONTEXT('2D SPACE',''
  ) );
#7263 = ORIENTED_EDGE('',*,*,#7264,.F.);
#7264 = EDGE_CURVE('',#7216,#7241,#7265,.T.);
#7265 = SURFACE_CURVE('',#7266,(#7270,#7277),.PCURVE_S1.);
#7266 = LINE('',#7267,#7268);
#7267 = CARTESIAN_POINT('',(29.349452836314,-7.887874632815,-4.23));
#7268 = VECTOR('',#7269,1.);
#7269 = DIRECTION('',(0.259546952295,0.965730490124,-4.564996783438E-16)
  );
#7270 = PCURVE('',#6540,#7271);
#7271 = DEFINITIONAL_REPRESENTATION('',(#7272),#7276);
#7272 = LINE('',#7273,#7274);
#7273 = CARTESIAN_POINT('',(1.854590436003,1.285835009746));
#7274 = VECTOR('',#7275,1.);
#7275 = DIRECTION('',(1.295138586455E-15,1.));
#7276 = ( GEOMETRIC_REPRESENTATION_CONTEXT(2) 
PARAMETRIC_REPRESENTATION_CONTEXT() REPRESENTATION_CONTEXT('2D SPACE',''
  ) );
#7277 = PCURVE('',#7278,#7283);
#7278 = CYLINDRICAL_SURFACE('',#7279,0.25);
#7279 = AXIS2_PLACEMENT_3D('',#7280,#7281,#7282);
#7280 = CARTESIAN_POINT('',(28.78394296075,-9.067353438445,-4.3));
#7281 = DIRECTION('',(0.259546952295,0.965730490124,-4.564996783438E-16)
  );
#7282 = DIRECTION('',(-1.143896913886E-16,-4.419557909115E-16,-1.));
#7283 = DEFINITIONAL_REPRESENTATION('',(#7284),#7288);
#7284 = LINE('',#7285,#7286);
#7285 = CARTESIAN_POINT('',(4.428594871176,1.285835009746));
#7286 = VECTOR('',#7287,1.);
#7287 = DIRECTION('',(-1.381481158886E-15,1.));
#7288 = ( GEOMETRIC_REPRESENTATION_CONTEXT(2) 
PARAMETRIC_REPRESENTATION_CONTEXT() REPRESENTATION_CONTEXT('2D SPACE',''
  ) );
#7289 = ADVANCED_FACE('',(#7290),#3480,.T.);
#7290 = FACE_BOUND('',#7291,.T.);
#7291 = EDGE_LOOP('',(#7292,#7293,#7315,#7316));
#7292 = ORIENTED_EDGE('',*,*,#3895,.F.);
#7293 = ORIENTED_EDGE('',*,*,#7294,.T.);
#7294 = EDGE_CURVE('',#3862,#3382,#7295,.T.);
#7295 = SURFACE_CURVE('',#7296,(#7301,#7308),.PCURVE_S1.);
#7296 = CIRCLE('',#7297,0.25);
#7297 = AXIS2_PLACEMENT_3D('',#7298,#7299,#7300);
#7298 = CARTESIAN_POINT('',(29.24749359601,-9.191935975547,-13.7));
#7299 = DIRECTION('',(-0.259546952295,-0.965730490124,3.658519214112E-16
    ));
#7300 = DIRECTION('',(-0.965730490124,0.259546952295,-4.238665850284E-18
    ));
#7301 = PCURVE('',#3480,#7302);
#7302 = DEFINITIONAL_REPRESENTATION('',(#7303),#7307);
#7303 = LINE('',#7304,#7305);
#7304 = CARTESIAN_POINT('',(4.712388980385,7.853981633974));
#7305 = VECTOR('',#7306,1.);
#7306 = DIRECTION('',(0.,-1.));
#7307 = ( GEOMETRIC_REPRESENTATION_CONTEXT(2) 
PARAMETRIC_REPRESENTATION_CONTEXT() REPRESENTATION_CONTEXT('2D SPACE',''
  ) );
#7308 = PCURVE('',#3883,#7309);
#7309 = DEFINITIONAL_REPRESENTATION('',(#7310),#7314);
#7310 = LINE('',#7311,#7312);
#7311 = CARTESIAN_POINT('',(-3.14159265359,2.571670019493));
#7312 = VECTOR('',#7313,1.);
#7313 = DIRECTION('',(1.,0.));
#7314 = ( GEOMETRIC_REPRESENTATION_CONTEXT(2) 
PARAMETRIC_REPRESENTATION_CONTEXT() REPRESENTATION_CONTEXT('2D SPACE',''
  ) );
#7315 = ORIENTED_EDGE('',*,*,#3465,.F.);
#7316 = ORIENTED_EDGE('',*,*,#7317,.F.);
#7317 = EDGE_CURVE('',#3896,#3442,#7318,.T.);
#7318 = SURFACE_CURVE('',#7319,(#7324,#7331),.PCURVE_S1.);
#7319 = CIRCLE('',#7320,0.25);
#7320 = AXIS2_PLACEMENT_3D('',#7321,#7322,#7323);
#7321 = CARTESIAN_POINT('',(29.065810729404,-9.867947318633,-13.));
#7322 = DIRECTION('',(2.198264433489E-15,-3.24232415865E-16,1.));
#7323 = DIRECTION('',(-0.965730490124,0.259546952295,2.207084524148E-15)
  );
#7324 = PCURVE('',#3480,#7325);
#7325 = DEFINITIONAL_REPRESENTATION('',(#7326),#7330);
#7326 = LINE('',#7327,#7328);
#7327 = CARTESIAN_POINT('',(6.28318530718,7.853981633974));
#7328 = VECTOR('',#7329,1.);
#7329 = DIRECTION('',(0.,-1.));
#7330 = ( GEOMETRIC_REPRESENTATION_CONTEXT(2) 
PARAMETRIC_REPRESENTATION_CONTEXT() REPRESENTATION_CONTEXT('2D SPACE',''
  ) );
#7331 = PCURVE('',#6149,#7332);
#7332 = DEFINITIONAL_REPRESENTATION('',(#7333),#7337);
#7333 = LINE('',#7334,#7335);
#7334 = CARTESIAN_POINT('',(-4.712388980385,-1.626043118037E-15));
#7335 = VECTOR('',#7336,1.);
#7336 = DIRECTION('',(1.,3.450570665549E-16));
#7337 = ( GEOMETRIC_REPRESENTATION_CONTEXT(2) 
PARAMETRIC_REPRESENTATION_CONTEXT() REPRESENTATION_CONTEXT('2D SPACE',''
  ) );
#7338 = ADVANCED_FACE('',(#7339),#3366,.T.);
#7339 = FACE_BOUND('',#7340,.T.);
#7340 = EDGE_LOOP('',(#7341,#7342,#7364,#7365));
#7341 = ORIENTED_EDGE('',*,*,#3776,.F.);
#7342 = ORIENTED_EDGE('',*,*,#7343,.T.);
#7343 = EDGE_CURVE('',#3721,#3241,#7344,.T.);
#7344 = SURFACE_CURVE('',#7345,(#7350,#7357),.PCURVE_S1.);
#7345 = CIRCLE('',#7346,0.25);
#7346 = AXIS2_PLACEMENT_3D('',#7347,#7348,#7349);
#7347 = CARTESIAN_POINT('',(29.065810729404,-9.867947318633,-5.));
#7348 = DIRECTION('',(2.198264433489E-15,-3.24232415865E-16,1.));
#7349 = DIRECTION('',(-0.965730490124,0.259546952295,2.207084524148E-15)
  );
#7350 = PCURVE('',#3366,#7351);
#7351 = DEFINITIONAL_REPRESENTATION('',(#7352),#7356);
#7352 = LINE('',#7353,#7354);
#7353 = CARTESIAN_POINT('',(0.,7.853981633974));
#7354 = VECTOR('',#7355,1.);
#7355 = DIRECTION('',(0.,-1.));
#7356 = ( GEOMETRIC_REPRESENTATION_CONTEXT(2) 
PARAMETRIC_REPRESENTATION_CONTEXT() REPRESENTATION_CONTEXT('2D SPACE',''
  ) );
#7357 = PCURVE('',#6149,#7358);
#7358 = DEFINITIONAL_REPRESENTATION('',(#7359),#7363);
#7359 = LINE('',#7360,#7361);
#7360 = CARTESIAN_POINT('',(-4.712388980385,8.));
#7361 = VECTOR('',#7362,1.);
#7362 = DIRECTION('',(1.,0.));
#7363 = ( GEOMETRIC_REPRESENTATION_CONTEXT(2) 
PARAMETRIC_REPRESENTATION_CONTEXT() REPRESENTATION_CONTEXT('2D SPACE',''
  ) );
#7364 = ORIENTED_EDGE('',*,*,#3351,.F.);
#7365 = ORIENTED_EDGE('',*,*,#7366,.F.);
#7366 = EDGE_CURVE('',#3777,#3323,#7367,.T.);
#7367 = SURFACE_CURVE('',#7368,(#7373,#7380),.PCURVE_S1.);
#7368 = CIRCLE('',#7369,0.25);
#7369 = AXIS2_PLACEMENT_3D('',#7370,#7371,#7372);
#7370 = CARTESIAN_POINT('',(29.24749359601,-9.191935975547,-4.3));
#7371 = DIRECTION('',(0.259546952295,0.965730490124,-3.658519214112E-16)
  );
#7372 = DIRECTION('',(-0.965730490124,0.259546952295,-4.238665850285E-18
    ));
#7373 = PCURVE('',#3366,#7374);
#7374 = DEFINITIONAL_REPRESENTATION('',(#7375),#7379);
#7375 = LINE('',#7376,#7377);
#7376 = CARTESIAN_POINT('',(1.570796326795,7.853981633974));
#7377 = VECTOR('',#7378,1.);
#7378 = DIRECTION('',(1.207699732942E-15,-1.));
#7379 = ( GEOMETRIC_REPRESENTATION_CONTEXT(2) 
PARAMETRIC_REPRESENTATION_CONTEXT() REPRESENTATION_CONTEXT('2D SPACE',''
  ) );
#7380 = PCURVE('',#6201,#7381);
#7381 = DEFINITIONAL_REPRESENTATION('',(#7382),#7386);
#7382 = LINE('',#7383,#7384);
#7383 = CARTESIAN_POINT('',(-4.712388980385,-3.252086236074E-15));
#7384 = VECTOR('',#7385,1.);
#7385 = DIRECTION('',(1.,6.901141331098E-16));
#7386 = ( GEOMETRIC_REPRESENTATION_CONTEXT(2) 
PARAMETRIC_REPRESENTATION_CONTEXT() REPRESENTATION_CONTEXT('2D SPACE',''
  ) );
#7387 = ADVANCED_FACE('',(#7388),#6461,.T.);
#7388 = FACE_BOUND('',#7389,.T.);
#7389 = EDGE_LOOP('',(#7390,#7414,#7415,#7461));
#7390 = ORIENTED_EDGE('',*,*,#7391,.T.);
#7391 = EDGE_CURVE('',#7392,#4885,#7394,.T.);
#7392 = VERTEX_POINT('',#7393);
#7393 = CARTESIAN_POINT('',(28.815867125113,-9.873257184391,-13.));
#7394 = SURFACE_CURVE('',#7395,(#7400,#7407),.PCURVE_S1.);
#7395 = CIRCLE('',#7396,0.25);
#7396 = AXIS2_PLACEMENT_3D('',#7397,#7398,#7399);
#7397 = CARTESIAN_POINT('',(29.065810729404,-9.867947318633,-13.));
#7398 = DIRECTION('',(2.198264433489E-15,-3.24232415865E-16,1.));
#7399 = DIRECTION('',(-0.965730490124,0.259546952295,2.207084524148E-15)
  );
#7400 = PCURVE('',#6461,#7401);
#7401 = DEFINITIONAL_REPRESENTATION('',(#7402),#7406);
#7402 = LINE('',#7403,#7404);
#7403 = CARTESIAN_POINT('',(1.570796326795,6.39939535508E-16));
#7404 = VECTOR('',#7405,1.);
#7405 = DIRECTION('',(1.,-6.901141331098E-16));
#7406 = ( GEOMETRIC_REPRESENTATION_CONTEXT(2) 
PARAMETRIC_REPRESENTATION_CONTEXT() REPRESENTATION_CONTEXT('2D SPACE',''
  ) );
#7407 = PCURVE('',#4923,#7408);
#7408 = DEFINITIONAL_REPRESENTATION('',(#7409),#7413);
#7409 = LINE('',#7410,#7411);
#7410 = CARTESIAN_POINT('',(6.28318530718,7.853981633974));
#7411 = VECTOR('',#7412,1.);
#7412 = DIRECTION('',(0.,-1.));
#7413 = ( GEOMETRIC_REPRESENTATION_CONTEXT(2) 
PARAMETRIC_REPRESENTATION_CONTEXT() REPRESENTATION_CONTEXT('2D SPACE',''
  ) );
#7414 = ORIENTED_EDGE('',*,*,#6447,.T.);
#7415 = ORIENTED_EDGE('',*,*,#7416,.F.);
#7416 = EDGE_CURVE('',#7417,#4197,#7419,.T.);
#7417 = VERTEX_POINT('',#7418);
#7418 = CARTESIAN_POINT('',(28.815867125113,-9.873257184391,-5.));
#7419 = SURFACE_CURVE('',#7420,(#7425,#7432),.PCURVE_S1.);
#7420 = CIRCLE('',#7421,0.25);
#7421 = AXIS2_PLACEMENT_3D('',#7422,#7423,#7424);
#7422 = CARTESIAN_POINT('',(29.065810729404,-9.867947318633,-5.));
#7423 = DIRECTION('',(2.198264433489E-15,-3.24232415865E-16,1.));
#7424 = DIRECTION('',(-0.965730490124,0.259546952295,2.207084524148E-15)
  );
#7425 = PCURVE('',#6461,#7426);
#7426 = DEFINITIONAL_REPRESENTATION('',(#7427),#7431);
#7427 = LINE('',#7428,#7429);
#7428 = CARTESIAN_POINT('',(1.570796326795,8.));
#7429 = VECTOR('',#7430,1.);
#7430 = DIRECTION('',(1.,-3.450570665549E-16));
#7431 = ( GEOMETRIC_REPRESENTATION_CONTEXT(2) 
PARAMETRIC_REPRESENTATION_CONTEXT() REPRESENTATION_CONTEXT('2D SPACE',''
  ) );
#7432 = PCURVE('',#4305,#7433);
#7433 = DEFINITIONAL_REPRESENTATION('',(#7434),#7460);
#7434 = B_SPLINE_CURVE_WITH_KNOTS('',3,(#7435,#7436,#7437,#7438,#7439,
    #7440,#7441,#7442,#7443,#7444,#7445,#7446,#7447,#7448,#7449,#7450,
    #7451,#7452,#7453,#7454,#7455,#7456,#7457,#7458,#7459),
  .UNSPECIFIED.,.F.,.F.,(4,1,1,1,1,1,1,1,1,1,1,1,1,1,1,1,1,1,1,1,1,1,4),
  (0.283794109208,0.400794310807,0.517794512406,0.634794714005,
    0.751794915603,0.868795117202,0.985795318801,1.1027955204,
    1.219795721999,1.336795923597,1.453796125196,1.570796326795,
    1.687796528394,1.804796729992,1.921796931591,2.03879713319,
    2.155797334789,2.272797536388,2.389797737986,2.506797939585,
    2.623798141184,2.740798342783,2.857798544381),
  .QUASI_UNIFORM_KNOTS.);
#7435 = CARTESIAN_POINT('',(0.,7.570187524766));
#7436 = CARTESIAN_POINT('',(6.908793907228E-16,7.531187457567));
#7437 = CARTESIAN_POINT('',(1.349974607569E-15,7.453187323167));
#7438 = CARTESIAN_POINT('',(9.206760368237E-16,7.336187121569));
#7439 = CARTESIAN_POINT('',(1.43667138679E-15,7.21918691997));
#7440 = CARTESIAN_POINT('',(-3.849550921034E-16,7.102186718371));
#7441 = CARTESIAN_POINT('',(1.031489816235E-16,6.985186516772));
#7442 = CARTESIAN_POINT('',(-2.764083439076E-17,6.868186315173));
#7443 = CARTESIAN_POINT('',(7.414355939512E-18,6.751186113575));
#7444 = CARTESIAN_POINT('',(-2.016589367284E-18,6.634185911976));
#7445 = CARTESIAN_POINT('',(6.520015296259E-19,6.517185710377));
#7446 = CARTESIAN_POINT('',(-5.914167512193E-19,6.400185508778));
#7447 = CARTESIAN_POINT('',(1.713665475251E-18,6.28318530718));
#7448 = CARTESIAN_POINT('',(-6.263245149786E-18,6.166185105581));
#7449 = CARTESIAN_POINT('',(2.333931512389E-17,6.049184903982));
#7450 = CARTESIAN_POINT('',(-8.709401534578E-17,5.932184702383));
#7451 = CARTESIAN_POINT('',(3.250367462592E-16,5.815184500784));
#7452 = CARTESIAN_POINT('',(-1.213052969691E-15,5.698184299186));
#7453 = CARTESIAN_POINT('',(-8.018953856954E-16,5.581184097587));
#7454 = CARTESIAN_POINT('',(-9.084360057282E-16,5.464183895988));
#7455 = CARTESIAN_POINT('',(-8.934311095928E-16,5.347183694389));
#7456 = CARTESIAN_POINT('',(-8.469100741015E-16,5.230183492791));
#7457 = CARTESIAN_POINT('',(-1.047999112202E-15,5.113183291192));
#7458 = CARTESIAN_POINT('',(-5.427757009279E-16,5.035183156793));
#7459 = CARTESIAN_POINT('',(0.,4.996183089593));
#7460 = ( GEOMETRIC_REPRESENTATION_CONTEXT(2) 
PARAMETRIC_REPRESENTATION_CONTEXT() REPRESENTATION_CONTEXT('2D SPACE',''
  ) );
#7461 = ORIENTED_EDGE('',*,*,#7462,.F.);
#7462 = EDGE_CURVE('',#7392,#7417,#7463,.T.);
#7463 = SURFACE_CURVE('',#7464,(#7468,#7475),.PCURVE_S1.);
#7464 = LINE('',#7465,#7466);
#7465 = CARTESIAN_POINT('',(28.815867125113,-9.873257184391,-9.));
#7466 = VECTOR('',#7467,1.);
#7467 = DIRECTION('',(-1.28931872002E-18,1.153367983869E-17,1.));
#7468 = PCURVE('',#6461,#7469);
#7469 = DEFINITIONAL_REPRESENTATION('',(#7470),#7474);
#7470 = LINE('',#7471,#7472);
#7471 = CARTESIAN_POINT('',(1.854590436003,4.));
#7472 = VECTOR('',#7473,1.);
#7473 = DIRECTION('',(0.,1.));
#7474 = ( GEOMETRIC_REPRESENTATION_CONTEXT(2) 
PARAMETRIC_REPRESENTATION_CONTEXT() REPRESENTATION_CONTEXT('2D SPACE',''
  ) );
#7475 = PCURVE('',#7476,#7481);
#7476 = CYLINDRICAL_SURFACE('',#7477,0.25);
#7477 = AXIS2_PLACEMENT_3D('',#7478,#7479,#7480);
#7478 = CARTESIAN_POINT('',(28.602260094144,-9.743364781532,-13.));
#7479 = DIRECTION('',(-1.28931872002E-18,1.153367983869E-17,1.));
#7480 = DIRECTION('',(0.259546952295,0.965730490124,-1.080378753923E-17)
  );
#7481 = DEFINITIONAL_REPRESENTATION('',(#7482),#7486);
#7482 = LINE('',#7483,#7484);
#7483 = CARTESIAN_POINT('',(4.428594871176,4.));
#7484 = VECTOR('',#7485,1.);
#7485 = DIRECTION('',(0.,1.));
#7486 = ( GEOMETRIC_REPRESENTATION_CONTEXT(2) 
PARAMETRIC_REPRESENTATION_CONTEXT() REPRESENTATION_CONTEXT('2D SPACE',''
  ) );
#7487 = ADVANCED_FACE('',(#7488),#4923,.T.);
#7488 = FACE_BOUND('',#7489,.T.);
#7489 = EDGE_LOOP('',(#7490,#7491,#7492,#7493));
#7490 = ORIENTED_EDGE('',*,*,#6986,.T.);
#7491 = ORIENTED_EDGE('',*,*,#4908,.T.);
#7492 = ORIENTED_EDGE('',*,*,#7391,.F.);
#7493 = ORIENTED_EDGE('',*,*,#7494,.F.);
#7494 = EDGE_CURVE('',#6987,#7392,#7495,.T.);
#7495 = SURFACE_CURVE('',#7496,(#7501,#7508),.PCURVE_S1.);
#7496 = CIRCLE('',#7497,0.77);
#7497 = AXIS2_PLACEMENT_3D('',#7498,#7499,#7500);
#7498 = CARTESIAN_POINT('',(29.01571827838,-9.129644706996,-13.));
#7499 = DIRECTION('',(-0.965730490124,0.259546952295,-4.238665850285E-18
    ));
#7500 = DIRECTION('',(-0.259546952295,-0.965730490124,1.192240047878E-16
    ));
#7501 = PCURVE('',#4923,#7502);
#7502 = DEFINITIONAL_REPRESENTATION('',(#7503),#7507);
#7503 = LINE('',#7504,#7505);
#7504 = CARTESIAN_POINT('',(0.,7.570187524766));
#7505 = VECTOR('',#7506,1.);
#7506 = DIRECTION('',(1.,0.));
#7507 = ( GEOMETRIC_REPRESENTATION_CONTEXT(2) 
PARAMETRIC_REPRESENTATION_CONTEXT() REPRESENTATION_CONTEXT('2D SPACE',''
  ) );
#7508 = PCURVE('',#7509,#7514);
#7509 = TOROIDAL_SURFACE('',#7510,0.7,0.25);
#7510 = AXIS2_PLACEMENT_3D('',#7511,#7512,#7513);
#7511 = CARTESIAN_POINT('',(28.78394296075,-9.067353438445,-13.));
#7512 = DIRECTION('',(-0.965730490124,0.259546952295,-4.238665850285E-18
    ));
#7513 = DIRECTION('',(-0.259546952295,-0.965730490124,1.192240047878E-16
    ));
#7514 = DEFINITIONAL_REPRESENTATION('',(#7515),#7519);
#7515 = LINE('',#7516,#7517);
#7516 = CARTESIAN_POINT('',(0.,-1.287002217587));
#7517 = VECTOR('',#7518,1.);
#7518 = DIRECTION('',(1.,0.));
#7519 = ( GEOMETRIC_REPRESENTATION_CONTEXT(2) 
PARAMETRIC_REPRESENTATION_CONTEXT() REPRESENTATION_CONTEXT('2D SPACE',''
  ) );
#7520 = ADVANCED_FACE('',(#7521),#3883,.T.);
#7521 = FACE_BOUND('',#7522,.T.);
#7522 = EDGE_LOOP('',(#7523,#7524,#7525,#7526,#7527,#7548));
#7523 = ORIENTED_EDGE('',*,*,#3859,.F.);
#7524 = ORIENTED_EDGE('',*,*,#6788,.T.);
#7525 = ORIENTED_EDGE('',*,*,#4142,.T.);
#7526 = ORIENTED_EDGE('',*,*,#7063,.T.);
#7527 = ORIENTED_EDGE('',*,*,#7528,.F.);
#7528 = EDGE_CURVE('',#3382,#3665,#7529,.T.);
#7529 = SURFACE_CURVE('',#7530,(#7534,#7541),.PCURVE_S1.);
#7530 = LINE('',#7531,#7532);
#7531 = CARTESIAN_POINT('',(29.349452836314,-7.887874632815,-13.63));
#7532 = VECTOR('',#7533,1.);
#7533 = DIRECTION('',(0.259546952295,0.965730490124,-1.192240047878E-16)
  );
#7534 = PCURVE('',#3883,#7535);
#7535 = DEFINITIONAL_REPRESENTATION('',(#7536),#7540);
#7536 = LINE('',#7537,#7538);
#7537 = CARTESIAN_POINT('',(2.857798544381,1.285835009746));
#7538 = VECTOR('',#7539,1.);
#7539 = DIRECTION('',(-1.554166303746E-15,-1.));
#7540 = ( GEOMETRIC_REPRESENTATION_CONTEXT(2) 
PARAMETRIC_REPRESENTATION_CONTEXT() REPRESENTATION_CONTEXT('2D SPACE',''
  ) );
#7541 = PCURVE('',#3405,#7542);
#7542 = DEFINITIONAL_REPRESENTATION('',(#7543),#7547);
#7543 = LINE('',#7544,#7545);
#7544 = CARTESIAN_POINT('',(0.283794109208,1.285835009746));
#7545 = VECTOR('',#7546,1.);
#7546 = DIRECTION('',(-1.554166303746E-15,-1.));
#7547 = ( GEOMETRIC_REPRESENTATION_CONTEXT(2) 
PARAMETRIC_REPRESENTATION_CONTEXT() REPRESENTATION_CONTEXT('2D SPACE',''
  ) );
#7548 = ORIENTED_EDGE('',*,*,#7294,.F.);
#7549 = ADVANCED_FACE('',(#7550),#4706,.T.);
#7550 = FACE_BOUND('',#7551,.T.);
#7551 = EDGE_LOOP('',(#7552,#7553,#7554,#7555));
#7552 = ORIENTED_EDGE('',*,*,#7113,.T.);
#7553 = ORIENTED_EDGE('',*,*,#4691,.T.);
#7554 = ORIENTED_EDGE('',*,*,#6961,.F.);
#7555 = ORIENTED_EDGE('',*,*,#7556,.F.);
#7556 = EDGE_CURVE('',#7114,#6962,#7557,.T.);
#7557 = SURFACE_CURVE('',#7558,(#7563,#7570),.PCURVE_S1.);
#7558 = CIRCLE('',#7559,0.77);
#7559 = AXIS2_PLACEMENT_3D('',#7560,#7561,#7562);
#7560 = CARTESIAN_POINT('',(29.683187394247,-6.646104558635,-13.));
#7561 = DIRECTION('',(-0.965730490124,0.259546952295,-4.238665850285E-18
    ));
#7562 = DIRECTION('',(-0.259546952295,-0.965730490124,1.192240047878E-16
    ));
#7563 = PCURVE('',#4706,#7564);
#7564 = DEFINITIONAL_REPRESENTATION('',(#7565),#7569);
#7565 = LINE('',#7566,#7567);
#7566 = CARTESIAN_POINT('',(0.,7.570187524766));
#7567 = VECTOR('',#7568,1.);
#7568 = DIRECTION('',(1.,3.958023603599E-15));
#7569 = ( GEOMETRIC_REPRESENTATION_CONTEXT(2) 
PARAMETRIC_REPRESENTATION_CONTEXT() REPRESENTATION_CONTEXT('2D SPACE',''
  ) );
#7570 = PCURVE('',#7571,#7576);
#7571 = TOROIDAL_SURFACE('',#7572,0.7,0.25);
#7572 = AXIS2_PLACEMENT_3D('',#7573,#7574,#7575);
#7573 = CARTESIAN_POINT('',(29.451412076618,-6.583813290084,-13.));
#7574 = DIRECTION('',(-0.965730490124,0.259546952295,-4.238665850285E-18
    ));
#7575 = DIRECTION('',(-0.259546952295,-0.965730490124,1.192240047878E-16
    ));
#7576 = DEFINITIONAL_REPRESENTATION('',(#7577),#7581);
#7577 = LINE('',#7578,#7579);
#7578 = CARTESIAN_POINT('',(0.,-1.287002217587));
#7579 = VECTOR('',#7580,1.);
#7580 = DIRECTION('',(1.,-5.088887490342E-15));
#7581 = ( GEOMETRIC_REPRESENTATION_CONTEXT(2) 
PARAMETRIC_REPRESENTATION_CONTEXT() REPRESENTATION_CONTEXT('2D SPACE',''
  ) );
#7582 = ADVANCED_FACE('',(#7583),#6253,.T.);
#7583 = FACE_BOUND('',#7584,.T.);
#7584 = EDGE_LOOP('',(#7585,#7586,#7587,#7588));
#7585 = ORIENTED_EDGE('',*,*,#6373,.F.);
#7586 = ORIENTED_EDGE('',*,*,#7190,.T.);
#7587 = ORIENTED_EDGE('',*,*,#6239,.F.);
#7588 = ORIENTED_EDGE('',*,*,#7040,.F.);
#7589 = ADVANCED_FACE('',(#7590),#4508,.T.);
#7590 = FACE_BOUND('',#7591,.T.);
#7591 = EDGE_LOOP('',(#7592,#7593,#7594,#7595));
#7592 = ORIENTED_EDGE('',*,*,#7240,.T.);
#7593 = ORIENTED_EDGE('',*,*,#4493,.T.);
#7594 = ORIENTED_EDGE('',*,*,#7088,.F.);
#7595 = ORIENTED_EDGE('',*,*,#7596,.F.);
#7596 = EDGE_CURVE('',#7241,#7089,#7597,.T.);
#7597 = SURFACE_CURVE('',#7598,(#7603,#7610),.PCURVE_S1.);
#7598 = CIRCLE('',#7599,0.77);
#7599 = AXIS2_PLACEMENT_3D('',#7600,#7601,#7602);
#7600 = CARTESIAN_POINT('',(29.683187394247,-6.646104558635,-5.));
#7601 = DIRECTION('',(-0.965730490124,0.259546952295,-4.238665850285E-18
    ));
#7602 = DIRECTION('',(-0.259546952295,-0.965730490124,1.192240047878E-16
    ));
#7603 = PCURVE('',#4508,#7604);
#7604 = DEFINITIONAL_REPRESENTATION('',(#7605),#7609);
#7605 = LINE('',#7606,#7607);
#7606 = CARTESIAN_POINT('',(2.442490654175E-15,7.570187524766));
#7607 = VECTOR('',#7608,1.);
#7608 = DIRECTION('',(1.,-3.958023603599E-15));
#7609 = ( GEOMETRIC_REPRESENTATION_CONTEXT(2) 
PARAMETRIC_REPRESENTATION_CONTEXT() REPRESENTATION_CONTEXT('2D SPACE',''
  ) );
#7610 = PCURVE('',#7611,#7616);
#7611 = TOROIDAL_SURFACE('',#7612,0.7,0.25);
#7612 = AXIS2_PLACEMENT_3D('',#7613,#7614,#7615);
#7613 = CARTESIAN_POINT('',(29.451412076618,-6.583813290084,-5.));
#7614 = DIRECTION('',(-0.965730490124,0.259546952295,-4.238665850285E-18
    ));
#7615 = DIRECTION('',(-0.259546952295,-0.965730490124,1.192240047878E-16
    ));
#7616 = DEFINITIONAL_REPRESENTATION('',(#7617),#7621);
#7617 = LINE('',#7618,#7619);
#7618 = CARTESIAN_POINT('',(0.,-1.287002217587));
#7619 = VECTOR('',#7620,1.);
#7620 = DIRECTION('',(1.,4.52345554697E-15));
#7621 = ( GEOMETRIC_REPRESENTATION_CONTEXT(2) 
PARAMETRIC_REPRESENTATION_CONTEXT() REPRESENTATION_CONTEXT('2D SPACE',''
  ) );
#7622 = ADVANCED_FACE('',(#7623),#6201,.T.);
#7623 = FACE_BOUND('',#7624,.T.);
#7624 = EDGE_LOOP('',(#7625,#7626,#7627,#7628));
#7625 = ORIENTED_EDGE('',*,*,#6321,.F.);
#7626 = ORIENTED_EDGE('',*,*,#7366,.T.);
#7627 = ORIENTED_EDGE('',*,*,#6187,.F.);
#7628 = ORIENTED_EDGE('',*,*,#7167,.F.);
#7629 = ADVANCED_FACE('',(#7630),#4305,.T.);
#7630 = FACE_BOUND('',#7631,.T.);
#7631 = EDGE_LOOP('',(#7632,#7633,#7634,#7635));
#7632 = ORIENTED_EDGE('',*,*,#7416,.T.);
#7633 = ORIENTED_EDGE('',*,*,#4290,.T.);
#7634 = ORIENTED_EDGE('',*,*,#7215,.F.);
#7635 = ORIENTED_EDGE('',*,*,#7636,.F.);
#7636 = EDGE_CURVE('',#7417,#7216,#7637,.T.);
#7637 = SURFACE_CURVE('',#7638,(#7643,#7650),.PCURVE_S1.);
#7638 = CIRCLE('',#7639,0.77);
#7639 = AXIS2_PLACEMENT_3D('',#7640,#7641,#7642);
#7640 = CARTESIAN_POINT('',(29.01571827838,-9.129644706996,-5.));
#7641 = DIRECTION('',(-0.965730490124,0.259546952295,-4.238665850285E-18
    ));
#7642 = DIRECTION('',(-0.259546952295,-0.965730490124,1.192240047878E-16
    ));
#7643 = PCURVE('',#4305,#7644);
#7644 = DEFINITIONAL_REPRESENTATION('',(#7645),#7649);
#7645 = LINE('',#7646,#7647);
#7646 = CARTESIAN_POINT('',(0.,7.570187524766));
#7647 = VECTOR('',#7648,1.);
#7648 = DIRECTION('',(1.,-2.261727773485E-15));
#7649 = ( GEOMETRIC_REPRESENTATION_CONTEXT(2) 
PARAMETRIC_REPRESENTATION_CONTEXT() REPRESENTATION_CONTEXT('2D SPACE',''
  ) );
#7650 = PCURVE('',#7651,#7656);
#7651 = TOROIDAL_SURFACE('',#7652,0.7,0.25);
#7652 = AXIS2_PLACEMENT_3D('',#7653,#7654,#7655);
#7653 = CARTESIAN_POINT('',(28.78394296075,-9.067353438445,-5.));
#7654 = DIRECTION('',(-0.965730490124,0.259546952295,-4.238665850285E-18
    ));
#7655 = DIRECTION('',(-0.259546952295,-0.965730490124,1.192240047878E-16
    ));
#7656 = DEFINITIONAL_REPRESENTATION('',(#7657),#7661);
#7657 = LINE('',#7658,#7659);
#7658 = CARTESIAN_POINT('',(0.,-1.287002217587));
#7659 = VECTOR('',#7660,1.);
#7660 = DIRECTION('',(1.,-2.827159716856E-15));
#7661 = ( GEOMETRIC_REPRESENTATION_CONTEXT(2) 
PARAMETRIC_REPRESENTATION_CONTEXT() REPRESENTATION_CONTEXT('2D SPACE',''
  ) );
#7662 = ADVANCED_FACE('',(#7663),#6149,.T.);
#7663 = FACE_BOUND('',#7664,.T.);
#7664 = EDGE_LOOP('',(#7665,#7666,#7667,#7668));
#7665 = ORIENTED_EDGE('',*,*,#6269,.F.);
#7666 = ORIENTED_EDGE('',*,*,#7317,.T.);
#7667 = ORIENTED_EDGE('',*,*,#6135,.F.);
#7668 = ORIENTED_EDGE('',*,*,#7343,.F.);
#7669 = ADVANCED_FACE('',(#7670),#7024,.T.);
#7670 = FACE_BOUND('',#7671,.T.);
#7671 = EDGE_LOOP('',(#7672,#7696,#7697,#7721));
#7672 = ORIENTED_EDGE('',*,*,#7673,.T.);
#7673 = EDGE_CURVE('',#7674,#6962,#7676,.T.);
#7674 = VERTEX_POINT('',#7675);
#7675 = CARTESIAN_POINT('',(29.219636758988,-6.521522021533,-13.77));
#7676 = SURFACE_CURVE('',#7677,(#7682,#7689),.PCURVE_S1.);
#7677 = CIRCLE('',#7678,0.25);
#7678 = AXIS2_PLACEMENT_3D('',#7679,#7680,#7681);
#7679 = CARTESIAN_POINT('',(29.451412076618,-6.583813290084,-13.7));
#7680 = DIRECTION('',(-0.259546952295,-0.965730490124,5.607987212962E-17
    ));
#7681 = DIRECTION('',(-0.965730490124,0.259546952295,-4.238665850285E-18
    ));
#7682 = PCURVE('',#7024,#7683);
#7683 = DEFINITIONAL_REPRESENTATION('',(#7684),#7688);
#7684 = LINE('',#7685,#7686);
#7685 = CARTESIAN_POINT('',(3.14159265359,1.678431676571E-15));
#7686 = VECTOR('',#7687,1.);
#7687 = DIRECTION('',(1.,3.450570665549E-16));
#7688 = ( GEOMETRIC_REPRESENTATION_CONTEXT(2) 
PARAMETRIC_REPRESENTATION_CONTEXT() REPRESENTATION_CONTEXT('2D SPACE',''
  ) );
#7689 = PCURVE('',#7571,#7690);
#7690 = DEFINITIONAL_REPRESENTATION('',(#7691),#7695);
#7691 = LINE('',#7692,#7693);
#7692 = CARTESIAN_POINT('',(4.712388980385,1.570796326795));
#7693 = VECTOR('',#7694,1.);
#7694 = DIRECTION('',(6.901141331098E-16,-1.));
#7695 = ( GEOMETRIC_REPRESENTATION_CONTEXT(2) 
PARAMETRIC_REPRESENTATION_CONTEXT() REPRESENTATION_CONTEXT('2D SPACE',''
  ) );
#7696 = ORIENTED_EDGE('',*,*,#7010,.T.);
#7697 = ORIENTED_EDGE('',*,*,#7698,.F.);
#7698 = EDGE_CURVE('',#7699,#6987,#7701,.T.);
#7699 = VERTEX_POINT('',#7700);
#7700 = CARTESIAN_POINT('',(28.552167643121,-9.005062169894,-13.77));
#7701 = SURFACE_CURVE('',#7702,(#7707,#7714),.PCURVE_S1.);
#7702 = CIRCLE('',#7703,0.25);
#7703 = AXIS2_PLACEMENT_3D('',#7704,#7705,#7706);
#7704 = CARTESIAN_POINT('',(28.78394296075,-9.067353438445,-13.7));
#7705 = DIRECTION('',(-0.259546952295,-0.965730490124,3.658519214112E-16
    ));
#7706 = DIRECTION('',(-0.965730490124,0.259546952295,-4.238665850284E-18
    ));
#7707 = PCURVE('',#7024,#7708);
#7708 = DEFINITIONAL_REPRESENTATION('',(#7709),#7713);
#7709 = LINE('',#7710,#7711);
#7710 = CARTESIAN_POINT('',(3.14159265359,2.571670019493));
#7711 = VECTOR('',#7712,1.);
#7712 = DIRECTION('',(1.,0.));
#7713 = ( GEOMETRIC_REPRESENTATION_CONTEXT(2) 
PARAMETRIC_REPRESENTATION_CONTEXT() REPRESENTATION_CONTEXT('2D SPACE',''
  ) );
#7714 = PCURVE('',#7509,#7715);
#7715 = DEFINITIONAL_REPRESENTATION('',(#7716),#7720);
#7716 = LINE('',#7717,#7718);
#7717 = CARTESIAN_POINT('',(4.712388980385,1.570796326795));
#7718 = VECTOR('',#7719,1.);
#7719 = DIRECTION('',(0.,-1.));
#7720 = ( GEOMETRIC_REPRESENTATION_CONTEXT(2) 
PARAMETRIC_REPRESENTATION_CONTEXT() REPRESENTATION_CONTEXT('2D SPACE',''
  ) );
#7721 = ORIENTED_EDGE('',*,*,#7722,.F.);
#7722 = EDGE_CURVE('',#7674,#7699,#7723,.T.);
#7723 = SURFACE_CURVE('',#7724,(#7728,#7735),.PCURVE_S1.);
#7724 = LINE('',#7725,#7726);
#7725 = CARTESIAN_POINT('',(28.885902201054,-7.763292095714,-13.77));
#7726 = VECTOR('',#7727,1.);
#7727 = DIRECTION('',(-0.259546952295,-0.965730490124,1.192240047878E-16
    ));
#7728 = PCURVE('',#7024,#7729);
#7729 = DEFINITIONAL_REPRESENTATION('',(#7730),#7734);
#7730 = LINE('',#7731,#7732);
#7731 = CARTESIAN_POINT('',(3.425386762798,1.285835009746));
#7732 = VECTOR('',#7733,1.);
#7733 = DIRECTION('',(-1.554166303746E-15,1.));
#7734 = ( GEOMETRIC_REPRESENTATION_CONTEXT(2) 
PARAMETRIC_REPRESENTATION_CONTEXT() REPRESENTATION_CONTEXT('2D SPACE',''
  ) );
#7735 = PCURVE('',#7736,#7741);
#7736 = CYLINDRICAL_SURFACE('',#7737,0.25);
#7737 = AXIS2_PLACEMENT_3D('',#7738,#7739,#7740);
#7738 = CARTESIAN_POINT('',(28.987861441358,-6.459230752982,-13.7));
#7739 = DIRECTION('',(-0.259546952295,-0.965730490124,1.192240047878E-16
    ));
#7740 = DIRECTION('',(0.965730490124,-0.259546952295,4.238665850285E-18)
  );
#7741 = DEFINITIONAL_REPRESENTATION('',(#7742),#7746);
#7742 = LINE('',#7743,#7744);
#7743 = CARTESIAN_POINT('',(5.999391197971,1.285835009746));
#7744 = VECTOR('',#7745,1.);
#7745 = DIRECTION('',(-1.726851448607E-15,1.));
#7746 = ( GEOMETRIC_REPRESENTATION_CONTEXT(2) 
PARAMETRIC_REPRESENTATION_CONTEXT() REPRESENTATION_CONTEXT('2D SPACE',''
  ) );
#7747 = ADVANCED_FACE('',(#7748),#3225,.T.);
#7748 = FACE_BOUND('',#7749,.T.);
#7749 = EDGE_LOOP('',(#7750,#7751,#7773,#7774));
#7750 = ORIENTED_EDGE('',*,*,#3640,.F.);
#7751 = ORIENTED_EDGE('',*,*,#7752,.T.);
#7752 = EDGE_CURVE('',#3612,#3132,#7753,.T.);
#7753 = SURFACE_CURVE('',#7754,(#7759,#7766),.PCURVE_S1.);
#7754 = CIRCLE('',#7755,0.25);
#7755 = AXIS2_PLACEMENT_3D('',#7756,#7757,#7758);
#7756 = CARTESIAN_POINT('',(29.633094943224,-5.907801946997,-13.));
#7757 = DIRECTION('',(2.058749954231E-15,-8.760043279116E-16,-1.));
#7758 = DIRECTION('',(-0.965730490124,0.259546952295,-2.215561855848E-15
    ));
#7759 = PCURVE('',#3225,#7760);
#7760 = DEFINITIONAL_REPRESENTATION('',(#7761),#7765);
#7761 = LINE('',#7762,#7763);
#7762 = CARTESIAN_POINT('',(3.14159265359,7.853981633974));
#7763 = VECTOR('',#7764,1.);
#7764 = DIRECTION('',(1.38022826622E-15,-1.));
#7765 = ( GEOMETRIC_REPRESENTATION_CONTEXT(2) 
PARAMETRIC_REPRESENTATION_CONTEXT() REPRESENTATION_CONTEXT('2D SPACE',''
  ) );
#7766 = PCURVE('',#6097,#7767);
#7767 = DEFINITIONAL_REPRESENTATION('',(#7768),#7772);
#7768 = LINE('',#7769,#7770);
#7769 = CARTESIAN_POINT('',(-4.712388980385,8.));
#7770 = VECTOR('',#7771,1.);
#7771 = DIRECTION('',(1.,1.38022826622E-15));
#7772 = ( GEOMETRIC_REPRESENTATION_CONTEXT(2) 
PARAMETRIC_REPRESENTATION_CONTEXT() REPRESENTATION_CONTEXT('2D SPACE',''
  ) );
#7773 = ORIENTED_EDGE('',*,*,#3210,.F.);
#7774 = ORIENTED_EDGE('',*,*,#7775,.F.);
#7775 = EDGE_CURVE('',#3641,#3187,#7776,.T.);
#7776 = SURFACE_CURVE('',#7777,(#7782,#7789),.PCURVE_S1.);
#7777 = CIRCLE('',#7778,0.25);
#7778 = AXIS2_PLACEMENT_3D('',#7779,#7780,#7781);
#7779 = CARTESIAN_POINT('',(29.451412076618,-6.583813290084,-13.7));
#7780 = DIRECTION('',(-0.259546952295,-0.965730490124,5.607987212962E-17
    ));
#7781 = DIRECTION('',(-0.965730490124,0.259546952295,-4.238665850285E-18
    ));
#7782 = PCURVE('',#3225,#7783);
#7783 = DEFINITIONAL_REPRESENTATION('',(#7784),#7788);
#7784 = LINE('',#7785,#7786);
#7785 = CARTESIAN_POINT('',(4.712388980385,7.853981633974));
#7786 = VECTOR('',#7787,1.);
#7787 = DIRECTION('',(-6.901141331098E-16,-1.));
#7788 = ( GEOMETRIC_REPRESENTATION_CONTEXT(2) 
PARAMETRIC_REPRESENTATION_CONTEXT() REPRESENTATION_CONTEXT('2D SPACE',''
  ) );
#7789 = PCURVE('',#3405,#7790);
#7790 = DEFINITIONAL_REPRESENTATION('',(#7791),#7795);
#7791 = LINE('',#7792,#7793);
#7792 = CARTESIAN_POINT('',(-3.14159265359,1.7763568394E-15));
#7793 = VECTOR('',#7794,1.);
#7794 = DIRECTION('',(1.,0.));
#7795 = ( GEOMETRIC_REPRESENTATION_CONTEXT(2) 
PARAMETRIC_REPRESENTATION_CONTEXT() REPRESENTATION_CONTEXT('2D SPACE',''
  ) );
#7796 = ADVANCED_FACE('',(#7797),#7151,.T.);
#7797 = FACE_BOUND('',#7798,.T.);
#7798 = EDGE_LOOP('',(#7799,#7823,#7824,#7848));
#7799 = ORIENTED_EDGE('',*,*,#7800,.T.);
#7800 = EDGE_CURVE('',#7801,#7089,#7803,.T.);
#7801 = VERTEX_POINT('',#7802);
#7802 = CARTESIAN_POINT('',(29.419487912255,-5.777909544138,-5.));
#7803 = SURFACE_CURVE('',#7804,(#7809,#7816),.PCURVE_S1.);
#7804 = CIRCLE('',#7805,0.25);
#7805 = AXIS2_PLACEMENT_3D('',#7806,#7807,#7808);
#7806 = CARTESIAN_POINT('',(29.633094943224,-5.907801946997,-5.));
#7807 = DIRECTION('',(2.044679885754E-15,-9.283566826829E-16,-1.));
#7808 = DIRECTION('',(-0.965730490124,0.259546952295,-2.215561855848E-15
    ));
#7809 = PCURVE('',#7151,#7810);
#7810 = DEFINITIONAL_REPRESENTATION('',(#7811),#7815);
#7811 = LINE('',#7812,#7813);
#7812 = CARTESIAN_POINT('',(1.570796326795,4.896258141449E-17));
#7813 = VECTOR('',#7814,1.);
#7814 = DIRECTION('',(1.,-1.725285332774E-16));
#7815 = ( GEOMETRIC_REPRESENTATION_CONTEXT(2) 
PARAMETRIC_REPRESENTATION_CONTEXT() REPRESENTATION_CONTEXT('2D SPACE',''
  ) );
#7816 = PCURVE('',#7611,#7817);
#7817 = DEFINITIONAL_REPRESENTATION('',(#7818),#7822);
#7818 = LINE('',#7819,#7820);
#7819 = CARTESIAN_POINT('',(3.14159265359,1.570796326795));
#7820 = VECTOR('',#7821,1.);
#7821 = DIRECTION('',(-5.175855998323E-16,-1.));
#7822 = ( GEOMETRIC_REPRESENTATION_CONTEXT(2) 
PARAMETRIC_REPRESENTATION_CONTEXT() REPRESENTATION_CONTEXT('2D SPACE',''
  ) );
#7823 = ORIENTED_EDGE('',*,*,#7137,.T.);
#7824 = ORIENTED_EDGE('',*,*,#7825,.F.);
#7825 = EDGE_CURVE('',#7826,#7114,#7828,.T.);
#7826 = VERTEX_POINT('',#7827);
#7827 = CARTESIAN_POINT('',(29.419487912255,-5.777909544138,-13.));
#7828 = SURFACE_CURVE('',#7829,(#7834,#7841),.PCURVE_S1.);
#7829 = CIRCLE('',#7830,0.25);
#7830 = AXIS2_PLACEMENT_3D('',#7831,#7832,#7833);
#7831 = CARTESIAN_POINT('',(29.633094943224,-5.907801946997,-13.));
#7832 = DIRECTION('',(2.058749954231E-15,-8.760043279116E-16,-1.));
#7833 = DIRECTION('',(-0.965730490124,0.259546952295,-2.215561855848E-15
    ));
#7834 = PCURVE('',#7151,#7835);
#7835 = DEFINITIONAL_REPRESENTATION('',(#7836),#7840);
#7836 = LINE('',#7837,#7838);
#7837 = CARTESIAN_POINT('',(1.570796326795,8.));
#7838 = VECTOR('',#7839,1.);
#7839 = DIRECTION('',(1.,-1.035171199665E-15));
#7840 = ( GEOMETRIC_REPRESENTATION_CONTEXT(2) 
PARAMETRIC_REPRESENTATION_CONTEXT() REPRESENTATION_CONTEXT('2D SPACE',''
  ) );
#7841 = PCURVE('',#7571,#7842);
#7842 = DEFINITIONAL_REPRESENTATION('',(#7843),#7847);
#7843 = LINE('',#7844,#7845);
#7844 = CARTESIAN_POINT('',(3.14159265359,1.570796326795));
#7845 = VECTOR('',#7846,1.);
#7846 = DIRECTION('',(-6.901141331098E-16,-1.));
#7847 = ( GEOMETRIC_REPRESENTATION_CONTEXT(2) 
PARAMETRIC_REPRESENTATION_CONTEXT() REPRESENTATION_CONTEXT('2D SPACE',''
  ) );
#7848 = ORIENTED_EDGE('',*,*,#7849,.F.);
#7849 = EDGE_CURVE('',#7801,#7826,#7850,.T.);
#7850 = SURFACE_CURVE('',#7851,(#7855,#7862),.PCURVE_S1.);
#7851 = LINE('',#7852,#7853);
#7852 = CARTESIAN_POINT('',(29.419487912255,-5.777909544138,-9.));
#7853 = VECTOR('',#7854,1.);
#7854 = DIRECTION('',(-1.278074975698E-17,-6.388603461007E-17,-1.));
#7855 = PCURVE('',#7151,#7856);
#7856 = DEFINITIONAL_REPRESENTATION('',(#7857),#7861);
#7857 = LINE('',#7858,#7859);
#7858 = CARTESIAN_POINT('',(1.854590436003,4.));
#7859 = VECTOR('',#7860,1.);
#7860 = DIRECTION('',(0.,1.));
#7861 = ( GEOMETRIC_REPRESENTATION_CONTEXT(2) 
PARAMETRIC_REPRESENTATION_CONTEXT() REPRESENTATION_CONTEXT('2D SPACE',''
  ) );
#7862 = PCURVE('',#7863,#7868);
#7863 = CYLINDRICAL_SURFACE('',#7864,0.25);
#7864 = AXIS2_PLACEMENT_3D('',#7865,#7866,#7867);
#7865 = CARTESIAN_POINT('',(29.169544307965,-5.783219409896,-5.));
#7866 = DIRECTION('',(-1.278074975698E-17,-6.388603461007E-17,-1.));
#7867 = DIRECTION('',(-0.259546952295,-0.965730490124,6.50138961635E-17)
  );
#7868 = DEFINITIONAL_REPRESENTATION('',(#7869),#7873);
#7869 = LINE('',#7870,#7871);
#7870 = CARTESIAN_POINT('',(4.428594871176,4.));
#7871 = VECTOR('',#7872,1.);
#7872 = DIRECTION('',(0.,1.));
#7873 = ( GEOMETRIC_REPRESENTATION_CONTEXT(2) 
PARAMETRIC_REPRESENTATION_CONTEXT() REPRESENTATION_CONTEXT('2D SPACE',''
  ) );
#7874 = ADVANCED_FACE('',(#7875),#3116,.T.);
#7875 = FACE_BOUND('',#7876,.T.);
#7876 = EDGE_LOOP('',(#7877,#7878,#7900,#7901));
#7877 = ORIENTED_EDGE('',*,*,#3526,.F.);
#7878 = ORIENTED_EDGE('',*,*,#7879,.T.);
#7879 = EDGE_CURVE('',#3498,#3018,#7880,.T.);
#7880 = SURFACE_CURVE('',#7881,(#7886,#7893),.PCURVE_S1.);
#7881 = CIRCLE('',#7882,0.25);
#7882 = AXIS2_PLACEMENT_3D('',#7883,#7884,#7885);
#7883 = CARTESIAN_POINT('',(29.451412076618,-6.583813290084,-4.3));
#7884 = DIRECTION('',(0.259546952295,0.965730490124,-7.031275949673E-16)
  );
#7885 = DIRECTION('',(-0.965730490124,0.259546952295,-4.238665850286E-18
    ));
#7886 = PCURVE('',#3116,#7887);
#7887 = DEFINITIONAL_REPRESENTATION('',(#7888),#7892);
#7888 = LINE('',#7889,#7890);
#7889 = CARTESIAN_POINT('',(1.570796326795,7.853981633974));
#7890 = VECTOR('',#7891,1.);
#7891 = DIRECTION('',(1.035171199665E-15,-1.));
#7892 = ( GEOMETRIC_REPRESENTATION_CONTEXT(2) 
PARAMETRIC_REPRESENTATION_CONTEXT() REPRESENTATION_CONTEXT('2D SPACE',''
  ) );
#7893 = PCURVE('',#6045,#7894);
#7894 = DEFINITIONAL_REPRESENTATION('',(#7895),#7899);
#7895 = LINE('',#7896,#7897);
#7896 = CARTESIAN_POINT('',(-4.712388980385,2.571670019493));
#7897 = VECTOR('',#7898,1.);
#7898 = DIRECTION('',(1.,0.));
#7899 = ( GEOMETRIC_REPRESENTATION_CONTEXT(2) 
PARAMETRIC_REPRESENTATION_CONTEXT() REPRESENTATION_CONTEXT('2D SPACE',''
  ) );
#7900 = ORIENTED_EDGE('',*,*,#3101,.F.);
#7901 = ORIENTED_EDGE('',*,*,#7902,.F.);
#7902 = EDGE_CURVE('',#3527,#3073,#7903,.T.);
#7903 = SURFACE_CURVE('',#7904,(#7909,#7916),.PCURVE_S1.);
#7904 = CIRCLE('',#7905,0.25);
#7905 = AXIS2_PLACEMENT_3D('',#7906,#7907,#7908);
#7906 = CARTESIAN_POINT('',(29.633094943224,-5.907801946997,-5.));
#7907 = DIRECTION('',(2.044679885754E-15,-9.283566826829E-16,-1.));
#7908 = DIRECTION('',(-0.965730490124,0.259546952295,-2.215561855848E-15
    ));
#7909 = PCURVE('',#3116,#7910);
#7910 = DEFINITIONAL_REPRESENTATION('',(#7911),#7915);
#7911 = LINE('',#7912,#7913);
#7912 = CARTESIAN_POINT('',(3.14159265359,7.853981633974));
#7913 = VECTOR('',#7914,1.);
#7914 = DIRECTION('',(3.450570665549E-16,-1.));
#7915 = ( GEOMETRIC_REPRESENTATION_CONTEXT(2) 
PARAMETRIC_REPRESENTATION_CONTEXT() REPRESENTATION_CONTEXT('2D SPACE',''
  ) );
#7916 = PCURVE('',#6097,#7917);
#7917 = DEFINITIONAL_REPRESENTATION('',(#7918),#7922);
#7918 = LINE('',#7919,#7920);
#7919 = CARTESIAN_POINT('',(-4.712388980385,0.));
#7920 = VECTOR('',#7921,1.);
#7921 = DIRECTION('',(1.,0.));
#7922 = ( GEOMETRIC_REPRESENTATION_CONTEXT(2) 
PARAMETRIC_REPRESENTATION_CONTEXT() REPRESENTATION_CONTEXT('2D SPACE',''
  ) );
#7923 = ADVANCED_FACE('',(#7924),#7278,.T.);
#7924 = FACE_BOUND('',#7925,.T.);
#7925 = EDGE_LOOP('',(#7926,#7950,#7951,#7975));
#7926 = ORIENTED_EDGE('',*,*,#7927,.T.);
#7927 = EDGE_CURVE('',#7928,#7216,#7930,.T.);
#7928 = VERTEX_POINT('',#7929);
#7929 = CARTESIAN_POINT('',(28.552167643121,-9.005062169894,-4.23));
#7930 = SURFACE_CURVE('',#7931,(#7936,#7943),.PCURVE_S1.);
#7931 = CIRCLE('',#7932,0.25);
#7932 = AXIS2_PLACEMENT_3D('',#7933,#7934,#7935);
#7933 = CARTESIAN_POINT('',(28.78394296075,-9.067353438445,-4.3));
#7934 = DIRECTION('',(0.259546952295,0.965730490124,-3.658519214112E-16)
  );
#7935 = DIRECTION('',(-0.965730490124,0.259546952295,-4.238665850285E-18
    ));
#7936 = PCURVE('',#7278,#7937);
#7937 = DEFINITIONAL_REPRESENTATION('',(#7938),#7942);
#7938 = LINE('',#7939,#7940);
#7939 = CARTESIAN_POINT('',(1.570796326795,1.084028745358E-15));
#7940 = VECTOR('',#7941,1.);
#7941 = DIRECTION('',(1.,-6.901141331098E-16));
#7942 = ( GEOMETRIC_REPRESENTATION_CONTEXT(2) 
PARAMETRIC_REPRESENTATION_CONTEXT() REPRESENTATION_CONTEXT('2D SPACE',''
  ) );
#7943 = PCURVE('',#7651,#7944);
#7944 = DEFINITIONAL_REPRESENTATION('',(#7945),#7949);
#7945 = LINE('',#7946,#7947);
#7946 = CARTESIAN_POINT('',(1.570796326795,1.570796326795));
#7947 = VECTOR('',#7948,1.);
#7948 = DIRECTION('',(-8.626426663872E-16,-1.));
#7949 = ( GEOMETRIC_REPRESENTATION_CONTEXT(2) 
PARAMETRIC_REPRESENTATION_CONTEXT() REPRESENTATION_CONTEXT('2D SPACE',''
  ) );
#7950 = ORIENTED_EDGE('',*,*,#7264,.T.);
#7951 = ORIENTED_EDGE('',*,*,#7952,.F.);
#7952 = EDGE_CURVE('',#7953,#7241,#7955,.T.);
#7953 = VERTEX_POINT('',#7954);
#7954 = CARTESIAN_POINT('',(29.219636758988,-6.521522021533,-4.23));
#7955 = SURFACE_CURVE('',#7956,(#7961,#7968),.PCURVE_S1.);
#7956 = CIRCLE('',#7957,0.25);
#7957 = AXIS2_PLACEMENT_3D('',#7958,#7959,#7960);
#7958 = CARTESIAN_POINT('',(29.451412076618,-6.583813290084,-4.3));
#7959 = DIRECTION('',(0.259546952295,0.965730490124,-7.031275949673E-16)
  );
#7960 = DIRECTION('',(-0.965730490124,0.259546952295,-4.238665850286E-18
    ));
#7961 = PCURVE('',#7278,#7962);
#7962 = DEFINITIONAL_REPRESENTATION('',(#7963),#7967);
#7963 = LINE('',#7964,#7965);
#7964 = CARTESIAN_POINT('',(1.570796326795,2.571670019493));
#7965 = VECTOR('',#7966,1.);
#7966 = DIRECTION('',(1.,-1.035171199665E-15));
#7967 = ( GEOMETRIC_REPRESENTATION_CONTEXT(2) 
PARAMETRIC_REPRESENTATION_CONTEXT() REPRESENTATION_CONTEXT('2D SPACE',''
  ) );
#7968 = PCURVE('',#7611,#7969);
#7969 = DEFINITIONAL_REPRESENTATION('',(#7970),#7974);
#7970 = LINE('',#7971,#7972);
#7971 = CARTESIAN_POINT('',(1.570796326795,1.570796326795));
#7972 = VECTOR('',#7973,1.);
#7973 = DIRECTION('',(-1.38022826622E-15,-1.));
#7974 = ( GEOMETRIC_REPRESENTATION_CONTEXT(2) 
PARAMETRIC_REPRESENTATION_CONTEXT() REPRESENTATION_CONTEXT('2D SPACE',''
  ) );
#7975 = ORIENTED_EDGE('',*,*,#7976,.F.);
#7976 = EDGE_CURVE('',#7928,#7953,#7977,.T.);
#7977 = SURFACE_CURVE('',#7978,(#7982,#7989),.PCURVE_S1.);
#7978 = LINE('',#7979,#7980);
#7979 = CARTESIAN_POINT('',(28.885902201054,-7.763292095714,-4.23));
#7980 = VECTOR('',#7981,1.);
#7981 = DIRECTION('',(0.259546952295,0.965730490124,-4.564996783438E-16)
  );
#7982 = PCURVE('',#7278,#7983);
#7983 = DEFINITIONAL_REPRESENTATION('',(#7984),#7988);
#7984 = LINE('',#7985,#7986);
#7985 = CARTESIAN_POINT('',(1.854590436003,1.285835009746));
#7986 = VECTOR('',#7987,1.);
#7987 = DIRECTION('',(2.935647462632E-15,1.));
#7988 = ( GEOMETRIC_REPRESENTATION_CONTEXT(2) 
PARAMETRIC_REPRESENTATION_CONTEXT() REPRESENTATION_CONTEXT('2D SPACE',''
  ) );
#7989 = PCURVE('',#7990,#7995);
#7990 = CYLINDRICAL_SURFACE('',#7991,0.25);
#7991 = AXIS2_PLACEMENT_3D('',#7992,#7993,#7994);
#7992 = CARTESIAN_POINT('',(28.320392325491,-8.942770901344,-4.3));
#7993 = DIRECTION('',(0.259546952295,0.965730490124,-4.564996783438E-16)
  );
#7994 = DIRECTION('',(-1.143896913886E-16,-4.419557909115E-16,-1.));
#7995 = DEFINITIONAL_REPRESENTATION('',(#7996),#8000);
#7996 = LINE('',#7997,#7998);
#7997 = CARTESIAN_POINT('',(4.428594871176,1.285835009746));
#7998 = VECTOR('',#7999,1.);
#7999 = DIRECTION('',(3.453702897214E-16,1.));
#8000 = ( GEOMETRIC_REPRESENTATION_CONTEXT(2) 
PARAMETRIC_REPRESENTATION_CONTEXT() REPRESENTATION_CONTEXT('2D SPACE',''
  ) );
#8001 = ADVANCED_FACE('',(#8002),#3002,.T.);
#8002 = FACE_BOUND('',#8003,.T.);
#8003 = EDGE_LOOP('',(#8004,#8005,#8027,#8028));
#8004 = ORIENTED_EDGE('',*,*,#3417,.F.);
#8005 = ORIENTED_EDGE('',*,*,#8006,.T.);
#8006 = EDGE_CURVE('',#3384,#2904,#8007,.T.);
#8007 = SURFACE_CURVE('',#8008,(#8013,#8020),.PCURVE_S1.);
#8008 = CIRCLE('',#8009,0.25);
#8009 = AXIS2_PLACEMENT_3D('',#8010,#8011,#8012);
#8010 = CARTESIAN_POINT('',(28.78394296075,-9.067353438445,-13.7));
#8011 = DIRECTION('',(-0.259546952295,-0.965730490124,3.658519214112E-16
    ));
#8012 = DIRECTION('',(-0.965730490124,0.259546952295,-4.238665850284E-18
    ));
#8013 = PCURVE('',#3002,#8014);
#8014 = DEFINITIONAL_REPRESENTATION('',(#8015),#8019);
#8015 = LINE('',#8016,#8017);
#8016 = CARTESIAN_POINT('',(4.712388980385,7.853981633974));
#8017 = VECTOR('',#8018,1.);
#8018 = DIRECTION('',(0.,-1.));
#8019 = ( GEOMETRIC_REPRESENTATION_CONTEXT(2) 
PARAMETRIC_REPRESENTATION_CONTEXT() REPRESENTATION_CONTEXT('2D SPACE',''
  ) );
#8020 = PCURVE('',#3405,#8021);
#8021 = DEFINITIONAL_REPRESENTATION('',(#8022),#8026);
#8022 = LINE('',#8023,#8024);
#8023 = CARTESIAN_POINT('',(-3.14159265359,2.571670019493));
#8024 = VECTOR('',#8025,1.);
#8025 = DIRECTION('',(1.,0.));
#8026 = ( GEOMETRIC_REPRESENTATION_CONTEXT(2) 
PARAMETRIC_REPRESENTATION_CONTEXT() REPRESENTATION_CONTEXT('2D SPACE',''
  ) );
#8027 = ORIENTED_EDGE('',*,*,#2987,.F.);
#8028 = ORIENTED_EDGE('',*,*,#8029,.F.);
#8029 = EDGE_CURVE('',#3418,#2964,#8030,.T.);
#8030 = SURFACE_CURVE('',#8031,(#8036,#8043),.PCURVE_S1.);
#8031 = CIRCLE('',#8032,0.25);
#8032 = AXIS2_PLACEMENT_3D('',#8033,#8034,#8035);
#8033 = CARTESIAN_POINT('',(28.602260094144,-9.743364781532,-13.));
#8034 = DIRECTION('',(2.198264433489E-15,-3.24232415865E-16,1.));
#8035 = DIRECTION('',(-0.965730490124,0.259546952295,2.207084524148E-15)
  );
#8036 = PCURVE('',#3002,#8037);
#8037 = DEFINITIONAL_REPRESENTATION('',(#8038),#8042);
#8038 = LINE('',#8039,#8040);
#8039 = CARTESIAN_POINT('',(6.28318530718,7.853981633974));
#8040 = VECTOR('',#8041,1.);
#8041 = DIRECTION('',(0.,-1.));
#8042 = ( GEOMETRIC_REPRESENTATION_CONTEXT(2) 
PARAMETRIC_REPRESENTATION_CONTEXT() REPRESENTATION_CONTEXT('2D SPACE',''
  ) );
#8043 = PCURVE('',#5971,#8044);
#8044 = DEFINITIONAL_REPRESENTATION('',(#8045),#8049);
#8045 = LINE('',#8046,#8047);
#8046 = CARTESIAN_POINT('',(-4.712388980385,-1.626043118037E-15));
#8047 = VECTOR('',#8048,1.);
#8048 = DIRECTION('',(1.,3.450570665549E-16));
#8049 = ( GEOMETRIC_REPRESENTATION_CONTEXT(2) 
PARAMETRIC_REPRESENTATION_CONTEXT() REPRESENTATION_CONTEXT('2D SPACE',''
  ) );
#8050 = ADVANCED_FACE('',(#8051),#2888,.T.);
#8051 = FACE_BOUND('',#8052,.T.);
#8052 = EDGE_LOOP('',(#8053,#8054,#8076,#8077));
#8053 = ORIENTED_EDGE('',*,*,#3298,.F.);
#8054 = ORIENTED_EDGE('',*,*,#8055,.T.);
#8055 = EDGE_CURVE('',#3243,#2763,#8056,.T.);
#8056 = SURFACE_CURVE('',#8057,(#8062,#8069),.PCURVE_S1.);
#8057 = CIRCLE('',#8058,0.25);
#8058 = AXIS2_PLACEMENT_3D('',#8059,#8060,#8061);
#8059 = CARTESIAN_POINT('',(28.602260094144,-9.743364781532,-5.));
#8060 = DIRECTION('',(2.198264433489E-15,-3.24232415865E-16,1.));
#8061 = DIRECTION('',(-0.965730490124,0.259546952295,2.207084524148E-15)
  );
#8062 = PCURVE('',#2888,#8063);
#8063 = DEFINITIONAL_REPRESENTATION('',(#8064),#8068);
#8064 = LINE('',#8065,#8066);
#8065 = CARTESIAN_POINT('',(0.,7.853981633974));
#8066 = VECTOR('',#8067,1.);
#8067 = DIRECTION('',(0.,-1.));
#8068 = ( GEOMETRIC_REPRESENTATION_CONTEXT(2) 
PARAMETRIC_REPRESENTATION_CONTEXT() REPRESENTATION_CONTEXT('2D SPACE',''
  ) );
#8069 = PCURVE('',#5971,#8070);
#8070 = DEFINITIONAL_REPRESENTATION('',(#8071),#8075);
#8071 = LINE('',#8072,#8073);
#8072 = CARTESIAN_POINT('',(-4.712388980385,8.));
#8073 = VECTOR('',#8074,1.);
#8074 = DIRECTION('',(1.,0.));
#8075 = ( GEOMETRIC_REPRESENTATION_CONTEXT(2) 
PARAMETRIC_REPRESENTATION_CONTEXT() REPRESENTATION_CONTEXT('2D SPACE',''
  ) );
#8076 = ORIENTED_EDGE('',*,*,#2873,.F.);
#8077 = ORIENTED_EDGE('',*,*,#8078,.F.);
#8078 = EDGE_CURVE('',#3299,#2845,#8079,.T.);
#8079 = SURFACE_CURVE('',#8080,(#8085,#8092),.PCURVE_S1.);
#8080 = CIRCLE('',#8081,0.25);
#8081 = AXIS2_PLACEMENT_3D('',#8082,#8083,#8084);
#8082 = CARTESIAN_POINT('',(28.78394296075,-9.067353438445,-4.3));
#8083 = DIRECTION('',(0.259546952295,0.965730490124,-3.658519214112E-16)
  );
#8084 = DIRECTION('',(-0.965730490124,0.259546952295,-4.238665850285E-18
    ));
#8085 = PCURVE('',#2888,#8086);
#8086 = DEFINITIONAL_REPRESENTATION('',(#8087),#8091);
#8087 = LINE('',#8088,#8089);
#8088 = CARTESIAN_POINT('',(1.570796326795,7.853981633974));
#8089 = VECTOR('',#8090,1.);
#8090 = DIRECTION('',(1.207699732942E-15,-1.));
#8091 = ( GEOMETRIC_REPRESENTATION_CONTEXT(2) 
PARAMETRIC_REPRESENTATION_CONTEXT() REPRESENTATION_CONTEXT('2D SPACE',''
  ) );
#8092 = PCURVE('',#6045,#8093);
#8093 = DEFINITIONAL_REPRESENTATION('',(#8094),#8098);
#8094 = LINE('',#8095,#8096);
#8095 = CARTESIAN_POINT('',(-4.712388980385,-3.252086236074E-15));
#8096 = VECTOR('',#8097,1.);
#8097 = DIRECTION('',(1.,6.901141331098E-16));
#8098 = ( GEOMETRIC_REPRESENTATION_CONTEXT(2) 
PARAMETRIC_REPRESENTATION_CONTEXT() REPRESENTATION_CONTEXT('2D SPACE',''
  ) );
#8099 = ADVANCED_FACE('',(#8100),#7476,.T.);
#8100 = FACE_BOUND('',#8101,.T.);
#8101 = EDGE_LOOP('',(#8102,#8126,#8127,#8173));
#8102 = ORIENTED_EDGE('',*,*,#8103,.T.);
#8103 = EDGE_CURVE('',#8104,#7392,#8106,.T.);
#8104 = VERTEX_POINT('',#8105);
#8105 = CARTESIAN_POINT('',(28.352316489854,-9.74867464729,-13.));
#8106 = SURFACE_CURVE('',#8107,(#8112,#8119),.PCURVE_S1.);
#8107 = CIRCLE('',#8108,0.25);
#8108 = AXIS2_PLACEMENT_3D('',#8109,#8110,#8111);
#8109 = CARTESIAN_POINT('',(28.602260094144,-9.743364781532,-13.));
#8110 = DIRECTION('',(2.198264433489E-15,-3.24232415865E-16,1.));
#8111 = DIRECTION('',(-0.965730490124,0.259546952295,2.207084524148E-15)
  );
#8112 = PCURVE('',#7476,#8113);
#8113 = DEFINITIONAL_REPRESENTATION('',(#8114),#8118);
#8114 = LINE('',#8115,#8116);
#8115 = CARTESIAN_POINT('',(1.570796326795,6.39939535508E-16));
#8116 = VECTOR('',#8117,1.);
#8117 = DIRECTION('',(1.,-6.901141331098E-16));
#8118 = ( GEOMETRIC_REPRESENTATION_CONTEXT(2) 
PARAMETRIC_REPRESENTATION_CONTEXT() REPRESENTATION_CONTEXT('2D SPACE',''
  ) );
#8119 = PCURVE('',#7509,#8120);
#8120 = DEFINITIONAL_REPRESENTATION('',(#8121),#8125);
#8121 = LINE('',#8122,#8123);
#8122 = CARTESIAN_POINT('',(6.28318530718,1.570796326795));
#8123 = VECTOR('',#8124,1.);
#8124 = DIRECTION('',(0.,-1.));
#8125 = ( GEOMETRIC_REPRESENTATION_CONTEXT(2) 
PARAMETRIC_REPRESENTATION_CONTEXT() REPRESENTATION_CONTEXT('2D SPACE',''
  ) );
#8126 = ORIENTED_EDGE('',*,*,#7462,.T.);
#8127 = ORIENTED_EDGE('',*,*,#8128,.F.);
#8128 = EDGE_CURVE('',#8129,#7417,#8131,.T.);
#8129 = VERTEX_POINT('',#8130);
#8130 = CARTESIAN_POINT('',(28.352316489854,-9.74867464729,-5.));
#8131 = SURFACE_CURVE('',#8132,(#8137,#8144),.PCURVE_S1.);
#8132 = CIRCLE('',#8133,0.25);
#8133 = AXIS2_PLACEMENT_3D('',#8134,#8135,#8136);
#8134 = CARTESIAN_POINT('',(28.602260094144,-9.743364781532,-5.));
#8135 = DIRECTION('',(2.198264433489E-15,-3.24232415865E-16,1.));
#8136 = DIRECTION('',(-0.965730490124,0.259546952295,2.207084524148E-15)
  );
#8137 = PCURVE('',#7476,#8138);
#8138 = DEFINITIONAL_REPRESENTATION('',(#8139),#8143);
#8139 = LINE('',#8140,#8141);
#8140 = CARTESIAN_POINT('',(1.570796326795,8.));
#8141 = VECTOR('',#8142,1.);
#8142 = DIRECTION('',(1.,-3.450570665549E-16));
#8143 = ( GEOMETRIC_REPRESENTATION_CONTEXT(2) 
PARAMETRIC_REPRESENTATION_CONTEXT() REPRESENTATION_CONTEXT('2D SPACE',''
  ) );
#8144 = PCURVE('',#7651,#8145);
#8145 = DEFINITIONAL_REPRESENTATION('',(#8146),#8172);
#8146 = B_SPLINE_CURVE_WITH_KNOTS('',3,(#8147,#8148,#8149,#8150,#8151,
    #8152,#8153,#8154,#8155,#8156,#8157,#8158,#8159,#8160,#8161,#8162,
    #8163,#8164,#8165,#8166,#8167,#8168,#8169,#8170,#8171),
  .UNSPECIFIED.,.F.,.F.,(4,1,1,1,1,1,1,1,1,1,1,1,1,1,1,1,1,1,1,1,1,1,4),
  (0.283794109208,0.400794310807,0.517794512406,0.634794714005,
    0.751794915603,0.868795117202,0.985795318801,1.1027955204,
    1.219795721999,1.336795923597,1.453796125196,1.570796326795,
    1.687796528394,1.804796729992,1.921796931591,2.03879713319,
    2.155797334789,2.272797536388,2.389797737986,2.506797939585,
    2.623798141184,2.740798342783,2.857798544381),
  .QUASI_UNIFORM_KNOTS.);
#8147 = CARTESIAN_POINT('',(0.,1.287002217587));
#8148 = CARTESIAN_POINT('',(6.908793907228E-16,1.248002150387));
#8149 = CARTESIAN_POINT('',(1.349974607569E-15,1.170002015988));
#8150 = CARTESIAN_POINT('',(9.206760368237E-16,1.053001814389));
#8151 = CARTESIAN_POINT('',(1.43667138679E-15,0.93600161279));
#8152 = CARTESIAN_POINT('',(-3.849550921034E-16,0.819001411191));
#8153 = CARTESIAN_POINT('',(1.031489816235E-16,0.702001209593));
#8154 = CARTESIAN_POINT('',(-2.764083439076E-17,0.585001007994));
#8155 = CARTESIAN_POINT('',(7.414355939512E-18,0.468000806395));
#8156 = CARTESIAN_POINT('',(-2.016589367284E-18,0.351000604796));
#8157 = CARTESIAN_POINT('',(6.520015296259E-19,0.234000403198));
#8158 = CARTESIAN_POINT('',(-5.914167512193E-19,0.117000201599));
#8159 = CARTESIAN_POINT('',(1.713665475251E-18,1.794382459392E-14));
#8160 = CARTESIAN_POINT('',(-6.263245149786E-18,-0.117000201599));
#8161 = CARTESIAN_POINT('',(2.333931512389E-17,-0.234000403198));
#8162 = CARTESIAN_POINT('',(-8.709401534578E-17,-0.351000604796));
#8163 = CARTESIAN_POINT('',(3.250367462592E-16,-0.468000806395));
#8164 = CARTESIAN_POINT('',(-1.213052969691E-15,-0.585001007994));
#8165 = CARTESIAN_POINT('',(-8.018953856954E-16,-0.702001209593));
#8166 = CARTESIAN_POINT('',(-9.084360057282E-16,-0.819001411191));
#8167 = CARTESIAN_POINT('',(-8.934311095928E-16,-0.93600161279));
#8168 = CARTESIAN_POINT('',(-8.469100741015E-16,-1.053001814389));
#8169 = CARTESIAN_POINT('',(-1.047999112202E-15,-1.170002015988));
#8170 = CARTESIAN_POINT('',(-5.427757009279E-16,-1.248002150387));
#8171 = CARTESIAN_POINT('',(0.,-1.287002217587));
#8172 = ( GEOMETRIC_REPRESENTATION_CONTEXT(2) 
PARAMETRIC_REPRESENTATION_CONTEXT() REPRESENTATION_CONTEXT('2D SPACE',''
  ) );
#8173 = ORIENTED_EDGE('',*,*,#8174,.F.);
#8174 = EDGE_CURVE('',#8104,#8129,#8175,.T.);
#8175 = SURFACE_CURVE('',#8176,(#8180,#8187),.PCURVE_S1.);
#8176 = LINE('',#8177,#8178);
#8177 = CARTESIAN_POINT('',(28.352316489854,-9.74867464729,-9.));
#8178 = VECTOR('',#8179,1.);
#8179 = DIRECTION('',(-1.28931872002E-18,1.153367983869E-17,1.));
#8180 = PCURVE('',#7476,#8181);
#8181 = DEFINITIONAL_REPRESENTATION('',(#8182),#8186);
#8182 = LINE('',#8183,#8184);
#8183 = CARTESIAN_POINT('',(1.854590436003,4.));
#8184 = VECTOR('',#8185,1.);
#8185 = DIRECTION('',(0.,1.));
#8186 = ( GEOMETRIC_REPRESENTATION_CONTEXT(2) 
PARAMETRIC_REPRESENTATION_CONTEXT() REPRESENTATION_CONTEXT('2D SPACE',''
  ) );
#8187 = PCURVE('',#8188,#8193);
#8188 = CYLINDRICAL_SURFACE('',#8189,0.25);
#8189 = AXIS2_PLACEMENT_3D('',#8190,#8191,#8192);
#8190 = CARTESIAN_POINT('',(28.138709458885,-9.61878224443,-13.));
#8191 = DIRECTION('',(-1.28931872002E-18,1.153367983869E-17,1.));
#8192 = DIRECTION('',(0.259546952295,0.965730490124,-1.080378753923E-17)
  );
#8193 = DEFINITIONAL_REPRESENTATION('',(#8194),#8198);
#8194 = LINE('',#8195,#8196);
#8195 = CARTESIAN_POINT('',(4.428594871176,4.));
#8196 = VECTOR('',#8197,1.);
#8197 = DIRECTION('',(0.,1.));
#8198 = ( GEOMETRIC_REPRESENTATION_CONTEXT(2) 
PARAMETRIC_REPRESENTATION_CONTEXT() REPRESENTATION_CONTEXT('2D SPACE',''
  ) );
#8199 = ADVANCED_FACE('',(#8200),#7509,.T.);
#8200 = FACE_BOUND('',#8201,.T.);
#8201 = EDGE_LOOP('',(#8202,#8203,#8204,#8205));
#8202 = ORIENTED_EDGE('',*,*,#7698,.T.);
#8203 = ORIENTED_EDGE('',*,*,#7494,.T.);
#8204 = ORIENTED_EDGE('',*,*,#8103,.F.);
#8205 = ORIENTED_EDGE('',*,*,#8206,.F.);
#8206 = EDGE_CURVE('',#7699,#8104,#8207,.T.);
#8207 = SURFACE_CURVE('',#8208,(#8213,#8220),.PCURVE_S1.);
#8208 = CIRCLE('',#8209,0.77);
#8209 = AXIS2_PLACEMENT_3D('',#8210,#8211,#8212);
#8210 = CARTESIAN_POINT('',(28.552167643121,-9.005062169894,-13.));
#8211 = DIRECTION('',(-0.965730490124,0.259546952295,-4.238665850285E-18
    ));
#8212 = DIRECTION('',(-0.259546952295,-0.965730490124,1.192240047878E-16
    ));
#8213 = PCURVE('',#7509,#8214);
#8214 = DEFINITIONAL_REPRESENTATION('',(#8215),#8219);
#8215 = LINE('',#8216,#8217);
#8216 = CARTESIAN_POINT('',(-8.881784197001E-16,1.287002217587));
#8217 = VECTOR('',#8218,1.);
#8218 = DIRECTION('',(1.,0.));
#8219 = ( GEOMETRIC_REPRESENTATION_CONTEXT(2) 
PARAMETRIC_REPRESENTATION_CONTEXT() REPRESENTATION_CONTEXT('2D SPACE',''
  ) );
#8220 = PCURVE('',#8221,#8226);
#8221 = TOROIDAL_SURFACE('',#8222,0.7,0.25);
#8222 = AXIS2_PLACEMENT_3D('',#8223,#8224,#8225);
#8223 = CARTESIAN_POINT('',(28.320392325491,-8.942770901344,-13.));
#8224 = DIRECTION('',(-0.965730490124,0.259546952295,-4.238665850285E-18
    ));
#8225 = DIRECTION('',(-0.259546952295,-0.965730490124,1.192240047878E-16
    ));
#8226 = DEFINITIONAL_REPRESENTATION('',(#8227),#8231);
#8227 = LINE('',#8228,#8229);
#8228 = CARTESIAN_POINT('',(-3.552713678801E-15,4.996183089593));
#8229 = VECTOR('',#8230,1.);
#8230 = DIRECTION('',(1.,-4.52345554697E-15));
#8231 = ( GEOMETRIC_REPRESENTATION_CONTEXT(2) 
PARAMETRIC_REPRESENTATION_CONTEXT() REPRESENTATION_CONTEXT('2D SPACE',''
  ) );
#8232 = ADVANCED_FACE('',(#8233),#3405,.T.);
#8233 = FACE_BOUND('',#8234,.T.);
#8234 = EDGE_LOOP('',(#8235,#8236,#8237,#8238,#8239,#8260));
#8235 = ORIENTED_EDGE('',*,*,#3381,.F.);
#8236 = ORIENTED_EDGE('',*,*,#7528,.T.);
#8237 = ORIENTED_EDGE('',*,*,#3664,.T.);
#8238 = ORIENTED_EDGE('',*,*,#7775,.T.);
#8239 = ORIENTED_EDGE('',*,*,#8240,.F.);
#8240 = EDGE_CURVE('',#2904,#3187,#8241,.T.);
#8241 = SURFACE_CURVE('',#8242,(#8246,#8253),.PCURVE_S1.);
#8242 = LINE('',#8243,#8244);
#8243 = CARTESIAN_POINT('',(28.885902201054,-7.763292095714,-13.63));
#8244 = VECTOR('',#8245,1.);
#8245 = DIRECTION('',(0.259546952295,0.965730490124,-1.192240047878E-16)
  );
#8246 = PCURVE('',#3405,#8247);
#8247 = DEFINITIONAL_REPRESENTATION('',(#8248),#8252);
#8248 = LINE('',#8249,#8250);
#8249 = CARTESIAN_POINT('',(2.857798544381,1.285835009746));
#8250 = VECTOR('',#8251,1.);
#8251 = DIRECTION('',(-1.554166303746E-15,-1.));
#8252 = ( GEOMETRIC_REPRESENTATION_CONTEXT(2) 
PARAMETRIC_REPRESENTATION_CONTEXT() REPRESENTATION_CONTEXT('2D SPACE',''
  ) );
#8253 = PCURVE('',#2927,#8254);
#8254 = DEFINITIONAL_REPRESENTATION('',(#8255),#8259);
#8255 = LINE('',#8256,#8257);
#8256 = CARTESIAN_POINT('',(0.283794109208,1.285835009746));
#8257 = VECTOR('',#8258,1.);
#8258 = DIRECTION('',(-1.554166303746E-15,-1.));
#8259 = ( GEOMETRIC_REPRESENTATION_CONTEXT(2) 
PARAMETRIC_REPRESENTATION_CONTEXT() REPRESENTATION_CONTEXT('2D SPACE',''
  ) );
#8260 = ORIENTED_EDGE('',*,*,#8006,.F.);
#8261 = ADVANCED_FACE('',(#8262),#7571,.T.);
#8262 = FACE_BOUND('',#8263,.T.);
#8263 = EDGE_LOOP('',(#8264,#8265,#8266,#8267));
#8264 = ORIENTED_EDGE('',*,*,#7825,.T.);
#8265 = ORIENTED_EDGE('',*,*,#7556,.T.);
#8266 = ORIENTED_EDGE('',*,*,#7673,.F.);
#8267 = ORIENTED_EDGE('',*,*,#8268,.F.);
#8268 = EDGE_CURVE('',#7826,#7674,#8269,.T.);
#8269 = SURFACE_CURVE('',#8270,(#8275,#8282),.PCURVE_S1.);
#8270 = CIRCLE('',#8271,0.77);
#8271 = AXIS2_PLACEMENT_3D('',#8272,#8273,#8274);
#8272 = CARTESIAN_POINT('',(29.219636758988,-6.521522021533,-13.));
#8273 = DIRECTION('',(-0.965730490124,0.259546952295,-4.238665850285E-18
    ));
#8274 = DIRECTION('',(-0.259546952295,-0.965730490124,1.192240047878E-16
    ));
#8275 = PCURVE('',#7571,#8276);
#8276 = DEFINITIONAL_REPRESENTATION('',(#8277),#8281);
#8277 = LINE('',#8278,#8279);
#8278 = CARTESIAN_POINT('',(0.,1.287002217587));
#8279 = VECTOR('',#8280,1.);
#8280 = DIRECTION('',(1.,-6.926541306298E-15));
#8281 = ( GEOMETRIC_REPRESENTATION_CONTEXT(2) 
PARAMETRIC_REPRESENTATION_CONTEXT() REPRESENTATION_CONTEXT('2D SPACE',''
  ) );
#8282 = PCURVE('',#8283,#8288);
#8283 = TOROIDAL_SURFACE('',#8284,0.7,0.25);
#8284 = AXIS2_PLACEMENT_3D('',#8285,#8286,#8287);
#8285 = CARTESIAN_POINT('',(28.987861441358,-6.459230752982,-13.));
#8286 = DIRECTION('',(-0.965730490124,0.259546952295,-4.238665850285E-18
    ));
#8287 = DIRECTION('',(-0.259546952295,-0.965730490124,1.192240047878E-16
    ));
#8288 = DEFINITIONAL_REPRESENTATION('',(#8289),#8293);
#8289 = LINE('',#8290,#8291);
#8290 = CARTESIAN_POINT('',(0.,4.996183089593));
#8291 = VECTOR('',#8292,1.);
#8292 = DIRECTION('',(1.,2.261727773485E-15));
#8293 = ( GEOMETRIC_REPRESENTATION_CONTEXT(2) 
PARAMETRIC_REPRESENTATION_CONTEXT() REPRESENTATION_CONTEXT('2D SPACE',''
  ) );
#8294 = ADVANCED_FACE('',(#8295),#6097,.T.);
#8295 = FACE_BOUND('',#8296,.T.);
#8296 = EDGE_LOOP('',(#8297,#8298,#8299,#8300));
#8297 = ORIENTED_EDGE('',*,*,#6217,.F.);
#8298 = ORIENTED_EDGE('',*,*,#7902,.T.);
#8299 = ORIENTED_EDGE('',*,*,#6083,.F.);
#8300 = ORIENTED_EDGE('',*,*,#7752,.F.);
#8301 = ADVANCED_FACE('',(#8302),#7611,.T.);
#8302 = FACE_BOUND('',#8303,.T.);
#8303 = EDGE_LOOP('',(#8304,#8305,#8306,#8307));
#8304 = ORIENTED_EDGE('',*,*,#7952,.T.);
#8305 = ORIENTED_EDGE('',*,*,#7596,.T.);
#8306 = ORIENTED_EDGE('',*,*,#7800,.F.);
#8307 = ORIENTED_EDGE('',*,*,#8308,.F.);
#8308 = EDGE_CURVE('',#7953,#7801,#8309,.T.);
#8309 = SURFACE_CURVE('',#8310,(#8315,#8322),.PCURVE_S1.);
#8310 = CIRCLE('',#8311,0.77);
#8311 = AXIS2_PLACEMENT_3D('',#8312,#8313,#8314);
#8312 = CARTESIAN_POINT('',(29.219636758988,-6.521522021533,-5.));
#8313 = DIRECTION('',(-0.965730490124,0.259546952295,-4.238665850285E-18
    ));
#8314 = DIRECTION('',(-0.259546952295,-0.965730490124,1.192240047878E-16
    ));
#8315 = PCURVE('',#7611,#8316);
#8316 = DEFINITIONAL_REPRESENTATION('',(#8317),#8321);
#8317 = LINE('',#8318,#8319);
#8318 = CARTESIAN_POINT('',(-1.110223024625E-15,1.287002217587));
#8319 = VECTOR('',#8320,1.);
#8320 = DIRECTION('',(1.,9.470985051469E-15));
#8321 = ( GEOMETRIC_REPRESENTATION_CONTEXT(2) 
PARAMETRIC_REPRESENTATION_CONTEXT() REPRESENTATION_CONTEXT('2D SPACE',''
  ) );
#8322 = PCURVE('',#8323,#8328);
#8323 = TOROIDAL_SURFACE('',#8324,0.7,0.25);
#8324 = AXIS2_PLACEMENT_3D('',#8325,#8326,#8327);
#8325 = CARTESIAN_POINT('',(28.987861441358,-6.459230752982,-5.));
#8326 = DIRECTION('',(-0.965730490124,0.259546952295,-4.238665850285E-18
    ));
#8327 = DIRECTION('',(-0.259546952295,-0.965730490124,1.192240047878E-16
    ));
#8328 = DEFINITIONAL_REPRESENTATION('',(#8329),#8333);
#8329 = LINE('',#8330,#8331);
#8330 = CARTESIAN_POINT('',(-1.110223024625E-15,4.996183089593));
#8331 = VECTOR('',#8332,1.);
#8332 = DIRECTION('',(1.,5.654319433713E-16));
#8333 = ( GEOMETRIC_REPRESENTATION_CONTEXT(2) 
PARAMETRIC_REPRESENTATION_CONTEXT() REPRESENTATION_CONTEXT('2D SPACE',''
  ) );
#8334 = ADVANCED_FACE('',(#8335),#6045,.T.);
#8335 = FACE_BOUND('',#8336,.T.);
#8336 = EDGE_LOOP('',(#8337,#8338,#8339,#8340));
#8337 = ORIENTED_EDGE('',*,*,#6165,.F.);
#8338 = ORIENTED_EDGE('',*,*,#8078,.T.);
#8339 = ORIENTED_EDGE('',*,*,#6031,.F.);
#8340 = ORIENTED_EDGE('',*,*,#7879,.F.);
#8341 = ADVANCED_FACE('',(#8342),#7651,.T.);
#8342 = FACE_BOUND('',#8343,.T.);
#8343 = EDGE_LOOP('',(#8344,#8345,#8346,#8347));
#8344 = ORIENTED_EDGE('',*,*,#8128,.T.);
#8345 = ORIENTED_EDGE('',*,*,#7636,.T.);
#8346 = ORIENTED_EDGE('',*,*,#7927,.F.);
#8347 = ORIENTED_EDGE('',*,*,#8348,.F.);
#8348 = EDGE_CURVE('',#8129,#7928,#8349,.T.);
#8349 = SURFACE_CURVE('',#8350,(#8355,#8362),.PCURVE_S1.);
#8350 = CIRCLE('',#8351,0.77);
#8351 = AXIS2_PLACEMENT_3D('',#8352,#8353,#8354);
#8352 = CARTESIAN_POINT('',(28.552167643121,-9.005062169894,-5.));
#8353 = DIRECTION('',(-0.965730490124,0.259546952295,-4.238665850285E-18
    ));
#8354 = DIRECTION('',(-0.259546952295,-0.965730490124,1.192240047878E-16
    ));
#8355 = PCURVE('',#7651,#8356);
#8356 = DEFINITIONAL_REPRESENTATION('',(#8357),#8361);
#8357 = LINE('',#8358,#8359);
#8358 = CARTESIAN_POINT('',(0.,1.287002217587));
#8359 = VECTOR('',#8360,1.);
#8360 = DIRECTION('',(1.,0.));
#8361 = ( GEOMETRIC_REPRESENTATION_CONTEXT(2) 
PARAMETRIC_REPRESENTATION_CONTEXT() REPRESENTATION_CONTEXT('2D SPACE',''
  ) );
#8362 = PCURVE('',#8363,#8368);
#8363 = TOROIDAL_SURFACE('',#8364,0.7,0.25);
#8364 = AXIS2_PLACEMENT_3D('',#8365,#8366,#8367);
#8365 = CARTESIAN_POINT('',(28.320392325491,-8.942770901344,-5.));
#8366 = DIRECTION('',(-0.965730490124,0.259546952295,-4.238665850285E-18
    ));
#8367 = DIRECTION('',(-0.259546952295,-0.965730490124,1.192240047878E-16
    ));
#8368 = DEFINITIONAL_REPRESENTATION('',(#8369),#8373);
#8369 = LINE('',#8370,#8371);
#8370 = CARTESIAN_POINT('',(0.,4.996183089593));
#8371 = VECTOR('',#8372,1.);
#8372 = DIRECTION('',(1.,4.52345554697E-15));
#8373 = ( GEOMETRIC_REPRESENTATION_CONTEXT(2) 
PARAMETRIC_REPRESENTATION_CONTEXT() REPRESENTATION_CONTEXT('2D SPACE',''
  ) );
#8374 = ADVANCED_FACE('',(#8375),#5971,.T.);
#8375 = FACE_BOUND('',#8376,.T.);
#8376 = EDGE_LOOP('',(#8377,#8378,#8379,#8380));
#8377 = ORIENTED_EDGE('',*,*,#6113,.F.);
#8378 = ORIENTED_EDGE('',*,*,#8029,.T.);
#8379 = ORIENTED_EDGE('',*,*,#5957,.F.);
#8380 = ORIENTED_EDGE('',*,*,#8055,.F.);
#8381 = ADVANCED_FACE('',(#8382),#7736,.T.);
#8382 = FACE_BOUND('',#8383,.T.);
#8383 = EDGE_LOOP('',(#8384,#8408,#8409,#8433));
#8384 = ORIENTED_EDGE('',*,*,#8385,.T.);
#8385 = EDGE_CURVE('',#8386,#7674,#8388,.T.);
#8386 = VERTEX_POINT('',#8387);
#8387 = CARTESIAN_POINT('',(28.756086123729,-6.396939484432,-13.77));
#8388 = SURFACE_CURVE('',#8389,(#8394,#8401),.PCURVE_S1.);
#8389 = CIRCLE('',#8390,0.25);
#8390 = AXIS2_PLACEMENT_3D('',#8391,#8392,#8393);
#8391 = CARTESIAN_POINT('',(28.987861441358,-6.459230752982,-13.7));
#8392 = DIRECTION('',(-0.259546952295,-0.965730490124,5.607987212962E-17
    ));
#8393 = DIRECTION('',(-0.965730490124,0.259546952295,-4.238665850285E-18
    ));
#8394 = PCURVE('',#7736,#8395);
#8395 = DEFINITIONAL_REPRESENTATION('',(#8396),#8400);
#8396 = LINE('',#8397,#8398);
#8397 = CARTESIAN_POINT('',(3.14159265359,9.792516282898E-17));
#8398 = VECTOR('',#8399,1.);
#8399 = DIRECTION('',(1.,-3.450570665549E-16));
#8400 = ( GEOMETRIC_REPRESENTATION_CONTEXT(2) 
PARAMETRIC_REPRESENTATION_CONTEXT() REPRESENTATION_CONTEXT('2D SPACE',''
  ) );
#8401 = PCURVE('',#8283,#8402);
#8402 = DEFINITIONAL_REPRESENTATION('',(#8403),#8407);
#8403 = LINE('',#8404,#8405);
#8404 = CARTESIAN_POINT('',(4.712388980385,7.853981633974));
#8405 = VECTOR('',#8406,1.);
#8406 = DIRECTION('',(-3.450570665549E-16,-1.));
#8407 = ( GEOMETRIC_REPRESENTATION_CONTEXT(2) 
PARAMETRIC_REPRESENTATION_CONTEXT() REPRESENTATION_CONTEXT('2D SPACE',''
  ) );
#8408 = ORIENTED_EDGE('',*,*,#7722,.T.);
#8409 = ORIENTED_EDGE('',*,*,#8410,.F.);
#8410 = EDGE_CURVE('',#8411,#7699,#8413,.T.);
#8411 = VERTEX_POINT('',#8412);
#8412 = CARTESIAN_POINT('',(28.088617007861,-8.880479632793,-13.77));
#8413 = SURFACE_CURVE('',#8414,(#8419,#8426),.PCURVE_S1.);
#8414 = CIRCLE('',#8415,0.25);
#8415 = AXIS2_PLACEMENT_3D('',#8416,#8417,#8418);
#8416 = CARTESIAN_POINT('',(28.320392325491,-8.942770901344,-13.7));
#8417 = DIRECTION('',(-0.259546952295,-0.965730490124,3.658519214112E-16
    ));
#8418 = DIRECTION('',(-0.965730490124,0.259546952295,-4.238665850284E-18
    ));
#8419 = PCURVE('',#7736,#8420);
#8420 = DEFINITIONAL_REPRESENTATION('',(#8421),#8425);
#8421 = LINE('',#8422,#8423);
#8422 = CARTESIAN_POINT('',(3.14159265359,2.571670019493));
#8423 = VECTOR('',#8424,1.);
#8424 = DIRECTION('',(1.,-3.450570665549E-16));
#8425 = ( GEOMETRIC_REPRESENTATION_CONTEXT(2) 
PARAMETRIC_REPRESENTATION_CONTEXT() REPRESENTATION_CONTEXT('2D SPACE',''
  ) );
#8426 = PCURVE('',#8221,#8427);
#8427 = DEFINITIONAL_REPRESENTATION('',(#8428),#8432);
#8428 = LINE('',#8429,#8430);
#8429 = CARTESIAN_POINT('',(4.712388980385,7.853981633974));
#8430 = VECTOR('',#8431,1.);
#8431 = DIRECTION('',(-6.901141331098E-16,-1.));
#8432 = ( GEOMETRIC_REPRESENTATION_CONTEXT(2) 
PARAMETRIC_REPRESENTATION_CONTEXT() REPRESENTATION_CONTEXT('2D SPACE',''
  ) );
#8433 = ORIENTED_EDGE('',*,*,#8434,.F.);
#8434 = EDGE_CURVE('',#8386,#8411,#8435,.T.);
#8435 = SURFACE_CURVE('',#8436,(#8440,#8447),.PCURVE_S1.);
#8436 = LINE('',#8437,#8438);
#8437 = CARTESIAN_POINT('',(28.422351565795,-7.638709558612,-13.77));
#8438 = VECTOR('',#8439,1.);
#8439 = DIRECTION('',(-0.259546952295,-0.965730490124,1.192240047878E-16
    ));
#8440 = PCURVE('',#7736,#8441);
#8441 = DEFINITIONAL_REPRESENTATION('',(#8442),#8446);
#8442 = LINE('',#8443,#8444);
#8443 = CARTESIAN_POINT('',(3.425386762798,1.285835009746));
#8444 = VECTOR('',#8445,1.);
#8445 = DIRECTION('',(0.,1.));
#8446 = ( GEOMETRIC_REPRESENTATION_CONTEXT(2) 
PARAMETRIC_REPRESENTATION_CONTEXT() REPRESENTATION_CONTEXT('2D SPACE',''
  ) );
#8447 = PCURVE('',#8448,#8453);
#8448 = CYLINDRICAL_SURFACE('',#8449,0.25);
#8449 = AXIS2_PLACEMENT_3D('',#8450,#8451,#8452);
#8450 = CARTESIAN_POINT('',(28.524310806099,-6.334648215881,-13.7));
#8451 = DIRECTION('',(-0.259546952295,-0.965730490124,1.192240047878E-16
    ));
#8452 = DIRECTION('',(0.965730490124,-0.259546952295,4.238665850285E-18)
  );
#8453 = DEFINITIONAL_REPRESENTATION('',(#8454),#8458);
#8454 = LINE('',#8455,#8456);
#8455 = CARTESIAN_POINT('',(5.999391197971,1.285835009746));
#8456 = VECTOR('',#8457,1.);
#8457 = DIRECTION('',(0.,1.));
#8458 = ( GEOMETRIC_REPRESENTATION_CONTEXT(2) 
PARAMETRIC_REPRESENTATION_CONTEXT() REPRESENTATION_CONTEXT('2D SPACE',''
  ) );
#8459 = ADVANCED_FACE('',(#8460),#2747,.T.);
#8460 = FACE_BOUND('',#8461,.T.);
#8461 = EDGE_LOOP('',(#8462,#8463,#8485,#8486));
#8462 = ORIENTED_EDGE('',*,*,#3162,.F.);
#8463 = ORIENTED_EDGE('',*,*,#8464,.T.);
#8464 = EDGE_CURVE('',#3134,#2654,#8465,.T.);
#8465 = SURFACE_CURVE('',#8466,(#8471,#8478),.PCURVE_S1.);
#8466 = CIRCLE('',#8467,0.25);
#8467 = AXIS2_PLACEMENT_3D('',#8468,#8469,#8470);
#8468 = CARTESIAN_POINT('',(29.169544307965,-5.783219409896,-13.));
#8469 = DIRECTION('',(2.058749954231E-15,-8.760043279116E-16,-1.));
#8470 = DIRECTION('',(-0.965730490124,0.259546952295,-2.215561855848E-15
    ));
#8471 = PCURVE('',#2747,#8472);
#8472 = DEFINITIONAL_REPRESENTATION('',(#8473),#8477);
#8473 = LINE('',#8474,#8475);
#8474 = CARTESIAN_POINT('',(3.14159265359,7.853981633974));
#8475 = VECTOR('',#8476,1.);
#8476 = DIRECTION('',(1.38022826622E-15,-1.));
#8477 = ( GEOMETRIC_REPRESENTATION_CONTEXT(2) 
PARAMETRIC_REPRESENTATION_CONTEXT() REPRESENTATION_CONTEXT('2D SPACE',''
  ) );
#8478 = PCURVE('',#5919,#8479);
#8479 = DEFINITIONAL_REPRESENTATION('',(#8480),#8484);
#8480 = LINE('',#8481,#8482);
#8481 = CARTESIAN_POINT('',(-4.712388980385,8.));
#8482 = VECTOR('',#8483,1.);
#8483 = DIRECTION('',(1.,1.38022826622E-15));
#8484 = ( GEOMETRIC_REPRESENTATION_CONTEXT(2) 
PARAMETRIC_REPRESENTATION_CONTEXT() REPRESENTATION_CONTEXT('2D SPACE',''
  ) );
#8485 = ORIENTED_EDGE('',*,*,#2732,.F.);
#8486 = ORIENTED_EDGE('',*,*,#8487,.F.);
#8487 = EDGE_CURVE('',#3163,#2709,#8488,.T.);
#8488 = SURFACE_CURVE('',#8489,(#8494,#8501),.PCURVE_S1.);
#8489 = CIRCLE('',#8490,0.25);
#8490 = AXIS2_PLACEMENT_3D('',#8491,#8492,#8493);
#8491 = CARTESIAN_POINT('',(28.987861441358,-6.459230752982,-13.7));
#8492 = DIRECTION('',(-0.259546952295,-0.965730490124,5.607987212962E-17
    ));
#8493 = DIRECTION('',(-0.965730490124,0.259546952295,-4.238665850285E-18
    ));
#8494 = PCURVE('',#2747,#8495);
#8495 = DEFINITIONAL_REPRESENTATION('',(#8496),#8500);
#8496 = LINE('',#8497,#8498);
#8497 = CARTESIAN_POINT('',(4.712388980385,7.853981633974));
#8498 = VECTOR('',#8499,1.);
#8499 = DIRECTION('',(0.,-1.));
#8500 = ( GEOMETRIC_REPRESENTATION_CONTEXT(2) 
PARAMETRIC_REPRESENTATION_CONTEXT() REPRESENTATION_CONTEXT('2D SPACE',''
  ) );
#8501 = PCURVE('',#2927,#8502);
#8502 = DEFINITIONAL_REPRESENTATION('',(#8503),#8507);
#8503 = LINE('',#8504,#8505);
#8504 = CARTESIAN_POINT('',(-3.14159265359,0.));
#8505 = VECTOR('',#8506,1.);
#8506 = DIRECTION('',(1.,0.));
#8507 = ( GEOMETRIC_REPRESENTATION_CONTEXT(2) 
PARAMETRIC_REPRESENTATION_CONTEXT() REPRESENTATION_CONTEXT('2D SPACE',''
  ) );
#8508 = ADVANCED_FACE('',(#8509),#7863,.T.);
#8509 = FACE_BOUND('',#8510,.T.);
#8510 = EDGE_LOOP('',(#8511,#8535,#8536,#8560));
#8511 = ORIENTED_EDGE('',*,*,#8512,.T.);
#8512 = EDGE_CURVE('',#8513,#7801,#8515,.T.);
#8513 = VERTEX_POINT('',#8514);
#8514 = CARTESIAN_POINT('',(28.955937276995,-5.653327007036,-5.));
#8515 = SURFACE_CURVE('',#8516,(#8521,#8528),.PCURVE_S1.);
#8516 = CIRCLE('',#8517,0.25);
#8517 = AXIS2_PLACEMENT_3D('',#8518,#8519,#8520);
#8518 = CARTESIAN_POINT('',(29.169544307965,-5.783219409896,-5.));
#8519 = DIRECTION('',(2.044679885754E-15,-9.283566826829E-16,-1.));
#8520 = DIRECTION('',(-0.965730490124,0.259546952295,-2.215561855848E-15
    ));
#8521 = PCURVE('',#7863,#8522);
#8522 = DEFINITIONAL_REPRESENTATION('',(#8523),#8527);
#8523 = LINE('',#8524,#8525);
#8524 = CARTESIAN_POINT('',(1.570796326795,4.896258141449E-17));
#8525 = VECTOR('',#8526,1.);
#8526 = DIRECTION('',(1.,-1.725285332774E-16));
#8527 = ( GEOMETRIC_REPRESENTATION_CONTEXT(2) 
PARAMETRIC_REPRESENTATION_CONTEXT() REPRESENTATION_CONTEXT('2D SPACE',''
  ) );
#8528 = PCURVE('',#8323,#8529);
#8529 = DEFINITIONAL_REPRESENTATION('',(#8530),#8534);
#8530 = LINE('',#8531,#8532);
#8531 = CARTESIAN_POINT('',(3.14159265359,7.853981633974));
#8532 = VECTOR('',#8533,1.);
#8533 = DIRECTION('',(-5.175855998323E-16,-1.));
#8534 = ( GEOMETRIC_REPRESENTATION_CONTEXT(2) 
PARAMETRIC_REPRESENTATION_CONTEXT() REPRESENTATION_CONTEXT('2D SPACE',''
  ) );
#8535 = ORIENTED_EDGE('',*,*,#7849,.T.);
#8536 = ORIENTED_EDGE('',*,*,#8537,.F.);
#8537 = EDGE_CURVE('',#8538,#7826,#8540,.T.);
#8538 = VERTEX_POINT('',#8539);
#8539 = CARTESIAN_POINT('',(28.955937276995,-5.653327007036,-13.));
#8540 = SURFACE_CURVE('',#8541,(#8546,#8553),.PCURVE_S1.);
#8541 = CIRCLE('',#8542,0.25);
#8542 = AXIS2_PLACEMENT_3D('',#8543,#8544,#8545);
#8543 = CARTESIAN_POINT('',(29.169544307965,-5.783219409896,-13.));
#8544 = DIRECTION('',(2.058749954231E-15,-8.760043279116E-16,-1.));
#8545 = DIRECTION('',(-0.965730490124,0.259546952295,-2.215561855848E-15
    ));
#8546 = PCURVE('',#7863,#8547);
#8547 = DEFINITIONAL_REPRESENTATION('',(#8548),#8552);
#8548 = LINE('',#8549,#8550);
#8549 = CARTESIAN_POINT('',(1.570796326795,8.));
#8550 = VECTOR('',#8551,1.);
#8551 = DIRECTION('',(1.,-1.035171199665E-15));
#8552 = ( GEOMETRIC_REPRESENTATION_CONTEXT(2) 
PARAMETRIC_REPRESENTATION_CONTEXT() REPRESENTATION_CONTEXT('2D SPACE',''
  ) );
#8553 = PCURVE('',#8283,#8554);
#8554 = DEFINITIONAL_REPRESENTATION('',(#8555),#8559);
#8555 = LINE('',#8556,#8557);
#8556 = CARTESIAN_POINT('',(3.14159265359,7.853981633974));
#8557 = VECTOR('',#8558,1.);
#8558 = DIRECTION('',(-6.901141331098E-16,-1.));
#8559 = ( GEOMETRIC_REPRESENTATION_CONTEXT(2) 
PARAMETRIC_REPRESENTATION_CONTEXT() REPRESENTATION_CONTEXT('2D SPACE',''
  ) );
#8560 = ORIENTED_EDGE('',*,*,#8561,.F.);
#8561 = EDGE_CURVE('',#8513,#8538,#8562,.T.);
#8562 = SURFACE_CURVE('',#8563,(#8567,#8574),.PCURVE_S1.);
#8563 = LINE('',#8564,#8565);
#8564 = CARTESIAN_POINT('',(28.955937276995,-5.653327007036,-9.));
#8565 = VECTOR('',#8566,1.);
#8566 = DIRECTION('',(-1.278074975698E-17,-6.388603461007E-17,-1.));
#8567 = PCURVE('',#7863,#8568);
#8568 = DEFINITIONAL_REPRESENTATION('',(#8569),#8573);
#8569 = LINE('',#8570,#8571);
#8570 = CARTESIAN_POINT('',(1.854590436003,4.));
#8571 = VECTOR('',#8572,1.);
#8572 = DIRECTION('',(0.,1.));
#8573 = ( GEOMETRIC_REPRESENTATION_CONTEXT(2) 
PARAMETRIC_REPRESENTATION_CONTEXT() REPRESENTATION_CONTEXT('2D SPACE',''
  ) );
#8574 = PCURVE('',#8575,#8580);
#8575 = CYLINDRICAL_SURFACE('',#8576,0.25);
#8576 = AXIS2_PLACEMENT_3D('',#8577,#8578,#8579);
#8577 = CARTESIAN_POINT('',(28.705993672705,-5.658636872794,-5.));
#8578 = DIRECTION('',(-1.278074975698E-17,-6.388603461007E-17,-1.));
#8579 = DIRECTION('',(-0.259546952295,-0.965730490124,6.50138961635E-17)
  );
#8580 = DEFINITIONAL_REPRESENTATION('',(#8581),#8585);
#8581 = LINE('',#8582,#8583);
#8582 = CARTESIAN_POINT('',(4.428594871176,4.));
#8583 = VECTOR('',#8584,1.);
#8584 = DIRECTION('',(0.,1.));
#8585 = ( GEOMETRIC_REPRESENTATION_CONTEXT(2) 
PARAMETRIC_REPRESENTATION_CONTEXT() REPRESENTATION_CONTEXT('2D SPACE',''
  ) );
#8586 = ADVANCED_FACE('',(#8587),#2638,.T.);
#8587 = FACE_BOUND('',#8588,.T.);
#8588 = EDGE_LOOP('',(#8589,#8590,#8612,#8613));
#8589 = ORIENTED_EDGE('',*,*,#3048,.F.);
#8590 = ORIENTED_EDGE('',*,*,#8591,.T.);
#8591 = EDGE_CURVE('',#3020,#2540,#8592,.T.);
#8592 = SURFACE_CURVE('',#8593,(#8598,#8605),.PCURVE_S1.);
#8593 = CIRCLE('',#8594,0.25);
#8594 = AXIS2_PLACEMENT_3D('',#8595,#8596,#8597);
#8595 = CARTESIAN_POINT('',(28.987861441358,-6.459230752982,-4.3));
#8596 = DIRECTION('',(0.259546952295,0.965730490124,-7.031275949673E-16)
  );
#8597 = DIRECTION('',(-0.965730490124,0.259546952295,-4.238665850286E-18
    ));
#8598 = PCURVE('',#2638,#8599);
#8599 = DEFINITIONAL_REPRESENTATION('',(#8600),#8604);
#8600 = LINE('',#8601,#8602);
#8601 = CARTESIAN_POINT('',(1.570796326795,7.853981633974));
#8602 = VECTOR('',#8603,1.);
#8603 = DIRECTION('',(1.207699732942E-15,-1.));
#8604 = ( GEOMETRIC_REPRESENTATION_CONTEXT(2) 
PARAMETRIC_REPRESENTATION_CONTEXT() REPRESENTATION_CONTEXT('2D SPACE',''
  ) );
#8605 = PCURVE('',#5867,#8606);
#8606 = DEFINITIONAL_REPRESENTATION('',(#8607),#8611);
#8607 = LINE('',#8608,#8609);
#8608 = CARTESIAN_POINT('',(-4.712388980385,2.571670019493));
#8609 = VECTOR('',#8610,1.);
#8610 = DIRECTION('',(1.,6.901141331098E-16));
#8611 = ( GEOMETRIC_REPRESENTATION_CONTEXT(2) 
PARAMETRIC_REPRESENTATION_CONTEXT() REPRESENTATION_CONTEXT('2D SPACE',''
  ) );
#8612 = ORIENTED_EDGE('',*,*,#2623,.F.);
#8613 = ORIENTED_EDGE('',*,*,#8614,.F.);
#8614 = EDGE_CURVE('',#3049,#2595,#8615,.T.);
#8615 = SURFACE_CURVE('',#8616,(#8621,#8628),.PCURVE_S1.);
#8616 = CIRCLE('',#8617,0.25);
#8617 = AXIS2_PLACEMENT_3D('',#8618,#8619,#8620);
#8618 = CARTESIAN_POINT('',(29.169544307965,-5.783219409896,-5.));
#8619 = DIRECTION('',(2.044679885754E-15,-9.283566826829E-16,-1.));
#8620 = DIRECTION('',(-0.965730490124,0.259546952295,-2.215561855848E-15
    ));
#8621 = PCURVE('',#2638,#8622);
#8622 = DEFINITIONAL_REPRESENTATION('',(#8623),#8627);
#8623 = LINE('',#8624,#8625);
#8624 = CARTESIAN_POINT('',(3.14159265359,7.853981633974));
#8625 = VECTOR('',#8626,1.);
#8626 = DIRECTION('',(3.450570665549E-16,-1.));
#8627 = ( GEOMETRIC_REPRESENTATION_CONTEXT(2) 
PARAMETRIC_REPRESENTATION_CONTEXT() REPRESENTATION_CONTEXT('2D SPACE',''
  ) );
#8628 = PCURVE('',#5919,#8629);
#8629 = DEFINITIONAL_REPRESENTATION('',(#8630),#8634);
#8630 = LINE('',#8631,#8632);
#8631 = CARTESIAN_POINT('',(-4.712388980385,0.));
#8632 = VECTOR('',#8633,1.);
#8633 = DIRECTION('',(1.,0.));
#8634 = ( GEOMETRIC_REPRESENTATION_CONTEXT(2) 
PARAMETRIC_REPRESENTATION_CONTEXT() REPRESENTATION_CONTEXT('2D SPACE',''
  ) );
#8635 = ADVANCED_FACE('',(#8636),#7990,.T.);
#8636 = FACE_BOUND('',#8637,.T.);
#8637 = EDGE_LOOP('',(#8638,#8662,#8663,#8687));
#8638 = ORIENTED_EDGE('',*,*,#8639,.T.);
#8639 = EDGE_CURVE('',#8640,#7928,#8642,.T.);
#8640 = VERTEX_POINT('',#8641);
#8641 = CARTESIAN_POINT('',(28.088617007861,-8.880479632793,-4.23));
#8642 = SURFACE_CURVE('',#8643,(#8648,#8655),.PCURVE_S1.);
#8643 = CIRCLE('',#8644,0.25);
#8644 = AXIS2_PLACEMENT_3D('',#8645,#8646,#8647);
#8645 = CARTESIAN_POINT('',(28.320392325491,-8.942770901344,-4.3));
#8646 = DIRECTION('',(0.259546952295,0.965730490124,-3.658519214112E-16)
  );
#8647 = DIRECTION('',(-0.965730490124,0.259546952295,-4.238665850285E-18
    ));
#8648 = PCURVE('',#7990,#8649);
#8649 = DEFINITIONAL_REPRESENTATION('',(#8650),#8654);
#8650 = LINE('',#8651,#8652);
#8651 = CARTESIAN_POINT('',(1.570796326795,1.972207165058E-15));
#8652 = VECTOR('',#8653,1.);
#8653 = DIRECTION('',(1.,-6.901141331098E-16));
#8654 = ( GEOMETRIC_REPRESENTATION_CONTEXT(2) 
PARAMETRIC_REPRESENTATION_CONTEXT() REPRESENTATION_CONTEXT('2D SPACE',''
  ) );
#8655 = PCURVE('',#8363,#8656);
#8656 = DEFINITIONAL_REPRESENTATION('',(#8657),#8661);
#8657 = LINE('',#8658,#8659);
#8658 = CARTESIAN_POINT('',(1.570796326795,7.853981633974));
#8659 = VECTOR('',#8660,1.);
#8660 = DIRECTION('',(-9.489069330259E-16,-1.));
#8661 = ( GEOMETRIC_REPRESENTATION_CONTEXT(2) 
PARAMETRIC_REPRESENTATION_CONTEXT() REPRESENTATION_CONTEXT('2D SPACE',''
  ) );
#8662 = ORIENTED_EDGE('',*,*,#7976,.T.);
#8663 = ORIENTED_EDGE('',*,*,#8664,.F.);
#8664 = EDGE_CURVE('',#8665,#7953,#8667,.T.);
#8665 = VERTEX_POINT('',#8666);
#8666 = CARTESIAN_POINT('',(28.756086123729,-6.396939484432,-4.23));
#8667 = SURFACE_CURVE('',#8668,(#8673,#8680),.PCURVE_S1.);
#8668 = CIRCLE('',#8669,0.25);
#8669 = AXIS2_PLACEMENT_3D('',#8670,#8671,#8672);
#8670 = CARTESIAN_POINT('',(28.987861441358,-6.459230752982,-4.3));
#8671 = DIRECTION('',(0.259546952295,0.965730490124,-7.031275949673E-16)
  );
#8672 = DIRECTION('',(-0.965730490124,0.259546952295,-4.238665850286E-18
    ));
#8673 = PCURVE('',#7990,#8674);
#8674 = DEFINITIONAL_REPRESENTATION('',(#8675),#8679);
#8675 = LINE('',#8676,#8677);
#8676 = CARTESIAN_POINT('',(1.570796326795,2.571670019493));
#8677 = VECTOR('',#8678,1.);
#8678 = DIRECTION('',(1.,0.));
#8679 = ( GEOMETRIC_REPRESENTATION_CONTEXT(2) 
PARAMETRIC_REPRESENTATION_CONTEXT() REPRESENTATION_CONTEXT('2D SPACE',''
  ) );
#8680 = PCURVE('',#8323,#8681);
#8681 = DEFINITIONAL_REPRESENTATION('',(#8682),#8686);
#8682 = LINE('',#8683,#8684);
#8683 = CARTESIAN_POINT('',(1.570796326795,7.853981633974));
#8684 = VECTOR('',#8685,1.);
#8685 = DIRECTION('',(0.,-1.));
#8686 = ( GEOMETRIC_REPRESENTATION_CONTEXT(2) 
PARAMETRIC_REPRESENTATION_CONTEXT() REPRESENTATION_CONTEXT('2D SPACE',''
  ) );
#8687 = ORIENTED_EDGE('',*,*,#8688,.F.);
#8688 = EDGE_CURVE('',#8640,#8665,#8689,.T.);
#8689 = SURFACE_CURVE('',#8690,(#8694,#8701),.PCURVE_S1.);
#8690 = LINE('',#8691,#8692);
#8691 = CARTESIAN_POINT('',(28.422351565795,-7.638709558612,-4.23));
#8692 = VECTOR('',#8693,1.);
#8693 = DIRECTION('',(0.259546952295,0.965730490124,-4.564996783438E-16)
  );
#8694 = PCURVE('',#7990,#8695);
#8695 = DEFINITIONAL_REPRESENTATION('',(#8696),#8700);
#8696 = LINE('',#8697,#8698);
#8697 = CARTESIAN_POINT('',(1.854590436003,1.285835009746));
#8698 = VECTOR('',#8699,1.);
#8699 = DIRECTION('',(1.295138586455E-15,1.));
#8700 = ( GEOMETRIC_REPRESENTATION_CONTEXT(2) 
PARAMETRIC_REPRESENTATION_CONTEXT() REPRESENTATION_CONTEXT('2D SPACE',''
  ) );
#8701 = PCURVE('',#8702,#8707);
#8702 = CYLINDRICAL_SURFACE('',#8703,0.25);
#8703 = AXIS2_PLACEMENT_3D('',#8704,#8705,#8706);
#8704 = CARTESIAN_POINT('',(27.856841690232,-8.818188364242,-4.3));
#8705 = DIRECTION('',(0.259546952295,0.965730490124,-4.564996783438E-16)
  );
#8706 = DIRECTION('',(-1.143896913886E-16,-4.419557909115E-16,-1.));
#8707 = DEFINITIONAL_REPRESENTATION('',(#8708),#8712);
#8708 = LINE('',#8709,#8710);
#8709 = CARTESIAN_POINT('',(4.428594871176,1.285835009746));
#8710 = VECTOR('',#8711,1.);
#8711 = DIRECTION('',(-1.036110869164E-15,1.));
#8712 = ( GEOMETRIC_REPRESENTATION_CONTEXT(2) 
PARAMETRIC_REPRESENTATION_CONTEXT() REPRESENTATION_CONTEXT('2D SPACE',''
  ) );
#8713 = ADVANCED_FACE('',(#8714),#2524,.T.);
#8714 = FACE_BOUND('',#8715,.T.);
#8715 = EDGE_LOOP('',(#8716,#8717,#8739,#8740));
#8716 = ORIENTED_EDGE('',*,*,#2939,.F.);
#8717 = ORIENTED_EDGE('',*,*,#8718,.T.);
#8718 = EDGE_CURVE('',#2906,#2426,#8719,.T.);
#8719 = SURFACE_CURVE('',#8720,(#8725,#8732),.PCURVE_S1.);
#8720 = CIRCLE('',#8721,0.25);
#8721 = AXIS2_PLACEMENT_3D('',#8722,#8723,#8724);
#8722 = CARTESIAN_POINT('',(28.320392325491,-8.942770901344,-13.7));
#8723 = DIRECTION('',(-0.259546952295,-0.965730490124,3.658519214112E-16
    ));
#8724 = DIRECTION('',(-0.965730490124,0.259546952295,-4.238665850284E-18
    ));
#8725 = PCURVE('',#2524,#8726);
#8726 = DEFINITIONAL_REPRESENTATION('',(#8727),#8731);
#8727 = LINE('',#8728,#8729);
#8728 = CARTESIAN_POINT('',(4.712388980385,7.853981633974));
#8729 = VECTOR('',#8730,1.);
#8730 = DIRECTION('',(0.,-1.));
#8731 = ( GEOMETRIC_REPRESENTATION_CONTEXT(2) 
PARAMETRIC_REPRESENTATION_CONTEXT() REPRESENTATION_CONTEXT('2D SPACE',''
  ) );
#8732 = PCURVE('',#2927,#8733);
#8733 = DEFINITIONAL_REPRESENTATION('',(#8734),#8738);
#8734 = LINE('',#8735,#8736);
#8735 = CARTESIAN_POINT('',(-3.14159265359,2.571670019493));
#8736 = VECTOR('',#8737,1.);
#8737 = DIRECTION('',(1.,0.));
#8738 = ( GEOMETRIC_REPRESENTATION_CONTEXT(2) 
PARAMETRIC_REPRESENTATION_CONTEXT() REPRESENTATION_CONTEXT('2D SPACE',''
  ) );
#8739 = ORIENTED_EDGE('',*,*,#2509,.F.);
#8740 = ORIENTED_EDGE('',*,*,#8741,.F.);
#8741 = EDGE_CURVE('',#2940,#2486,#8742,.T.);
#8742 = SURFACE_CURVE('',#8743,(#8748,#8755),.PCURVE_S1.);
#8743 = CIRCLE('',#8744,0.25);
#8744 = AXIS2_PLACEMENT_3D('',#8745,#8746,#8747);
#8745 = CARTESIAN_POINT('',(28.138709458885,-9.61878224443,-13.));
#8746 = DIRECTION('',(2.198264433489E-15,-3.24232415865E-16,1.));
#8747 = DIRECTION('',(-0.965730490124,0.259546952295,2.207084524148E-15)
  );
#8748 = PCURVE('',#2524,#8749);
#8749 = DEFINITIONAL_REPRESENTATION('',(#8750),#8754);
#8750 = LINE('',#8751,#8752);
#8751 = CARTESIAN_POINT('',(6.28318530718,7.853981633974));
#8752 = VECTOR('',#8753,1.);
#8753 = DIRECTION('',(0.,-1.));
#8754 = ( GEOMETRIC_REPRESENTATION_CONTEXT(2) 
PARAMETRIC_REPRESENTATION_CONTEXT() REPRESENTATION_CONTEXT('2D SPACE',''
  ) );
#8755 = PCURVE('',#5815,#8756);
#8756 = DEFINITIONAL_REPRESENTATION('',(#8757),#8761);
#8757 = LINE('',#8758,#8759);
#8758 = CARTESIAN_POINT('',(-4.712388980385,-1.626043118037E-15));
#8759 = VECTOR('',#8760,1.);
#8760 = DIRECTION('',(1.,3.450570665549E-16));
#8761 = ( GEOMETRIC_REPRESENTATION_CONTEXT(2) 
PARAMETRIC_REPRESENTATION_CONTEXT() REPRESENTATION_CONTEXT('2D SPACE',''
  ) );
#8762 = ADVANCED_FACE('',(#8763),#2410,.T.);
#8763 = FACE_BOUND('',#8764,.T.);
#8764 = EDGE_LOOP('',(#8765,#8766,#8788,#8789));
#8765 = ORIENTED_EDGE('',*,*,#2820,.F.);
#8766 = ORIENTED_EDGE('',*,*,#8767,.T.);
#8767 = EDGE_CURVE('',#2765,#2285,#8768,.T.);
#8768 = SURFACE_CURVE('',#8769,(#8774,#8781),.PCURVE_S1.);
#8769 = CIRCLE('',#8770,0.25);
#8770 = AXIS2_PLACEMENT_3D('',#8771,#8772,#8773);
#8771 = CARTESIAN_POINT('',(28.138709458885,-9.61878224443,-5.));
#8772 = DIRECTION('',(2.198264433489E-15,-3.24232415865E-16,1.));
#8773 = DIRECTION('',(-0.965730490124,0.259546952295,2.207084524148E-15)
  );
#8774 = PCURVE('',#2410,#8775);
#8775 = DEFINITIONAL_REPRESENTATION('',(#8776),#8780);
#8776 = LINE('',#8777,#8778);
#8777 = CARTESIAN_POINT('',(0.,7.853981633974));
#8778 = VECTOR('',#8779,1.);
#8779 = DIRECTION('',(0.,-1.));
#8780 = ( GEOMETRIC_REPRESENTATION_CONTEXT(2) 
PARAMETRIC_REPRESENTATION_CONTEXT() REPRESENTATION_CONTEXT('2D SPACE',''
  ) );
#8781 = PCURVE('',#5815,#8782);
#8782 = DEFINITIONAL_REPRESENTATION('',(#8783),#8787);
#8783 = LINE('',#8784,#8785);
#8784 = CARTESIAN_POINT('',(-4.712388980385,8.));
#8785 = VECTOR('',#8786,1.);
#8786 = DIRECTION('',(1.,0.));
#8787 = ( GEOMETRIC_REPRESENTATION_CONTEXT(2) 
PARAMETRIC_REPRESENTATION_CONTEXT() REPRESENTATION_CONTEXT('2D SPACE',''
  ) );
#8788 = ORIENTED_EDGE('',*,*,#2395,.F.);
#8789 = ORIENTED_EDGE('',*,*,#8790,.F.);
#8790 = EDGE_CURVE('',#2821,#2367,#8791,.T.);
#8791 = SURFACE_CURVE('',#8792,(#8797,#8804),.PCURVE_S1.);
#8792 = CIRCLE('',#8793,0.25);
#8793 = AXIS2_PLACEMENT_3D('',#8794,#8795,#8796);
#8794 = CARTESIAN_POINT('',(28.320392325491,-8.942770901344,-4.3));
#8795 = DIRECTION('',(0.259546952295,0.965730490124,-3.658519214112E-16)
  );
#8796 = DIRECTION('',(-0.965730490124,0.259546952295,-4.238665850285E-18
    ));
#8797 = PCURVE('',#2410,#8798);
#8798 = DEFINITIONAL_REPRESENTATION('',(#8799),#8803);
#8799 = LINE('',#8800,#8801);
#8800 = CARTESIAN_POINT('',(1.570796326795,7.853981633974));
#8801 = VECTOR('',#8802,1.);
#8802 = DIRECTION('',(2.242870932607E-15,-1.));
#8803 = ( GEOMETRIC_REPRESENTATION_CONTEXT(2) 
PARAMETRIC_REPRESENTATION_CONTEXT() REPRESENTATION_CONTEXT('2D SPACE',''
  ) );
#8804 = PCURVE('',#5867,#8805);
#8805 = DEFINITIONAL_REPRESENTATION('',(#8806),#8810);
#8806 = LINE('',#8807,#8808);
#8807 = CARTESIAN_POINT('',(-4.712388980385,-6.504172472149E-15));
#8808 = VECTOR('',#8809,1.);
#8809 = DIRECTION('',(1.,1.38022826622E-15));
#8810 = ( GEOMETRIC_REPRESENTATION_CONTEXT(2) 
PARAMETRIC_REPRESENTATION_CONTEXT() REPRESENTATION_CONTEXT('2D SPACE',''
  ) );
#8811 = ADVANCED_FACE('',(#8812),#8188,.T.);
#8812 = FACE_BOUND('',#8813,.T.);
#8813 = EDGE_LOOP('',(#8814,#8838,#8839,#8885));
#8814 = ORIENTED_EDGE('',*,*,#8815,.T.);
#8815 = EDGE_CURVE('',#8816,#8104,#8818,.T.);
#8816 = VERTEX_POINT('',#8817);
#8817 = CARTESIAN_POINT('',(27.888765854594,-9.624092110188,-13.));
#8818 = SURFACE_CURVE('',#8819,(#8824,#8831),.PCURVE_S1.);
#8819 = CIRCLE('',#8820,0.25);
#8820 = AXIS2_PLACEMENT_3D('',#8821,#8822,#8823);
#8821 = CARTESIAN_POINT('',(28.138709458885,-9.61878224443,-13.));
#8822 = DIRECTION('',(2.198264433489E-15,-3.24232415865E-16,1.));
#8823 = DIRECTION('',(-0.965730490124,0.259546952295,2.207084524148E-15)
  );
#8824 = PCURVE('',#8188,#8825);
#8825 = DEFINITIONAL_REPRESENTATION('',(#8826),#8830);
#8826 = LINE('',#8827,#8828);
#8827 = CARTESIAN_POINT('',(1.570796326795,6.39939535508E-16));
#8828 = VECTOR('',#8829,1.);
#8829 = DIRECTION('',(1.,-6.901141331098E-16));
#8830 = ( GEOMETRIC_REPRESENTATION_CONTEXT(2) 
PARAMETRIC_REPRESENTATION_CONTEXT() REPRESENTATION_CONTEXT('2D SPACE',''
  ) );
#8831 = PCURVE('',#8221,#8832);
#8832 = DEFINITIONAL_REPRESENTATION('',(#8833),#8837);
#8833 = LINE('',#8834,#8835);
#8834 = CARTESIAN_POINT('',(6.28318530718,7.853981633974));
#8835 = VECTOR('',#8836,1.);
#8836 = DIRECTION('',(0.,-1.));
#8837 = ( GEOMETRIC_REPRESENTATION_CONTEXT(2) 
PARAMETRIC_REPRESENTATION_CONTEXT() REPRESENTATION_CONTEXT('2D SPACE',''
  ) );
#8838 = ORIENTED_EDGE('',*,*,#8174,.T.);
#8839 = ORIENTED_EDGE('',*,*,#8840,.F.);
#8840 = EDGE_CURVE('',#8841,#8129,#8843,.T.);
#8841 = VERTEX_POINT('',#8842);
#8842 = CARTESIAN_POINT('',(27.888765854595,-9.624092110188,-5.));
#8843 = SURFACE_CURVE('',#8844,(#8849,#8856),.PCURVE_S1.);
#8844 = CIRCLE('',#8845,0.25);
#8845 = AXIS2_PLACEMENT_3D('',#8846,#8847,#8848);
#8846 = CARTESIAN_POINT('',(28.138709458885,-9.61878224443,-5.));
#8847 = DIRECTION('',(2.198264433489E-15,-3.24232415865E-16,1.));
#8848 = DIRECTION('',(-0.965730490124,0.259546952295,2.207084524148E-15)
  );
#8849 = PCURVE('',#8188,#8850);
#8850 = DEFINITIONAL_REPRESENTATION('',(#8851),#8855);
#8851 = LINE('',#8852,#8853);
#8852 = CARTESIAN_POINT('',(1.570796326795,8.));
#8853 = VECTOR('',#8854,1.);
#8854 = DIRECTION('',(1.,-3.450570665549E-16));
#8855 = ( GEOMETRIC_REPRESENTATION_CONTEXT(2) 
PARAMETRIC_REPRESENTATION_CONTEXT() REPRESENTATION_CONTEXT('2D SPACE',''
  ) );
#8856 = PCURVE('',#8363,#8857);
#8857 = DEFINITIONAL_REPRESENTATION('',(#8858),#8884);
#8858 = B_SPLINE_CURVE_WITH_KNOTS('',3,(#8859,#8860,#8861,#8862,#8863,
    #8864,#8865,#8866,#8867,#8868,#8869,#8870,#8871,#8872,#8873,#8874,
    #8875,#8876,#8877,#8878,#8879,#8880,#8881,#8882,#8883),
  .UNSPECIFIED.,.F.,.F.,(4,1,1,1,1,1,1,1,1,1,1,1,1,1,1,1,1,1,1,1,1,1,4),
  (0.283794109208,0.400794310807,0.517794512406,0.634794714005,
    0.751794915603,0.868795117202,0.985795318801,1.1027955204,
    1.219795721999,1.336795923597,1.453796125196,1.570796326795,
    1.687796528394,1.804796729992,1.921796931591,2.03879713319,
    2.155797334789,2.272797536388,2.389797737986,2.506797939585,
    2.623798141184,2.740798342783,2.857798544381),
  .QUASI_UNIFORM_KNOTS.);
#8859 = CARTESIAN_POINT('',(0.,7.570187524766));
#8860 = CARTESIAN_POINT('',(6.908793907228E-16,7.531187457567));
#8861 = CARTESIAN_POINT('',(1.349974607569E-15,7.453187323167));
#8862 = CARTESIAN_POINT('',(9.206760368237E-16,7.336187121569));
#8863 = CARTESIAN_POINT('',(1.43667138679E-15,7.21918691997));
#8864 = CARTESIAN_POINT('',(-3.849550921034E-16,7.102186718371));
#8865 = CARTESIAN_POINT('',(1.031489816235E-16,6.985186516772));
#8866 = CARTESIAN_POINT('',(-2.764083439076E-17,6.868186315173));
#8867 = CARTESIAN_POINT('',(7.414355939512E-18,6.751186113575));
#8868 = CARTESIAN_POINT('',(-2.016589367284E-18,6.634185911976));
#8869 = CARTESIAN_POINT('',(6.520015296259E-19,6.517185710377));
#8870 = CARTESIAN_POINT('',(-5.914167512193E-19,6.400185508778));
#8871 = CARTESIAN_POINT('',(1.713665475251E-18,6.28318530718));
#8872 = CARTESIAN_POINT('',(-6.263245149786E-18,6.166185105581));
#8873 = CARTESIAN_POINT('',(2.333931512389E-17,6.049184903982));
#8874 = CARTESIAN_POINT('',(-8.709401534578E-17,5.932184702383));
#8875 = CARTESIAN_POINT('',(3.250367462592E-16,5.815184500784));
#8876 = CARTESIAN_POINT('',(-1.213052969691E-15,5.698184299186));
#8877 = CARTESIAN_POINT('',(-8.018953856954E-16,5.581184097587));
#8878 = CARTESIAN_POINT('',(-9.084360057282E-16,5.464183895988));
#8879 = CARTESIAN_POINT('',(-8.934311095928E-16,5.347183694389));
#8880 = CARTESIAN_POINT('',(-8.469100741015E-16,5.230183492791));
#8881 = CARTESIAN_POINT('',(-1.047999112202E-15,5.113183291192));
#8882 = CARTESIAN_POINT('',(-5.427757009279E-16,5.035183156793));
#8883 = CARTESIAN_POINT('',(0.,4.996183089593));
#8884 = ( GEOMETRIC_REPRESENTATION_CONTEXT(2) 
PARAMETRIC_REPRESENTATION_CONTEXT() REPRESENTATION_CONTEXT('2D SPACE',''
  ) );
#8885 = ORIENTED_EDGE('',*,*,#8886,.F.);
#8886 = EDGE_CURVE('',#8816,#8841,#8887,.T.);
#8887 = SURFACE_CURVE('',#8888,(#8892,#8899),.PCURVE_S1.);
#8888 = LINE('',#8889,#8890);
#8889 = CARTESIAN_POINT('',(27.888765854594,-9.624092110188,-9.));
#8890 = VECTOR('',#8891,1.);
#8891 = DIRECTION('',(-1.28931872002E-18,1.153367983869E-17,1.));
#8892 = PCURVE('',#8188,#8893);
#8893 = DEFINITIONAL_REPRESENTATION('',(#8894),#8898);
#8894 = LINE('',#8895,#8896);
#8895 = CARTESIAN_POINT('',(1.854590436003,4.));
#8896 = VECTOR('',#8897,1.);
#8897 = DIRECTION('',(0.,1.));
#8898 = ( GEOMETRIC_REPRESENTATION_CONTEXT(2) 
PARAMETRIC_REPRESENTATION_CONTEXT() REPRESENTATION_CONTEXT('2D SPACE',''
  ) );
#8899 = PCURVE('',#8900,#8905);
#8900 = CYLINDRICAL_SURFACE('',#8901,0.25);
#8901 = AXIS2_PLACEMENT_3D('',#8902,#8903,#8904);
#8902 = CARTESIAN_POINT('',(27.675158823625,-9.494199707329,-13.));
#8903 = DIRECTION('',(-1.28931872002E-18,1.153367983869E-17,1.));
#8904 = DIRECTION('',(0.259546952295,0.965730490124,-1.080378753923E-17)
  );
#8905 = DEFINITIONAL_REPRESENTATION('',(#8906),#8910);
#8906 = LINE('',#8907,#8908);
#8907 = CARTESIAN_POINT('',(4.428594871176,4.));
#8908 = VECTOR('',#8909,1.);
#8909 = DIRECTION('',(0.,1.));
#8910 = ( GEOMETRIC_REPRESENTATION_CONTEXT(2) 
PARAMETRIC_REPRESENTATION_CONTEXT() REPRESENTATION_CONTEXT('2D SPACE',''
  ) );
#8911 = ADVANCED_FACE('',(#8912),#8221,.T.);
#8912 = FACE_BOUND('',#8913,.T.);
#8913 = EDGE_LOOP('',(#8914,#8915,#8916,#8917));
#8914 = ORIENTED_EDGE('',*,*,#8410,.T.);
#8915 = ORIENTED_EDGE('',*,*,#8206,.T.);
#8916 = ORIENTED_EDGE('',*,*,#8815,.F.);
#8917 = ORIENTED_EDGE('',*,*,#8918,.F.);
#8918 = EDGE_CURVE('',#8411,#8816,#8919,.T.);
#8919 = SURFACE_CURVE('',#8920,(#8925,#8932),.PCURVE_S1.);
#8920 = CIRCLE('',#8921,0.77);
#8921 = AXIS2_PLACEMENT_3D('',#8922,#8923,#8924);
#8922 = CARTESIAN_POINT('',(28.088617007861,-8.880479632793,-13.));
#8923 = DIRECTION('',(-0.965730490124,0.259546952295,-4.238665850285E-18
    ));
#8924 = DIRECTION('',(-0.259546952295,-0.965730490124,1.192240047878E-16
    ));
#8925 = PCURVE('',#8221,#8926);
#8926 = DEFINITIONAL_REPRESENTATION('',(#8927),#8931);
#8927 = LINE('',#8928,#8929);
#8928 = CARTESIAN_POINT('',(-4.440892098501E-15,7.570187524766));
#8929 = VECTOR('',#8930,1.);
#8930 = DIRECTION('',(1.,3.958023603599E-15));
#8931 = ( GEOMETRIC_REPRESENTATION_CONTEXT(2) 
PARAMETRIC_REPRESENTATION_CONTEXT() REPRESENTATION_CONTEXT('2D SPACE',''
  ) );
#8932 = PCURVE('',#8933,#8938);
#8933 = TOROIDAL_SURFACE('',#8934,0.7,0.25);
#8934 = AXIS2_PLACEMENT_3D('',#8935,#8936,#8937);
#8935 = CARTESIAN_POINT('',(27.856841690232,-8.818188364242,-13.));
#8936 = DIRECTION('',(-0.965730490124,0.259546952295,-4.238665850285E-18
    ));
#8937 = DIRECTION('',(-0.259546952295,-0.965730490124,1.192240047878E-16
    ));
#8938 = DEFINITIONAL_REPRESENTATION('',(#8939),#8943);
#8939 = LINE('',#8940,#8941);
#8940 = CARTESIAN_POINT('',(-1.7763568394E-15,-1.287002217587));
#8941 = VECTOR('',#8942,1.);
#8942 = DIRECTION('',(1.,-5.088887490342E-15));
#8943 = ( GEOMETRIC_REPRESENTATION_CONTEXT(2) 
PARAMETRIC_REPRESENTATION_CONTEXT() REPRESENTATION_CONTEXT('2D SPACE',''
  ) );
#8944 = ADVANCED_FACE('',(#8945),#2927,.T.);
#8945 = FACE_BOUND('',#8946,.T.);
#8946 = EDGE_LOOP('',(#8947,#8948,#8949,#8950,#8951,#8972));
#8947 = ORIENTED_EDGE('',*,*,#2903,.F.);
#8948 = ORIENTED_EDGE('',*,*,#8240,.T.);
#8949 = ORIENTED_EDGE('',*,*,#3186,.T.);
#8950 = ORIENTED_EDGE('',*,*,#8487,.T.);
#8951 = ORIENTED_EDGE('',*,*,#8952,.F.);
#8952 = EDGE_CURVE('',#2426,#2709,#8953,.T.);
#8953 = SURFACE_CURVE('',#8954,(#8958,#8965),.PCURVE_S1.);
#8954 = LINE('',#8955,#8956);
#8955 = CARTESIAN_POINT('',(28.422351565795,-7.638709558612,-13.63));
#8956 = VECTOR('',#8957,1.);
#8957 = DIRECTION('',(0.259546952295,0.965730490124,-1.192240047878E-16)
  );
#8958 = PCURVE('',#2927,#8959);
#8959 = DEFINITIONAL_REPRESENTATION('',(#8960),#8964);
#8960 = LINE('',#8961,#8962);
#8961 = CARTESIAN_POINT('',(2.857798544381,1.285835009746));
#8962 = VECTOR('',#8963,1.);
#8963 = DIRECTION('',(0.,-1.));
#8964 = ( GEOMETRIC_REPRESENTATION_CONTEXT(2) 
PARAMETRIC_REPRESENTATION_CONTEXT() REPRESENTATION_CONTEXT('2D SPACE',''
  ) );
#8965 = PCURVE('',#2449,#8966);
#8966 = DEFINITIONAL_REPRESENTATION('',(#8967),#8971);
#8967 = LINE('',#8968,#8969);
#8968 = CARTESIAN_POINT('',(0.283794109208,1.285835009746));
#8969 = VECTOR('',#8970,1.);
#8970 = DIRECTION('',(0.,-1.));
#8971 = ( GEOMETRIC_REPRESENTATION_CONTEXT(2) 
PARAMETRIC_REPRESENTATION_CONTEXT() REPRESENTATION_CONTEXT('2D SPACE',''
  ) );
#8972 = ORIENTED_EDGE('',*,*,#8718,.F.);
#8973 = ADVANCED_FACE('',(#8974),#8283,.T.);
#8974 = FACE_BOUND('',#8975,.T.);
#8975 = EDGE_LOOP('',(#8976,#8977,#8978,#8979));
#8976 = ORIENTED_EDGE('',*,*,#8537,.T.);
#8977 = ORIENTED_EDGE('',*,*,#8268,.T.);
#8978 = ORIENTED_EDGE('',*,*,#8385,.F.);
#8979 = ORIENTED_EDGE('',*,*,#8980,.F.);
#8980 = EDGE_CURVE('',#8538,#8386,#8981,.T.);
#8981 = SURFACE_CURVE('',#8982,(#8987,#8994),.PCURVE_S1.);
#8982 = CIRCLE('',#8983,0.77);
#8983 = AXIS2_PLACEMENT_3D('',#8984,#8985,#8986);
#8984 = CARTESIAN_POINT('',(28.756086123729,-6.396939484432,-13.));
#8985 = DIRECTION('',(-0.965730490124,0.259546952295,-4.238665850285E-18
    ));
#8986 = DIRECTION('',(-0.259546952295,-0.965730490124,1.192240047878E-16
    ));
#8987 = PCURVE('',#8283,#8988);
#8988 = DEFINITIONAL_REPRESENTATION('',(#8989),#8993);
#8989 = LINE('',#8990,#8991);
#8990 = CARTESIAN_POINT('',(0.,7.570187524766));
#8991 = VECTOR('',#8992,1.);
#8992 = DIRECTION('',(1.,2.544443745171E-15));
#8993 = ( GEOMETRIC_REPRESENTATION_CONTEXT(2) 
PARAMETRIC_REPRESENTATION_CONTEXT() REPRESENTATION_CONTEXT('2D SPACE',''
  ) );
#8994 = PCURVE('',#8995,#9000);
#8995 = TOROIDAL_SURFACE('',#8996,0.7,0.25);
#8996 = AXIS2_PLACEMENT_3D('',#8997,#8998,#8999);
#8997 = CARTESIAN_POINT('',(28.524310806099,-6.334648215881,-13.));
#8998 = DIRECTION('',(-0.965730490124,0.259546952295,-4.238665850285E-18
    ));
#8999 = DIRECTION('',(-0.259546952295,-0.965730490124,1.192240047878E-16
    ));
#9000 = DEFINITIONAL_REPRESENTATION('',(#9001),#9005);
#9001 = LINE('',#9002,#9003);
#9002 = CARTESIAN_POINT('',(0.,-1.287002217587));
#9003 = VECTOR('',#9004,1.);
#9004 = DIRECTION('',(1.,-3.392591660228E-15));
#9005 = ( GEOMETRIC_REPRESENTATION_CONTEXT(2) 
PARAMETRIC_REPRESENTATION_CONTEXT() REPRESENTATION_CONTEXT('2D SPACE',''
  ) );
#9006 = ADVANCED_FACE('',(#9007),#5919,.T.);
#9007 = FACE_BOUND('',#9008,.T.);
#9008 = EDGE_LOOP('',(#9009,#9010,#9011,#9012));
#9009 = ORIENTED_EDGE('',*,*,#6061,.F.);
#9010 = ORIENTED_EDGE('',*,*,#8614,.T.);
#9011 = ORIENTED_EDGE('',*,*,#5905,.F.);
#9012 = ORIENTED_EDGE('',*,*,#8464,.F.);
#9013 = ADVANCED_FACE('',(#9014),#8323,.T.);
#9014 = FACE_BOUND('',#9015,.T.);
#9015 = EDGE_LOOP('',(#9016,#9017,#9018,#9019));
#9016 = ORIENTED_EDGE('',*,*,#8664,.T.);
#9017 = ORIENTED_EDGE('',*,*,#8308,.T.);
#9018 = ORIENTED_EDGE('',*,*,#8512,.F.);
#9019 = ORIENTED_EDGE('',*,*,#9020,.F.);
#9020 = EDGE_CURVE('',#8665,#8513,#9021,.T.);
#9021 = SURFACE_CURVE('',#9022,(#9027,#9034),.PCURVE_S1.);
#9022 = CIRCLE('',#9023,0.77);
#9023 = AXIS2_PLACEMENT_3D('',#9024,#9025,#9026);
#9024 = CARTESIAN_POINT('',(28.756086123729,-6.396939484432,-5.));
#9025 = DIRECTION('',(-0.965730490124,0.259546952295,-4.238665850285E-18
    ));
#9026 = DIRECTION('',(-0.259546952295,-0.965730490124,1.192240047878E-16
    ));
#9027 = PCURVE('',#8323,#9028);
#9028 = DEFINITIONAL_REPRESENTATION('',(#9029),#9033);
#9029 = LINE('',#9030,#9031);
#9030 = CARTESIAN_POINT('',(0.,7.570187524766));
#9031 = VECTOR('',#9032,1.);
#9032 = DIRECTION('',(1.,-4.664813532813E-15));
#9033 = ( GEOMETRIC_REPRESENTATION_CONTEXT(2) 
PARAMETRIC_REPRESENTATION_CONTEXT() REPRESENTATION_CONTEXT('2D SPACE',''
  ) );
#9034 = PCURVE('',#9035,#9040);
#9035 = TOROIDAL_SURFACE('',#9036,0.7,0.25);
#9036 = AXIS2_PLACEMENT_3D('',#9037,#9038,#9039);
#9037 = CARTESIAN_POINT('',(28.524310806099,-6.334648215881,-5.));
#9038 = DIRECTION('',(-0.965730490124,0.259546952295,-4.238665850285E-18
    ));
#9039 = DIRECTION('',(-0.259546952295,-0.965730490124,1.192240047878E-16
    ));
#9040 = DEFINITIONAL_REPRESENTATION('',(#9041),#9045);
#9041 = LINE('',#9042,#9043);
#9042 = CARTESIAN_POINT('',(3.552713678801E-15,-1.287002217587));
#9043 = VECTOR('',#9044,1.);
#9044 = DIRECTION('',(1.,6.219751377084E-15));
#9045 = ( GEOMETRIC_REPRESENTATION_CONTEXT(2) 
PARAMETRIC_REPRESENTATION_CONTEXT() REPRESENTATION_CONTEXT('2D SPACE',''
  ) );
#9046 = ADVANCED_FACE('',(#9047),#5867,.T.);
#9047 = FACE_BOUND('',#9048,.T.);
#9048 = EDGE_LOOP('',(#9049,#9050,#9051,#9052));
#9049 = ORIENTED_EDGE('',*,*,#5987,.F.);
#9050 = ORIENTED_EDGE('',*,*,#8790,.T.);
#9051 = ORIENTED_EDGE('',*,*,#5853,.F.);
#9052 = ORIENTED_EDGE('',*,*,#8591,.F.);
#9053 = ADVANCED_FACE('',(#9054),#8363,.T.);
#9054 = FACE_BOUND('',#9055,.T.);
#9055 = EDGE_LOOP('',(#9056,#9057,#9058,#9059));
#9056 = ORIENTED_EDGE('',*,*,#8840,.T.);
#9057 = ORIENTED_EDGE('',*,*,#8348,.T.);
#9058 = ORIENTED_EDGE('',*,*,#8639,.F.);
#9059 = ORIENTED_EDGE('',*,*,#9060,.F.);
#9060 = EDGE_CURVE('',#8841,#8640,#9061,.T.);
#9061 = SURFACE_CURVE('',#9062,(#9067,#9074),.PCURVE_S1.);
#9062 = CIRCLE('',#9063,0.77);
#9063 = AXIS2_PLACEMENT_3D('',#9064,#9065,#9066);
#9064 = CARTESIAN_POINT('',(28.088617007861,-8.880479632793,-5.));
#9065 = DIRECTION('',(-0.965730490124,0.259546952295,-4.238665850285E-18
    ));
#9066 = DIRECTION('',(-0.259546952295,-0.965730490124,1.192240047878E-16
    ));
#9067 = PCURVE('',#8363,#9068);
#9068 = DEFINITIONAL_REPRESENTATION('',(#9069),#9073);
#9069 = LINE('',#9070,#9071);
#9070 = CARTESIAN_POINT('',(0.,7.570187524766));
#9071 = VECTOR('',#9072,1.);
#9072 = DIRECTION('',(1.,-3.958023603599E-15));
#9073 = ( GEOMETRIC_REPRESENTATION_CONTEXT(2) 
PARAMETRIC_REPRESENTATION_CONTEXT() REPRESENTATION_CONTEXT('2D SPACE',''
  ) );
#9074 = PCURVE('',#9075,#9080);
#9075 = TOROIDAL_SURFACE('',#9076,0.7,0.25);
#9076 = AXIS2_PLACEMENT_3D('',#9077,#9078,#9079);
#9077 = CARTESIAN_POINT('',(27.856841690232,-8.818188364242,-5.));
#9078 = DIRECTION('',(-0.965730490124,0.259546952295,-4.238665850285E-18
    ));
#9079 = DIRECTION('',(-0.259546952295,-0.965730490124,1.192240047878E-16
    ));
#9080 = DEFINITIONAL_REPRESENTATION('',(#9081),#9085);
#9081 = LINE('',#9082,#9083);
#9082 = CARTESIAN_POINT('',(0.,-1.287002217587));
#9083 = VECTOR('',#9084,1.);
#9084 = DIRECTION('',(1.,5.088887490342E-15));
#9085 = ( GEOMETRIC_REPRESENTATION_CONTEXT(2) 
PARAMETRIC_REPRESENTATION_CONTEXT() REPRESENTATION_CONTEXT('2D SPACE',''
  ) );
#9086 = ADVANCED_FACE('',(#9087),#5815,.T.);
#9087 = FACE_BOUND('',#9088,.T.);
#9088 = EDGE_LOOP('',(#9089,#9090,#9091,#9092));
#9089 = ORIENTED_EDGE('',*,*,#5935,.F.);
#9090 = ORIENTED_EDGE('',*,*,#8741,.T.);
#9091 = ORIENTED_EDGE('',*,*,#5801,.F.);
#9092 = ORIENTED_EDGE('',*,*,#8767,.F.);
#9093 = ADVANCED_FACE('',(#9094),#8448,.T.);
#9094 = FACE_BOUND('',#9095,.T.);
#9095 = EDGE_LOOP('',(#9096,#9120,#9121,#9145));
#9096 = ORIENTED_EDGE('',*,*,#9097,.T.);
#9097 = EDGE_CURVE('',#9098,#8386,#9100,.T.);
#9098 = VERTEX_POINT('',#9099);
#9099 = CARTESIAN_POINT('',(28.292535488469,-6.27235694733,-13.77));
#9100 = SURFACE_CURVE('',#9101,(#9106,#9113),.PCURVE_S1.);
#9101 = CIRCLE('',#9102,0.25);
#9102 = AXIS2_PLACEMENT_3D('',#9103,#9104,#9105);
#9103 = CARTESIAN_POINT('',(28.524310806099,-6.334648215881,-13.7));
#9104 = DIRECTION('',(-0.259546952295,-0.965730490124,5.607987212962E-17
    ));
#9105 = DIRECTION('',(-0.965730490124,0.259546952295,-4.238665850285E-18
    ));
#9106 = PCURVE('',#8448,#9107);
#9107 = DEFINITIONAL_REPRESENTATION('',(#9108),#9112);
#9108 = LINE('',#9109,#9110);
#9109 = CARTESIAN_POINT('',(3.14159265359,1.874282002229E-15));
#9110 = VECTOR('',#9111,1.);
#9111 = DIRECTION('',(1.,-3.450570665549E-16));
#9112 = ( GEOMETRIC_REPRESENTATION_CONTEXT(2) 
PARAMETRIC_REPRESENTATION_CONTEXT() REPRESENTATION_CONTEXT('2D SPACE',''
  ) );
#9113 = PCURVE('',#8995,#9114);
#9114 = DEFINITIONAL_REPRESENTATION('',(#9115),#9119);
#9115 = LINE('',#9116,#9117);
#9116 = CARTESIAN_POINT('',(4.712388980385,1.570796326795));
#9117 = VECTOR('',#9118,1.);
#9118 = DIRECTION('',(-3.450570665549E-16,-1.));
#9119 = ( GEOMETRIC_REPRESENTATION_CONTEXT(2) 
PARAMETRIC_REPRESENTATION_CONTEXT() REPRESENTATION_CONTEXT('2D SPACE',''
  ) );
#9120 = ORIENTED_EDGE('',*,*,#8434,.T.);
#9121 = ORIENTED_EDGE('',*,*,#9122,.F.);
#9122 = EDGE_CURVE('',#9123,#8411,#9125,.T.);
#9123 = VERTEX_POINT('',#9124);
#9124 = CARTESIAN_POINT('',(27.625066372602,-8.755897095691,-13.77));
#9125 = SURFACE_CURVE('',#9126,(#9131,#9138),.PCURVE_S1.);
#9126 = CIRCLE('',#9127,0.25);
#9127 = AXIS2_PLACEMENT_3D('',#9128,#9129,#9130);
#9128 = CARTESIAN_POINT('',(27.856841690232,-8.818188364242,-13.7));
#9129 = DIRECTION('',(-0.259546952295,-0.965730490124,3.658519214112E-16
    ));
#9130 = DIRECTION('',(-0.965730490124,0.259546952295,-4.238665850284E-18
    ));
#9131 = PCURVE('',#8448,#9132);
#9132 = DEFINITIONAL_REPRESENTATION('',(#9133),#9137);
#9133 = LINE('',#9134,#9135);
#9134 = CARTESIAN_POINT('',(3.14159265359,2.571670019493));
#9135 = VECTOR('',#9136,1.);
#9136 = DIRECTION('',(1.,-3.450570665549E-16));
#9137 = ( GEOMETRIC_REPRESENTATION_CONTEXT(2) 
PARAMETRIC_REPRESENTATION_CONTEXT() REPRESENTATION_CONTEXT('2D SPACE',''
  ) );
#9138 = PCURVE('',#8933,#9139);
#9139 = DEFINITIONAL_REPRESENTATION('',(#9140),#9144);
#9140 = LINE('',#9141,#9142);
#9141 = CARTESIAN_POINT('',(4.712388980385,1.570796326795));
#9142 = VECTOR('',#9143,1.);
#9143 = DIRECTION('',(-3.450570665549E-16,-1.));
#9144 = ( GEOMETRIC_REPRESENTATION_CONTEXT(2) 
PARAMETRIC_REPRESENTATION_CONTEXT() REPRESENTATION_CONTEXT('2D SPACE',''
  ) );
#9145 = ORIENTED_EDGE('',*,*,#9146,.F.);
#9146 = EDGE_CURVE('',#9098,#9123,#9147,.T.);
#9147 = SURFACE_CURVE('',#9148,(#9152,#9159),.PCURVE_S1.);
#9148 = LINE('',#9149,#9150);
#9149 = CARTESIAN_POINT('',(27.958800930536,-7.514127021511,-13.77));
#9150 = VECTOR('',#9151,1.);
#9151 = DIRECTION('',(-0.259546952295,-0.965730490124,1.192240047878E-16
    ));
#9152 = PCURVE('',#8448,#9153);
#9153 = DEFINITIONAL_REPRESENTATION('',(#9154),#9158);
#9154 = LINE('',#9155,#9156);
#9155 = CARTESIAN_POINT('',(3.425386762798,1.285835009746));
#9156 = VECTOR('',#9157,1.);
#9157 = DIRECTION('',(0.,1.));
#9158 = ( GEOMETRIC_REPRESENTATION_CONTEXT(2) 
PARAMETRIC_REPRESENTATION_CONTEXT() REPRESENTATION_CONTEXT('2D SPACE',''
  ) );
#9159 = PCURVE('',#9160,#9165);
#9160 = CYLINDRICAL_SURFACE('',#9161,0.25);
#9161 = AXIS2_PLACEMENT_3D('',#9162,#9163,#9164);
#9162 = CARTESIAN_POINT('',(28.060760170839,-6.210065678779,-13.7));
#9163 = DIRECTION('',(-0.259546952295,-0.965730490124,1.192240047878E-16
    ));
#9164 = DIRECTION('',(0.965730490124,-0.259546952295,4.238665850285E-18)
  );
#9165 = DEFINITIONAL_REPRESENTATION('',(#9166),#9170);
#9166 = LINE('',#9167,#9168);
#9167 = CARTESIAN_POINT('',(5.999391197971,1.285835009746));
#9168 = VECTOR('',#9169,1.);
#9169 = DIRECTION('',(0.,1.));
#9170 = ( GEOMETRIC_REPRESENTATION_CONTEXT(2) 
PARAMETRIC_REPRESENTATION_CONTEXT() REPRESENTATION_CONTEXT('2D SPACE',''
  ) );
#9171 = ADVANCED_FACE('',(#9172),#2269,.T.);
#9172 = FACE_BOUND('',#9173,.T.);
#9173 = EDGE_LOOP('',(#9174,#9175,#9197,#9198));
#9174 = ORIENTED_EDGE('',*,*,#2684,.F.);
#9175 = ORIENTED_EDGE('',*,*,#9176,.T.);
#9176 = EDGE_CURVE('',#2656,#2176,#9177,.T.);
#9177 = SURFACE_CURVE('',#9178,(#9183,#9190),.PCURVE_S1.);
#9178 = CIRCLE('',#9179,0.25);
#9179 = AXIS2_PLACEMENT_3D('',#9180,#9181,#9182);
#9180 = CARTESIAN_POINT('',(28.705993672705,-5.658636872794,-13.));
#9181 = DIRECTION('',(2.058749954231E-15,-8.760043279116E-16,-1.));
#9182 = DIRECTION('',(-0.965730490124,0.259546952295,-2.215561855848E-15
    ));
#9183 = PCURVE('',#2269,#9184);
#9184 = DEFINITIONAL_REPRESENTATION('',(#9185),#9189);
#9185 = LINE('',#9186,#9187);
#9186 = CARTESIAN_POINT('',(3.14159265359,7.853981633974));
#9187 = VECTOR('',#9188,1.);
#9188 = DIRECTION('',(1.38022826622E-15,-1.));
#9189 = ( GEOMETRIC_REPRESENTATION_CONTEXT(2) 
PARAMETRIC_REPRESENTATION_CONTEXT() REPRESENTATION_CONTEXT('2D SPACE',''
  ) );
#9190 = PCURVE('',#5763,#9191);
#9191 = DEFINITIONAL_REPRESENTATION('',(#9192),#9196);
#9192 = LINE('',#9193,#9194);
#9193 = CARTESIAN_POINT('',(-4.712388980385,8.));
#9194 = VECTOR('',#9195,1.);
#9195 = DIRECTION('',(1.,1.38022826622E-15));
#9196 = ( GEOMETRIC_REPRESENTATION_CONTEXT(2) 
PARAMETRIC_REPRESENTATION_CONTEXT() REPRESENTATION_CONTEXT('2D SPACE',''
  ) );
#9197 = ORIENTED_EDGE('',*,*,#2254,.F.);
#9198 = ORIENTED_EDGE('',*,*,#9199,.F.);
#9199 = EDGE_CURVE('',#2685,#2231,#9200,.T.);
#9200 = SURFACE_CURVE('',#9201,(#9206,#9213),.PCURVE_S1.);
#9201 = CIRCLE('',#9202,0.25);
#9202 = AXIS2_PLACEMENT_3D('',#9203,#9204,#9205);
#9203 = CARTESIAN_POINT('',(28.524310806099,-6.334648215881,-13.7));
#9204 = DIRECTION('',(-0.259546952295,-0.965730490124,5.607987212962E-17
    ));
#9205 = DIRECTION('',(-0.965730490124,0.259546952295,-4.238665850285E-18
    ));
#9206 = PCURVE('',#2269,#9207);
#9207 = DEFINITIONAL_REPRESENTATION('',(#9208),#9212);
#9208 = LINE('',#9209,#9210);
#9209 = CARTESIAN_POINT('',(4.712388980385,7.853981633974));
#9210 = VECTOR('',#9211,1.);
#9211 = DIRECTION('',(0.,-1.));
#9212 = ( GEOMETRIC_REPRESENTATION_CONTEXT(2) 
PARAMETRIC_REPRESENTATION_CONTEXT() REPRESENTATION_CONTEXT('2D SPACE',''
  ) );
#9213 = PCURVE('',#2449,#9214);
#9214 = DEFINITIONAL_REPRESENTATION('',(#9215),#9219);
#9215 = LINE('',#9216,#9217);
#9216 = CARTESIAN_POINT('',(-3.14159265359,1.7763568394E-15));
#9217 = VECTOR('',#9218,1.);
#9218 = DIRECTION('',(1.,0.));
#9219 = ( GEOMETRIC_REPRESENTATION_CONTEXT(2) 
PARAMETRIC_REPRESENTATION_CONTEXT() REPRESENTATION_CONTEXT('2D SPACE',''
  ) );
#9220 = ADVANCED_FACE('',(#9221),#8575,.T.);
#9221 = FACE_BOUND('',#9222,.T.);
#9222 = EDGE_LOOP('',(#9223,#9247,#9248,#9272));
#9223 = ORIENTED_EDGE('',*,*,#9224,.T.);
#9224 = EDGE_CURVE('',#9225,#8513,#9227,.T.);
#9225 = VERTEX_POINT('',#9226);
#9226 = CARTESIAN_POINT('',(28.492386641736,-5.528744469935,-5.));
#9227 = SURFACE_CURVE('',#9228,(#9233,#9240),.PCURVE_S1.);
#9228 = CIRCLE('',#9229,0.25);
#9229 = AXIS2_PLACEMENT_3D('',#9230,#9231,#9232);
#9230 = CARTESIAN_POINT('',(28.705993672705,-5.658636872794,-5.));
#9231 = DIRECTION('',(2.044679885754E-15,-9.283566826829E-16,-1.));
#9232 = DIRECTION('',(-0.965730490124,0.259546952295,-2.215561855848E-15
    ));
#9233 = PCURVE('',#8575,#9234);
#9234 = DEFINITIONAL_REPRESENTATION('',(#9235),#9239);
#9235 = LINE('',#9236,#9237);
#9236 = CARTESIAN_POINT('',(1.570796326795,4.896258141449E-17));
#9237 = VECTOR('',#9238,1.);
#9238 = DIRECTION('',(1.,-1.725285332774E-16));
#9239 = ( GEOMETRIC_REPRESENTATION_CONTEXT(2) 
PARAMETRIC_REPRESENTATION_CONTEXT() REPRESENTATION_CONTEXT('2D SPACE',''
  ) );
#9240 = PCURVE('',#9035,#9241);
#9241 = DEFINITIONAL_REPRESENTATION('',(#9242),#9246);
#9242 = LINE('',#9243,#9244);
#9243 = CARTESIAN_POINT('',(3.14159265359,1.570796326795));
#9244 = VECTOR('',#9245,1.);
#9245 = DIRECTION('',(-5.175855998323E-16,-1.));
#9246 = ( GEOMETRIC_REPRESENTATION_CONTEXT(2) 
PARAMETRIC_REPRESENTATION_CONTEXT() REPRESENTATION_CONTEXT('2D SPACE',''
  ) );
#9247 = ORIENTED_EDGE('',*,*,#8561,.T.);
#9248 = ORIENTED_EDGE('',*,*,#9249,.F.);
#9249 = EDGE_CURVE('',#9250,#8538,#9252,.T.);
#9250 = VERTEX_POINT('',#9251);
#9251 = CARTESIAN_POINT('',(28.492386641736,-5.528744469935,-13.));
#9252 = SURFACE_CURVE('',#9253,(#9258,#9265),.PCURVE_S1.);
#9253 = CIRCLE('',#9254,0.25);
#9254 = AXIS2_PLACEMENT_3D('',#9255,#9256,#9257);
#9255 = CARTESIAN_POINT('',(28.705993672705,-5.658636872794,-13.));
#9256 = DIRECTION('',(2.058749954231E-15,-8.760043279116E-16,-1.));
#9257 = DIRECTION('',(-0.965730490124,0.259546952295,-2.215561855848E-15
    ));
#9258 = PCURVE('',#8575,#9259);
#9259 = DEFINITIONAL_REPRESENTATION('',(#9260),#9264);
#9260 = LINE('',#9261,#9262);
#9261 = CARTESIAN_POINT('',(1.570796326795,8.));
#9262 = VECTOR('',#9263,1.);
#9263 = DIRECTION('',(1.,-1.035171199665E-15));
#9264 = ( GEOMETRIC_REPRESENTATION_CONTEXT(2) 
PARAMETRIC_REPRESENTATION_CONTEXT() REPRESENTATION_CONTEXT('2D SPACE',''
  ) );
#9265 = PCURVE('',#8995,#9266);
#9266 = DEFINITIONAL_REPRESENTATION('',(#9267),#9271);
#9267 = LINE('',#9268,#9269);
#9268 = CARTESIAN_POINT('',(3.14159265359,1.570796326795));
#9269 = VECTOR('',#9270,1.);
#9270 = DIRECTION('',(-6.901141331098E-16,-1.));
#9271 = ( GEOMETRIC_REPRESENTATION_CONTEXT(2) 
PARAMETRIC_REPRESENTATION_CONTEXT() REPRESENTATION_CONTEXT('2D SPACE',''
  ) );
#9272 = ORIENTED_EDGE('',*,*,#9273,.F.);
#9273 = EDGE_CURVE('',#9225,#9250,#9274,.T.);
#9274 = SURFACE_CURVE('',#9275,(#9279,#9286),.PCURVE_S1.);
#9275 = LINE('',#9276,#9277);
#9276 = CARTESIAN_POINT('',(28.492386641736,-5.528744469935,-9.));
#9277 = VECTOR('',#9278,1.);
#9278 = DIRECTION('',(-1.278074975698E-17,-6.388603461007E-17,-1.));
#9279 = PCURVE('',#8575,#9280);
#9280 = DEFINITIONAL_REPRESENTATION('',(#9281),#9285);
#9281 = LINE('',#9282,#9283);
#9282 = CARTESIAN_POINT('',(1.854590436003,4.));
#9283 = VECTOR('',#9284,1.);
#9284 = DIRECTION('',(0.,1.));
#9285 = ( GEOMETRIC_REPRESENTATION_CONTEXT(2) 
PARAMETRIC_REPRESENTATION_CONTEXT() REPRESENTATION_CONTEXT('2D SPACE',''
  ) );
#9286 = PCURVE('',#9287,#9292);
#9287 = CYLINDRICAL_SURFACE('',#9288,0.25);
#9288 = AXIS2_PLACEMENT_3D('',#9289,#9290,#9291);
#9289 = CARTESIAN_POINT('',(28.242443037446,-5.534054335693,-5.));
#9290 = DIRECTION('',(-1.278074975698E-17,-6.388603461007E-17,-1.));
#9291 = DIRECTION('',(-0.259546952295,-0.965730490124,6.50138961635E-17)
  );
#9292 = DEFINITIONAL_REPRESENTATION('',(#9293),#9297);
#9293 = LINE('',#9294,#9295);
#9294 = CARTESIAN_POINT('',(4.428594871176,4.));
#9295 = VECTOR('',#9296,1.);
#9296 = DIRECTION('',(0.,1.));
#9297 = ( GEOMETRIC_REPRESENTATION_CONTEXT(2) 
PARAMETRIC_REPRESENTATION_CONTEXT() REPRESENTATION_CONTEXT('2D SPACE',''
  ) );
#9298 = ADVANCED_FACE('',(#9299),#2160,.T.);
#9299 = FACE_BOUND('',#9300,.T.);
#9300 = EDGE_LOOP('',(#9301,#9302,#9324,#9325));
#9301 = ORIENTED_EDGE('',*,*,#2570,.F.);
#9302 = ORIENTED_EDGE('',*,*,#9303,.T.);
#9303 = EDGE_CURVE('',#2542,#2062,#9304,.T.);
#9304 = SURFACE_CURVE('',#9305,(#9310,#9317),.PCURVE_S1.);
#9305 = CIRCLE('',#9306,0.25);
#9306 = AXIS2_PLACEMENT_3D('',#9307,#9308,#9309);
#9307 = CARTESIAN_POINT('',(28.524310806099,-6.334648215881,-4.3));
#9308 = DIRECTION('',(0.259546952295,0.965730490124,-7.031275949673E-16)
  );
#9309 = DIRECTION('',(-0.965730490124,0.259546952295,-4.238665850286E-18
    ));
#9310 = PCURVE('',#2160,#9311);
#9311 = DEFINITIONAL_REPRESENTATION('',(#9312),#9316);
#9312 = LINE('',#9313,#9314);
#9313 = CARTESIAN_POINT('',(1.570796326795,7.853981633974));
#9314 = VECTOR('',#9315,1.);
#9315 = DIRECTION('',(0.,-1.));
#9316 = ( GEOMETRIC_REPRESENTATION_CONTEXT(2) 
PARAMETRIC_REPRESENTATION_CONTEXT() REPRESENTATION_CONTEXT('2D SPACE',''
  ) );
#9317 = PCURVE('',#5711,#9318);
#9318 = DEFINITIONAL_REPRESENTATION('',(#9319),#9323);
#9319 = LINE('',#9320,#9321);
#9320 = CARTESIAN_POINT('',(-4.712388980385,2.571670019493));
#9321 = VECTOR('',#9322,1.);
#9322 = DIRECTION('',(1.,0.));
#9323 = ( GEOMETRIC_REPRESENTATION_CONTEXT(2) 
PARAMETRIC_REPRESENTATION_CONTEXT() REPRESENTATION_CONTEXT('2D SPACE',''
  ) );
#9324 = ORIENTED_EDGE('',*,*,#2145,.F.);
#9325 = ORIENTED_EDGE('',*,*,#9326,.F.);
#9326 = EDGE_CURVE('',#2571,#2117,#9327,.T.);
#9327 = SURFACE_CURVE('',#9328,(#9333,#9340),.PCURVE_S1.);
#9328 = CIRCLE('',#9329,0.25);
#9329 = AXIS2_PLACEMENT_3D('',#9330,#9331,#9332);
#9330 = CARTESIAN_POINT('',(28.705993672705,-5.658636872794,-5.));
#9331 = DIRECTION('',(2.044679885754E-15,-9.283566826829E-16,-1.));
#9332 = DIRECTION('',(-0.965730490124,0.259546952295,-2.215561855848E-15
    ));
#9333 = PCURVE('',#2160,#9334);
#9334 = DEFINITIONAL_REPRESENTATION('',(#9335),#9339);
#9335 = LINE('',#9336,#9337);
#9336 = CARTESIAN_POINT('',(3.14159265359,7.853981633974));
#9337 = VECTOR('',#9338,1.);
#9338 = DIRECTION('',(3.450570665549E-16,-1.));
#9339 = ( GEOMETRIC_REPRESENTATION_CONTEXT(2) 
PARAMETRIC_REPRESENTATION_CONTEXT() REPRESENTATION_CONTEXT('2D SPACE',''
  ) );
#9340 = PCURVE('',#5763,#9341);
#9341 = DEFINITIONAL_REPRESENTATION('',(#9342),#9346);
#9342 = LINE('',#9343,#9344);
#9343 = CARTESIAN_POINT('',(-4.712388980385,0.));
#9344 = VECTOR('',#9345,1.);
#9345 = DIRECTION('',(1.,0.));
#9346 = ( GEOMETRIC_REPRESENTATION_CONTEXT(2) 
PARAMETRIC_REPRESENTATION_CONTEXT() REPRESENTATION_CONTEXT('2D SPACE',''
  ) );
#9347 = ADVANCED_FACE('',(#9348),#8702,.T.);
#9348 = FACE_BOUND('',#9349,.T.);
#9349 = EDGE_LOOP('',(#9350,#9374,#9375,#9399));
#9350 = ORIENTED_EDGE('',*,*,#9351,.T.);
#9351 = EDGE_CURVE('',#9352,#8640,#9354,.T.);
#9352 = VERTEX_POINT('',#9353);
#9353 = CARTESIAN_POINT('',(27.625066372602,-8.755897095691,-4.23));
#9354 = SURFACE_CURVE('',#9355,(#9360,#9367),.PCURVE_S1.);
#9355 = CIRCLE('',#9356,0.25);
#9356 = AXIS2_PLACEMENT_3D('',#9357,#9358,#9359);
#9357 = CARTESIAN_POINT('',(27.856841690232,-8.818188364242,-4.3));
#9358 = DIRECTION('',(0.259546952295,0.965730490124,-3.658519214112E-16)
  );
#9359 = DIRECTION('',(-0.965730490124,0.259546952295,-4.238665850285E-18
    ));
#9360 = PCURVE('',#8702,#9361);
#9361 = DEFINITIONAL_REPRESENTATION('',(#9362),#9366);
#9362 = LINE('',#9363,#9364);
#9363 = CARTESIAN_POINT('',(1.570796326795,9.861035825291E-16));
#9364 = VECTOR('',#9365,1.);
#9365 = DIRECTION('',(1.,-3.450570665549E-16));
#9366 = ( GEOMETRIC_REPRESENTATION_CONTEXT(2) 
PARAMETRIC_REPRESENTATION_CONTEXT() REPRESENTATION_CONTEXT('2D SPACE',''
  ) );
#9367 = PCURVE('',#9075,#9368);
#9368 = DEFINITIONAL_REPRESENTATION('',(#9369),#9373);
#9369 = LINE('',#9370,#9371);
#9370 = CARTESIAN_POINT('',(1.570796326795,1.570796326795));
#9371 = VECTOR('',#9372,1.);
#9372 = DIRECTION('',(-4.313213331936E-16,-1.));
#9373 = ( GEOMETRIC_REPRESENTATION_CONTEXT(2) 
PARAMETRIC_REPRESENTATION_CONTEXT() REPRESENTATION_CONTEXT('2D SPACE',''
  ) );
#9374 = ORIENTED_EDGE('',*,*,#8688,.T.);
#9375 = ORIENTED_EDGE('',*,*,#9376,.F.);
#9376 = EDGE_CURVE('',#9377,#8665,#9379,.T.);
#9377 = VERTEX_POINT('',#9378);
#9378 = CARTESIAN_POINT('',(28.292535488469,-6.27235694733,-4.23));
#9379 = SURFACE_CURVE('',#9380,(#9385,#9392),.PCURVE_S1.);
#9380 = CIRCLE('',#9381,0.25);
#9381 = AXIS2_PLACEMENT_3D('',#9382,#9383,#9384);
#9382 = CARTESIAN_POINT('',(28.524310806099,-6.334648215881,-4.3));
#9383 = DIRECTION('',(0.259546952295,0.965730490124,-7.031275949673E-16)
  );
#9384 = DIRECTION('',(-0.965730490124,0.259546952295,-4.238665850286E-18
    ));
#9385 = PCURVE('',#8702,#9386);
#9386 = DEFINITIONAL_REPRESENTATION('',(#9387),#9391);
#9387 = LINE('',#9388,#9389);
#9388 = CARTESIAN_POINT('',(1.570796326795,2.571670019493));
#9389 = VECTOR('',#9390,1.);
#9390 = DIRECTION('',(1.,0.));
#9391 = ( GEOMETRIC_REPRESENTATION_CONTEXT(2) 
PARAMETRIC_REPRESENTATION_CONTEXT() REPRESENTATION_CONTEXT('2D SPACE',''
  ) );
#9392 = PCURVE('',#9035,#9393);
#9393 = DEFINITIONAL_REPRESENTATION('',(#9394),#9398);
#9394 = LINE('',#9395,#9396);
#9395 = CARTESIAN_POINT('',(1.570796326795,1.570796326795));
#9396 = VECTOR('',#9397,1.);
#9397 = DIRECTION('',(0.,-1.));
#9398 = ( GEOMETRIC_REPRESENTATION_CONTEXT(2) 
PARAMETRIC_REPRESENTATION_CONTEXT() REPRESENTATION_CONTEXT('2D SPACE',''
  ) );
#9399 = ORIENTED_EDGE('',*,*,#9400,.F.);
#9400 = EDGE_CURVE('',#9352,#9377,#9401,.T.);
#9401 = SURFACE_CURVE('',#9402,(#9406,#9413),.PCURVE_S1.);
#9402 = LINE('',#9403,#9404);
#9403 = CARTESIAN_POINT('',(27.958800930536,-7.514127021511,-4.23));
#9404 = VECTOR('',#9405,1.);
#9405 = DIRECTION('',(0.259546952295,0.965730490124,-4.564996783438E-16)
  );
#9406 = PCURVE('',#8702,#9407);
#9407 = DEFINITIONAL_REPRESENTATION('',(#9408),#9412);
#9408 = LINE('',#9409,#9410);
#9409 = CARTESIAN_POINT('',(1.854590436003,1.285835009746));
#9410 = VECTOR('',#9411,1.);
#9411 = DIRECTION('',(1.381481158886E-15,1.));
#9412 = ( GEOMETRIC_REPRESENTATION_CONTEXT(2) 
PARAMETRIC_REPRESENTATION_CONTEXT() REPRESENTATION_CONTEXT('2D SPACE',''
  ) );
#9413 = PCURVE('',#9414,#9419);
#9414 = CYLINDRICAL_SURFACE('',#9415,0.25);
#9415 = AXIS2_PLACEMENT_3D('',#9416,#9417,#9418);
#9416 = CARTESIAN_POINT('',(27.393291054972,-8.693605827141,-4.3));
#9417 = DIRECTION('',(0.259546952295,0.965730490124,-4.564996783438E-16)
  );
#9418 = DIRECTION('',(-1.143896913886E-16,-4.419557909115E-16,-1.));
#9419 = DEFINITIONAL_REPRESENTATION('',(#9420),#9424);
#9420 = LINE('',#9421,#9422);
#9421 = CARTESIAN_POINT('',(4.428594871176,1.285835009746));
#9422 = VECTOR('',#9423,1.);
#9423 = DIRECTION('',(-1.381481158886E-15,1.));
#9424 = ( GEOMETRIC_REPRESENTATION_CONTEXT(2) 
PARAMETRIC_REPRESENTATION_CONTEXT() REPRESENTATION_CONTEXT('2D SPACE',''
  ) );
#9425 = ADVANCED_FACE('',(#9426),#2046,.T.);
#9426 = FACE_BOUND('',#9427,.T.);
#9427 = EDGE_LOOP('',(#9428,#9429,#9451,#9452));
#9428 = ORIENTED_EDGE('',*,*,#2461,.F.);
#9429 = ORIENTED_EDGE('',*,*,#9430,.T.);
#9430 = EDGE_CURVE('',#2428,#1948,#9431,.T.);
#9431 = SURFACE_CURVE('',#9432,(#9437,#9444),.PCURVE_S1.);
#9432 = CIRCLE('',#9433,0.25);
#9433 = AXIS2_PLACEMENT_3D('',#9434,#9435,#9436);
#9434 = CARTESIAN_POINT('',(27.856841690232,-8.818188364242,-13.7));
#9435 = DIRECTION('',(-0.259546952295,-0.965730490124,3.658519214112E-16
    ));
#9436 = DIRECTION('',(-0.965730490124,0.259546952295,-4.238665850284E-18
    ));
#9437 = PCURVE('',#2046,#9438);
#9438 = DEFINITIONAL_REPRESENTATION('',(#9439),#9443);
#9439 = LINE('',#9440,#9441);
#9440 = CARTESIAN_POINT('',(4.712388980385,7.853981633974));
#9441 = VECTOR('',#9442,1.);
#9442 = DIRECTION('',(0.,-1.));
#9443 = ( GEOMETRIC_REPRESENTATION_CONTEXT(2) 
PARAMETRIC_REPRESENTATION_CONTEXT() REPRESENTATION_CONTEXT('2D SPACE',''
  ) );
#9444 = PCURVE('',#2449,#9445);
#9445 = DEFINITIONAL_REPRESENTATION('',(#9446),#9450);
#9446 = LINE('',#9447,#9448);
#9447 = CARTESIAN_POINT('',(-3.14159265359,2.571670019493));
#9448 = VECTOR('',#9449,1.);
#9449 = DIRECTION('',(1.,0.));
#9450 = ( GEOMETRIC_REPRESENTATION_CONTEXT(2) 
PARAMETRIC_REPRESENTATION_CONTEXT() REPRESENTATION_CONTEXT('2D SPACE',''
  ) );
#9451 = ORIENTED_EDGE('',*,*,#2031,.F.);
#9452 = ORIENTED_EDGE('',*,*,#9453,.F.);
#9453 = EDGE_CURVE('',#2462,#2008,#9454,.T.);
#9454 = SURFACE_CURVE('',#9455,(#9460,#9467),.PCURVE_S1.);
#9455 = CIRCLE('',#9456,0.25);
#9456 = AXIS2_PLACEMENT_3D('',#9457,#9458,#9459);
#9457 = CARTESIAN_POINT('',(27.675158823625,-9.494199707329,-13.));
#9458 = DIRECTION('',(2.198264433489E-15,-3.24232415865E-16,1.));
#9459 = DIRECTION('',(-0.965730490124,0.259546952295,2.207084524148E-15)
  );
#9460 = PCURVE('',#2046,#9461);
#9461 = DEFINITIONAL_REPRESENTATION('',(#9462),#9466);
#9462 = LINE('',#9463,#9464);
#9463 = CARTESIAN_POINT('',(6.28318530718,7.853981633974));
#9464 = VECTOR('',#9465,1.);
#9465 = DIRECTION('',(0.,-1.));
#9466 = ( GEOMETRIC_REPRESENTATION_CONTEXT(2) 
PARAMETRIC_REPRESENTATION_CONTEXT() REPRESENTATION_CONTEXT('2D SPACE',''
  ) );
#9467 = PCURVE('',#5637,#9468);
#9468 = DEFINITIONAL_REPRESENTATION('',(#9469),#9473);
#9469 = LINE('',#9470,#9471);
#9470 = CARTESIAN_POINT('',(-4.712388980385,-1.626043118037E-15));
#9471 = VECTOR('',#9472,1.);
#9472 = DIRECTION('',(1.,3.450570665549E-16));
#9473 = ( GEOMETRIC_REPRESENTATION_CONTEXT(2) 
PARAMETRIC_REPRESENTATION_CONTEXT() REPRESENTATION_CONTEXT('2D SPACE',''
  ) );
#9474 = ADVANCED_FACE('',(#9475),#1932,.T.);
#9475 = FACE_BOUND('',#9476,.T.);
#9476 = EDGE_LOOP('',(#9477,#9478,#9500,#9501));
#9477 = ORIENTED_EDGE('',*,*,#2342,.F.);
#9478 = ORIENTED_EDGE('',*,*,#9479,.T.);
#9479 = EDGE_CURVE('',#2287,#1807,#9480,.T.);
#9480 = SURFACE_CURVE('',#9481,(#9486,#9493),.PCURVE_S1.);
#9481 = CIRCLE('',#9482,0.25);
#9482 = AXIS2_PLACEMENT_3D('',#9483,#9484,#9485);
#9483 = CARTESIAN_POINT('',(27.675158823625,-9.494199707329,-5.));
#9484 = DIRECTION('',(2.198264433489E-15,-3.24232415865E-16,1.));
#9485 = DIRECTION('',(-0.965730490124,0.259546952295,2.207084524148E-15)
  );
#9486 = PCURVE('',#1932,#9487);
#9487 = DEFINITIONAL_REPRESENTATION('',(#9488),#9492);
#9488 = LINE('',#9489,#9490);
#9489 = CARTESIAN_POINT('',(0.,7.853981633974));
#9490 = VECTOR('',#9491,1.);
#9491 = DIRECTION('',(0.,-1.));
#9492 = ( GEOMETRIC_REPRESENTATION_CONTEXT(2) 
PARAMETRIC_REPRESENTATION_CONTEXT() REPRESENTATION_CONTEXT('2D SPACE',''
  ) );
#9493 = PCURVE('',#5637,#9494);
#9494 = DEFINITIONAL_REPRESENTATION('',(#9495),#9499);
#9495 = LINE('',#9496,#9497);
#9496 = CARTESIAN_POINT('',(-4.712388980385,8.));
#9497 = VECTOR('',#9498,1.);
#9498 = DIRECTION('',(1.,0.));
#9499 = ( GEOMETRIC_REPRESENTATION_CONTEXT(2) 
PARAMETRIC_REPRESENTATION_CONTEXT() REPRESENTATION_CONTEXT('2D SPACE',''
  ) );
#9500 = ORIENTED_EDGE('',*,*,#1917,.F.);
#9501 = ORIENTED_EDGE('',*,*,#9502,.F.);
#9502 = EDGE_CURVE('',#2343,#1889,#9503,.T.);
#9503 = SURFACE_CURVE('',#9504,(#9509,#9516),.PCURVE_S1.);
#9504 = CIRCLE('',#9505,0.25);
#9505 = AXIS2_PLACEMENT_3D('',#9506,#9507,#9508);
#9506 = CARTESIAN_POINT('',(27.856841690232,-8.818188364242,-4.3));
#9507 = DIRECTION('',(0.259546952295,0.965730490124,-3.658519214112E-16)
  );
#9508 = DIRECTION('',(-0.965730490124,0.259546952295,-4.238665850285E-18
    ));
#9509 = PCURVE('',#1932,#9510);
#9510 = DEFINITIONAL_REPRESENTATION('',(#9511),#9515);
#9511 = LINE('',#9512,#9513);
#9512 = CARTESIAN_POINT('',(1.570796326795,7.853981633974));
#9513 = VECTOR('',#9514,1.);
#9514 = DIRECTION('',(1.207699732942E-15,-1.));
#9515 = ( GEOMETRIC_REPRESENTATION_CONTEXT(2) 
PARAMETRIC_REPRESENTATION_CONTEXT() REPRESENTATION_CONTEXT('2D SPACE',''
  ) );
#9516 = PCURVE('',#5711,#9517);
#9517 = DEFINITIONAL_REPRESENTATION('',(#9518),#9522);
#9518 = LINE('',#9519,#9520);
#9519 = CARTESIAN_POINT('',(-4.712388980385,-3.252086236074E-15));
#9520 = VECTOR('',#9521,1.);
#9521 = DIRECTION('',(1.,6.901141331098E-16));
#9522 = ( GEOMETRIC_REPRESENTATION_CONTEXT(2) 
PARAMETRIC_REPRESENTATION_CONTEXT() REPRESENTATION_CONTEXT('2D SPACE',''
  ) );
#9523 = ADVANCED_FACE('',(#9524),#8900,.T.);
#9524 = FACE_BOUND('',#9525,.T.);
#9525 = EDGE_LOOP('',(#9526,#9550,#9551,#9597));
#9526 = ORIENTED_EDGE('',*,*,#9527,.T.);
#9527 = EDGE_CURVE('',#9528,#8816,#9530,.T.);
#9528 = VERTEX_POINT('',#9529);
#9529 = CARTESIAN_POINT('',(27.425215219335,-9.499509573087,-13.));
#9530 = SURFACE_CURVE('',#9531,(#9536,#9543),.PCURVE_S1.);
#9531 = CIRCLE('',#9532,0.25);
#9532 = AXIS2_PLACEMENT_3D('',#9533,#9534,#9535);
#9533 = CARTESIAN_POINT('',(27.675158823625,-9.494199707329,-13.));
#9534 = DIRECTION('',(2.198264433489E-15,-3.24232415865E-16,1.));
#9535 = DIRECTION('',(-0.965730490124,0.259546952295,2.207084524148E-15)
  );
#9536 = PCURVE('',#8900,#9537);
#9537 = DEFINITIONAL_REPRESENTATION('',(#9538),#9542);
#9538 = LINE('',#9539,#9540);
#9539 = CARTESIAN_POINT('',(1.570796326795,6.39939535508E-16));
#9540 = VECTOR('',#9541,1.);
#9541 = DIRECTION('',(1.,-6.901141331098E-16));
#9542 = ( GEOMETRIC_REPRESENTATION_CONTEXT(2) 
PARAMETRIC_REPRESENTATION_CONTEXT() REPRESENTATION_CONTEXT('2D SPACE',''
  ) );
#9543 = PCURVE('',#8933,#9544);
#9544 = DEFINITIONAL_REPRESENTATION('',(#9545),#9549);
#9545 = LINE('',#9546,#9547);
#9546 = CARTESIAN_POINT('',(6.28318530718,1.570796326795));
#9547 = VECTOR('',#9548,1.);
#9548 = DIRECTION('',(0.,-1.));
#9549 = ( GEOMETRIC_REPRESENTATION_CONTEXT(2) 
PARAMETRIC_REPRESENTATION_CONTEXT() REPRESENTATION_CONTEXT('2D SPACE',''
  ) );
#9550 = ORIENTED_EDGE('',*,*,#8886,.T.);
#9551 = ORIENTED_EDGE('',*,*,#9552,.F.);
#9552 = EDGE_CURVE('',#9553,#8841,#9555,.T.);
#9553 = VERTEX_POINT('',#9554);
#9554 = CARTESIAN_POINT('',(27.425215219335,-9.499509573087,-5.));
#9555 = SURFACE_CURVE('',#9556,(#9561,#9568),.PCURVE_S1.);
#9556 = CIRCLE('',#9557,0.25);
#9557 = AXIS2_PLACEMENT_3D('',#9558,#9559,#9560);
#9558 = CARTESIAN_POINT('',(27.675158823625,-9.494199707329,-5.));
#9559 = DIRECTION('',(2.198264433489E-15,-3.24232415865E-16,1.));
#9560 = DIRECTION('',(-0.965730490124,0.259546952295,2.207084524148E-15)
  );
#9561 = PCURVE('',#8900,#9562);
#9562 = DEFINITIONAL_REPRESENTATION('',(#9563),#9567);
#9563 = LINE('',#9564,#9565);
#9564 = CARTESIAN_POINT('',(1.570796326795,8.));
#9565 = VECTOR('',#9566,1.);
#9566 = DIRECTION('',(1.,-3.450570665549E-16));
#9567 = ( GEOMETRIC_REPRESENTATION_CONTEXT(2) 
PARAMETRIC_REPRESENTATION_CONTEXT() REPRESENTATION_CONTEXT('2D SPACE',''
  ) );
#9568 = PCURVE('',#9075,#9569);
#9569 = DEFINITIONAL_REPRESENTATION('',(#9570),#9596);
#9570 = B_SPLINE_CURVE_WITH_KNOTS('',3,(#9571,#9572,#9573,#9574,#9575,
    #9576,#9577,#9578,#9579,#9580,#9581,#9582,#9583,#9584,#9585,#9586,
    #9587,#9588,#9589,#9590,#9591,#9592,#9593,#9594,#9595),
  .UNSPECIFIED.,.F.,.F.,(4,1,1,1,1,1,1,1,1,1,1,1,1,1,1,1,1,1,1,1,1,1,4),
  (0.283794109208,0.400794310807,0.517794512406,0.634794714005,
    0.751794915603,0.868795117202,0.985795318801,1.1027955204,
    1.219795721999,1.336795923597,1.453796125196,1.570796326795,
    1.687796528394,1.804796729992,1.921796931591,2.03879713319,
    2.155797334789,2.272797536388,2.389797737986,2.506797939585,
    2.623798141184,2.740798342783,2.857798544381),
  .QUASI_UNIFORM_KNOTS.);
#9571 = CARTESIAN_POINT('',(0.,1.287002217587));
#9572 = CARTESIAN_POINT('',(6.908793907228E-16,1.248002150387));
#9573 = CARTESIAN_POINT('',(1.349974607569E-15,1.170002015988));
#9574 = CARTESIAN_POINT('',(9.206760368237E-16,1.053001814389));
#9575 = CARTESIAN_POINT('',(1.43667138679E-15,0.93600161279));
#9576 = CARTESIAN_POINT('',(-3.849550921034E-16,0.819001411191));
#9577 = CARTESIAN_POINT('',(1.031489816235E-16,0.702001209593));
#9578 = CARTESIAN_POINT('',(-2.764083439076E-17,0.585001007994));
#9579 = CARTESIAN_POINT('',(7.414355939512E-18,0.468000806395));
#9580 = CARTESIAN_POINT('',(-2.016589367284E-18,0.351000604796));
#9581 = CARTESIAN_POINT('',(6.520015296259E-19,0.234000403198));
#9582 = CARTESIAN_POINT('',(-5.914167512193E-19,0.117000201599));
#9583 = CARTESIAN_POINT('',(1.713665475251E-18,6.035193724161E-15));
#9584 = CARTESIAN_POINT('',(-6.263245149786E-18,-0.117000201599));
#9585 = CARTESIAN_POINT('',(2.333931512389E-17,-0.234000403198));
#9586 = CARTESIAN_POINT('',(-8.709401534578E-17,-0.351000604796));
#9587 = CARTESIAN_POINT('',(3.250367462592E-16,-0.468000806395));
#9588 = CARTESIAN_POINT('',(-1.213052969691E-15,-0.585001007994));
#9589 = CARTESIAN_POINT('',(-8.018953856954E-16,-0.702001209593));
#9590 = CARTESIAN_POINT('',(-9.084360057282E-16,-0.819001411191));
#9591 = CARTESIAN_POINT('',(-8.934311095928E-16,-0.93600161279));
#9592 = CARTESIAN_POINT('',(-8.469100741015E-16,-1.053001814389));
#9593 = CARTESIAN_POINT('',(-1.047999112202E-15,-1.170002015988));
#9594 = CARTESIAN_POINT('',(-5.427757009279E-16,-1.248002150387));
#9595 = CARTESIAN_POINT('',(0.,-1.287002217587));
#9596 = ( GEOMETRIC_REPRESENTATION_CONTEXT(2) 
PARAMETRIC_REPRESENTATION_CONTEXT() REPRESENTATION_CONTEXT('2D SPACE',''
  ) );
#9597 = ORIENTED_EDGE('',*,*,#9598,.F.);
#9598 = EDGE_CURVE('',#9528,#9553,#9599,.T.);
#9599 = SURFACE_CURVE('',#9600,(#9604,#9611),.PCURVE_S1.);
#9600 = LINE('',#9601,#9602);
#9601 = CARTESIAN_POINT('',(27.425215219335,-9.499509573087,-9.));
#9602 = VECTOR('',#9603,1.);
#9603 = DIRECTION('',(-1.28931872002E-18,1.153367983869E-17,1.));
#9604 = PCURVE('',#8900,#9605);
#9605 = DEFINITIONAL_REPRESENTATION('',(#9606),#9610);
#9606 = LINE('',#9607,#9608);
#9607 = CARTESIAN_POINT('',(1.854590436003,4.));
#9608 = VECTOR('',#9609,1.);
#9609 = DIRECTION('',(0.,1.));
#9610 = ( GEOMETRIC_REPRESENTATION_CONTEXT(2) 
PARAMETRIC_REPRESENTATION_CONTEXT() REPRESENTATION_CONTEXT('2D SPACE',''
  ) );
#9611 = PCURVE('',#9612,#9617);
#9612 = CYLINDRICAL_SURFACE('',#9613,0.25);
#9613 = AXIS2_PLACEMENT_3D('',#9614,#9615,#9616);
#9614 = CARTESIAN_POINT('',(27.211608188366,-9.369617170227,-13.));
#9615 = DIRECTION('',(-1.28931872002E-18,1.153367983869E-17,1.));
#9616 = DIRECTION('',(0.259546952295,0.965730490124,-1.080378753923E-17)
  );
#9617 = DEFINITIONAL_REPRESENTATION('',(#9618),#9622);
#9618 = LINE('',#9619,#9620);
#9619 = CARTESIAN_POINT('',(4.428594871176,4.));
#9620 = VECTOR('',#9621,1.);
#9621 = DIRECTION('',(0.,1.));
#9622 = ( GEOMETRIC_REPRESENTATION_CONTEXT(2) 
PARAMETRIC_REPRESENTATION_CONTEXT() REPRESENTATION_CONTEXT('2D SPACE',''
  ) );
#9623 = ADVANCED_FACE('',(#9624),#8933,.T.);
#9624 = FACE_BOUND('',#9625,.T.);
#9625 = EDGE_LOOP('',(#9626,#9627,#9628,#9629));
#9626 = ORIENTED_EDGE('',*,*,#9122,.T.);
#9627 = ORIENTED_EDGE('',*,*,#8918,.T.);
#9628 = ORIENTED_EDGE('',*,*,#9527,.F.);
#9629 = ORIENTED_EDGE('',*,*,#9630,.F.);
#9630 = EDGE_CURVE('',#9123,#9528,#9631,.T.);
#9631 = SURFACE_CURVE('',#9632,(#9637,#9644),.PCURVE_S1.);
#9632 = CIRCLE('',#9633,0.77);
#9633 = AXIS2_PLACEMENT_3D('',#9634,#9635,#9636);
#9634 = CARTESIAN_POINT('',(27.625066372602,-8.755897095691,-13.));
#9635 = DIRECTION('',(-0.965730490124,0.259546952295,-4.238665850285E-18
    ));
#9636 = DIRECTION('',(-0.259546952295,-0.965730490124,1.192240047878E-16
    ));
#9637 = PCURVE('',#8933,#9638);
#9638 = DEFINITIONAL_REPRESENTATION('',(#9639),#9643);
#9639 = LINE('',#9640,#9641);
#9640 = CARTESIAN_POINT('',(0.,1.287002217587));
#9641 = VECTOR('',#9642,1.);
#9642 = DIRECTION('',(1.,-4.806171518656E-15));
#9643 = ( GEOMETRIC_REPRESENTATION_CONTEXT(2) 
PARAMETRIC_REPRESENTATION_CONTEXT() REPRESENTATION_CONTEXT('2D SPACE',''
  ) );
#9644 = PCURVE('',#9645,#9650);
#9645 = TOROIDAL_SURFACE('',#9646,0.7,0.25);
#9646 = AXIS2_PLACEMENT_3D('',#9647,#9648,#9649);
#9647 = CARTESIAN_POINT('',(27.393291054972,-8.693605827141,-13.));
#9648 = DIRECTION('',(-0.965730490124,0.259546952295,-4.238665850285E-18
    ));
#9649 = DIRECTION('',(-0.259546952295,-0.965730490124,1.192240047878E-16
    ));
#9650 = DEFINITIONAL_REPRESENTATION('',(#9651),#9655);
#9651 = LINE('',#9652,#9653);
#9652 = CARTESIAN_POINT('',(0.,4.996183089593));
#9653 = VECTOR('',#9654,1.);
#9654 = DIRECTION('',(1.,-5.654319433713E-16));
#9655 = ( GEOMETRIC_REPRESENTATION_CONTEXT(2) 
PARAMETRIC_REPRESENTATION_CONTEXT() REPRESENTATION_CONTEXT('2D SPACE',''
  ) );
#9656 = ADVANCED_FACE('',(#9657),#2449,.T.);
#9657 = FACE_BOUND('',#9658,.T.);
#9658 = EDGE_LOOP('',(#9659,#9660,#9661,#9662,#9663,#9684));
#9659 = ORIENTED_EDGE('',*,*,#2425,.F.);
#9660 = ORIENTED_EDGE('',*,*,#8952,.T.);
#9661 = ORIENTED_EDGE('',*,*,#2708,.T.);
#9662 = ORIENTED_EDGE('',*,*,#9199,.T.);
#9663 = ORIENTED_EDGE('',*,*,#9664,.F.);
#9664 = EDGE_CURVE('',#1948,#2231,#9665,.T.);
#9665 = SURFACE_CURVE('',#9666,(#9670,#9677),.PCURVE_S1.);
#9666 = LINE('',#9667,#9668);
#9667 = CARTESIAN_POINT('',(27.958800930536,-7.514127021511,-13.63));
#9668 = VECTOR('',#9669,1.);
#9669 = DIRECTION('',(0.259546952295,0.965730490124,-1.192240047878E-16)
  );
#9670 = PCURVE('',#2449,#9671);
#9671 = DEFINITIONAL_REPRESENTATION('',(#9672),#9676);
#9672 = LINE('',#9673,#9674);
#9673 = CARTESIAN_POINT('',(2.857798544381,1.285835009746));
#9674 = VECTOR('',#9675,1.);
#9675 = DIRECTION('',(0.,-1.));
#9676 = ( GEOMETRIC_REPRESENTATION_CONTEXT(2) 
PARAMETRIC_REPRESENTATION_CONTEXT() REPRESENTATION_CONTEXT('2D SPACE',''
  ) );
#9677 = PCURVE('',#1971,#9678);
#9678 = DEFINITIONAL_REPRESENTATION('',(#9679),#9683);
#9679 = LINE('',#9680,#9681);
#9680 = CARTESIAN_POINT('',(0.283794109208,1.285835009746));
#9681 = VECTOR('',#9682,1.);
#9682 = DIRECTION('',(0.,-1.));
#9683 = ( GEOMETRIC_REPRESENTATION_CONTEXT(2) 
PARAMETRIC_REPRESENTATION_CONTEXT() REPRESENTATION_CONTEXT('2D SPACE',''
  ) );
#9684 = ORIENTED_EDGE('',*,*,#9430,.F.);
#9685 = ADVANCED_FACE('',(#9686),#8995,.T.);
#9686 = FACE_BOUND('',#9687,.T.);
#9687 = EDGE_LOOP('',(#9688,#9689,#9690,#9691));
#9688 = ORIENTED_EDGE('',*,*,#9249,.T.);
#9689 = ORIENTED_EDGE('',*,*,#8980,.T.);
#9690 = ORIENTED_EDGE('',*,*,#9097,.F.);
#9691 = ORIENTED_EDGE('',*,*,#9692,.F.);
#9692 = EDGE_CURVE('',#9250,#9098,#9693,.T.);
#9693 = SURFACE_CURVE('',#9694,(#9699,#9706),.PCURVE_S1.);
#9694 = CIRCLE('',#9695,0.77);
#9695 = AXIS2_PLACEMENT_3D('',#9696,#9697,#9698);
#9696 = CARTESIAN_POINT('',(28.292535488469,-6.27235694733,-13.));
#9697 = DIRECTION('',(-0.965730490124,0.259546952295,-4.238665850285E-18
    ));
#9698 = DIRECTION('',(-0.259546952295,-0.965730490124,1.192240047878E-16
    ));
#9699 = PCURVE('',#8995,#9700);
#9700 = DEFINITIONAL_REPRESENTATION('',(#9701),#9705);
#9701 = LINE('',#9702,#9703);
#9702 = CARTESIAN_POINT('',(0.,1.287002217587));
#9703 = VECTOR('',#9704,1.);
#9704 = DIRECTION('',(1.,1.130863886743E-14));
#9705 = ( GEOMETRIC_REPRESENTATION_CONTEXT(2) 
PARAMETRIC_REPRESENTATION_CONTEXT() REPRESENTATION_CONTEXT('2D SPACE',''
  ) );
#9706 = PCURVE('',#9707,#9712);
#9707 = TOROIDAL_SURFACE('',#9708,0.7,0.25);
#9708 = AXIS2_PLACEMENT_3D('',#9709,#9710,#9711);
#9709 = CARTESIAN_POINT('',(28.060760170839,-6.210065678779,-13.));
#9710 = DIRECTION('',(-0.965730490124,0.259546952295,-4.238665850285E-18
    ));
#9711 = DIRECTION('',(-0.259546952295,-0.965730490124,1.192240047878E-16
    ));
#9712 = DEFINITIONAL_REPRESENTATION('',(#9713),#9717);
#9713 = LINE('',#9714,#9715);
#9714 = CARTESIAN_POINT('',(0.,4.996183089593));
#9715 = VECTOR('',#9716,1.);
#9716 = DIRECTION('',(1.,-3.958023603599E-15));
#9717 = ( GEOMETRIC_REPRESENTATION_CONTEXT(2) 
PARAMETRIC_REPRESENTATION_CONTEXT() REPRESENTATION_CONTEXT('2D SPACE',''
  ) );
#9718 = ADVANCED_FACE('',(#9719),#5763,.T.);
#9719 = FACE_BOUND('',#9720,.T.);
#9720 = EDGE_LOOP('',(#9721,#9722,#9723,#9724));
#9721 = ORIENTED_EDGE('',*,*,#5883,.F.);
#9722 = ORIENTED_EDGE('',*,*,#9326,.T.);
#9723 = ORIENTED_EDGE('',*,*,#5749,.F.);
#9724 = ORIENTED_EDGE('',*,*,#9176,.F.);
#9725 = ADVANCED_FACE('',(#9726),#9035,.T.);
#9726 = FACE_BOUND('',#9727,.T.);
#9727 = EDGE_LOOP('',(#9728,#9729,#9730,#9731));
#9728 = ORIENTED_EDGE('',*,*,#9376,.T.);
#9729 = ORIENTED_EDGE('',*,*,#9020,.T.);
#9730 = ORIENTED_EDGE('',*,*,#9224,.F.);
#9731 = ORIENTED_EDGE('',*,*,#9732,.F.);
#9732 = EDGE_CURVE('',#9377,#9225,#9733,.T.);
#9733 = SURFACE_CURVE('',#9734,(#9739,#9746),.PCURVE_S1.);
#9734 = CIRCLE('',#9735,0.77);
#9735 = AXIS2_PLACEMENT_3D('',#9736,#9737,#9738);
#9736 = CARTESIAN_POINT('',(28.292535488469,-6.27235694733,-5.));
#9737 = DIRECTION('',(-0.965730490124,0.259546952295,-4.238665850285E-18
    ));
#9738 = DIRECTION('',(-0.259546952295,-0.965730490124,1.192240047878E-16
    ));
#9739 = PCURVE('',#9035,#9740);
#9740 = DEFINITIONAL_REPRESENTATION('',(#9741),#9745);
#9741 = LINE('',#9742,#9743);
#9742 = CARTESIAN_POINT('',(2.442490654175E-15,1.287002217587));
#9743 = VECTOR('',#9744,1.);
#9744 = DIRECTION('',(1.,-1.130863886743E-14));
#9745 = ( GEOMETRIC_REPRESENTATION_CONTEXT(2) 
PARAMETRIC_REPRESENTATION_CONTEXT() REPRESENTATION_CONTEXT('2D SPACE',''
  ) );
#9746 = PCURVE('',#9747,#9752);
#9747 = TOROIDAL_SURFACE('',#9748,0.7,0.25);
#9748 = AXIS2_PLACEMENT_3D('',#9749,#9750,#9751);
#9749 = CARTESIAN_POINT('',(28.060760170839,-6.210065678779,-5.));
#9750 = DIRECTION('',(-0.965730490124,0.259546952295,-4.238665850285E-18
    ));
#9751 = DIRECTION('',(-0.259546952295,-0.965730490124,1.192240047878E-16
    ));
#9752 = DEFINITIONAL_REPRESENTATION('',(#9753),#9757);
#9753 = LINE('',#9754,#9755);
#9754 = CARTESIAN_POINT('',(1.110223024625E-15,4.996183089593));
#9755 = VECTOR('',#9756,1.);
#9756 = DIRECTION('',(1.,3.958023603599E-15));
#9757 = ( GEOMETRIC_REPRESENTATION_CONTEXT(2) 
PARAMETRIC_REPRESENTATION_CONTEXT() REPRESENTATION_CONTEXT('2D SPACE',''
  ) );
#9758 = ADVANCED_FACE('',(#9759),#5711,.T.);
#9759 = FACE_BOUND('',#9760,.T.);
#9760 = EDGE_LOOP('',(#9761,#9762,#9763,#9764));
#9761 = ORIENTED_EDGE('',*,*,#5831,.F.);
#9762 = ORIENTED_EDGE('',*,*,#9502,.T.);
#9763 = ORIENTED_EDGE('',*,*,#5697,.F.);
#9764 = ORIENTED_EDGE('',*,*,#9303,.F.);
#9765 = ADVANCED_FACE('',(#9766),#9075,.T.);
#9766 = FACE_BOUND('',#9767,.T.);
#9767 = EDGE_LOOP('',(#9768,#9769,#9770,#9771));
#9768 = ORIENTED_EDGE('',*,*,#9552,.T.);
#9769 = ORIENTED_EDGE('',*,*,#9060,.T.);
#9770 = ORIENTED_EDGE('',*,*,#9351,.F.);
#9771 = ORIENTED_EDGE('',*,*,#9772,.F.);
#9772 = EDGE_CURVE('',#9553,#9352,#9773,.T.);
#9773 = SURFACE_CURVE('',#9774,(#9779,#9786),.PCURVE_S1.);
#9774 = CIRCLE('',#9775,0.77);
#9775 = AXIS2_PLACEMENT_3D('',#9776,#9777,#9778);
#9776 = CARTESIAN_POINT('',(27.625066372602,-8.755897095691,-5.));
#9777 = DIRECTION('',(-0.965730490124,0.259546952295,-4.238665850285E-18
    ));
#9778 = DIRECTION('',(-0.259546952295,-0.965730490124,1.192240047878E-16
    ));
#9779 = PCURVE('',#9075,#9780);
#9780 = DEFINITIONAL_REPRESENTATION('',(#9781),#9785);
#9781 = LINE('',#9782,#9783);
#9782 = CARTESIAN_POINT('',(0.,1.287002217587));
#9783 = VECTOR('',#9784,1.);
#9784 = DIRECTION('',(1.,4.806171518656E-15));
#9785 = ( GEOMETRIC_REPRESENTATION_CONTEXT(2) 
PARAMETRIC_REPRESENTATION_CONTEXT() REPRESENTATION_CONTEXT('2D SPACE',''
  ) );
#9786 = PCURVE('',#9787,#9792);
#9787 = TOROIDAL_SURFACE('',#9788,0.7,0.25);
#9788 = AXIS2_PLACEMENT_3D('',#9789,#9790,#9791);
#9789 = CARTESIAN_POINT('',(27.393291054972,-8.693605827141,-5.));
#9790 = DIRECTION('',(-0.965730490124,0.259546952295,-4.238665850285E-18
    ));
#9791 = DIRECTION('',(-0.259546952295,-0.965730490124,1.192240047878E-16
    ));
#9792 = DEFINITIONAL_REPRESENTATION('',(#9793),#9797);
#9793 = LINE('',#9794,#9795);
#9794 = CARTESIAN_POINT('',(0.,4.996183089593));
#9795 = VECTOR('',#9796,1.);
#9796 = DIRECTION('',(1.,5.654319433713E-16));
#9797 = ( GEOMETRIC_REPRESENTATION_CONTEXT(2) 
PARAMETRIC_REPRESENTATION_CONTEXT() REPRESENTATION_CONTEXT('2D SPACE',''
  ) );
#9798 = ADVANCED_FACE('',(#9799),#5637,.T.);
#9799 = FACE_BOUND('',#9800,.T.);
#9800 = EDGE_LOOP('',(#9801,#9802,#9803,#9804));
#9801 = ORIENTED_EDGE('',*,*,#5779,.F.);
#9802 = ORIENTED_EDGE('',*,*,#9453,.T.);
#9803 = ORIENTED_EDGE('',*,*,#5623,.F.);
#9804 = ORIENTED_EDGE('',*,*,#9479,.F.);
#9805 = ADVANCED_FACE('',(#9806),#9160,.T.);
#9806 = FACE_BOUND('',#9807,.T.);
#9807 = EDGE_LOOP('',(#9808,#9832,#9833,#9857));
#9808 = ORIENTED_EDGE('',*,*,#9809,.T.);
#9809 = EDGE_CURVE('',#9810,#9098,#9812,.T.);
#9810 = VERTEX_POINT('',#9811);
#9811 = CARTESIAN_POINT('',(27.82898485321,-6.147774410229,-13.77));
#9812 = SURFACE_CURVE('',#9813,(#9818,#9825),.PCURVE_S1.);
#9813 = CIRCLE('',#9814,0.25);
#9814 = AXIS2_PLACEMENT_3D('',#9815,#9816,#9817);
#9815 = CARTESIAN_POINT('',(28.060760170839,-6.210065678779,-13.7));
#9816 = DIRECTION('',(-0.259546952295,-0.965730490124,5.607987212962E-17
    ));
#9817 = DIRECTION('',(-0.965730490124,0.259546952295,-4.238665850285E-18
    ));
#9818 = PCURVE('',#9160,#9819);
#9819 = DEFINITIONAL_REPRESENTATION('',(#9820),#9824);
#9820 = LINE('',#9821,#9822);
#9821 = CARTESIAN_POINT('',(3.14159265359,-8.881784197001E-16));
#9822 = VECTOR('',#9823,1.);
#9823 = DIRECTION('',(1.,0.));
#9824 = ( GEOMETRIC_REPRESENTATION_CONTEXT(2) 
PARAMETRIC_REPRESENTATION_CONTEXT() REPRESENTATION_CONTEXT('2D SPACE',''
  ) );
#9825 = PCURVE('',#9707,#9826);
#9826 = DEFINITIONAL_REPRESENTATION('',(#9827),#9831);
#9827 = LINE('',#9828,#9829);
#9828 = CARTESIAN_POINT('',(4.712388980385,7.853981633974));
#9829 = VECTOR('',#9830,1.);
#9830 = DIRECTION('',(0.,-1.));
#9831 = ( GEOMETRIC_REPRESENTATION_CONTEXT(2) 
PARAMETRIC_REPRESENTATION_CONTEXT() REPRESENTATION_CONTEXT('2D SPACE',''
  ) );
#9832 = ORIENTED_EDGE('',*,*,#9146,.T.);
#9833 = ORIENTED_EDGE('',*,*,#9834,.F.);
#9834 = EDGE_CURVE('',#9835,#9123,#9837,.T.);
#9835 = VERTEX_POINT('',#9836);
#9836 = CARTESIAN_POINT('',(27.161515737343,-8.63131455859,-13.77));
#9837 = SURFACE_CURVE('',#9838,(#9843,#9850),.PCURVE_S1.);
#9838 = CIRCLE('',#9839,0.25);
#9839 = AXIS2_PLACEMENT_3D('',#9840,#9841,#9842);
#9840 = CARTESIAN_POINT('',(27.393291054972,-8.693605827141,-13.7));
#9841 = DIRECTION('',(-0.259546952295,-0.965730490124,3.658519214112E-16
    ));
#9842 = DIRECTION('',(-0.965730490124,0.259546952295,-4.238665850284E-18
    ));
#9843 = PCURVE('',#9160,#9844);
#9844 = DEFINITIONAL_REPRESENTATION('',(#9845),#9849);
#9845 = LINE('',#9846,#9847);
#9846 = CARTESIAN_POINT('',(3.14159265359,2.571670019493));
#9847 = VECTOR('',#9848,1.);
#9848 = DIRECTION('',(1.,0.));
#9849 = ( GEOMETRIC_REPRESENTATION_CONTEXT(2) 
PARAMETRIC_REPRESENTATION_CONTEXT() REPRESENTATION_CONTEXT('2D SPACE',''
  ) );
#9850 = PCURVE('',#9645,#9851);
#9851 = DEFINITIONAL_REPRESENTATION('',(#9852),#9856);
#9852 = LINE('',#9853,#9854);
#9853 = CARTESIAN_POINT('',(4.712388980385,7.853981633974));
#9854 = VECTOR('',#9855,1.);
#9855 = DIRECTION('',(0.,-1.));
#9856 = ( GEOMETRIC_REPRESENTATION_CONTEXT(2) 
PARAMETRIC_REPRESENTATION_CONTEXT() REPRESENTATION_CONTEXT('2D SPACE',''
  ) );
#9857 = ORIENTED_EDGE('',*,*,#9858,.F.);
#9858 = EDGE_CURVE('',#9810,#9835,#9859,.T.);
#9859 = SURFACE_CURVE('',#9860,(#9864,#9871),.PCURVE_S1.);
#9860 = LINE('',#9861,#9862);
#9861 = CARTESIAN_POINT('',(27.495250295276,-7.389544484409,-13.77));
#9862 = VECTOR('',#9863,1.);
#9863 = DIRECTION('',(-0.259546952295,-0.965730490124,1.192240047878E-16
    ));
#9864 = PCURVE('',#9160,#9865);
#9865 = DEFINITIONAL_REPRESENTATION('',(#9866),#9870);
#9866 = LINE('',#9867,#9868);
#9867 = CARTESIAN_POINT('',(3.425386762798,1.285835009746));
#9868 = VECTOR('',#9869,1.);
#9869 = DIRECTION('',(0.,1.));
#9870 = ( GEOMETRIC_REPRESENTATION_CONTEXT(2) 
PARAMETRIC_REPRESENTATION_CONTEXT() REPRESENTATION_CONTEXT('2D SPACE',''
  ) );
#9871 = PCURVE('',#9872,#9877);
#9872 = CYLINDRICAL_SURFACE('',#9873,0.25);
#9873 = AXIS2_PLACEMENT_3D('',#9874,#9875,#9876);
#9874 = CARTESIAN_POINT('',(27.59720953558,-6.085483141678,-13.7));
#9875 = DIRECTION('',(-0.259546952295,-0.965730490124,1.192240047878E-16
    ));
#9876 = DIRECTION('',(0.965730490124,-0.259546952295,4.238665850285E-18)
  );
#9877 = DEFINITIONAL_REPRESENTATION('',(#9878),#9882);
#9878 = LINE('',#9879,#9880);
#9879 = CARTESIAN_POINT('',(5.999391197971,1.285835009746));
#9880 = VECTOR('',#9881,1.);
#9881 = DIRECTION('',(0.,1.));
#9882 = ( GEOMETRIC_REPRESENTATION_CONTEXT(2) 
PARAMETRIC_REPRESENTATION_CONTEXT() REPRESENTATION_CONTEXT('2D SPACE',''
  ) );
#9883 = ADVANCED_FACE('',(#9884),#1791,.T.);
#9884 = FACE_BOUND('',#9885,.T.);
#9885 = EDGE_LOOP('',(#9886,#9887,#9909,#9910));
#9886 = ORIENTED_EDGE('',*,*,#2206,.F.);
#9887 = ORIENTED_EDGE('',*,*,#9888,.T.);
#9888 = EDGE_CURVE('',#2178,#1698,#9889,.T.);
#9889 = SURFACE_CURVE('',#9890,(#9895,#9902),.PCURVE_S1.);
#9890 = CIRCLE('',#9891,0.25);
#9891 = AXIS2_PLACEMENT_3D('',#9892,#9893,#9894);
#9892 = CARTESIAN_POINT('',(28.242443037446,-5.534054335693,-13.));
#9893 = DIRECTION('',(2.058749954231E-15,-8.760043279116E-16,-1.));
#9894 = DIRECTION('',(-0.965730490124,0.259546952295,-2.215561855848E-15
    ));
#9895 = PCURVE('',#1791,#9896);
#9896 = DEFINITIONAL_REPRESENTATION('',(#9897),#9901);
#9897 = LINE('',#9898,#9899);
#9898 = CARTESIAN_POINT('',(3.14159265359,7.853981633975));
#9899 = VECTOR('',#9900,1.);
#9900 = DIRECTION('',(1.38022826622E-15,-1.));
#9901 = ( GEOMETRIC_REPRESENTATION_CONTEXT(2) 
PARAMETRIC_REPRESENTATION_CONTEXT() REPRESENTATION_CONTEXT('2D SPACE',''
  ) );
#9902 = PCURVE('',#5585,#9903);
#9903 = DEFINITIONAL_REPRESENTATION('',(#9904),#9908);
#9904 = LINE('',#9905,#9906);
#9905 = CARTESIAN_POINT('',(-4.712388980385,8.));
#9906 = VECTOR('',#9907,1.);
#9907 = DIRECTION('',(1.,1.38022826622E-15));
#9908 = ( GEOMETRIC_REPRESENTATION_CONTEXT(2) 
PARAMETRIC_REPRESENTATION_CONTEXT() REPRESENTATION_CONTEXT('2D SPACE',''
  ) );
#9909 = ORIENTED_EDGE('',*,*,#1776,.F.);
#9910 = ORIENTED_EDGE('',*,*,#9911,.F.);
#9911 = EDGE_CURVE('',#2207,#1753,#9912,.T.);
#9912 = SURFACE_CURVE('',#9913,(#9918,#9925),.PCURVE_S1.);
#9913 = CIRCLE('',#9914,0.25);
#9914 = AXIS2_PLACEMENT_3D('',#9915,#9916,#9917);
#9915 = CARTESIAN_POINT('',(28.060760170839,-6.210065678779,-13.7));
#9916 = DIRECTION('',(-0.259546952295,-0.965730490124,5.607987212962E-17
    ));
#9917 = DIRECTION('',(-0.965730490124,0.259546952295,-4.238665850285E-18
    ));
#9918 = PCURVE('',#1791,#9919);
#9919 = DEFINITIONAL_REPRESENTATION('',(#9920),#9924);
#9920 = LINE('',#9921,#9922);
#9921 = CARTESIAN_POINT('',(4.712388980385,7.853981633974));
#9922 = VECTOR('',#9923,1.);
#9923 = DIRECTION('',(-1.38022826622E-15,-1.));
#9924 = ( GEOMETRIC_REPRESENTATION_CONTEXT(2) 
PARAMETRIC_REPRESENTATION_CONTEXT() REPRESENTATION_CONTEXT('2D SPACE',''
  ) );
#9925 = PCURVE('',#1971,#9926);
#9926 = DEFINITIONAL_REPRESENTATION('',(#9927),#9931);
#9927 = LINE('',#9928,#9929);
#9928 = CARTESIAN_POINT('',(-3.14159265359,3.252086236074E-15));
#9929 = VECTOR('',#9930,1.);
#9930 = DIRECTION('',(1.,-6.901141331098E-16));
#9931 = ( GEOMETRIC_REPRESENTATION_CONTEXT(2) 
PARAMETRIC_REPRESENTATION_CONTEXT() REPRESENTATION_CONTEXT('2D SPACE',''
  ) );
#9932 = ADVANCED_FACE('',(#9933),#9287,.T.);
#9933 = FACE_BOUND('',#9934,.T.);
#9934 = EDGE_LOOP('',(#9935,#9959,#9960,#9984));
#9935 = ORIENTED_EDGE('',*,*,#9936,.T.);
#9936 = EDGE_CURVE('',#9937,#9225,#9939,.T.);
#9937 = VERTEX_POINT('',#9938);
#9938 = CARTESIAN_POINT('',(28.028836006477,-5.404161932833,-5.));
#9939 = SURFACE_CURVE('',#9940,(#9945,#9952),.PCURVE_S1.);
#9940 = CIRCLE('',#9941,0.25);
#9941 = AXIS2_PLACEMENT_3D('',#9942,#9943,#9944);
#9942 = CARTESIAN_POINT('',(28.242443037446,-5.534054335693,-5.));
#9943 = DIRECTION('',(2.044679885754E-15,-9.283566826829E-16,-1.));
#9944 = DIRECTION('',(-0.965730490124,0.259546952295,-2.215561855848E-15
    ));
#9945 = PCURVE('',#9287,#9946);
#9946 = DEFINITIONAL_REPRESENTATION('',(#9947),#9951);
#9947 = LINE('',#9948,#9949);
#9948 = CARTESIAN_POINT('',(1.570796326795,4.896258141449E-17));
#9949 = VECTOR('',#9950,1.);
#9950 = DIRECTION('',(1.,-1.725285332774E-16));
#9951 = ( GEOMETRIC_REPRESENTATION_CONTEXT(2) 
PARAMETRIC_REPRESENTATION_CONTEXT() REPRESENTATION_CONTEXT('2D SPACE',''
  ) );
#9952 = PCURVE('',#9747,#9953);
#9953 = DEFINITIONAL_REPRESENTATION('',(#9954),#9958);
#9954 = LINE('',#9955,#9956);
#9955 = CARTESIAN_POINT('',(3.14159265359,7.853981633974));
#9956 = VECTOR('',#9957,1.);
#9957 = DIRECTION('',(-5.175855998323E-16,-1.));
#9958 = ( GEOMETRIC_REPRESENTATION_CONTEXT(2) 
PARAMETRIC_REPRESENTATION_CONTEXT() REPRESENTATION_CONTEXT('2D SPACE',''
  ) );
#9959 = ORIENTED_EDGE('',*,*,#9273,.T.);
#9960 = ORIENTED_EDGE('',*,*,#9961,.F.);
#9961 = EDGE_CURVE('',#9962,#9250,#9964,.T.);
#9962 = VERTEX_POINT('',#9963);
#9963 = CARTESIAN_POINT('',(28.028836006477,-5.404161932833,-13.));
#9964 = SURFACE_CURVE('',#9965,(#9970,#9977),.PCURVE_S1.);
#9965 = CIRCLE('',#9966,0.25);
#9966 = AXIS2_PLACEMENT_3D('',#9967,#9968,#9969);
#9967 = CARTESIAN_POINT('',(28.242443037446,-5.534054335693,-13.));
#9968 = DIRECTION('',(2.058749954231E-15,-8.760043279116E-16,-1.));
#9969 = DIRECTION('',(-0.965730490124,0.259546952295,-2.215561855848E-15
    ));
#9970 = PCURVE('',#9287,#9971);
#9971 = DEFINITIONAL_REPRESENTATION('',(#9972),#9976);
#9972 = LINE('',#9973,#9974);
#9973 = CARTESIAN_POINT('',(1.570796326795,8.));
#9974 = VECTOR('',#9975,1.);
#9975 = DIRECTION('',(1.,-1.035171199665E-15));
#9976 = ( GEOMETRIC_REPRESENTATION_CONTEXT(2) 
PARAMETRIC_REPRESENTATION_CONTEXT() REPRESENTATION_CONTEXT('2D SPACE',''
  ) );
#9977 = PCURVE('',#9707,#9978);
#9978 = DEFINITIONAL_REPRESENTATION('',(#9979),#9983);
#9979 = LINE('',#9980,#9981);
#9980 = CARTESIAN_POINT('',(3.14159265359,7.853981633974));
#9981 = VECTOR('',#9982,1.);
#9982 = DIRECTION('',(-6.901141331098E-16,-1.));
#9983 = ( GEOMETRIC_REPRESENTATION_CONTEXT(2) 
PARAMETRIC_REPRESENTATION_CONTEXT() REPRESENTATION_CONTEXT('2D SPACE',''
  ) );
#9984 = ORIENTED_EDGE('',*,*,#9985,.F.);
#9985 = EDGE_CURVE('',#9937,#9962,#9986,.T.);
#9986 = SURFACE_CURVE('',#9987,(#9991,#9998),.PCURVE_S1.);
#9987 = LINE('',#9988,#9989);
#9988 = CARTESIAN_POINT('',(28.028836006477,-5.404161932833,-9.));
#9989 = VECTOR('',#9990,1.);
#9990 = DIRECTION('',(-1.278074975698E-17,-6.388603461007E-17,-1.));
#9991 = PCURVE('',#9287,#9992);
#9992 = DEFINITIONAL_REPRESENTATION('',(#9993),#9997);
#9993 = LINE('',#9994,#9995);
#9994 = CARTESIAN_POINT('',(1.854590436003,4.));
#9995 = VECTOR('',#9996,1.);
#9996 = DIRECTION('',(0.,1.));
#9997 = ( GEOMETRIC_REPRESENTATION_CONTEXT(2) 
PARAMETRIC_REPRESENTATION_CONTEXT() REPRESENTATION_CONTEXT('2D SPACE',''
  ) );
#9998 = PCURVE('',#9999,#10004);
#9999 = CYLINDRICAL_SURFACE('',#10000,0.25);
#10000 = AXIS2_PLACEMENT_3D('',#10001,#10002,#10003);
#10001 = CARTESIAN_POINT('',(27.778892402186,-5.409471798591,-5.));
#10002 = DIRECTION('',(-1.278074975698E-17,-6.388603461007E-17,-1.));
#10003 = DIRECTION('',(-0.259546952295,-0.965730490124,6.50138961635E-17
    ));
#10004 = DEFINITIONAL_REPRESENTATION('',(#10005),#10009);
#10005 = LINE('',#10006,#10007);
#10006 = CARTESIAN_POINT('',(4.428594871176,4.));
#10007 = VECTOR('',#10008,1.);
#10008 = DIRECTION('',(0.,1.));
#10009 = ( GEOMETRIC_REPRESENTATION_CONTEXT(2) 
PARAMETRIC_REPRESENTATION_CONTEXT() REPRESENTATION_CONTEXT('2D SPACE',''
  ) );
#10010 = ADVANCED_FACE('',(#10011),#1682,.T.);
#10011 = FACE_BOUND('',#10012,.T.);
#10012 = EDGE_LOOP('',(#10013,#10014,#10036,#10037));
#10013 = ORIENTED_EDGE('',*,*,#2092,.F.);
#10014 = ORIENTED_EDGE('',*,*,#10015,.T.);
#10015 = EDGE_CURVE('',#2064,#1584,#10016,.T.);
#10016 = SURFACE_CURVE('',#10017,(#10022,#10029),.PCURVE_S1.);
#10017 = CIRCLE('',#10018,0.25);
#10018 = AXIS2_PLACEMENT_3D('',#10019,#10020,#10021);
#10019 = CARTESIAN_POINT('',(28.060760170839,-6.210065678779,-4.3));
#10020 = DIRECTION('',(0.259546952295,0.965730490124,-7.031275949673E-16
    ));
#10021 = DIRECTION('',(-0.965730490124,0.259546952295,
    -4.238665850286E-18));
#10022 = PCURVE('',#1682,#10023);
#10023 = DEFINITIONAL_REPRESENTATION('',(#10024),#10028);
#10024 = LINE('',#10025,#10026);
#10025 = CARTESIAN_POINT('',(1.570796326795,7.853981633974));
#10026 = VECTOR('',#10027,1.);
#10027 = DIRECTION('',(1.207699732942E-15,-1.));
#10028 = ( GEOMETRIC_REPRESENTATION_CONTEXT(2) 
PARAMETRIC_REPRESENTATION_CONTEXT() REPRESENTATION_CONTEXT('2D SPACE',''
  ) );
#10029 = PCURVE('',#5533,#10030);
#10030 = DEFINITIONAL_REPRESENTATION('',(#10031),#10035);
#10031 = LINE('',#10032,#10033);
#10032 = CARTESIAN_POINT('',(-4.712388980385,2.571670019493));
#10033 = VECTOR('',#10034,1.);
#10034 = DIRECTION('',(1.,6.901141331098E-16));
#10035 = ( GEOMETRIC_REPRESENTATION_CONTEXT(2) 
PARAMETRIC_REPRESENTATION_CONTEXT() REPRESENTATION_CONTEXT('2D SPACE',''
  ) );
#10036 = ORIENTED_EDGE('',*,*,#1667,.F.);
#10037 = ORIENTED_EDGE('',*,*,#10038,.F.);
#10038 = EDGE_CURVE('',#2093,#1639,#10039,.T.);
#10039 = SURFACE_CURVE('',#10040,(#10045,#10052),.PCURVE_S1.);
#10040 = CIRCLE('',#10041,0.25);
#10041 = AXIS2_PLACEMENT_3D('',#10042,#10043,#10044);
#10042 = CARTESIAN_POINT('',(28.242443037446,-5.534054335693,-5.));
#10043 = DIRECTION('',(2.044679885754E-15,-9.283566826829E-16,-1.));
#10044 = DIRECTION('',(-0.965730490124,0.259546952295,
    -2.215561855848E-15));
#10045 = PCURVE('',#1682,#10046);
#10046 = DEFINITIONAL_REPRESENTATION('',(#10047),#10051);
#10047 = LINE('',#10048,#10049);
#10048 = CARTESIAN_POINT('',(3.14159265359,7.853981633975));
#10049 = VECTOR('',#10050,1.);
#10050 = DIRECTION('',(3.450570665549E-16,-1.));
#10051 = ( GEOMETRIC_REPRESENTATION_CONTEXT(2) 
PARAMETRIC_REPRESENTATION_CONTEXT() REPRESENTATION_CONTEXT('2D SPACE',''
  ) );
#10052 = PCURVE('',#5585,#10053);
#10053 = DEFINITIONAL_REPRESENTATION('',(#10054),#10058);
#10054 = LINE('',#10055,#10056);
#10055 = CARTESIAN_POINT('',(-4.712388980385,0.));
#10056 = VECTOR('',#10057,1.);
#10057 = DIRECTION('',(1.,0.));
#10058 = ( GEOMETRIC_REPRESENTATION_CONTEXT(2) 
PARAMETRIC_REPRESENTATION_CONTEXT() REPRESENTATION_CONTEXT('2D SPACE',''
  ) );
#10059 = ADVANCED_FACE('',(#10060),#9414,.T.);
#10060 = FACE_BOUND('',#10061,.T.);
#10061 = EDGE_LOOP('',(#10062,#10086,#10087,#10111));
#10062 = ORIENTED_EDGE('',*,*,#10063,.T.);
#10063 = EDGE_CURVE('',#10064,#9352,#10066,.T.);
#10064 = VERTEX_POINT('',#10065);
#10065 = CARTESIAN_POINT('',(27.161515737343,-8.63131455859,-4.23));
#10066 = SURFACE_CURVE('',#10067,(#10072,#10079),.PCURVE_S1.);
#10067 = CIRCLE('',#10068,0.25);
#10068 = AXIS2_PLACEMENT_3D('',#10069,#10070,#10071);
#10069 = CARTESIAN_POINT('',(27.393291054972,-8.693605827141,-4.3));
#10070 = DIRECTION('',(0.259546952295,0.965730490124,-3.658519214112E-16
    ));
#10071 = DIRECTION('',(-0.965730490124,0.259546952295,
    -4.238665850285E-18));
#10072 = PCURVE('',#9414,#10073);
#10073 = DEFINITIONAL_REPRESENTATION('',(#10074),#10078);
#10074 = LINE('',#10075,#10076);
#10075 = CARTESIAN_POINT('',(1.570796326795,1.972207165058E-15));
#10076 = VECTOR('',#10077,1.);
#10077 = DIRECTION('',(1.,-6.901141331098E-16));
#10078 = ( GEOMETRIC_REPRESENTATION_CONTEXT(2) 
PARAMETRIC_REPRESENTATION_CONTEXT() REPRESENTATION_CONTEXT('2D SPACE',''
  ) );
#10079 = PCURVE('',#9787,#10080);
#10080 = DEFINITIONAL_REPRESENTATION('',(#10081),#10085);
#10081 = LINE('',#10082,#10083);
#10082 = CARTESIAN_POINT('',(1.570796326795,7.853981633974));
#10083 = VECTOR('',#10084,1.);
#10084 = DIRECTION('',(-9.489069330259E-16,-1.));
#10085 = ( GEOMETRIC_REPRESENTATION_CONTEXT(2) 
PARAMETRIC_REPRESENTATION_CONTEXT() REPRESENTATION_CONTEXT('2D SPACE',''
  ) );
#10086 = ORIENTED_EDGE('',*,*,#9400,.T.);
#10087 = ORIENTED_EDGE('',*,*,#10088,.F.);
#10088 = EDGE_CURVE('',#10089,#9377,#10091,.T.);
#10089 = VERTEX_POINT('',#10090);
#10090 = CARTESIAN_POINT('',(27.82898485321,-6.147774410229,-4.23));
#10091 = SURFACE_CURVE('',#10092,(#10097,#10104),.PCURVE_S1.);
#10092 = CIRCLE('',#10093,0.25);
#10093 = AXIS2_PLACEMENT_3D('',#10094,#10095,#10096);
#10094 = CARTESIAN_POINT('',(28.060760170839,-6.210065678779,-4.3));
#10095 = DIRECTION('',(0.259546952295,0.965730490124,-7.031275949673E-16
    ));
#10096 = DIRECTION('',(-0.965730490124,0.259546952295,
    -4.238665850286E-18));
#10097 = PCURVE('',#9414,#10098);
#10098 = DEFINITIONAL_REPRESENTATION('',(#10099),#10103);
#10099 = LINE('',#10100,#10101);
#10100 = CARTESIAN_POINT('',(1.570796326795,2.571670019493));
#10101 = VECTOR('',#10102,1.);
#10102 = DIRECTION('',(1.,0.));
#10103 = ( GEOMETRIC_REPRESENTATION_CONTEXT(2) 
PARAMETRIC_REPRESENTATION_CONTEXT() REPRESENTATION_CONTEXT('2D SPACE',''
  ) );
#10104 = PCURVE('',#9747,#10105);
#10105 = DEFINITIONAL_REPRESENTATION('',(#10106),#10110);
#10106 = LINE('',#10107,#10108);
#10107 = CARTESIAN_POINT('',(1.570796326795,7.853981633974));
#10108 = VECTOR('',#10109,1.);
#10109 = DIRECTION('',(0.,-1.));
#10110 = ( GEOMETRIC_REPRESENTATION_CONTEXT(2) 
PARAMETRIC_REPRESENTATION_CONTEXT() REPRESENTATION_CONTEXT('2D SPACE',''
  ) );
#10111 = ORIENTED_EDGE('',*,*,#10112,.F.);
#10112 = EDGE_CURVE('',#10064,#10089,#10113,.T.);
#10113 = SURFACE_CURVE('',#10114,(#10118,#10125),.PCURVE_S1.);
#10114 = LINE('',#10115,#10116);
#10115 = CARTESIAN_POINT('',(27.495250295276,-7.389544484409,-4.23));
#10116 = VECTOR('',#10117,1.);
#10117 = DIRECTION('',(0.259546952295,0.965730490124,-4.564996783438E-16
    ));
#10118 = PCURVE('',#9414,#10119);
#10119 = DEFINITIONAL_REPRESENTATION('',(#10120),#10124);
#10120 = LINE('',#10121,#10122);
#10121 = CARTESIAN_POINT('',(1.854590436003,1.285835009746));
#10122 = VECTOR('',#10123,1.);
#10123 = DIRECTION('',(1.381481158886E-15,1.));
#10124 = ( GEOMETRIC_REPRESENTATION_CONTEXT(2) 
PARAMETRIC_REPRESENTATION_CONTEXT() REPRESENTATION_CONTEXT('2D SPACE',''
  ) );
#10125 = PCURVE('',#10126,#10131);
#10126 = CYLINDRICAL_SURFACE('',#10127,0.25);
#10127 = AXIS2_PLACEMENT_3D('',#10128,#10129,#10130);
#10128 = CARTESIAN_POINT('',(26.929740419713,-8.569023290039,-4.3));
#10129 = DIRECTION('',(0.259546952295,0.965730490124,-4.564996783438E-16
    ));
#10130 = DIRECTION('',(-1.143896913886E-16,-4.419557909115E-16,-1.));
#10131 = DEFINITIONAL_REPRESENTATION('',(#10132),#10136);
#10132 = LINE('',#10133,#10134);
#10133 = CARTESIAN_POINT('',(4.428594871176,1.285835009746));
#10134 = VECTOR('',#10135,1.);
#10135 = DIRECTION('',(-1.381481158886E-15,1.));
#10136 = ( GEOMETRIC_REPRESENTATION_CONTEXT(2) 
PARAMETRIC_REPRESENTATION_CONTEXT() REPRESENTATION_CONTEXT('2D SPACE',''
  ) );
#10137 = ADVANCED_FACE('',(#10138),#1568,.T.);
#10138 = FACE_BOUND('',#10139,.T.);
#10139 = EDGE_LOOP('',(#10140,#10141,#10163,#10164));
#10140 = ORIENTED_EDGE('',*,*,#1983,.F.);
#10141 = ORIENTED_EDGE('',*,*,#10142,.T.);
#10142 = EDGE_CURVE('',#1950,#1470,#10143,.T.);
#10143 = SURFACE_CURVE('',#10144,(#10149,#10156),.PCURVE_S1.);
#10144 = CIRCLE('',#10145,0.25);
#10145 = AXIS2_PLACEMENT_3D('',#10146,#10147,#10148);
#10146 = CARTESIAN_POINT('',(27.393291054972,-8.693605827141,-13.7));
#10147 = DIRECTION('',(-0.259546952295,-0.965730490124,
    3.658519214112E-16));
#10148 = DIRECTION('',(-0.965730490124,0.259546952295,
    -4.238665850284E-18));
#10149 = PCURVE('',#1568,#10150);
#10150 = DEFINITIONAL_REPRESENTATION('',(#10151),#10155);
#10151 = LINE('',#10152,#10153);
#10152 = CARTESIAN_POINT('',(4.712388980385,7.853981633974));
#10153 = VECTOR('',#10154,1.);
#10154 = DIRECTION('',(-1.38022826622E-15,-1.));
#10155 = ( GEOMETRIC_REPRESENTATION_CONTEXT(2) 
PARAMETRIC_REPRESENTATION_CONTEXT() REPRESENTATION_CONTEXT('2D SPACE',''
  ) );
#10156 = PCURVE('',#1971,#10157);
#10157 = DEFINITIONAL_REPRESENTATION('',(#10158),#10162);
#10158 = LINE('',#10159,#10160);
#10159 = CARTESIAN_POINT('',(-3.14159265359,2.571670019493));
#10160 = VECTOR('',#10161,1.);
#10161 = DIRECTION('',(1.,-6.901141331098E-16));
#10162 = ( GEOMETRIC_REPRESENTATION_CONTEXT(2) 
PARAMETRIC_REPRESENTATION_CONTEXT() REPRESENTATION_CONTEXT('2D SPACE',''
  ) );
#10163 = ORIENTED_EDGE('',*,*,#1553,.F.);
#10164 = ORIENTED_EDGE('',*,*,#10165,.F.);
#10165 = EDGE_CURVE('',#1984,#1530,#10166,.T.);
#10166 = SURFACE_CURVE('',#10167,(#10172,#10179),.PCURVE_S1.);
#10167 = CIRCLE('',#10168,0.25);
#10168 = AXIS2_PLACEMENT_3D('',#10169,#10170,#10171);
#10169 = CARTESIAN_POINT('',(27.211608188366,-9.369617170227,-13.));
#10170 = DIRECTION('',(2.198264433489E-15,-3.24232415865E-16,1.));
#10171 = DIRECTION('',(-0.965730490124,0.259546952295,2.207084524148E-15
    ));
#10172 = PCURVE('',#1568,#10173);
#10173 = DEFINITIONAL_REPRESENTATION('',(#10174),#10178);
#10174 = LINE('',#10175,#10176);
#10175 = CARTESIAN_POINT('',(6.28318530718,7.853981633974));
#10176 = VECTOR('',#10177,1.);
#10177 = DIRECTION('',(0.,-1.));
#10178 = ( GEOMETRIC_REPRESENTATION_CONTEXT(2) 
PARAMETRIC_REPRESENTATION_CONTEXT() REPRESENTATION_CONTEXT('2D SPACE',''
  ) );
#10179 = PCURVE('',#5481,#10180);
#10180 = DEFINITIONAL_REPRESENTATION('',(#10181),#10185);
#10181 = LINE('',#10182,#10183);
#10182 = CARTESIAN_POINT('',(-4.712388980385,-1.626043118037E-15));
#10183 = VECTOR('',#10184,1.);
#10184 = DIRECTION('',(1.,3.450570665549E-16));
#10185 = ( GEOMETRIC_REPRESENTATION_CONTEXT(2) 
PARAMETRIC_REPRESENTATION_CONTEXT() REPRESENTATION_CONTEXT('2D SPACE',''
  ) );
#10186 = ADVANCED_FACE('',(#10187),#1454,.T.);
#10187 = FACE_BOUND('',#10188,.T.);
#10188 = EDGE_LOOP('',(#10189,#10190,#10212,#10213));
#10189 = ORIENTED_EDGE('',*,*,#1864,.F.);
#10190 = ORIENTED_EDGE('',*,*,#10191,.T.);
#10191 = EDGE_CURVE('',#1809,#1329,#10192,.T.);
#10192 = SURFACE_CURVE('',#10193,(#10198,#10205),.PCURVE_S1.);
#10193 = CIRCLE('',#10194,0.25);
#10194 = AXIS2_PLACEMENT_3D('',#10195,#10196,#10197);
#10195 = CARTESIAN_POINT('',(27.211608188366,-9.369617170227,-5.));
#10196 = DIRECTION('',(2.198264433489E-15,-3.24232415865E-16,1.));
#10197 = DIRECTION('',(-0.965730490124,0.259546952295,2.207084524148E-15
    ));
#10198 = PCURVE('',#1454,#10199);
#10199 = DEFINITIONAL_REPRESENTATION('',(#10200),#10204);
#10200 = LINE('',#10201,#10202);
#10201 = CARTESIAN_POINT('',(0.,7.853981633974));
#10202 = VECTOR('',#10203,1.);
#10203 = DIRECTION('',(0.,-1.));
#10204 = ( GEOMETRIC_REPRESENTATION_CONTEXT(2) 
PARAMETRIC_REPRESENTATION_CONTEXT() REPRESENTATION_CONTEXT('2D SPACE',''
  ) );
#10205 = PCURVE('',#5481,#10206);
#10206 = DEFINITIONAL_REPRESENTATION('',(#10207),#10211);
#10207 = LINE('',#10208,#10209);
#10208 = CARTESIAN_POINT('',(-4.712388980385,8.));
#10209 = VECTOR('',#10210,1.);
#10210 = DIRECTION('',(1.,0.));
#10211 = ( GEOMETRIC_REPRESENTATION_CONTEXT(2) 
PARAMETRIC_REPRESENTATION_CONTEXT() REPRESENTATION_CONTEXT('2D SPACE',''
  ) );
#10212 = ORIENTED_EDGE('',*,*,#1439,.F.);
#10213 = ORIENTED_EDGE('',*,*,#10214,.F.);
#10214 = EDGE_CURVE('',#1865,#1411,#10215,.T.);
#10215 = SURFACE_CURVE('',#10216,(#10221,#10228),.PCURVE_S1.);
#10216 = CIRCLE('',#10217,0.25);
#10217 = AXIS2_PLACEMENT_3D('',#10218,#10219,#10220);
#10218 = CARTESIAN_POINT('',(27.393291054972,-8.693605827141,-4.3));
#10219 = DIRECTION('',(0.259546952295,0.965730490124,-3.658519214112E-16
    ));
#10220 = DIRECTION('',(-0.965730490124,0.259546952295,
    -4.238665850285E-18));
#10221 = PCURVE('',#1454,#10222);
#10222 = DEFINITIONAL_REPRESENTATION('',(#10223),#10227);
#10223 = LINE('',#10224,#10225);
#10224 = CARTESIAN_POINT('',(1.570796326795,7.853981633974));
#10225 = VECTOR('',#10226,1.);
#10226 = DIRECTION('',(2.242870932607E-15,-1.));
#10227 = ( GEOMETRIC_REPRESENTATION_CONTEXT(2) 
PARAMETRIC_REPRESENTATION_CONTEXT() REPRESENTATION_CONTEXT('2D SPACE',''
  ) );
#10228 = PCURVE('',#5533,#10229);
#10229 = DEFINITIONAL_REPRESENTATION('',(#10230),#10234);
#10230 = LINE('',#10231,#10232);
#10231 = CARTESIAN_POINT('',(-4.712388980385,-6.504172472149E-15));
#10232 = VECTOR('',#10233,1.);
#10233 = DIRECTION('',(1.,1.38022826622E-15));
#10234 = ( GEOMETRIC_REPRESENTATION_CONTEXT(2) 
PARAMETRIC_REPRESENTATION_CONTEXT() REPRESENTATION_CONTEXT('2D SPACE',''
  ) );
#10235 = ADVANCED_FACE('',(#10236),#9612,.T.);
#10236 = FACE_BOUND('',#10237,.T.);
#10237 = EDGE_LOOP('',(#10238,#10262,#10263,#10309));
#10238 = ORIENTED_EDGE('',*,*,#10239,.T.);
#10239 = EDGE_CURVE('',#10240,#9528,#10242,.T.);
#10240 = VERTEX_POINT('',#10241);
#10241 = CARTESIAN_POINT('',(26.961664584076,-9.374927035985,-13.));
#10242 = SURFACE_CURVE('',#10243,(#10248,#10255),.PCURVE_S1.);
#10243 = CIRCLE('',#10244,0.25);
#10244 = AXIS2_PLACEMENT_3D('',#10245,#10246,#10247);
#10245 = CARTESIAN_POINT('',(27.211608188366,-9.369617170227,-13.));
#10246 = DIRECTION('',(2.198264433489E-15,-3.24232415865E-16,1.));
#10247 = DIRECTION('',(-0.965730490124,0.259546952295,2.207084524148E-15
    ));
#10248 = PCURVE('',#9612,#10249);
#10249 = DEFINITIONAL_REPRESENTATION('',(#10250),#10254);
#10250 = LINE('',#10251,#10252);
#10251 = CARTESIAN_POINT('',(1.570796326795,6.39939535508E-16));
#10252 = VECTOR('',#10253,1.);
#10253 = DIRECTION('',(1.,-6.901141331098E-16));
#10254 = ( GEOMETRIC_REPRESENTATION_CONTEXT(2) 
PARAMETRIC_REPRESENTATION_CONTEXT() REPRESENTATION_CONTEXT('2D SPACE',''
  ) );
#10255 = PCURVE('',#9645,#10256);
#10256 = DEFINITIONAL_REPRESENTATION('',(#10257),#10261);
#10257 = LINE('',#10258,#10259);
#10258 = CARTESIAN_POINT('',(6.28318530718,7.853981633974));
#10259 = VECTOR('',#10260,1.);
#10260 = DIRECTION('',(0.,-1.));
#10261 = ( GEOMETRIC_REPRESENTATION_CONTEXT(2) 
PARAMETRIC_REPRESENTATION_CONTEXT() REPRESENTATION_CONTEXT('2D SPACE',''
  ) );
#10262 = ORIENTED_EDGE('',*,*,#9598,.T.);
#10263 = ORIENTED_EDGE('',*,*,#10264,.F.);
#10264 = EDGE_CURVE('',#10265,#9553,#10267,.T.);
#10265 = VERTEX_POINT('',#10266);
#10266 = CARTESIAN_POINT('',(26.961664584076,-9.374927035985,-5.));
#10267 = SURFACE_CURVE('',#10268,(#10273,#10280),.PCURVE_S1.);
#10268 = CIRCLE('',#10269,0.25);
#10269 = AXIS2_PLACEMENT_3D('',#10270,#10271,#10272);
#10270 = CARTESIAN_POINT('',(27.211608188366,-9.369617170227,-5.));
#10271 = DIRECTION('',(2.198264433489E-15,-3.24232415865E-16,1.));
#10272 = DIRECTION('',(-0.965730490124,0.259546952295,2.207084524148E-15
    ));
#10273 = PCURVE('',#9612,#10274);
#10274 = DEFINITIONAL_REPRESENTATION('',(#10275),#10279);
#10275 = LINE('',#10276,#10277);
#10276 = CARTESIAN_POINT('',(1.570796326795,8.));
#10277 = VECTOR('',#10278,1.);
#10278 = DIRECTION('',(1.,-3.450570665549E-16));
#10279 = ( GEOMETRIC_REPRESENTATION_CONTEXT(2) 
PARAMETRIC_REPRESENTATION_CONTEXT() REPRESENTATION_CONTEXT('2D SPACE',''
  ) );
#10280 = PCURVE('',#9787,#10281);
#10281 = DEFINITIONAL_REPRESENTATION('',(#10282),#10308);
#10282 = B_SPLINE_CURVE_WITH_KNOTS('',3,(#10283,#10284,#10285,#10286,
    #10287,#10288,#10289,#10290,#10291,#10292,#10293,#10294,#10295,
    #10296,#10297,#10298,#10299,#10300,#10301,#10302,#10303,#10304,
    #10305,#10306,#10307),.UNSPECIFIED.,.F.,.F.,(4,1,1,1,1,1,1,1,1,1,1,1
    ,1,1,1,1,1,1,1,1,1,1,4),(0.283794109208,0.400794310807,
    0.517794512406,0.634794714005,0.751794915603,0.868795117202,
    0.985795318801,1.1027955204,1.219795721999,1.336795923597,
    1.453796125196,1.570796326795,1.687796528394,1.804796729992,
    1.921796931591,2.03879713319,2.155797334789,2.272797536388,
    2.389797737986,2.506797939585,2.623798141184,2.740798342783,
    2.857798544381),.QUASI_UNIFORM_KNOTS.);
#10283 = CARTESIAN_POINT('',(0.,7.570187524766));
#10284 = CARTESIAN_POINT('',(6.908793907228E-16,7.531187457567));
#10285 = CARTESIAN_POINT('',(1.349974607569E-15,7.453187323167));
#10286 = CARTESIAN_POINT('',(9.206760368237E-16,7.336187121569));
#10287 = CARTESIAN_POINT('',(1.43667138679E-15,7.21918691997));
#10288 = CARTESIAN_POINT('',(-3.849550921034E-16,7.102186718371));
#10289 = CARTESIAN_POINT('',(1.031489816235E-16,6.985186516772));
#10290 = CARTESIAN_POINT('',(-2.764083439076E-17,6.868186315173));
#10291 = CARTESIAN_POINT('',(7.414355939512E-18,6.751186113575));
#10292 = CARTESIAN_POINT('',(-2.016589367284E-18,6.634185911976));
#10293 = CARTESIAN_POINT('',(6.520015296259E-19,6.517185710377));
#10294 = CARTESIAN_POINT('',(-5.914167512193E-19,6.400185508778));
#10295 = CARTESIAN_POINT('',(1.713665475251E-18,6.28318530718));
#10296 = CARTESIAN_POINT('',(-6.263245149786E-18,6.166185105581));
#10297 = CARTESIAN_POINT('',(2.333931512389E-17,6.049184903982));
#10298 = CARTESIAN_POINT('',(-8.709401534578E-17,5.932184702383));
#10299 = CARTESIAN_POINT('',(3.250367462592E-16,5.815184500784));
#10300 = CARTESIAN_POINT('',(-1.213052969691E-15,5.698184299186));
#10301 = CARTESIAN_POINT('',(-8.018953856954E-16,5.581184097587));
#10302 = CARTESIAN_POINT('',(-9.084360057282E-16,5.464183895988));
#10303 = CARTESIAN_POINT('',(-8.934311095928E-16,5.347183694389));
#10304 = CARTESIAN_POINT('',(-8.469100741015E-16,5.230183492791));
#10305 = CARTESIAN_POINT('',(-1.047999112202E-15,5.113183291192));
#10306 = CARTESIAN_POINT('',(-5.427757009279E-16,5.035183156793));
#10307 = CARTESIAN_POINT('',(0.,4.996183089593));
#10308 = ( GEOMETRIC_REPRESENTATION_CONTEXT(2) 
PARAMETRIC_REPRESENTATION_CONTEXT() REPRESENTATION_CONTEXT('2D SPACE',''
  ) );
#10309 = ORIENTED_EDGE('',*,*,#10310,.F.);
#10310 = EDGE_CURVE('',#10240,#10265,#10311,.T.);
#10311 = SURFACE_CURVE('',#10312,(#10316,#10323),.PCURVE_S1.);
#10312 = LINE('',#10313,#10314);
#10313 = CARTESIAN_POINT('',(26.961664584076,-9.374927035985,-9.));
#10314 = VECTOR('',#10315,1.);
#10315 = DIRECTION('',(-1.28931872002E-18,1.153367983869E-17,1.));
#10316 = PCURVE('',#9612,#10317);
#10317 = DEFINITIONAL_REPRESENTATION('',(#10318),#10322);
#10318 = LINE('',#10319,#10320);
#10319 = CARTESIAN_POINT('',(1.854590436003,4.));
#10320 = VECTOR('',#10321,1.);
#10321 = DIRECTION('',(0.,1.));
#10322 = ( GEOMETRIC_REPRESENTATION_CONTEXT(2) 
PARAMETRIC_REPRESENTATION_CONTEXT() REPRESENTATION_CONTEXT('2D SPACE',''
  ) );
#10323 = PCURVE('',#10324,#10329);
#10324 = CYLINDRICAL_SURFACE('',#10325,0.25);
#10325 = AXIS2_PLACEMENT_3D('',#10326,#10327,#10328);
#10326 = CARTESIAN_POINT('',(26.748057553107,-9.245034633126,-13.));
#10327 = DIRECTION('',(-1.28931872002E-18,1.153367983869E-17,1.));
#10328 = DIRECTION('',(0.259546952295,0.965730490124,-1.080378753923E-17
    ));
#10329 = DEFINITIONAL_REPRESENTATION('',(#10330),#10334);
#10330 = LINE('',#10331,#10332);
#10331 = CARTESIAN_POINT('',(4.428594871176,4.));
#10332 = VECTOR('',#10333,1.);
#10333 = DIRECTION('',(0.,1.));
#10334 = ( GEOMETRIC_REPRESENTATION_CONTEXT(2) 
PARAMETRIC_REPRESENTATION_CONTEXT() REPRESENTATION_CONTEXT('2D SPACE',''
  ) );
#10335 = ADVANCED_FACE('',(#10336),#9645,.T.);
#10336 = FACE_BOUND('',#10337,.T.);
#10337 = EDGE_LOOP('',(#10338,#10339,#10340,#10341));
#10338 = ORIENTED_EDGE('',*,*,#9834,.T.);
#10339 = ORIENTED_EDGE('',*,*,#9630,.T.);
#10340 = ORIENTED_EDGE('',*,*,#10239,.F.);
#10341 = ORIENTED_EDGE('',*,*,#10342,.F.);
#10342 = EDGE_CURVE('',#9835,#10240,#10343,.T.);
#10343 = SURFACE_CURVE('',#10344,(#10349,#10356),.PCURVE_S1.);
#10344 = CIRCLE('',#10345,0.77);
#10345 = AXIS2_PLACEMENT_3D('',#10346,#10347,#10348);
#10346 = CARTESIAN_POINT('',(27.161515737343,-8.63131455859,-13.));
#10347 = DIRECTION('',(-0.965730490124,0.259546952295,
    -4.238665850285E-18));
#10348 = DIRECTION('',(-0.259546952295,-0.965730490124,
    1.192240047878E-16));
#10349 = PCURVE('',#9645,#10350);
#10350 = DEFINITIONAL_REPRESENTATION('',(#10351),#10355);
#10351 = LINE('',#10352,#10353);
#10352 = CARTESIAN_POINT('',(0.,7.570187524766));
#10353 = VECTOR('',#10354,1.);
#10354 = DIRECTION('',(1.,-6.926541306298E-15));
#10355 = ( GEOMETRIC_REPRESENTATION_CONTEXT(2) 
PARAMETRIC_REPRESENTATION_CONTEXT() REPRESENTATION_CONTEXT('2D SPACE',''
  ) );
#10356 = PCURVE('',#10357,#10362);
#10357 = TOROIDAL_SURFACE('',#10358,0.7,0.25);
#10358 = AXIS2_PLACEMENT_3D('',#10359,#10360,#10361);
#10359 = CARTESIAN_POINT('',(26.929740419713,-8.569023290039,-13.));
#10360 = DIRECTION('',(-0.965730490124,0.259546952295,
    -4.238665850285E-18));
#10361 = DIRECTION('',(-0.259546952295,-0.965730490124,
    1.192240047878E-16));
#10362 = DEFINITIONAL_REPRESENTATION('',(#10363),#10367);
#10363 = LINE('',#10364,#10365);
#10364 = CARTESIAN_POINT('',(0.,4.996183089593));
#10365 = VECTOR('',#10366,1.);
#10366 = DIRECTION('',(1.,1.696295830114E-15));
#10367 = ( GEOMETRIC_REPRESENTATION_CONTEXT(2) 
PARAMETRIC_REPRESENTATION_CONTEXT() REPRESENTATION_CONTEXT('2D SPACE',''
  ) );
#10368 = ADVANCED_FACE('',(#10369),#1971,.T.);
#10369 = FACE_BOUND('',#10370,.T.);
#10370 = EDGE_LOOP('',(#10371,#10372,#10373,#10374,#10375,#10396));
#10371 = ORIENTED_EDGE('',*,*,#1947,.F.);
#10372 = ORIENTED_EDGE('',*,*,#9664,.T.);
#10373 = ORIENTED_EDGE('',*,*,#2230,.T.);
#10374 = ORIENTED_EDGE('',*,*,#9911,.T.);
#10375 = ORIENTED_EDGE('',*,*,#10376,.F.);
#10376 = EDGE_CURVE('',#1470,#1753,#10377,.T.);
#10377 = SURFACE_CURVE('',#10378,(#10382,#10389),.PCURVE_S1.);
#10378 = LINE('',#10379,#10380);
#10379 = CARTESIAN_POINT('',(27.495250295276,-7.389544484409,-13.63));
#10380 = VECTOR('',#10381,1.);
#10381 = DIRECTION('',(0.259546952295,0.965730490124,-1.192240047878E-16
    ));
#10382 = PCURVE('',#1971,#10383);
#10383 = DEFINITIONAL_REPRESENTATION('',(#10384),#10388);
#10384 = LINE('',#10385,#10386);
#10385 = CARTESIAN_POINT('',(2.857798544381,1.285835009746));
#10386 = VECTOR('',#10387,1.);
#10387 = DIRECTION('',(0.,-1.));
#10388 = ( GEOMETRIC_REPRESENTATION_CONTEXT(2) 
PARAMETRIC_REPRESENTATION_CONTEXT() REPRESENTATION_CONTEXT('2D SPACE',''
  ) );
#10389 = PCURVE('',#1493,#10390);
#10390 = DEFINITIONAL_REPRESENTATION('',(#10391),#10395);
#10391 = LINE('',#10392,#10393);
#10392 = CARTESIAN_POINT('',(0.283794109208,1.285835009746));
#10393 = VECTOR('',#10394,1.);
#10394 = DIRECTION('',(0.,-1.));
#10395 = ( GEOMETRIC_REPRESENTATION_CONTEXT(2) 
PARAMETRIC_REPRESENTATION_CONTEXT() REPRESENTATION_CONTEXT('2D SPACE',''
  ) );
#10396 = ORIENTED_EDGE('',*,*,#10142,.F.);
#10397 = ADVANCED_FACE('',(#10398),#9707,.T.);
#10398 = FACE_BOUND('',#10399,.T.);
#10399 = EDGE_LOOP('',(#10400,#10401,#10402,#10403));
#10400 = ORIENTED_EDGE('',*,*,#9961,.T.);
#10401 = ORIENTED_EDGE('',*,*,#9692,.T.);
#10402 = ORIENTED_EDGE('',*,*,#9809,.F.);
#10403 = ORIENTED_EDGE('',*,*,#10404,.F.);
#10404 = EDGE_CURVE('',#9962,#9810,#10405,.T.);
#10405 = SURFACE_CURVE('',#10406,(#10411,#10418),.PCURVE_S1.);
#10406 = CIRCLE('',#10407,0.77);
#10407 = AXIS2_PLACEMENT_3D('',#10408,#10409,#10410);
#10408 = CARTESIAN_POINT('',(27.82898485321,-6.147774410229,-13.));
#10409 = DIRECTION('',(-0.965730490124,0.259546952295,
    -4.238665850285E-18));
#10410 = DIRECTION('',(-0.259546952295,-0.965730490124,
    1.192240047878E-16));
#10411 = PCURVE('',#9707,#10412);
#10412 = DEFINITIONAL_REPRESENTATION('',(#10413),#10417);
#10413 = LINE('',#10414,#10415);
#10414 = CARTESIAN_POINT('',(0.,7.570187524766));
#10415 = VECTOR('',#10416,1.);
#10416 = DIRECTION('',(1.,1.130863886743E-14));
#10417 = ( GEOMETRIC_REPRESENTATION_CONTEXT(2) 
PARAMETRIC_REPRESENTATION_CONTEXT() REPRESENTATION_CONTEXT('2D SPACE',''
  ) );
#10418 = PCURVE('',#10419,#10424);
#10419 = TOROIDAL_SURFACE('',#10420,0.7,0.25);
#10420 = AXIS2_PLACEMENT_3D('',#10421,#10422,#10423);
#10421 = CARTESIAN_POINT('',(27.59720953558,-6.085483141678,-13.));
#10422 = DIRECTION('',(-0.965730490124,0.259546952295,
    -4.238665850285E-18));
#10423 = DIRECTION('',(-0.259546952295,-0.965730490124,
    1.192240047878E-16));
#10424 = DEFINITIONAL_REPRESENTATION('',(#10425),#10429);
#10425 = LINE('',#10426,#10427);
#10426 = CARTESIAN_POINT('',(0.,4.996183089593));
#10427 = VECTOR('',#10428,1.);
#10428 = DIRECTION('',(1.,-8.481479150569E-15));
#10429 = ( GEOMETRIC_REPRESENTATION_CONTEXT(2) 
PARAMETRIC_REPRESENTATION_CONTEXT() REPRESENTATION_CONTEXT('2D SPACE',''
  ) );
#10430 = ADVANCED_FACE('',(#10431),#5585,.T.);
#10431 = FACE_BOUND('',#10432,.T.);
#10432 = EDGE_LOOP('',(#10433,#10434,#10435,#10436));
#10433 = ORIENTED_EDGE('',*,*,#5727,.F.);
#10434 = ORIENTED_EDGE('',*,*,#10038,.T.);
#10435 = ORIENTED_EDGE('',*,*,#5571,.F.);
#10436 = ORIENTED_EDGE('',*,*,#9888,.F.);
#10437 = ADVANCED_FACE('',(#10438),#9747,.T.);
#10438 = FACE_BOUND('',#10439,.T.);
#10439 = EDGE_LOOP('',(#10440,#10441,#10442,#10443));
#10440 = ORIENTED_EDGE('',*,*,#10088,.T.);
#10441 = ORIENTED_EDGE('',*,*,#9732,.T.);
#10442 = ORIENTED_EDGE('',*,*,#9936,.F.);
#10443 = ORIENTED_EDGE('',*,*,#10444,.F.);
#10444 = EDGE_CURVE('',#10089,#9937,#10445,.T.);
#10445 = SURFACE_CURVE('',#10446,(#10451,#10458),.PCURVE_S1.);
#10446 = CIRCLE('',#10447,0.77);
#10447 = AXIS2_PLACEMENT_3D('',#10448,#10449,#10450);
#10448 = CARTESIAN_POINT('',(27.82898485321,-6.147774410229,-5.));
#10449 = DIRECTION('',(-0.965730490124,0.259546952295,
    -4.238665850285E-18));
#10450 = DIRECTION('',(-0.259546952295,-0.965730490124,
    1.192240047878E-16));
#10451 = PCURVE('',#9747,#10452);
#10452 = DEFINITIONAL_REPRESENTATION('',(#10453),#10457);
#10453 = LINE('',#10454,#10455);
#10454 = CARTESIAN_POINT('',(3.552713678801E-15,7.570187524766));
#10455 = VECTOR('',#10456,1.);
#10456 = DIRECTION('',(1.,-1.130863886743E-14));
#10457 = ( GEOMETRIC_REPRESENTATION_CONTEXT(2) 
PARAMETRIC_REPRESENTATION_CONTEXT() REPRESENTATION_CONTEXT('2D SPACE',''
  ) );
#10458 = PCURVE('',#10459,#10464);
#10459 = TOROIDAL_SURFACE('',#10460,0.7,0.25);
#10460 = AXIS2_PLACEMENT_3D('',#10461,#10462,#10463);
#10461 = CARTESIAN_POINT('',(27.59720953558,-6.085483141678,-5.));
#10462 = DIRECTION('',(-0.965730490124,0.259546952295,
    -4.238665850285E-18));
#10463 = DIRECTION('',(-0.259546952295,-0.965730490124,
    1.192240047878E-16));
#10464 = DEFINITIONAL_REPRESENTATION('',(#10465),#10469);
#10465 = LINE('',#10466,#10467);
#10466 = CARTESIAN_POINT('',(4.662936703426E-15,4.996183089593));
#10467 = VECTOR('',#10468,1.);
#10468 = DIRECTION('',(1.,7.916047207198E-15));
#10469 = ( GEOMETRIC_REPRESENTATION_CONTEXT(2) 
PARAMETRIC_REPRESENTATION_CONTEXT() REPRESENTATION_CONTEXT('2D SPACE',''
  ) );
#10470 = ADVANCED_FACE('',(#10471),#5533,.T.);
#10471 = FACE_BOUND('',#10472,.T.);
#10472 = EDGE_LOOP('',(#10473,#10474,#10475,#10476));
#10473 = ORIENTED_EDGE('',*,*,#5653,.F.);
#10474 = ORIENTED_EDGE('',*,*,#10214,.T.);
#10475 = ORIENTED_EDGE('',*,*,#5519,.F.);
#10476 = ORIENTED_EDGE('',*,*,#10015,.F.);
#10477 = ADVANCED_FACE('',(#10478),#9787,.T.);
#10478 = FACE_BOUND('',#10479,.T.);
#10479 = EDGE_LOOP('',(#10480,#10481,#10482,#10483));
#10480 = ORIENTED_EDGE('',*,*,#10264,.T.);
#10481 = ORIENTED_EDGE('',*,*,#9772,.T.);
#10482 = ORIENTED_EDGE('',*,*,#10063,.F.);
#10483 = ORIENTED_EDGE('',*,*,#10484,.F.);
#10484 = EDGE_CURVE('',#10265,#10064,#10485,.T.);
#10485 = SURFACE_CURVE('',#10486,(#10491,#10498),.PCURVE_S1.);
#10486 = CIRCLE('',#10487,0.77);
#10487 = AXIS2_PLACEMENT_3D('',#10488,#10489,#10490);
#10488 = CARTESIAN_POINT('',(27.161515737343,-8.63131455859,-5.));
#10489 = DIRECTION('',(-0.965730490124,0.259546952295,
    -4.238665850285E-18));
#10490 = DIRECTION('',(-0.259546952295,-0.965730490124,
    1.192240047878E-16));
#10491 = PCURVE('',#9787,#10492);
#10492 = DEFINITIONAL_REPRESENTATION('',(#10493),#10497);
#10493 = LINE('',#10494,#10495);
#10494 = CARTESIAN_POINT('',(0.,7.570187524766));
#10495 = VECTOR('',#10496,1.);
#10496 = DIRECTION('',(1.,6.785183320455E-15));
#10497 = ( GEOMETRIC_REPRESENTATION_CONTEXT(2) 
PARAMETRIC_REPRESENTATION_CONTEXT() REPRESENTATION_CONTEXT('2D SPACE',''
  ) );
#10498 = PCURVE('',#10499,#10504);
#10499 = TOROIDAL_SURFACE('',#10500,0.7,0.25);
#10500 = AXIS2_PLACEMENT_3D('',#10501,#10502,#10503);
#10501 = CARTESIAN_POINT('',(26.929740419713,-8.569023290039,-5.));
#10502 = DIRECTION('',(-0.965730490124,0.259546952295,
    -4.238665850285E-18));
#10503 = DIRECTION('',(-0.259546952295,-0.965730490124,
    1.192240047878E-16));
#10504 = DEFINITIONAL_REPRESENTATION('',(#10505),#10509);
#10505 = LINE('',#10506,#10507);
#10506 = CARTESIAN_POINT('',(0.,4.996183089593));
#10507 = VECTOR('',#10508,1.);
#10508 = DIRECTION('',(1.,-1.696295830114E-15));
#10509 = ( GEOMETRIC_REPRESENTATION_CONTEXT(2) 
PARAMETRIC_REPRESENTATION_CONTEXT() REPRESENTATION_CONTEXT('2D SPACE',''
  ) );
#10510 = ADVANCED_FACE('',(#10511),#5481,.T.);
#10511 = FACE_BOUND('',#10512,.T.);
#10512 = EDGE_LOOP('',(#10513,#10514,#10515,#10516));
#10513 = ORIENTED_EDGE('',*,*,#5601,.F.);
#10514 = ORIENTED_EDGE('',*,*,#10165,.T.);
#10515 = ORIENTED_EDGE('',*,*,#5467,.F.);
#10516 = ORIENTED_EDGE('',*,*,#10191,.F.);
#10517 = ADVANCED_FACE('',(#10518),#9872,.T.);
#10518 = FACE_BOUND('',#10519,.T.);
#10519 = EDGE_LOOP('',(#10520,#10544,#10545,#10569));
#10520 = ORIENTED_EDGE('',*,*,#10521,.T.);
#10521 = EDGE_CURVE('',#10522,#9810,#10524,.T.);
#10522 = VERTEX_POINT('',#10523);
#10523 = CARTESIAN_POINT('',(27.36543421795,-6.023191873127,-13.77));
#10524 = SURFACE_CURVE('',#10525,(#10530,#10537),.PCURVE_S1.);
#10525 = CIRCLE('',#10526,0.25);
#10526 = AXIS2_PLACEMENT_3D('',#10527,#10528,#10529);
#10527 = CARTESIAN_POINT('',(27.59720953558,-6.085483141678,-13.7));
#10528 = DIRECTION('',(-0.259546952295,-0.965730490124,
    5.607987212962E-17));
#10529 = DIRECTION('',(-0.965730490124,0.259546952295,
    -4.238665850285E-18));
#10530 = PCURVE('',#9872,#10531);
#10531 = DEFINITIONAL_REPRESENTATION('',(#10532),#10536);
#10532 = LINE('',#10533,#10534);
#10533 = CARTESIAN_POINT('',(3.14159265359,8.881784197001E-16));
#10534 = VECTOR('',#10535,1.);
#10535 = DIRECTION('',(1.,0.));
#10536 = ( GEOMETRIC_REPRESENTATION_CONTEXT(2) 
PARAMETRIC_REPRESENTATION_CONTEXT() REPRESENTATION_CONTEXT('2D SPACE',''
  ) );
#10537 = PCURVE('',#10419,#10538);
#10538 = DEFINITIONAL_REPRESENTATION('',(#10539),#10543);
#10539 = LINE('',#10540,#10541);
#10540 = CARTESIAN_POINT('',(4.712388980385,7.853981633974));
#10541 = VECTOR('',#10542,1.);
#10542 = DIRECTION('',(0.,-1.));
#10543 = ( GEOMETRIC_REPRESENTATION_CONTEXT(2) 
PARAMETRIC_REPRESENTATION_CONTEXT() REPRESENTATION_CONTEXT('2D SPACE',''
  ) );
#10544 = ORIENTED_EDGE('',*,*,#9858,.T.);
#10545 = ORIENTED_EDGE('',*,*,#10546,.F.);
#10546 = EDGE_CURVE('',#10547,#9835,#10549,.T.);
#10547 = VERTEX_POINT('',#10548);
#10548 = CARTESIAN_POINT('',(26.697965102083,-8.506732021489,-13.77));
#10549 = SURFACE_CURVE('',#10550,(#10555,#10562),.PCURVE_S1.);
#10550 = CIRCLE('',#10551,0.25);
#10551 = AXIS2_PLACEMENT_3D('',#10552,#10553,#10554);
#10552 = CARTESIAN_POINT('',(26.929740419713,-8.569023290039,-13.7));
#10553 = DIRECTION('',(-0.259546952295,-0.965730490124,
    3.658519214112E-16));
#10554 = DIRECTION('',(-0.965730490124,0.259546952295,
    -4.238665850284E-18));
#10555 = PCURVE('',#9872,#10556);
#10556 = DEFINITIONAL_REPRESENTATION('',(#10557),#10561);
#10557 = LINE('',#10558,#10559);
#10558 = CARTESIAN_POINT('',(3.14159265359,2.571670019493));
#10559 = VECTOR('',#10560,1.);
#10560 = DIRECTION('',(1.,-3.450570665549E-16));
#10561 = ( GEOMETRIC_REPRESENTATION_CONTEXT(2) 
PARAMETRIC_REPRESENTATION_CONTEXT() REPRESENTATION_CONTEXT('2D SPACE',''
  ) );
#10562 = PCURVE('',#10357,#10563);
#10563 = DEFINITIONAL_REPRESENTATION('',(#10564),#10568);
#10564 = LINE('',#10565,#10566);
#10565 = CARTESIAN_POINT('',(4.712388980385,7.853981633974));
#10566 = VECTOR('',#10567,1.);
#10567 = DIRECTION('',(-3.450570665549E-16,-1.));
#10568 = ( GEOMETRIC_REPRESENTATION_CONTEXT(2) 
PARAMETRIC_REPRESENTATION_CONTEXT() REPRESENTATION_CONTEXT('2D SPACE',''
  ) );
#10569 = ORIENTED_EDGE('',*,*,#10570,.F.);
#10570 = EDGE_CURVE('',#10522,#10547,#10571,.T.);
#10571 = SURFACE_CURVE('',#10572,(#10576,#10583),.PCURVE_S1.);
#10572 = LINE('',#10573,#10574);
#10573 = CARTESIAN_POINT('',(27.031699660017,-7.264961947308,-13.77));
#10574 = VECTOR('',#10575,1.);
#10575 = DIRECTION('',(-0.259546952295,-0.965730490124,
    1.192240047878E-16));
#10576 = PCURVE('',#9872,#10577);
#10577 = DEFINITIONAL_REPRESENTATION('',(#10578),#10582);
#10578 = LINE('',#10579,#10580);
#10579 = CARTESIAN_POINT('',(3.425386762798,1.285835009746));
#10580 = VECTOR('',#10581,1.);
#10581 = DIRECTION('',(0.,1.));
#10582 = ( GEOMETRIC_REPRESENTATION_CONTEXT(2) 
PARAMETRIC_REPRESENTATION_CONTEXT() REPRESENTATION_CONTEXT('2D SPACE',''
  ) );
#10583 = PCURVE('',#10584,#10589);
#10584 = CYLINDRICAL_SURFACE('',#10585,0.25);
#10585 = AXIS2_PLACEMENT_3D('',#10586,#10587,#10588);
#10586 = CARTESIAN_POINT('',(27.133658900321,-5.960900604577,-13.7));
#10587 = DIRECTION('',(-0.259546952295,-0.965730490124,
    1.192240047878E-16));
#10588 = DIRECTION('',(0.965730490124,-0.259546952295,4.238665850285E-18
    ));
#10589 = DEFINITIONAL_REPRESENTATION('',(#10590),#10594);
#10590 = LINE('',#10591,#10592);
#10591 = CARTESIAN_POINT('',(5.999391197971,1.285835009746));
#10592 = VECTOR('',#10593,1.);
#10593 = DIRECTION('',(0.,1.));
#10594 = ( GEOMETRIC_REPRESENTATION_CONTEXT(2) 
PARAMETRIC_REPRESENTATION_CONTEXT() REPRESENTATION_CONTEXT('2D SPACE',''
  ) );
#10595 = ADVANCED_FACE('',(#10596),#1313,.T.);
#10596 = FACE_BOUND('',#10597,.T.);
#10597 = EDGE_LOOP('',(#10598,#10599,#10621,#10622));
#10598 = ORIENTED_EDGE('',*,*,#1728,.F.);
#10599 = ORIENTED_EDGE('',*,*,#10600,.T.);
#10600 = EDGE_CURVE('',#1700,#1220,#10601,.T.);
#10601 = SURFACE_CURVE('',#10602,(#10607,#10614),.PCURVE_S1.);
#10602 = CIRCLE('',#10603,0.25);
#10603 = AXIS2_PLACEMENT_3D('',#10604,#10605,#10606);
#10604 = CARTESIAN_POINT('',(27.778892402186,-5.409471798591,-13.));
#10605 = DIRECTION('',(2.058749954231E-15,-8.760043279116E-16,-1.));
#10606 = DIRECTION('',(-0.965730490124,0.259546952295,
    -2.215561855848E-15));
#10607 = PCURVE('',#1313,#10608);
#10608 = DEFINITIONAL_REPRESENTATION('',(#10609),#10613);
#10609 = LINE('',#10610,#10611);
#10610 = CARTESIAN_POINT('',(3.14159265359,7.853981633974));
#10611 = VECTOR('',#10612,1.);
#10612 = DIRECTION('',(1.38022826622E-15,-1.));
#10613 = ( GEOMETRIC_REPRESENTATION_CONTEXT(2) 
PARAMETRIC_REPRESENTATION_CONTEXT() REPRESENTATION_CONTEXT('2D SPACE',''
  ) );
#10614 = PCURVE('',#5429,#10615);
#10615 = DEFINITIONAL_REPRESENTATION('',(#10616),#10620);
#10616 = LINE('',#10617,#10618);
#10617 = CARTESIAN_POINT('',(-4.712388980385,8.));
#10618 = VECTOR('',#10619,1.);
#10619 = DIRECTION('',(1.,1.38022826622E-15));
#10620 = ( GEOMETRIC_REPRESENTATION_CONTEXT(2) 
PARAMETRIC_REPRESENTATION_CONTEXT() REPRESENTATION_CONTEXT('2D SPACE',''
  ) );
#10621 = ORIENTED_EDGE('',*,*,#1298,.F.);
#10622 = ORIENTED_EDGE('',*,*,#10623,.F.);
#10623 = EDGE_CURVE('',#1729,#1275,#10624,.T.);
#10624 = SURFACE_CURVE('',#10625,(#10630,#10637),.PCURVE_S1.);
#10625 = CIRCLE('',#10626,0.25);
#10626 = AXIS2_PLACEMENT_3D('',#10627,#10628,#10629);
#10627 = CARTESIAN_POINT('',(27.59720953558,-6.085483141678,-13.7));
#10628 = DIRECTION('',(-0.259546952295,-0.965730490124,
    5.607987212962E-17));
#10629 = DIRECTION('',(-0.965730490124,0.259546952295,
    -4.238665850285E-18));
#10630 = PCURVE('',#1313,#10631);
#10631 = DEFINITIONAL_REPRESENTATION('',(#10632),#10636);
#10632 = LINE('',#10633,#10634);
#10633 = CARTESIAN_POINT('',(4.712388980385,7.853981633974));
#10634 = VECTOR('',#10635,1.);
#10635 = DIRECTION('',(-1.38022826622E-15,-1.));
#10636 = ( GEOMETRIC_REPRESENTATION_CONTEXT(2) 
PARAMETRIC_REPRESENTATION_CONTEXT() REPRESENTATION_CONTEXT('2D SPACE',''
  ) );
#10637 = PCURVE('',#1493,#10638);
#10638 = DEFINITIONAL_REPRESENTATION('',(#10639),#10643);
#10639 = LINE('',#10640,#10641);
#10640 = CARTESIAN_POINT('',(-3.14159265359,5.028443075475E-15));
#10641 = VECTOR('',#10642,1.);
#10642 = DIRECTION('',(1.,-6.901141331098E-16));
#10643 = ( GEOMETRIC_REPRESENTATION_CONTEXT(2) 
PARAMETRIC_REPRESENTATION_CONTEXT() REPRESENTATION_CONTEXT('2D SPACE',''
  ) );
#10644 = ADVANCED_FACE('',(#10645),#9999,.T.);
#10645 = FACE_BOUND('',#10646,.T.);
#10646 = EDGE_LOOP('',(#10647,#10671,#10672,#10696));
#10647 = ORIENTED_EDGE('',*,*,#10648,.T.);
#10648 = EDGE_CURVE('',#10649,#9937,#10651,.T.);
#10649 = VERTEX_POINT('',#10650);
#10650 = CARTESIAN_POINT('',(27.565285371217,-5.279579395732,-5.));
#10651 = SURFACE_CURVE('',#10652,(#10657,#10664),.PCURVE_S1.);
#10652 = CIRCLE('',#10653,0.25);
#10653 = AXIS2_PLACEMENT_3D('',#10654,#10655,#10656);
#10654 = CARTESIAN_POINT('',(27.778892402186,-5.409471798591,-5.));
#10655 = DIRECTION('',(2.044679885754E-15,-9.283566826829E-16,-1.));
#10656 = DIRECTION('',(-0.965730490124,0.259546952295,
    -2.215561855848E-15));
#10657 = PCURVE('',#9999,#10658);
#10658 = DEFINITIONAL_REPRESENTATION('',(#10659),#10663);
#10659 = LINE('',#10660,#10661);
#10660 = CARTESIAN_POINT('',(1.570796326795,4.896258141449E-17));
#10661 = VECTOR('',#10662,1.);
#10662 = DIRECTION('',(1.,-1.725285332774E-16));
#10663 = ( GEOMETRIC_REPRESENTATION_CONTEXT(2) 
PARAMETRIC_REPRESENTATION_CONTEXT() REPRESENTATION_CONTEXT('2D SPACE',''
  ) );
#10664 = PCURVE('',#10459,#10665);
#10665 = DEFINITIONAL_REPRESENTATION('',(#10666),#10670);
#10666 = LINE('',#10667,#10668);
#10667 = CARTESIAN_POINT('',(3.14159265359,7.853981633974));
#10668 = VECTOR('',#10669,1.);
#10669 = DIRECTION('',(-5.175855998323E-16,-1.));
#10670 = ( GEOMETRIC_REPRESENTATION_CONTEXT(2) 
PARAMETRIC_REPRESENTATION_CONTEXT() REPRESENTATION_CONTEXT('2D SPACE',''
  ) );
#10671 = ORIENTED_EDGE('',*,*,#9985,.T.);
#10672 = ORIENTED_EDGE('',*,*,#10673,.F.);
#10673 = EDGE_CURVE('',#10674,#9962,#10676,.T.);
#10674 = VERTEX_POINT('',#10675);
#10675 = CARTESIAN_POINT('',(27.565285371217,-5.279579395732,-13.));
#10676 = SURFACE_CURVE('',#10677,(#10682,#10689),.PCURVE_S1.);
#10677 = CIRCLE('',#10678,0.25);
#10678 = AXIS2_PLACEMENT_3D('',#10679,#10680,#10681);
#10679 = CARTESIAN_POINT('',(27.778892402186,-5.409471798591,-13.));
#10680 = DIRECTION('',(2.058749954231E-15,-8.760043279116E-16,-1.));
#10681 = DIRECTION('',(-0.965730490124,0.259546952295,
    -2.215561855848E-15));
#10682 = PCURVE('',#9999,#10683);
#10683 = DEFINITIONAL_REPRESENTATION('',(#10684),#10688);
#10684 = LINE('',#10685,#10686);
#10685 = CARTESIAN_POINT('',(1.570796326795,8.));
#10686 = VECTOR('',#10687,1.);
#10687 = DIRECTION('',(1.,-1.035171199665E-15));
#10688 = ( GEOMETRIC_REPRESENTATION_CONTEXT(2) 
PARAMETRIC_REPRESENTATION_CONTEXT() REPRESENTATION_CONTEXT('2D SPACE',''
  ) );
#10689 = PCURVE('',#10419,#10690);
#10690 = DEFINITIONAL_REPRESENTATION('',(#10691),#10695);
#10691 = LINE('',#10692,#10693);
#10692 = CARTESIAN_POINT('',(3.14159265359,7.853981633974));
#10693 = VECTOR('',#10694,1.);
#10694 = DIRECTION('',(-6.901141331098E-16,-1.));
#10695 = ( GEOMETRIC_REPRESENTATION_CONTEXT(2) 
PARAMETRIC_REPRESENTATION_CONTEXT() REPRESENTATION_CONTEXT('2D SPACE',''
  ) );
#10696 = ORIENTED_EDGE('',*,*,#10697,.F.);
#10697 = EDGE_CURVE('',#10649,#10674,#10698,.T.);
#10698 = SURFACE_CURVE('',#10699,(#10703,#10710),.PCURVE_S1.);
#10699 = LINE('',#10700,#10701);
#10700 = CARTESIAN_POINT('',(27.565285371217,-5.279579395732,-9.));
#10701 = VECTOR('',#10702,1.);
#10702 = DIRECTION('',(-1.278074975698E-17,-6.388603461007E-17,-1.));
#10703 = PCURVE('',#9999,#10704);
#10704 = DEFINITIONAL_REPRESENTATION('',(#10705),#10709);
#10705 = LINE('',#10706,#10707);
#10706 = CARTESIAN_POINT('',(1.854590436003,4.));
#10707 = VECTOR('',#10708,1.);
#10708 = DIRECTION('',(0.,1.));
#10709 = ( GEOMETRIC_REPRESENTATION_CONTEXT(2) 
PARAMETRIC_REPRESENTATION_CONTEXT() REPRESENTATION_CONTEXT('2D SPACE',''
  ) );
#10710 = PCURVE('',#10711,#10716);
#10711 = CYLINDRICAL_SURFACE('',#10712,0.25);
#10712 = AXIS2_PLACEMENT_3D('',#10713,#10714,#10715);
#10713 = CARTESIAN_POINT('',(27.315341766927,-5.28488926149,-5.));
#10714 = DIRECTION('',(-1.278074975698E-17,-6.388603461007E-17,-1.));
#10715 = DIRECTION('',(-0.259546952295,-0.965730490124,6.50138961635E-17
    ));
#10716 = DEFINITIONAL_REPRESENTATION('',(#10717),#10721);
#10717 = LINE('',#10718,#10719);
#10718 = CARTESIAN_POINT('',(4.428594871176,4.));
#10719 = VECTOR('',#10720,1.);
#10720 = DIRECTION('',(0.,1.));
#10721 = ( GEOMETRIC_REPRESENTATION_CONTEXT(2) 
PARAMETRIC_REPRESENTATION_CONTEXT() REPRESENTATION_CONTEXT('2D SPACE',''
  ) );
#10722 = ADVANCED_FACE('',(#10723),#1204,.T.);
#10723 = FACE_BOUND('',#10724,.T.);
#10724 = EDGE_LOOP('',(#10725,#10726,#10748,#10749));
#10725 = ORIENTED_EDGE('',*,*,#1614,.F.);
#10726 = ORIENTED_EDGE('',*,*,#10727,.T.);
#10727 = EDGE_CURVE('',#1586,#1106,#10728,.T.);
#10728 = SURFACE_CURVE('',#10729,(#10734,#10741),.PCURVE_S1.);
#10729 = CIRCLE('',#10730,0.25);
#10730 = AXIS2_PLACEMENT_3D('',#10731,#10732,#10733);
#10731 = CARTESIAN_POINT('',(27.59720953558,-6.085483141678,-4.3));
#10732 = DIRECTION('',(0.259546952295,0.965730490124,-7.031275949673E-16
    ));
#10733 = DIRECTION('',(-0.965730490124,0.259546952295,
    -4.238665850286E-18));
#10734 = PCURVE('',#1204,#10735);
#10735 = DEFINITIONAL_REPRESENTATION('',(#10736),#10740);
#10736 = LINE('',#10737,#10738);
#10737 = CARTESIAN_POINT('',(1.570796326795,7.853981633974));
#10738 = VECTOR('',#10739,1.);
#10739 = DIRECTION('',(3.278042132272E-15,-1.));
#10740 = ( GEOMETRIC_REPRESENTATION_CONTEXT(2) 
PARAMETRIC_REPRESENTATION_CONTEXT() REPRESENTATION_CONTEXT('2D SPACE',''
  ) );
#10741 = PCURVE('',#5377,#10742);
#10742 = DEFINITIONAL_REPRESENTATION('',(#10743),#10747);
#10743 = LINE('',#10744,#10745);
#10744 = CARTESIAN_POINT('',(-4.712388980385,2.571670019493));
#10745 = VECTOR('',#10746,1.);
#10746 = DIRECTION('',(1.,2.070342399329E-15));
#10747 = ( GEOMETRIC_REPRESENTATION_CONTEXT(2) 
PARAMETRIC_REPRESENTATION_CONTEXT() REPRESENTATION_CONTEXT('2D SPACE',''
  ) );
#10748 = ORIENTED_EDGE('',*,*,#1189,.F.);
#10749 = ORIENTED_EDGE('',*,*,#10750,.F.);
#10750 = EDGE_CURVE('',#1615,#1161,#10751,.T.);
#10751 = SURFACE_CURVE('',#10752,(#10757,#10764),.PCURVE_S1.);
#10752 = CIRCLE('',#10753,0.25);
#10753 = AXIS2_PLACEMENT_3D('',#10754,#10755,#10756);
#10754 = CARTESIAN_POINT('',(27.778892402186,-5.409471798591,-5.));
#10755 = DIRECTION('',(2.044679885754E-15,-9.283566826829E-16,-1.));
#10756 = DIRECTION('',(-0.965730490124,0.259546952295,
    -2.215561855848E-15));
#10757 = PCURVE('',#1204,#10758);
#10758 = DEFINITIONAL_REPRESENTATION('',(#10759),#10763);
#10759 = LINE('',#10760,#10761);
#10760 = CARTESIAN_POINT('',(3.14159265359,7.853981633974));
#10761 = VECTOR('',#10762,1.);
#10762 = DIRECTION('',(3.450570665549E-16,-1.));
#10763 = ( GEOMETRIC_REPRESENTATION_CONTEXT(2) 
PARAMETRIC_REPRESENTATION_CONTEXT() REPRESENTATION_CONTEXT('2D SPACE',''
  ) );
#10764 = PCURVE('',#5429,#10765);
#10765 = DEFINITIONAL_REPRESENTATION('',(#10766),#10770);
#10766 = LINE('',#10767,#10768);
#10767 = CARTESIAN_POINT('',(-4.712388980385,0.));
#10768 = VECTOR('',#10769,1.);
#10769 = DIRECTION('',(1.,0.));
#10770 = ( GEOMETRIC_REPRESENTATION_CONTEXT(2) 
PARAMETRIC_REPRESENTATION_CONTEXT() REPRESENTATION_CONTEXT('2D SPACE',''
  ) );
#10771 = ADVANCED_FACE('',(#10772),#10126,.T.);
#10772 = FACE_BOUND('',#10773,.T.);
#10773 = EDGE_LOOP('',(#10774,#10798,#10799,#10823));
#10774 = ORIENTED_EDGE('',*,*,#10775,.T.);
#10775 = EDGE_CURVE('',#10776,#10064,#10778,.T.);
#10776 = VERTEX_POINT('',#10777);
#10777 = CARTESIAN_POINT('',(26.697965102083,-8.506732021489,-4.23));
#10778 = SURFACE_CURVE('',#10779,(#10784,#10791),.PCURVE_S1.);
#10779 = CIRCLE('',#10780,0.25);
#10780 = AXIS2_PLACEMENT_3D('',#10781,#10782,#10783);
#10781 = CARTESIAN_POINT('',(26.929740419713,-8.569023290039,-4.3));
#10782 = DIRECTION('',(0.259546952295,0.965730490124,-3.658519214112E-16
    ));
#10783 = DIRECTION('',(-0.965730490124,0.259546952295,
    -4.238665850285E-18));
#10784 = PCURVE('',#10126,#10785);
#10785 = DEFINITIONAL_REPRESENTATION('',(#10786),#10790);
#10786 = LINE('',#10787,#10788);
#10787 = CARTESIAN_POINT('',(1.570796326795,9.861035825291E-16));
#10788 = VECTOR('',#10789,1.);
#10789 = DIRECTION('',(1.,-3.450570665549E-16));
#10790 = ( GEOMETRIC_REPRESENTATION_CONTEXT(2) 
PARAMETRIC_REPRESENTATION_CONTEXT() REPRESENTATION_CONTEXT('2D SPACE',''
  ) );
#10791 = PCURVE('',#10499,#10792);
#10792 = DEFINITIONAL_REPRESENTATION('',(#10793),#10797);
#10793 = LINE('',#10794,#10795);
#10794 = CARTESIAN_POINT('',(1.570796326795,7.853981633974));
#10795 = VECTOR('',#10796,1.);
#10796 = DIRECTION('',(-4.313213331936E-16,-1.));
#10797 = ( GEOMETRIC_REPRESENTATION_CONTEXT(2) 
PARAMETRIC_REPRESENTATION_CONTEXT() REPRESENTATION_CONTEXT('2D SPACE',''
  ) );
#10798 = ORIENTED_EDGE('',*,*,#10112,.T.);
#10799 = ORIENTED_EDGE('',*,*,#10800,.F.);
#10800 = EDGE_CURVE('',#10801,#10089,#10803,.T.);
#10801 = VERTEX_POINT('',#10802);
#10802 = CARTESIAN_POINT('',(27.36543421795,-6.023191873127,-4.23));
#10803 = SURFACE_CURVE('',#10804,(#10809,#10816),.PCURVE_S1.);
#10804 = CIRCLE('',#10805,0.25);
#10805 = AXIS2_PLACEMENT_3D('',#10806,#10807,#10808);
#10806 = CARTESIAN_POINT('',(27.59720953558,-6.085483141678,-4.3));
#10807 = DIRECTION('',(0.259546952295,0.965730490124,-7.031275949673E-16
    ));
#10808 = DIRECTION('',(-0.965730490124,0.259546952295,
    -4.238665850286E-18));
#10809 = PCURVE('',#10126,#10810);
#10810 = DEFINITIONAL_REPRESENTATION('',(#10811),#10815);
#10811 = LINE('',#10812,#10813);
#10812 = CARTESIAN_POINT('',(1.570796326795,2.571670019493));
#10813 = VECTOR('',#10814,1.);
#10814 = DIRECTION('',(1.,-6.901141331098E-16));
#10815 = ( GEOMETRIC_REPRESENTATION_CONTEXT(2) 
PARAMETRIC_REPRESENTATION_CONTEXT() REPRESENTATION_CONTEXT('2D SPACE',''
  ) );
#10816 = PCURVE('',#10459,#10817);
#10817 = DEFINITIONAL_REPRESENTATION('',(#10818),#10822);
#10818 = LINE('',#10819,#10820);
#10819 = CARTESIAN_POINT('',(1.570796326795,7.853981633974));
#10820 = VECTOR('',#10821,1.);
#10821 = DIRECTION('',(-9.48906933026E-16,-1.));
#10822 = ( GEOMETRIC_REPRESENTATION_CONTEXT(2) 
PARAMETRIC_REPRESENTATION_CONTEXT() REPRESENTATION_CONTEXT('2D SPACE',''
  ) );
#10823 = ORIENTED_EDGE('',*,*,#10824,.F.);
#10824 = EDGE_CURVE('',#10776,#10801,#10825,.T.);
#10825 = SURFACE_CURVE('',#10826,(#10830,#10837),.PCURVE_S1.);
#10826 = LINE('',#10827,#10828);
#10827 = CARTESIAN_POINT('',(27.031699660017,-7.264961947308,-4.23));
#10828 = VECTOR('',#10829,1.);
#10829 = DIRECTION('',(0.259546952295,0.965730490124,-4.564996783438E-16
    ));
#10830 = PCURVE('',#10126,#10831);
#10831 = DEFINITIONAL_REPRESENTATION('',(#10832),#10836);
#10832 = LINE('',#10833,#10834);
#10833 = CARTESIAN_POINT('',(1.854590436003,1.285835009746));
#10834 = VECTOR('',#10835,1.);
#10835 = DIRECTION('',(1.295138586455E-15,1.));
#10836 = ( GEOMETRIC_REPRESENTATION_CONTEXT(2) 
PARAMETRIC_REPRESENTATION_CONTEXT() REPRESENTATION_CONTEXT('2D SPACE',''
  ) );
#10837 = PCURVE('',#10838,#10843);
#10838 = CYLINDRICAL_SURFACE('',#10839,0.25);
#10839 = AXIS2_PLACEMENT_3D('',#10840,#10841,#10842);
#10840 = CARTESIAN_POINT('',(26.466189784454,-8.444440752938,-4.3));
#10841 = DIRECTION('',(0.259546952295,0.965730490124,-4.564996783438E-16
    ));
#10842 = DIRECTION('',(-1.143896913886E-16,-4.419557909115E-16,-1.));
#10843 = DEFINITIONAL_REPRESENTATION('',(#10844),#10848);
#10844 = LINE('',#10845,#10846);
#10845 = CARTESIAN_POINT('',(4.428594871176,1.285835009746));
#10846 = VECTOR('',#10847,1.);
#10847 = DIRECTION('',(-1.036110869164E-15,1.));
#10848 = ( GEOMETRIC_REPRESENTATION_CONTEXT(2) 
PARAMETRIC_REPRESENTATION_CONTEXT() REPRESENTATION_CONTEXT('2D SPACE',''
  ) );
#10849 = ADVANCED_FACE('',(#10850),#1090,.T.);
#10850 = FACE_BOUND('',#10851,.T.);
#10851 = EDGE_LOOP('',(#10852,#10853,#10875,#10876));
#10852 = ORIENTED_EDGE('',*,*,#1505,.F.);
#10853 = ORIENTED_EDGE('',*,*,#10854,.T.);
#10854 = EDGE_CURVE('',#1472,#992,#10855,.T.);
#10855 = SURFACE_CURVE('',#10856,(#10861,#10868),.PCURVE_S1.);
#10856 = CIRCLE('',#10857,0.25);
#10857 = AXIS2_PLACEMENT_3D('',#10858,#10859,#10860);
#10858 = CARTESIAN_POINT('',(26.929740419713,-8.569023290039,-13.7));
#10859 = DIRECTION('',(-0.259546952295,-0.965730490124,
    3.658519214112E-16));
#10860 = DIRECTION('',(-0.965730490124,0.259546952295,
    -4.238665850284E-18));
#10861 = PCURVE('',#1090,#10862);
#10862 = DEFINITIONAL_REPRESENTATION('',(#10863),#10867);
#10863 = LINE('',#10864,#10865);
#10864 = CARTESIAN_POINT('',(4.712388980385,7.853981633974));
#10865 = VECTOR('',#10866,1.);
#10866 = DIRECTION('',(0.,-1.));
#10867 = ( GEOMETRIC_REPRESENTATION_CONTEXT(2) 
PARAMETRIC_REPRESENTATION_CONTEXT() REPRESENTATION_CONTEXT('2D SPACE',''
  ) );
#10868 = PCURVE('',#1493,#10869);
#10869 = DEFINITIONAL_REPRESENTATION('',(#10870),#10874);
#10870 = LINE('',#10871,#10872);
#10871 = CARTESIAN_POINT('',(-3.14159265359,2.571670019493));
#10872 = VECTOR('',#10873,1.);
#10873 = DIRECTION('',(1.,0.));
#10874 = ( GEOMETRIC_REPRESENTATION_CONTEXT(2) 
PARAMETRIC_REPRESENTATION_CONTEXT() REPRESENTATION_CONTEXT('2D SPACE',''
  ) );
#10875 = ORIENTED_EDGE('',*,*,#1075,.F.);
#10876 = ORIENTED_EDGE('',*,*,#10877,.F.);
#10877 = EDGE_CURVE('',#1506,#1052,#10878,.T.);
#10878 = SURFACE_CURVE('',#10879,(#10884,#10891),.PCURVE_S1.);
#10879 = CIRCLE('',#10880,0.25);
#10880 = AXIS2_PLACEMENT_3D('',#10881,#10882,#10883);
#10881 = CARTESIAN_POINT('',(26.748057553107,-9.245034633126,-13.));
#10882 = DIRECTION('',(2.198264433489E-15,-3.24232415865E-16,1.));
#10883 = DIRECTION('',(-0.965730490124,0.259546952295,2.207084524148E-15
    ));
#10884 = PCURVE('',#1090,#10885);
#10885 = DEFINITIONAL_REPRESENTATION('',(#10886),#10890);
#10886 = LINE('',#10887,#10888);
#10887 = CARTESIAN_POINT('',(6.28318530718,7.853981633974));
#10888 = VECTOR('',#10889,1.);
#10889 = DIRECTION('',(0.,-1.));
#10890 = ( GEOMETRIC_REPRESENTATION_CONTEXT(2) 
PARAMETRIC_REPRESENTATION_CONTEXT() REPRESENTATION_CONTEXT('2D SPACE',''
  ) );
#10891 = PCURVE('',#5325,#10892);
#10892 = DEFINITIONAL_REPRESENTATION('',(#10893),#10897);
#10893 = LINE('',#10894,#10895);
#10894 = CARTESIAN_POINT('',(-4.712388980385,-1.626043118037E-15));
#10895 = VECTOR('',#10896,1.);
#10896 = DIRECTION('',(1.,3.450570665549E-16));
#10897 = ( GEOMETRIC_REPRESENTATION_CONTEXT(2) 
PARAMETRIC_REPRESENTATION_CONTEXT() REPRESENTATION_CONTEXT('2D SPACE',''
  ) );
#10898 = ADVANCED_FACE('',(#10899),#976,.T.);
#10899 = FACE_BOUND('',#10900,.T.);
#10900 = EDGE_LOOP('',(#10901,#10902,#10924,#10925));
#10901 = ORIENTED_EDGE('',*,*,#1386,.F.);
#10902 = ORIENTED_EDGE('',*,*,#10903,.T.);
#10903 = EDGE_CURVE('',#1331,#851,#10904,.T.);
#10904 = SURFACE_CURVE('',#10905,(#10910,#10917),.PCURVE_S1.);
#10905 = CIRCLE('',#10906,0.25);
#10906 = AXIS2_PLACEMENT_3D('',#10907,#10908,#10909);
#10907 = CARTESIAN_POINT('',(26.748057553107,-9.245034633126,-5.));
#10908 = DIRECTION('',(2.198264433489E-15,-3.24232415865E-16,1.));
#10909 = DIRECTION('',(-0.965730490124,0.259546952295,2.207084524148E-15
    ));
#10910 = PCURVE('',#976,#10911);
#10911 = DEFINITIONAL_REPRESENTATION('',(#10912),#10916);
#10912 = LINE('',#10913,#10914);
#10913 = CARTESIAN_POINT('',(0.,7.853981633974));
#10914 = VECTOR('',#10915,1.);
#10915 = DIRECTION('',(0.,-1.));
#10916 = ( GEOMETRIC_REPRESENTATION_CONTEXT(2) 
PARAMETRIC_REPRESENTATION_CONTEXT() REPRESENTATION_CONTEXT('2D SPACE',''
  ) );
#10917 = PCURVE('',#5325,#10918);
#10918 = DEFINITIONAL_REPRESENTATION('',(#10919),#10923);
#10919 = LINE('',#10920,#10921);
#10920 = CARTESIAN_POINT('',(-4.712388980385,8.));
#10921 = VECTOR('',#10922,1.);
#10922 = DIRECTION('',(1.,0.));
#10923 = ( GEOMETRIC_REPRESENTATION_CONTEXT(2) 
PARAMETRIC_REPRESENTATION_CONTEXT() REPRESENTATION_CONTEXT('2D SPACE',''
  ) );
#10924 = ORIENTED_EDGE('',*,*,#961,.F.);
#10925 = ORIENTED_EDGE('',*,*,#10926,.F.);
#10926 = EDGE_CURVE('',#1387,#933,#10927,.T.);
#10927 = SURFACE_CURVE('',#10928,(#10933,#10940),.PCURVE_S1.);
#10928 = CIRCLE('',#10929,0.25);
#10929 = AXIS2_PLACEMENT_3D('',#10930,#10931,#10932);
#10930 = CARTESIAN_POINT('',(26.929740419713,-8.569023290039,-4.3));
#10931 = DIRECTION('',(0.259546952295,0.965730490124,-3.658519214112E-16
    ));
#10932 = DIRECTION('',(-0.965730490124,0.259546952295,
    -4.238665850285E-18));
#10933 = PCURVE('',#976,#10934);
#10934 = DEFINITIONAL_REPRESENTATION('',(#10935),#10939);
#10935 = LINE('',#10936,#10937);
#10936 = CARTESIAN_POINT('',(1.570796326795,7.853981633974));
#10937 = VECTOR('',#10938,1.);
#10938 = DIRECTION('',(1.207699732942E-15,-1.));
#10939 = ( GEOMETRIC_REPRESENTATION_CONTEXT(2) 
PARAMETRIC_REPRESENTATION_CONTEXT() REPRESENTATION_CONTEXT('2D SPACE',''
  ) );
#10940 = PCURVE('',#5377,#10941);
#10941 = DEFINITIONAL_REPRESENTATION('',(#10942),#10946);
#10942 = LINE('',#10943,#10944);
#10943 = CARTESIAN_POINT('',(-4.712388980385,-3.252086236074E-15));
#10944 = VECTOR('',#10945,1.);
#10945 = DIRECTION('',(1.,6.901141331098E-16));
#10946 = ( GEOMETRIC_REPRESENTATION_CONTEXT(2) 
PARAMETRIC_REPRESENTATION_CONTEXT() REPRESENTATION_CONTEXT('2D SPACE',''
  ) );
#10947 = ADVANCED_FACE('',(#10948),#10324,.T.);
#10948 = FACE_BOUND('',#10949,.T.);
#10949 = EDGE_LOOP('',(#10950,#10974,#10975,#11021));
#10950 = ORIENTED_EDGE('',*,*,#10951,.T.);
#10951 = EDGE_CURVE('',#10952,#10240,#10954,.T.);
#10952 = VERTEX_POINT('',#10953);
#10953 = CARTESIAN_POINT('',(26.498113948816,-9.250344498884,-13.));
#10954 = SURFACE_CURVE('',#10955,(#10960,#10967),.PCURVE_S1.);
#10955 = CIRCLE('',#10956,0.25);
#10956 = AXIS2_PLACEMENT_3D('',#10957,#10958,#10959);
#10957 = CARTESIAN_POINT('',(26.748057553107,-9.245034633126,-13.));
#10958 = DIRECTION('',(2.198264433489E-15,-3.24232415865E-16,1.));
#10959 = DIRECTION('',(-0.965730490124,0.259546952295,2.207084524148E-15
    ));
#10960 = PCURVE('',#10324,#10961);
#10961 = DEFINITIONAL_REPRESENTATION('',(#10962),#10966);
#10962 = LINE('',#10963,#10964);
#10963 = CARTESIAN_POINT('',(1.570796326795,6.39939535508E-16));
#10964 = VECTOR('',#10965,1.);
#10965 = DIRECTION('',(1.,-6.901141331098E-16));
#10966 = ( GEOMETRIC_REPRESENTATION_CONTEXT(2) 
PARAMETRIC_REPRESENTATION_CONTEXT() REPRESENTATION_CONTEXT('2D SPACE',''
  ) );
#10967 = PCURVE('',#10357,#10968);
#10968 = DEFINITIONAL_REPRESENTATION('',(#10969),#10973);
#10969 = LINE('',#10970,#10971);
#10970 = CARTESIAN_POINT('',(6.28318530718,7.853981633974));
#10971 = VECTOR('',#10972,1.);
#10972 = DIRECTION('',(0.,-1.));
#10973 = ( GEOMETRIC_REPRESENTATION_CONTEXT(2) 
PARAMETRIC_REPRESENTATION_CONTEXT() REPRESENTATION_CONTEXT('2D SPACE',''
  ) );
#10974 = ORIENTED_EDGE('',*,*,#10310,.T.);
#10975 = ORIENTED_EDGE('',*,*,#10976,.F.);
#10976 = EDGE_CURVE('',#10977,#10265,#10979,.T.);
#10977 = VERTEX_POINT('',#10978);
#10978 = CARTESIAN_POINT('',(26.498113948816,-9.250344498884,-5.));
#10979 = SURFACE_CURVE('',#10980,(#10985,#10992),.PCURVE_S1.);
#10980 = CIRCLE('',#10981,0.25);
#10981 = AXIS2_PLACEMENT_3D('',#10982,#10983,#10984);
#10982 = CARTESIAN_POINT('',(26.748057553107,-9.245034633126,-5.));
#10983 = DIRECTION('',(2.198264433489E-15,-3.24232415865E-16,1.));
#10984 = DIRECTION('',(-0.965730490124,0.259546952295,2.207084524148E-15
    ));
#10985 = PCURVE('',#10324,#10986);
#10986 = DEFINITIONAL_REPRESENTATION('',(#10987),#10991);
#10987 = LINE('',#10988,#10989);
#10988 = CARTESIAN_POINT('',(1.570796326795,8.));
#10989 = VECTOR('',#10990,1.);
#10990 = DIRECTION('',(1.,-3.450570665549E-16));
#10991 = ( GEOMETRIC_REPRESENTATION_CONTEXT(2) 
PARAMETRIC_REPRESENTATION_CONTEXT() REPRESENTATION_CONTEXT('2D SPACE',''
  ) );
#10992 = PCURVE('',#10499,#10993);
#10993 = DEFINITIONAL_REPRESENTATION('',(#10994),#11020);
#10994 = B_SPLINE_CURVE_WITH_KNOTS('',3,(#10995,#10996,#10997,#10998,
    #10999,#11000,#11001,#11002,#11003,#11004,#11005,#11006,#11007,
    #11008,#11009,#11010,#11011,#11012,#11013,#11014,#11015,#11016,
    #11017,#11018,#11019),.UNSPECIFIED.,.F.,.F.,(4,1,1,1,1,1,1,1,1,1,1,1
    ,1,1,1,1,1,1,1,1,1,1,4),(0.283794109208,0.400794310807,
    0.517794512406,0.634794714005,0.751794915603,0.868795117202,
    0.985795318801,1.1027955204,1.219795721999,1.336795923597,
    1.453796125196,1.570796326795,1.687796528394,1.804796729992,
    1.921796931591,2.03879713319,2.155797334789,2.272797536388,
    2.389797737986,2.506797939585,2.623798141184,2.740798342783,
    2.857798544381),.QUASI_UNIFORM_KNOTS.);
#10995 = CARTESIAN_POINT('',(0.,7.570187524766));
#10996 = CARTESIAN_POINT('',(6.908793907228E-16,7.531187457567));
#10997 = CARTESIAN_POINT('',(1.349974607569E-15,7.453187323167));
#10998 = CARTESIAN_POINT('',(9.206760368237E-16,7.336187121569));
#10999 = CARTESIAN_POINT('',(1.43667138679E-15,7.21918691997));
#11000 = CARTESIAN_POINT('',(-3.849550921034E-16,7.102186718371));
#11001 = CARTESIAN_POINT('',(1.031489816235E-16,6.985186516772));
#11002 = CARTESIAN_POINT('',(-2.764083439076E-17,6.868186315173));
#11003 = CARTESIAN_POINT('',(7.414355939512E-18,6.751186113575));
#11004 = CARTESIAN_POINT('',(-2.016589367284E-18,6.634185911976));
#11005 = CARTESIAN_POINT('',(6.520015296259E-19,6.517185710377));
#11006 = CARTESIAN_POINT('',(-5.914167512193E-19,6.400185508778));
#11007 = CARTESIAN_POINT('',(1.713665475251E-18,6.28318530718));
#11008 = CARTESIAN_POINT('',(-6.263245149786E-18,6.166185105581));
#11009 = CARTESIAN_POINT('',(2.333931512389E-17,6.049184903982));
#11010 = CARTESIAN_POINT('',(-8.709401534578E-17,5.932184702383));
#11011 = CARTESIAN_POINT('',(3.250367462592E-16,5.815184500784));
#11012 = CARTESIAN_POINT('',(-1.213052969691E-15,5.698184299186));
#11013 = CARTESIAN_POINT('',(-8.018953856954E-16,5.581184097587));
#11014 = CARTESIAN_POINT('',(-9.084360057282E-16,5.464183895988));
#11015 = CARTESIAN_POINT('',(-8.934311095928E-16,5.347183694389));
#11016 = CARTESIAN_POINT('',(-8.469100741015E-16,5.230183492791));
#11017 = CARTESIAN_POINT('',(-1.047999112202E-15,5.113183291192));
#11018 = CARTESIAN_POINT('',(-5.427757009279E-16,5.035183156793));
#11019 = CARTESIAN_POINT('',(0.,4.996183089593));
#11020 = ( GEOMETRIC_REPRESENTATION_CONTEXT(2) 
PARAMETRIC_REPRESENTATION_CONTEXT() REPRESENTATION_CONTEXT('2D SPACE',''
  ) );
#11021 = ORIENTED_EDGE('',*,*,#11022,.F.);
#11022 = EDGE_CURVE('',#10952,#10977,#11023,.T.);
#11023 = SURFACE_CURVE('',#11024,(#11028,#11035),.PCURVE_S1.);
#11024 = LINE('',#11025,#11026);
#11025 = CARTESIAN_POINT('',(26.498113948816,-9.250344498884,-9.));
#11026 = VECTOR('',#11027,1.);
#11027 = DIRECTION('',(-1.28931872002E-18,1.153367983869E-17,1.));
#11028 = PCURVE('',#10324,#11029);
#11029 = DEFINITIONAL_REPRESENTATION('',(#11030),#11034);
#11030 = LINE('',#11031,#11032);
#11031 = CARTESIAN_POINT('',(1.854590436003,4.));
#11032 = VECTOR('',#11033,1.);
#11033 = DIRECTION('',(0.,1.));
#11034 = ( GEOMETRIC_REPRESENTATION_CONTEXT(2) 
PARAMETRIC_REPRESENTATION_CONTEXT() REPRESENTATION_CONTEXT('2D SPACE',''
  ) );
#11035 = PCURVE('',#11036,#11041);
#11036 = CYLINDRICAL_SURFACE('',#11037,0.25);
#11037 = AXIS2_PLACEMENT_3D('',#11038,#11039,#11040);
#11038 = CARTESIAN_POINT('',(26.284506917847,-9.120452096024,-13.));
#11039 = DIRECTION('',(-1.28931872002E-18,1.153367983869E-17,1.));
#11040 = DIRECTION('',(0.259546952295,0.965730490124,-1.080378753923E-17
    ));
#11041 = DEFINITIONAL_REPRESENTATION('',(#11042),#11046);
#11042 = LINE('',#11043,#11044);
#11043 = CARTESIAN_POINT('',(4.428594871176,4.));
#11044 = VECTOR('',#11045,1.);
#11045 = DIRECTION('',(0.,1.));
#11046 = ( GEOMETRIC_REPRESENTATION_CONTEXT(2) 
PARAMETRIC_REPRESENTATION_CONTEXT() REPRESENTATION_CONTEXT('2D SPACE',''
  ) );
#11047 = ADVANCED_FACE('',(#11048),#10357,.T.);
#11048 = FACE_BOUND('',#11049,.T.);
#11049 = EDGE_LOOP('',(#11050,#11051,#11052,#11053));
#11050 = ORIENTED_EDGE('',*,*,#10546,.T.);
#11051 = ORIENTED_EDGE('',*,*,#10342,.T.);
#11052 = ORIENTED_EDGE('',*,*,#10951,.F.);
#11053 = ORIENTED_EDGE('',*,*,#11054,.F.);
#11054 = EDGE_CURVE('',#10547,#10952,#11055,.T.);
#11055 = SURFACE_CURVE('',#11056,(#11061,#11068),.PCURVE_S1.);
#11056 = CIRCLE('',#11057,0.77);
#11057 = AXIS2_PLACEMENT_3D('',#11058,#11059,#11060);
#11058 = CARTESIAN_POINT('',(26.697965102083,-8.506732021489,-13.));
#11059 = DIRECTION('',(-0.965730490124,0.259546952295,
    -4.238665850285E-18));
#11060 = DIRECTION('',(-0.259546952295,-0.965730490124,
    1.192240047878E-16));
#11061 = PCURVE('',#10357,#11062);
#11062 = DEFINITIONAL_REPRESENTATION('',(#11063),#11067);
#11063 = LINE('',#11064,#11065);
#11064 = CARTESIAN_POINT('',(8.881784197001E-16,7.570187524766));
#11065 = VECTOR('',#11066,1.);
#11066 = DIRECTION('',(1.,4.240739575285E-16));
#11067 = ( GEOMETRIC_REPRESENTATION_CONTEXT(2) 
PARAMETRIC_REPRESENTATION_CONTEXT() REPRESENTATION_CONTEXT('2D SPACE',''
  ) );
#11068 = PCURVE('',#11069,#11074);
#11069 = TOROIDAL_SURFACE('',#11070,0.7,0.25);
#11070 = AXIS2_PLACEMENT_3D('',#11071,#11072,#11073);
#11071 = CARTESIAN_POINT('',(26.466189784454,-8.444440752938,-13.));
#11072 = DIRECTION('',(-0.965730490124,0.259546952295,
    -4.238665850285E-18));
#11073 = DIRECTION('',(-0.259546952295,-0.965730490124,
    1.192240047878E-16));
#11074 = DEFINITIONAL_REPRESENTATION('',(#11075),#11079);
#11075 = LINE('',#11076,#11077);
#11076 = CARTESIAN_POINT('',(0.,-1.287002217587));
#11077 = VECTOR('',#11078,1.);
#11078 = DIRECTION('',(1.,2.827159716856E-15));
#11079 = ( GEOMETRIC_REPRESENTATION_CONTEXT(2) 
PARAMETRIC_REPRESENTATION_CONTEXT() REPRESENTATION_CONTEXT('2D SPACE',''
  ) );
#11080 = ADVANCED_FACE('',(#11081),#1493,.T.);
#11081 = FACE_BOUND('',#11082,.T.);
#11082 = EDGE_LOOP('',(#11083,#11084,#11085,#11086,#11087,#11108));
#11083 = ORIENTED_EDGE('',*,*,#1469,.F.);
#11084 = ORIENTED_EDGE('',*,*,#10376,.T.);
#11085 = ORIENTED_EDGE('',*,*,#1752,.T.);
#11086 = ORIENTED_EDGE('',*,*,#10623,.T.);
#11087 = ORIENTED_EDGE('',*,*,#11088,.F.);
#11088 = EDGE_CURVE('',#992,#1275,#11089,.T.);
#11089 = SURFACE_CURVE('',#11090,(#11094,#11101),.PCURVE_S1.);
#11090 = LINE('',#11091,#11092);
#11091 = CARTESIAN_POINT('',(27.031699660017,-7.264961947308,-13.63));
#11092 = VECTOR('',#11093,1.);
#11093 = DIRECTION('',(0.259546952295,0.965730490124,-1.192240047878E-16
    ));
#11094 = PCURVE('',#1493,#11095);
#11095 = DEFINITIONAL_REPRESENTATION('',(#11096),#11100);
#11096 = LINE('',#11097,#11098);
#11097 = CARTESIAN_POINT('',(2.857798544381,1.285835009746));
#11098 = VECTOR('',#11099,1.);
#11099 = DIRECTION('',(0.,-1.));
#11100 = ( GEOMETRIC_REPRESENTATION_CONTEXT(2) 
PARAMETRIC_REPRESENTATION_CONTEXT() REPRESENTATION_CONTEXT('2D SPACE',''
  ) );
#11101 = PCURVE('',#1015,#11102);
#11102 = DEFINITIONAL_REPRESENTATION('',(#11103),#11107);
#11103 = LINE('',#11104,#11105);
#11104 = CARTESIAN_POINT('',(0.283794109208,1.285835009746));
#11105 = VECTOR('',#11106,1.);
#11106 = DIRECTION('',(0.,-1.));
#11107 = ( GEOMETRIC_REPRESENTATION_CONTEXT(2) 
PARAMETRIC_REPRESENTATION_CONTEXT() REPRESENTATION_CONTEXT('2D SPACE',''
  ) );
#11108 = ORIENTED_EDGE('',*,*,#10854,.F.);
#11109 = ADVANCED_FACE('',(#11110),#10419,.T.);
#11110 = FACE_BOUND('',#11111,.T.);
#11111 = EDGE_LOOP('',(#11112,#11113,#11114,#11115));
#11112 = ORIENTED_EDGE('',*,*,#10673,.T.);
#11113 = ORIENTED_EDGE('',*,*,#10404,.T.);
#11114 = ORIENTED_EDGE('',*,*,#10521,.F.);
#11115 = ORIENTED_EDGE('',*,*,#11116,.F.);
#11116 = EDGE_CURVE('',#10674,#10522,#11117,.T.);
#11117 = SURFACE_CURVE('',#11118,(#11123,#11130),.PCURVE_S1.);
#11118 = CIRCLE('',#11119,0.77);
#11119 = AXIS2_PLACEMENT_3D('',#11120,#11121,#11122);
#11120 = CARTESIAN_POINT('',(27.36543421795,-6.023191873127,-13.));
#11121 = DIRECTION('',(-0.965730490124,0.259546952295,
    -4.238665850285E-18));
#11122 = DIRECTION('',(-0.259546952295,-0.965730490124,
    1.192240047878E-16));
#11123 = PCURVE('',#10419,#11124);
#11124 = DEFINITIONAL_REPRESENTATION('',(#11125),#11129);
#11125 = LINE('',#11126,#11127);
#11126 = CARTESIAN_POINT('',(0.,7.570187524766));
#11127 = VECTOR('',#11128,1.);
#11128 = DIRECTION('',(1.,0.));
#11129 = ( GEOMETRIC_REPRESENTATION_CONTEXT(2) 
PARAMETRIC_REPRESENTATION_CONTEXT() REPRESENTATION_CONTEXT('2D SPACE',''
  ) );
#11130 = PCURVE('',#11131,#11136);
#11131 = TOROIDAL_SURFACE('',#11132,0.7,0.25);
#11132 = AXIS2_PLACEMENT_3D('',#11133,#11134,#11135);
#11133 = CARTESIAN_POINT('',(27.133658900321,-5.960900604577,-13.));
#11134 = DIRECTION('',(-0.965730490124,0.259546952295,
    -4.238665850285E-18));
#11135 = DIRECTION('',(-0.259546952295,-0.965730490124,
    1.192240047878E-16));
#11136 = DEFINITIONAL_REPRESENTATION('',(#11137),#11141);
#11137 = LINE('',#11138,#11139);
#11138 = CARTESIAN_POINT('',(0.,-1.287002217587));
#11139 = VECTOR('',#11140,1.);
#11140 = DIRECTION('',(1.,6.219751377084E-15));
#11141 = ( GEOMETRIC_REPRESENTATION_CONTEXT(2) 
PARAMETRIC_REPRESENTATION_CONTEXT() REPRESENTATION_CONTEXT('2D SPACE',''
  ) );
#11142 = ADVANCED_FACE('',(#11143),#5429,.T.);
#11143 = FACE_BOUND('',#11144,.T.);
#11144 = EDGE_LOOP('',(#11145,#11146,#11147,#11148));
#11145 = ORIENTED_EDGE('',*,*,#5549,.F.);
#11146 = ORIENTED_EDGE('',*,*,#10750,.T.);
#11147 = ORIENTED_EDGE('',*,*,#5415,.F.);
#11148 = ORIENTED_EDGE('',*,*,#10600,.F.);
#11149 = ADVANCED_FACE('',(#11150),#10459,.T.);
#11150 = FACE_BOUND('',#11151,.T.);
#11151 = EDGE_LOOP('',(#11152,#11153,#11154,#11155));
#11152 = ORIENTED_EDGE('',*,*,#10800,.T.);
#11153 = ORIENTED_EDGE('',*,*,#10444,.T.);
#11154 = ORIENTED_EDGE('',*,*,#10648,.F.);
#11155 = ORIENTED_EDGE('',*,*,#11156,.F.);
#11156 = EDGE_CURVE('',#10801,#10649,#11157,.T.);
#11157 = SURFACE_CURVE('',#11158,(#11163,#11170),.PCURVE_S1.);
#11158 = CIRCLE('',#11159,0.77);
#11159 = AXIS2_PLACEMENT_3D('',#11160,#11161,#11162);
#11160 = CARTESIAN_POINT('',(27.36543421795,-6.023191873127,-5.));
#11161 = DIRECTION('',(-0.965730490124,0.259546952295,
    -4.238665850285E-18));
#11162 = DIRECTION('',(-0.259546952295,-0.965730490124,
    1.192240047878E-16));
#11163 = PCURVE('',#10459,#11164);
#11164 = DEFINITIONAL_REPRESENTATION('',(#11165),#11169);
#11165 = LINE('',#11166,#11167);
#11166 = CARTESIAN_POINT('',(2.442490654175E-15,7.570187524766));
#11167 = VECTOR('',#11168,1.);
#11168 = DIRECTION('',(1.,-2.120369787642E-15));
#11169 = ( GEOMETRIC_REPRESENTATION_CONTEXT(2) 
PARAMETRIC_REPRESENTATION_CONTEXT() REPRESENTATION_CONTEXT('2D SPACE',''
  ) );
#11170 = PCURVE('',#11171,#11176);
#11171 = TOROIDAL_SURFACE('',#11172,0.7,0.25);
#11172 = AXIS2_PLACEMENT_3D('',#11173,#11174,#11175);
#11173 = CARTESIAN_POINT('',(27.133658900321,-5.960900604577,-5.));
#11174 = DIRECTION('',(-0.965730490124,0.259546952295,
    -4.238665850285E-18));
#11175 = DIRECTION('',(-0.259546952295,-0.965730490124,
    1.192240047878E-16));
#11176 = DEFINITIONAL_REPRESENTATION('',(#11177),#11181);
#11177 = LINE('',#11178,#11179);
#11178 = CARTESIAN_POINT('',(-1.110223024625E-15,-1.287002217587));
#11179 = VECTOR('',#11180,1.);
#11180 = DIRECTION('',(1.,-4.52345554697E-15));
#11181 = ( GEOMETRIC_REPRESENTATION_CONTEXT(2) 
PARAMETRIC_REPRESENTATION_CONTEXT() REPRESENTATION_CONTEXT('2D SPACE',''
  ) );
#11182 = ADVANCED_FACE('',(#11183),#5377,.T.);
#11183 = FACE_BOUND('',#11184,.T.);
#11184 = EDGE_LOOP('',(#11185,#11186,#11187,#11188));
#11185 = ORIENTED_EDGE('',*,*,#5497,.F.);
#11186 = ORIENTED_EDGE('',*,*,#10926,.T.);
#11187 = ORIENTED_EDGE('',*,*,#5363,.F.);
#11188 = ORIENTED_EDGE('',*,*,#10727,.F.);
#11189 = ADVANCED_FACE('',(#11190),#10499,.T.);
#11190 = FACE_BOUND('',#11191,.T.);
#11191 = EDGE_LOOP('',(#11192,#11193,#11194,#11195));
#11192 = ORIENTED_EDGE('',*,*,#10976,.T.);
#11193 = ORIENTED_EDGE('',*,*,#10484,.T.);
#11194 = ORIENTED_EDGE('',*,*,#10775,.F.);
#11195 = ORIENTED_EDGE('',*,*,#11196,.F.);
#11196 = EDGE_CURVE('',#10977,#10776,#11197,.T.);
#11197 = SURFACE_CURVE('',#11198,(#11203,#11210),.PCURVE_S1.);
#11198 = CIRCLE('',#11199,0.77);
#11199 = AXIS2_PLACEMENT_3D('',#11200,#11201,#11202);
#11200 = CARTESIAN_POINT('',(26.697965102083,-8.506732021489,-5.));
#11201 = DIRECTION('',(-0.965730490124,0.259546952295,
    -4.238665850285E-18));
#11202 = DIRECTION('',(-0.259546952295,-0.965730490124,
    1.192240047878E-16));
#11203 = PCURVE('',#10499,#11204);
#11204 = DEFINITIONAL_REPRESENTATION('',(#11205),#11209);
#11205 = LINE('',#11206,#11207);
#11206 = CARTESIAN_POINT('',(0.,7.570187524766));
#11207 = VECTOR('',#11208,1.);
#11208 = DIRECTION('',(1.,-5.654319433713E-16));
#11209 = ( GEOMETRIC_REPRESENTATION_CONTEXT(2) 
PARAMETRIC_REPRESENTATION_CONTEXT() REPRESENTATION_CONTEXT('2D SPACE',''
  ) );
#11210 = PCURVE('',#11211,#11216);
#11211 = TOROIDAL_SURFACE('',#11212,0.7,0.25);
#11212 = AXIS2_PLACEMENT_3D('',#11213,#11214,#11215);
#11213 = CARTESIAN_POINT('',(26.466189784454,-8.444440752938,-5.));
#11214 = DIRECTION('',(-0.965730490124,0.259546952295,
    -4.238665850285E-18));
#11215 = DIRECTION('',(-0.259546952295,-0.965730490124,
    1.192240047878E-16));
#11216 = DEFINITIONAL_REPRESENTATION('',(#11217),#11221);
#11217 = LINE('',#11218,#11219);
#11218 = CARTESIAN_POINT('',(0.,-1.287002217587));
#11219 = VECTOR('',#11220,1.);
#11220 = DIRECTION('',(1.,-2.827159716856E-15));
#11221 = ( GEOMETRIC_REPRESENTATION_CONTEXT(2) 
PARAMETRIC_REPRESENTATION_CONTEXT() REPRESENTATION_CONTEXT('2D SPACE',''
  ) );
#11222 = ADVANCED_FACE('',(#11223),#5325,.T.);
#11223 = FACE_BOUND('',#11224,.T.);
#11224 = EDGE_LOOP('',(#11225,#11226,#11227,#11228));
#11225 = ORIENTED_EDGE('',*,*,#5445,.F.);
#11226 = ORIENTED_EDGE('',*,*,#10877,.T.);
#11227 = ORIENTED_EDGE('',*,*,#5311,.F.);
#11228 = ORIENTED_EDGE('',*,*,#10903,.F.);
#11229 = ADVANCED_FACE('',(#11230),#10584,.T.);
#11230 = FACE_BOUND('',#11231,.T.);
#11231 = EDGE_LOOP('',(#11232,#11256,#11257,#11281));
#11232 = ORIENTED_EDGE('',*,*,#11233,.T.);
#11233 = EDGE_CURVE('',#11234,#10522,#11236,.T.);
#11234 = VERTEX_POINT('',#11235);
#11235 = CARTESIAN_POINT('',(26.901883582691,-5.898609336026,-13.77));
#11236 = SURFACE_CURVE('',#11237,(#11242,#11249),.PCURVE_S1.);
#11237 = CIRCLE('',#11238,0.25);
#11238 = AXIS2_PLACEMENT_3D('',#11239,#11240,#11241);
#11239 = CARTESIAN_POINT('',(27.133658900321,-5.960900604577,-13.7));
#11240 = DIRECTION('',(-0.259546952295,-0.965730490124,
    5.607987212962E-17));
#11241 = DIRECTION('',(-0.965730490124,0.259546952295,
    -4.238665850285E-18));
#11242 = PCURVE('',#10584,#11243);
#11243 = DEFINITIONAL_REPRESENTATION('',(#11244),#11248);
#11244 = LINE('',#11245,#11246);
#11245 = CARTESIAN_POINT('',(3.14159265359,1.874282002229E-15));
#11246 = VECTOR('',#11247,1.);
#11247 = DIRECTION('',(1.,-3.450570665549E-16));
#11248 = ( GEOMETRIC_REPRESENTATION_CONTEXT(2) 
PARAMETRIC_REPRESENTATION_CONTEXT() REPRESENTATION_CONTEXT('2D SPACE',''
  ) );
#11249 = PCURVE('',#11131,#11250);
#11250 = DEFINITIONAL_REPRESENTATION('',(#11251),#11255);
#11251 = LINE('',#11252,#11253);
#11252 = CARTESIAN_POINT('',(4.712388980385,1.570796326795));
#11253 = VECTOR('',#11254,1.);
#11254 = DIRECTION('',(-3.450570665549E-16,-1.));
#11255 = ( GEOMETRIC_REPRESENTATION_CONTEXT(2) 
PARAMETRIC_REPRESENTATION_CONTEXT() REPRESENTATION_CONTEXT('2D SPACE',''
  ) );
#11256 = ORIENTED_EDGE('',*,*,#10570,.T.);
#11257 = ORIENTED_EDGE('',*,*,#11258,.F.);
#11258 = EDGE_CURVE('',#11259,#10547,#11261,.T.);
#11259 = VERTEX_POINT('',#11260);
#11260 = CARTESIAN_POINT('',(26.234414466824,-8.382149484387,-13.77));
#11261 = SURFACE_CURVE('',#11262,(#11267,#11274),.PCURVE_S1.);
#11262 = CIRCLE('',#11263,0.25);
#11263 = AXIS2_PLACEMENT_3D('',#11264,#11265,#11266);
#11264 = CARTESIAN_POINT('',(26.466189784454,-8.444440752938,-13.7));
#11265 = DIRECTION('',(-0.259546952295,-0.965730490124,
    3.658519214112E-16));
#11266 = DIRECTION('',(-0.965730490124,0.259546952295,
    -4.238665850284E-18));
#11267 = PCURVE('',#10584,#11268);
#11268 = DEFINITIONAL_REPRESENTATION('',(#11269),#11273);
#11269 = LINE('',#11270,#11271);
#11270 = CARTESIAN_POINT('',(3.14159265359,2.571670019493));
#11271 = VECTOR('',#11272,1.);
#11272 = DIRECTION('',(1.,0.));
#11273 = ( GEOMETRIC_REPRESENTATION_CONTEXT(2) 
PARAMETRIC_REPRESENTATION_CONTEXT() REPRESENTATION_CONTEXT('2D SPACE',''
  ) );
#11274 = PCURVE('',#11069,#11275);
#11275 = DEFINITIONAL_REPRESENTATION('',(#11276),#11280);
#11276 = LINE('',#11277,#11278);
#11277 = CARTESIAN_POINT('',(4.712388980385,1.570796326795));
#11278 = VECTOR('',#11279,1.);
#11279 = DIRECTION('',(0.,-1.));
#11280 = ( GEOMETRIC_REPRESENTATION_CONTEXT(2) 
PARAMETRIC_REPRESENTATION_CONTEXT() REPRESENTATION_CONTEXT('2D SPACE',''
  ) );
#11281 = ORIENTED_EDGE('',*,*,#11282,.F.);
#11282 = EDGE_CURVE('',#11234,#11259,#11283,.T.);
#11283 = SURFACE_CURVE('',#11284,(#11288,#11295),.PCURVE_S1.);
#11284 = LINE('',#11285,#11286);
#11285 = CARTESIAN_POINT('',(26.568149024758,-7.140379410206,-13.77));
#11286 = VECTOR('',#11287,1.);
#11287 = DIRECTION('',(-0.259546952295,-0.965730490124,
    1.192240047878E-16));
#11288 = PCURVE('',#10584,#11289);
#11289 = DEFINITIONAL_REPRESENTATION('',(#11290),#11294);
#11290 = LINE('',#11291,#11292);
#11291 = CARTESIAN_POINT('',(3.425386762798,1.285835009746));
#11292 = VECTOR('',#11293,1.);
#11293 = DIRECTION('',(0.,1.));
#11294 = ( GEOMETRIC_REPRESENTATION_CONTEXT(2) 
PARAMETRIC_REPRESENTATION_CONTEXT() REPRESENTATION_CONTEXT('2D SPACE',''
  ) );
#11295 = PCURVE('',#536,#11296);
#11296 = DEFINITIONAL_REPRESENTATION('',(#11297),#11301);
#11297 = LINE('',#11298,#11299);
#11298 = CARTESIAN_POINT('',(5.999391197971,1.285835009746));
#11299 = VECTOR('',#11300,1.);
#11300 = DIRECTION('',(0.,1.));
#11301 = ( GEOMETRIC_REPRESENTATION_CONTEXT(2) 
PARAMETRIC_REPRESENTATION_CONTEXT() REPRESENTATION_CONTEXT('2D SPACE',''
  ) );
#11302 = ADVANCED_FACE('',(#11303),#642,.T.);
#11303 = FACE_BOUND('',#11304,.T.);
#11304 = EDGE_LOOP('',(#11305,#11306,#11328,#11329));
#11305 = ORIENTED_EDGE('',*,*,#1250,.F.);
#11306 = ORIENTED_EDGE('',*,*,#11307,.T.);
#11307 = EDGE_CURVE('',#1222,#579,#11308,.T.);
#11308 = SURFACE_CURVE('',#11309,(#11314,#11321),.PCURVE_S1.);
#11309 = CIRCLE('',#11310,0.25);
#11310 = AXIS2_PLACEMENT_3D('',#11311,#11312,#11313);
#11311 = CARTESIAN_POINT('',(27.315341766927,-5.28488926149,-13.));
#11312 = DIRECTION('',(2.058749954231E-15,-8.760043279116E-16,-1.));
#11313 = DIRECTION('',(-0.965730490124,0.259546952295,
    -2.215561855848E-15));
#11314 = PCURVE('',#642,#11315);
#11315 = DEFINITIONAL_REPRESENTATION('',(#11316),#11320);
#11316 = LINE('',#11317,#11318);
#11317 = CARTESIAN_POINT('',(3.14159265359,7.853981633974));
#11318 = VECTOR('',#11319,1.);
#11319 = DIRECTION('',(1.38022826622E-15,-1.));
#11320 = ( GEOMETRIC_REPRESENTATION_CONTEXT(2) 
PARAMETRIC_REPRESENTATION_CONTEXT() REPRESENTATION_CONTEXT('2D SPACE',''
  ) );
#11321 = PCURVE('',#5273,#11322);
#11322 = DEFINITIONAL_REPRESENTATION('',(#11323),#11327);
#11323 = LINE('',#11324,#11325);
#11324 = CARTESIAN_POINT('',(-4.712388980385,8.));
#11325 = VECTOR('',#11326,1.);
#11326 = DIRECTION('',(1.,1.38022826622E-15));
#11327 = ( GEOMETRIC_REPRESENTATION_CONTEXT(2) 
PARAMETRIC_REPRESENTATION_CONTEXT() REPRESENTATION_CONTEXT('2D SPACE',''
  ) );
#11328 = ORIENTED_EDGE('',*,*,#627,.F.);
#11329 = ORIENTED_EDGE('',*,*,#11330,.F.);
#11330 = EDGE_CURVE('',#1251,#604,#11331,.T.);
#11331 = SURFACE_CURVE('',#11332,(#11337,#11344),.PCURVE_S1.);
#11332 = CIRCLE('',#11333,0.25);
#11333 = AXIS2_PLACEMENT_3D('',#11334,#11335,#11336);
#11334 = CARTESIAN_POINT('',(27.133658900321,-5.960900604577,-13.7));
#11335 = DIRECTION('',(-0.259546952295,-0.965730490124,
    5.607987212962E-17));
#11336 = DIRECTION('',(-0.965730490124,0.259546952295,
    -4.238665850285E-18));
#11337 = PCURVE('',#642,#11338);
#11338 = DEFINITIONAL_REPRESENTATION('',(#11339),#11343);
#11339 = LINE('',#11340,#11341);
#11340 = CARTESIAN_POINT('',(4.712388980385,7.853981633974));
#11341 = VECTOR('',#11342,1.);
#11342 = DIRECTION('',(-6.901141331098E-16,-1.));
#11343 = ( GEOMETRIC_REPRESENTATION_CONTEXT(2) 
PARAMETRIC_REPRESENTATION_CONTEXT() REPRESENTATION_CONTEXT('2D SPACE',''
  ) );
#11344 = PCURVE('',#1015,#11345);
#11345 = DEFINITIONAL_REPRESENTATION('',(#11346),#11350);
#11346 = LINE('',#11347,#11348);
#11347 = CARTESIAN_POINT('',(-3.14159265359,1.7763568394E-15));
#11348 = VECTOR('',#11349,1.);
#11349 = DIRECTION('',(1.,0.));
#11350 = ( GEOMETRIC_REPRESENTATION_CONTEXT(2) 
PARAMETRIC_REPRESENTATION_CONTEXT() REPRESENTATION_CONTEXT('2D SPACE',''
  ) );
#11351 = ADVANCED_FACE('',(#11352),#10711,.T.);
#11352 = FACE_BOUND('',#11353,.T.);
#11353 = EDGE_LOOP('',(#11354,#11378,#11379,#11403));
#11354 = ORIENTED_EDGE('',*,*,#11355,.T.);
#11355 = EDGE_CURVE('',#11356,#10649,#11358,.T.);
#11356 = VERTEX_POINT('',#11357);
#11357 = CARTESIAN_POINT('',(27.101734735958,-5.154996858631,-5.));
#11358 = SURFACE_CURVE('',#11359,(#11364,#11371),.PCURVE_S1.);
#11359 = CIRCLE('',#11360,0.25);
#11360 = AXIS2_PLACEMENT_3D('',#11361,#11362,#11363);
#11361 = CARTESIAN_POINT('',(27.315341766927,-5.28488926149,-5.));
#11362 = DIRECTION('',(2.044679885754E-15,-9.283566826829E-16,-1.));
#11363 = DIRECTION('',(-0.965730490124,0.259546952295,
    -2.215561855848E-15));
#11364 = PCURVE('',#10711,#11365);
#11365 = DEFINITIONAL_REPRESENTATION('',(#11366),#11370);
#11366 = LINE('',#11367,#11368);
#11367 = CARTESIAN_POINT('',(1.570796326795,4.896258141449E-17));
#11368 = VECTOR('',#11369,1.);
#11369 = DIRECTION('',(1.,-1.725285332774E-16));
#11370 = ( GEOMETRIC_REPRESENTATION_CONTEXT(2) 
PARAMETRIC_REPRESENTATION_CONTEXT() REPRESENTATION_CONTEXT('2D SPACE',''
  ) );
#11371 = PCURVE('',#11171,#11372);
#11372 = DEFINITIONAL_REPRESENTATION('',(#11373),#11377);
#11373 = LINE('',#11374,#11375);
#11374 = CARTESIAN_POINT('',(3.14159265359,1.570796326795));
#11375 = VECTOR('',#11376,1.);
#11376 = DIRECTION('',(-5.175855998323E-16,-1.));
#11377 = ( GEOMETRIC_REPRESENTATION_CONTEXT(2) 
PARAMETRIC_REPRESENTATION_CONTEXT() REPRESENTATION_CONTEXT('2D SPACE',''
  ) );
#11378 = ORIENTED_EDGE('',*,*,#10697,.T.);
#11379 = ORIENTED_EDGE('',*,*,#11380,.F.);
#11380 = EDGE_CURVE('',#11381,#10674,#11383,.T.);
#11381 = VERTEX_POINT('',#11382);
#11382 = CARTESIAN_POINT('',(27.101734735958,-5.154996858631,-13.));
#11383 = SURFACE_CURVE('',#11384,(#11389,#11396),.PCURVE_S1.);
#11384 = CIRCLE('',#11385,0.25);
#11385 = AXIS2_PLACEMENT_3D('',#11386,#11387,#11388);
#11386 = CARTESIAN_POINT('',(27.315341766927,-5.28488926149,-13.));
#11387 = DIRECTION('',(2.058749954231E-15,-8.760043279116E-16,-1.));
#11388 = DIRECTION('',(-0.965730490124,0.259546952295,
    -2.215561855848E-15));
#11389 = PCURVE('',#10711,#11390);
#11390 = DEFINITIONAL_REPRESENTATION('',(#11391),#11395);
#11391 = LINE('',#11392,#11393);
#11392 = CARTESIAN_POINT('',(1.570796326795,8.));
#11393 = VECTOR('',#11394,1.);
#11394 = DIRECTION('',(1.,-1.035171199665E-15));
#11395 = ( GEOMETRIC_REPRESENTATION_CONTEXT(2) 
PARAMETRIC_REPRESENTATION_CONTEXT() REPRESENTATION_CONTEXT('2D SPACE',''
  ) );
#11396 = PCURVE('',#11131,#11397);
#11397 = DEFINITIONAL_REPRESENTATION('',(#11398),#11402);
#11398 = LINE('',#11399,#11400);
#11399 = CARTESIAN_POINT('',(3.14159265359,1.570796326795));
#11400 = VECTOR('',#11401,1.);
#11401 = DIRECTION('',(-6.901141331098E-16,-1.));
#11402 = ( GEOMETRIC_REPRESENTATION_CONTEXT(2) 
PARAMETRIC_REPRESENTATION_CONTEXT() REPRESENTATION_CONTEXT('2D SPACE',''
  ) );
#11403 = ORIENTED_EDGE('',*,*,#11404,.F.);
#11404 = EDGE_CURVE('',#11356,#11381,#11405,.T.);
#11405 = SURFACE_CURVE('',#11406,(#11410,#11417),.PCURVE_S1.);
#11406 = LINE('',#11407,#11408);
#11407 = CARTESIAN_POINT('',(27.101734735958,-5.154996858631,-9.));
#11408 = VECTOR('',#11409,1.);
#11409 = DIRECTION('',(-1.278074975698E-17,-6.388603461007E-17,-1.));
#11410 = PCURVE('',#10711,#11411);
#11411 = DEFINITIONAL_REPRESENTATION('',(#11412),#11416);
#11412 = LINE('',#11413,#11414);
#11413 = CARTESIAN_POINT('',(1.854590436003,4.));
#11414 = VECTOR('',#11415,1.);
#11415 = DIRECTION('',(0.,1.));
#11416 = ( GEOMETRIC_REPRESENTATION_CONTEXT(2) 
PARAMETRIC_REPRESENTATION_CONTEXT() REPRESENTATION_CONTEXT('2D SPACE',''
  ) );
#11417 = PCURVE('',#5219,#11418);
#11418 = DEFINITIONAL_REPRESENTATION('',(#11419),#11423);
#11419 = LINE('',#11420,#11421);
#11420 = CARTESIAN_POINT('',(4.428594871176,4.));
#11421 = VECTOR('',#11422,1.);
#11422 = DIRECTION('',(0.,1.));
#11423 = ( GEOMETRIC_REPRESENTATION_CONTEXT(2) 
PARAMETRIC_REPRESENTATION_CONTEXT() REPRESENTATION_CONTEXT('2D SPACE',''
  ) );
#11424 = ADVANCED_FACE('',(#11425),#444,.T.);
#11425 = FACE_BOUND('',#11426,.T.);
#11426 = EDGE_LOOP('',(#11427,#11428,#11450,#11451));
#11427 = ORIENTED_EDGE('',*,*,#1136,.F.);
#11428 = ORIENTED_EDGE('',*,*,#11429,.T.);
#11429 = EDGE_CURVE('',#1108,#376,#11430,.T.);
#11430 = SURFACE_CURVE('',#11431,(#11436,#11443),.PCURVE_S1.);
#11431 = CIRCLE('',#11432,0.25);
#11432 = AXIS2_PLACEMENT_3D('',#11433,#11434,#11435);
#11433 = CARTESIAN_POINT('',(27.133658900321,-5.960900604577,-4.3));
#11434 = DIRECTION('',(0.259546952295,0.965730490124,-7.031275949673E-16
    ));
#11435 = DIRECTION('',(-0.965730490124,0.259546952295,
    -4.238665850286E-18));
#11436 = PCURVE('',#444,#11437);
#11437 = DEFINITIONAL_REPRESENTATION('',(#11438),#11442);
#11438 = LINE('',#11439,#11440);
#11439 = CARTESIAN_POINT('',(1.570796326795,7.853981633974));
#11440 = VECTOR('',#11441,1.);
#11441 = DIRECTION('',(1.035171199665E-15,-1.));
#11442 = ( GEOMETRIC_REPRESENTATION_CONTEXT(2) 
PARAMETRIC_REPRESENTATION_CONTEXT() REPRESENTATION_CONTEXT('2D SPACE',''
  ) );
#11443 = PCURVE('',#5189,#11444);
#11444 = DEFINITIONAL_REPRESENTATION('',(#11445),#11449);
#11445 = LINE('',#11446,#11447);
#11446 = CARTESIAN_POINT('',(-4.712388980385,2.571670019493));
#11447 = VECTOR('',#11448,1.);
#11448 = DIRECTION('',(1.,0.));
#11449 = ( GEOMETRIC_REPRESENTATION_CONTEXT(2) 
PARAMETRIC_REPRESENTATION_CONTEXT() REPRESENTATION_CONTEXT('2D SPACE',''
  ) );
#11450 = ORIENTED_EDGE('',*,*,#429,.F.);
#11451 = ORIENTED_EDGE('',*,*,#11452,.F.);
#11452 = EDGE_CURVE('',#1137,#401,#11453,.T.);
#11453 = SURFACE_CURVE('',#11454,(#11459,#11466),.PCURVE_S1.);
#11454 = CIRCLE('',#11455,0.25);
#11455 = AXIS2_PLACEMENT_3D('',#11456,#11457,#11458);
#11456 = CARTESIAN_POINT('',(27.315341766927,-5.28488926149,-5.));
#11457 = DIRECTION('',(2.044679885754E-15,-9.283566826829E-16,-1.));
#11458 = DIRECTION('',(-0.965730490124,0.259546952295,
    -2.215561855848E-15));
#11459 = PCURVE('',#444,#11460);
#11460 = DEFINITIONAL_REPRESENTATION('',(#11461),#11465);
#11461 = LINE('',#11462,#11463);
#11462 = CARTESIAN_POINT('',(3.14159265359,7.853981633974));
#11463 = VECTOR('',#11464,1.);
#11464 = DIRECTION('',(3.450570665549E-16,-1.));
#11465 = ( GEOMETRIC_REPRESENTATION_CONTEXT(2) 
PARAMETRIC_REPRESENTATION_CONTEXT() REPRESENTATION_CONTEXT('2D SPACE',''
  ) );
#11466 = PCURVE('',#5273,#11467);
#11467 = DEFINITIONAL_REPRESENTATION('',(#11468),#11472);
#11468 = LINE('',#11469,#11470);
#11469 = CARTESIAN_POINT('',(-4.712388980385,0.));
#11470 = VECTOR('',#11471,1.);
#11471 = DIRECTION('',(1.,0.));
#11472 = ( GEOMETRIC_REPRESENTATION_CONTEXT(2) 
PARAMETRIC_REPRESENTATION_CONTEXT() REPRESENTATION_CONTEXT('2D SPACE',''
  ) );
#11473 = ADVANCED_FACE('',(#11474),#10838,.T.);
#11474 = FACE_BOUND('',#11475,.T.);
#11475 = EDGE_LOOP('',(#11476,#11500,#11501,#11525));
#11476 = ORIENTED_EDGE('',*,*,#11477,.T.);
#11477 = EDGE_CURVE('',#11478,#10776,#11480,.T.);
#11478 = VERTEX_POINT('',#11479);
#11479 = CARTESIAN_POINT('',(26.234414466824,-8.382149484387,-4.23));
#11480 = SURFACE_CURVE('',#11481,(#11486,#11493),.PCURVE_S1.);
#11481 = CIRCLE('',#11482,0.25);
#11482 = AXIS2_PLACEMENT_3D('',#11483,#11484,#11485);
#11483 = CARTESIAN_POINT('',(26.466189784454,-8.444440752938,-4.3));
#11484 = DIRECTION('',(0.259546952295,0.965730490124,-3.658519214112E-16
    ));
#11485 = DIRECTION('',(-0.965730490124,0.259546952295,
    -4.238665850285E-18));
#11486 = PCURVE('',#10838,#11487);
#11487 = DEFINITIONAL_REPRESENTATION('',(#11488),#11492);
#11488 = LINE('',#11489,#11490);
#11489 = CARTESIAN_POINT('',(1.570796326795,1.084028745358E-15));
#11490 = VECTOR('',#11491,1.);
#11491 = DIRECTION('',(1.,-6.901141331098E-16));
#11492 = ( GEOMETRIC_REPRESENTATION_CONTEXT(2) 
PARAMETRIC_REPRESENTATION_CONTEXT() REPRESENTATION_CONTEXT('2D SPACE',''
  ) );
#11493 = PCURVE('',#11211,#11494);
#11494 = DEFINITIONAL_REPRESENTATION('',(#11495),#11499);
#11495 = LINE('',#11496,#11497);
#11496 = CARTESIAN_POINT('',(1.570796326795,1.570796326795));
#11497 = VECTOR('',#11498,1.);
#11498 = DIRECTION('',(-8.626426663872E-16,-1.));
#11499 = ( GEOMETRIC_REPRESENTATION_CONTEXT(2) 
PARAMETRIC_REPRESENTATION_CONTEXT() REPRESENTATION_CONTEXT('2D SPACE',''
  ) );
#11500 = ORIENTED_EDGE('',*,*,#10824,.T.);
#11501 = ORIENTED_EDGE('',*,*,#11502,.F.);
#11502 = EDGE_CURVE('',#11503,#10801,#11505,.T.);
#11503 = VERTEX_POINT('',#11504);
#11504 = CARTESIAN_POINT('',(26.901883582691,-5.898609336026,-4.23));
#11505 = SURFACE_CURVE('',#11506,(#11511,#11518),.PCURVE_S1.);
#11506 = CIRCLE('',#11507,0.25);
#11507 = AXIS2_PLACEMENT_3D('',#11508,#11509,#11510);
#11508 = CARTESIAN_POINT('',(27.133658900321,-5.960900604577,-4.3));
#11509 = DIRECTION('',(0.259546952295,0.965730490124,-7.031275949673E-16
    ));
#11510 = DIRECTION('',(-0.965730490124,0.259546952295,
    -4.238665850286E-18));
#11511 = PCURVE('',#10838,#11512);
#11512 = DEFINITIONAL_REPRESENTATION('',(#11513),#11517);
#11513 = LINE('',#11514,#11515);
#11514 = CARTESIAN_POINT('',(1.570796326795,2.571670019493));
#11515 = VECTOR('',#11516,1.);
#11516 = DIRECTION('',(1.,-3.450570665549E-16));
#11517 = ( GEOMETRIC_REPRESENTATION_CONTEXT(2) 
PARAMETRIC_REPRESENTATION_CONTEXT() REPRESENTATION_CONTEXT('2D SPACE',''
  ) );
#11518 = PCURVE('',#11171,#11519);
#11519 = DEFINITIONAL_REPRESENTATION('',(#11520),#11524);
#11520 = LINE('',#11521,#11522);
#11521 = CARTESIAN_POINT('',(1.570796326795,1.570796326795));
#11522 = VECTOR('',#11523,1.);
#11523 = DIRECTION('',(-4.313213331936E-16,-1.));
#11524 = ( GEOMETRIC_REPRESENTATION_CONTEXT(2) 
PARAMETRIC_REPRESENTATION_CONTEXT() REPRESENTATION_CONTEXT('2D SPACE',''
  ) );
#11525 = ORIENTED_EDGE('',*,*,#11526,.F.);
#11526 = EDGE_CURVE('',#11478,#11503,#11527,.T.);
#11527 = SURFACE_CURVE('',#11528,(#11532,#11539),.PCURVE_S1.);
#11528 = LINE('',#11529,#11530);
#11529 = CARTESIAN_POINT('',(26.568149024758,-7.140379410206,-4.23));
#11530 = VECTOR('',#11531,1.);
#11531 = DIRECTION('',(0.259546952295,0.965730490124,-4.564996783438E-16
    ));
#11532 = PCURVE('',#10838,#11533);
#11533 = DEFINITIONAL_REPRESENTATION('',(#11534),#11538);
#11534 = LINE('',#11535,#11536);
#11535 = CARTESIAN_POINT('',(1.854590436003,1.285835009746));
#11536 = VECTOR('',#11537,1.);
#11537 = DIRECTION('',(2.676619745341E-15,1.));
#11538 = ( GEOMETRIC_REPRESENTATION_CONTEXT(2) 
PARAMETRIC_REPRESENTATION_CONTEXT() REPRESENTATION_CONTEXT('2D SPACE',''
  ) );
#11539 = PCURVE('',#5135,#11540);
#11540 = DEFINITIONAL_REPRESENTATION('',(#11541),#11545);
#11541 = LINE('',#11542,#11543);
#11542 = CARTESIAN_POINT('',(4.428594871176,1.285835009746));
#11543 = VECTOR('',#11544,1.);
#11544 = DIRECTION('',(-2.762962317771E-15,1.));
#11545 = ( GEOMETRIC_REPRESENTATION_CONTEXT(2) 
PARAMETRIC_REPRESENTATION_CONTEXT() REPRESENTATION_CONTEXT('2D SPACE',''
  ) );
#11546 = ADVANCED_FACE('',(#11547),#835,.T.);
#11547 = FACE_BOUND('',#11548,.T.);
#11548 = EDGE_LOOP('',(#11549,#11550,#11572,#11573));
#11549 = ORIENTED_EDGE('',*,*,#1027,.F.);
#11550 = ORIENTED_EDGE('',*,*,#11551,.T.);
#11551 = EDGE_CURVE('',#994,#772,#11552,.T.);
#11552 = SURFACE_CURVE('',#11553,(#11558,#11565),.PCURVE_S1.);
#11553 = CIRCLE('',#11554,0.25);
#11554 = AXIS2_PLACEMENT_3D('',#11555,#11556,#11557);
#11555 = CARTESIAN_POINT('',(26.466189784454,-8.444440752938,-13.7));
#11556 = DIRECTION('',(-0.259546952295,-0.965730490124,
    3.658519214112E-16));
#11557 = DIRECTION('',(-0.965730490124,0.259546952295,
    -4.238665850284E-18));
#11558 = PCURVE('',#835,#11559);
#11559 = DEFINITIONAL_REPRESENTATION('',(#11560),#11564);
#11560 = LINE('',#11561,#11562);
#11561 = CARTESIAN_POINT('',(4.712388980385,7.853981633974));
#11562 = VECTOR('',#11563,1.);
#11563 = DIRECTION('',(0.,-1.));
#11564 = ( GEOMETRIC_REPRESENTATION_CONTEXT(2) 
PARAMETRIC_REPRESENTATION_CONTEXT() REPRESENTATION_CONTEXT('2D SPACE',''
  ) );
#11565 = PCURVE('',#1015,#11566);
#11566 = DEFINITIONAL_REPRESENTATION('',(#11567),#11571);
#11567 = LINE('',#11568,#11569);
#11568 = CARTESIAN_POINT('',(-3.14159265359,2.571670019493));
#11569 = VECTOR('',#11570,1.);
#11570 = DIRECTION('',(1.,0.));
#11571 = ( GEOMETRIC_REPRESENTATION_CONTEXT(2) 
PARAMETRIC_REPRESENTATION_CONTEXT() REPRESENTATION_CONTEXT('2D SPACE',''
  ) );
#11572 = ORIENTED_EDGE('',*,*,#820,.F.);
#11573 = ORIENTED_EDGE('',*,*,#11574,.F.);
#11574 = EDGE_CURVE('',#1028,#797,#11575,.T.);
#11575 = SURFACE_CURVE('',#11576,(#11581,#11588),.PCURVE_S1.);
#11576 = CIRCLE('',#11577,0.25);
#11577 = AXIS2_PLACEMENT_3D('',#11578,#11579,#11580);
#11578 = CARTESIAN_POINT('',(26.284506917847,-9.120452096024,-13.));
#11579 = DIRECTION('',(2.198264433489E-15,-3.24232415865E-16,1.));
#11580 = DIRECTION('',(-0.965730490124,0.259546952295,2.207084524148E-15
    ));
#11581 = PCURVE('',#835,#11582);
#11582 = DEFINITIONAL_REPRESENTATION('',(#11583),#11587);
#11583 = LINE('',#11584,#11585);
#11584 = CARTESIAN_POINT('',(6.28318530718,7.853981633974));
#11585 = VECTOR('',#11586,1.);
#11586 = DIRECTION('',(0.,-1.));
#11587 = ( GEOMETRIC_REPRESENTATION_CONTEXT(2) 
PARAMETRIC_REPRESENTATION_CONTEXT() REPRESENTATION_CONTEXT('2D SPACE',''
  ) );
#11588 = PCURVE('',#5105,#11589);
#11589 = DEFINITIONAL_REPRESENTATION('',(#11590),#11594);
#11590 = LINE('',#11591,#11592);
#11591 = CARTESIAN_POINT('',(-4.712388980385,-1.626043118037E-15));
#11592 = VECTOR('',#11593,1.);
#11593 = DIRECTION('',(1.,3.450570665549E-16));
#11594 = ( GEOMETRIC_REPRESENTATION_CONTEXT(2) 
PARAMETRIC_REPRESENTATION_CONTEXT() REPRESENTATION_CONTEXT('2D SPACE',''
  ) );
#11595 = ADVANCED_FACE('',(#11596),#241,.T.);
#11596 = FACE_BOUND('',#11597,.T.);
#11597 = EDGE_LOOP('',(#11598,#11599,#11621,#11622));
#11598 = ORIENTED_EDGE('',*,*,#908,.F.);
#11599 = ORIENTED_EDGE('',*,*,#11600,.T.);
#11600 = EDGE_CURVE('',#853,#146,#11601,.T.);
#11601 = SURFACE_CURVE('',#11602,(#11607,#11614),.PCURVE_S1.);
#11602 = CIRCLE('',#11603,0.25);
#11603 = AXIS2_PLACEMENT_3D('',#11604,#11605,#11606);
#11604 = CARTESIAN_POINT('',(26.284506917847,-9.120452096024,-5.));
#11605 = DIRECTION('',(2.198264433489E-15,-3.24232415865E-16,1.));
#11606 = DIRECTION('',(-0.965730490124,0.259546952295,2.207084524148E-15
    ));
#11607 = PCURVE('',#241,#11608);
#11608 = DEFINITIONAL_REPRESENTATION('',(#11609),#11613);
#11609 = LINE('',#11610,#11611);
#11610 = CARTESIAN_POINT('',(0.,7.853981633974));
#11611 = VECTOR('',#11612,1.);
#11612 = DIRECTION('',(0.,-1.));
#11613 = ( GEOMETRIC_REPRESENTATION_CONTEXT(2) 
PARAMETRIC_REPRESENTATION_CONTEXT() REPRESENTATION_CONTEXT('2D SPACE',''
  ) );
#11614 = PCURVE('',#5105,#11615);
#11615 = DEFINITIONAL_REPRESENTATION('',(#11616),#11620);
#11616 = LINE('',#11617,#11618);
#11617 = CARTESIAN_POINT('',(-4.712388980385,8.));
#11618 = VECTOR('',#11619,1.);
#11619 = DIRECTION('',(1.,0.));
#11620 = ( GEOMETRIC_REPRESENTATION_CONTEXT(2) 
PARAMETRIC_REPRESENTATION_CONTEXT() REPRESENTATION_CONTEXT('2D SPACE',''
  ) );
#11621 = ORIENTED_EDGE('',*,*,#226,.F.);
#11622 = ORIENTED_EDGE('',*,*,#11623,.F.);
#11623 = EDGE_CURVE('',#909,#198,#11624,.T.);
#11624 = SURFACE_CURVE('',#11625,(#11630,#11637),.PCURVE_S1.);
#11625 = CIRCLE('',#11626,0.25);
#11626 = AXIS2_PLACEMENT_3D('',#11627,#11628,#11629);
#11627 = CARTESIAN_POINT('',(26.466189784454,-8.444440752938,-4.3));
#11628 = DIRECTION('',(0.259546952295,0.965730490124,-3.658519214112E-16
    ));
#11629 = DIRECTION('',(-0.965730490124,0.259546952295,
    -4.238665850285E-18));
#11630 = PCURVE('',#241,#11631);
#11631 = DEFINITIONAL_REPRESENTATION('',(#11632),#11636);
#11632 = LINE('',#11633,#11634);
#11633 = CARTESIAN_POINT('',(1.570796326795,7.853981633974));
#11634 = VECTOR('',#11635,1.);
#11635 = DIRECTION('',(1.207699732942E-15,-1.));
#11636 = ( GEOMETRIC_REPRESENTATION_CONTEXT(2) 
PARAMETRIC_REPRESENTATION_CONTEXT() REPRESENTATION_CONTEXT('2D SPACE',''
  ) );
#11637 = PCURVE('',#5189,#11638);
#11638 = DEFINITIONAL_REPRESENTATION('',(#11639),#11643);
#11639 = LINE('',#11640,#11641);
#11640 = CARTESIAN_POINT('',(-4.712388980385,-3.252086236074E-15));
#11641 = VECTOR('',#11642,1.);
#11642 = DIRECTION('',(1.,6.901141331098E-16));
#11643 = ( GEOMETRIC_REPRESENTATION_CONTEXT(2) 
PARAMETRIC_REPRESENTATION_CONTEXT() REPRESENTATION_CONTEXT('2D SPACE',''
  ) );
#11644 = ADVANCED_FACE('',(#11645),#11036,.T.);
#11645 = FACE_BOUND('',#11646,.T.);
#11646 = EDGE_LOOP('',(#11647,#11671,#11672,#11718));
#11647 = ORIENTED_EDGE('',*,*,#11648,.T.);
#11648 = EDGE_CURVE('',#11649,#10952,#11651,.T.);
#11649 = VERTEX_POINT('',#11650);
#11650 = CARTESIAN_POINT('',(26.034563313557,-9.125761961782,-13.));
#11651 = SURFACE_CURVE('',#11652,(#11657,#11664),.PCURVE_S1.);
#11652 = CIRCLE('',#11653,0.25);
#11653 = AXIS2_PLACEMENT_3D('',#11654,#11655,#11656);
#11654 = CARTESIAN_POINT('',(26.284506917847,-9.120452096024,-13.));
#11655 = DIRECTION('',(2.198264433489E-15,-3.24232415865E-16,1.));
#11656 = DIRECTION('',(-0.965730490124,0.259546952295,2.207084524148E-15
    ));
#11657 = PCURVE('',#11036,#11658);
#11658 = DEFINITIONAL_REPRESENTATION('',(#11659),#11663);
#11659 = LINE('',#11660,#11661);
#11660 = CARTESIAN_POINT('',(1.570796326795,6.39939535508E-16));
#11661 = VECTOR('',#11662,1.);
#11662 = DIRECTION('',(1.,-6.901141331098E-16));
#11663 = ( GEOMETRIC_REPRESENTATION_CONTEXT(2) 
PARAMETRIC_REPRESENTATION_CONTEXT() REPRESENTATION_CONTEXT('2D SPACE',''
  ) );
#11664 = PCURVE('',#11069,#11665);
#11665 = DEFINITIONAL_REPRESENTATION('',(#11666),#11670);
#11666 = LINE('',#11667,#11668);
#11667 = CARTESIAN_POINT('',(6.28318530718,1.570796326795));
#11668 = VECTOR('',#11669,1.);
#11669 = DIRECTION('',(0.,-1.));
#11670 = ( GEOMETRIC_REPRESENTATION_CONTEXT(2) 
PARAMETRIC_REPRESENTATION_CONTEXT() REPRESENTATION_CONTEXT('2D SPACE',''
  ) );
#11671 = ORIENTED_EDGE('',*,*,#11022,.T.);
#11672 = ORIENTED_EDGE('',*,*,#11673,.F.);
#11673 = EDGE_CURVE('',#11674,#10977,#11676,.T.);
#11674 = VERTEX_POINT('',#11675);
#11675 = CARTESIAN_POINT('',(26.034563313557,-9.125761961782,-5.));
#11676 = SURFACE_CURVE('',#11677,(#11682,#11689),.PCURVE_S1.);
#11677 = CIRCLE('',#11678,0.25);
#11678 = AXIS2_PLACEMENT_3D('',#11679,#11680,#11681);
#11679 = CARTESIAN_POINT('',(26.284506917847,-9.120452096024,-5.));
#11680 = DIRECTION('',(2.198264433489E-15,-3.24232415865E-16,1.));
#11681 = DIRECTION('',(-0.965730490124,0.259546952295,2.207084524148E-15
    ));
#11682 = PCURVE('',#11036,#11683);
#11683 = DEFINITIONAL_REPRESENTATION('',(#11684),#11688);
#11684 = LINE('',#11685,#11686);
#11685 = CARTESIAN_POINT('',(1.570796326795,8.));
#11686 = VECTOR('',#11687,1.);
#11687 = DIRECTION('',(1.,-3.450570665549E-16));
#11688 = ( GEOMETRIC_REPRESENTATION_CONTEXT(2) 
PARAMETRIC_REPRESENTATION_CONTEXT() REPRESENTATION_CONTEXT('2D SPACE',''
  ) );
#11689 = PCURVE('',#11211,#11690);
#11690 = DEFINITIONAL_REPRESENTATION('',(#11691),#11717);
#11691 = B_SPLINE_CURVE_WITH_KNOTS('',3,(#11692,#11693,#11694,#11695,
    #11696,#11697,#11698,#11699,#11700,#11701,#11702,#11703,#11704,
    #11705,#11706,#11707,#11708,#11709,#11710,#11711,#11712,#11713,
    #11714,#11715,#11716),.UNSPECIFIED.,.F.,.F.,(4,1,1,1,1,1,1,1,1,1,1,1
    ,1,1,1,1,1,1,1,1,1,1,4),(0.283794109208,0.400794310807,
    0.517794512406,0.634794714005,0.751794915603,0.868795117202,
    0.985795318801,1.1027955204,1.219795721999,1.336795923597,
    1.453796125196,1.570796326795,1.687796528394,1.804796729992,
    1.921796931591,2.03879713319,2.155797334789,2.272797536388,
    2.389797737986,2.506797939585,2.623798141184,2.740798342783,
    2.857798544381),.QUASI_UNIFORM_KNOTS.);
#11692 = CARTESIAN_POINT('',(0.,1.287002217587));
#11693 = CARTESIAN_POINT('',(6.908793907228E-16,1.248002150387));
#11694 = CARTESIAN_POINT('',(1.349974607569E-15,1.170002015988));
#11695 = CARTESIAN_POINT('',(9.206760368237E-16,1.053001814389));
#11696 = CARTESIAN_POINT('',(1.43667138679E-15,0.93600161279));
#11697 = CARTESIAN_POINT('',(-3.849550921034E-16,0.819001411191));
#11698 = CARTESIAN_POINT('',(1.031489816235E-16,0.702001209593));
#11699 = CARTESIAN_POINT('',(-2.764083439076E-17,0.585001007994));
#11700 = CARTESIAN_POINT('',(7.414355939512E-18,0.468000806395));
#11701 = CARTESIAN_POINT('',(-2.016589367284E-18,0.351000604796));
#11702 = CARTESIAN_POINT('',(6.520015296259E-19,0.234000403198));
#11703 = CARTESIAN_POINT('',(-5.914167512193E-19,0.117000201599));
#11704 = CARTESIAN_POINT('',(1.713665475251E-18,3.377923585353E-14));
#11705 = CARTESIAN_POINT('',(-6.263245149786E-18,-0.117000201599));
#11706 = CARTESIAN_POINT('',(2.333931512389E-17,-0.234000403198));
#11707 = CARTESIAN_POINT('',(-8.709401534578E-17,-0.351000604796));
#11708 = CARTESIAN_POINT('',(3.250367462592E-16,-0.468000806395));
#11709 = CARTESIAN_POINT('',(-1.213052969691E-15,-0.585001007994));
#11710 = CARTESIAN_POINT('',(-8.018953856954E-16,-0.702001209593));
#11711 = CARTESIAN_POINT('',(-9.084360057282E-16,-0.819001411191));
#11712 = CARTESIAN_POINT('',(-8.934311095928E-16,-0.93600161279));
#11713 = CARTESIAN_POINT('',(-8.469100741015E-16,-1.053001814389));
#11714 = CARTESIAN_POINT('',(-1.047999112202E-15,-1.170002015988));
#11715 = CARTESIAN_POINT('',(-5.427757009279E-16,-1.248002150387));
#11716 = CARTESIAN_POINT('',(0.,-1.287002217587));
#11717 = ( GEOMETRIC_REPRESENTATION_CONTEXT(2) 
PARAMETRIC_REPRESENTATION_CONTEXT() REPRESENTATION_CONTEXT('2D SPACE',''
  ) );
#11718 = ORIENTED_EDGE('',*,*,#11719,.F.);
#11719 = EDGE_CURVE('',#11649,#11674,#11720,.T.);
#11720 = SURFACE_CURVE('',#11721,(#11725,#11732),.PCURVE_S1.);
#11721 = LINE('',#11722,#11723);
#11722 = CARTESIAN_POINT('',(26.034563313557,-9.125761961782,-9.));
#11723 = VECTOR('',#11724,1.);
#11724 = DIRECTION('',(-1.28931872002E-18,1.153367983869E-17,1.));
#11725 = PCURVE('',#11036,#11726);
#11726 = DEFINITIONAL_REPRESENTATION('',(#11727),#11731);
#11727 = LINE('',#11728,#11729);
#11728 = CARTESIAN_POINT('',(1.854590436003,4.));
#11729 = VECTOR('',#11730,1.);
#11730 = DIRECTION('',(0.,1.));
#11731 = ( GEOMETRIC_REPRESENTATION_CONTEXT(2) 
PARAMETRIC_REPRESENTATION_CONTEXT() REPRESENTATION_CONTEXT('2D SPACE',''
  ) );
#11732 = PCURVE('',#5051,#11733);
#11733 = DEFINITIONAL_REPRESENTATION('',(#11734),#11738);
#11734 = LINE('',#11735,#11736);
#11735 = CARTESIAN_POINT('',(4.428594871176,4.));
#11736 = VECTOR('',#11737,1.);
#11737 = DIRECTION('',(0.,1.));
#11738 = ( GEOMETRIC_REPRESENTATION_CONTEXT(2) 
PARAMETRIC_REPRESENTATION_CONTEXT() REPRESENTATION_CONTEXT('2D SPACE',''
  ) );
#11739 = ADVANCED_FACE('',(#11740),#11069,.T.);
#11740 = FACE_BOUND('',#11741,.T.);
#11741 = EDGE_LOOP('',(#11742,#11743,#11744,#11745));
#11742 = ORIENTED_EDGE('',*,*,#11258,.T.);
#11743 = ORIENTED_EDGE('',*,*,#11054,.T.);
#11744 = ORIENTED_EDGE('',*,*,#11648,.F.);
#11745 = ORIENTED_EDGE('',*,*,#11746,.F.);
#11746 = EDGE_CURVE('',#11259,#11649,#11747,.T.);
#11747 = SURFACE_CURVE('',#11748,(#11753,#11760),.PCURVE_S1.);
#11748 = CIRCLE('',#11749,0.77);
#11749 = AXIS2_PLACEMENT_3D('',#11750,#11751,#11752);
#11750 = CARTESIAN_POINT('',(26.234414466824,-8.382149484387,-13.));
#11751 = DIRECTION('',(-0.965730490124,0.259546952295,
    -4.238665850285E-18));
#11752 = DIRECTION('',(-0.259546952295,-0.965730490124,
    1.192240047878E-16));
#11753 = PCURVE('',#11069,#11754);
#11754 = DEFINITIONAL_REPRESENTATION('',(#11755),#11759);
#11755 = LINE('',#11756,#11757);
#11756 = CARTESIAN_POINT('',(-1.7763568394E-15,1.287002217587));
#11757 = VECTOR('',#11758,1.);
#11758 = DIRECTION('',(1.,0.));
#11759 = ( GEOMETRIC_REPRESENTATION_CONTEXT(2) 
PARAMETRIC_REPRESENTATION_CONTEXT() REPRESENTATION_CONTEXT('2D SPACE',''
  ) );
#11760 = PCURVE('',#705,#11761);
#11761 = DEFINITIONAL_REPRESENTATION('',(#11762),#11766);
#11762 = LINE('',#11763,#11764);
#11763 = CARTESIAN_POINT('',(-3.552713678801E-15,4.996183089593));
#11764 = VECTOR('',#11765,1.);
#11765 = DIRECTION('',(1.,-2.261727773485E-15));
#11766 = ( GEOMETRIC_REPRESENTATION_CONTEXT(2) 
PARAMETRIC_REPRESENTATION_CONTEXT() REPRESENTATION_CONTEXT('2D SPACE',''
  ) );
#11767 = ADVANCED_FACE('',(#11768),#1015,.T.);
#11768 = FACE_BOUND('',#11769,.T.);
#11769 = EDGE_LOOP('',(#11770,#11771,#11772,#11773,#11774,#11795));
#11770 = ORIENTED_EDGE('',*,*,#991,.F.);
#11771 = ORIENTED_EDGE('',*,*,#11088,.T.);
#11772 = ORIENTED_EDGE('',*,*,#1274,.T.);
#11773 = ORIENTED_EDGE('',*,*,#11330,.T.);
#11774 = ORIENTED_EDGE('',*,*,#11775,.F.);
#11775 = EDGE_CURVE('',#772,#604,#11776,.T.);
#11776 = SURFACE_CURVE('',#11777,(#11781,#11788),.PCURVE_S1.);
#11777 = LINE('',#11778,#11779);
#11778 = CARTESIAN_POINT('',(26.568149024758,-7.140379410206,-13.63));
#11779 = VECTOR('',#11780,1.);
#11780 = DIRECTION('',(0.259546952295,0.965730490124,-1.192240047878E-16
    ));
#11781 = PCURVE('',#1015,#11782);
#11782 = DEFINITIONAL_REPRESENTATION('',(#11783),#11787);
#11783 = LINE('',#11784,#11785);
#11784 = CARTESIAN_POINT('',(2.857798544381,1.285835009746));
#11785 = VECTOR('',#11786,1.);
#11786 = DIRECTION('',(0.,-1.));
#11787 = ( GEOMETRIC_REPRESENTATION_CONTEXT(2) 
PARAMETRIC_REPRESENTATION_CONTEXT() REPRESENTATION_CONTEXT('2D SPACE',''
  ) );
#11788 = PCURVE('',#536,#11789);
#11789 = DEFINITIONAL_REPRESENTATION('',(#11790),#11794);
#11790 = LINE('',#11791,#11792);
#11791 = CARTESIAN_POINT('',(0.283794109208,1.285835009746));
#11792 = VECTOR('',#11793,1.);
#11793 = DIRECTION('',(0.,-1.));
#11794 = ( GEOMETRIC_REPRESENTATION_CONTEXT(2) 
PARAMETRIC_REPRESENTATION_CONTEXT() REPRESENTATION_CONTEXT('2D SPACE',''
  ) );
#11795 = ORIENTED_EDGE('',*,*,#11551,.F.);
#11796 = ADVANCED_FACE('',(#11797),#11131,.T.);
#11797 = FACE_BOUND('',#11798,.T.);
#11798 = EDGE_LOOP('',(#11799,#11800,#11801,#11802));
#11799 = ORIENTED_EDGE('',*,*,#11380,.T.);
#11800 = ORIENTED_EDGE('',*,*,#11116,.T.);
#11801 = ORIENTED_EDGE('',*,*,#11233,.F.);
#11802 = ORIENTED_EDGE('',*,*,#11803,.F.);
#11803 = EDGE_CURVE('',#11381,#11234,#11804,.T.);
#11804 = SURFACE_CURVE('',#11805,(#11810,#11817),.PCURVE_S1.);
#11805 = CIRCLE('',#11806,0.77);
#11806 = AXIS2_PLACEMENT_3D('',#11807,#11808,#11809);
#11807 = CARTESIAN_POINT('',(26.901883582691,-5.898609336026,-13.));
#11808 = DIRECTION('',(-0.965730490124,0.259546952295,
    -4.238665850285E-18));
#11809 = DIRECTION('',(-0.259546952295,-0.965730490124,
    1.192240047878E-16));
#11810 = PCURVE('',#11131,#11811);
#11811 = DEFINITIONAL_REPRESENTATION('',(#11812),#11816);
#11812 = LINE('',#11813,#11814);
#11813 = CARTESIAN_POINT('',(0.,1.287002217587));
#11814 = VECTOR('',#11815,1.);
#11815 = DIRECTION('',(1.,-2.827159716856E-16));
#11816 = ( GEOMETRIC_REPRESENTATION_CONTEXT(2) 
PARAMETRIC_REPRESENTATION_CONTEXT() REPRESENTATION_CONTEXT('2D SPACE',''
  ) );
#11817 = PCURVE('',#507,#11818);
#11818 = DEFINITIONAL_REPRESENTATION('',(#11819),#11823);
#11819 = LINE('',#11820,#11821);
#11820 = CARTESIAN_POINT('',(0.,4.996183089593));
#11821 = VECTOR('',#11822,1.);
#11822 = DIRECTION('',(1.,-6.785183320456E-15));
#11823 = ( GEOMETRIC_REPRESENTATION_CONTEXT(2) 
PARAMETRIC_REPRESENTATION_CONTEXT() REPRESENTATION_CONTEXT('2D SPACE',''
  ) );
#11824 = ADVANCED_FACE('',(#11825),#5273,.T.);
#11825 = FACE_BOUND('',#11826,.T.);
#11826 = EDGE_LOOP('',(#11827,#11828,#11829,#11830));
#11827 = ORIENTED_EDGE('',*,*,#5393,.F.);
#11828 = ORIENTED_EDGE('',*,*,#11452,.T.);
#11829 = ORIENTED_EDGE('',*,*,#5259,.F.);
#11830 = ORIENTED_EDGE('',*,*,#11307,.F.);
#11831 = ADVANCED_FACE('',(#11832),#11171,.T.);
#11832 = FACE_BOUND('',#11833,.T.);
#11833 = EDGE_LOOP('',(#11834,#11835,#11836,#11837));
#11834 = ORIENTED_EDGE('',*,*,#11502,.T.);
#11835 = ORIENTED_EDGE('',*,*,#11156,.T.);
#11836 = ORIENTED_EDGE('',*,*,#11355,.F.);
#11837 = ORIENTED_EDGE('',*,*,#11838,.F.);
#11838 = EDGE_CURVE('',#11503,#11356,#11839,.T.);
#11839 = SURFACE_CURVE('',#11840,(#11845,#11852),.PCURVE_S1.);
#11840 = CIRCLE('',#11841,0.77);
#11841 = AXIS2_PLACEMENT_3D('',#11842,#11843,#11844);
#11842 = CARTESIAN_POINT('',(26.901883582691,-5.898609336026,-5.));
#11843 = DIRECTION('',(-0.965730490124,0.259546952295,
    -4.238665850285E-18));
#11844 = DIRECTION('',(-0.259546952295,-0.965730490124,
    1.192240047878E-16));
#11845 = PCURVE('',#11171,#11846);
#11846 = DEFINITIONAL_REPRESENTATION('',(#11847),#11851);
#11847 = LINE('',#11848,#11849);
#11848 = CARTESIAN_POINT('',(-1.110223024625E-15,1.287002217587));
#11849 = VECTOR('',#11850,1.);
#11850 = DIRECTION('',(1.,2.827159716856E-16));
#11851 = ( GEOMETRIC_REPRESENTATION_CONTEXT(2) 
PARAMETRIC_REPRESENTATION_CONTEXT() REPRESENTATION_CONTEXT('2D SPACE',''
  ) );
#11852 = PCURVE('',#304,#11853);
#11853 = DEFINITIONAL_REPRESENTATION('',(#11854),#11858);
#11854 = LINE('',#11855,#11856);
#11855 = CARTESIAN_POINT('',(0.,4.996183089593));
#11856 = VECTOR('',#11857,1.);
#11857 = DIRECTION('',(1.,6.785183320456E-15));
#11858 = ( GEOMETRIC_REPRESENTATION_CONTEXT(2) 
PARAMETRIC_REPRESENTATION_CONTEXT() REPRESENTATION_CONTEXT('2D SPACE',''
  ) );
#11859 = ADVANCED_FACE('',(#11860),#5189,.T.);
#11860 = FACE_BOUND('',#11861,.T.);
#11861 = EDGE_LOOP('',(#11862,#11863,#11864,#11865));
#11862 = ORIENTED_EDGE('',*,*,#5341,.F.);
#11863 = ORIENTED_EDGE('',*,*,#11623,.T.);
#11864 = ORIENTED_EDGE('',*,*,#5175,.F.);
#11865 = ORIENTED_EDGE('',*,*,#11429,.F.);
#11866 = ADVANCED_FACE('',(#11867),#11211,.T.);
#11867 = FACE_BOUND('',#11868,.T.);
#11868 = EDGE_LOOP('',(#11869,#11870,#11871,#11872));
#11869 = ORIENTED_EDGE('',*,*,#11673,.T.);
#11870 = ORIENTED_EDGE('',*,*,#11196,.T.);
#11871 = ORIENTED_EDGE('',*,*,#11477,.F.);
#11872 = ORIENTED_EDGE('',*,*,#11873,.F.);
#11873 = EDGE_CURVE('',#11674,#11478,#11874,.T.);
#11874 = SURFACE_CURVE('',#11875,(#11880,#11887),.PCURVE_S1.);
#11875 = CIRCLE('',#11876,0.77);
#11876 = AXIS2_PLACEMENT_3D('',#11877,#11878,#11879);
#11877 = CARTESIAN_POINT('',(26.234414466824,-8.382149484387,-5.));
#11878 = DIRECTION('',(-0.965730490124,0.259546952295,
    -4.238665850285E-18));
#11879 = DIRECTION('',(-0.259546952295,-0.965730490124,
    1.192240047878E-16));
#11880 = PCURVE('',#11211,#11881);
#11881 = DEFINITIONAL_REPRESENTATION('',(#11882),#11886);
#11882 = LINE('',#11883,#11884);
#11883 = CARTESIAN_POINT('',(0.,1.287002217587));
#11884 = VECTOR('',#11885,1.);
#11885 = DIRECTION('',(1.,0.));
#11886 = ( GEOMETRIC_REPRESENTATION_CONTEXT(2) 
PARAMETRIC_REPRESENTATION_CONTEXT() REPRESENTATION_CONTEXT('2D SPACE',''
  ) );
#11887 = PCURVE('',#74,#11888);
#11888 = DEFINITIONAL_REPRESENTATION('',(#11889),#11893);
#11889 = LINE('',#11890,#11891);
#11890 = CARTESIAN_POINT('',(0.,4.996183089593));
#11891 = VECTOR('',#11892,1.);
#11892 = DIRECTION('',(1.,2.261727773485E-15));
#11893 = ( GEOMETRIC_REPRESENTATION_CONTEXT(2) 
PARAMETRIC_REPRESENTATION_CONTEXT() REPRESENTATION_CONTEXT('2D SPACE',''
  ) );
#11894 = ADVANCED_FACE('',(#11895),#5105,.T.);
#11895 = FACE_BOUND('',#11896,.T.);
#11896 = EDGE_LOOP('',(#11897,#11898,#11899,#11900));
#11897 = ORIENTED_EDGE('',*,*,#5289,.F.);
#11898 = ORIENTED_EDGE('',*,*,#11574,.T.);
#11899 = ORIENTED_EDGE('',*,*,#5091,.F.);
#11900 = ORIENTED_EDGE('',*,*,#11600,.F.);
#11901 = ADVANCED_FACE('',(#11902),#705,.T.);
#11902 = FACE_BOUND('',#11903,.T.);
#11903 = EDGE_LOOP('',(#11904,#11905,#11927,#11928));
#11904 = ORIENTED_EDGE('',*,*,#688,.F.);
#11905 = ORIENTED_EDGE('',*,*,#11906,.T.);
#11906 = EDGE_CURVE('',#660,#11259,#11907,.T.);
#11907 = SURFACE_CURVE('',#11908,(#11913,#11920),.PCURVE_S1.);
#11908 = CIRCLE('',#11909,0.25);
#11909 = AXIS2_PLACEMENT_3D('',#11910,#11911,#11912);
#11910 = CARTESIAN_POINT('',(26.002639149194,-8.319858215836,-13.7));
#11911 = DIRECTION('',(-0.259546952295,-0.965730490124,
    3.658519214112E-16));
#11912 = DIRECTION('',(-0.965730490124,0.259546952295,
    -4.238665850284E-18));
#11913 = PCURVE('',#705,#11914);
#11914 = DEFINITIONAL_REPRESENTATION('',(#11915),#11919);
#11915 = LINE('',#11916,#11917);
#11916 = CARTESIAN_POINT('',(4.712388980385,7.853981633974));
#11917 = VECTOR('',#11918,1.);
#11918 = DIRECTION('',(-1.38022826622E-15,-1.));
#11919 = ( GEOMETRIC_REPRESENTATION_CONTEXT(2) 
PARAMETRIC_REPRESENTATION_CONTEXT() REPRESENTATION_CONTEXT('2D SPACE',''
  ) );
#11920 = PCURVE('',#536,#11921);
#11921 = DEFINITIONAL_REPRESENTATION('',(#11922),#11926);
#11922 = LINE('',#11923,#11924);
#11923 = CARTESIAN_POINT('',(3.14159265359,2.571670019493));
#11924 = VECTOR('',#11925,1.);
#11925 = DIRECTION('',(1.,-6.901141331098E-16));
#11926 = ( GEOMETRIC_REPRESENTATION_CONTEXT(2) 
PARAMETRIC_REPRESENTATION_CONTEXT() REPRESENTATION_CONTEXT('2D SPACE',''
  ) );
#11927 = ORIENTED_EDGE('',*,*,#11746,.T.);
#11928 = ORIENTED_EDGE('',*,*,#11929,.F.);
#11929 = EDGE_CURVE('',#689,#11649,#11930,.T.);
#11930 = SURFACE_CURVE('',#11931,(#11936,#11943),.PCURVE_S1.);
#11931 = CIRCLE('',#11932,0.25);
#11932 = AXIS2_PLACEMENT_3D('',#11933,#11934,#11935);
#11933 = CARTESIAN_POINT('',(25.820956282588,-8.995869558923,-13.));
#11934 = DIRECTION('',(2.198264433489E-15,-3.24232415865E-16,1.));
#11935 = DIRECTION('',(-0.965730490124,0.259546952295,2.207084524148E-15
    ));
#11936 = PCURVE('',#705,#11937);
#11937 = DEFINITIONAL_REPRESENTATION('',(#11938),#11942);
#11938 = LINE('',#11939,#11940);
#11939 = CARTESIAN_POINT('',(6.28318530718,7.853981633974));
#11940 = VECTOR('',#11941,1.);
#11941 = DIRECTION('',(0.,-1.));
#11942 = ( GEOMETRIC_REPRESENTATION_CONTEXT(2) 
PARAMETRIC_REPRESENTATION_CONTEXT() REPRESENTATION_CONTEXT('2D SPACE',''
  ) );
#11943 = PCURVE('',#5051,#11944);
#11944 = DEFINITIONAL_REPRESENTATION('',(#11945),#11949);
#11945 = LINE('',#11946,#11947);
#11946 = CARTESIAN_POINT('',(1.570796326795,1.626043118037E-15));
#11947 = VECTOR('',#11948,1.);
#11948 = DIRECTION('',(1.,-1.035171199665E-15));
#11949 = ( GEOMETRIC_REPRESENTATION_CONTEXT(2) 
PARAMETRIC_REPRESENTATION_CONTEXT() REPRESENTATION_CONTEXT('2D SPACE',''
  ) );
#11950 = ADVANCED_FACE('',(#11951),#536,.T.);
#11951 = FACE_BOUND('',#11952,.T.);
#11952 = EDGE_LOOP('',(#11953,#11954,#11955,#11977,#11978,#11979,#11980,
    #11981));
#11953 = ORIENTED_EDGE('',*,*,#603,.T.);
#11954 = ORIENTED_EDGE('',*,*,#519,.T.);
#11955 = ORIENTED_EDGE('',*,*,#11956,.T.);
#11956 = EDGE_CURVE('',#491,#11234,#11957,.T.);
#11957 = SURFACE_CURVE('',#11958,(#11963,#11970),.PCURVE_S1.);
#11958 = CIRCLE('',#11959,0.25);
#11959 = AXIS2_PLACEMENT_3D('',#11960,#11961,#11962);
#11960 = CARTESIAN_POINT('',(26.670108265061,-5.836318067475,-13.7));
#11961 = DIRECTION('',(-0.259546952295,-0.965730490124,
    5.607987212962E-17));
#11962 = DIRECTION('',(-0.965730490124,0.259546952295,
    -4.238665850285E-18));
#11963 = PCURVE('',#536,#11964);
#11964 = DEFINITIONAL_REPRESENTATION('',(#11965),#11969);
#11965 = LINE('',#11966,#11967);
#11966 = CARTESIAN_POINT('',(3.14159265359,2.168057490716E-15));
#11967 = VECTOR('',#11968,1.);
#11968 = DIRECTION('',(1.,-1.38022826622E-15));
#11969 = ( GEOMETRIC_REPRESENTATION_CONTEXT(2) 
PARAMETRIC_REPRESENTATION_CONTEXT() REPRESENTATION_CONTEXT('2D SPACE',''
  ) );
#11970 = PCURVE('',#507,#11971);
#11971 = DEFINITIONAL_REPRESENTATION('',(#11972),#11976);
#11972 = LINE('',#11973,#11974);
#11973 = CARTESIAN_POINT('',(4.712388980385,7.853981633974));
#11974 = VECTOR('',#11975,1.);
#11975 = DIRECTION('',(-2.070342399329E-15,-1.));
#11976 = ( GEOMETRIC_REPRESENTATION_CONTEXT(2) 
PARAMETRIC_REPRESENTATION_CONTEXT() REPRESENTATION_CONTEXT('2D SPACE',''
  ) );
#11977 = ORIENTED_EDGE('',*,*,#11282,.T.);
#11978 = ORIENTED_EDGE('',*,*,#11906,.F.);
#11979 = ORIENTED_EDGE('',*,*,#657,.F.);
#11980 = ORIENTED_EDGE('',*,*,#771,.F.);
#11981 = ORIENTED_EDGE('',*,*,#11775,.T.);
#11982 = ADVANCED_FACE('',(#11983),#507,.T.);
#11983 = FACE_BOUND('',#11984,.T.);
#11984 = EDGE_LOOP('',(#11985,#11986,#12008,#12009));
#11985 = ORIENTED_EDGE('',*,*,#490,.F.);
#11986 = ORIENTED_EDGE('',*,*,#11987,.T.);
#11987 = EDGE_CURVE('',#462,#11381,#11988,.T.);
#11988 = SURFACE_CURVE('',#11989,(#11994,#12001),.PCURVE_S1.);
#11989 = CIRCLE('',#11990,0.25);
#11990 = AXIS2_PLACEMENT_3D('',#11991,#11992,#11993);
#11991 = CARTESIAN_POINT('',(26.851791131668,-5.160306724388,-13.));
#11992 = DIRECTION('',(2.058749954231E-15,-8.760043279116E-16,-1.));
#11993 = DIRECTION('',(-0.965730490124,0.259546952295,
    -2.215561855848E-15));
#11994 = PCURVE('',#507,#11995);
#11995 = DEFINITIONAL_REPRESENTATION('',(#11996),#12000);
#11996 = LINE('',#11997,#11998);
#11997 = CARTESIAN_POINT('',(3.14159265359,7.853981633974));
#11998 = VECTOR('',#11999,1.);
#11999 = DIRECTION('',(-6.901141331098E-16,-1.));
#12000 = ( GEOMETRIC_REPRESENTATION_CONTEXT(2) 
PARAMETRIC_REPRESENTATION_CONTEXT() REPRESENTATION_CONTEXT('2D SPACE',''
  ) );
#12001 = PCURVE('',#5219,#12002);
#12002 = DEFINITIONAL_REPRESENTATION('',(#12003),#12007);
#12003 = LINE('',#12004,#12005);
#12004 = CARTESIAN_POINT('',(1.570796326795,8.));
#12005 = VECTOR('',#12006,1.);
#12006 = DIRECTION('',(1.,-6.901141331098E-16));
#12007 = ( GEOMETRIC_REPRESENTATION_CONTEXT(2) 
PARAMETRIC_REPRESENTATION_CONTEXT() REPRESENTATION_CONTEXT('2D SPACE',''
  ) );
#12008 = ORIENTED_EDGE('',*,*,#11803,.T.);
#12009 = ORIENTED_EDGE('',*,*,#11956,.F.);
#12010 = ADVANCED_FACE('',(#12011),#5219,.T.);
#12011 = FACE_BOUND('',#12012,.T.);
#12012 = EDGE_LOOP('',(#12013,#12014,#12036,#12037));
#12013 = ORIENTED_EDGE('',*,*,#5205,.F.);
#12014 = ORIENTED_EDGE('',*,*,#12015,.T.);
#12015 = EDGE_CURVE('',#288,#11356,#12016,.T.);
#12016 = SURFACE_CURVE('',#12017,(#12022,#12029),.PCURVE_S1.);
#12017 = CIRCLE('',#12018,0.25);
#12018 = AXIS2_PLACEMENT_3D('',#12019,#12020,#12021);
#12019 = CARTESIAN_POINT('',(26.851791131668,-5.160306724388,-5.));
#12020 = DIRECTION('',(2.044679885754E-15,-9.283566826829E-16,-1.));
#12021 = DIRECTION('',(-0.965730490124,0.259546952295,
    -2.215561855848E-15));
#12022 = PCURVE('',#5219,#12023);
#12023 = DEFINITIONAL_REPRESENTATION('',(#12024),#12028);
#12024 = LINE('',#12025,#12026);
#12025 = CARTESIAN_POINT('',(1.570796326795,5.420143726791E-16));
#12026 = VECTOR('',#12027,1.);
#12027 = DIRECTION('',(1.,-3.450570665549E-16));
#12028 = ( GEOMETRIC_REPRESENTATION_CONTEXT(2) 
PARAMETRIC_REPRESENTATION_CONTEXT() REPRESENTATION_CONTEXT('2D SPACE',''
  ) );
#12029 = PCURVE('',#304,#12030);
#12030 = DEFINITIONAL_REPRESENTATION('',(#12031),#12035);
#12031 = LINE('',#12032,#12033);
#12032 = CARTESIAN_POINT('',(3.14159265359,7.853981633974));
#12033 = VECTOR('',#12034,1.);
#12034 = DIRECTION('',(-6.901141331098E-16,-1.));
#12035 = ( GEOMETRIC_REPRESENTATION_CONTEXT(2) 
PARAMETRIC_REPRESENTATION_CONTEXT() REPRESENTATION_CONTEXT('2D SPACE',''
  ) );
#12036 = ORIENTED_EDGE('',*,*,#11404,.T.);
#12037 = ORIENTED_EDGE('',*,*,#11987,.F.);
#12038 = ADVANCED_FACE('',(#12039),#304,.T.);
#12039 = FACE_BOUND('',#12040,.T.);
#12040 = EDGE_LOOP('',(#12041,#12042,#12064,#12065));
#12041 = ORIENTED_EDGE('',*,*,#287,.F.);
#12042 = ORIENTED_EDGE('',*,*,#12043,.T.);
#12043 = EDGE_CURVE('',#259,#11503,#12044,.T.);
#12044 = SURFACE_CURVE('',#12045,(#12050,#12057),.PCURVE_S1.);
#12045 = CIRCLE('',#12046,0.25);
#12046 = AXIS2_PLACEMENT_3D('',#12047,#12048,#12049);
#12047 = CARTESIAN_POINT('',(26.670108265061,-5.836318067475,-4.3));
#12048 = DIRECTION('',(0.259546952295,0.965730490124,-7.031275949673E-16
    ));
#12049 = DIRECTION('',(-0.965730490124,0.259546952295,
    -4.238665850286E-18));
#12050 = PCURVE('',#304,#12051);
#12051 = DEFINITIONAL_REPRESENTATION('',(#12052),#12056);
#12052 = LINE('',#12053,#12054);
#12053 = CARTESIAN_POINT('',(1.570796326795,7.853981633974));
#12054 = VECTOR('',#12055,1.);
#12055 = DIRECTION('',(0.,-1.));
#12056 = ( GEOMETRIC_REPRESENTATION_CONTEXT(2) 
PARAMETRIC_REPRESENTATION_CONTEXT() REPRESENTATION_CONTEXT('2D SPACE',''
  ) );
#12057 = PCURVE('',#5135,#12058);
#12058 = DEFINITIONAL_REPRESENTATION('',(#12059),#12063);
#12059 = LINE('',#12060,#12061);
#12060 = CARTESIAN_POINT('',(1.570796326795,2.571670019493));
#12061 = VECTOR('',#12062,1.);
#12062 = DIRECTION('',(1.,0.));
#12063 = ( GEOMETRIC_REPRESENTATION_CONTEXT(2) 
PARAMETRIC_REPRESENTATION_CONTEXT() REPRESENTATION_CONTEXT('2D SPACE',''
  ) );
#12064 = ORIENTED_EDGE('',*,*,#11838,.T.);
#12065 = ORIENTED_EDGE('',*,*,#12015,.F.);
#12066 = ADVANCED_FACE('',(#12067),#5135,.T.);
#12067 = FACE_BOUND('',#12068,.T.);
#12068 = EDGE_LOOP('',(#12069,#12070,#12092,#12093));
#12069 = ORIENTED_EDGE('',*,*,#5121,.F.);
#12070 = ORIENTED_EDGE('',*,*,#12071,.T.);
#12071 = EDGE_CURVE('',#58,#11478,#12072,.T.);
#12072 = SURFACE_CURVE('',#12073,(#12078,#12085),.PCURVE_S1.);
#12073 = CIRCLE('',#12074,0.25);
#12074 = AXIS2_PLACEMENT_3D('',#12075,#12076,#12077);
#12075 = CARTESIAN_POINT('',(26.002639149194,-8.319858215836,-4.3));
#12076 = DIRECTION('',(0.259546952295,0.965730490124,-3.658519214112E-16
    ));
#12077 = DIRECTION('',(-0.965730490124,0.259546952295,
    -4.238665850285E-18));
#12078 = PCURVE('',#5135,#12079);
#12079 = DEFINITIONAL_REPRESENTATION('',(#12080),#12084);
#12080 = LINE('',#12081,#12082);
#12081 = CARTESIAN_POINT('',(1.570796326795,0.));
#12082 = VECTOR('',#12083,1.);
#12083 = DIRECTION('',(1.,0.));
#12084 = ( GEOMETRIC_REPRESENTATION_CONTEXT(2) 
PARAMETRIC_REPRESENTATION_CONTEXT() REPRESENTATION_CONTEXT('2D SPACE',''
  ) );
#12085 = PCURVE('',#74,#12086);
#12086 = DEFINITIONAL_REPRESENTATION('',(#12087),#12091);
#12087 = LINE('',#12088,#12089);
#12088 = CARTESIAN_POINT('',(1.570796326795,7.853981633974));
#12089 = VECTOR('',#12090,1.);
#12090 = DIRECTION('',(0.,-1.));
#12091 = ( GEOMETRIC_REPRESENTATION_CONTEXT(2) 
PARAMETRIC_REPRESENTATION_CONTEXT() REPRESENTATION_CONTEXT('2D SPACE',''
  ) );
#12092 = ORIENTED_EDGE('',*,*,#11526,.T.);
#12093 = ORIENTED_EDGE('',*,*,#12043,.F.);
#12094 = ADVANCED_FACE('',(#12095),#74,.T.);
#12095 = FACE_BOUND('',#12096,.T.);
#12096 = EDGE_LOOP('',(#12097,#12098,#12120,#12121));
#12097 = ORIENTED_EDGE('',*,*,#57,.F.);
#12098 = ORIENTED_EDGE('',*,*,#12099,.T.);
#12099 = EDGE_CURVE('',#24,#11674,#12100,.T.);
#12100 = SURFACE_CURVE('',#12101,(#12106,#12113),.PCURVE_S1.);
#12101 = CIRCLE('',#12102,0.25);
#12102 = AXIS2_PLACEMENT_3D('',#12103,#12104,#12105);
#12103 = CARTESIAN_POINT('',(25.820956282588,-8.995869558923,-5.));
#12104 = DIRECTION('',(2.198264433489E-15,-3.24232415865E-16,1.));
#12105 = DIRECTION('',(-0.965730490124,0.259546952295,2.207084524148E-15
    ));
#12106 = PCURVE('',#74,#12107);
#12107 = DEFINITIONAL_REPRESENTATION('',(#12108),#12112);
#12108 = LINE('',#12109,#12110);
#12109 = CARTESIAN_POINT('',(0.,7.853981633974));
#12110 = VECTOR('',#12111,1.);
#12111 = DIRECTION('',(0.,-1.));
#12112 = ( GEOMETRIC_REPRESENTATION_CONTEXT(2) 
PARAMETRIC_REPRESENTATION_CONTEXT() REPRESENTATION_CONTEXT('2D SPACE',''
  ) );
#12113 = PCURVE('',#5051,#12114);
#12114 = DEFINITIONAL_REPRESENTATION('',(#12115),#12119);
#12115 = LINE('',#12116,#12117);
#12116 = CARTESIAN_POINT('',(1.570796326795,8.));
#12117 = VECTOR('',#12118,1.);
#12118 = DIRECTION('',(1.,-6.901141331098E-16));
#12119 = ( GEOMETRIC_REPRESENTATION_CONTEXT(2) 
PARAMETRIC_REPRESENTATION_CONTEXT() REPRESENTATION_CONTEXT('2D SPACE',''
  ) );
#12120 = ORIENTED_EDGE('',*,*,#11873,.T.);
#12121 = ORIENTED_EDGE('',*,*,#12071,.F.);
#12122 = ADVANCED_FACE('',(#12123),#5051,.T.);
#12123 = FACE_BOUND('',#12124,.T.);
#12124 = EDGE_LOOP('',(#12125,#12126,#12127,#12128));
#12125 = ORIENTED_EDGE('',*,*,#5037,.F.);
#12126 = ORIENTED_EDGE('',*,*,#11929,.T.);
#12127 = ORIENTED_EDGE('',*,*,#11719,.T.);
#12128 = ORIENTED_EDGE('',*,*,#12099,.F.);
#12129 = ( GEOMETRIC_REPRESENTATION_CONTEXT(3) 
GLOBAL_UNCERTAINTY_ASSIGNED_CONTEXT((#12133)) 
GLOBAL_UNIT_ASSIGNED_CONTEXT((#12130,#12131,#12132)) 
REPRESENTATION_CONTEXT('Context #1',
  '3D Context with UNIT and UNCERTAINTY') );
#12130 = ( LENGTH_UNIT() NAMED_UNIT(*) SI_UNIT(.MILLI.,.METRE.) );
#12131 = ( NAMED_UNIT(*) PLANE_ANGLE_UNIT() SI_UNIT($,.RADIAN.) );
#12132 = ( NAMED_UNIT(*) SI_UNIT($,.STERADIAN.) SOLID_ANGLE_UNIT() );
#12133 = UNCERTAINTY_MEASURE_WITH_UNIT(LENGTH_MEASURE(1.E-07),#12130,
  'distance_accuracy_value','confusion accuracy');
#12134 = PRODUCT_RELATED_PRODUCT_CATEGORY('part',$,(#7));
ENDSEC;
END-ISO-10303-21;
