ISO-10303-21;
HEADER;
FILE_DESCRIPTION(('Open CASCADE Model'),'2;1');
FILE_NAME('Open CASCADE Shape Model','2026-09-01T16:22:58',('Author'),(
    'Open CASCADE'),'Open CASCADE STEP processor 7.9','Open CASCADE 7.9'
  ,'Unknown');
FILE_SCHEMA(('AUTOMOTIVE_DESIGN { 1 0 10303 214 1 1 1 1 }'));
ENDSEC;
DATA;
#1 = APPLICATION_PROTOCOL_DEFINITION('international standard',
  'automotive_design',2000,#2);
#2 = APPLICATION_CONTEXT(
  'core data for automotive mechanical design processes');
#3 = SHAPE_DEFINITION_REPRESENTATION(#4,#10);
#4 = PRODUCT_DEFINITION_SHAPE('','',#5);
#5 = PRODUCT_DEFINITION('design','',#6,#9);
#6 = PRODUCT_DEFINITION_FORMATION('','',#7);
#7 = PRODUCT('Open CASCADE STEP translator 7.9 10',
  'Open CASCADE STEP translator 7.9 10','',(#8));
#8 = PRODUCT_CONTEXT('',#2,'mechanical');
#9 = PRODUCT_DEFINITION_CONTEXT('part definition',#2,'design');
#10 = ADVANCED_BREP_SHAPE_REPRESENTATION('',(#11,#15),#3623);
#11 = AXIS2_PLACEMENT_3D('',#12,#13,#14);
#12 = CARTESIAN_POINT('',(0.,0.,0.));
#13 = DIRECTION('',(0.,0.,1.));
#14 = DIRECTION('',(1.,0.,-0.));
#15 = MANIFOLD_SOLID_BREP('',#16);
#16 = CLOSED_SHELL('',(#17,#138,#254,#370,#482,#535,#647,#700,#812,#909,
    #1021,#1074,#1186,#1239,#1351,#1404,#1486,#1563,#1675,#1787,#1898,
    #2009,#2086,#2198,#2309,#2421,#2528,#2577,#2744,#2793,#3110,#3119,
    #3147,#3177,#3184,#3212,#3240,#3270,#3298,#3328,#3335,#3342,#3370,
    #3398,#3425,#3432,#3459,#3466,#3493,#3500,#3527,#3534,#3561,#3568,
    #3595,#3602,#3609,#3616));
#17 = ADVANCED_FACE('',(#18),#32,.F.);
#18 = FACE_BOUND('',#19,.F.);
#19 = EDGE_LOOP('',(#20,#55,#88,#111));
#20 = ORIENTED_EDGE('',*,*,#21,.T.);
#21 = EDGE_CURVE('',#22,#24,#26,.T.);
#22 = VERTEX_POINT('',#23);
#23 = CARTESIAN_POINT('',(11.898188825466,10.340721700417,-0.5));
#24 = VERTEX_POINT('',#25);
#25 = CARTESIAN_POINT('',(14.317120377883,10.972204197974,2.));
#26 = SURFACE_CURVE('',#27,(#31,#43),.PCURVE_S1.);
#27 = LINE('',#28,#29);
#28 = CARTESIAN_POINT('',(11.898188825466,10.340721700417,-0.5));
#29 = VECTOR('',#30,1.);
#30 = DIRECTION('',(0.684177161576,0.178610222489,0.707106781187));
#31 = PCURVE('',#32,#37);
#32 = CONICAL_SURFACE('',#33,2.,0.785398163397);
#33 = AXIS2_PLACEMENT_3D('',#34,#35,#36);
#34 = CARTESIAN_POINT('',(9.963043583532,9.835535702372,-0.5));
#35 = DIRECTION('',(8.44817952835E-18,-6.339435822721E-17,1.));
#36 = DIRECTION('',(0.967572620967,0.252592999023,7.838743857083E-18));
#37 = DEFINITIONAL_REPRESENTATION('',(#38),#42);
#38 = LINE('',#39,#40);
#39 = CARTESIAN_POINT('',(6.28318530718,0.));
#40 = VECTOR('',#41,1.);
#41 = DIRECTION('',(0.,1.));
#42 = ( GEOMETRIC_REPRESENTATION_CONTEXT(2) 
PARAMETRIC_REPRESENTATION_CONTEXT() REPRESENTATION_CONTEXT('2D SPACE',''
  ) );
#43 = PCURVE('',#44,#49);
#44 = CONICAL_SURFACE('',#45,2.,0.785398163397);
#45 = AXIS2_PLACEMENT_3D('',#46,#47,#48);
#46 = CARTESIAN_POINT('',(9.963043583532,9.835535702372,-0.5));
#47 = DIRECTION('',(8.44817952835E-18,-6.339435822721E-17,1.));
#48 = DIRECTION('',(0.967572620967,0.252592999023,7.838743857083E-18));
#49 = DEFINITIONAL_REPRESENTATION('',(#50),#54);
#50 = LINE('',#51,#52);
#51 = CARTESIAN_POINT('',(0.,0.));
#52 = VECTOR('',#53,1.);
#53 = DIRECTION('',(0.,1.));
#54 = ( GEOMETRIC_REPRESENTATION_CONTEXT(2) 
PARAMETRIC_REPRESENTATION_CONTEXT() REPRESENTATION_CONTEXT('2D SPACE',''
  ) );
#55 = ORIENTED_EDGE('',*,*,#56,.T.);
#56 = EDGE_CURVE('',#24,#57,#59,.T.);
#57 = VERTEX_POINT('',#58);
#58 = CARTESIAN_POINT('',(5.608966789181,8.69886720677,2.));
#59 = SURFACE_CURVE('',#60,(#65,#72),.PCURVE_S1.);
#60 = CIRCLE('',#61,4.5);
#61 = AXIS2_PLACEMENT_3D('',#62,#63,#64);
#62 = CARTESIAN_POINT('',(9.963043583532,9.835535702372,2.));
#63 = DIRECTION('',(-8.44817952835E-18,6.339435822721E-17,-1.));
#64 = DIRECTION('',(0.967572620967,0.252592999023,7.838743857083E-18));
#65 = PCURVE('',#32,#66);
#66 = DEFINITIONAL_REPRESENTATION('',(#67),#71);
#67 = LINE('',#68,#69);
#68 = CARTESIAN_POINT('',(6.28318530718,2.5));
#69 = VECTOR('',#70,1.);
#70 = DIRECTION('',(-1.,2.99865571093E-16));
#71 = ( GEOMETRIC_REPRESENTATION_CONTEXT(2) 
PARAMETRIC_REPRESENTATION_CONTEXT() REPRESENTATION_CONTEXT('2D SPACE',''
  ) );
#72 = PCURVE('',#73,#78);
#73 = PLANE('',#74);
#74 = AXIS2_PLACEMENT_3D('',#75,#76,#77);
#75 = CARTESIAN_POINT('',(1.68963590567E-17,-1.267887164544E-16,2.));
#76 = DIRECTION('',(8.44817952835E-18,-6.339435822721E-17,1.));
#77 = DIRECTION('',(0.967572620967,0.252592999023,7.838743857083E-18));
#78 = DEFINITIONAL_REPRESENTATION('',(#79),#87);
#79 = ( BOUNDED_CURVE() B_SPLINE_CURVE(2,(#80,#81,#82,#83,#84,#85,#86),
.UNSPECIFIED.,.T.,.F.) B_SPLINE_CURVE_WITH_KNOTS((1,2,2,2,2,1),(
    -2.094395102393,0.,2.094395102393,4.188790204786,6.28318530718,
8.377580409573),.UNSPECIFIED.) CURVE() GEOMETRIC_REPRESENTATION_ITEM() 
RATIONAL_B_SPLINE_CURVE((1.,0.5,1.,0.5,1.,0.5,1.)) REPRESENTATION_ITEM(
  '') );
#80 = CARTESIAN_POINT('',(16.624355652982,7.));
#81 = CARTESIAN_POINT('',(16.624355652982,-0.79422863406));
#82 = CARTESIAN_POINT('',(9.874355652982,3.10288568297));
#83 = CARTESIAN_POINT('',(3.124355652982,7.));
#84 = CARTESIAN_POINT('',(9.874355652982,10.89711431703));
#85 = CARTESIAN_POINT('',(16.624355652982,14.79422863406));
#86 = CARTESIAN_POINT('',(16.624355652982,7.));
#87 = ( GEOMETRIC_REPRESENTATION_CONTEXT(2) 
PARAMETRIC_REPRESENTATION_CONTEXT() REPRESENTATION_CONTEXT('2D SPACE',''
  ) );
#88 = ORIENTED_EDGE('',*,*,#89,.F.);
#89 = EDGE_CURVE('',#90,#57,#92,.T.);
#90 = VERTEX_POINT('',#91);
#91 = CARTESIAN_POINT('',(8.027898341598,9.330349704327,-0.5));
#92 = SURFACE_CURVE('',#93,(#97,#104),.PCURVE_S1.);
#93 = LINE('',#94,#95);
#94 = CARTESIAN_POINT('',(8.027898341598,9.330349704327,-0.5));
#95 = VECTOR('',#96,1.);
#96 = DIRECTION('',(-0.684177161576,-0.178610222489,0.707106781187));
#97 = PCURVE('',#32,#98);
#98 = DEFINITIONAL_REPRESENTATION('',(#99),#103);
#99 = LINE('',#100,#101);
#100 = CARTESIAN_POINT('',(3.14159265359,0.));
#101 = VECTOR('',#102,1.);
#102 = DIRECTION('',(0.,1.));
#103 = ( GEOMETRIC_REPRESENTATION_CONTEXT(2) 
PARAMETRIC_REPRESENTATION_CONTEXT() REPRESENTATION_CONTEXT('2D SPACE',''
  ) );
#104 = PCURVE('',#44,#105);
#105 = DEFINITIONAL_REPRESENTATION('',(#106),#110);
#106 = LINE('',#107,#108);
#107 = CARTESIAN_POINT('',(3.14159265359,0.));
#108 = VECTOR('',#109,1.);
#109 = DIRECTION('',(0.,1.));
#110 = ( GEOMETRIC_REPRESENTATION_CONTEXT(2) 
PARAMETRIC_REPRESENTATION_CONTEXT() REPRESENTATION_CONTEXT('2D SPACE',''
  ) );
#111 = ORIENTED_EDGE('',*,*,#112,.T.);
#112 = EDGE_CURVE('',#90,#22,#113,.T.);
#113 = SURFACE_CURVE('',#114,(#119,#126),.PCURVE_S1.);
#114 = CIRCLE('',#115,2.);
#115 = AXIS2_PLACEMENT_3D('',#116,#117,#118);
#116 = CARTESIAN_POINT('',(9.963043583532,9.835535702372,-0.5));
#117 = DIRECTION('',(8.44817952835E-18,-6.339435822721E-17,1.));
#118 = DIRECTION('',(0.967572620967,0.252592999023,7.838743857083E-18));
#119 = PCURVE('',#32,#120);
#120 = DEFINITIONAL_REPRESENTATION('',(#121),#125);
#121 = LINE('',#122,#123);
#122 = CARTESIAN_POINT('',(0.,0.));
#123 = VECTOR('',#124,1.);
#124 = DIRECTION('',(1.,0.));
#125 = ( GEOMETRIC_REPRESENTATION_CONTEXT(2) 
PARAMETRIC_REPRESENTATION_CONTEXT() REPRESENTATION_CONTEXT('2D SPACE',''
  ) );
#126 = PCURVE('',#127,#132);
#127 = CYLINDRICAL_SURFACE('',#128,2.);
#128 = AXIS2_PLACEMENT_3D('',#129,#130,#131);
#129 = CARTESIAN_POINT('',(9.963043583532,9.835535702372,-10.));
#130 = DIRECTION('',(8.44817952835E-18,-6.339435822721E-17,1.));
#131 = DIRECTION('',(0.967572620967,0.252592999023,7.838743857083E-18));
#132 = DEFINITIONAL_REPRESENTATION('',(#133),#137);
#133 = LINE('',#134,#135);
#134 = CARTESIAN_POINT('',(0.,9.5));
#135 = VECTOR('',#136,1.);
#136 = DIRECTION('',(1.,0.));
#137 = ( GEOMETRIC_REPRESENTATION_CONTEXT(2) 
PARAMETRIC_REPRESENTATION_CONTEXT() REPRESENTATION_CONTEXT('2D SPACE',''
  ) );
#138 = ADVANCED_FACE('',(#139),#153,.F.);
#139 = FACE_BOUND('',#140,.F.);
#140 = EDGE_LOOP('',(#141,#176,#204,#227));
#141 = ORIENTED_EDGE('',*,*,#142,.T.);
#142 = EDGE_CURVE('',#143,#145,#147,.T.);
#143 = VERTEX_POINT('',#144);
#144 = CARTESIAN_POINT('',(-11.56420032791,4.21566698921,-0.5));
#145 = VERTEX_POINT('',#146);
#146 = CARTESIAN_POINT('',(-9.145268775498,4.847149486766,2.));
#147 = SURFACE_CURVE('',#148,(#152,#164),.PCURVE_S1.);
#148 = LINE('',#149,#150);
#149 = CARTESIAN_POINT('',(-11.56420032791,4.21566698921,-0.5));
#150 = VECTOR('',#151,1.);
#151 = DIRECTION('',(0.684177161576,0.178610222489,0.707106781187));
#152 = PCURVE('',#153,#158);
#153 = CONICAL_SURFACE('',#154,2.,0.785398163397);
#154 = AXIS2_PLACEMENT_3D('',#155,#156,#157);
#155 = CARTESIAN_POINT('',(-13.49934556984,3.710480991164,-0.5));
#156 = DIRECTION('',(8.44817952835E-18,-6.339435822721E-17,1.));
#157 = DIRECTION('',(0.967572620967,0.252592999023,7.838743857083E-18));
#158 = DEFINITIONAL_REPRESENTATION('',(#159),#163);
#159 = LINE('',#160,#161);
#160 = CARTESIAN_POINT('',(6.28318530718,8.881784197001E-16));
#161 = VECTOR('',#162,1.);
#162 = DIRECTION('',(0.,1.));
#163 = ( GEOMETRIC_REPRESENTATION_CONTEXT(2) 
PARAMETRIC_REPRESENTATION_CONTEXT() REPRESENTATION_CONTEXT('2D SPACE',''
  ) );
#164 = PCURVE('',#165,#170);
#165 = CONICAL_SURFACE('',#166,2.,0.785398163397);
#166 = AXIS2_PLACEMENT_3D('',#167,#168,#169);
#167 = CARTESIAN_POINT('',(-13.49934556984,3.710480991164,-0.5));
#168 = DIRECTION('',(8.44817952835E-18,-6.339435822721E-17,1.));
#169 = DIRECTION('',(0.967572620967,0.252592999023,7.838743857083E-18));
#170 = DEFINITIONAL_REPRESENTATION('',(#171),#175);
#171 = LINE('',#172,#173);
#172 = CARTESIAN_POINT('',(0.,8.881784197001E-16));
#173 = VECTOR('',#174,1.);
#174 = DIRECTION('',(0.,1.));
#175 = ( GEOMETRIC_REPRESENTATION_CONTEXT(2) 
PARAMETRIC_REPRESENTATION_CONTEXT() REPRESENTATION_CONTEXT('2D SPACE',''
  ) );
#176 = ORIENTED_EDGE('',*,*,#177,.T.);
#177 = EDGE_CURVE('',#145,#178,#180,.T.);
#178 = VERTEX_POINT('',#179);
#179 = CARTESIAN_POINT('',(-17.8534223642,2.573812495562,2.));
#180 = SURFACE_CURVE('',#181,(#186,#193),.PCURVE_S1.);
#181 = CIRCLE('',#182,4.5);
#182 = AXIS2_PLACEMENT_3D('',#183,#184,#185);
#183 = CARTESIAN_POINT('',(-13.49934556984,3.710480991164,2.));
#184 = DIRECTION('',(-8.44817952835E-18,6.339435822721E-17,-1.));
#185 = DIRECTION('',(0.967572620967,0.252592999023,7.838743857083E-18));
#186 = PCURVE('',#153,#187);
#187 = DEFINITIONAL_REPRESENTATION('',(#188),#192);
#188 = LINE('',#189,#190);
#189 = CARTESIAN_POINT('',(6.28318530718,2.5));
#190 = VECTOR('',#191,1.);
#191 = DIRECTION('',(-1.,2.99865571093E-16));
#192 = ( GEOMETRIC_REPRESENTATION_CONTEXT(2) 
PARAMETRIC_REPRESENTATION_CONTEXT() REPRESENTATION_CONTEXT('2D SPACE',''
  ) );
#193 = PCURVE('',#73,#194);
#194 = DEFINITIONAL_REPRESENTATION('',(#195),#203);
#195 = ( BOUNDED_CURVE() B_SPLINE_CURVE(2,(#196,#197,#198,#199,#200,#201
,#202),.UNSPECIFIED.,.T.,.F.) B_SPLINE_CURVE_WITH_KNOTS((1,2,2,2,2,1),(
    -2.094395102393,0.,2.094395102393,4.188790204786,6.28318530718,
8.377580409573),.UNSPECIFIED.) CURVE() GEOMETRIC_REPRESENTATION_ITEM() 
RATIONAL_B_SPLINE_CURVE((1.,0.5,1.,0.5,1.,0.5,1.)) REPRESENTATION_ITEM(
  '') );
#196 = CARTESIAN_POINT('',(-7.624355652982,7.));
#197 = CARTESIAN_POINT('',(-7.624355652982,-0.79422863406));
#198 = CARTESIAN_POINT('',(-14.37435565298,3.10288568297));
#199 = CARTESIAN_POINT('',(-21.12435565298,7.));
#200 = CARTESIAN_POINT('',(-14.37435565298,10.89711431703));
#201 = CARTESIAN_POINT('',(-7.624355652982,14.79422863406));
#202 = CARTESIAN_POINT('',(-7.624355652982,7.));
#203 = ( GEOMETRIC_REPRESENTATION_CONTEXT(2) 
PARAMETRIC_REPRESENTATION_CONTEXT() REPRESENTATION_CONTEXT('2D SPACE',''
  ) );
#204 = ORIENTED_EDGE('',*,*,#205,.F.);
#205 = EDGE_CURVE('',#206,#178,#208,.T.);
#206 = VERTEX_POINT('',#207);
#207 = CARTESIAN_POINT('',(-15.43449081178,3.205294993119,-0.5));
#208 = SURFACE_CURVE('',#209,(#213,#220),.PCURVE_S1.);
#209 = LINE('',#210,#211);
#210 = CARTESIAN_POINT('',(-15.43449081178,3.205294993119,-0.5));
#211 = VECTOR('',#212,1.);
#212 = DIRECTION('',(-0.684177161576,-0.178610222489,0.707106781187));
#213 = PCURVE('',#153,#214);
#214 = DEFINITIONAL_REPRESENTATION('',(#215),#219);
#215 = LINE('',#216,#217);
#216 = CARTESIAN_POINT('',(3.14159265359,0.));
#217 = VECTOR('',#218,1.);
#218 = DIRECTION('',(0.,1.));
#219 = ( GEOMETRIC_REPRESENTATION_CONTEXT(2) 
PARAMETRIC_REPRESENTATION_CONTEXT() REPRESENTATION_CONTEXT('2D SPACE',''
  ) );
#220 = PCURVE('',#165,#221);
#221 = DEFINITIONAL_REPRESENTATION('',(#222),#226);
#222 = LINE('',#223,#224);
#223 = CARTESIAN_POINT('',(3.14159265359,0.));
#224 = VECTOR('',#225,1.);
#225 = DIRECTION('',(0.,1.));
#226 = ( GEOMETRIC_REPRESENTATION_CONTEXT(2) 
PARAMETRIC_REPRESENTATION_CONTEXT() REPRESENTATION_CONTEXT('2D SPACE',''
  ) );
#227 = ORIENTED_EDGE('',*,*,#228,.T.);
#228 = EDGE_CURVE('',#206,#143,#229,.T.);
#229 = SURFACE_CURVE('',#230,(#235,#242),.PCURVE_S1.);
#230 = CIRCLE('',#231,2.);
#231 = AXIS2_PLACEMENT_3D('',#232,#233,#234);
#232 = CARTESIAN_POINT('',(-13.49934556984,3.710480991164,-0.5));
#233 = DIRECTION('',(8.44817952835E-18,-6.339435822721E-17,1.));
#234 = DIRECTION('',(0.967572620967,0.252592999023,7.838743857083E-18));
#235 = PCURVE('',#153,#236);
#236 = DEFINITIONAL_REPRESENTATION('',(#237),#241);
#237 = LINE('',#238,#239);
#238 = CARTESIAN_POINT('',(0.,0.));
#239 = VECTOR('',#240,1.);
#240 = DIRECTION('',(1.,0.));
#241 = ( GEOMETRIC_REPRESENTATION_CONTEXT(2) 
PARAMETRIC_REPRESENTATION_CONTEXT() REPRESENTATION_CONTEXT('2D SPACE',''
  ) );
#242 = PCURVE('',#243,#248);
#243 = CYLINDRICAL_SURFACE('',#244,2.);
#244 = AXIS2_PLACEMENT_3D('',#245,#246,#247);
#245 = CARTESIAN_POINT('',(-13.49934556984,3.710480991164,-10.));
#246 = DIRECTION('',(8.44817952835E-18,-6.339435822721E-17,1.));
#247 = DIRECTION('',(0.967572620967,0.252592999023,7.838743857083E-18));
#248 = DEFINITIONAL_REPRESENTATION('',(#249),#253);
#249 = LINE('',#250,#251);
#250 = CARTESIAN_POINT('',(0.,9.5));
#251 = VECTOR('',#252,1.);
#252 = DIRECTION('',(1.,0.));
#253 = ( GEOMETRIC_REPRESENTATION_CONTEXT(2) 
PARAMETRIC_REPRESENTATION_CONTEXT() REPRESENTATION_CONTEXT('2D SPACE',''
  ) );
#254 = ADVANCED_FACE('',(#255),#269,.F.);
#255 = FACE_BOUND('',#256,.F.);
#256 = EDGE_LOOP('',(#257,#292,#320,#343));
#257 = ORIENTED_EDGE('',*,*,#258,.T.);
#258 = EDGE_CURVE('',#259,#261,#263,.T.);
#259 = VERTEX_POINT('',#260);
#260 = CARTESIAN_POINT('',(5.471447228251,-13.04083069549,-0.5));
#261 = VERTEX_POINT('',#262);
#262 = CARTESIAN_POINT('',(7.890378780668,-12.40934819793,2.));
#263 = SURFACE_CURVE('',#264,(#268,#280),.PCURVE_S1.);
#264 = LINE('',#265,#266);
#265 = CARTESIAN_POINT('',(5.471447228251,-13.04083069549,-0.5));
#266 = VECTOR('',#267,1.);
#267 = DIRECTION('',(0.684177161576,0.178610222489,0.707106781187));
#268 = PCURVE('',#269,#274);
#269 = CONICAL_SURFACE('',#270,2.,0.785398163397);
#270 = AXIS2_PLACEMENT_3D('',#271,#272,#273);
#271 = CARTESIAN_POINT('',(3.536301986317,-13.54601669353,-0.5));
#272 = DIRECTION('',(8.44817952835E-18,-6.339435822721E-17,1.));
#273 = DIRECTION('',(0.967572620967,0.252592999023,7.838743857083E-18));
#274 = DEFINITIONAL_REPRESENTATION('',(#275),#279);
#275 = LINE('',#276,#277);
#276 = CARTESIAN_POINT('',(6.28318530718,1.110223024625E-16));
#277 = VECTOR('',#278,1.);
#278 = DIRECTION('',(0.,1.));
#279 = ( GEOMETRIC_REPRESENTATION_CONTEXT(2) 
PARAMETRIC_REPRESENTATION_CONTEXT() REPRESENTATION_CONTEXT('2D SPACE',''
  ) );
#280 = PCURVE('',#281,#286);
#281 = CONICAL_SURFACE('',#282,2.,0.785398163397);
#282 = AXIS2_PLACEMENT_3D('',#283,#284,#285);
#283 = CARTESIAN_POINT('',(3.536301986317,-13.54601669353,-0.5));
#284 = DIRECTION('',(8.44817952835E-18,-6.339435822721E-17,1.));
#285 = DIRECTION('',(0.967572620967,0.252592999023,7.838743857083E-18));
#286 = DEFINITIONAL_REPRESENTATION('',(#287),#291);
#287 = LINE('',#288,#289);
#288 = CARTESIAN_POINT('',(0.,1.110223024625E-16));
#289 = VECTOR('',#290,1.);
#290 = DIRECTION('',(0.,1.));
#291 = ( GEOMETRIC_REPRESENTATION_CONTEXT(2) 
PARAMETRIC_REPRESENTATION_CONTEXT() REPRESENTATION_CONTEXT('2D SPACE',''
  ) );
#292 = ORIENTED_EDGE('',*,*,#293,.T.);
#293 = EDGE_CURVE('',#261,#294,#296,.T.);
#294 = VERTEX_POINT('',#295);
#295 = CARTESIAN_POINT('',(-0.817774808034,-14.68268518913,2.));
#296 = SURFACE_CURVE('',#297,(#302,#309),.PCURVE_S1.);
#297 = CIRCLE('',#298,4.5);
#298 = AXIS2_PLACEMENT_3D('',#299,#300,#301);
#299 = CARTESIAN_POINT('',(3.536301986317,-13.54601669353,2.));
#300 = DIRECTION('',(-8.44817952835E-18,6.339435822721E-17,-1.));
#301 = DIRECTION('',(0.967572620967,0.252592999023,7.838743857083E-18));
#302 = PCURVE('',#269,#303);
#303 = DEFINITIONAL_REPRESENTATION('',(#304),#308);
#304 = LINE('',#305,#306);
#305 = CARTESIAN_POINT('',(6.28318530718,2.5));
#306 = VECTOR('',#307,1.);
#307 = DIRECTION('',(-1.,0.));
#308 = ( GEOMETRIC_REPRESENTATION_CONTEXT(2) 
PARAMETRIC_REPRESENTATION_CONTEXT() REPRESENTATION_CONTEXT('2D SPACE',''
  ) );
#309 = PCURVE('',#73,#310);
#310 = DEFINITIONAL_REPRESENTATION('',(#311),#319);
#311 = ( BOUNDED_CURVE() B_SPLINE_CURVE(2,(#312,#313,#314,#315,#316,#317
,#318),.UNSPECIFIED.,.T.,.F.) B_SPLINE_CURVE_WITH_KNOTS((1,2,2,2,2,1),(
    -2.094395102393,0.,2.094395102393,4.188790204786,6.28318530718,
8.377580409573),.UNSPECIFIED.) CURVE() GEOMETRIC_REPRESENTATION_ITEM() 
RATIONAL_B_SPLINE_CURVE((1.,0.5,1.,0.5,1.,0.5,1.)) REPRESENTATION_ITEM(
  '') );
#312 = CARTESIAN_POINT('',(4.5,-14.));
#313 = CARTESIAN_POINT('',(4.5,-21.79422863406));
#314 = CARTESIAN_POINT('',(-2.25,-17.89711431703));
#315 = CARTESIAN_POINT('',(-9.,-14.));
#316 = CARTESIAN_POINT('',(-2.25,-10.10288568297));
#317 = CARTESIAN_POINT('',(4.5,-6.20577136594));
#318 = CARTESIAN_POINT('',(4.5,-14.));
#319 = ( GEOMETRIC_REPRESENTATION_CONTEXT(2) 
PARAMETRIC_REPRESENTATION_CONTEXT() REPRESENTATION_CONTEXT('2D SPACE',''
  ) );
#320 = ORIENTED_EDGE('',*,*,#321,.F.);
#321 = EDGE_CURVE('',#322,#294,#324,.T.);
#322 = VERTEX_POINT('',#323);
#323 = CARTESIAN_POINT('',(1.601156744383,-14.05120269158,-0.5));
#324 = SURFACE_CURVE('',#325,(#329,#336),.PCURVE_S1.);
#325 = LINE('',#326,#327);
#326 = CARTESIAN_POINT('',(1.601156744383,-14.05120269158,-0.5));
#327 = VECTOR('',#328,1.);
#328 = DIRECTION('',(-0.684177161576,-0.178610222489,0.707106781187));
#329 = PCURVE('',#269,#330);
#330 = DEFINITIONAL_REPRESENTATION('',(#331),#335);
#331 = LINE('',#332,#333);
#332 = CARTESIAN_POINT('',(3.14159265359,0.));
#333 = VECTOR('',#334,1.);
#334 = DIRECTION('',(0.,1.));
#335 = ( GEOMETRIC_REPRESENTATION_CONTEXT(2) 
PARAMETRIC_REPRESENTATION_CONTEXT() REPRESENTATION_CONTEXT('2D SPACE',''
  ) );
#336 = PCURVE('',#281,#337);
#337 = DEFINITIONAL_REPRESENTATION('',(#338),#342);
#338 = LINE('',#339,#340);
#339 = CARTESIAN_POINT('',(3.14159265359,0.));
#340 = VECTOR('',#341,1.);
#341 = DIRECTION('',(0.,1.));
#342 = ( GEOMETRIC_REPRESENTATION_CONTEXT(2) 
PARAMETRIC_REPRESENTATION_CONTEXT() REPRESENTATION_CONTEXT('2D SPACE',''
  ) );
#343 = ORIENTED_EDGE('',*,*,#344,.T.);
#344 = EDGE_CURVE('',#322,#259,#345,.T.);
#345 = SURFACE_CURVE('',#346,(#351,#358),.PCURVE_S1.);
#346 = CIRCLE('',#347,2.);
#347 = AXIS2_PLACEMENT_3D('',#348,#349,#350);
#348 = CARTESIAN_POINT('',(3.536301986317,-13.54601669353,-0.5));
#349 = DIRECTION('',(8.44817952835E-18,-6.339435822721E-17,1.));
#350 = DIRECTION('',(0.967572620967,0.252592999023,7.838743857083E-18));
#351 = PCURVE('',#269,#352);
#352 = DEFINITIONAL_REPRESENTATION('',(#353),#357);
#353 = LINE('',#354,#355);
#354 = CARTESIAN_POINT('',(0.,0.));
#355 = VECTOR('',#356,1.);
#356 = DIRECTION('',(1.,0.));
#357 = ( GEOMETRIC_REPRESENTATION_CONTEXT(2) 
PARAMETRIC_REPRESENTATION_CONTEXT() REPRESENTATION_CONTEXT('2D SPACE',''
  ) );
#358 = PCURVE('',#359,#364);
#359 = CYLINDRICAL_SURFACE('',#360,2.);
#360 = AXIS2_PLACEMENT_3D('',#361,#362,#363);
#361 = CARTESIAN_POINT('',(3.536301986317,-13.54601669353,-10.));
#362 = DIRECTION('',(8.44817952835E-18,-6.339435822721E-17,1.));
#363 = DIRECTION('',(0.967572620967,0.252592999023,7.838743857083E-18));
#364 = DEFINITIONAL_REPRESENTATION('',(#365),#369);
#365 = LINE('',#366,#367);
#366 = CARTESIAN_POINT('',(0.,9.5));
#367 = VECTOR('',#368,1.);
#368 = DIRECTION('',(1.,0.));
#369 = ( GEOMETRIC_REPRESENTATION_CONTEXT(2) 
PARAMETRIC_REPRESENTATION_CONTEXT() REPRESENTATION_CONTEXT('2D SPACE',''
  ) );
#370 = ADVANCED_FACE('',(#371),#385,.F.);
#371 = FACE_BOUND('',#372,.F.);
#372 = EDGE_LOOP('',(#373,#408,#432,#455));
#373 = ORIENTED_EDGE('',*,*,#374,.T.);
#374 = EDGE_CURVE('',#375,#377,#379,.T.);
#375 = VERTEX_POINT('',#376);
#376 = CARTESIAN_POINT('',(-9.328608190619,10.990430802563,-4.));
#377 = VERTEX_POINT('',#378);
#378 = CARTESIAN_POINT('',(-9.328608190619,10.990430802563,2.));
#379 = SURFACE_CURVE('',#380,(#384,#396),.PCURVE_S1.);
#380 = LINE('',#381,#382);
#381 = CARTESIAN_POINT('',(-9.328608190619,10.990430802563,2.));
#382 = VECTOR('',#383,1.);
#383 = DIRECTION('',(8.44817952835E-18,-6.339435822721E-17,1.));
#384 = PCURVE('',#385,#390);
#385 = CYLINDRICAL_SURFACE('',#386,1.25);
#386 = AXIS2_PLACEMENT_3D('',#387,#388,#389);
#387 = CARTESIAN_POINT('',(-10.53807396682,10.674689553784,2.));
#388 = DIRECTION('',(8.44817952835E-18,-6.339435822721E-17,1.));
#389 = DIRECTION('',(0.967572620967,0.252592999023,7.838743857083E-18));
#390 = DEFINITIONAL_REPRESENTATION('',(#391),#395);
#391 = LINE('',#392,#393);
#392 = CARTESIAN_POINT('',(6.28318530718,0.));
#393 = VECTOR('',#394,1.);
#394 = DIRECTION('',(0.,1.));
#395 = ( GEOMETRIC_REPRESENTATION_CONTEXT(2) 
PARAMETRIC_REPRESENTATION_CONTEXT() REPRESENTATION_CONTEXT('2D SPACE',''
  ) );
#396 = PCURVE('',#397,#402);
#397 = CYLINDRICAL_SURFACE('',#398,1.25);
#398 = AXIS2_PLACEMENT_3D('',#399,#400,#401);
#399 = CARTESIAN_POINT('',(-10.53807396682,10.674689553784,2.));
#400 = DIRECTION('',(8.44817952835E-18,-6.339435822721E-17,1.));
#401 = DIRECTION('',(0.967572620967,0.252592999023,7.838743857083E-18));
#402 = DEFINITIONAL_REPRESENTATION('',(#403),#407);
#403 = LINE('',#404,#405);
#404 = CARTESIAN_POINT('',(0.,0.));
#405 = VECTOR('',#406,1.);
#406 = DIRECTION('',(0.,1.));
#407 = ( GEOMETRIC_REPRESENTATION_CONTEXT(2) 
PARAMETRIC_REPRESENTATION_CONTEXT() REPRESENTATION_CONTEXT('2D SPACE',''
  ) );
#408 = ORIENTED_EDGE('',*,*,#409,.F.);
#409 = EDGE_CURVE('',#410,#377,#412,.T.);
#410 = VERTEX_POINT('',#411);
#411 = CARTESIAN_POINT('',(-11.74753974303,10.358948305006,2.));
#412 = SURFACE_CURVE('',#413,(#418,#425),.PCURVE_S1.);
#413 = CIRCLE('',#414,1.25);
#414 = AXIS2_PLACEMENT_3D('',#415,#416,#417);
#415 = CARTESIAN_POINT('',(-10.53807396682,10.674689553784,2.));
#416 = DIRECTION('',(8.44817952835E-18,-6.339435822721E-17,1.));
#417 = DIRECTION('',(0.967572620967,0.252592999023,7.838743857083E-18));
#418 = PCURVE('',#385,#419);
#419 = DEFINITIONAL_REPRESENTATION('',(#420),#424);
#420 = LINE('',#421,#422);
#421 = CARTESIAN_POINT('',(0.,0.));
#422 = VECTOR('',#423,1.);
#423 = DIRECTION('',(1.,0.));
#424 = ( GEOMETRIC_REPRESENTATION_CONTEXT(2) 
PARAMETRIC_REPRESENTATION_CONTEXT() REPRESENTATION_CONTEXT('2D SPACE',''
  ) );
#425 = PCURVE('',#73,#426);
#426 = DEFINITIONAL_REPRESENTATION('',(#427),#431);
#427 = CIRCLE('',#428,1.25);
#428 = AXIS2_PLACEMENT_2D('',#429,#430);
#429 = CARTESIAN_POINT('',(-7.5,12.990381056767));
#430 = DIRECTION('',(1.,0.));
#431 = ( GEOMETRIC_REPRESENTATION_CONTEXT(2) 
PARAMETRIC_REPRESENTATION_CONTEXT() REPRESENTATION_CONTEXT('2D SPACE',''
  ) );
#432 = ORIENTED_EDGE('',*,*,#433,.F.);
#433 = EDGE_CURVE('',#434,#410,#436,.T.);
#434 = VERTEX_POINT('',#435);
#435 = CARTESIAN_POINT('',(-11.74753974303,10.358948305006,-4.));
#436 = SURFACE_CURVE('',#437,(#441,#448),.PCURVE_S1.);
#437 = LINE('',#438,#439);
#438 = CARTESIAN_POINT('',(-11.74753974303,10.358948305006,2.));
#439 = VECTOR('',#440,1.);
#440 = DIRECTION('',(8.44817952835E-18,-6.339435822721E-17,1.));
#441 = PCURVE('',#385,#442);
#442 = DEFINITIONAL_REPRESENTATION('',(#443),#447);
#443 = LINE('',#444,#445);
#444 = CARTESIAN_POINT('',(3.14159265359,0.));
#445 = VECTOR('',#446,1.);
#446 = DIRECTION('',(0.,1.));
#447 = ( GEOMETRIC_REPRESENTATION_CONTEXT(2) 
PARAMETRIC_REPRESENTATION_CONTEXT() REPRESENTATION_CONTEXT('2D SPACE',''
  ) );
#448 = PCURVE('',#397,#449);
#449 = DEFINITIONAL_REPRESENTATION('',(#450),#454);
#450 = LINE('',#451,#452);
#451 = CARTESIAN_POINT('',(3.14159265359,0.));
#452 = VECTOR('',#453,1.);
#453 = DIRECTION('',(0.,1.));
#454 = ( GEOMETRIC_REPRESENTATION_CONTEXT(2) 
PARAMETRIC_REPRESENTATION_CONTEXT() REPRESENTATION_CONTEXT('2D SPACE',''
  ) );
#455 = ORIENTED_EDGE('',*,*,#456,.T.);
#456 = EDGE_CURVE('',#434,#375,#457,.T.);
#457 = SURFACE_CURVE('',#458,(#463,#470),.PCURVE_S1.);
#458 = CIRCLE('',#459,1.25);
#459 = AXIS2_PLACEMENT_3D('',#460,#461,#462);
#460 = CARTESIAN_POINT('',(-10.53807396682,10.674689553784,-4.));
#461 = DIRECTION('',(8.44817952835E-18,-6.339435822721E-17,1.));
#462 = DIRECTION('',(0.967572620967,0.252592999023,7.838743857083E-18));
#463 = PCURVE('',#385,#464);
#464 = DEFINITIONAL_REPRESENTATION('',(#465),#469);
#465 = LINE('',#466,#467);
#466 = CARTESIAN_POINT('',(0.,-6.));
#467 = VECTOR('',#468,1.);
#468 = DIRECTION('',(1.,0.));
#469 = ( GEOMETRIC_REPRESENTATION_CONTEXT(2) 
PARAMETRIC_REPRESENTATION_CONTEXT() REPRESENTATION_CONTEXT('2D SPACE',''
  ) );
#470 = PCURVE('',#471,#476);
#471 = CONICAL_SURFACE('',#472,1.25,1.029744258677);
#472 = AXIS2_PLACEMENT_3D('',#473,#474,#475);
#473 = CARTESIAN_POINT('',(-10.53807396682,10.674689553784,-4.));
#474 = DIRECTION('',(8.44817952835E-18,-6.339435822721E-17,1.));
#475 = DIRECTION('',(0.967572620967,0.252592999023,7.838743857083E-18));
#476 = DEFINITIONAL_REPRESENTATION('',(#477),#481);
#477 = LINE('',#478,#479);
#478 = CARTESIAN_POINT('',(0.,-9.802687471293E-17));
#479 = VECTOR('',#480,1.);
#480 = DIRECTION('',(1.,0.));
#481 = ( GEOMETRIC_REPRESENTATION_CONTEXT(2) 
PARAMETRIC_REPRESENTATION_CONTEXT() REPRESENTATION_CONTEXT('2D SPACE',''
  ) );
#482 = ADVANCED_FACE('',(#483),#471,.F.);
#483 = FACE_BOUND('',#484,.F.);
#484 = EDGE_LOOP('',(#485,#486,#514));
#485 = ORIENTED_EDGE('',*,*,#456,.F.);
#486 = ORIENTED_EDGE('',*,*,#487,.F.);
#487 = EDGE_CURVE('',#488,#434,#490,.T.);
#488 = VERTEX_POINT('',#489);
#489 = CARTESIAN_POINT('',(-10.53807396682,10.674689553784,
    -4.751075773784));
#490 = SURFACE_CURVE('',#491,(#495,#502),.PCURVE_S1.);
#491 = LINE('',#492,#493);
#492 = CARTESIAN_POINT('',(-11.74753974303,10.358948305006,-4.));
#493 = VECTOR('',#494,1.);
#494 = DIRECTION('',(-0.829371611747,-0.216514459148,0.51503807491));
#495 = PCURVE('',#471,#496);
#496 = DEFINITIONAL_REPRESENTATION('',(#497),#501);
#497 = LINE('',#498,#499);
#498 = CARTESIAN_POINT('',(3.14159265359,0.));
#499 = VECTOR('',#500,1.);
#500 = DIRECTION('',(0.,1.));
#501 = ( GEOMETRIC_REPRESENTATION_CONTEXT(2) 
PARAMETRIC_REPRESENTATION_CONTEXT() REPRESENTATION_CONTEXT('2D SPACE',''
  ) );
#502 = PCURVE('',#503,#508);
#503 = CONICAL_SURFACE('',#504,1.25,1.029744258677);
#504 = AXIS2_PLACEMENT_3D('',#505,#506,#507);
#505 = CARTESIAN_POINT('',(-10.53807396682,10.674689553784,-4.));
#506 = DIRECTION('',(8.44817952835E-18,-6.339435822721E-17,1.));
#507 = DIRECTION('',(0.967572620967,0.252592999023,7.838743857083E-18));
#508 = DEFINITIONAL_REPRESENTATION('',(#509),#513);
#509 = LINE('',#510,#511);
#510 = CARTESIAN_POINT('',(3.14159265359,0.));
#511 = VECTOR('',#512,1.);
#512 = DIRECTION('',(0.,1.));
#513 = ( GEOMETRIC_REPRESENTATION_CONTEXT(2) 
PARAMETRIC_REPRESENTATION_CONTEXT() REPRESENTATION_CONTEXT('2D SPACE',''
  ) );
#514 = ORIENTED_EDGE('',*,*,#515,.T.);
#515 = EDGE_CURVE('',#488,#375,#516,.T.);
#516 = SURFACE_CURVE('',#517,(#521,#528),.PCURVE_S1.);
#517 = LINE('',#518,#519);
#518 = CARTESIAN_POINT('',(-9.328608190619,10.990430802563,-4.));
#519 = VECTOR('',#520,1.);
#520 = DIRECTION('',(0.829371611747,0.216514459148,0.51503807491));
#521 = PCURVE('',#471,#522);
#522 = DEFINITIONAL_REPRESENTATION('',(#523),#527);
#523 = LINE('',#524,#525);
#524 = CARTESIAN_POINT('',(6.28318530718,-2.287228517295E-16));
#525 = VECTOR('',#526,1.);
#526 = DIRECTION('',(0.,1.));
#527 = ( GEOMETRIC_REPRESENTATION_CONTEXT(2) 
PARAMETRIC_REPRESENTATION_CONTEXT() REPRESENTATION_CONTEXT('2D SPACE',''
  ) );
#528 = PCURVE('',#503,#529);
#529 = DEFINITIONAL_REPRESENTATION('',(#530),#534);
#530 = LINE('',#531,#532);
#531 = CARTESIAN_POINT('',(0.,-2.287228517295E-16));
#532 = VECTOR('',#533,1.);
#533 = DIRECTION('',(0.,1.));
#534 = ( GEOMETRIC_REPRESENTATION_CONTEXT(2) 
PARAMETRIC_REPRESENTATION_CONTEXT() REPRESENTATION_CONTEXT('2D SPACE',''
  ) );
#535 = ADVANCED_FACE('',(#536),#550,.F.);
#536 = FACE_BOUND('',#537,.F.);
#537 = EDGE_LOOP('',(#538,#573,#597,#620));
#538 = ORIENTED_EDGE('',*,*,#539,.T.);
#539 = EDGE_CURVE('',#540,#542,#544,.T.);
#540 = VERTEX_POINT('',#541);
#541 = CARTESIAN_POINT('',(5.184981123885,14.779325787902,-4.));
#542 = VERTEX_POINT('',#543);
#543 = CARTESIAN_POINT('',(5.184981123885,14.779325787902,2.));
#544 = SURFACE_CURVE('',#545,(#549,#561),.PCURVE_S1.);
#545 = LINE('',#546,#547);
#546 = CARTESIAN_POINT('',(5.184981123885,14.779325787902,2.));
#547 = VECTOR('',#548,1.);
#548 = DIRECTION('',(8.44817952835E-18,-6.339435822721E-17,1.));
#549 = PCURVE('',#550,#555);
#550 = CYLINDRICAL_SURFACE('',#551,1.25);
#551 = AXIS2_PLACEMENT_3D('',#552,#553,#554);
#552 = CARTESIAN_POINT('',(3.975515347676,14.463584539124,2.));
#553 = DIRECTION('',(8.44817952835E-18,-6.339435822721E-17,1.));
#554 = DIRECTION('',(0.967572620967,0.252592999023,7.838743857083E-18));
#555 = DEFINITIONAL_REPRESENTATION('',(#556),#560);
#556 = LINE('',#557,#558);
#557 = CARTESIAN_POINT('',(6.28318530718,0.));
#558 = VECTOR('',#559,1.);
#559 = DIRECTION('',(0.,1.));
#560 = ( GEOMETRIC_REPRESENTATION_CONTEXT(2) 
PARAMETRIC_REPRESENTATION_CONTEXT() REPRESENTATION_CONTEXT('2D SPACE',''
  ) );
#561 = PCURVE('',#562,#567);
#562 = CYLINDRICAL_SURFACE('',#563,1.25);
#563 = AXIS2_PLACEMENT_3D('',#564,#565,#566);
#564 = CARTESIAN_POINT('',(3.975515347676,14.463584539124,2.));
#565 = DIRECTION('',(8.44817952835E-18,-6.339435822721E-17,1.));
#566 = DIRECTION('',(0.967572620967,0.252592999023,7.838743857083E-18));
#567 = DEFINITIONAL_REPRESENTATION('',(#568),#572);
#568 = LINE('',#569,#570);
#569 = CARTESIAN_POINT('',(0.,0.));
#570 = VECTOR('',#571,1.);
#571 = DIRECTION('',(0.,1.));
#572 = ( GEOMETRIC_REPRESENTATION_CONTEXT(2) 
PARAMETRIC_REPRESENTATION_CONTEXT() REPRESENTATION_CONTEXT('2D SPACE',''
  ) );
#573 = ORIENTED_EDGE('',*,*,#574,.F.);
#574 = EDGE_CURVE('',#575,#542,#577,.T.);
#575 = VERTEX_POINT('',#576);
#576 = CARTESIAN_POINT('',(2.766049571467,14.147843290346,2.));
#577 = SURFACE_CURVE('',#578,(#583,#590),.PCURVE_S1.);
#578 = CIRCLE('',#579,1.25);
#579 = AXIS2_PLACEMENT_3D('',#580,#581,#582);
#580 = CARTESIAN_POINT('',(3.975515347676,14.463584539124,2.));
#581 = DIRECTION('',(8.44817952835E-18,-6.339435822721E-17,1.));
#582 = DIRECTION('',(0.967572620967,0.252592999023,7.838743857083E-18));
#583 = PCURVE('',#550,#584);
#584 = DEFINITIONAL_REPRESENTATION('',(#585),#589);
#585 = LINE('',#586,#587);
#586 = CARTESIAN_POINT('',(0.,0.));
#587 = VECTOR('',#588,1.);
#588 = DIRECTION('',(1.,0.));
#589 = ( GEOMETRIC_REPRESENTATION_CONTEXT(2) 
PARAMETRIC_REPRESENTATION_CONTEXT() REPRESENTATION_CONTEXT('2D SPACE',''
  ) );
#590 = PCURVE('',#73,#591);
#591 = DEFINITIONAL_REPRESENTATION('',(#592),#596);
#592 = CIRCLE('',#593,1.25);
#593 = AXIS2_PLACEMENT_2D('',#594,#595);
#594 = CARTESIAN_POINT('',(7.5,12.990381056767));
#595 = DIRECTION('',(1.,0.));
#596 = ( GEOMETRIC_REPRESENTATION_CONTEXT(2) 
PARAMETRIC_REPRESENTATION_CONTEXT() REPRESENTATION_CONTEXT('2D SPACE',''
  ) );
#597 = ORIENTED_EDGE('',*,*,#598,.F.);
#598 = EDGE_CURVE('',#599,#575,#601,.T.);
#599 = VERTEX_POINT('',#600);
#600 = CARTESIAN_POINT('',(2.766049571467,14.147843290346,-4.));
#601 = SURFACE_CURVE('',#602,(#606,#613),.PCURVE_S1.);
#602 = LINE('',#603,#604);
#603 = CARTESIAN_POINT('',(2.766049571467,14.147843290346,2.));
#604 = VECTOR('',#605,1.);
#605 = DIRECTION('',(8.44817952835E-18,-6.339435822721E-17,1.));
#606 = PCURVE('',#550,#607);
#607 = DEFINITIONAL_REPRESENTATION('',(#608),#612);
#608 = LINE('',#609,#610);
#609 = CARTESIAN_POINT('',(3.14159265359,0.));
#610 = VECTOR('',#611,1.);
#611 = DIRECTION('',(0.,1.));
#612 = ( GEOMETRIC_REPRESENTATION_CONTEXT(2) 
PARAMETRIC_REPRESENTATION_CONTEXT() REPRESENTATION_CONTEXT('2D SPACE',''
  ) );
#613 = PCURVE('',#562,#614);
#614 = DEFINITIONAL_REPRESENTATION('',(#615),#619);
#615 = LINE('',#616,#617);
#616 = CARTESIAN_POINT('',(3.14159265359,0.));
#617 = VECTOR('',#618,1.);
#618 = DIRECTION('',(0.,1.));
#619 = ( GEOMETRIC_REPRESENTATION_CONTEXT(2) 
PARAMETRIC_REPRESENTATION_CONTEXT() REPRESENTATION_CONTEXT('2D SPACE',''
  ) );
#620 = ORIENTED_EDGE('',*,*,#621,.T.);
#621 = EDGE_CURVE('',#599,#540,#622,.T.);
#622 = SURFACE_CURVE('',#623,(#628,#635),.PCURVE_S1.);
#623 = CIRCLE('',#624,1.25);
#624 = AXIS2_PLACEMENT_3D('',#625,#626,#627);
#625 = CARTESIAN_POINT('',(3.975515347676,14.463584539124,-4.));
#626 = DIRECTION('',(8.44817952835E-18,-6.339435822721E-17,1.));
#627 = DIRECTION('',(0.967572620967,0.252592999023,7.838743857083E-18));
#628 = PCURVE('',#550,#629);
#629 = DEFINITIONAL_REPRESENTATION('',(#630),#634);
#630 = LINE('',#631,#632);
#631 = CARTESIAN_POINT('',(0.,-6.));
#632 = VECTOR('',#633,1.);
#633 = DIRECTION('',(1.,0.));
#634 = ( GEOMETRIC_REPRESENTATION_CONTEXT(2) 
PARAMETRIC_REPRESENTATION_CONTEXT() REPRESENTATION_CONTEXT('2D SPACE',''
  ) );
#635 = PCURVE('',#636,#641);
#636 = CONICAL_SURFACE('',#637,1.25,1.029744258677);
#637 = AXIS2_PLACEMENT_3D('',#638,#639,#640);
#638 = CARTESIAN_POINT('',(3.975515347676,14.463584539124,-4.));
#639 = DIRECTION('',(8.44817952835E-18,-6.339435822721E-17,1.));
#640 = DIRECTION('',(0.967572620967,0.252592999023,7.838743857083E-18));
#641 = DEFINITIONAL_REPRESENTATION('',(#642),#646);
#642 = LINE('',#643,#644);
#643 = CARTESIAN_POINT('',(0.,-9.802687471293E-17));
#644 = VECTOR('',#645,1.);
#645 = DIRECTION('',(1.,0.));
#646 = ( GEOMETRIC_REPRESENTATION_CONTEXT(2) 
PARAMETRIC_REPRESENTATION_CONTEXT() REPRESENTATION_CONTEXT('2D SPACE',''
  ) );
#647 = ADVANCED_FACE('',(#648),#636,.F.);
#648 = FACE_BOUND('',#649,.F.);
#649 = EDGE_LOOP('',(#650,#651,#679));
#650 = ORIENTED_EDGE('',*,*,#621,.F.);
#651 = ORIENTED_EDGE('',*,*,#652,.F.);
#652 = EDGE_CURVE('',#653,#599,#655,.T.);
#653 = VERTEX_POINT('',#654);
#654 = CARTESIAN_POINT('',(3.975515347676,14.463584539124,
    -4.751075773784));
#655 = SURFACE_CURVE('',#656,(#660,#667),.PCURVE_S1.);
#656 = LINE('',#657,#658);
#657 = CARTESIAN_POINT('',(2.766049571467,14.147843290346,-4.));
#658 = VECTOR('',#659,1.);
#659 = DIRECTION('',(-0.829371611747,-0.216514459148,0.51503807491));
#660 = PCURVE('',#636,#661);
#661 = DEFINITIONAL_REPRESENTATION('',(#662),#666);
#662 = LINE('',#663,#664);
#663 = CARTESIAN_POINT('',(3.14159265359,0.));
#664 = VECTOR('',#665,1.);
#665 = DIRECTION('',(0.,1.));
#666 = ( GEOMETRIC_REPRESENTATION_CONTEXT(2) 
PARAMETRIC_REPRESENTATION_CONTEXT() REPRESENTATION_CONTEXT('2D SPACE',''
  ) );
#667 = PCURVE('',#668,#673);
#668 = CONICAL_SURFACE('',#669,1.25,1.029744258677);
#669 = AXIS2_PLACEMENT_3D('',#670,#671,#672);
#670 = CARTESIAN_POINT('',(3.975515347676,14.463584539124,-4.));
#671 = DIRECTION('',(8.44817952835E-18,-6.339435822721E-17,1.));
#672 = DIRECTION('',(0.967572620967,0.252592999023,7.838743857083E-18));
#673 = DEFINITIONAL_REPRESENTATION('',(#674),#678);
#674 = LINE('',#675,#676);
#675 = CARTESIAN_POINT('',(3.14159265359,0.));
#676 = VECTOR('',#677,1.);
#677 = DIRECTION('',(0.,1.));
#678 = ( GEOMETRIC_REPRESENTATION_CONTEXT(2) 
PARAMETRIC_REPRESENTATION_CONTEXT() REPRESENTATION_CONTEXT('2D SPACE',''
  ) );
#679 = ORIENTED_EDGE('',*,*,#680,.T.);
#680 = EDGE_CURVE('',#653,#540,#681,.T.);
#681 = SURFACE_CURVE('',#682,(#686,#693),.PCURVE_S1.);
#682 = LINE('',#683,#684);
#683 = CARTESIAN_POINT('',(5.184981123885,14.779325787902,-4.));
#684 = VECTOR('',#685,1.);
#685 = DIRECTION('',(0.829371611747,0.216514459148,0.51503807491));
#686 = PCURVE('',#636,#687);
#687 = DEFINITIONAL_REPRESENTATION('',(#688),#692);
#688 = LINE('',#689,#690);
#689 = CARTESIAN_POINT('',(6.28318530718,-2.287228517295E-16));
#690 = VECTOR('',#691,1.);
#691 = DIRECTION('',(0.,1.));
#692 = ( GEOMETRIC_REPRESENTATION_CONTEXT(2) 
PARAMETRIC_REPRESENTATION_CONTEXT() REPRESENTATION_CONTEXT('2D SPACE',''
  ) );
#693 = PCURVE('',#668,#694);
#694 = DEFINITIONAL_REPRESENTATION('',(#695),#699);
#695 = LINE('',#696,#697);
#696 = CARTESIAN_POINT('',(0.,-2.287228517295E-16));
#697 = VECTOR('',#698,1.);
#698 = DIRECTION('',(0.,1.));
#699 = ( GEOMETRIC_REPRESENTATION_CONTEXT(2) 
PARAMETRIC_REPRESENTATION_CONTEXT() REPRESENTATION_CONTEXT('2D SPACE',''
  ) );
#700 = ADVANCED_FACE('',(#701),#715,.F.);
#701 = FACE_BOUND('',#702,.F.);
#702 = EDGE_LOOP('',(#703,#738,#762,#785));
#703 = ORIENTED_EDGE('',*,*,#704,.T.);
#704 = EDGE_CURVE('',#705,#707,#709,.T.);
#705 = VERTEX_POINT('',#706);
#706 = CARTESIAN_POINT('',(15.723055090712,4.104636234119,-4.));
#707 = VERTEX_POINT('',#708);
#708 = CARTESIAN_POINT('',(15.723055090712,4.104636234119,2.));
#709 = SURFACE_CURVE('',#710,(#714,#726),.PCURVE_S1.);
#710 = LINE('',#711,#712);
#711 = CARTESIAN_POINT('',(15.723055090712,4.104636234119,2.));
#712 = VECTOR('',#713,1.);
#713 = DIRECTION('',(8.44817952835E-18,-6.339435822721E-17,1.));
#714 = PCURVE('',#715,#720);
#715 = CYLINDRICAL_SURFACE('',#716,1.25);
#716 = AXIS2_PLACEMENT_3D('',#717,#718,#719);
#717 = CARTESIAN_POINT('',(14.513589314504,3.788894985341,2.));
#718 = DIRECTION('',(8.44817952835E-18,-6.339435822721E-17,1.));
#719 = DIRECTION('',(0.967572620967,0.252592999023,7.838743857083E-18));
#720 = DEFINITIONAL_REPRESENTATION('',(#721),#725);
#721 = LINE('',#722,#723);
#722 = CARTESIAN_POINT('',(6.28318530718,0.));
#723 = VECTOR('',#724,1.);
#724 = DIRECTION('',(0.,1.));
#725 = ( GEOMETRIC_REPRESENTATION_CONTEXT(2) 
PARAMETRIC_REPRESENTATION_CONTEXT() REPRESENTATION_CONTEXT('2D SPACE',''
  ) );
#726 = PCURVE('',#727,#732);
#727 = CYLINDRICAL_SURFACE('',#728,1.25);
#728 = AXIS2_PLACEMENT_3D('',#729,#730,#731);
#729 = CARTESIAN_POINT('',(14.513589314504,3.788894985341,2.));
#730 = DIRECTION('',(8.44817952835E-18,-6.339435822721E-17,1.));
#731 = DIRECTION('',(0.967572620967,0.252592999023,7.838743857083E-18));
#732 = DEFINITIONAL_REPRESENTATION('',(#733),#737);
#733 = LINE('',#734,#735);
#734 = CARTESIAN_POINT('',(0.,0.));
#735 = VECTOR('',#736,1.);
#736 = DIRECTION('',(0.,1.));
#737 = ( GEOMETRIC_REPRESENTATION_CONTEXT(2) 
PARAMETRIC_REPRESENTATION_CONTEXT() REPRESENTATION_CONTEXT('2D SPACE',''
  ) );
#738 = ORIENTED_EDGE('',*,*,#739,.F.);
#739 = EDGE_CURVE('',#740,#707,#742,.T.);
#740 = VERTEX_POINT('',#741);
#741 = CARTESIAN_POINT('',(13.304123538295,3.473153736562,2.));
#742 = SURFACE_CURVE('',#743,(#748,#755),.PCURVE_S1.);
#743 = CIRCLE('',#744,1.25);
#744 = AXIS2_PLACEMENT_3D('',#745,#746,#747);
#745 = CARTESIAN_POINT('',(14.513589314504,3.788894985341,2.));
#746 = DIRECTION('',(8.44817952835E-18,-6.339435822721E-17,1.));
#747 = DIRECTION('',(0.967572620967,0.252592999023,7.838743857083E-18));
#748 = PCURVE('',#715,#749);
#749 = DEFINITIONAL_REPRESENTATION('',(#750),#754);
#750 = LINE('',#751,#752);
#751 = CARTESIAN_POINT('',(0.,0.));
#752 = VECTOR('',#753,1.);
#753 = DIRECTION('',(1.,0.));
#754 = ( GEOMETRIC_REPRESENTATION_CONTEXT(2) 
PARAMETRIC_REPRESENTATION_CONTEXT() REPRESENTATION_CONTEXT('2D SPACE',''
  ) );
#755 = PCURVE('',#73,#756);
#756 = DEFINITIONAL_REPRESENTATION('',(#757),#761);
#757 = CIRCLE('',#758,1.25);
#758 = AXIS2_PLACEMENT_2D('',#759,#760);
#759 = CARTESIAN_POINT('',(15.,7.818753501609E-13));
#760 = DIRECTION('',(1.,0.));
#761 = ( GEOMETRIC_REPRESENTATION_CONTEXT(2) 
PARAMETRIC_REPRESENTATION_CONTEXT() REPRESENTATION_CONTEXT('2D SPACE',''
  ) );
#762 = ORIENTED_EDGE('',*,*,#763,.F.);
#763 = EDGE_CURVE('',#764,#740,#766,.T.);
#764 = VERTEX_POINT('',#765);
#765 = CARTESIAN_POINT('',(13.304123538295,3.473153736562,-4.));
#766 = SURFACE_CURVE('',#767,(#771,#778),.PCURVE_S1.);
#767 = LINE('',#768,#769);
#768 = CARTESIAN_POINT('',(13.304123538295,3.473153736562,2.));
#769 = VECTOR('',#770,1.);
#770 = DIRECTION('',(8.44817952835E-18,-6.339435822721E-17,1.));
#771 = PCURVE('',#715,#772);
#772 = DEFINITIONAL_REPRESENTATION('',(#773),#777);
#773 = LINE('',#774,#775);
#774 = CARTESIAN_POINT('',(3.14159265359,0.));
#775 = VECTOR('',#776,1.);
#776 = DIRECTION('',(0.,1.));
#777 = ( GEOMETRIC_REPRESENTATION_CONTEXT(2) 
PARAMETRIC_REPRESENTATION_CONTEXT() REPRESENTATION_CONTEXT('2D SPACE',''
  ) );
#778 = PCURVE('',#727,#779);
#779 = DEFINITIONAL_REPRESENTATION('',(#780),#784);
#780 = LINE('',#781,#782);
#781 = CARTESIAN_POINT('',(3.14159265359,0.));
#782 = VECTOR('',#783,1.);
#783 = DIRECTION('',(0.,1.));
#784 = ( GEOMETRIC_REPRESENTATION_CONTEXT(2) 
PARAMETRIC_REPRESENTATION_CONTEXT() REPRESENTATION_CONTEXT('2D SPACE',''
  ) );
#785 = ORIENTED_EDGE('',*,*,#786,.T.);
#786 = EDGE_CURVE('',#764,#705,#787,.T.);
#787 = SURFACE_CURVE('',#788,(#793,#800),.PCURVE_S1.);
#788 = CIRCLE('',#789,1.25);
#789 = AXIS2_PLACEMENT_3D('',#790,#791,#792);
#790 = CARTESIAN_POINT('',(14.513589314504,3.788894985341,-4.));
#791 = DIRECTION('',(8.44817952835E-18,-6.339435822721E-17,1.));
#792 = DIRECTION('',(0.967572620967,0.252592999023,7.838743857083E-18));
#793 = PCURVE('',#715,#794);
#794 = DEFINITIONAL_REPRESENTATION('',(#795),#799);
#795 = LINE('',#796,#797);
#796 = CARTESIAN_POINT('',(0.,-6.));
#797 = VECTOR('',#798,1.);
#798 = DIRECTION('',(1.,0.));
#799 = ( GEOMETRIC_REPRESENTATION_CONTEXT(2) 
PARAMETRIC_REPRESENTATION_CONTEXT() REPRESENTATION_CONTEXT('2D SPACE',''
  ) );
#800 = PCURVE('',#801,#806);
#801 = CONICAL_SURFACE('',#802,1.25,1.029744258677);
#802 = AXIS2_PLACEMENT_3D('',#803,#804,#805);
#803 = CARTESIAN_POINT('',(14.513589314504,3.788894985341,-4.));
#804 = DIRECTION('',(8.44817952835E-18,-6.339435822721E-17,1.));
#805 = DIRECTION('',(0.967572620967,0.252592999023,7.838743857083E-18));
#806 = DEFINITIONAL_REPRESENTATION('',(#807),#811);
#807 = LINE('',#808,#809);
#808 = CARTESIAN_POINT('',(0.,1.078295621842E-15));
#809 = VECTOR('',#810,1.);
#810 = DIRECTION('',(1.,-2.496233866626E-16));
#811 = ( GEOMETRIC_REPRESENTATION_CONTEXT(2) 
PARAMETRIC_REPRESENTATION_CONTEXT() REPRESENTATION_CONTEXT('2D SPACE',''
  ) );
#812 = ADVANCED_FACE('',(#813),#801,.F.);
#813 = FACE_BOUND('',#814,.F.);
#814 = EDGE_LOOP('',(#815,#816,#844));
#815 = ORIENTED_EDGE('',*,*,#786,.F.);
#816 = ORIENTED_EDGE('',*,*,#817,.F.);
#817 = EDGE_CURVE('',#818,#764,#820,.T.);
#818 = VERTEX_POINT('',#819);
#819 = CARTESIAN_POINT('',(14.513589314504,3.788894985341,
    -4.751075773784));
#820 = SURFACE_CURVE('',#821,(#825,#832),.PCURVE_S1.);
#821 = LINE('',#822,#823);
#822 = CARTESIAN_POINT('',(13.304123538295,3.473153736562,-4.));
#823 = VECTOR('',#824,1.);
#824 = DIRECTION('',(-0.829371611747,-0.216514459148,0.51503807491));
#825 = PCURVE('',#801,#826);
#826 = DEFINITIONAL_REPRESENTATION('',(#827),#831);
#827 = LINE('',#828,#829);
#828 = CARTESIAN_POINT('',(3.14159265359,2.287228517295E-16));
#829 = VECTOR('',#830,1.);
#830 = DIRECTION('',(0.,1.));
#831 = ( GEOMETRIC_REPRESENTATION_CONTEXT(2) 
PARAMETRIC_REPRESENTATION_CONTEXT() REPRESENTATION_CONTEXT('2D SPACE',''
  ) );
#832 = PCURVE('',#833,#838);
#833 = CONICAL_SURFACE('',#834,1.25,1.029744258677);
#834 = AXIS2_PLACEMENT_3D('',#835,#836,#837);
#835 = CARTESIAN_POINT('',(14.513589314504,3.788894985341,-4.));
#836 = DIRECTION('',(8.44817952835E-18,-6.339435822721E-17,1.));
#837 = DIRECTION('',(0.967572620967,0.252592999023,7.838743857083E-18));
#838 = DEFINITIONAL_REPRESENTATION('',(#839),#843);
#839 = LINE('',#840,#841);
#840 = CARTESIAN_POINT('',(3.14159265359,2.287228517295E-16));
#841 = VECTOR('',#842,1.);
#842 = DIRECTION('',(0.,1.));
#843 = ( GEOMETRIC_REPRESENTATION_CONTEXT(2) 
PARAMETRIC_REPRESENTATION_CONTEXT() REPRESENTATION_CONTEXT('2D SPACE',''
  ) );
#844 = ORIENTED_EDGE('',*,*,#845,.T.);
#845 = EDGE_CURVE('',#818,#705,#846,.T.);
#846 = SURFACE_CURVE('',#847,(#851,#880),.PCURVE_S1.);
#847 = LINE('',#848,#849);
#848 = CARTESIAN_POINT('',(15.723055090712,4.104636234119,-4.));
#849 = VECTOR('',#850,1.);
#850 = DIRECTION('',(0.829371611747,0.216514459148,0.51503807491));
#851 = PCURVE('',#801,#852);
#852 = DEFINITIONAL_REPRESENTATION('',(#853),#879);
#853 = B_SPLINE_CURVE_WITH_KNOTS('',3,(#854,#855,#856,#857,#858,#859,
    #860,#861,#862,#863,#864,#865,#866,#867,#868,#869,#870,#871,#872,
    #873,#874,#875,#876,#877,#878),.UNSPECIFIED.,.F.,.F.,(4,1,1,1,1,1,1,
    1,1,1,1,1,1,1,1,1,1,1,1,1,1,1,4),(-1.458291746519,-1.392005758041,
    -1.325719769563,-1.259433781085,-1.193147792607,-1.126861804128,
    -1.06057581565,-0.994289827172,-0.928003838694,-0.861717850216,
    -0.795431861738,-0.72914587326,-0.662859884781,-0.596573896303,
    -0.530287907825,-0.464001919347,-0.397715930869,-0.331429942391,
    -0.265143953913,-0.198857965434,-0.132571976956,-6.628598847814E-02,
    0.),.QUASI_UNIFORM_KNOTS.);
#854 = CARTESIAN_POINT('',(6.28318530718,-0.751075773784));
#855 = CARTESIAN_POINT('',(6.28318530718,-0.739695837818));
#856 = CARTESIAN_POINT('',(6.28318530718,-0.716935965885));
#857 = CARTESIAN_POINT('',(6.28318530718,-0.682796157986));
#858 = CARTESIAN_POINT('',(6.28318530718,-0.648656350087));
#859 = CARTESIAN_POINT('',(6.28318530718,-0.614516542187));
#860 = CARTESIAN_POINT('',(6.28318530718,-0.580376734288));
#861 = CARTESIAN_POINT('',(6.28318530718,-0.546236926389));
#862 = CARTESIAN_POINT('',(6.28318530718,-0.512097118489));
#863 = CARTESIAN_POINT('',(6.28318530718,-0.47795731059));
#864 = CARTESIAN_POINT('',(6.28318530718,-0.443817502691));
#865 = CARTESIAN_POINT('',(6.28318530718,-0.409677694792));
#866 = CARTESIAN_POINT('',(6.28318530718,-0.375537886892));
#867 = CARTESIAN_POINT('',(6.28318530718,-0.341398078993));
#868 = CARTESIAN_POINT('',(6.28318530718,-0.307258271094));
#869 = CARTESIAN_POINT('',(6.28318530718,-0.273118463194));
#870 = CARTESIAN_POINT('',(6.28318530718,-0.238978655295));
#871 = CARTESIAN_POINT('',(6.28318530718,-0.204838847396));
#872 = CARTESIAN_POINT('',(6.28318530718,-0.170699039496));
#873 = CARTESIAN_POINT('',(6.28318530718,-0.136559231597));
#874 = CARTESIAN_POINT('',(6.28318530718,-0.102419423698));
#875 = CARTESIAN_POINT('',(6.28318530718,-6.827961579859E-02));
#876 = CARTESIAN_POINT('',(6.28318530718,-3.413980789929E-02));
#877 = CARTESIAN_POINT('',(6.28318530718,-1.137993596643E-02));
#878 = CARTESIAN_POINT('',(6.28318530718,0.));
#879 = ( GEOMETRIC_REPRESENTATION_CONTEXT(2) 
PARAMETRIC_REPRESENTATION_CONTEXT() REPRESENTATION_CONTEXT('2D SPACE',''
  ) );
#880 = PCURVE('',#833,#881);
#881 = DEFINITIONAL_REPRESENTATION('',(#882),#908);
#882 = B_SPLINE_CURVE_WITH_KNOTS('',3,(#883,#884,#885,#886,#887,#888,
    #889,#890,#891,#892,#893,#894,#895,#896,#897,#898,#899,#900,#901,
    #902,#903,#904,#905,#906,#907),.UNSPECIFIED.,.F.,.F.,(4,1,1,1,1,1,1,
    1,1,1,1,1,1,1,1,1,1,1,1,1,1,1,4),(-1.458291746519,-1.392005758041,
    -1.325719769563,-1.259433781085,-1.193147792607,-1.126861804128,
    -1.06057581565,-0.994289827172,-0.928003838694,-0.861717850216,
    -0.795431861738,-0.72914587326,-0.662859884781,-0.596573896303,
    -0.530287907825,-0.464001919347,-0.397715930869,-0.331429942391,
    -0.265143953913,-0.198857965434,-0.132571976956,-6.628598847814E-02,
    0.),.QUASI_UNIFORM_KNOTS.);
#883 = CARTESIAN_POINT('',(0.,-0.751075773784));
#884 = CARTESIAN_POINT('',(0.,-0.739695837818));
#885 = CARTESIAN_POINT('',(0.,-0.716935965885));
#886 = CARTESIAN_POINT('',(0.,-0.682796157986));
#887 = CARTESIAN_POINT('',(0.,-0.648656350087));
#888 = CARTESIAN_POINT('',(0.,-0.614516542187));
#889 = CARTESIAN_POINT('',(0.,-0.580376734288));
#890 = CARTESIAN_POINT('',(0.,-0.546236926389));
#891 = CARTESIAN_POINT('',(0.,-0.512097118489));
#892 = CARTESIAN_POINT('',(0.,-0.47795731059));
#893 = CARTESIAN_POINT('',(0.,-0.443817502691));
#894 = CARTESIAN_POINT('',(0.,-0.409677694792));
#895 = CARTESIAN_POINT('',(0.,-0.375537886892));
#896 = CARTESIAN_POINT('',(0.,-0.341398078993));
#897 = CARTESIAN_POINT('',(0.,-0.307258271094));
#898 = CARTESIAN_POINT('',(0.,-0.273118463194));
#899 = CARTESIAN_POINT('',(0.,-0.238978655295));
#900 = CARTESIAN_POINT('',(0.,-0.204838847396));
#901 = CARTESIAN_POINT('',(0.,-0.170699039496));
#902 = CARTESIAN_POINT('',(0.,-0.136559231597));
#903 = CARTESIAN_POINT('',(0.,-0.102419423698));
#904 = CARTESIAN_POINT('',(0.,-6.827961579859E-02));
#905 = CARTESIAN_POINT('',(0.,-3.413980789929E-02));
#906 = CARTESIAN_POINT('',(0.,-1.137993596643E-02));
#907 = CARTESIAN_POINT('',(0.,0.));
#908 = ( GEOMETRIC_REPRESENTATION_CONTEXT(2) 
PARAMETRIC_REPRESENTATION_CONTEXT() REPRESENTATION_CONTEXT('2D SPACE',''
  ) );
#909 = ADVANCED_FACE('',(#910),#924,.F.);
#910 = FACE_BOUND('',#911,.F.);
#911 = EDGE_LOOP('',(#912,#947,#971,#994));
#912 = ORIENTED_EDGE('',*,*,#913,.T.);
#913 = EDGE_CURVE('',#914,#916,#918,.T.);
#914 = VERTEX_POINT('',#915);
#915 = CARTESIAN_POINT('',(11.747539743036,-10.358948305,-4.));
#916 = VERTEX_POINT('',#917);
#917 = CARTESIAN_POINT('',(11.747539743036,-10.358948305,2.));
#918 = SURFACE_CURVE('',#919,(#923,#935),.PCURVE_S1.);
#919 = LINE('',#920,#921);
#920 = CARTESIAN_POINT('',(11.747539743036,-10.358948305,2.));
#921 = VECTOR('',#922,1.);
#922 = DIRECTION('',(8.44817952835E-18,-6.339435822721E-17,1.));
#923 = PCURVE('',#924,#929);
#924 = CYLINDRICAL_SURFACE('',#925,1.25);
#925 = AXIS2_PLACEMENT_3D('',#926,#927,#928);
#926 = CARTESIAN_POINT('',(10.538073966828,-10.67468955378,2.));
#927 = DIRECTION('',(8.44817952835E-18,-6.339435822721E-17,1.));
#928 = DIRECTION('',(0.967572620967,0.252592999023,7.838743857083E-18));
#929 = DEFINITIONAL_REPRESENTATION('',(#930),#934);
#930 = LINE('',#931,#932);
#931 = CARTESIAN_POINT('',(6.28318530718,0.));
#932 = VECTOR('',#933,1.);
#933 = DIRECTION('',(0.,1.));
#934 = ( GEOMETRIC_REPRESENTATION_CONTEXT(2) 
PARAMETRIC_REPRESENTATION_CONTEXT() REPRESENTATION_CONTEXT('2D SPACE',''
  ) );
#935 = PCURVE('',#936,#941);
#936 = CYLINDRICAL_SURFACE('',#937,1.25);
#937 = AXIS2_PLACEMENT_3D('',#938,#939,#940);
#938 = CARTESIAN_POINT('',(10.538073966828,-10.67468955378,2.));
#939 = DIRECTION('',(8.44817952835E-18,-6.339435822721E-17,1.));
#940 = DIRECTION('',(0.967572620967,0.252592999023,7.838743857083E-18));
#941 = DEFINITIONAL_REPRESENTATION('',(#942),#946);
#942 = LINE('',#943,#944);
#943 = CARTESIAN_POINT('',(0.,0.));
#944 = VECTOR('',#945,1.);
#945 = DIRECTION('',(0.,1.));
#946 = ( GEOMETRIC_REPRESENTATION_CONTEXT(2) 
PARAMETRIC_REPRESENTATION_CONTEXT() REPRESENTATION_CONTEXT('2D SPACE',''
  ) );
#947 = ORIENTED_EDGE('',*,*,#948,.F.);
#948 = EDGE_CURVE('',#949,#916,#951,.T.);
#949 = VERTEX_POINT('',#950);
#950 = CARTESIAN_POINT('',(9.328608190619,-10.99043080256,2.));
#951 = SURFACE_CURVE('',#952,(#957,#964),.PCURVE_S1.);
#952 = CIRCLE('',#953,1.25);
#953 = AXIS2_PLACEMENT_3D('',#954,#955,#956);
#954 = CARTESIAN_POINT('',(10.538073966828,-10.67468955378,2.));
#955 = DIRECTION('',(8.44817952835E-18,-6.339435822721E-17,1.));
#956 = DIRECTION('',(0.967572620967,0.252592999023,7.838743857083E-18));
#957 = PCURVE('',#924,#958);
#958 = DEFINITIONAL_REPRESENTATION('',(#959),#963);
#959 = LINE('',#960,#961);
#960 = CARTESIAN_POINT('',(0.,0.));
#961 = VECTOR('',#962,1.);
#962 = DIRECTION('',(1.,0.));
#963 = ( GEOMETRIC_REPRESENTATION_CONTEXT(2) 
PARAMETRIC_REPRESENTATION_CONTEXT() REPRESENTATION_CONTEXT('2D SPACE',''
  ) );
#964 = PCURVE('',#73,#965);
#965 = DEFINITIONAL_REPRESENTATION('',(#966),#970);
#966 = CIRCLE('',#967,1.25);
#967 = AXIS2_PLACEMENT_2D('',#968,#969);
#968 = CARTESIAN_POINT('',(7.5,-12.99038105676));
#969 = DIRECTION('',(1.,0.));
#970 = ( GEOMETRIC_REPRESENTATION_CONTEXT(2) 
PARAMETRIC_REPRESENTATION_CONTEXT() REPRESENTATION_CONTEXT('2D SPACE',''
  ) );
#971 = ORIENTED_EDGE('',*,*,#972,.F.);
#972 = EDGE_CURVE('',#973,#949,#975,.T.);
#973 = VERTEX_POINT('',#974);
#974 = CARTESIAN_POINT('',(9.328608190619,-10.99043080256,-4.));
#975 = SURFACE_CURVE('',#976,(#980,#987),.PCURVE_S1.);
#976 = LINE('',#977,#978);
#977 = CARTESIAN_POINT('',(9.328608190619,-10.99043080256,2.));
#978 = VECTOR('',#979,1.);
#979 = DIRECTION('',(8.44817952835E-18,-6.339435822721E-17,1.));
#980 = PCURVE('',#924,#981);
#981 = DEFINITIONAL_REPRESENTATION('',(#982),#986);
#982 = LINE('',#983,#984);
#983 = CARTESIAN_POINT('',(3.14159265359,0.));
#984 = VECTOR('',#985,1.);
#985 = DIRECTION('',(0.,1.));
#986 = ( GEOMETRIC_REPRESENTATION_CONTEXT(2) 
PARAMETRIC_REPRESENTATION_CONTEXT() REPRESENTATION_CONTEXT('2D SPACE',''
  ) );
#987 = PCURVE('',#936,#988);
#988 = DEFINITIONAL_REPRESENTATION('',(#989),#993);
#989 = LINE('',#990,#991);
#990 = CARTESIAN_POINT('',(3.14159265359,0.));
#991 = VECTOR('',#992,1.);
#992 = DIRECTION('',(0.,1.));
#993 = ( GEOMETRIC_REPRESENTATION_CONTEXT(2) 
PARAMETRIC_REPRESENTATION_CONTEXT() REPRESENTATION_CONTEXT('2D SPACE',''
  ) );
#994 = ORIENTED_EDGE('',*,*,#995,.T.);
#995 = EDGE_CURVE('',#973,#914,#996,.T.);
#996 = SURFACE_CURVE('',#997,(#1002,#1009),.PCURVE_S1.);
#997 = CIRCLE('',#998,1.25);
#998 = AXIS2_PLACEMENT_3D('',#999,#1000,#1001);
#999 = CARTESIAN_POINT('',(10.538073966828,-10.67468955378,-4.));
#1000 = DIRECTION('',(8.44817952835E-18,-6.339435822721E-17,1.));
#1001 = DIRECTION('',(0.967572620967,0.252592999023,7.838743857083E-18)
  );
#1002 = PCURVE('',#924,#1003);
#1003 = DEFINITIONAL_REPRESENTATION('',(#1004),#1008);
#1004 = LINE('',#1005,#1006);
#1005 = CARTESIAN_POINT('',(0.,-6.));
#1006 = VECTOR('',#1007,1.);
#1007 = DIRECTION('',(1.,0.));
#1008 = ( GEOMETRIC_REPRESENTATION_CONTEXT(2) 
PARAMETRIC_REPRESENTATION_CONTEXT() REPRESENTATION_CONTEXT('2D SPACE',''
  ) );
#1009 = PCURVE('',#1010,#1015);
#1010 = CONICAL_SURFACE('',#1011,1.25,1.029744258677);
#1011 = AXIS2_PLACEMENT_3D('',#1012,#1013,#1014);
#1012 = CARTESIAN_POINT('',(10.538073966828,-10.67468955378,-4.));
#1013 = DIRECTION('',(8.44817952835E-18,-6.339435822721E-17,1.));
#1014 = DIRECTION('',(0.967572620967,0.252592999023,7.838743857083E-18)
  );
#1015 = DEFINITIONAL_REPRESENTATION('',(#1016),#1020);
#1016 = LINE('',#1017,#1018);
#1017 = CARTESIAN_POINT('',(0.,-4.901343735647E-16));
#1018 = VECTOR('',#1019,1.);
#1019 = DIRECTION('',(1.,1.248116933313E-16));
#1020 = ( GEOMETRIC_REPRESENTATION_CONTEXT(2) 
PARAMETRIC_REPRESENTATION_CONTEXT() REPRESENTATION_CONTEXT('2D SPACE',''
  ) );
#1021 = ADVANCED_FACE('',(#1022),#1010,.F.);
#1022 = FACE_BOUND('',#1023,.F.);
#1023 = EDGE_LOOP('',(#1024,#1025,#1053));
#1024 = ORIENTED_EDGE('',*,*,#995,.F.);
#1025 = ORIENTED_EDGE('',*,*,#1026,.F.);
#1026 = EDGE_CURVE('',#1027,#973,#1029,.T.);
#1027 = VERTEX_POINT('',#1028);
#1028 = CARTESIAN_POINT('',(10.538073966828,-10.67468955378,
    -4.751075773784));
#1029 = SURFACE_CURVE('',#1030,(#1034,#1041),.PCURVE_S1.);
#1030 = LINE('',#1031,#1032);
#1031 = CARTESIAN_POINT('',(9.328608190619,-10.99043080256,-4.));
#1032 = VECTOR('',#1033,1.);
#1033 = DIRECTION('',(-0.829371611747,-0.216514459148,0.51503807491));
#1034 = PCURVE('',#1010,#1035);
#1035 = DEFINITIONAL_REPRESENTATION('',(#1036),#1040);
#1036 = LINE('',#1037,#1038);
#1037 = CARTESIAN_POINT('',(3.14159265359,-1.143614258648E-16));
#1038 = VECTOR('',#1039,1.);
#1039 = DIRECTION('',(0.,1.));
#1040 = ( GEOMETRIC_REPRESENTATION_CONTEXT(2) 
PARAMETRIC_REPRESENTATION_CONTEXT() REPRESENTATION_CONTEXT('2D SPACE',''
  ) );
#1041 = PCURVE('',#1042,#1047);
#1042 = CONICAL_SURFACE('',#1043,1.25,1.029744258677);
#1043 = AXIS2_PLACEMENT_3D('',#1044,#1045,#1046);
#1044 = CARTESIAN_POINT('',(10.538073966828,-10.67468955378,-4.));
#1045 = DIRECTION('',(8.44817952835E-18,-6.339435822721E-17,1.));
#1046 = DIRECTION('',(0.967572620967,0.252592999023,7.838743857083E-18)
  );
#1047 = DEFINITIONAL_REPRESENTATION('',(#1048),#1052);
#1048 = LINE('',#1049,#1050);
#1049 = CARTESIAN_POINT('',(3.14159265359,-1.143614258648E-16));
#1050 = VECTOR('',#1051,1.);
#1051 = DIRECTION('',(0.,1.));
#1052 = ( GEOMETRIC_REPRESENTATION_CONTEXT(2) 
PARAMETRIC_REPRESENTATION_CONTEXT() REPRESENTATION_CONTEXT('2D SPACE',''
  ) );
#1053 = ORIENTED_EDGE('',*,*,#1054,.T.);
#1054 = EDGE_CURVE('',#1027,#914,#1055,.T.);
#1055 = SURFACE_CURVE('',#1056,(#1060,#1067),.PCURVE_S1.);
#1056 = LINE('',#1057,#1058);
#1057 = CARTESIAN_POINT('',(11.747539743036,-10.358948305,-4.));
#1058 = VECTOR('',#1059,1.);
#1059 = DIRECTION('',(0.829371611747,0.216514459148,0.51503807491));
#1060 = PCURVE('',#1010,#1061);
#1061 = DEFINITIONAL_REPRESENTATION('',(#1062),#1066);
#1062 = LINE('',#1063,#1064);
#1063 = CARTESIAN_POINT('',(6.28318530718,2.287228517295E-16));
#1064 = VECTOR('',#1065,1.);
#1065 = DIRECTION('',(0.,1.));
#1066 = ( GEOMETRIC_REPRESENTATION_CONTEXT(2) 
PARAMETRIC_REPRESENTATION_CONTEXT() REPRESENTATION_CONTEXT('2D SPACE',''
  ) );
#1067 = PCURVE('',#1042,#1068);
#1068 = DEFINITIONAL_REPRESENTATION('',(#1069),#1073);
#1069 = LINE('',#1070,#1071);
#1070 = CARTESIAN_POINT('',(0.,2.287228517295E-16));
#1071 = VECTOR('',#1072,1.);
#1072 = DIRECTION('',(0.,1.));
#1073 = ( GEOMETRIC_REPRESENTATION_CONTEXT(2) 
PARAMETRIC_REPRESENTATION_CONTEXT() REPRESENTATION_CONTEXT('2D SPACE',''
  ) );
#1074 = ADVANCED_FACE('',(#1075),#1089,.F.);
#1075 = FACE_BOUND('',#1076,.F.);
#1076 = EDGE_LOOP('',(#1077,#1112,#1136,#1159));
#1077 = ORIENTED_EDGE('',*,*,#1078,.T.);
#1078 = EDGE_CURVE('',#1079,#1081,#1083,.T.);
#1079 = VERTEX_POINT('',#1080);
#1080 = CARTESIAN_POINT('',(-2.766049571467,-14.14784329034,-4.));
#1081 = VERTEX_POINT('',#1082);
#1082 = CARTESIAN_POINT('',(-2.766049571467,-14.14784329034,2.));
#1083 = SURFACE_CURVE('',#1084,(#1088,#1100),.PCURVE_S1.);
#1084 = LINE('',#1085,#1086);
#1085 = CARTESIAN_POINT('',(-2.766049571467,-14.14784329034,2.));
#1086 = VECTOR('',#1087,1.);
#1087 = DIRECTION('',(8.44817952835E-18,-6.339435822721E-17,1.));
#1088 = PCURVE('',#1089,#1094);
#1089 = CYLINDRICAL_SURFACE('',#1090,1.25);
#1090 = AXIS2_PLACEMENT_3D('',#1091,#1092,#1093);
#1091 = CARTESIAN_POINT('',(-3.975515347675,-14.46358453912,2.));
#1092 = DIRECTION('',(8.44817952835E-18,-6.339435822721E-17,1.));
#1093 = DIRECTION('',(0.967572620967,0.252592999023,7.838743857083E-18)
  );
#1094 = DEFINITIONAL_REPRESENTATION('',(#1095),#1099);
#1095 = LINE('',#1096,#1097);
#1096 = CARTESIAN_POINT('',(6.28318530718,0.));
#1097 = VECTOR('',#1098,1.);
#1098 = DIRECTION('',(0.,1.));
#1099 = ( GEOMETRIC_REPRESENTATION_CONTEXT(2) 
PARAMETRIC_REPRESENTATION_CONTEXT() REPRESENTATION_CONTEXT('2D SPACE',''
  ) );
#1100 = PCURVE('',#1101,#1106);
#1101 = CYLINDRICAL_SURFACE('',#1102,1.25);
#1102 = AXIS2_PLACEMENT_3D('',#1103,#1104,#1105);
#1103 = CARTESIAN_POINT('',(-3.975515347675,-14.46358453912,2.));
#1104 = DIRECTION('',(8.44817952835E-18,-6.339435822721E-17,1.));
#1105 = DIRECTION('',(0.967572620967,0.252592999023,7.838743857083E-18)
  );
#1106 = DEFINITIONAL_REPRESENTATION('',(#1107),#1111);
#1107 = LINE('',#1108,#1109);
#1108 = CARTESIAN_POINT('',(0.,0.));
#1109 = VECTOR('',#1110,1.);
#1110 = DIRECTION('',(0.,1.));
#1111 = ( GEOMETRIC_REPRESENTATION_CONTEXT(2) 
PARAMETRIC_REPRESENTATION_CONTEXT() REPRESENTATION_CONTEXT('2D SPACE',''
  ) );
#1112 = ORIENTED_EDGE('',*,*,#1113,.F.);
#1113 = EDGE_CURVE('',#1114,#1081,#1116,.T.);
#1114 = VERTEX_POINT('',#1115);
#1115 = CARTESIAN_POINT('',(-5.184981123884,-14.7793257879,2.));
#1116 = SURFACE_CURVE('',#1117,(#1122,#1129),.PCURVE_S1.);
#1117 = CIRCLE('',#1118,1.25);
#1118 = AXIS2_PLACEMENT_3D('',#1119,#1120,#1121);
#1119 = CARTESIAN_POINT('',(-3.975515347675,-14.46358453912,2.));
#1120 = DIRECTION('',(8.44817952835E-18,-6.339435822721E-17,1.));
#1121 = DIRECTION('',(0.967572620967,0.252592999023,7.838743857083E-18)
  );
#1122 = PCURVE('',#1089,#1123);
#1123 = DEFINITIONAL_REPRESENTATION('',(#1124),#1128);
#1124 = LINE('',#1125,#1126);
#1125 = CARTESIAN_POINT('',(0.,0.));
#1126 = VECTOR('',#1127,1.);
#1127 = DIRECTION('',(1.,0.));
#1128 = ( GEOMETRIC_REPRESENTATION_CONTEXT(2) 
PARAMETRIC_REPRESENTATION_CONTEXT() REPRESENTATION_CONTEXT('2D SPACE',''
  ) );
#1129 = PCURVE('',#73,#1130);
#1130 = DEFINITIONAL_REPRESENTATION('',(#1131),#1135);
#1131 = CIRCLE('',#1132,1.25);
#1132 = AXIS2_PLACEMENT_2D('',#1133,#1134);
#1133 = CARTESIAN_POINT('',(-7.499999999999,-12.99038105676));
#1134 = DIRECTION('',(1.,0.));
#1135 = ( GEOMETRIC_REPRESENTATION_CONTEXT(2) 
PARAMETRIC_REPRESENTATION_CONTEXT() REPRESENTATION_CONTEXT('2D SPACE',''
  ) );
#1136 = ORIENTED_EDGE('',*,*,#1137,.F.);
#1137 = EDGE_CURVE('',#1138,#1114,#1140,.T.);
#1138 = VERTEX_POINT('',#1139);
#1139 = CARTESIAN_POINT('',(-5.184981123884,-14.7793257879,-4.));
#1140 = SURFACE_CURVE('',#1141,(#1145,#1152),.PCURVE_S1.);
#1141 = LINE('',#1142,#1143);
#1142 = CARTESIAN_POINT('',(-5.184981123884,-14.7793257879,2.));
#1143 = VECTOR('',#1144,1.);
#1144 = DIRECTION('',(8.44817952835E-18,-6.339435822721E-17,1.));
#1145 = PCURVE('',#1089,#1146);
#1146 = DEFINITIONAL_REPRESENTATION('',(#1147),#1151);
#1147 = LINE('',#1148,#1149);
#1148 = CARTESIAN_POINT('',(3.14159265359,0.));
#1149 = VECTOR('',#1150,1.);
#1150 = DIRECTION('',(0.,1.));
#1151 = ( GEOMETRIC_REPRESENTATION_CONTEXT(2) 
PARAMETRIC_REPRESENTATION_CONTEXT() REPRESENTATION_CONTEXT('2D SPACE',''
  ) );
#1152 = PCURVE('',#1101,#1153);
#1153 = DEFINITIONAL_REPRESENTATION('',(#1154),#1158);
#1154 = LINE('',#1155,#1156);
#1155 = CARTESIAN_POINT('',(3.14159265359,0.));
#1156 = VECTOR('',#1157,1.);
#1157 = DIRECTION('',(0.,1.));
#1158 = ( GEOMETRIC_REPRESENTATION_CONTEXT(2) 
PARAMETRIC_REPRESENTATION_CONTEXT() REPRESENTATION_CONTEXT('2D SPACE',''
  ) );
#1159 = ORIENTED_EDGE('',*,*,#1160,.T.);
#1160 = EDGE_CURVE('',#1138,#1079,#1161,.T.);
#1161 = SURFACE_CURVE('',#1162,(#1167,#1174),.PCURVE_S1.);
#1162 = CIRCLE('',#1163,1.25);
#1163 = AXIS2_PLACEMENT_3D('',#1164,#1165,#1166);
#1164 = CARTESIAN_POINT('',(-3.975515347675,-14.46358453912,-4.));
#1165 = DIRECTION('',(8.44817952835E-18,-6.339435822721E-17,1.));
#1166 = DIRECTION('',(0.967572620967,0.252592999023,7.838743857083E-18)
  );
#1167 = PCURVE('',#1089,#1168);
#1168 = DEFINITIONAL_REPRESENTATION('',(#1169),#1173);
#1169 = LINE('',#1170,#1171);
#1170 = CARTESIAN_POINT('',(0.,-6.));
#1171 = VECTOR('',#1172,1.);
#1172 = DIRECTION('',(1.,0.));
#1173 = ( GEOMETRIC_REPRESENTATION_CONTEXT(2) 
PARAMETRIC_REPRESENTATION_CONTEXT() REPRESENTATION_CONTEXT('2D SPACE',''
  ) );
#1174 = PCURVE('',#1175,#1180);
#1175 = CONICAL_SURFACE('',#1176,1.25,1.029744258677);
#1176 = AXIS2_PLACEMENT_3D('',#1177,#1178,#1179);
#1177 = CARTESIAN_POINT('',(-3.975515347675,-14.46358453912,-4.));
#1178 = DIRECTION('',(8.44817952835E-18,-6.339435822721E-17,1.));
#1179 = DIRECTION('',(0.967572620967,0.252592999023,7.838743857083E-18)
  );
#1180 = DEFINITIONAL_REPRESENTATION('',(#1181),#1185);
#1181 = LINE('',#1182,#1183);
#1182 = CARTESIAN_POINT('',(0.,-9.802687471293E-17));
#1183 = VECTOR('',#1184,1.);
#1184 = DIRECTION('',(1.,0.));
#1185 = ( GEOMETRIC_REPRESENTATION_CONTEXT(2) 
PARAMETRIC_REPRESENTATION_CONTEXT() REPRESENTATION_CONTEXT('2D SPACE',''
  ) );
#1186 = ADVANCED_FACE('',(#1187),#1175,.F.);
#1187 = FACE_BOUND('',#1188,.F.);
#1188 = EDGE_LOOP('',(#1189,#1190,#1218));
#1189 = ORIENTED_EDGE('',*,*,#1160,.F.);
#1190 = ORIENTED_EDGE('',*,*,#1191,.F.);
#1191 = EDGE_CURVE('',#1192,#1138,#1194,.T.);
#1192 = VERTEX_POINT('',#1193);
#1193 = CARTESIAN_POINT('',(-3.975515347675,-14.46358453912,
    -4.751075773784));
#1194 = SURFACE_CURVE('',#1195,(#1199,#1206),.PCURVE_S1.);
#1195 = LINE('',#1196,#1197);
#1196 = CARTESIAN_POINT('',(-5.184981123884,-14.7793257879,-4.));
#1197 = VECTOR('',#1198,1.);
#1198 = DIRECTION('',(-0.829371611747,-0.216514459148,0.51503807491));
#1199 = PCURVE('',#1175,#1200);
#1200 = DEFINITIONAL_REPRESENTATION('',(#1201),#1205);
#1201 = LINE('',#1202,#1203);
#1202 = CARTESIAN_POINT('',(3.14159265359,0.));
#1203 = VECTOR('',#1204,1.);
#1204 = DIRECTION('',(0.,1.));
#1205 = ( GEOMETRIC_REPRESENTATION_CONTEXT(2) 
PARAMETRIC_REPRESENTATION_CONTEXT() REPRESENTATION_CONTEXT('2D SPACE',''
  ) );
#1206 = PCURVE('',#1207,#1212);
#1207 = CONICAL_SURFACE('',#1208,1.25,1.029744258677);
#1208 = AXIS2_PLACEMENT_3D('',#1209,#1210,#1211);
#1209 = CARTESIAN_POINT('',(-3.975515347675,-14.46358453912,-4.));
#1210 = DIRECTION('',(8.44817952835E-18,-6.339435822721E-17,1.));
#1211 = DIRECTION('',(0.967572620967,0.252592999023,7.838743857083E-18)
  );
#1212 = DEFINITIONAL_REPRESENTATION('',(#1213),#1217);
#1213 = LINE('',#1214,#1215);
#1214 = CARTESIAN_POINT('',(3.14159265359,0.));
#1215 = VECTOR('',#1216,1.);
#1216 = DIRECTION('',(0.,1.));
#1217 = ( GEOMETRIC_REPRESENTATION_CONTEXT(2) 
PARAMETRIC_REPRESENTATION_CONTEXT() REPRESENTATION_CONTEXT('2D SPACE',''
  ) );
#1218 = ORIENTED_EDGE('',*,*,#1219,.T.);
#1219 = EDGE_CURVE('',#1192,#1079,#1220,.T.);
#1220 = SURFACE_CURVE('',#1221,(#1225,#1232),.PCURVE_S1.);
#1221 = LINE('',#1222,#1223);
#1222 = CARTESIAN_POINT('',(-2.766049571467,-14.14784329034,-4.));
#1223 = VECTOR('',#1224,1.);
#1224 = DIRECTION('',(0.829371611747,0.216514459148,0.51503807491));
#1225 = PCURVE('',#1175,#1226);
#1226 = DEFINITIONAL_REPRESENTATION('',(#1227),#1231);
#1227 = LINE('',#1228,#1229);
#1228 = CARTESIAN_POINT('',(6.28318530718,2.287228517295E-16));
#1229 = VECTOR('',#1230,1.);
#1230 = DIRECTION('',(0.,1.));
#1231 = ( GEOMETRIC_REPRESENTATION_CONTEXT(2) 
PARAMETRIC_REPRESENTATION_CONTEXT() REPRESENTATION_CONTEXT('2D SPACE',''
  ) );
#1232 = PCURVE('',#1207,#1233);
#1233 = DEFINITIONAL_REPRESENTATION('',(#1234),#1238);
#1234 = LINE('',#1235,#1236);
#1235 = CARTESIAN_POINT('',(0.,2.287228517295E-16));
#1236 = VECTOR('',#1237,1.);
#1237 = DIRECTION('',(0.,1.));
#1238 = ( GEOMETRIC_REPRESENTATION_CONTEXT(2) 
PARAMETRIC_REPRESENTATION_CONTEXT() REPRESENTATION_CONTEXT('2D SPACE',''
  ) );
#1239 = ADVANCED_FACE('',(#1240),#1254,.F.);
#1240 = FACE_BOUND('',#1241,.F.);
#1241 = EDGE_LOOP('',(#1242,#1277,#1301,#1324));
#1242 = ORIENTED_EDGE('',*,*,#1243,.T.);
#1243 = EDGE_CURVE('',#1244,#1246,#1248,.T.);
#1244 = VERTEX_POINT('',#1245);
#1245 = CARTESIAN_POINT('',(-13.30412353829,-3.473153736561,-4.));
#1246 = VERTEX_POINT('',#1247);
#1247 = CARTESIAN_POINT('',(-13.30412353829,-3.473153736561,2.));
#1248 = SURFACE_CURVE('',#1249,(#1253,#1265),.PCURVE_S1.);
#1249 = LINE('',#1250,#1251);
#1250 = CARTESIAN_POINT('',(-13.30412353829,-3.473153736561,2.));
#1251 = VECTOR('',#1252,1.);
#1252 = DIRECTION('',(8.44817952835E-18,-6.339435822721E-17,1.));
#1253 = PCURVE('',#1254,#1259);
#1254 = CYLINDRICAL_SURFACE('',#1255,1.25);
#1255 = AXIS2_PLACEMENT_3D('',#1256,#1257,#1258);
#1256 = CARTESIAN_POINT('',(-14.5135893145,-3.788894985339,2.));
#1257 = DIRECTION('',(8.44817952835E-18,-6.339435822721E-17,1.));
#1258 = DIRECTION('',(0.967572620967,0.252592999023,7.838743857083E-18)
  );
#1259 = DEFINITIONAL_REPRESENTATION('',(#1260),#1264);
#1260 = LINE('',#1261,#1262);
#1261 = CARTESIAN_POINT('',(6.28318530718,0.));
#1262 = VECTOR('',#1263,1.);
#1263 = DIRECTION('',(0.,1.));
#1264 = ( GEOMETRIC_REPRESENTATION_CONTEXT(2) 
PARAMETRIC_REPRESENTATION_CONTEXT() REPRESENTATION_CONTEXT('2D SPACE',''
  ) );
#1265 = PCURVE('',#1266,#1271);
#1266 = CYLINDRICAL_SURFACE('',#1267,1.25);
#1267 = AXIS2_PLACEMENT_3D('',#1268,#1269,#1270);
#1268 = CARTESIAN_POINT('',(-14.5135893145,-3.788894985339,2.));
#1269 = DIRECTION('',(8.44817952835E-18,-6.339435822721E-17,1.));
#1270 = DIRECTION('',(0.967572620967,0.252592999023,7.838743857083E-18)
  );
#1271 = DEFINITIONAL_REPRESENTATION('',(#1272),#1276);
#1272 = LINE('',#1273,#1274);
#1273 = CARTESIAN_POINT('',(0.,0.));
#1274 = VECTOR('',#1275,1.);
#1275 = DIRECTION('',(0.,1.));
#1276 = ( GEOMETRIC_REPRESENTATION_CONTEXT(2) 
PARAMETRIC_REPRESENTATION_CONTEXT() REPRESENTATION_CONTEXT('2D SPACE',''
  ) );
#1277 = ORIENTED_EDGE('',*,*,#1278,.F.);
#1278 = EDGE_CURVE('',#1279,#1246,#1281,.T.);
#1279 = VERTEX_POINT('',#1280);
#1280 = CARTESIAN_POINT('',(-15.72305509071,-4.104636234118,2.));
#1281 = SURFACE_CURVE('',#1282,(#1287,#1294),.PCURVE_S1.);
#1282 = CIRCLE('',#1283,1.25);
#1283 = AXIS2_PLACEMENT_3D('',#1284,#1285,#1286);
#1284 = CARTESIAN_POINT('',(-14.5135893145,-3.788894985339,2.));
#1285 = DIRECTION('',(8.44817952835E-18,-6.339435822721E-17,1.));
#1286 = DIRECTION('',(0.967572620967,0.252592999023,7.838743857083E-18)
  );
#1287 = PCURVE('',#1254,#1288);
#1288 = DEFINITIONAL_REPRESENTATION('',(#1289),#1293);
#1289 = LINE('',#1290,#1291);
#1290 = CARTESIAN_POINT('',(0.,0.));
#1291 = VECTOR('',#1292,1.);
#1292 = DIRECTION('',(1.,0.));
#1293 = ( GEOMETRIC_REPRESENTATION_CONTEXT(2) 
PARAMETRIC_REPRESENTATION_CONTEXT() REPRESENTATION_CONTEXT('2D SPACE',''
  ) );
#1294 = PCURVE('',#73,#1295);
#1295 = DEFINITIONAL_REPRESENTATION('',(#1296),#1300);
#1296 = CIRCLE('',#1297,1.25);
#1297 = AXIS2_PLACEMENT_2D('',#1298,#1299);
#1298 = CARTESIAN_POINT('',(-14.99999999999,1.881386116559E-14));
#1299 = DIRECTION('',(1.,0.));
#1300 = ( GEOMETRIC_REPRESENTATION_CONTEXT(2) 
PARAMETRIC_REPRESENTATION_CONTEXT() REPRESENTATION_CONTEXT('2D SPACE',''
  ) );
#1301 = ORIENTED_EDGE('',*,*,#1302,.F.);
#1302 = EDGE_CURVE('',#1303,#1279,#1305,.T.);
#1303 = VERTEX_POINT('',#1304);
#1304 = CARTESIAN_POINT('',(-15.72305509071,-4.104636234118,-4.));
#1305 = SURFACE_CURVE('',#1306,(#1310,#1317),.PCURVE_S1.);
#1306 = LINE('',#1307,#1308);
#1307 = CARTESIAN_POINT('',(-15.72305509071,-4.104636234118,2.));
#1308 = VECTOR('',#1309,1.);
#1309 = DIRECTION('',(8.44817952835E-18,-6.339435822721E-17,1.));
#1310 = PCURVE('',#1254,#1311);
#1311 = DEFINITIONAL_REPRESENTATION('',(#1312),#1316);
#1312 = LINE('',#1313,#1314);
#1313 = CARTESIAN_POINT('',(3.14159265359,0.));
#1314 = VECTOR('',#1315,1.);
#1315 = DIRECTION('',(0.,1.));
#1316 = ( GEOMETRIC_REPRESENTATION_CONTEXT(2) 
PARAMETRIC_REPRESENTATION_CONTEXT() REPRESENTATION_CONTEXT('2D SPACE',''
  ) );
#1317 = PCURVE('',#1266,#1318);
#1318 = DEFINITIONAL_REPRESENTATION('',(#1319),#1323);
#1319 = LINE('',#1320,#1321);
#1320 = CARTESIAN_POINT('',(3.14159265359,0.));
#1321 = VECTOR('',#1322,1.);
#1322 = DIRECTION('',(0.,1.));
#1323 = ( GEOMETRIC_REPRESENTATION_CONTEXT(2) 
PARAMETRIC_REPRESENTATION_CONTEXT() REPRESENTATION_CONTEXT('2D SPACE',''
  ) );
#1324 = ORIENTED_EDGE('',*,*,#1325,.T.);
#1325 = EDGE_CURVE('',#1303,#1244,#1326,.T.);
#1326 = SURFACE_CURVE('',#1327,(#1332,#1339),.PCURVE_S1.);
#1327 = CIRCLE('',#1328,1.25);
#1328 = AXIS2_PLACEMENT_3D('',#1329,#1330,#1331);
#1329 = CARTESIAN_POINT('',(-14.5135893145,-3.788894985339,-4.));
#1330 = DIRECTION('',(8.44817952835E-18,-6.339435822721E-17,1.));
#1331 = DIRECTION('',(0.967572620967,0.252592999023,7.838743857083E-18)
  );
#1332 = PCURVE('',#1254,#1333);
#1333 = DEFINITIONAL_REPRESENTATION('',(#1334),#1338);
#1334 = LINE('',#1335,#1336);
#1335 = CARTESIAN_POINT('',(0.,-6.));
#1336 = VECTOR('',#1337,1.);
#1337 = DIRECTION('',(1.,0.));
#1338 = ( GEOMETRIC_REPRESENTATION_CONTEXT(2) 
PARAMETRIC_REPRESENTATION_CONTEXT() REPRESENTATION_CONTEXT('2D SPACE',''
  ) );
#1339 = PCURVE('',#1340,#1345);
#1340 = CONICAL_SURFACE('',#1341,1.25,1.029744258677);
#1341 = AXIS2_PLACEMENT_3D('',#1342,#1343,#1344);
#1342 = CARTESIAN_POINT('',(-14.5135893145,-3.788894985339,-4.));
#1343 = DIRECTION('',(8.44817952835E-18,-6.339435822721E-17,1.));
#1344 = DIRECTION('',(0.967572620967,0.252592999023,7.838743857083E-18)
  );
#1345 = DEFINITIONAL_REPRESENTATION('',(#1346),#1350);
#1346 = LINE('',#1347,#1348);
#1347 = CARTESIAN_POINT('',(0.,-1.274349371268E-15));
#1348 = VECTOR('',#1349,1.);
#1349 = DIRECTION('',(1.,2.496233866626E-16));
#1350 = ( GEOMETRIC_REPRESENTATION_CONTEXT(2) 
PARAMETRIC_REPRESENTATION_CONTEXT() REPRESENTATION_CONTEXT('2D SPACE',''
  ) );
#1351 = ADVANCED_FACE('',(#1352),#1340,.F.);
#1352 = FACE_BOUND('',#1353,.F.);
#1353 = EDGE_LOOP('',(#1354,#1355,#1383));
#1354 = ORIENTED_EDGE('',*,*,#1325,.F.);
#1355 = ORIENTED_EDGE('',*,*,#1356,.F.);
#1356 = EDGE_CURVE('',#1357,#1303,#1359,.T.);
#1357 = VERTEX_POINT('',#1358);
#1358 = CARTESIAN_POINT('',(-14.5135893145,-3.788894985339,
    -4.751075773784));
#1359 = SURFACE_CURVE('',#1360,(#1364,#1371),.PCURVE_S1.);
#1360 = LINE('',#1361,#1362);
#1361 = CARTESIAN_POINT('',(-15.72305509071,-4.104636234118,-4.));
#1362 = VECTOR('',#1363,1.);
#1363 = DIRECTION('',(-0.829371611747,-0.216514459148,0.51503807491));
#1364 = PCURVE('',#1340,#1365);
#1365 = DEFINITIONAL_REPRESENTATION('',(#1366),#1370);
#1366 = LINE('',#1367,#1368);
#1367 = CARTESIAN_POINT('',(3.14159265359,-4.57445703459E-16));
#1368 = VECTOR('',#1369,1.);
#1369 = DIRECTION('',(0.,1.));
#1370 = ( GEOMETRIC_REPRESENTATION_CONTEXT(2) 
PARAMETRIC_REPRESENTATION_CONTEXT() REPRESENTATION_CONTEXT('2D SPACE',''
  ) );
#1371 = PCURVE('',#1372,#1377);
#1372 = CONICAL_SURFACE('',#1373,1.25,1.029744258677);
#1373 = AXIS2_PLACEMENT_3D('',#1374,#1375,#1376);
#1374 = CARTESIAN_POINT('',(-14.5135893145,-3.788894985339,-4.));
#1375 = DIRECTION('',(8.44817952835E-18,-6.339435822721E-17,1.));
#1376 = DIRECTION('',(0.967572620967,0.252592999023,7.838743857083E-18)
  );
#1377 = DEFINITIONAL_REPRESENTATION('',(#1378),#1382);
#1378 = LINE('',#1379,#1380);
#1379 = CARTESIAN_POINT('',(3.14159265359,-4.57445703459E-16));
#1380 = VECTOR('',#1381,1.);
#1381 = DIRECTION('',(0.,1.));
#1382 = ( GEOMETRIC_REPRESENTATION_CONTEXT(2) 
PARAMETRIC_REPRESENTATION_CONTEXT() REPRESENTATION_CONTEXT('2D SPACE',''
  ) );
#1383 = ORIENTED_EDGE('',*,*,#1384,.T.);
#1384 = EDGE_CURVE('',#1357,#1244,#1385,.T.);
#1385 = SURFACE_CURVE('',#1386,(#1390,#1397),.PCURVE_S1.);
#1386 = LINE('',#1387,#1388);
#1387 = CARTESIAN_POINT('',(-13.30412353829,-3.473153736561,-4.));
#1388 = VECTOR('',#1389,1.);
#1389 = DIRECTION('',(0.829371611747,0.216514459148,0.51503807491));
#1390 = PCURVE('',#1340,#1391);
#1391 = DEFINITIONAL_REPRESENTATION('',(#1392),#1396);
#1392 = LINE('',#1393,#1394);
#1393 = CARTESIAN_POINT('',(6.28318530718,6.861685551885E-16));
#1394 = VECTOR('',#1395,1.);
#1395 = DIRECTION('',(0.,1.));
#1396 = ( GEOMETRIC_REPRESENTATION_CONTEXT(2) 
PARAMETRIC_REPRESENTATION_CONTEXT() REPRESENTATION_CONTEXT('2D SPACE',''
  ) );
#1397 = PCURVE('',#1372,#1398);
#1398 = DEFINITIONAL_REPRESENTATION('',(#1399),#1403);
#1399 = LINE('',#1400,#1401);
#1400 = CARTESIAN_POINT('',(0.,6.861685551885E-16));
#1401 = VECTOR('',#1402,1.);
#1402 = DIRECTION('',(0.,1.));
#1403 = ( GEOMETRIC_REPRESENTATION_CONTEXT(2) 
PARAMETRIC_REPRESENTATION_CONTEXT() REPRESENTATION_CONTEXT('2D SPACE',''
  ) );
#1404 = ADVANCED_FACE('',(#1405),#359,.F.);
#1405 = FACE_BOUND('',#1406,.F.);
#1406 = EDGE_LOOP('',(#1407,#1435,#1436,#1459));
#1407 = ORIENTED_EDGE('',*,*,#1408,.T.);
#1408 = EDGE_CURVE('',#1409,#259,#1411,.T.);
#1409 = VERTEX_POINT('',#1410);
#1410 = CARTESIAN_POINT('',(5.471447228251,-13.04083069549,-5.));
#1411 = SURFACE_CURVE('',#1412,(#1416,#1423),.PCURVE_S1.);
#1412 = LINE('',#1413,#1414);
#1413 = CARTESIAN_POINT('',(5.471447228251,-13.04083069549,-10.));
#1414 = VECTOR('',#1415,1.);
#1415 = DIRECTION('',(8.44817952835E-18,-6.339435822721E-17,1.));
#1416 = PCURVE('',#359,#1417);
#1417 = DEFINITIONAL_REPRESENTATION('',(#1418),#1422);
#1418 = LINE('',#1419,#1420);
#1419 = CARTESIAN_POINT('',(6.28318530718,0.));
#1420 = VECTOR('',#1421,1.);
#1421 = DIRECTION('',(0.,1.));
#1422 = ( GEOMETRIC_REPRESENTATION_CONTEXT(2) 
PARAMETRIC_REPRESENTATION_CONTEXT() REPRESENTATION_CONTEXT('2D SPACE',''
  ) );
#1423 = PCURVE('',#1424,#1429);
#1424 = CYLINDRICAL_SURFACE('',#1425,2.);
#1425 = AXIS2_PLACEMENT_3D('',#1426,#1427,#1428);
#1426 = CARTESIAN_POINT('',(3.536301986317,-13.54601669353,-10.));
#1427 = DIRECTION('',(8.44817952835E-18,-6.339435822721E-17,1.));
#1428 = DIRECTION('',(0.967572620967,0.252592999023,7.838743857083E-18)
  );
#1429 = DEFINITIONAL_REPRESENTATION('',(#1430),#1434);
#1430 = LINE('',#1431,#1432);
#1431 = CARTESIAN_POINT('',(0.,0.));
#1432 = VECTOR('',#1433,1.);
#1433 = DIRECTION('',(0.,1.));
#1434 = ( GEOMETRIC_REPRESENTATION_CONTEXT(2) 
PARAMETRIC_REPRESENTATION_CONTEXT() REPRESENTATION_CONTEXT('2D SPACE',''
  ) );
#1435 = ORIENTED_EDGE('',*,*,#344,.F.);
#1436 = ORIENTED_EDGE('',*,*,#1437,.F.);
#1437 = EDGE_CURVE('',#1438,#322,#1440,.T.);
#1438 = VERTEX_POINT('',#1439);
#1439 = CARTESIAN_POINT('',(1.601156744383,-14.05120269158,-5.));
#1440 = SURFACE_CURVE('',#1441,(#1445,#1452),.PCURVE_S1.);
#1441 = LINE('',#1442,#1443);
#1442 = CARTESIAN_POINT('',(1.601156744383,-14.05120269158,-10.));
#1443 = VECTOR('',#1444,1.);
#1444 = DIRECTION('',(8.44817952835E-18,-6.339435822721E-17,1.));
#1445 = PCURVE('',#359,#1446);
#1446 = DEFINITIONAL_REPRESENTATION('',(#1447),#1451);
#1447 = LINE('',#1448,#1449);
#1448 = CARTESIAN_POINT('',(3.14159265359,0.));
#1449 = VECTOR('',#1450,1.);
#1450 = DIRECTION('',(0.,1.));
#1451 = ( GEOMETRIC_REPRESENTATION_CONTEXT(2) 
PARAMETRIC_REPRESENTATION_CONTEXT() REPRESENTATION_CONTEXT('2D SPACE',''
  ) );
#1452 = PCURVE('',#1424,#1453);
#1453 = DEFINITIONAL_REPRESENTATION('',(#1454),#1458);
#1454 = LINE('',#1455,#1456);
#1455 = CARTESIAN_POINT('',(3.14159265359,0.));
#1456 = VECTOR('',#1457,1.);
#1457 = DIRECTION('',(0.,1.));
#1458 = ( GEOMETRIC_REPRESENTATION_CONTEXT(2) 
PARAMETRIC_REPRESENTATION_CONTEXT() REPRESENTATION_CONTEXT('2D SPACE',''
  ) );
#1459 = ORIENTED_EDGE('',*,*,#1460,.T.);
#1460 = EDGE_CURVE('',#1438,#1409,#1461,.T.);
#1461 = SURFACE_CURVE('',#1462,(#1467,#1474),.PCURVE_S1.);
#1462 = CIRCLE('',#1463,2.);
#1463 = AXIS2_PLACEMENT_3D('',#1464,#1465,#1466);
#1464 = CARTESIAN_POINT('',(3.536301986317,-13.54601669353,-5.));
#1465 = DIRECTION('',(8.44817952835E-18,-6.339435822721E-17,1.));
#1466 = DIRECTION('',(0.967572620967,0.252592999023,7.838743857083E-18)
  );
#1467 = PCURVE('',#359,#1468);
#1468 = DEFINITIONAL_REPRESENTATION('',(#1469),#1473);
#1469 = LINE('',#1470,#1471);
#1470 = CARTESIAN_POINT('',(0.,5.));
#1471 = VECTOR('',#1472,1.);
#1472 = DIRECTION('',(1.,0.));
#1473 = ( GEOMETRIC_REPRESENTATION_CONTEXT(2) 
PARAMETRIC_REPRESENTATION_CONTEXT() REPRESENTATION_CONTEXT('2D SPACE',''
  ) );
#1474 = PCURVE('',#1475,#1480);
#1475 = PLANE('',#1476);
#1476 = AXIS2_PLACEMENT_3D('',#1477,#1478,#1479);
#1477 = CARTESIAN_POINT('',(-4.224089764175E-17,3.169717911361E-16,-5.)
  );
#1478 = DIRECTION('',(8.44817952835E-18,-6.339435822721E-17,1.));
#1479 = DIRECTION('',(0.967572620967,0.252592999023,7.838743857083E-18)
  );
#1480 = DEFINITIONAL_REPRESENTATION('',(#1481),#1485);
#1481 = CIRCLE('',#1482,2.);
#1482 = AXIS2_PLACEMENT_2D('',#1483,#1484);
#1483 = CARTESIAN_POINT('',(-9.367506770275E-14,-14.));
#1484 = DIRECTION('',(1.,0.));
#1485 = ( GEOMETRIC_REPRESENTATION_CONTEXT(2) 
PARAMETRIC_REPRESENTATION_CONTEXT() REPRESENTATION_CONTEXT('2D SPACE',''
  ) );
#1486 = ADVANCED_FACE('',(#1487),#127,.F.);
#1487 = FACE_BOUND('',#1488,.F.);
#1488 = EDGE_LOOP('',(#1489,#1517,#1518,#1541));
#1489 = ORIENTED_EDGE('',*,*,#1490,.T.);
#1490 = EDGE_CURVE('',#1491,#22,#1493,.T.);
#1491 = VERTEX_POINT('',#1492);
#1492 = CARTESIAN_POINT('',(11.898188825466,10.340721700417,-5.));
#1493 = SURFACE_CURVE('',#1494,(#1498,#1505),.PCURVE_S1.);
#1494 = LINE('',#1495,#1496);
#1495 = CARTESIAN_POINT('',(11.898188825466,10.340721700417,-10.));
#1496 = VECTOR('',#1497,1.);
#1497 = DIRECTION('',(8.44817952835E-18,-6.339435822721E-17,1.));
#1498 = PCURVE('',#127,#1499);
#1499 = DEFINITIONAL_REPRESENTATION('',(#1500),#1504);
#1500 = LINE('',#1501,#1502);
#1501 = CARTESIAN_POINT('',(6.28318530718,0.));
#1502 = VECTOR('',#1503,1.);
#1503 = DIRECTION('',(0.,1.));
#1504 = ( GEOMETRIC_REPRESENTATION_CONTEXT(2) 
PARAMETRIC_REPRESENTATION_CONTEXT() REPRESENTATION_CONTEXT('2D SPACE',''
  ) );
#1505 = PCURVE('',#1506,#1511);
#1506 = CYLINDRICAL_SURFACE('',#1507,2.);
#1507 = AXIS2_PLACEMENT_3D('',#1508,#1509,#1510);
#1508 = CARTESIAN_POINT('',(9.963043583532,9.835535702372,-10.));
#1509 = DIRECTION('',(8.44817952835E-18,-6.339435822721E-17,1.));
#1510 = DIRECTION('',(0.967572620967,0.252592999023,7.838743857083E-18)
  );
#1511 = DEFINITIONAL_REPRESENTATION('',(#1512),#1516);
#1512 = LINE('',#1513,#1514);
#1513 = CARTESIAN_POINT('',(0.,0.));
#1514 = VECTOR('',#1515,1.);
#1515 = DIRECTION('',(0.,1.));
#1516 = ( GEOMETRIC_REPRESENTATION_CONTEXT(2) 
PARAMETRIC_REPRESENTATION_CONTEXT() REPRESENTATION_CONTEXT('2D SPACE',''
  ) );
#1517 = ORIENTED_EDGE('',*,*,#112,.F.);
#1518 = ORIENTED_EDGE('',*,*,#1519,.F.);
#1519 = EDGE_CURVE('',#1520,#90,#1522,.T.);
#1520 = VERTEX_POINT('',#1521);
#1521 = CARTESIAN_POINT('',(8.027898341598,9.330349704327,-5.));
#1522 = SURFACE_CURVE('',#1523,(#1527,#1534),.PCURVE_S1.);
#1523 = LINE('',#1524,#1525);
#1524 = CARTESIAN_POINT('',(8.027898341598,9.330349704327,-10.));
#1525 = VECTOR('',#1526,1.);
#1526 = DIRECTION('',(8.44817952835E-18,-6.339435822721E-17,1.));
#1527 = PCURVE('',#127,#1528);
#1528 = DEFINITIONAL_REPRESENTATION('',(#1529),#1533);
#1529 = LINE('',#1530,#1531);
#1530 = CARTESIAN_POINT('',(3.14159265359,0.));
#1531 = VECTOR('',#1532,1.);
#1532 = DIRECTION('',(0.,1.));
#1533 = ( GEOMETRIC_REPRESENTATION_CONTEXT(2) 
PARAMETRIC_REPRESENTATION_CONTEXT() REPRESENTATION_CONTEXT('2D SPACE',''
  ) );
#1534 = PCURVE('',#1506,#1535);
#1535 = DEFINITIONAL_REPRESENTATION('',(#1536),#1540);
#1536 = LINE('',#1537,#1538);
#1537 = CARTESIAN_POINT('',(3.14159265359,0.));
#1538 = VECTOR('',#1539,1.);
#1539 = DIRECTION('',(0.,1.));
#1540 = ( GEOMETRIC_REPRESENTATION_CONTEXT(2) 
PARAMETRIC_REPRESENTATION_CONTEXT() REPRESENTATION_CONTEXT('2D SPACE',''
  ) );
#1541 = ORIENTED_EDGE('',*,*,#1542,.T.);
#1542 = EDGE_CURVE('',#1520,#1491,#1543,.T.);
#1543 = SURFACE_CURVE('',#1544,(#1549,#1556),.PCURVE_S1.);
#1544 = CIRCLE('',#1545,2.);
#1545 = AXIS2_PLACEMENT_3D('',#1546,#1547,#1548);
#1546 = CARTESIAN_POINT('',(9.963043583532,9.835535702372,-5.));
#1547 = DIRECTION('',(8.44817952835E-18,-6.339435822721E-17,1.));
#1548 = DIRECTION('',(0.967572620967,0.252592999023,7.838743857083E-18)
  );
#1549 = PCURVE('',#127,#1550);
#1550 = DEFINITIONAL_REPRESENTATION('',(#1551),#1555);
#1551 = LINE('',#1552,#1553);
#1552 = CARTESIAN_POINT('',(0.,5.));
#1553 = VECTOR('',#1554,1.);
#1554 = DIRECTION('',(1.,0.));
#1555 = ( GEOMETRIC_REPRESENTATION_CONTEXT(2) 
PARAMETRIC_REPRESENTATION_CONTEXT() REPRESENTATION_CONTEXT('2D SPACE',''
  ) );
#1556 = PCURVE('',#1475,#1557);
#1557 = DEFINITIONAL_REPRESENTATION('',(#1558),#1562);
#1558 = CIRCLE('',#1559,2.);
#1559 = AXIS2_PLACEMENT_2D('',#1560,#1561);
#1560 = CARTESIAN_POINT('',(12.124355652982,7.));
#1561 = DIRECTION('',(1.,0.));
#1562 = ( GEOMETRIC_REPRESENTATION_CONTEXT(2) 
PARAMETRIC_REPRESENTATION_CONTEXT() REPRESENTATION_CONTEXT('2D SPACE',''
  ) );
#1563 = ADVANCED_FACE('',(#1564),#1578,.F.);
#1564 = FACE_BOUND('',#1565,.F.);
#1565 = EDGE_LOOP('',(#1566,#1601,#1630,#1653));
#1566 = ORIENTED_EDGE('',*,*,#1567,.T.);
#1567 = EDGE_CURVE('',#1568,#1570,#1572,.T.);
#1568 = VERTEX_POINT('',#1569);
#1569 = CARTESIAN_POINT('',(-11.44246950592,-9.18823817053,2.));
#1570 = VERTEX_POINT('',#1571);
#1571 = CARTESIAN_POINT('',(-11.44246950592,-9.18823817053,-5.5));
#1572 = SURFACE_CURVE('',#1573,(#1577,#1589),.PCURVE_S1.);
#1573 = LINE('',#1574,#1575);
#1574 = CARTESIAN_POINT('',(-11.44246950592,-9.18823817053,6.5));
#1575 = VECTOR('',#1576,1.);
#1576 = DIRECTION('',(-8.44817952835E-18,6.339435822721E-17,-1.));
#1577 = PCURVE('',#1578,#1583);
#1578 = CYLINDRICAL_SURFACE('',#1579,3.);
#1579 = AXIS2_PLACEMENT_3D('',#1580,#1581,#1582);
#1580 = CARTESIAN_POINT('',(-8.539751643028,-8.430459173462,6.5));
#1581 = DIRECTION('',(-8.44817952835E-18,6.339435822721E-17,-1.));
#1582 = DIRECTION('',(-0.967572620967,-0.252592999023,
    -7.838743857083E-18));
#1583 = DEFINITIONAL_REPRESENTATION('',(#1584),#1588);
#1584 = LINE('',#1585,#1586);
#1585 = CARTESIAN_POINT('',(6.28318530718,0.));
#1586 = VECTOR('',#1587,1.);
#1587 = DIRECTION('',(0.,1.));
#1588 = ( GEOMETRIC_REPRESENTATION_CONTEXT(2) 
PARAMETRIC_REPRESENTATION_CONTEXT() REPRESENTATION_CONTEXT('2D SPACE',''
  ) );
#1589 = PCURVE('',#1590,#1595);
#1590 = CYLINDRICAL_SURFACE('',#1591,3.);
#1591 = AXIS2_PLACEMENT_3D('',#1592,#1593,#1594);
#1592 = CARTESIAN_POINT('',(-8.539751643028,-8.430459173462,6.5));
#1593 = DIRECTION('',(-8.44817952835E-18,6.339435822721E-17,-1.));
#1594 = DIRECTION('',(-0.967572620967,-0.252592999023,
    -7.838743857083E-18));
#1595 = DEFINITIONAL_REPRESENTATION('',(#1596),#1600);
#1596 = LINE('',#1597,#1598);
#1597 = CARTESIAN_POINT('',(0.,0.));
#1598 = VECTOR('',#1599,1.);
#1599 = DIRECTION('',(0.,1.));
#1600 = ( GEOMETRIC_REPRESENTATION_CONTEXT(2) 
PARAMETRIC_REPRESENTATION_CONTEXT() REPRESENTATION_CONTEXT('2D SPACE',''
  ) );
#1601 = ORIENTED_EDGE('',*,*,#1602,.F.);
#1602 = EDGE_CURVE('',#1603,#1570,#1605,.T.);
#1603 = VERTEX_POINT('',#1604);
#1604 = CARTESIAN_POINT('',(-5.637033780127,-7.672680176394,-5.5));
#1605 = SURFACE_CURVE('',#1606,(#1611,#1618),.PCURVE_S1.);
#1606 = CIRCLE('',#1607,3.);
#1607 = AXIS2_PLACEMENT_3D('',#1608,#1609,#1610);
#1608 = CARTESIAN_POINT('',(-8.539751643028,-8.430459173462,-5.5));
#1609 = DIRECTION('',(-8.44817952835E-18,6.339435822721E-17,-1.));
#1610 = DIRECTION('',(0.702538264455,-0.711645970252,-5.104950895278E-17
    ));
#1611 = PCURVE('',#1578,#1612);
#1612 = DEFINITIONAL_REPRESENTATION('',(#1613),#1617);
#1613 = LINE('',#1614,#1615);
#1614 = CARTESIAN_POINT('',(-2.094395102393,12.));
#1615 = VECTOR('',#1616,1.);
#1616 = DIRECTION('',(1.,0.));
#1617 = ( GEOMETRIC_REPRESENTATION_CONTEXT(2) 
PARAMETRIC_REPRESENTATION_CONTEXT() REPRESENTATION_CONTEXT('2D SPACE',''
  ) );
#1618 = PCURVE('',#1619,#1624);
#1619 = PLANE('',#1620);
#1620 = AXIS2_PLACEMENT_3D('',#1621,#1622,#1623);
#1621 = CARTESIAN_POINT('',(-8.539751643028,-8.430459173462,-5.5));
#1622 = DIRECTION('',(-8.44817952835E-18,6.339435822721E-17,-1.));
#1623 = DIRECTION('',(0.702538264455,-0.711645970252,-5.104950895278E-17
    ));
#1624 = DEFINITIONAL_REPRESENTATION('',(#1625),#1629);
#1625 = CIRCLE('',#1626,3.);
#1626 = AXIS2_PLACEMENT_2D('',#1627,#1628);
#1627 = CARTESIAN_POINT('',(0.,0.));
#1628 = DIRECTION('',(1.,5.551115123126E-17));
#1629 = ( GEOMETRIC_REPRESENTATION_CONTEXT(2) 
PARAMETRIC_REPRESENTATION_CONTEXT() REPRESENTATION_CONTEXT('2D SPACE',''
  ) );
#1630 = ORIENTED_EDGE('',*,*,#1631,.F.);
#1631 = EDGE_CURVE('',#1632,#1603,#1634,.T.);
#1632 = VERTEX_POINT('',#1633);
#1633 = CARTESIAN_POINT('',(-5.637033780127,-7.672680176394,2.));
#1634 = SURFACE_CURVE('',#1635,(#1639,#1646),.PCURVE_S1.);
#1635 = LINE('',#1636,#1637);
#1636 = CARTESIAN_POINT('',(-5.637033780127,-7.672680176394,6.5));
#1637 = VECTOR('',#1638,1.);
#1638 = DIRECTION('',(-8.44817952835E-18,6.339435822721E-17,-1.));
#1639 = PCURVE('',#1578,#1640);
#1640 = DEFINITIONAL_REPRESENTATION('',(#1641),#1645);
#1641 = LINE('',#1642,#1643);
#1642 = CARTESIAN_POINT('',(3.14159265359,0.));
#1643 = VECTOR('',#1644,1.);
#1644 = DIRECTION('',(0.,1.));
#1645 = ( GEOMETRIC_REPRESENTATION_CONTEXT(2) 
PARAMETRIC_REPRESENTATION_CONTEXT() REPRESENTATION_CONTEXT('2D SPACE',''
  ) );
#1646 = PCURVE('',#1590,#1647);
#1647 = DEFINITIONAL_REPRESENTATION('',(#1648),#1652);
#1648 = LINE('',#1649,#1650);
#1649 = CARTESIAN_POINT('',(3.14159265359,0.));
#1650 = VECTOR('',#1651,1.);
#1651 = DIRECTION('',(0.,1.));
#1652 = ( GEOMETRIC_REPRESENTATION_CONTEXT(2) 
PARAMETRIC_REPRESENTATION_CONTEXT() REPRESENTATION_CONTEXT('2D SPACE',''
  ) );
#1653 = ORIENTED_EDGE('',*,*,#1654,.F.);
#1654 = EDGE_CURVE('',#1568,#1632,#1655,.T.);
#1655 = SURFACE_CURVE('',#1656,(#1661,#1668),.PCURVE_S1.);
#1656 = CIRCLE('',#1657,3.);
#1657 = AXIS2_PLACEMENT_3D('',#1658,#1659,#1660);
#1658 = CARTESIAN_POINT('',(-8.539751643028,-8.430459173462,2.));
#1659 = DIRECTION('',(8.44817952835E-18,-6.339435822721E-17,1.));
#1660 = DIRECTION('',(0.967572620967,0.252592999023,7.838743857083E-18)
  );
#1661 = PCURVE('',#1578,#1662);
#1662 = DEFINITIONAL_REPRESENTATION('',(#1663),#1667);
#1663 = LINE('',#1664,#1665);
#1664 = CARTESIAN_POINT('',(9.424777960769,4.5));
#1665 = VECTOR('',#1666,1.);
#1666 = DIRECTION('',(-1.,0.));
#1667 = ( GEOMETRIC_REPRESENTATION_CONTEXT(2) 
PARAMETRIC_REPRESENTATION_CONTEXT() REPRESENTATION_CONTEXT('2D SPACE',''
  ) );
#1668 = PCURVE('',#73,#1669);
#1669 = DEFINITIONAL_REPRESENTATION('',(#1670),#1674);
#1670 = CIRCLE('',#1671,3.);
#1671 = AXIS2_PLACEMENT_2D('',#1672,#1673);
#1672 = CARTESIAN_POINT('',(-10.39230484541,-6.));
#1673 = DIRECTION('',(1.,0.));
#1674 = ( GEOMETRIC_REPRESENTATION_CONTEXT(2) 
PARAMETRIC_REPRESENTATION_CONTEXT() REPRESENTATION_CONTEXT('2D SPACE',''
  ) );
#1675 = ADVANCED_FACE('',(#1676),#1690,.F.);
#1676 = FACE_BOUND('',#1677,.F.);
#1677 = EDGE_LOOP('',(#1678,#1713,#1742,#1765));
#1678 = ORIENTED_EDGE('',*,*,#1679,.T.);
#1679 = EDGE_CURVE('',#1680,#1682,#1684,.T.);
#1680 = VERTEX_POINT('',#1681);
#1681 = CARTESIAN_POINT('',(8.668149768399,-3.938191275209,2.));
#1682 = VERTEX_POINT('',#1683);
#1683 = CARTESIAN_POINT('',(8.668149768399,-3.938191275209,-5.5));
#1684 = SURFACE_CURVE('',#1685,(#1689,#1701),.PCURVE_S1.);
#1685 = LINE('',#1686,#1687);
#1686 = CARTESIAN_POINT('',(8.668149768399,-3.938191275209,6.5));
#1687 = VECTOR('',#1688,1.);
#1688 = DIRECTION('',(-8.44817952835E-18,6.339435822721E-17,-1.));
#1689 = PCURVE('',#1690,#1695);
#1690 = CYLINDRICAL_SURFACE('',#1691,3.);
#1691 = AXIS2_PLACEMENT_3D('',#1692,#1693,#1694);
#1692 = CARTESIAN_POINT('',(11.570867631299,-3.180412278141,6.5));
#1693 = DIRECTION('',(-8.44817952835E-18,6.339435822721E-17,-1.));
#1694 = DIRECTION('',(-0.967572620967,-0.252592999023,
    -7.838743857083E-18));
#1695 = DEFINITIONAL_REPRESENTATION('',(#1696),#1700);
#1696 = LINE('',#1697,#1698);
#1697 = CARTESIAN_POINT('',(6.28318530718,0.));
#1698 = VECTOR('',#1699,1.);
#1699 = DIRECTION('',(0.,1.));
#1700 = ( GEOMETRIC_REPRESENTATION_CONTEXT(2) 
PARAMETRIC_REPRESENTATION_CONTEXT() REPRESENTATION_CONTEXT('2D SPACE',''
  ) );
#1701 = PCURVE('',#1702,#1707);
#1702 = CYLINDRICAL_SURFACE('',#1703,3.);
#1703 = AXIS2_PLACEMENT_3D('',#1704,#1705,#1706);
#1704 = CARTESIAN_POINT('',(11.570867631299,-3.180412278141,6.5));
#1705 = DIRECTION('',(-8.44817952835E-18,6.339435822721E-17,-1.));
#1706 = DIRECTION('',(-0.967572620967,-0.252592999023,
    -7.838743857083E-18));
#1707 = DEFINITIONAL_REPRESENTATION('',(#1708),#1712);
#1708 = LINE('',#1709,#1710);
#1709 = CARTESIAN_POINT('',(0.,0.));
#1710 = VECTOR('',#1711,1.);
#1711 = DIRECTION('',(0.,1.));
#1712 = ( GEOMETRIC_REPRESENTATION_CONTEXT(2) 
PARAMETRIC_REPRESENTATION_CONTEXT() REPRESENTATION_CONTEXT('2D SPACE',''
  ) );
#1713 = ORIENTED_EDGE('',*,*,#1714,.F.);
#1714 = EDGE_CURVE('',#1715,#1682,#1717,.T.);
#1715 = VERTEX_POINT('',#1716);
#1716 = CARTESIAN_POINT('',(14.4735854942,-2.422633281073,-5.5));
#1717 = SURFACE_CURVE('',#1718,(#1723,#1730),.PCURVE_S1.);
#1718 = CIRCLE('',#1719,3.);
#1719 = AXIS2_PLACEMENT_3D('',#1720,#1721,#1722);
#1720 = CARTESIAN_POINT('',(11.570867631299,-3.180412278141,-5.5));
#1721 = DIRECTION('',(-8.44817952835E-18,6.339435822721E-17,-1.));
#1722 = DIRECTION('',(0.265034356512,0.964238969275,5.888825280986E-17)
  );
#1723 = PCURVE('',#1690,#1724);
#1724 = DEFINITIONAL_REPRESENTATION('',(#1725),#1729);
#1725 = LINE('',#1726,#1727);
#1726 = CARTESIAN_POINT('',(2.094395102393,12.));
#1727 = VECTOR('',#1728,1.);
#1728 = DIRECTION('',(1.,0.));
#1729 = ( GEOMETRIC_REPRESENTATION_CONTEXT(2) 
PARAMETRIC_REPRESENTATION_CONTEXT() REPRESENTATION_CONTEXT('2D SPACE',''
  ) );
#1730 = PCURVE('',#1731,#1736);
#1731 = PLANE('',#1732);
#1732 = AXIS2_PLACEMENT_3D('',#1733,#1734,#1735);
#1733 = CARTESIAN_POINT('',(11.570867631299,-3.180412278141,-5.5));
#1734 = DIRECTION('',(-8.44817952835E-18,6.339435822721E-17,-1.));
#1735 = DIRECTION('',(0.265034356512,0.964238969275,5.888825280986E-17)
  );
#1736 = DEFINITIONAL_REPRESENTATION('',(#1737),#1741);
#1737 = CIRCLE('',#1738,3.);
#1738 = AXIS2_PLACEMENT_2D('',#1739,#1740);
#1739 = CARTESIAN_POINT('',(0.,0.));
#1740 = DIRECTION('',(1.,-1.110223024625E-16));
#1741 = ( GEOMETRIC_REPRESENTATION_CONTEXT(2) 
PARAMETRIC_REPRESENTATION_CONTEXT() REPRESENTATION_CONTEXT('2D SPACE',''
  ) );
#1742 = ORIENTED_EDGE('',*,*,#1743,.F.);
#1743 = EDGE_CURVE('',#1744,#1715,#1746,.T.);
#1744 = VERTEX_POINT('',#1745);
#1745 = CARTESIAN_POINT('',(14.4735854942,-2.422633281073,2.));
#1746 = SURFACE_CURVE('',#1747,(#1751,#1758),.PCURVE_S1.);
#1747 = LINE('',#1748,#1749);
#1748 = CARTESIAN_POINT('',(14.4735854942,-2.422633281073,6.5));
#1749 = VECTOR('',#1750,1.);
#1750 = DIRECTION('',(-8.44817952835E-18,6.339435822721E-17,-1.));
#1751 = PCURVE('',#1690,#1752);
#1752 = DEFINITIONAL_REPRESENTATION('',(#1753),#1757);
#1753 = LINE('',#1754,#1755);
#1754 = CARTESIAN_POINT('',(3.14159265359,0.));
#1755 = VECTOR('',#1756,1.);
#1756 = DIRECTION('',(0.,1.));
#1757 = ( GEOMETRIC_REPRESENTATION_CONTEXT(2) 
PARAMETRIC_REPRESENTATION_CONTEXT() REPRESENTATION_CONTEXT('2D SPACE',''
  ) );
#1758 = PCURVE('',#1702,#1759);
#1759 = DEFINITIONAL_REPRESENTATION('',(#1760),#1764);
#1760 = LINE('',#1761,#1762);
#1761 = CARTESIAN_POINT('',(3.14159265359,0.));
#1762 = VECTOR('',#1763,1.);
#1763 = DIRECTION('',(0.,1.));
#1764 = ( GEOMETRIC_REPRESENTATION_CONTEXT(2) 
PARAMETRIC_REPRESENTATION_CONTEXT() REPRESENTATION_CONTEXT('2D SPACE',''
  ) );
#1765 = ORIENTED_EDGE('',*,*,#1766,.F.);
#1766 = EDGE_CURVE('',#1680,#1744,#1767,.T.);
#1767 = SURFACE_CURVE('',#1768,(#1773,#1780),.PCURVE_S1.);
#1768 = CIRCLE('',#1769,3.);
#1769 = AXIS2_PLACEMENT_3D('',#1770,#1771,#1772);
#1770 = CARTESIAN_POINT('',(11.570867631299,-3.180412278141,2.));
#1771 = DIRECTION('',(8.44817952835E-18,-6.339435822721E-17,1.));
#1772 = DIRECTION('',(0.967572620967,0.252592999023,7.838743857083E-18)
  );
#1773 = PCURVE('',#1690,#1774);
#1774 = DEFINITIONAL_REPRESENTATION('',(#1775),#1779);
#1775 = LINE('',#1776,#1777);
#1776 = CARTESIAN_POINT('',(9.424777960769,4.5));
#1777 = VECTOR('',#1778,1.);
#1778 = DIRECTION('',(-1.,0.));
#1779 = ( GEOMETRIC_REPRESENTATION_CONTEXT(2) 
PARAMETRIC_REPRESENTATION_CONTEXT() REPRESENTATION_CONTEXT('2D SPACE',''
  ) );
#1780 = PCURVE('',#73,#1781);
#1781 = DEFINITIONAL_REPRESENTATION('',(#1782),#1786);
#1782 = CIRCLE('',#1783,3.);
#1783 = AXIS2_PLACEMENT_2D('',#1784,#1785);
#1784 = CARTESIAN_POINT('',(10.392304845413,-6.));
#1785 = DIRECTION('',(1.,0.));
#1786 = ( GEOMETRIC_REPRESENTATION_CONTEXT(2) 
PARAMETRIC_REPRESENTATION_CONTEXT() REPRESENTATION_CONTEXT('2D SPACE',''
  ) );
#1787 = ADVANCED_FACE('',(#1788),#1803,.T.);
#1788 = FACE_BOUND('',#1789,.T.);
#1789 = EDGE_LOOP('',(#1790,#1821,#1849,#1877));
#1790 = ORIENTED_EDGE('',*,*,#1791,.F.);
#1791 = EDGE_CURVE('',#1792,#1794,#1796,.T.);
#1792 = VERTEX_POINT('',#1793);
#1793 = CARTESIAN_POINT('',(-12.41004212689,-9.440831169552,-5.5));
#1794 = VERTEX_POINT('',#1795);
#1795 = CARTESIAN_POINT('',(-4.66946115916,-7.420087177371,-5.5));
#1796 = SURFACE_CURVE('',#1797,(#1802,#1814),.PCURVE_S1.);
#1797 = CIRCLE('',#1798,4.);
#1798 = AXIS2_PLACEMENT_3D('',#1799,#1800,#1801);
#1799 = CARTESIAN_POINT('',(-8.539751643028,-8.430459173462,-5.5));
#1800 = DIRECTION('',(-8.44817952835E-18,6.339435822721E-17,-1.));
#1801 = DIRECTION('',(0.702538264455,-0.711645970252,-5.104950895278E-17
    ));
#1802 = PCURVE('',#1803,#1808);
#1803 = CYLINDRICAL_SURFACE('',#1804,4.);
#1804 = AXIS2_PLACEMENT_3D('',#1805,#1806,#1807);
#1805 = CARTESIAN_POINT('',(-8.539751643028,-8.430459173462,-5.5));
#1806 = DIRECTION('',(8.44817952835E-18,-6.339435822721E-17,1.));
#1807 = DIRECTION('',(0.967572620967,0.252592999023,7.838743857083E-18)
  );
#1808 = DEFINITIONAL_REPRESENTATION('',(#1809),#1813);
#1809 = LINE('',#1810,#1811);
#1810 = CARTESIAN_POINT('',(5.235987755983,0.));
#1811 = VECTOR('',#1812,1.);
#1812 = DIRECTION('',(-1.,0.));
#1813 = ( GEOMETRIC_REPRESENTATION_CONTEXT(2) 
PARAMETRIC_REPRESENTATION_CONTEXT() REPRESENTATION_CONTEXT('2D SPACE',''
  ) );
#1814 = PCURVE('',#1619,#1815);
#1815 = DEFINITIONAL_REPRESENTATION('',(#1816),#1820);
#1816 = CIRCLE('',#1817,4.);
#1817 = AXIS2_PLACEMENT_2D('',#1818,#1819);
#1818 = CARTESIAN_POINT('',(0.,0.));
#1819 = DIRECTION('',(1.,-3.885780586188E-16));
#1820 = ( GEOMETRIC_REPRESENTATION_CONTEXT(2) 
PARAMETRIC_REPRESENTATION_CONTEXT() REPRESENTATION_CONTEXT('2D SPACE',''
  ) );
#1821 = ORIENTED_EDGE('',*,*,#1822,.T.);
#1822 = EDGE_CURVE('',#1792,#1823,#1825,.T.);
#1823 = VERTEX_POINT('',#1824);
#1824 = CARTESIAN_POINT('',(-12.41004212689,-9.440831169552,-5.));
#1825 = SURFACE_CURVE('',#1826,(#1830,#1837),.PCURVE_S1.);
#1826 = LINE('',#1827,#1828);
#1827 = CARTESIAN_POINT('',(-12.41004212689,-9.440831169552,-5.5));
#1828 = VECTOR('',#1829,1.);
#1829 = DIRECTION('',(8.44817952835E-18,-6.339435822721E-17,1.));
#1830 = PCURVE('',#1803,#1831);
#1831 = DEFINITIONAL_REPRESENTATION('',(#1832),#1836);
#1832 = LINE('',#1833,#1834);
#1833 = CARTESIAN_POINT('',(3.14159265359,0.));
#1834 = VECTOR('',#1835,1.);
#1835 = DIRECTION('',(0.,1.));
#1836 = ( GEOMETRIC_REPRESENTATION_CONTEXT(2) 
PARAMETRIC_REPRESENTATION_CONTEXT() REPRESENTATION_CONTEXT('2D SPACE',''
  ) );
#1837 = PCURVE('',#1838,#1843);
#1838 = CYLINDRICAL_SURFACE('',#1839,4.);
#1839 = AXIS2_PLACEMENT_3D('',#1840,#1841,#1842);
#1840 = CARTESIAN_POINT('',(-8.539751643028,-8.430459173462,-5.5));
#1841 = DIRECTION('',(8.44817952835E-18,-6.339435822721E-17,1.));
#1842 = DIRECTION('',(0.967572620967,0.252592999023,7.838743857083E-18)
  );
#1843 = DEFINITIONAL_REPRESENTATION('',(#1844),#1848);
#1844 = LINE('',#1845,#1846);
#1845 = CARTESIAN_POINT('',(3.14159265359,0.));
#1846 = VECTOR('',#1847,1.);
#1847 = DIRECTION('',(0.,1.));
#1848 = ( GEOMETRIC_REPRESENTATION_CONTEXT(2) 
PARAMETRIC_REPRESENTATION_CONTEXT() REPRESENTATION_CONTEXT('2D SPACE',''
  ) );
#1849 = ORIENTED_EDGE('',*,*,#1850,.T.);
#1850 = EDGE_CURVE('',#1823,#1851,#1853,.T.);
#1851 = VERTEX_POINT('',#1852);
#1852 = CARTESIAN_POINT('',(-4.66946115916,-7.420087177371,-5.));
#1853 = SURFACE_CURVE('',#1854,(#1859,#1866),.PCURVE_S1.);
#1854 = CIRCLE('',#1855,4.);
#1855 = AXIS2_PLACEMENT_3D('',#1856,#1857,#1858);
#1856 = CARTESIAN_POINT('',(-8.539751643028,-8.430459173462,-5.));
#1857 = DIRECTION('',(-8.44817952835E-18,6.339435822721E-17,-1.));
#1858 = DIRECTION('',(0.967572620967,0.252592999023,7.838743857083E-18)
  );
#1859 = PCURVE('',#1803,#1860);
#1860 = DEFINITIONAL_REPRESENTATION('',(#1861),#1865);
#1861 = LINE('',#1862,#1863);
#1862 = CARTESIAN_POINT('',(6.28318530718,0.5));
#1863 = VECTOR('',#1864,1.);
#1864 = DIRECTION('',(-1.,0.));
#1865 = ( GEOMETRIC_REPRESENTATION_CONTEXT(2) 
PARAMETRIC_REPRESENTATION_CONTEXT() REPRESENTATION_CONTEXT('2D SPACE',''
  ) );
#1866 = PCURVE('',#1475,#1867);
#1867 = DEFINITIONAL_REPRESENTATION('',(#1868),#1876);
#1868 = ( BOUNDED_CURVE() B_SPLINE_CURVE(2,(#1869,#1870,#1871,#1872,
#1873,#1874,#1875),.UNSPECIFIED.,.T.,.F.) B_SPLINE_CURVE_WITH_KNOTS((1,2
    ,2,2,2,1),(-2.094395102393,0.,2.094395102393,4.188790204786,
6.28318530718,8.377580409573),.UNSPECIFIED.) CURVE() 
GEOMETRIC_REPRESENTATION_ITEM() RATIONAL_B_SPLINE_CURVE((1.,0.5,1.,0.5,
1.,0.5,1.)) REPRESENTATION_ITEM('') );
#1869 = CARTESIAN_POINT('',(-6.392304845413,-6.));
#1870 = CARTESIAN_POINT('',(-6.392304845413,-12.92820323027));
#1871 = CARTESIAN_POINT('',(-12.39230484541,-9.464101615138));
#1872 = CARTESIAN_POINT('',(-18.39230484541,-6.));
#1873 = CARTESIAN_POINT('',(-12.39230484541,-2.535898384862));
#1874 = CARTESIAN_POINT('',(-6.392304845413,0.928203230276));
#1875 = CARTESIAN_POINT('',(-6.392304845413,-6.));
#1876 = ( GEOMETRIC_REPRESENTATION_CONTEXT(2) 
PARAMETRIC_REPRESENTATION_CONTEXT() REPRESENTATION_CONTEXT('2D SPACE',''
  ) );
#1877 = ORIENTED_EDGE('',*,*,#1878,.F.);
#1878 = EDGE_CURVE('',#1794,#1851,#1879,.T.);
#1879 = SURFACE_CURVE('',#1880,(#1884,#1891),.PCURVE_S1.);
#1880 = LINE('',#1881,#1882);
#1881 = CARTESIAN_POINT('',(-4.66946115916,-7.420087177371,-5.5));
#1882 = VECTOR('',#1883,1.);
#1883 = DIRECTION('',(8.44817952835E-18,-6.339435822721E-17,1.));
#1884 = PCURVE('',#1803,#1885);
#1885 = DEFINITIONAL_REPRESENTATION('',(#1886),#1890);
#1886 = LINE('',#1887,#1888);
#1887 = CARTESIAN_POINT('',(0.,0.));
#1888 = VECTOR('',#1889,1.);
#1889 = DIRECTION('',(0.,1.));
#1890 = ( GEOMETRIC_REPRESENTATION_CONTEXT(2) 
PARAMETRIC_REPRESENTATION_CONTEXT() REPRESENTATION_CONTEXT('2D SPACE',''
  ) );
#1891 = PCURVE('',#1838,#1892);
#1892 = DEFINITIONAL_REPRESENTATION('',(#1893),#1897);
#1893 = LINE('',#1894,#1895);
#1894 = CARTESIAN_POINT('',(6.28318530718,0.));
#1895 = VECTOR('',#1896,1.);
#1896 = DIRECTION('',(0.,1.));
#1897 = ( GEOMETRIC_REPRESENTATION_CONTEXT(2) 
PARAMETRIC_REPRESENTATION_CONTEXT() REPRESENTATION_CONTEXT('2D SPACE',''
  ) );
#1898 = ADVANCED_FACE('',(#1899),#1914,.T.);
#1899 = FACE_BOUND('',#1900,.T.);
#1900 = EDGE_LOOP('',(#1901,#1932,#1960,#1988));
#1901 = ORIENTED_EDGE('',*,*,#1902,.F.);
#1902 = EDGE_CURVE('',#1903,#1905,#1907,.T.);
#1903 = VERTEX_POINT('',#1904);
#1904 = CARTESIAN_POINT('',(7.700577147432,-4.190784274231,-5.5));
#1905 = VERTEX_POINT('',#1906);
#1906 = CARTESIAN_POINT('',(15.441158115167,-2.17004028205,-5.5));
#1907 = SURFACE_CURVE('',#1908,(#1913,#1925),.PCURVE_S1.);
#1908 = CIRCLE('',#1909,4.);
#1909 = AXIS2_PLACEMENT_3D('',#1910,#1911,#1912);
#1910 = CARTESIAN_POINT('',(11.570867631299,-3.180412278141,-5.5));
#1911 = DIRECTION('',(-8.44817952835E-18,6.339435822721E-17,-1.));
#1912 = DIRECTION('',(0.265034356512,0.964238969275,5.888825280986E-17)
  );
#1913 = PCURVE('',#1914,#1919);
#1914 = CYLINDRICAL_SURFACE('',#1915,4.);
#1915 = AXIS2_PLACEMENT_3D('',#1916,#1917,#1918);
#1916 = CARTESIAN_POINT('',(11.570867631299,-3.180412278141,-5.5));
#1917 = DIRECTION('',(8.44817952835E-18,-6.339435822721E-17,1.));
#1918 = DIRECTION('',(0.967572620967,0.252592999023,7.838743857083E-18)
  );
#1919 = DEFINITIONAL_REPRESENTATION('',(#1920),#1924);
#1920 = LINE('',#1921,#1922);
#1921 = CARTESIAN_POINT('',(7.330382858376,0.));
#1922 = VECTOR('',#1923,1.);
#1923 = DIRECTION('',(-1.,0.));
#1924 = ( GEOMETRIC_REPRESENTATION_CONTEXT(2) 
PARAMETRIC_REPRESENTATION_CONTEXT() REPRESENTATION_CONTEXT('2D SPACE',''
  ) );
#1925 = PCURVE('',#1731,#1926);
#1926 = DEFINITIONAL_REPRESENTATION('',(#1927),#1931);
#1927 = CIRCLE('',#1928,4.);
#1928 = AXIS2_PLACEMENT_2D('',#1929,#1930);
#1929 = CARTESIAN_POINT('',(0.,0.));
#1930 = DIRECTION('',(1.,-1.110223024625E-16));
#1931 = ( GEOMETRIC_REPRESENTATION_CONTEXT(2) 
PARAMETRIC_REPRESENTATION_CONTEXT() REPRESENTATION_CONTEXT('2D SPACE',''
  ) );
#1932 = ORIENTED_EDGE('',*,*,#1933,.T.);
#1933 = EDGE_CURVE('',#1903,#1934,#1936,.T.);
#1934 = VERTEX_POINT('',#1935);
#1935 = CARTESIAN_POINT('',(7.700577147432,-4.190784274231,-5.));
#1936 = SURFACE_CURVE('',#1937,(#1941,#1948),.PCURVE_S1.);
#1937 = LINE('',#1938,#1939);
#1938 = CARTESIAN_POINT('',(7.700577147432,-4.190784274231,-5.5));
#1939 = VECTOR('',#1940,1.);
#1940 = DIRECTION('',(8.44817952835E-18,-6.339435822721E-17,1.));
#1941 = PCURVE('',#1914,#1942);
#1942 = DEFINITIONAL_REPRESENTATION('',(#1943),#1947);
#1943 = LINE('',#1944,#1945);
#1944 = CARTESIAN_POINT('',(3.14159265359,0.));
#1945 = VECTOR('',#1946,1.);
#1946 = DIRECTION('',(0.,1.));
#1947 = ( GEOMETRIC_REPRESENTATION_CONTEXT(2) 
PARAMETRIC_REPRESENTATION_CONTEXT() REPRESENTATION_CONTEXT('2D SPACE',''
  ) );
#1948 = PCURVE('',#1949,#1954);
#1949 = CYLINDRICAL_SURFACE('',#1950,4.);
#1950 = AXIS2_PLACEMENT_3D('',#1951,#1952,#1953);
#1951 = CARTESIAN_POINT('',(11.570867631299,-3.180412278141,-5.5));
#1952 = DIRECTION('',(8.44817952835E-18,-6.339435822721E-17,1.));
#1953 = DIRECTION('',(0.967572620967,0.252592999023,7.838743857083E-18)
  );
#1954 = DEFINITIONAL_REPRESENTATION('',(#1955),#1959);
#1955 = LINE('',#1956,#1957);
#1956 = CARTESIAN_POINT('',(3.14159265359,0.));
#1957 = VECTOR('',#1958,1.);
#1958 = DIRECTION('',(0.,1.));
#1959 = ( GEOMETRIC_REPRESENTATION_CONTEXT(2) 
PARAMETRIC_REPRESENTATION_CONTEXT() REPRESENTATION_CONTEXT('2D SPACE',''
  ) );
#1960 = ORIENTED_EDGE('',*,*,#1961,.T.);
#1961 = EDGE_CURVE('',#1934,#1962,#1964,.T.);
#1962 = VERTEX_POINT('',#1963);
#1963 = CARTESIAN_POINT('',(15.441158115167,-2.17004028205,-5.));
#1964 = SURFACE_CURVE('',#1965,(#1970,#1977),.PCURVE_S1.);
#1965 = CIRCLE('',#1966,4.);
#1966 = AXIS2_PLACEMENT_3D('',#1967,#1968,#1969);
#1967 = CARTESIAN_POINT('',(11.570867631299,-3.180412278141,-5.));
#1968 = DIRECTION('',(-8.44817952835E-18,6.339435822721E-17,-1.));
#1969 = DIRECTION('',(0.967572620967,0.252592999023,7.838743857083E-18)
  );
#1970 = PCURVE('',#1914,#1971);
#1971 = DEFINITIONAL_REPRESENTATION('',(#1972),#1976);
#1972 = LINE('',#1973,#1974);
#1973 = CARTESIAN_POINT('',(6.28318530718,0.5));
#1974 = VECTOR('',#1975,1.);
#1975 = DIRECTION('',(-1.,0.));
#1976 = ( GEOMETRIC_REPRESENTATION_CONTEXT(2) 
PARAMETRIC_REPRESENTATION_CONTEXT() REPRESENTATION_CONTEXT('2D SPACE',''
  ) );
#1977 = PCURVE('',#1475,#1978);
#1978 = DEFINITIONAL_REPRESENTATION('',(#1979),#1987);
#1979 = ( BOUNDED_CURVE() B_SPLINE_CURVE(2,(#1980,#1981,#1982,#1983,
#1984,#1985,#1986),.UNSPECIFIED.,.T.,.F.) B_SPLINE_CURVE_WITH_KNOTS((1,2
    ,2,2,2,1),(-2.094395102393,0.,2.094395102393,4.188790204786,
6.28318530718,8.377580409573),.UNSPECIFIED.) CURVE() 
GEOMETRIC_REPRESENTATION_ITEM() RATIONAL_B_SPLINE_CURVE((1.,0.5,1.,0.5,
1.,0.5,1.)) REPRESENTATION_ITEM('') );
#1980 = CARTESIAN_POINT('',(14.392304845413,-6.));
#1981 = CARTESIAN_POINT('',(14.392304845413,-12.92820323027));
#1982 = CARTESIAN_POINT('',(8.392304845413,-9.464101615138));
#1983 = CARTESIAN_POINT('',(2.392304845413,-6.));
#1984 = CARTESIAN_POINT('',(8.392304845413,-2.535898384862));
#1985 = CARTESIAN_POINT('',(14.392304845413,0.928203230275));
#1986 = CARTESIAN_POINT('',(14.392304845413,-6.));
#1987 = ( GEOMETRIC_REPRESENTATION_CONTEXT(2) 
PARAMETRIC_REPRESENTATION_CONTEXT() REPRESENTATION_CONTEXT('2D SPACE',''
  ) );
#1988 = ORIENTED_EDGE('',*,*,#1989,.F.);
#1989 = EDGE_CURVE('',#1905,#1962,#1990,.T.);
#1990 = SURFACE_CURVE('',#1991,(#1995,#2002),.PCURVE_S1.);
#1991 = LINE('',#1992,#1993);
#1992 = CARTESIAN_POINT('',(15.441158115167,-2.17004028205,-5.5));
#1993 = VECTOR('',#1994,1.);
#1994 = DIRECTION('',(8.44817952835E-18,-6.339435822721E-17,1.));
#1995 = PCURVE('',#1914,#1996);
#1996 = DEFINITIONAL_REPRESENTATION('',(#1997),#2001);
#1997 = LINE('',#1998,#1999);
#1998 = CARTESIAN_POINT('',(0.,0.));
#1999 = VECTOR('',#2000,1.);
#2000 = DIRECTION('',(0.,1.));
#2001 = ( GEOMETRIC_REPRESENTATION_CONTEXT(2) 
PARAMETRIC_REPRESENTATION_CONTEXT() REPRESENTATION_CONTEXT('2D SPACE',''
  ) );
#2002 = PCURVE('',#1949,#2003);
#2003 = DEFINITIONAL_REPRESENTATION('',(#2004),#2008);
#2004 = LINE('',#2005,#2006);
#2005 = CARTESIAN_POINT('',(6.28318530718,0.));
#2006 = VECTOR('',#2007,1.);
#2007 = DIRECTION('',(0.,1.));
#2008 = ( GEOMETRIC_REPRESENTATION_CONTEXT(2) 
PARAMETRIC_REPRESENTATION_CONTEXT() REPRESENTATION_CONTEXT('2D SPACE',''
  ) );
#2009 = ADVANCED_FACE('',(#2010),#243,.F.);
#2010 = FACE_BOUND('',#2011,.F.);
#2011 = EDGE_LOOP('',(#2012,#2040,#2041,#2064));
#2012 = ORIENTED_EDGE('',*,*,#2013,.T.);
#2013 = EDGE_CURVE('',#2014,#143,#2016,.T.);
#2014 = VERTEX_POINT('',#2015);
#2015 = CARTESIAN_POINT('',(-11.56420032791,4.21566698921,-5.));
#2016 = SURFACE_CURVE('',#2017,(#2021,#2028),.PCURVE_S1.);
#2017 = LINE('',#2018,#2019);
#2018 = CARTESIAN_POINT('',(-11.56420032791,4.21566698921,-10.));
#2019 = VECTOR('',#2020,1.);
#2020 = DIRECTION('',(8.44817952835E-18,-6.339435822721E-17,1.));
#2021 = PCURVE('',#243,#2022);
#2022 = DEFINITIONAL_REPRESENTATION('',(#2023),#2027);
#2023 = LINE('',#2024,#2025);
#2024 = CARTESIAN_POINT('',(6.28318530718,0.));
#2025 = VECTOR('',#2026,1.);
#2026 = DIRECTION('',(0.,1.));
#2027 = ( GEOMETRIC_REPRESENTATION_CONTEXT(2) 
PARAMETRIC_REPRESENTATION_CONTEXT() REPRESENTATION_CONTEXT('2D SPACE',''
  ) );
#2028 = PCURVE('',#2029,#2034);
#2029 = CYLINDRICAL_SURFACE('',#2030,2.);
#2030 = AXIS2_PLACEMENT_3D('',#2031,#2032,#2033);
#2031 = CARTESIAN_POINT('',(-13.49934556984,3.710480991164,-10.));
#2032 = DIRECTION('',(8.44817952835E-18,-6.339435822721E-17,1.));
#2033 = DIRECTION('',(0.967572620967,0.252592999023,7.838743857083E-18)
  );
#2034 = DEFINITIONAL_REPRESENTATION('',(#2035),#2039);
#2035 = LINE('',#2036,#2037);
#2036 = CARTESIAN_POINT('',(0.,0.));
#2037 = VECTOR('',#2038,1.);
#2038 = DIRECTION('',(0.,1.));
#2039 = ( GEOMETRIC_REPRESENTATION_CONTEXT(2) 
PARAMETRIC_REPRESENTATION_CONTEXT() REPRESENTATION_CONTEXT('2D SPACE',''
  ) );
#2040 = ORIENTED_EDGE('',*,*,#228,.F.);
#2041 = ORIENTED_EDGE('',*,*,#2042,.F.);
#2042 = EDGE_CURVE('',#2043,#206,#2045,.T.);
#2043 = VERTEX_POINT('',#2044);
#2044 = CARTESIAN_POINT('',(-15.43449081178,3.205294993119,-5.));
#2045 = SURFACE_CURVE('',#2046,(#2050,#2057),.PCURVE_S1.);
#2046 = LINE('',#2047,#2048);
#2047 = CARTESIAN_POINT('',(-15.43449081178,3.205294993119,-10.));
#2048 = VECTOR('',#2049,1.);
#2049 = DIRECTION('',(8.44817952835E-18,-6.339435822721E-17,1.));
#2050 = PCURVE('',#243,#2051);
#2051 = DEFINITIONAL_REPRESENTATION('',(#2052),#2056);
#2052 = LINE('',#2053,#2054);
#2053 = CARTESIAN_POINT('',(3.14159265359,0.));
#2054 = VECTOR('',#2055,1.);
#2055 = DIRECTION('',(0.,1.));
#2056 = ( GEOMETRIC_REPRESENTATION_CONTEXT(2) 
PARAMETRIC_REPRESENTATION_CONTEXT() REPRESENTATION_CONTEXT('2D SPACE',''
  ) );
#2057 = PCURVE('',#2029,#2058);
#2058 = DEFINITIONAL_REPRESENTATION('',(#2059),#2063);
#2059 = LINE('',#2060,#2061);
#2060 = CARTESIAN_POINT('',(3.14159265359,0.));
#2061 = VECTOR('',#2062,1.);
#2062 = DIRECTION('',(0.,1.));
#2063 = ( GEOMETRIC_REPRESENTATION_CONTEXT(2) 
PARAMETRIC_REPRESENTATION_CONTEXT() REPRESENTATION_CONTEXT('2D SPACE',''
  ) );
#2064 = ORIENTED_EDGE('',*,*,#2065,.T.);
#2065 = EDGE_CURVE('',#2043,#2014,#2066,.T.);
#2066 = SURFACE_CURVE('',#2067,(#2072,#2079),.PCURVE_S1.);
#2067 = CIRCLE('',#2068,2.);
#2068 = AXIS2_PLACEMENT_3D('',#2069,#2070,#2071);
#2069 = CARTESIAN_POINT('',(-13.49934556984,3.710480991164,-5.));
#2070 = DIRECTION('',(8.44817952835E-18,-6.339435822721E-17,1.));
#2071 = DIRECTION('',(0.967572620967,0.252592999023,7.838743857083E-18)
  );
#2072 = PCURVE('',#243,#2073);
#2073 = DEFINITIONAL_REPRESENTATION('',(#2074),#2078);
#2074 = LINE('',#2075,#2076);
#2075 = CARTESIAN_POINT('',(0.,5.));
#2076 = VECTOR('',#2077,1.);
#2077 = DIRECTION('',(1.,0.));
#2078 = ( GEOMETRIC_REPRESENTATION_CONTEXT(2) 
PARAMETRIC_REPRESENTATION_CONTEXT() REPRESENTATION_CONTEXT('2D SPACE',''
  ) );
#2079 = PCURVE('',#1475,#2080);
#2080 = DEFINITIONAL_REPRESENTATION('',(#2081),#2085);
#2081 = CIRCLE('',#2082,2.);
#2082 = AXIS2_PLACEMENT_2D('',#2083,#2084);
#2083 = CARTESIAN_POINT('',(-12.12435565298,7.));
#2084 = DIRECTION('',(1.,0.));
#2085 = ( GEOMETRIC_REPRESENTATION_CONTEXT(2) 
PARAMETRIC_REPRESENTATION_CONTEXT() REPRESENTATION_CONTEXT('2D SPACE',''
  ) );
#2086 = ADVANCED_FACE('',(#2087),#2101,.F.);
#2087 = FACE_BOUND('',#2088,.F.);
#2088 = EDGE_LOOP('',(#2089,#2124,#2153,#2176));
#2089 = ORIENTED_EDGE('',*,*,#2090,.T.);
#2090 = EDGE_CURVE('',#2091,#2093,#2095,.T.);
#2091 = VERTEX_POINT('',#2092);
#2092 = CARTESIAN_POINT('',(-5.933833851172,10.853092454535,2.));
#2093 = VERTEX_POINT('',#2094);
#2094 = CARTESIAN_POINT('',(-5.933833851172,10.853092454535,-5.5));
#2095 = SURFACE_CURVE('',#2096,(#2100,#2112),.PCURVE_S1.);
#2096 = LINE('',#2097,#2098);
#2097 = CARTESIAN_POINT('',(-5.933833851172,10.853092454535,6.5));
#2098 = VECTOR('',#2099,1.);
#2099 = DIRECTION('',(-8.44817952835E-18,6.339435822721E-17,-1.));
#2100 = PCURVE('',#2101,#2106);
#2101 = CYLINDRICAL_SURFACE('',#2102,3.);
#2102 = AXIS2_PLACEMENT_3D('',#2103,#2104,#2105);
#2103 = CARTESIAN_POINT('',(-3.031115988272,11.610871451603,6.5));
#2104 = DIRECTION('',(-8.44817952835E-18,6.339435822721E-17,-1.));
#2105 = DIRECTION('',(-0.967572620967,-0.252592999023,
    -7.838743857083E-18));
#2106 = DEFINITIONAL_REPRESENTATION('',(#2107),#2111);
#2107 = LINE('',#2108,#2109);
#2108 = CARTESIAN_POINT('',(6.28318530718,0.));
#2109 = VECTOR('',#2110,1.);
#2110 = DIRECTION('',(0.,1.));
#2111 = ( GEOMETRIC_REPRESENTATION_CONTEXT(2) 
PARAMETRIC_REPRESENTATION_CONTEXT() REPRESENTATION_CONTEXT('2D SPACE',''
  ) );
#2112 = PCURVE('',#2113,#2118);
#2113 = CYLINDRICAL_SURFACE('',#2114,3.);
#2114 = AXIS2_PLACEMENT_3D('',#2115,#2116,#2117);
#2115 = CARTESIAN_POINT('',(-3.031115988272,11.610871451603,6.5));
#2116 = DIRECTION('',(-8.44817952835E-18,6.339435822721E-17,-1.));
#2117 = DIRECTION('',(-0.967572620967,-0.252592999023,
    -7.838743857083E-18));
#2118 = DEFINITIONAL_REPRESENTATION('',(#2119),#2123);
#2119 = LINE('',#2120,#2121);
#2120 = CARTESIAN_POINT('',(0.,0.));
#2121 = VECTOR('',#2122,1.);
#2122 = DIRECTION('',(0.,1.));
#2123 = ( GEOMETRIC_REPRESENTATION_CONTEXT(2) 
PARAMETRIC_REPRESENTATION_CONTEXT() REPRESENTATION_CONTEXT('2D SPACE',''
  ) );
#2124 = ORIENTED_EDGE('',*,*,#2125,.F.);
#2125 = EDGE_CURVE('',#2126,#2093,#2128,.T.);
#2126 = VERTEX_POINT('',#2127);
#2127 = CARTESIAN_POINT('',(-0.128398125371,12.368650448671,-5.5));
#2128 = SURFACE_CURVE('',#2129,(#2134,#2141),.PCURVE_S1.);
#2129 = CIRCLE('',#2130,3.);
#2130 = AXIS2_PLACEMENT_3D('',#2131,#2132,#2133);
#2131 = CARTESIAN_POINT('',(-3.031115988272,11.610871451603,-5.5));
#2132 = DIRECTION('',(-8.44817952835E-18,6.339435822721E-17,-1.));
#2133 = DIRECTION('',(-0.967572620967,-0.252592999023,
    -7.838743857083E-18));
#2134 = PCURVE('',#2101,#2135);
#2135 = DEFINITIONAL_REPRESENTATION('',(#2136),#2140);
#2136 = LINE('',#2137,#2138);
#2137 = CARTESIAN_POINT('',(0.,12.));
#2138 = VECTOR('',#2139,1.);
#2139 = DIRECTION('',(1.,0.));
#2140 = ( GEOMETRIC_REPRESENTATION_CONTEXT(2) 
PARAMETRIC_REPRESENTATION_CONTEXT() REPRESENTATION_CONTEXT('2D SPACE',''
  ) );
#2141 = PCURVE('',#2142,#2147);
#2142 = PLANE('',#2143);
#2143 = AXIS2_PLACEMENT_3D('',#2144,#2145,#2146);
#2144 = CARTESIAN_POINT('',(-3.031115988272,11.610871451603,-5.5));
#2145 = DIRECTION('',(-8.44817952835E-18,6.339435822721E-17,-1.));
#2146 = DIRECTION('',(-0.967572620967,-0.252592999023,
    -7.838743857083E-18));
#2147 = DEFINITIONAL_REPRESENTATION('',(#2148),#2152);
#2148 = CIRCLE('',#2149,3.);
#2149 = AXIS2_PLACEMENT_2D('',#2150,#2151);
#2150 = CARTESIAN_POINT('',(0.,0.));
#2151 = DIRECTION('',(1.,0.));
#2152 = ( GEOMETRIC_REPRESENTATION_CONTEXT(2) 
PARAMETRIC_REPRESENTATION_CONTEXT() REPRESENTATION_CONTEXT('2D SPACE',''
  ) );
#2153 = ORIENTED_EDGE('',*,*,#2154,.F.);
#2154 = EDGE_CURVE('',#2155,#2126,#2157,.T.);
#2155 = VERTEX_POINT('',#2156);
#2156 = CARTESIAN_POINT('',(-0.128398125371,12.368650448671,2.));
#2157 = SURFACE_CURVE('',#2158,(#2162,#2169),.PCURVE_S1.);
#2158 = LINE('',#2159,#2160);
#2159 = CARTESIAN_POINT('',(-0.128398125371,12.368650448671,6.5));
#2160 = VECTOR('',#2161,1.);
#2161 = DIRECTION('',(-8.44817952835E-18,6.339435822721E-17,-1.));
#2162 = PCURVE('',#2101,#2163);
#2163 = DEFINITIONAL_REPRESENTATION('',(#2164),#2168);
#2164 = LINE('',#2165,#2166);
#2165 = CARTESIAN_POINT('',(3.14159265359,0.));
#2166 = VECTOR('',#2167,1.);
#2167 = DIRECTION('',(0.,1.));
#2168 = ( GEOMETRIC_REPRESENTATION_CONTEXT(2) 
PARAMETRIC_REPRESENTATION_CONTEXT() REPRESENTATION_CONTEXT('2D SPACE',''
  ) );
#2169 = PCURVE('',#2113,#2170);
#2170 = DEFINITIONAL_REPRESENTATION('',(#2171),#2175);
#2171 = LINE('',#2172,#2173);
#2172 = CARTESIAN_POINT('',(3.14159265359,0.));
#2173 = VECTOR('',#2174,1.);
#2174 = DIRECTION('',(0.,1.));
#2175 = ( GEOMETRIC_REPRESENTATION_CONTEXT(2) 
PARAMETRIC_REPRESENTATION_CONTEXT() REPRESENTATION_CONTEXT('2D SPACE',''
  ) );
#2176 = ORIENTED_EDGE('',*,*,#2177,.F.);
#2177 = EDGE_CURVE('',#2091,#2155,#2178,.T.);
#2178 = SURFACE_CURVE('',#2179,(#2184,#2191),.PCURVE_S1.);
#2179 = CIRCLE('',#2180,3.);
#2180 = AXIS2_PLACEMENT_3D('',#2181,#2182,#2183);
#2181 = CARTESIAN_POINT('',(-3.031115988272,11.610871451603,2.));
#2182 = DIRECTION('',(8.44817952835E-18,-6.339435822721E-17,1.));
#2183 = DIRECTION('',(0.967572620967,0.252592999023,7.838743857083E-18)
  );
#2184 = PCURVE('',#2101,#2185);
#2185 = DEFINITIONAL_REPRESENTATION('',(#2186),#2190);
#2186 = LINE('',#2187,#2188);
#2187 = CARTESIAN_POINT('',(9.424777960769,4.5));
#2188 = VECTOR('',#2189,1.);
#2189 = DIRECTION('',(-1.,0.));
#2190 = ( GEOMETRIC_REPRESENTATION_CONTEXT(2) 
PARAMETRIC_REPRESENTATION_CONTEXT() REPRESENTATION_CONTEXT('2D SPACE',''
  ) );
#2191 = PCURVE('',#73,#2192);
#2192 = DEFINITIONAL_REPRESENTATION('',(#2193),#2197);
#2193 = CIRCLE('',#2194,3.);
#2194 = AXIS2_PLACEMENT_2D('',#2195,#2196);
#2195 = CARTESIAN_POINT('',(0.,12.));
#2196 = DIRECTION('',(1.,0.));
#2197 = ( GEOMETRIC_REPRESENTATION_CONTEXT(2) 
PARAMETRIC_REPRESENTATION_CONTEXT() REPRESENTATION_CONTEXT('2D SPACE',''
  ) );
#2198 = ADVANCED_FACE('',(#2199),#2214,.T.);
#2199 = FACE_BOUND('',#2200,.T.);
#2200 = EDGE_LOOP('',(#2201,#2232,#2260,#2288));
#2201 = ORIENTED_EDGE('',*,*,#2202,.F.);
#2202 = EDGE_CURVE('',#2203,#2205,#2207,.T.);
#2203 = VERTEX_POINT('',#2204);
#2204 = CARTESIAN_POINT('',(-6.901406472139,10.600499455512,-5.5));
#2205 = VERTEX_POINT('',#2206);
#2206 = CARTESIAN_POINT('',(0.839174495596,12.621243447693,-5.5));
#2207 = SURFACE_CURVE('',#2208,(#2213,#2225),.PCURVE_S1.);
#2208 = CIRCLE('',#2209,4.);
#2209 = AXIS2_PLACEMENT_3D('',#2210,#2211,#2212);
#2210 = CARTESIAN_POINT('',(-3.031115988272,11.610871451603,-5.5));
#2211 = DIRECTION('',(-8.44817952835E-18,6.339435822721E-17,-1.));
#2212 = DIRECTION('',(-0.967572620967,-0.252592999023,
    -7.838743857083E-18));
#2213 = PCURVE('',#2214,#2219);
#2214 = CYLINDRICAL_SURFACE('',#2215,4.);
#2215 = AXIS2_PLACEMENT_3D('',#2216,#2217,#2218);
#2216 = CARTESIAN_POINT('',(-3.031115988272,11.610871451603,-5.5));
#2217 = DIRECTION('',(8.44817952835E-18,-6.339435822721E-17,1.));
#2218 = DIRECTION('',(0.967572620967,0.252592999023,7.838743857083E-18)
  );
#2219 = DEFINITIONAL_REPRESENTATION('',(#2220),#2224);
#2220 = LINE('',#2221,#2222);
#2221 = CARTESIAN_POINT('',(3.14159265359,0.));
#2222 = VECTOR('',#2223,1.);
#2223 = DIRECTION('',(-1.,0.));
#2224 = ( GEOMETRIC_REPRESENTATION_CONTEXT(2) 
PARAMETRIC_REPRESENTATION_CONTEXT() REPRESENTATION_CONTEXT('2D SPACE',''
  ) );
#2225 = PCURVE('',#2142,#2226);
#2226 = DEFINITIONAL_REPRESENTATION('',(#2227),#2231);
#2227 = CIRCLE('',#2228,4.);
#2228 = AXIS2_PLACEMENT_2D('',#2229,#2230);
#2229 = CARTESIAN_POINT('',(0.,0.));
#2230 = DIRECTION('',(1.,0.));
#2231 = ( GEOMETRIC_REPRESENTATION_CONTEXT(2) 
PARAMETRIC_REPRESENTATION_CONTEXT() REPRESENTATION_CONTEXT('2D SPACE',''
  ) );
#2232 = ORIENTED_EDGE('',*,*,#2233,.T.);
#2233 = EDGE_CURVE('',#2203,#2234,#2236,.T.);
#2234 = VERTEX_POINT('',#2235);
#2235 = CARTESIAN_POINT('',(-6.901406472139,10.600499455512,-5.));
#2236 = SURFACE_CURVE('',#2237,(#2241,#2248),.PCURVE_S1.);
#2237 = LINE('',#2238,#2239);
#2238 = CARTESIAN_POINT('',(-6.901406472139,10.600499455512,-5.5));
#2239 = VECTOR('',#2240,1.);
#2240 = DIRECTION('',(8.44817952835E-18,-6.339435822721E-17,1.));
#2241 = PCURVE('',#2214,#2242);
#2242 = DEFINITIONAL_REPRESENTATION('',(#2243),#2247);
#2243 = LINE('',#2244,#2245);
#2244 = CARTESIAN_POINT('',(3.14159265359,0.));
#2245 = VECTOR('',#2246,1.);
#2246 = DIRECTION('',(0.,1.));
#2247 = ( GEOMETRIC_REPRESENTATION_CONTEXT(2) 
PARAMETRIC_REPRESENTATION_CONTEXT() REPRESENTATION_CONTEXT('2D SPACE',''
  ) );
#2248 = PCURVE('',#2249,#2254);
#2249 = CYLINDRICAL_SURFACE('',#2250,4.);
#2250 = AXIS2_PLACEMENT_3D('',#2251,#2252,#2253);
#2251 = CARTESIAN_POINT('',(-3.031115988272,11.610871451603,-5.5));
#2252 = DIRECTION('',(8.44817952835E-18,-6.339435822721E-17,1.));
#2253 = DIRECTION('',(0.967572620967,0.252592999023,7.838743857083E-18)
  );
#2254 = DEFINITIONAL_REPRESENTATION('',(#2255),#2259);
#2255 = LINE('',#2256,#2257);
#2256 = CARTESIAN_POINT('',(3.14159265359,0.));
#2257 = VECTOR('',#2258,1.);
#2258 = DIRECTION('',(0.,1.));
#2259 = ( GEOMETRIC_REPRESENTATION_CONTEXT(2) 
PARAMETRIC_REPRESENTATION_CONTEXT() REPRESENTATION_CONTEXT('2D SPACE',''
  ) );
#2260 = ORIENTED_EDGE('',*,*,#2261,.T.);
#2261 = EDGE_CURVE('',#2234,#2262,#2264,.T.);
#2262 = VERTEX_POINT('',#2263);
#2263 = CARTESIAN_POINT('',(0.839174495596,12.621243447693,-5.));
#2264 = SURFACE_CURVE('',#2265,(#2270,#2277),.PCURVE_S1.);
#2265 = CIRCLE('',#2266,4.);
#2266 = AXIS2_PLACEMENT_3D('',#2267,#2268,#2269);
#2267 = CARTESIAN_POINT('',(-3.031115988272,11.610871451603,-5.));
#2268 = DIRECTION('',(-8.44817952835E-18,6.339435822721E-17,-1.));
#2269 = DIRECTION('',(0.967572620967,0.252592999023,7.838743857083E-18)
  );
#2270 = PCURVE('',#2214,#2271);
#2271 = DEFINITIONAL_REPRESENTATION('',(#2272),#2276);
#2272 = LINE('',#2273,#2274);
#2273 = CARTESIAN_POINT('',(6.28318530718,0.5));
#2274 = VECTOR('',#2275,1.);
#2275 = DIRECTION('',(-1.,0.));
#2276 = ( GEOMETRIC_REPRESENTATION_CONTEXT(2) 
PARAMETRIC_REPRESENTATION_CONTEXT() REPRESENTATION_CONTEXT('2D SPACE',''
  ) );
#2277 = PCURVE('',#1475,#2278);
#2278 = DEFINITIONAL_REPRESENTATION('',(#2279),#2287);
#2279 = ( BOUNDED_CURVE() B_SPLINE_CURVE(2,(#2280,#2281,#2282,#2283,
#2284,#2285,#2286),.UNSPECIFIED.,.T.,.F.) B_SPLINE_CURVE_WITH_KNOTS((1,2
    ,2,2,2,1),(-2.094395102393,0.,2.094395102393,4.188790204786,
6.28318530718,8.377580409573),.UNSPECIFIED.) CURVE() 
GEOMETRIC_REPRESENTATION_ITEM() RATIONAL_B_SPLINE_CURVE((1.,0.5,1.,0.5,
1.,0.5,1.)) REPRESENTATION_ITEM('') );
#2280 = CARTESIAN_POINT('',(4.,12.));
#2281 = CARTESIAN_POINT('',(4.,5.071796769724));
#2282 = CARTESIAN_POINT('',(-2.,8.535898384862));
#2283 = CARTESIAN_POINT('',(-8.,12.));
#2284 = CARTESIAN_POINT('',(-2.,15.464101615138));
#2285 = CARTESIAN_POINT('',(4.,18.928203230276));
#2286 = CARTESIAN_POINT('',(4.,12.));
#2287 = ( GEOMETRIC_REPRESENTATION_CONTEXT(2) 
PARAMETRIC_REPRESENTATION_CONTEXT() REPRESENTATION_CONTEXT('2D SPACE',''
  ) );
#2288 = ORIENTED_EDGE('',*,*,#2289,.F.);
#2289 = EDGE_CURVE('',#2205,#2262,#2290,.T.);
#2290 = SURFACE_CURVE('',#2291,(#2295,#2302),.PCURVE_S1.);
#2291 = LINE('',#2292,#2293);
#2292 = CARTESIAN_POINT('',(0.839174495596,12.621243447693,-5.5));
#2293 = VECTOR('',#2294,1.);
#2294 = DIRECTION('',(8.44817952835E-18,-6.339435822721E-17,1.));
#2295 = PCURVE('',#2214,#2296);
#2296 = DEFINITIONAL_REPRESENTATION('',(#2297),#2301);
#2297 = LINE('',#2298,#2299);
#2298 = CARTESIAN_POINT('',(0.,0.));
#2299 = VECTOR('',#2300,1.);
#2300 = DIRECTION('',(0.,1.));
#2301 = ( GEOMETRIC_REPRESENTATION_CONTEXT(2) 
PARAMETRIC_REPRESENTATION_CONTEXT() REPRESENTATION_CONTEXT('2D SPACE',''
  ) );
#2302 = PCURVE('',#2249,#2303);
#2303 = DEFINITIONAL_REPRESENTATION('',(#2304),#2308);
#2304 = LINE('',#2305,#2306);
#2305 = CARTESIAN_POINT('',(6.28318530718,0.));
#2306 = VECTOR('',#2307,1.);
#2307 = DIRECTION('',(0.,1.));
#2308 = ( GEOMETRIC_REPRESENTATION_CONTEXT(2) 
PARAMETRIC_REPRESENTATION_CONTEXT() REPRESENTATION_CONTEXT('2D SPACE',''
  ) );
#2309 = ADVANCED_FACE('',(#2310),#2325,.T.);
#2310 = FACE_BOUND('',#2311,.T.);
#2311 = EDGE_LOOP('',(#2312,#2343,#2371,#2400));
#2312 = ORIENTED_EDGE('',*,*,#2313,.F.);
#2313 = EDGE_CURVE('',#2314,#2316,#2318,.T.);
#2314 = VERTEX_POINT('',#2315);
#2315 = CARTESIAN_POINT('',(19.109559264096,4.988711730697,2.));
#2316 = VERTEX_POINT('',#2317);
#2317 = CARTESIAN_POINT('',(-19.10955926409,-4.988711730697,2.));
#2318 = SURFACE_CURVE('',#2319,(#2324,#2336),.PCURVE_S1.);
#2319 = CIRCLE('',#2320,19.75);
#2320 = AXIS2_PLACEMENT_3D('',#2321,#2322,#2323);
#2321 = CARTESIAN_POINT('',(1.68963590567E-17,-1.267887164544E-16,2.));
#2322 = DIRECTION('',(8.44817952835E-18,-6.339435822721E-17,1.));
#2323 = DIRECTION('',(0.967572620967,0.252592999023,7.838743857083E-18)
  );
#2324 = PCURVE('',#2325,#2330);
#2325 = CYLINDRICAL_SURFACE('',#2326,19.75);
#2326 = AXIS2_PLACEMENT_3D('',#2327,#2328,#2329);
#2327 = CARTESIAN_POINT('',(1.68963590567E-17,-1.267887164544E-16,2.));
#2328 = DIRECTION('',(-8.44817952835E-18,6.339435822721E-17,-1.));
#2329 = DIRECTION('',(-0.967572620967,-0.252592999023,
    -7.838743857083E-18));
#2330 = DEFINITIONAL_REPRESENTATION('',(#2331),#2335);
#2331 = LINE('',#2332,#2333);
#2332 = CARTESIAN_POINT('',(3.14159265359,0.));
#2333 = VECTOR('',#2334,1.);
#2334 = DIRECTION('',(-1.,0.));
#2335 = ( GEOMETRIC_REPRESENTATION_CONTEXT(2) 
PARAMETRIC_REPRESENTATION_CONTEXT() REPRESENTATION_CONTEXT('2D SPACE',''
  ) );
#2336 = PCURVE('',#73,#2337);
#2337 = DEFINITIONAL_REPRESENTATION('',(#2338),#2342);
#2338 = CIRCLE('',#2339,19.75);
#2339 = AXIS2_PLACEMENT_2D('',#2340,#2341);
#2340 = CARTESIAN_POINT('',(0.,0.));
#2341 = DIRECTION('',(1.,0.));
#2342 = ( GEOMETRIC_REPRESENTATION_CONTEXT(2) 
PARAMETRIC_REPRESENTATION_CONTEXT() REPRESENTATION_CONTEXT('2D SPACE',''
  ) );
#2343 = ORIENTED_EDGE('',*,*,#2344,.T.);
#2344 = EDGE_CURVE('',#2314,#2345,#2347,.T.);
#2345 = VERTEX_POINT('',#2346);
#2346 = CARTESIAN_POINT('',(19.109559264096,4.988711730697,
    1.548151911774E-16));
#2347 = SURFACE_CURVE('',#2348,(#2352,#2359),.PCURVE_S1.);
#2348 = LINE('',#2349,#2350);
#2349 = CARTESIAN_POINT('',(19.109559264096,4.988711730697,2.));
#2350 = VECTOR('',#2351,1.);
#2351 = DIRECTION('',(-8.44817952835E-18,6.339435822721E-17,-1.));
#2352 = PCURVE('',#2325,#2353);
#2353 = DEFINITIONAL_REPRESENTATION('',(#2354),#2358);
#2354 = LINE('',#2355,#2356);
#2355 = CARTESIAN_POINT('',(3.14159265359,0.));
#2356 = VECTOR('',#2357,1.);
#2357 = DIRECTION('',(0.,1.));
#2358 = ( GEOMETRIC_REPRESENTATION_CONTEXT(2) 
PARAMETRIC_REPRESENTATION_CONTEXT() REPRESENTATION_CONTEXT('2D SPACE',''
  ) );
#2359 = PCURVE('',#2360,#2365);
#2360 = CYLINDRICAL_SURFACE('',#2361,19.75);
#2361 = AXIS2_PLACEMENT_3D('',#2362,#2363,#2364);
#2362 = CARTESIAN_POINT('',(1.68963590567E-17,-1.267887164544E-16,2.));
#2363 = DIRECTION('',(-8.44817952835E-18,6.339435822721E-17,-1.));
#2364 = DIRECTION('',(-0.967572620967,-0.252592999023,
    -7.838743857083E-18));
#2365 = DEFINITIONAL_REPRESENTATION('',(#2366),#2370);
#2366 = LINE('',#2367,#2368);
#2367 = CARTESIAN_POINT('',(3.14159265359,0.));
#2368 = VECTOR('',#2369,1.);
#2369 = DIRECTION('',(0.,1.));
#2370 = ( GEOMETRIC_REPRESENTATION_CONTEXT(2) 
PARAMETRIC_REPRESENTATION_CONTEXT() REPRESENTATION_CONTEXT('2D SPACE',''
  ) );
#2371 = ORIENTED_EDGE('',*,*,#2372,.T.);
#2372 = EDGE_CURVE('',#2345,#2373,#2375,.T.);
#2373 = VERTEX_POINT('',#2374);
#2374 = CARTESIAN_POINT('',(-19.10955926409,-4.988711730697,
    -1.548151911774E-16));
#2375 = SURFACE_CURVE('',#2376,(#2381,#2388),.PCURVE_S1.);
#2376 = CIRCLE('',#2377,19.75);
#2377 = AXIS2_PLACEMENT_3D('',#2378,#2379,#2380);
#2378 = CARTESIAN_POINT('',(0.,0.,0.));
#2379 = DIRECTION('',(8.44817952835E-18,-6.339435822721E-17,1.));
#2380 = DIRECTION('',(0.967572620967,0.252592999023,7.838743857083E-18)
  );
#2381 = PCURVE('',#2325,#2382);
#2382 = DEFINITIONAL_REPRESENTATION('',(#2383),#2387);
#2383 = LINE('',#2384,#2385);
#2384 = CARTESIAN_POINT('',(3.14159265359,2.));
#2385 = VECTOR('',#2386,1.);
#2386 = DIRECTION('',(-1.,0.));
#2387 = ( GEOMETRIC_REPRESENTATION_CONTEXT(2) 
PARAMETRIC_REPRESENTATION_CONTEXT() REPRESENTATION_CONTEXT('2D SPACE',''
  ) );
#2388 = PCURVE('',#2389,#2394);
#2389 = PLANE('',#2390);
#2390 = AXIS2_PLACEMENT_3D('',#2391,#2392,#2393);
#2391 = CARTESIAN_POINT('',(0.,0.,0.));
#2392 = DIRECTION('',(8.44817952835E-18,-6.339435822721E-17,1.));
#2393 = DIRECTION('',(0.967572620967,0.252592999023,7.838743857083E-18)
  );
#2394 = DEFINITIONAL_REPRESENTATION('',(#2395),#2399);
#2395 = CIRCLE('',#2396,19.75);
#2396 = AXIS2_PLACEMENT_2D('',#2397,#2398);
#2397 = CARTESIAN_POINT('',(0.,0.));
#2398 = DIRECTION('',(1.,0.));
#2399 = ( GEOMETRIC_REPRESENTATION_CONTEXT(2) 
PARAMETRIC_REPRESENTATION_CONTEXT() REPRESENTATION_CONTEXT('2D SPACE',''
  ) );
#2400 = ORIENTED_EDGE('',*,*,#2401,.F.);
#2401 = EDGE_CURVE('',#2316,#2373,#2402,.T.);
#2402 = SURFACE_CURVE('',#2403,(#2407,#2414),.PCURVE_S1.);
#2403 = LINE('',#2404,#2405);
#2404 = CARTESIAN_POINT('',(-19.10955926409,-4.988711730697,2.));
#2405 = VECTOR('',#2406,1.);
#2406 = DIRECTION('',(-8.44817952835E-18,6.339435822721E-17,-1.));
#2407 = PCURVE('',#2325,#2408);
#2408 = DEFINITIONAL_REPRESENTATION('',(#2409),#2413);
#2409 = LINE('',#2410,#2411);
#2410 = CARTESIAN_POINT('',(0.,0.));
#2411 = VECTOR('',#2412,1.);
#2412 = DIRECTION('',(0.,1.));
#2413 = ( GEOMETRIC_REPRESENTATION_CONTEXT(2) 
PARAMETRIC_REPRESENTATION_CONTEXT() REPRESENTATION_CONTEXT('2D SPACE',''
  ) );
#2414 = PCURVE('',#2360,#2415);
#2415 = DEFINITIONAL_REPRESENTATION('',(#2416),#2420);
#2416 = LINE('',#2417,#2418);
#2417 = CARTESIAN_POINT('',(6.28318530718,0.));
#2418 = VECTOR('',#2419,1.);
#2419 = DIRECTION('',(0.,1.));
#2420 = ( GEOMETRIC_REPRESENTATION_CONTEXT(2) 
PARAMETRIC_REPRESENTATION_CONTEXT() REPRESENTATION_CONTEXT('2D SPACE',''
  ) );
#2421 = ADVANCED_FACE('',(#2422),#2437,.T.);
#2422 = FACE_BOUND('',#2423,.T.);
#2423 = EDGE_LOOP('',(#2424,#2455,#2483,#2507));
#2424 = ORIENTED_EDGE('',*,*,#2425,.T.);
#2425 = EDGE_CURVE('',#2426,#2428,#2430,.T.);
#2426 = VERTEX_POINT('',#2427);
#2427 = CARTESIAN_POINT('',(16.932520866921,4.420377482896,-5.));
#2428 = VERTEX_POINT('',#2429);
#2429 = CARTESIAN_POINT('',(-16.93252086692,-4.420377482896,-5.));
#2430 = SURFACE_CURVE('',#2431,(#2436,#2448),.PCURVE_S1.);
#2431 = CIRCLE('',#2432,17.5);
#2432 = AXIS2_PLACEMENT_3D('',#2433,#2434,#2435);
#2433 = CARTESIAN_POINT('',(-4.224089764175E-17,3.169717911361E-16,-5.)
  );
#2434 = DIRECTION('',(8.44817952835E-18,-6.339435822721E-17,1.));
#2435 = DIRECTION('',(0.967572620967,0.252592999023,7.838743857083E-18)
  );
#2436 = PCURVE('',#2437,#2442);
#2437 = CYLINDRICAL_SURFACE('',#2438,17.5);
#2438 = AXIS2_PLACEMENT_3D('',#2439,#2440,#2441);
#2439 = CARTESIAN_POINT('',(-4.224089764175E-17,3.169717911361E-16,-5.)
  );
#2440 = DIRECTION('',(8.44817952835E-18,-6.339435822721E-17,1.));
#2441 = DIRECTION('',(0.967572620967,0.252592999023,7.838743857083E-18)
  );
#2442 = DEFINITIONAL_REPRESENTATION('',(#2443),#2447);
#2443 = LINE('',#2444,#2445);
#2444 = CARTESIAN_POINT('',(0.,0.));
#2445 = VECTOR('',#2446,1.);
#2446 = DIRECTION('',(1.,0.));
#2447 = ( GEOMETRIC_REPRESENTATION_CONTEXT(2) 
PARAMETRIC_REPRESENTATION_CONTEXT() REPRESENTATION_CONTEXT('2D SPACE',''
  ) );
#2448 = PCURVE('',#1475,#2449);
#2449 = DEFINITIONAL_REPRESENTATION('',(#2450),#2454);
#2450 = CIRCLE('',#2451,17.5);
#2451 = AXIS2_PLACEMENT_2D('',#2452,#2453);
#2452 = CARTESIAN_POINT('',(0.,0.));
#2453 = DIRECTION('',(1.,0.));
#2454 = ( GEOMETRIC_REPRESENTATION_CONTEXT(2) 
PARAMETRIC_REPRESENTATION_CONTEXT() REPRESENTATION_CONTEXT('2D SPACE',''
  ) );
#2455 = ORIENTED_EDGE('',*,*,#2456,.T.);
#2456 = EDGE_CURVE('',#2428,#2457,#2459,.T.);
#2457 = VERTEX_POINT('',#2458);
#2458 = CARTESIAN_POINT('',(-16.93252086692,-4.420377482896,
    -1.37178017499E-16));
#2459 = SURFACE_CURVE('',#2460,(#2464,#2471),.PCURVE_S1.);
#2460 = LINE('',#2461,#2462);
#2461 = CARTESIAN_POINT('',(-16.93252086692,-4.420377482896,-5.));
#2462 = VECTOR('',#2463,1.);
#2463 = DIRECTION('',(8.44817952835E-18,-6.339435822721E-17,1.));
#2464 = PCURVE('',#2437,#2465);
#2465 = DEFINITIONAL_REPRESENTATION('',(#2466),#2470);
#2466 = LINE('',#2467,#2468);
#2467 = CARTESIAN_POINT('',(3.14159265359,0.));
#2468 = VECTOR('',#2469,1.);
#2469 = DIRECTION('',(0.,1.));
#2470 = ( GEOMETRIC_REPRESENTATION_CONTEXT(2) 
PARAMETRIC_REPRESENTATION_CONTEXT() REPRESENTATION_CONTEXT('2D SPACE',''
  ) );
#2471 = PCURVE('',#2472,#2477);
#2472 = CYLINDRICAL_SURFACE('',#2473,17.5);
#2473 = AXIS2_PLACEMENT_3D('',#2474,#2475,#2476);
#2474 = CARTESIAN_POINT('',(-4.224089764175E-17,3.169717911361E-16,-5.)
  );
#2475 = DIRECTION('',(8.44817952835E-18,-6.339435822721E-17,1.));
#2476 = DIRECTION('',(0.967572620967,0.252592999023,7.838743857083E-18)
  );
#2477 = DEFINITIONAL_REPRESENTATION('',(#2478),#2482);
#2478 = LINE('',#2479,#2480);
#2479 = CARTESIAN_POINT('',(3.14159265359,0.));
#2480 = VECTOR('',#2481,1.);
#2481 = DIRECTION('',(0.,1.));
#2482 = ( GEOMETRIC_REPRESENTATION_CONTEXT(2) 
PARAMETRIC_REPRESENTATION_CONTEXT() REPRESENTATION_CONTEXT('2D SPACE',''
  ) );
#2483 = ORIENTED_EDGE('',*,*,#2484,.F.);
#2484 = EDGE_CURVE('',#2485,#2457,#2487,.T.);
#2485 = VERTEX_POINT('',#2486);
#2486 = CARTESIAN_POINT('',(16.932520866921,4.420377482896,
    1.37178017499E-16));
#2487 = SURFACE_CURVE('',#2488,(#2493,#2500),.PCURVE_S1.);
#2488 = CIRCLE('',#2489,17.5);
#2489 = AXIS2_PLACEMENT_3D('',#2490,#2491,#2492);
#2490 = CARTESIAN_POINT('',(0.,0.,0.));
#2491 = DIRECTION('',(8.44817952835E-18,-6.339435822721E-17,1.));
#2492 = DIRECTION('',(0.967572620967,0.252592999023,7.838743857083E-18)
  );
#2493 = PCURVE('',#2437,#2494);
#2494 = DEFINITIONAL_REPRESENTATION('',(#2495),#2499);
#2495 = LINE('',#2496,#2497);
#2496 = CARTESIAN_POINT('',(0.,5.));
#2497 = VECTOR('',#2498,1.);
#2498 = DIRECTION('',(1.,0.));
#2499 = ( GEOMETRIC_REPRESENTATION_CONTEXT(2) 
PARAMETRIC_REPRESENTATION_CONTEXT() REPRESENTATION_CONTEXT('2D SPACE',''
  ) );
#2500 = PCURVE('',#2389,#2501);
#2501 = DEFINITIONAL_REPRESENTATION('',(#2502),#2506);
#2502 = CIRCLE('',#2503,17.5);
#2503 = AXIS2_PLACEMENT_2D('',#2504,#2505);
#2504 = CARTESIAN_POINT('',(0.,0.));
#2505 = DIRECTION('',(1.,0.));
#2506 = ( GEOMETRIC_REPRESENTATION_CONTEXT(2) 
PARAMETRIC_REPRESENTATION_CONTEXT() REPRESENTATION_CONTEXT('2D SPACE',''
  ) );
#2507 = ORIENTED_EDGE('',*,*,#2508,.F.);
#2508 = EDGE_CURVE('',#2426,#2485,#2509,.T.);
#2509 = SURFACE_CURVE('',#2510,(#2514,#2521),.PCURVE_S1.);
#2510 = LINE('',#2511,#2512);
#2511 = CARTESIAN_POINT('',(16.932520866921,4.420377482896,-5.));
#2512 = VECTOR('',#2513,1.);
#2513 = DIRECTION('',(8.44817952835E-18,-6.339435822721E-17,1.));
#2514 = PCURVE('',#2437,#2515);
#2515 = DEFINITIONAL_REPRESENTATION('',(#2516),#2520);
#2516 = LINE('',#2517,#2518);
#2517 = CARTESIAN_POINT('',(0.,0.));
#2518 = VECTOR('',#2519,1.);
#2519 = DIRECTION('',(0.,1.));
#2520 = ( GEOMETRIC_REPRESENTATION_CONTEXT(2) 
PARAMETRIC_REPRESENTATION_CONTEXT() REPRESENTATION_CONTEXT('2D SPACE',''
  ) );
#2521 = PCURVE('',#2472,#2522);
#2522 = DEFINITIONAL_REPRESENTATION('',(#2523),#2527);
#2523 = LINE('',#2524,#2525);
#2524 = CARTESIAN_POINT('',(6.28318530718,0.));
#2525 = VECTOR('',#2526,1.);
#2526 = DIRECTION('',(0.,1.));
#2527 = ( GEOMETRIC_REPRESENTATION_CONTEXT(2) 
PARAMETRIC_REPRESENTATION_CONTEXT() REPRESENTATION_CONTEXT('2D SPACE',''
  ) );
#2528 = ADVANCED_FACE('',(#2529),#2472,.T.);
#2529 = FACE_BOUND('',#2530,.T.);
#2530 = EDGE_LOOP('',(#2531,#2532,#2554,#2555));
#2531 = ORIENTED_EDGE('',*,*,#2456,.F.);
#2532 = ORIENTED_EDGE('',*,*,#2533,.T.);
#2533 = EDGE_CURVE('',#2428,#2426,#2534,.T.);
#2534 = SURFACE_CURVE('',#2535,(#2540,#2547),.PCURVE_S1.);
#2535 = CIRCLE('',#2536,17.5);
#2536 = AXIS2_PLACEMENT_3D('',#2537,#2538,#2539);
#2537 = CARTESIAN_POINT('',(-4.224089764175E-17,3.169717911361E-16,-5.)
  );
#2538 = DIRECTION('',(8.44817952835E-18,-6.339435822721E-17,1.));
#2539 = DIRECTION('',(0.967572620967,0.252592999023,7.838743857083E-18)
  );
#2540 = PCURVE('',#2472,#2541);
#2541 = DEFINITIONAL_REPRESENTATION('',(#2542),#2546);
#2542 = LINE('',#2543,#2544);
#2543 = CARTESIAN_POINT('',(0.,0.));
#2544 = VECTOR('',#2545,1.);
#2545 = DIRECTION('',(1.,0.));
#2546 = ( GEOMETRIC_REPRESENTATION_CONTEXT(2) 
PARAMETRIC_REPRESENTATION_CONTEXT() REPRESENTATION_CONTEXT('2D SPACE',''
  ) );
#2547 = PCURVE('',#1475,#2548);
#2548 = DEFINITIONAL_REPRESENTATION('',(#2549),#2553);
#2549 = CIRCLE('',#2550,17.5);
#2550 = AXIS2_PLACEMENT_2D('',#2551,#2552);
#2551 = CARTESIAN_POINT('',(0.,0.));
#2552 = DIRECTION('',(1.,0.));
#2553 = ( GEOMETRIC_REPRESENTATION_CONTEXT(2) 
PARAMETRIC_REPRESENTATION_CONTEXT() REPRESENTATION_CONTEXT('2D SPACE',''
  ) );
#2554 = ORIENTED_EDGE('',*,*,#2508,.T.);
#2555 = ORIENTED_EDGE('',*,*,#2556,.F.);
#2556 = EDGE_CURVE('',#2457,#2485,#2557,.T.);
#2557 = SURFACE_CURVE('',#2558,(#2563,#2570),.PCURVE_S1.);
#2558 = CIRCLE('',#2559,17.5);
#2559 = AXIS2_PLACEMENT_3D('',#2560,#2561,#2562);
#2560 = CARTESIAN_POINT('',(0.,0.,0.));
#2561 = DIRECTION('',(8.44817952835E-18,-6.339435822721E-17,1.));
#2562 = DIRECTION('',(0.967572620967,0.252592999023,7.838743857083E-18)
  );
#2563 = PCURVE('',#2472,#2564);
#2564 = DEFINITIONAL_REPRESENTATION('',(#2565),#2569);
#2565 = LINE('',#2566,#2567);
#2566 = CARTESIAN_POINT('',(0.,5.));
#2567 = VECTOR('',#2568,1.);
#2568 = DIRECTION('',(1.,0.));
#2569 = ( GEOMETRIC_REPRESENTATION_CONTEXT(2) 
PARAMETRIC_REPRESENTATION_CONTEXT() REPRESENTATION_CONTEXT('2D SPACE',''
  ) );
#2570 = PCURVE('',#2389,#2571);
#2571 = DEFINITIONAL_REPRESENTATION('',(#2572),#2576);
#2572 = CIRCLE('',#2573,17.5);
#2573 = AXIS2_PLACEMENT_2D('',#2574,#2575);
#2574 = CARTESIAN_POINT('',(0.,0.));
#2575 = DIRECTION('',(1.,0.));
#2576 = ( GEOMETRIC_REPRESENTATION_CONTEXT(2) 
PARAMETRIC_REPRESENTATION_CONTEXT() REPRESENTATION_CONTEXT('2D SPACE',''
  ) );
#2577 = ADVANCED_FACE('',(#2578,#2603,#2628,#2657,#2686,#2711,#2740),
  #1475,.F.);
#2578 = FACE_BOUND('',#2579,.T.);
#2579 = EDGE_LOOP('',(#2580,#2602));
#2580 = ORIENTED_EDGE('',*,*,#2581,.T.);
#2581 = EDGE_CURVE('',#1409,#1438,#2582,.T.);
#2582 = SURFACE_CURVE('',#2583,(#2588,#2595),.PCURVE_S1.);
#2583 = CIRCLE('',#2584,2.);
#2584 = AXIS2_PLACEMENT_3D('',#2585,#2586,#2587);
#2585 = CARTESIAN_POINT('',(3.536301986317,-13.54601669353,-5.));
#2586 = DIRECTION('',(8.44817952835E-18,-6.339435822721E-17,1.));
#2587 = DIRECTION('',(0.967572620967,0.252592999023,7.838743857083E-18)
  );
#2588 = PCURVE('',#1475,#2589);
#2589 = DEFINITIONAL_REPRESENTATION('',(#2590),#2594);
#2590 = CIRCLE('',#2591,2.);
#2591 = AXIS2_PLACEMENT_2D('',#2592,#2593);
#2592 = CARTESIAN_POINT('',(-9.367506770275E-14,-14.));
#2593 = DIRECTION('',(1.,0.));
#2594 = ( GEOMETRIC_REPRESENTATION_CONTEXT(2) 
PARAMETRIC_REPRESENTATION_CONTEXT() REPRESENTATION_CONTEXT('2D SPACE',''
  ) );
#2595 = PCURVE('',#1424,#2596);
#2596 = DEFINITIONAL_REPRESENTATION('',(#2597),#2601);
#2597 = LINE('',#2598,#2599);
#2598 = CARTESIAN_POINT('',(0.,5.));
#2599 = VECTOR('',#2600,1.);
#2600 = DIRECTION('',(1.,0.));
#2601 = ( GEOMETRIC_REPRESENTATION_CONTEXT(2) 
PARAMETRIC_REPRESENTATION_CONTEXT() REPRESENTATION_CONTEXT('2D SPACE',''
  ) );
#2602 = ORIENTED_EDGE('',*,*,#1460,.T.);
#2603 = FACE_BOUND('',#2604,.T.);
#2604 = EDGE_LOOP('',(#2605,#2627));
#2605 = ORIENTED_EDGE('',*,*,#2606,.T.);
#2606 = EDGE_CURVE('',#1491,#1520,#2607,.T.);
#2607 = SURFACE_CURVE('',#2608,(#2613,#2620),.PCURVE_S1.);
#2608 = CIRCLE('',#2609,2.);
#2609 = AXIS2_PLACEMENT_3D('',#2610,#2611,#2612);
#2610 = CARTESIAN_POINT('',(9.963043583532,9.835535702372,-5.));
#2611 = DIRECTION('',(8.44817952835E-18,-6.339435822721E-17,1.));
#2612 = DIRECTION('',(0.967572620967,0.252592999023,7.838743857083E-18)
  );
#2613 = PCURVE('',#1475,#2614);
#2614 = DEFINITIONAL_REPRESENTATION('',(#2615),#2619);
#2615 = CIRCLE('',#2616,2.);
#2616 = AXIS2_PLACEMENT_2D('',#2617,#2618);
#2617 = CARTESIAN_POINT('',(12.124355652982,7.));
#2618 = DIRECTION('',(1.,0.));
#2619 = ( GEOMETRIC_REPRESENTATION_CONTEXT(2) 
PARAMETRIC_REPRESENTATION_CONTEXT() REPRESENTATION_CONTEXT('2D SPACE',''
  ) );
#2620 = PCURVE('',#1506,#2621);
#2621 = DEFINITIONAL_REPRESENTATION('',(#2622),#2626);
#2622 = LINE('',#2623,#2624);
#2623 = CARTESIAN_POINT('',(0.,5.));
#2624 = VECTOR('',#2625,1.);
#2625 = DIRECTION('',(1.,0.));
#2626 = ( GEOMETRIC_REPRESENTATION_CONTEXT(2) 
PARAMETRIC_REPRESENTATION_CONTEXT() REPRESENTATION_CONTEXT('2D SPACE',''
  ) );
#2627 = ORIENTED_EDGE('',*,*,#1542,.T.);
#2628 = FACE_BOUND('',#2629,.T.);
#2629 = EDGE_LOOP('',(#2630,#2656));
#2630 = ORIENTED_EDGE('',*,*,#2631,.F.);
#2631 = EDGE_CURVE('',#1851,#1823,#2632,.T.);
#2632 = SURFACE_CURVE('',#2633,(#2638,#2649),.PCURVE_S1.);
#2633 = CIRCLE('',#2634,4.);
#2634 = AXIS2_PLACEMENT_3D('',#2635,#2636,#2637);
#2635 = CARTESIAN_POINT('',(-8.539751643028,-8.430459173462,-5.));
#2636 = DIRECTION('',(-8.44817952835E-18,6.339435822721E-17,-1.));
#2637 = DIRECTION('',(0.967572620967,0.252592999023,7.838743857083E-18)
  );
#2638 = PCURVE('',#1475,#2639);
#2639 = DEFINITIONAL_REPRESENTATION('',(#2640),#2648);
#2640 = ( BOUNDED_CURVE() B_SPLINE_CURVE(2,(#2641,#2642,#2643,#2644,
#2645,#2646,#2647),.UNSPECIFIED.,.T.,.F.) B_SPLINE_CURVE_WITH_KNOTS((1,2
    ,2,2,2,1),(-2.094395102393,0.,2.094395102393,4.188790204786,
6.28318530718,8.377580409573),.UNSPECIFIED.) CURVE() 
GEOMETRIC_REPRESENTATION_ITEM() RATIONAL_B_SPLINE_CURVE((1.,0.5,1.,0.5,
1.,0.5,1.)) REPRESENTATION_ITEM('') );
#2641 = CARTESIAN_POINT('',(-6.392304845413,-6.));
#2642 = CARTESIAN_POINT('',(-6.392304845413,-12.92820323027));
#2643 = CARTESIAN_POINT('',(-12.39230484541,-9.464101615138));
#2644 = CARTESIAN_POINT('',(-18.39230484541,-6.));
#2645 = CARTESIAN_POINT('',(-12.39230484541,-2.535898384862));
#2646 = CARTESIAN_POINT('',(-6.392304845413,0.928203230276));
#2647 = CARTESIAN_POINT('',(-6.392304845413,-6.));
#2648 = ( GEOMETRIC_REPRESENTATION_CONTEXT(2) 
PARAMETRIC_REPRESENTATION_CONTEXT() REPRESENTATION_CONTEXT('2D SPACE',''
  ) );
#2649 = PCURVE('',#1838,#2650);
#2650 = DEFINITIONAL_REPRESENTATION('',(#2651),#2655);
#2651 = LINE('',#2652,#2653);
#2652 = CARTESIAN_POINT('',(6.28318530718,0.5));
#2653 = VECTOR('',#2654,1.);
#2654 = DIRECTION('',(-1.,0.));
#2655 = ( GEOMETRIC_REPRESENTATION_CONTEXT(2) 
PARAMETRIC_REPRESENTATION_CONTEXT() REPRESENTATION_CONTEXT('2D SPACE',''
  ) );
#2656 = ORIENTED_EDGE('',*,*,#1850,.F.);
#2657 = FACE_BOUND('',#2658,.T.);
#2658 = EDGE_LOOP('',(#2659,#2685));
#2659 = ORIENTED_EDGE('',*,*,#2660,.F.);
#2660 = EDGE_CURVE('',#1962,#1934,#2661,.T.);
#2661 = SURFACE_CURVE('',#2662,(#2667,#2678),.PCURVE_S1.);
#2662 = CIRCLE('',#2663,4.);
#2663 = AXIS2_PLACEMENT_3D('',#2664,#2665,#2666);
#2664 = CARTESIAN_POINT('',(11.570867631299,-3.180412278141,-5.));
#2665 = DIRECTION('',(-8.44817952835E-18,6.339435822721E-17,-1.));
#2666 = DIRECTION('',(0.967572620967,0.252592999023,7.838743857083E-18)
  );
#2667 = PCURVE('',#1475,#2668);
#2668 = DEFINITIONAL_REPRESENTATION('',(#2669),#2677);
#2669 = ( BOUNDED_CURVE() B_SPLINE_CURVE(2,(#2670,#2671,#2672,#2673,
#2674,#2675,#2676),.UNSPECIFIED.,.T.,.F.) B_SPLINE_CURVE_WITH_KNOTS((1,2
    ,2,2,2,1),(-2.094395102393,0.,2.094395102393,4.188790204786,
6.28318530718,8.377580409573),.UNSPECIFIED.) CURVE() 
GEOMETRIC_REPRESENTATION_ITEM() RATIONAL_B_SPLINE_CURVE((1.,0.5,1.,0.5,
1.,0.5,1.)) REPRESENTATION_ITEM('') );
#2670 = CARTESIAN_POINT('',(14.392304845413,-6.));
#2671 = CARTESIAN_POINT('',(14.392304845413,-12.92820323027));
#2672 = CARTESIAN_POINT('',(8.392304845413,-9.464101615138));
#2673 = CARTESIAN_POINT('',(2.392304845413,-6.));
#2674 = CARTESIAN_POINT('',(8.392304845413,-2.535898384862));
#2675 = CARTESIAN_POINT('',(14.392304845413,0.928203230275));
#2676 = CARTESIAN_POINT('',(14.392304845413,-6.));
#2677 = ( GEOMETRIC_REPRESENTATION_CONTEXT(2) 
PARAMETRIC_REPRESENTATION_CONTEXT() REPRESENTATION_CONTEXT('2D SPACE',''
  ) );
#2678 = PCURVE('',#1949,#2679);
#2679 = DEFINITIONAL_REPRESENTATION('',(#2680),#2684);
#2680 = LINE('',#2681,#2682);
#2681 = CARTESIAN_POINT('',(6.28318530718,0.5));
#2682 = VECTOR('',#2683,1.);
#2683 = DIRECTION('',(-1.,0.));
#2684 = ( GEOMETRIC_REPRESENTATION_CONTEXT(2) 
PARAMETRIC_REPRESENTATION_CONTEXT() REPRESENTATION_CONTEXT('2D SPACE',''
  ) );
#2685 = ORIENTED_EDGE('',*,*,#1961,.F.);
#2686 = FACE_BOUND('',#2687,.T.);
#2687 = EDGE_LOOP('',(#2688,#2710));
#2688 = ORIENTED_EDGE('',*,*,#2689,.T.);
#2689 = EDGE_CURVE('',#2014,#2043,#2690,.T.);
#2690 = SURFACE_CURVE('',#2691,(#2696,#2703),.PCURVE_S1.);
#2691 = CIRCLE('',#2692,2.);
#2692 = AXIS2_PLACEMENT_3D('',#2693,#2694,#2695);
#2693 = CARTESIAN_POINT('',(-13.49934556984,3.710480991164,-5.));
#2694 = DIRECTION('',(8.44817952835E-18,-6.339435822721E-17,1.));
#2695 = DIRECTION('',(0.967572620967,0.252592999023,7.838743857083E-18)
  );
#2696 = PCURVE('',#1475,#2697);
#2697 = DEFINITIONAL_REPRESENTATION('',(#2698),#2702);
#2698 = CIRCLE('',#2699,2.);
#2699 = AXIS2_PLACEMENT_2D('',#2700,#2701);
#2700 = CARTESIAN_POINT('',(-12.12435565298,7.));
#2701 = DIRECTION('',(1.,0.));
#2702 = ( GEOMETRIC_REPRESENTATION_CONTEXT(2) 
PARAMETRIC_REPRESENTATION_CONTEXT() REPRESENTATION_CONTEXT('2D SPACE',''
  ) );
#2703 = PCURVE('',#2029,#2704);
#2704 = DEFINITIONAL_REPRESENTATION('',(#2705),#2709);
#2705 = LINE('',#2706,#2707);
#2706 = CARTESIAN_POINT('',(0.,5.));
#2707 = VECTOR('',#2708,1.);
#2708 = DIRECTION('',(1.,0.));
#2709 = ( GEOMETRIC_REPRESENTATION_CONTEXT(2) 
PARAMETRIC_REPRESENTATION_CONTEXT() REPRESENTATION_CONTEXT('2D SPACE',''
  ) );
#2710 = ORIENTED_EDGE('',*,*,#2065,.T.);
#2711 = FACE_BOUND('',#2712,.T.);
#2712 = EDGE_LOOP('',(#2713,#2739));
#2713 = ORIENTED_EDGE('',*,*,#2714,.F.);
#2714 = EDGE_CURVE('',#2262,#2234,#2715,.T.);
#2715 = SURFACE_CURVE('',#2716,(#2721,#2732),.PCURVE_S1.);
#2716 = CIRCLE('',#2717,4.);
#2717 = AXIS2_PLACEMENT_3D('',#2718,#2719,#2720);
#2718 = CARTESIAN_POINT('',(-3.031115988272,11.610871451603,-5.));
#2719 = DIRECTION('',(-8.44817952835E-18,6.339435822721E-17,-1.));
#2720 = DIRECTION('',(0.967572620967,0.252592999023,7.838743857083E-18)
  );
#2721 = PCURVE('',#1475,#2722);
#2722 = DEFINITIONAL_REPRESENTATION('',(#2723),#2731);
#2723 = ( BOUNDED_CURVE() B_SPLINE_CURVE(2,(#2724,#2725,#2726,#2727,
#2728,#2729,#2730),.UNSPECIFIED.,.T.,.F.) B_SPLINE_CURVE_WITH_KNOTS((1,2
    ,2,2,2,1),(-2.094395102393,0.,2.094395102393,4.188790204786,
6.28318530718,8.377580409573),.UNSPECIFIED.) CURVE() 
GEOMETRIC_REPRESENTATION_ITEM() RATIONAL_B_SPLINE_CURVE((1.,0.5,1.,0.5,
1.,0.5,1.)) REPRESENTATION_ITEM('') );
#2724 = CARTESIAN_POINT('',(4.,12.));
#2725 = CARTESIAN_POINT('',(4.,5.071796769724));
#2726 = CARTESIAN_POINT('',(-2.,8.535898384862));
#2727 = CARTESIAN_POINT('',(-8.,12.));
#2728 = CARTESIAN_POINT('',(-2.,15.464101615138));
#2729 = CARTESIAN_POINT('',(4.,18.928203230276));
#2730 = CARTESIAN_POINT('',(4.,12.));
#2731 = ( GEOMETRIC_REPRESENTATION_CONTEXT(2) 
PARAMETRIC_REPRESENTATION_CONTEXT() REPRESENTATION_CONTEXT('2D SPACE',''
  ) );
#2732 = PCURVE('',#2249,#2733);
#2733 = DEFINITIONAL_REPRESENTATION('',(#2734),#2738);
#2734 = LINE('',#2735,#2736);
#2735 = CARTESIAN_POINT('',(6.28318530718,0.5));
#2736 = VECTOR('',#2737,1.);
#2737 = DIRECTION('',(-1.,0.));
#2738 = ( GEOMETRIC_REPRESENTATION_CONTEXT(2) 
PARAMETRIC_REPRESENTATION_CONTEXT() REPRESENTATION_CONTEXT('2D SPACE',''
  ) );
#2739 = ORIENTED_EDGE('',*,*,#2261,.F.);
#2740 = FACE_BOUND('',#2741,.T.);
#2741 = EDGE_LOOP('',(#2742,#2743));
#2742 = ORIENTED_EDGE('',*,*,#2425,.F.);
#2743 = ORIENTED_EDGE('',*,*,#2533,.F.);
#2744 = ADVANCED_FACE('',(#2745),#2360,.T.);
#2745 = FACE_BOUND('',#2746,.T.);
#2746 = EDGE_LOOP('',(#2747,#2748,#2770,#2771));
#2747 = ORIENTED_EDGE('',*,*,#2344,.F.);
#2748 = ORIENTED_EDGE('',*,*,#2749,.F.);
#2749 = EDGE_CURVE('',#2316,#2314,#2750,.T.);
#2750 = SURFACE_CURVE('',#2751,(#2756,#2763),.PCURVE_S1.);
#2751 = CIRCLE('',#2752,19.75);
#2752 = AXIS2_PLACEMENT_3D('',#2753,#2754,#2755);
#2753 = CARTESIAN_POINT('',(1.68963590567E-17,-1.267887164544E-16,2.));
#2754 = DIRECTION('',(8.44817952835E-18,-6.339435822721E-17,1.));
#2755 = DIRECTION('',(0.967572620967,0.252592999023,7.838743857083E-18)
  );
#2756 = PCURVE('',#2360,#2757);
#2757 = DEFINITIONAL_REPRESENTATION('',(#2758),#2762);
#2758 = LINE('',#2759,#2760);
#2759 = CARTESIAN_POINT('',(9.424777960769,0.));
#2760 = VECTOR('',#2761,1.);
#2761 = DIRECTION('',(-1.,0.));
#2762 = ( GEOMETRIC_REPRESENTATION_CONTEXT(2) 
PARAMETRIC_REPRESENTATION_CONTEXT() REPRESENTATION_CONTEXT('2D SPACE',''
  ) );
#2763 = PCURVE('',#73,#2764);
#2764 = DEFINITIONAL_REPRESENTATION('',(#2765),#2769);
#2765 = CIRCLE('',#2766,19.75);
#2766 = AXIS2_PLACEMENT_2D('',#2767,#2768);
#2767 = CARTESIAN_POINT('',(0.,0.));
#2768 = DIRECTION('',(1.,0.));
#2769 = ( GEOMETRIC_REPRESENTATION_CONTEXT(2) 
PARAMETRIC_REPRESENTATION_CONTEXT() REPRESENTATION_CONTEXT('2D SPACE',''
  ) );
#2770 = ORIENTED_EDGE('',*,*,#2401,.T.);
#2771 = ORIENTED_EDGE('',*,*,#2772,.T.);
#2772 = EDGE_CURVE('',#2373,#2345,#2773,.T.);
#2773 = SURFACE_CURVE('',#2774,(#2779,#2786),.PCURVE_S1.);
#2774 = CIRCLE('',#2775,19.75);
#2775 = AXIS2_PLACEMENT_3D('',#2776,#2777,#2778);
#2776 = CARTESIAN_POINT('',(0.,0.,0.));
#2777 = DIRECTION('',(8.44817952835E-18,-6.339435822721E-17,1.));
#2778 = DIRECTION('',(0.967572620967,0.252592999023,7.838743857083E-18)
  );
#2779 = PCURVE('',#2360,#2780);
#2780 = DEFINITIONAL_REPRESENTATION('',(#2781),#2785);
#2781 = LINE('',#2782,#2783);
#2782 = CARTESIAN_POINT('',(9.424777960769,2.));
#2783 = VECTOR('',#2784,1.);
#2784 = DIRECTION('',(-1.,0.));
#2785 = ( GEOMETRIC_REPRESENTATION_CONTEXT(2) 
PARAMETRIC_REPRESENTATION_CONTEXT() REPRESENTATION_CONTEXT('2D SPACE',''
  ) );
#2786 = PCURVE('',#2389,#2787);
#2787 = DEFINITIONAL_REPRESENTATION('',(#2788),#2792);
#2788 = CIRCLE('',#2789,19.75);
#2789 = AXIS2_PLACEMENT_2D('',#2790,#2791);
#2790 = CARTESIAN_POINT('',(0.,0.));
#2791 = DIRECTION('',(1.,0.));
#2792 = ( GEOMETRIC_REPRESENTATION_CONTEXT(2) 
PARAMETRIC_REPRESENTATION_CONTEXT() REPRESENTATION_CONTEXT('2D SPACE',''
  ) );
#2793 = ADVANCED_FACE('',(#2794,#2823,#2852,#2881,#2906,#2931,#2956,
    #2981,#3006,#3031,#3056,#3081,#3106),#73,.T.);
#2794 = FACE_BOUND('',#2795,.T.);
#2795 = EDGE_LOOP('',(#2796,#2797));
#2796 = ORIENTED_EDGE('',*,*,#293,.T.);
#2797 = ORIENTED_EDGE('',*,*,#2798,.T.);
#2798 = EDGE_CURVE('',#294,#261,#2799,.T.);
#2799 = SURFACE_CURVE('',#2800,(#2805,#2816),.PCURVE_S1.);
#2800 = CIRCLE('',#2801,4.5);
#2801 = AXIS2_PLACEMENT_3D('',#2802,#2803,#2804);
#2802 = CARTESIAN_POINT('',(3.536301986317,-13.54601669353,2.));
#2803 = DIRECTION('',(-8.44817952835E-18,6.339435822721E-17,-1.));
#2804 = DIRECTION('',(0.967572620967,0.252592999023,7.838743857083E-18)
  );
#2805 = PCURVE('',#73,#2806);
#2806 = DEFINITIONAL_REPRESENTATION('',(#2807),#2815);
#2807 = ( BOUNDED_CURVE() B_SPLINE_CURVE(2,(#2808,#2809,#2810,#2811,
#2812,#2813,#2814),.UNSPECIFIED.,.T.,.F.) B_SPLINE_CURVE_WITH_KNOTS((1,2
    ,2,2,2,1),(-2.094395102393,0.,2.094395102393,4.188790204786,
6.28318530718,8.377580409573),.UNSPECIFIED.) CURVE() 
GEOMETRIC_REPRESENTATION_ITEM() RATIONAL_B_SPLINE_CURVE((1.,0.5,1.,0.5,
1.,0.5,1.)) REPRESENTATION_ITEM('') );
#2808 = CARTESIAN_POINT('',(4.5,-14.));
#2809 = CARTESIAN_POINT('',(4.5,-21.79422863406));
#2810 = CARTESIAN_POINT('',(-2.25,-17.89711431703));
#2811 = CARTESIAN_POINT('',(-9.,-14.));
#2812 = CARTESIAN_POINT('',(-2.25,-10.10288568297));
#2813 = CARTESIAN_POINT('',(4.5,-6.20577136594));
#2814 = CARTESIAN_POINT('',(4.5,-14.));
#2815 = ( GEOMETRIC_REPRESENTATION_CONTEXT(2) 
PARAMETRIC_REPRESENTATION_CONTEXT() REPRESENTATION_CONTEXT('2D SPACE',''
  ) );
#2816 = PCURVE('',#281,#2817);
#2817 = DEFINITIONAL_REPRESENTATION('',(#2818),#2822);
#2818 = LINE('',#2819,#2820);
#2819 = CARTESIAN_POINT('',(6.28318530718,2.5));
#2820 = VECTOR('',#2821,1.);
#2821 = DIRECTION('',(-1.,0.));
#2822 = ( GEOMETRIC_REPRESENTATION_CONTEXT(2) 
PARAMETRIC_REPRESENTATION_CONTEXT() REPRESENTATION_CONTEXT('2D SPACE',''
  ) );
#2823 = FACE_BOUND('',#2824,.T.);
#2824 = EDGE_LOOP('',(#2825,#2826));
#2825 = ORIENTED_EDGE('',*,*,#177,.T.);
#2826 = ORIENTED_EDGE('',*,*,#2827,.T.);
#2827 = EDGE_CURVE('',#178,#145,#2828,.T.);
#2828 = SURFACE_CURVE('',#2829,(#2834,#2845),.PCURVE_S1.);
#2829 = CIRCLE('',#2830,4.5);
#2830 = AXIS2_PLACEMENT_3D('',#2831,#2832,#2833);
#2831 = CARTESIAN_POINT('',(-13.49934556984,3.710480991164,2.));
#2832 = DIRECTION('',(-8.44817952835E-18,6.339435822721E-17,-1.));
#2833 = DIRECTION('',(0.967572620967,0.252592999023,7.838743857083E-18)
  );
#2834 = PCURVE('',#73,#2835);
#2835 = DEFINITIONAL_REPRESENTATION('',(#2836),#2844);
#2836 = ( BOUNDED_CURVE() B_SPLINE_CURVE(2,(#2837,#2838,#2839,#2840,
#2841,#2842,#2843),.UNSPECIFIED.,.T.,.F.) B_SPLINE_CURVE_WITH_KNOTS((1,2
    ,2,2,2,1),(-2.094395102393,0.,2.094395102393,4.188790204786,
6.28318530718,8.377580409573),.UNSPECIFIED.) CURVE() 
GEOMETRIC_REPRESENTATION_ITEM() RATIONAL_B_SPLINE_CURVE((1.,0.5,1.,0.5,
1.,0.5,1.)) REPRESENTATION_ITEM('') );
#2837 = CARTESIAN_POINT('',(-7.624355652982,7.));
#2838 = CARTESIAN_POINT('',(-7.624355652982,-0.79422863406));
#2839 = CARTESIAN_POINT('',(-14.37435565298,3.10288568297));
#2840 = CARTESIAN_POINT('',(-21.12435565298,7.));
#2841 = CARTESIAN_POINT('',(-14.37435565298,10.89711431703));
#2842 = CARTESIAN_POINT('',(-7.624355652982,14.79422863406));
#2843 = CARTESIAN_POINT('',(-7.624355652982,7.));
#2844 = ( GEOMETRIC_REPRESENTATION_CONTEXT(2) 
PARAMETRIC_REPRESENTATION_CONTEXT() REPRESENTATION_CONTEXT('2D SPACE',''
  ) );
#2845 = PCURVE('',#165,#2846);
#2846 = DEFINITIONAL_REPRESENTATION('',(#2847),#2851);
#2847 = LINE('',#2848,#2849);
#2848 = CARTESIAN_POINT('',(6.28318530718,2.5));
#2849 = VECTOR('',#2850,1.);
#2850 = DIRECTION('',(-1.,-2.99865571093E-16));
#2851 = ( GEOMETRIC_REPRESENTATION_CONTEXT(2) 
PARAMETRIC_REPRESENTATION_CONTEXT() REPRESENTATION_CONTEXT('2D SPACE',''
  ) );
#2852 = FACE_BOUND('',#2853,.T.);
#2853 = EDGE_LOOP('',(#2854,#2855));
#2854 = ORIENTED_EDGE('',*,*,#56,.T.);
#2855 = ORIENTED_EDGE('',*,*,#2856,.T.);
#2856 = EDGE_CURVE('',#57,#24,#2857,.T.);
#2857 = SURFACE_CURVE('',#2858,(#2863,#2874),.PCURVE_S1.);
#2858 = CIRCLE('',#2859,4.5);
#2859 = AXIS2_PLACEMENT_3D('',#2860,#2861,#2862);
#2860 = CARTESIAN_POINT('',(9.963043583532,9.835535702372,2.));
#2861 = DIRECTION('',(-8.44817952835E-18,6.339435822721E-17,-1.));
#2862 = DIRECTION('',(0.967572620967,0.252592999023,7.838743857083E-18)
  );
#2863 = PCURVE('',#73,#2864);
#2864 = DEFINITIONAL_REPRESENTATION('',(#2865),#2873);
#2865 = ( BOUNDED_CURVE() B_SPLINE_CURVE(2,(#2866,#2867,#2868,#2869,
#2870,#2871,#2872),.UNSPECIFIED.,.T.,.F.) B_SPLINE_CURVE_WITH_KNOTS((1,2
    ,2,2,2,1),(-2.094395102393,0.,2.094395102393,4.188790204786,
6.28318530718,8.377580409573),.UNSPECIFIED.) CURVE() 
GEOMETRIC_REPRESENTATION_ITEM() RATIONAL_B_SPLINE_CURVE((1.,0.5,1.,0.5,
1.,0.5,1.)) REPRESENTATION_ITEM('') );
#2866 = CARTESIAN_POINT('',(16.624355652982,7.));
#2867 = CARTESIAN_POINT('',(16.624355652982,-0.79422863406));
#2868 = CARTESIAN_POINT('',(9.874355652982,3.10288568297));
#2869 = CARTESIAN_POINT('',(3.124355652982,7.));
#2870 = CARTESIAN_POINT('',(9.874355652982,10.89711431703));
#2871 = CARTESIAN_POINT('',(16.624355652982,14.79422863406));
#2872 = CARTESIAN_POINT('',(16.624355652982,7.));
#2873 = ( GEOMETRIC_REPRESENTATION_CONTEXT(2) 
PARAMETRIC_REPRESENTATION_CONTEXT() REPRESENTATION_CONTEXT('2D SPACE',''
  ) );
#2874 = PCURVE('',#44,#2875);
#2875 = DEFINITIONAL_REPRESENTATION('',(#2876),#2880);
#2876 = LINE('',#2877,#2878);
#2877 = CARTESIAN_POINT('',(6.28318530718,2.5));
#2878 = VECTOR('',#2879,1.);
#2879 = DIRECTION('',(-1.,-2.99865571093E-16));
#2880 = ( GEOMETRIC_REPRESENTATION_CONTEXT(2) 
PARAMETRIC_REPRESENTATION_CONTEXT() REPRESENTATION_CONTEXT('2D SPACE',''
  ) );
#2881 = FACE_BOUND('',#2882,.T.);
#2882 = EDGE_LOOP('',(#2883,#2905));
#2883 = ORIENTED_EDGE('',*,*,#2884,.F.);
#2884 = EDGE_CURVE('',#377,#410,#2885,.T.);
#2885 = SURFACE_CURVE('',#2886,(#2891,#2898),.PCURVE_S1.);
#2886 = CIRCLE('',#2887,1.25);
#2887 = AXIS2_PLACEMENT_3D('',#2888,#2889,#2890);
#2888 = CARTESIAN_POINT('',(-10.53807396682,10.674689553784,2.));
#2889 = DIRECTION('',(8.44817952835E-18,-6.339435822721E-17,1.));
#2890 = DIRECTION('',(0.967572620967,0.252592999023,7.838743857083E-18)
  );
#2891 = PCURVE('',#73,#2892);
#2892 = DEFINITIONAL_REPRESENTATION('',(#2893),#2897);
#2893 = CIRCLE('',#2894,1.25);
#2894 = AXIS2_PLACEMENT_2D('',#2895,#2896);
#2895 = CARTESIAN_POINT('',(-7.5,12.990381056767));
#2896 = DIRECTION('',(1.,0.));
#2897 = ( GEOMETRIC_REPRESENTATION_CONTEXT(2) 
PARAMETRIC_REPRESENTATION_CONTEXT() REPRESENTATION_CONTEXT('2D SPACE',''
  ) );
#2898 = PCURVE('',#397,#2899);
#2899 = DEFINITIONAL_REPRESENTATION('',(#2900),#2904);
#2900 = LINE('',#2901,#2902);
#2901 = CARTESIAN_POINT('',(0.,0.));
#2902 = VECTOR('',#2903,1.);
#2903 = DIRECTION('',(1.,0.));
#2904 = ( GEOMETRIC_REPRESENTATION_CONTEXT(2) 
PARAMETRIC_REPRESENTATION_CONTEXT() REPRESENTATION_CONTEXT('2D SPACE',''
  ) );
#2905 = ORIENTED_EDGE('',*,*,#409,.F.);
#2906 = FACE_BOUND('',#2907,.T.);
#2907 = EDGE_LOOP('',(#2908,#2930));
#2908 = ORIENTED_EDGE('',*,*,#2909,.F.);
#2909 = EDGE_CURVE('',#542,#575,#2910,.T.);
#2910 = SURFACE_CURVE('',#2911,(#2916,#2923),.PCURVE_S1.);
#2911 = CIRCLE('',#2912,1.25);
#2912 = AXIS2_PLACEMENT_3D('',#2913,#2914,#2915);
#2913 = CARTESIAN_POINT('',(3.975515347676,14.463584539124,2.));
#2914 = DIRECTION('',(8.44817952835E-18,-6.339435822721E-17,1.));
#2915 = DIRECTION('',(0.967572620967,0.252592999023,7.838743857083E-18)
  );
#2916 = PCURVE('',#73,#2917);
#2917 = DEFINITIONAL_REPRESENTATION('',(#2918),#2922);
#2918 = CIRCLE('',#2919,1.25);
#2919 = AXIS2_PLACEMENT_2D('',#2920,#2921);
#2920 = CARTESIAN_POINT('',(7.5,12.990381056767));
#2921 = DIRECTION('',(1.,0.));
#2922 = ( GEOMETRIC_REPRESENTATION_CONTEXT(2) 
PARAMETRIC_REPRESENTATION_CONTEXT() REPRESENTATION_CONTEXT('2D SPACE',''
  ) );
#2923 = PCURVE('',#562,#2924);
#2924 = DEFINITIONAL_REPRESENTATION('',(#2925),#2929);
#2925 = LINE('',#2926,#2927);
#2926 = CARTESIAN_POINT('',(0.,0.));
#2927 = VECTOR('',#2928,1.);
#2928 = DIRECTION('',(1.,0.));
#2929 = ( GEOMETRIC_REPRESENTATION_CONTEXT(2) 
PARAMETRIC_REPRESENTATION_CONTEXT() REPRESENTATION_CONTEXT('2D SPACE',''
  ) );
#2930 = ORIENTED_EDGE('',*,*,#574,.F.);
#2931 = FACE_BOUND('',#2932,.T.);
#2932 = EDGE_LOOP('',(#2933,#2955));
#2933 = ORIENTED_EDGE('',*,*,#2934,.F.);
#2934 = EDGE_CURVE('',#707,#740,#2935,.T.);
#2935 = SURFACE_CURVE('',#2936,(#2941,#2948),.PCURVE_S1.);
#2936 = CIRCLE('',#2937,1.25);
#2937 = AXIS2_PLACEMENT_3D('',#2938,#2939,#2940);
#2938 = CARTESIAN_POINT('',(14.513589314504,3.788894985341,2.));
#2939 = DIRECTION('',(8.44817952835E-18,-6.339435822721E-17,1.));
#2940 = DIRECTION('',(0.967572620967,0.252592999023,7.838743857083E-18)
  );
#2941 = PCURVE('',#73,#2942);
#2942 = DEFINITIONAL_REPRESENTATION('',(#2943),#2947);
#2943 = CIRCLE('',#2944,1.25);
#2944 = AXIS2_PLACEMENT_2D('',#2945,#2946);
#2945 = CARTESIAN_POINT('',(15.,7.818753501609E-13));
#2946 = DIRECTION('',(1.,0.));
#2947 = ( GEOMETRIC_REPRESENTATION_CONTEXT(2) 
PARAMETRIC_REPRESENTATION_CONTEXT() REPRESENTATION_CONTEXT('2D SPACE',''
  ) );
#2948 = PCURVE('',#727,#2949);
#2949 = DEFINITIONAL_REPRESENTATION('',(#2950),#2954);
#2950 = LINE('',#2951,#2952);
#2951 = CARTESIAN_POINT('',(0.,0.));
#2952 = VECTOR('',#2953,1.);
#2953 = DIRECTION('',(1.,0.));
#2954 = ( GEOMETRIC_REPRESENTATION_CONTEXT(2) 
PARAMETRIC_REPRESENTATION_CONTEXT() REPRESENTATION_CONTEXT('2D SPACE',''
  ) );
#2955 = ORIENTED_EDGE('',*,*,#739,.F.);
#2956 = FACE_BOUND('',#2957,.T.);
#2957 = EDGE_LOOP('',(#2958,#2980));
#2958 = ORIENTED_EDGE('',*,*,#2959,.F.);
#2959 = EDGE_CURVE('',#916,#949,#2960,.T.);
#2960 = SURFACE_CURVE('',#2961,(#2966,#2973),.PCURVE_S1.);
#2961 = CIRCLE('',#2962,1.25);
#2962 = AXIS2_PLACEMENT_3D('',#2963,#2964,#2965);
#2963 = CARTESIAN_POINT('',(10.538073966828,-10.67468955378,2.));
#2964 = DIRECTION('',(8.44817952835E-18,-6.339435822721E-17,1.));
#2965 = DIRECTION('',(0.967572620967,0.252592999023,7.838743857083E-18)
  );
#2966 = PCURVE('',#73,#2967);
#2967 = DEFINITIONAL_REPRESENTATION('',(#2968),#2972);
#2968 = CIRCLE('',#2969,1.25);
#2969 = AXIS2_PLACEMENT_2D('',#2970,#2971);
#2970 = CARTESIAN_POINT('',(7.5,-12.99038105676));
#2971 = DIRECTION('',(1.,0.));
#2972 = ( GEOMETRIC_REPRESENTATION_CONTEXT(2) 
PARAMETRIC_REPRESENTATION_CONTEXT() REPRESENTATION_CONTEXT('2D SPACE',''
  ) );
#2973 = PCURVE('',#936,#2974);
#2974 = DEFINITIONAL_REPRESENTATION('',(#2975),#2979);
#2975 = LINE('',#2976,#2977);
#2976 = CARTESIAN_POINT('',(0.,0.));
#2977 = VECTOR('',#2978,1.);
#2978 = DIRECTION('',(1.,0.));
#2979 = ( GEOMETRIC_REPRESENTATION_CONTEXT(2) 
PARAMETRIC_REPRESENTATION_CONTEXT() REPRESENTATION_CONTEXT('2D SPACE',''
  ) );
#2980 = ORIENTED_EDGE('',*,*,#948,.F.);
#2981 = FACE_BOUND('',#2982,.T.);
#2982 = EDGE_LOOP('',(#2983,#3005));
#2983 = ORIENTED_EDGE('',*,*,#2984,.F.);
#2984 = EDGE_CURVE('',#1081,#1114,#2985,.T.);
#2985 = SURFACE_CURVE('',#2986,(#2991,#2998),.PCURVE_S1.);
#2986 = CIRCLE('',#2987,1.25);
#2987 = AXIS2_PLACEMENT_3D('',#2988,#2989,#2990);
#2988 = CARTESIAN_POINT('',(-3.975515347675,-14.46358453912,2.));
#2989 = DIRECTION('',(8.44817952835E-18,-6.339435822721E-17,1.));
#2990 = DIRECTION('',(0.967572620967,0.252592999023,7.838743857083E-18)
  );
#2991 = PCURVE('',#73,#2992);
#2992 = DEFINITIONAL_REPRESENTATION('',(#2993),#2997);
#2993 = CIRCLE('',#2994,1.25);
#2994 = AXIS2_PLACEMENT_2D('',#2995,#2996);
#2995 = CARTESIAN_POINT('',(-7.499999999999,-12.99038105676));
#2996 = DIRECTION('',(1.,0.));
#2997 = ( GEOMETRIC_REPRESENTATION_CONTEXT(2) 
PARAMETRIC_REPRESENTATION_CONTEXT() REPRESENTATION_CONTEXT('2D SPACE',''
  ) );
#2998 = PCURVE('',#1101,#2999);
#2999 = DEFINITIONAL_REPRESENTATION('',(#3000),#3004);
#3000 = LINE('',#3001,#3002);
#3001 = CARTESIAN_POINT('',(0.,0.));
#3002 = VECTOR('',#3003,1.);
#3003 = DIRECTION('',(1.,0.));
#3004 = ( GEOMETRIC_REPRESENTATION_CONTEXT(2) 
PARAMETRIC_REPRESENTATION_CONTEXT() REPRESENTATION_CONTEXT('2D SPACE',''
  ) );
#3005 = ORIENTED_EDGE('',*,*,#1113,.F.);
#3006 = FACE_BOUND('',#3007,.T.);
#3007 = EDGE_LOOP('',(#3008,#3030));
#3008 = ORIENTED_EDGE('',*,*,#3009,.F.);
#3009 = EDGE_CURVE('',#1246,#1279,#3010,.T.);
#3010 = SURFACE_CURVE('',#3011,(#3016,#3023),.PCURVE_S1.);
#3011 = CIRCLE('',#3012,1.25);
#3012 = AXIS2_PLACEMENT_3D('',#3013,#3014,#3015);
#3013 = CARTESIAN_POINT('',(-14.5135893145,-3.788894985339,2.));
#3014 = DIRECTION('',(8.44817952835E-18,-6.339435822721E-17,1.));
#3015 = DIRECTION('',(0.967572620967,0.252592999023,7.838743857083E-18)
  );
#3016 = PCURVE('',#73,#3017);
#3017 = DEFINITIONAL_REPRESENTATION('',(#3018),#3022);
#3018 = CIRCLE('',#3019,1.25);
#3019 = AXIS2_PLACEMENT_2D('',#3020,#3021);
#3020 = CARTESIAN_POINT('',(-14.99999999999,1.881386116559E-14));
#3021 = DIRECTION('',(1.,0.));
#3022 = ( GEOMETRIC_REPRESENTATION_CONTEXT(2) 
PARAMETRIC_REPRESENTATION_CONTEXT() REPRESENTATION_CONTEXT('2D SPACE',''
  ) );
#3023 = PCURVE('',#1266,#3024);
#3024 = DEFINITIONAL_REPRESENTATION('',(#3025),#3029);
#3025 = LINE('',#3026,#3027);
#3026 = CARTESIAN_POINT('',(0.,0.));
#3027 = VECTOR('',#3028,1.);
#3028 = DIRECTION('',(1.,0.));
#3029 = ( GEOMETRIC_REPRESENTATION_CONTEXT(2) 
PARAMETRIC_REPRESENTATION_CONTEXT() REPRESENTATION_CONTEXT('2D SPACE',''
  ) );
#3030 = ORIENTED_EDGE('',*,*,#1278,.F.);
#3031 = FACE_BOUND('',#3032,.T.);
#3032 = EDGE_LOOP('',(#3033,#3034));
#3033 = ORIENTED_EDGE('',*,*,#1654,.F.);
#3034 = ORIENTED_EDGE('',*,*,#3035,.F.);
#3035 = EDGE_CURVE('',#1632,#1568,#3036,.T.);
#3036 = SURFACE_CURVE('',#3037,(#3042,#3049),.PCURVE_S1.);
#3037 = CIRCLE('',#3038,3.);
#3038 = AXIS2_PLACEMENT_3D('',#3039,#3040,#3041);
#3039 = CARTESIAN_POINT('',(-8.539751643028,-8.430459173462,2.));
#3040 = DIRECTION('',(8.44817952835E-18,-6.339435822721E-17,1.));
#3041 = DIRECTION('',(0.967572620967,0.252592999023,7.838743857083E-18)
  );
#3042 = PCURVE('',#73,#3043);
#3043 = DEFINITIONAL_REPRESENTATION('',(#3044),#3048);
#3044 = CIRCLE('',#3045,3.);
#3045 = AXIS2_PLACEMENT_2D('',#3046,#3047);
#3046 = CARTESIAN_POINT('',(-10.39230484541,-6.));
#3047 = DIRECTION('',(1.,0.));
#3048 = ( GEOMETRIC_REPRESENTATION_CONTEXT(2) 
PARAMETRIC_REPRESENTATION_CONTEXT() REPRESENTATION_CONTEXT('2D SPACE',''
  ) );
#3049 = PCURVE('',#1590,#3050);
#3050 = DEFINITIONAL_REPRESENTATION('',(#3051),#3055);
#3051 = LINE('',#3052,#3053);
#3052 = CARTESIAN_POINT('',(3.14159265359,4.5));
#3053 = VECTOR('',#3054,1.);
#3054 = DIRECTION('',(-1.,0.));
#3055 = ( GEOMETRIC_REPRESENTATION_CONTEXT(2) 
PARAMETRIC_REPRESENTATION_CONTEXT() REPRESENTATION_CONTEXT('2D SPACE',''
  ) );
#3056 = FACE_BOUND('',#3057,.T.);
#3057 = EDGE_LOOP('',(#3058,#3059));
#3058 = ORIENTED_EDGE('',*,*,#1766,.F.);
#3059 = ORIENTED_EDGE('',*,*,#3060,.F.);
#3060 = EDGE_CURVE('',#1744,#1680,#3061,.T.);
#3061 = SURFACE_CURVE('',#3062,(#3067,#3074),.PCURVE_S1.);
#3062 = CIRCLE('',#3063,3.);
#3063 = AXIS2_PLACEMENT_3D('',#3064,#3065,#3066);
#3064 = CARTESIAN_POINT('',(11.570867631299,-3.180412278141,2.));
#3065 = DIRECTION('',(8.44817952835E-18,-6.339435822721E-17,1.));
#3066 = DIRECTION('',(0.967572620967,0.252592999023,7.838743857083E-18)
  );
#3067 = PCURVE('',#73,#3068);
#3068 = DEFINITIONAL_REPRESENTATION('',(#3069),#3073);
#3069 = CIRCLE('',#3070,3.);
#3070 = AXIS2_PLACEMENT_2D('',#3071,#3072);
#3071 = CARTESIAN_POINT('',(10.392304845413,-6.));
#3072 = DIRECTION('',(1.,0.));
#3073 = ( GEOMETRIC_REPRESENTATION_CONTEXT(2) 
PARAMETRIC_REPRESENTATION_CONTEXT() REPRESENTATION_CONTEXT('2D SPACE',''
  ) );
#3074 = PCURVE('',#1702,#3075);
#3075 = DEFINITIONAL_REPRESENTATION('',(#3076),#3080);
#3076 = LINE('',#3077,#3078);
#3077 = CARTESIAN_POINT('',(3.14159265359,4.5));
#3078 = VECTOR('',#3079,1.);
#3079 = DIRECTION('',(-1.,0.));
#3080 = ( GEOMETRIC_REPRESENTATION_CONTEXT(2) 
PARAMETRIC_REPRESENTATION_CONTEXT() REPRESENTATION_CONTEXT('2D SPACE',''
  ) );
#3081 = FACE_BOUND('',#3082,.T.);
#3082 = EDGE_LOOP('',(#3083,#3084));
#3083 = ORIENTED_EDGE('',*,*,#2177,.F.);
#3084 = ORIENTED_EDGE('',*,*,#3085,.F.);
#3085 = EDGE_CURVE('',#2155,#2091,#3086,.T.);
#3086 = SURFACE_CURVE('',#3087,(#3092,#3099),.PCURVE_S1.);
#3087 = CIRCLE('',#3088,3.);
#3088 = AXIS2_PLACEMENT_3D('',#3089,#3090,#3091);
#3089 = CARTESIAN_POINT('',(-3.031115988272,11.610871451603,2.));
#3090 = DIRECTION('',(8.44817952835E-18,-6.339435822721E-17,1.));
#3091 = DIRECTION('',(0.967572620967,0.252592999023,7.838743857083E-18)
  );
#3092 = PCURVE('',#73,#3093);
#3093 = DEFINITIONAL_REPRESENTATION('',(#3094),#3098);
#3094 = CIRCLE('',#3095,3.);
#3095 = AXIS2_PLACEMENT_2D('',#3096,#3097);
#3096 = CARTESIAN_POINT('',(0.,12.));
#3097 = DIRECTION('',(1.,0.));
#3098 = ( GEOMETRIC_REPRESENTATION_CONTEXT(2) 
PARAMETRIC_REPRESENTATION_CONTEXT() REPRESENTATION_CONTEXT('2D SPACE',''
  ) );
#3099 = PCURVE('',#2113,#3100);
#3100 = DEFINITIONAL_REPRESENTATION('',(#3101),#3105);
#3101 = LINE('',#3102,#3103);
#3102 = CARTESIAN_POINT('',(3.14159265359,4.5));
#3103 = VECTOR('',#3104,1.);
#3104 = DIRECTION('',(-1.,0.));
#3105 = ( GEOMETRIC_REPRESENTATION_CONTEXT(2) 
PARAMETRIC_REPRESENTATION_CONTEXT() REPRESENTATION_CONTEXT('2D SPACE',''
  ) );
#3106 = FACE_BOUND('',#3107,.T.);
#3107 = EDGE_LOOP('',(#3108,#3109));
#3108 = ORIENTED_EDGE('',*,*,#2749,.T.);
#3109 = ORIENTED_EDGE('',*,*,#2313,.T.);
#3110 = ADVANCED_FACE('',(#3111,#3115),#2389,.F.);
#3111 = FACE_BOUND('',#3112,.T.);
#3112 = EDGE_LOOP('',(#3113,#3114));
#3113 = ORIENTED_EDGE('',*,*,#2484,.T.);
#3114 = ORIENTED_EDGE('',*,*,#2556,.T.);
#3115 = FACE_BOUND('',#3116,.T.);
#3116 = EDGE_LOOP('',(#3117,#3118));
#3117 = ORIENTED_EDGE('',*,*,#2772,.F.);
#3118 = ORIENTED_EDGE('',*,*,#2372,.F.);
#3119 = ADVANCED_FACE('',(#3120),#2249,.T.);
#3120 = FACE_BOUND('',#3121,.T.);
#3121 = EDGE_LOOP('',(#3122,#3123,#3145,#3146));
#3122 = ORIENTED_EDGE('',*,*,#2233,.F.);
#3123 = ORIENTED_EDGE('',*,*,#3124,.F.);
#3124 = EDGE_CURVE('',#2205,#2203,#3125,.T.);
#3125 = SURFACE_CURVE('',#3126,(#3131,#3138),.PCURVE_S1.);
#3126 = CIRCLE('',#3127,4.);
#3127 = AXIS2_PLACEMENT_3D('',#3128,#3129,#3130);
#3128 = CARTESIAN_POINT('',(-3.031115988272,11.610871451603,-5.5));
#3129 = DIRECTION('',(-8.44817952835E-18,6.339435822721E-17,-1.));
#3130 = DIRECTION('',(-0.967572620967,-0.252592999023,
    -7.838743857083E-18));
#3131 = PCURVE('',#2249,#3132);
#3132 = DEFINITIONAL_REPRESENTATION('',(#3133),#3137);
#3133 = LINE('',#3134,#3135);
#3134 = CARTESIAN_POINT('',(9.424777960769,0.));
#3135 = VECTOR('',#3136,1.);
#3136 = DIRECTION('',(-1.,0.));
#3137 = ( GEOMETRIC_REPRESENTATION_CONTEXT(2) 
PARAMETRIC_REPRESENTATION_CONTEXT() REPRESENTATION_CONTEXT('2D SPACE',''
  ) );
#3138 = PCURVE('',#2142,#3139);
#3139 = DEFINITIONAL_REPRESENTATION('',(#3140),#3144);
#3140 = CIRCLE('',#3141,4.);
#3141 = AXIS2_PLACEMENT_2D('',#3142,#3143);
#3142 = CARTESIAN_POINT('',(0.,0.));
#3143 = DIRECTION('',(1.,0.));
#3144 = ( GEOMETRIC_REPRESENTATION_CONTEXT(2) 
PARAMETRIC_REPRESENTATION_CONTEXT() REPRESENTATION_CONTEXT('2D SPACE',''
  ) );
#3145 = ORIENTED_EDGE('',*,*,#2289,.T.);
#3146 = ORIENTED_EDGE('',*,*,#2714,.T.);
#3147 = ADVANCED_FACE('',(#3148,#3173),#2142,.T.);
#3148 = FACE_BOUND('',#3149,.T.);
#3149 = EDGE_LOOP('',(#3150,#3172));
#3150 = ORIENTED_EDGE('',*,*,#3151,.F.);
#3151 = EDGE_CURVE('',#2093,#2126,#3152,.T.);
#3152 = SURFACE_CURVE('',#3153,(#3158,#3165),.PCURVE_S1.);
#3153 = CIRCLE('',#3154,3.);
#3154 = AXIS2_PLACEMENT_3D('',#3155,#3156,#3157);
#3155 = CARTESIAN_POINT('',(-3.031115988272,11.610871451603,-5.5));
#3156 = DIRECTION('',(-8.44817952835E-18,6.339435822721E-17,-1.));
#3157 = DIRECTION('',(-0.967572620967,-0.252592999023,
    -7.838743857083E-18));
#3158 = PCURVE('',#2142,#3159);
#3159 = DEFINITIONAL_REPRESENTATION('',(#3160),#3164);
#3160 = CIRCLE('',#3161,3.);
#3161 = AXIS2_PLACEMENT_2D('',#3162,#3163);
#3162 = CARTESIAN_POINT('',(0.,0.));
#3163 = DIRECTION('',(1.,0.));
#3164 = ( GEOMETRIC_REPRESENTATION_CONTEXT(2) 
PARAMETRIC_REPRESENTATION_CONTEXT() REPRESENTATION_CONTEXT('2D SPACE',''
  ) );
#3165 = PCURVE('',#2113,#3166);
#3166 = DEFINITIONAL_REPRESENTATION('',(#3167),#3171);
#3167 = LINE('',#3168,#3169);
#3168 = CARTESIAN_POINT('',(0.,12.));
#3169 = VECTOR('',#3170,1.);
#3170 = DIRECTION('',(1.,0.));
#3171 = ( GEOMETRIC_REPRESENTATION_CONTEXT(2) 
PARAMETRIC_REPRESENTATION_CONTEXT() REPRESENTATION_CONTEXT('2D SPACE',''
  ) );
#3172 = ORIENTED_EDGE('',*,*,#2125,.F.);
#3173 = FACE_BOUND('',#3174,.T.);
#3174 = EDGE_LOOP('',(#3175,#3176));
#3175 = ORIENTED_EDGE('',*,*,#3124,.T.);
#3176 = ORIENTED_EDGE('',*,*,#2202,.T.);
#3177 = ADVANCED_FACE('',(#3178),#2113,.F.);
#3178 = FACE_BOUND('',#3179,.F.);
#3179 = EDGE_LOOP('',(#3180,#3181,#3182,#3183));
#3180 = ORIENTED_EDGE('',*,*,#3151,.F.);
#3181 = ORIENTED_EDGE('',*,*,#2090,.F.);
#3182 = ORIENTED_EDGE('',*,*,#3085,.F.);
#3183 = ORIENTED_EDGE('',*,*,#2154,.T.);
#3184 = ADVANCED_FACE('',(#3185),#2029,.F.);
#3185 = FACE_BOUND('',#3186,.F.);
#3186 = EDGE_LOOP('',(#3187,#3209,#3210,#3211));
#3187 = ORIENTED_EDGE('',*,*,#3188,.F.);
#3188 = EDGE_CURVE('',#143,#206,#3189,.T.);
#3189 = SURFACE_CURVE('',#3190,(#3195,#3202),.PCURVE_S1.);
#3190 = CIRCLE('',#3191,2.);
#3191 = AXIS2_PLACEMENT_3D('',#3192,#3193,#3194);
#3192 = CARTESIAN_POINT('',(-13.49934556984,3.710480991164,-0.5));
#3193 = DIRECTION('',(8.44817952835E-18,-6.339435822721E-17,1.));
#3194 = DIRECTION('',(0.967572620967,0.252592999023,7.838743857083E-18)
  );
#3195 = PCURVE('',#2029,#3196);
#3196 = DEFINITIONAL_REPRESENTATION('',(#3197),#3201);
#3197 = LINE('',#3198,#3199);
#3198 = CARTESIAN_POINT('',(0.,9.5));
#3199 = VECTOR('',#3200,1.);
#3200 = DIRECTION('',(1.,0.));
#3201 = ( GEOMETRIC_REPRESENTATION_CONTEXT(2) 
PARAMETRIC_REPRESENTATION_CONTEXT() REPRESENTATION_CONTEXT('2D SPACE',''
  ) );
#3202 = PCURVE('',#165,#3203);
#3203 = DEFINITIONAL_REPRESENTATION('',(#3204),#3208);
#3204 = LINE('',#3205,#3206);
#3205 = CARTESIAN_POINT('',(0.,0.));
#3206 = VECTOR('',#3207,1.);
#3207 = DIRECTION('',(1.,0.));
#3208 = ( GEOMETRIC_REPRESENTATION_CONTEXT(2) 
PARAMETRIC_REPRESENTATION_CONTEXT() REPRESENTATION_CONTEXT('2D SPACE',''
  ) );
#3209 = ORIENTED_EDGE('',*,*,#2013,.F.);
#3210 = ORIENTED_EDGE('',*,*,#2689,.T.);
#3211 = ORIENTED_EDGE('',*,*,#2042,.T.);
#3212 = ADVANCED_FACE('',(#3213),#1949,.T.);
#3213 = FACE_BOUND('',#3214,.T.);
#3214 = EDGE_LOOP('',(#3215,#3216,#3238,#3239));
#3215 = ORIENTED_EDGE('',*,*,#1933,.F.);
#3216 = ORIENTED_EDGE('',*,*,#3217,.F.);
#3217 = EDGE_CURVE('',#1905,#1903,#3218,.T.);
#3218 = SURFACE_CURVE('',#3219,(#3224,#3231),.PCURVE_S1.);
#3219 = CIRCLE('',#3220,4.);
#3220 = AXIS2_PLACEMENT_3D('',#3221,#3222,#3223);
#3221 = CARTESIAN_POINT('',(11.570867631299,-3.180412278141,-5.5));
#3222 = DIRECTION('',(-8.44817952835E-18,6.339435822721E-17,-1.));
#3223 = DIRECTION('',(0.265034356512,0.964238969275,5.888825280986E-17)
  );
#3224 = PCURVE('',#1949,#3225);
#3225 = DEFINITIONAL_REPRESENTATION('',(#3226),#3230);
#3226 = LINE('',#3227,#3228);
#3227 = CARTESIAN_POINT('',(7.330382858376,0.));
#3228 = VECTOR('',#3229,1.);
#3229 = DIRECTION('',(-1.,0.));
#3230 = ( GEOMETRIC_REPRESENTATION_CONTEXT(2) 
PARAMETRIC_REPRESENTATION_CONTEXT() REPRESENTATION_CONTEXT('2D SPACE',''
  ) );
#3231 = PCURVE('',#1731,#3232);
#3232 = DEFINITIONAL_REPRESENTATION('',(#3233),#3237);
#3233 = CIRCLE('',#3234,4.);
#3234 = AXIS2_PLACEMENT_2D('',#3235,#3236);
#3235 = CARTESIAN_POINT('',(0.,0.));
#3236 = DIRECTION('',(1.,-1.110223024625E-16));
#3237 = ( GEOMETRIC_REPRESENTATION_CONTEXT(2) 
PARAMETRIC_REPRESENTATION_CONTEXT() REPRESENTATION_CONTEXT('2D SPACE',''
  ) );
#3238 = ORIENTED_EDGE('',*,*,#1989,.T.);
#3239 = ORIENTED_EDGE('',*,*,#2660,.T.);
#3240 = ADVANCED_FACE('',(#3241,#3266),#1731,.T.);
#3241 = FACE_BOUND('',#3242,.T.);
#3242 = EDGE_LOOP('',(#3243,#3265));
#3243 = ORIENTED_EDGE('',*,*,#3244,.F.);
#3244 = EDGE_CURVE('',#1682,#1715,#3245,.T.);
#3245 = SURFACE_CURVE('',#3246,(#3251,#3258),.PCURVE_S1.);
#3246 = CIRCLE('',#3247,3.);
#3247 = AXIS2_PLACEMENT_3D('',#3248,#3249,#3250);
#3248 = CARTESIAN_POINT('',(11.570867631299,-3.180412278141,-5.5));
#3249 = DIRECTION('',(-8.44817952835E-18,6.339435822721E-17,-1.));
#3250 = DIRECTION('',(0.265034356512,0.964238969275,5.888825280986E-17)
  );
#3251 = PCURVE('',#1731,#3252);
#3252 = DEFINITIONAL_REPRESENTATION('',(#3253),#3257);
#3253 = CIRCLE('',#3254,3.);
#3254 = AXIS2_PLACEMENT_2D('',#3255,#3256);
#3255 = CARTESIAN_POINT('',(0.,0.));
#3256 = DIRECTION('',(1.,-1.110223024625E-16));
#3257 = ( GEOMETRIC_REPRESENTATION_CONTEXT(2) 
PARAMETRIC_REPRESENTATION_CONTEXT() REPRESENTATION_CONTEXT('2D SPACE',''
  ) );
#3258 = PCURVE('',#1702,#3259);
#3259 = DEFINITIONAL_REPRESENTATION('',(#3260),#3264);
#3260 = LINE('',#3261,#3262);
#3261 = CARTESIAN_POINT('',(-4.188790204786,12.));
#3262 = VECTOR('',#3263,1.);
#3263 = DIRECTION('',(1.,0.));
#3264 = ( GEOMETRIC_REPRESENTATION_CONTEXT(2) 
PARAMETRIC_REPRESENTATION_CONTEXT() REPRESENTATION_CONTEXT('2D SPACE',''
  ) );
#3265 = ORIENTED_EDGE('',*,*,#1714,.F.);
#3266 = FACE_BOUND('',#3267,.T.);
#3267 = EDGE_LOOP('',(#3268,#3269));
#3268 = ORIENTED_EDGE('',*,*,#3217,.T.);
#3269 = ORIENTED_EDGE('',*,*,#1902,.T.);
#3270 = ADVANCED_FACE('',(#3271),#1838,.T.);
#3271 = FACE_BOUND('',#3272,.T.);
#3272 = EDGE_LOOP('',(#3273,#3274,#3296,#3297));
#3273 = ORIENTED_EDGE('',*,*,#1822,.F.);
#3274 = ORIENTED_EDGE('',*,*,#3275,.F.);
#3275 = EDGE_CURVE('',#1794,#1792,#3276,.T.);
#3276 = SURFACE_CURVE('',#3277,(#3282,#3289),.PCURVE_S1.);
#3277 = CIRCLE('',#3278,4.);
#3278 = AXIS2_PLACEMENT_3D('',#3279,#3280,#3281);
#3279 = CARTESIAN_POINT('',(-8.539751643028,-8.430459173462,-5.5));
#3280 = DIRECTION('',(-8.44817952835E-18,6.339435822721E-17,-1.));
#3281 = DIRECTION('',(0.702538264455,-0.711645970252,-5.104950895278E-17
    ));
#3282 = PCURVE('',#1838,#3283);
#3283 = DEFINITIONAL_REPRESENTATION('',(#3284),#3288);
#3284 = LINE('',#3285,#3286);
#3285 = CARTESIAN_POINT('',(11.519173063163,0.));
#3286 = VECTOR('',#3287,1.);
#3287 = DIRECTION('',(-1.,0.));
#3288 = ( GEOMETRIC_REPRESENTATION_CONTEXT(2) 
PARAMETRIC_REPRESENTATION_CONTEXT() REPRESENTATION_CONTEXT('2D SPACE',''
  ) );
#3289 = PCURVE('',#1619,#3290);
#3290 = DEFINITIONAL_REPRESENTATION('',(#3291),#3295);
#3291 = CIRCLE('',#3292,4.);
#3292 = AXIS2_PLACEMENT_2D('',#3293,#3294);
#3293 = CARTESIAN_POINT('',(0.,0.));
#3294 = DIRECTION('',(1.,-3.885780586188E-16));
#3295 = ( GEOMETRIC_REPRESENTATION_CONTEXT(2) 
PARAMETRIC_REPRESENTATION_CONTEXT() REPRESENTATION_CONTEXT('2D SPACE',''
  ) );
#3296 = ORIENTED_EDGE('',*,*,#1878,.T.);
#3297 = ORIENTED_EDGE('',*,*,#2631,.T.);
#3298 = ADVANCED_FACE('',(#3299,#3324),#1619,.T.);
#3299 = FACE_BOUND('',#3300,.T.);
#3300 = EDGE_LOOP('',(#3301,#3323));
#3301 = ORIENTED_EDGE('',*,*,#3302,.F.);
#3302 = EDGE_CURVE('',#1570,#1603,#3303,.T.);
#3303 = SURFACE_CURVE('',#3304,(#3309,#3316),.PCURVE_S1.);
#3304 = CIRCLE('',#3305,3.);
#3305 = AXIS2_PLACEMENT_3D('',#3306,#3307,#3308);
#3306 = CARTESIAN_POINT('',(-8.539751643028,-8.430459173462,-5.5));
#3307 = DIRECTION('',(-8.44817952835E-18,6.339435822721E-17,-1.));
#3308 = DIRECTION('',(0.702538264455,-0.711645970252,-5.104950895278E-17
    ));
#3309 = PCURVE('',#1619,#3310);
#3310 = DEFINITIONAL_REPRESENTATION('',(#3311),#3315);
#3311 = CIRCLE('',#3312,3.);
#3312 = AXIS2_PLACEMENT_2D('',#3313,#3314);
#3313 = CARTESIAN_POINT('',(0.,0.));
#3314 = DIRECTION('',(1.,5.551115123126E-17));
#3315 = ( GEOMETRIC_REPRESENTATION_CONTEXT(2) 
PARAMETRIC_REPRESENTATION_CONTEXT() REPRESENTATION_CONTEXT('2D SPACE',''
  ) );
#3316 = PCURVE('',#1590,#3317);
#3317 = DEFINITIONAL_REPRESENTATION('',(#3318),#3322);
#3318 = LINE('',#3319,#3320);
#3319 = CARTESIAN_POINT('',(-2.094395102393,12.));
#3320 = VECTOR('',#3321,1.);
#3321 = DIRECTION('',(1.,0.));
#3322 = ( GEOMETRIC_REPRESENTATION_CONTEXT(2) 
PARAMETRIC_REPRESENTATION_CONTEXT() REPRESENTATION_CONTEXT('2D SPACE',''
  ) );
#3323 = ORIENTED_EDGE('',*,*,#1602,.F.);
#3324 = FACE_BOUND('',#3325,.T.);
#3325 = EDGE_LOOP('',(#3326,#3327));
#3326 = ORIENTED_EDGE('',*,*,#3275,.T.);
#3327 = ORIENTED_EDGE('',*,*,#1791,.T.);
#3328 = ADVANCED_FACE('',(#3329),#1702,.F.);
#3329 = FACE_BOUND('',#3330,.F.);
#3330 = EDGE_LOOP('',(#3331,#3332,#3333,#3334));
#3331 = ORIENTED_EDGE('',*,*,#3244,.F.);
#3332 = ORIENTED_EDGE('',*,*,#1679,.F.);
#3333 = ORIENTED_EDGE('',*,*,#3060,.F.);
#3334 = ORIENTED_EDGE('',*,*,#1743,.T.);
#3335 = ADVANCED_FACE('',(#3336),#1590,.F.);
#3336 = FACE_BOUND('',#3337,.F.);
#3337 = EDGE_LOOP('',(#3338,#3339,#3340,#3341));
#3338 = ORIENTED_EDGE('',*,*,#3302,.F.);
#3339 = ORIENTED_EDGE('',*,*,#1567,.F.);
#3340 = ORIENTED_EDGE('',*,*,#3035,.F.);
#3341 = ORIENTED_EDGE('',*,*,#1631,.T.);
#3342 = ADVANCED_FACE('',(#3343),#1506,.F.);
#3343 = FACE_BOUND('',#3344,.F.);
#3344 = EDGE_LOOP('',(#3345,#3367,#3368,#3369));
#3345 = ORIENTED_EDGE('',*,*,#3346,.F.);
#3346 = EDGE_CURVE('',#22,#90,#3347,.T.);
#3347 = SURFACE_CURVE('',#3348,(#3353,#3360),.PCURVE_S1.);
#3348 = CIRCLE('',#3349,2.);
#3349 = AXIS2_PLACEMENT_3D('',#3350,#3351,#3352);
#3350 = CARTESIAN_POINT('',(9.963043583532,9.835535702372,-0.5));
#3351 = DIRECTION('',(8.44817952835E-18,-6.339435822721E-17,1.));
#3352 = DIRECTION('',(0.967572620967,0.252592999023,7.838743857083E-18)
  );
#3353 = PCURVE('',#1506,#3354);
#3354 = DEFINITIONAL_REPRESENTATION('',(#3355),#3359);
#3355 = LINE('',#3356,#3357);
#3356 = CARTESIAN_POINT('',(0.,9.5));
#3357 = VECTOR('',#3358,1.);
#3358 = DIRECTION('',(1.,0.));
#3359 = ( GEOMETRIC_REPRESENTATION_CONTEXT(2) 
PARAMETRIC_REPRESENTATION_CONTEXT() REPRESENTATION_CONTEXT('2D SPACE',''
  ) );
#3360 = PCURVE('',#44,#3361);
#3361 = DEFINITIONAL_REPRESENTATION('',(#3362),#3366);
#3362 = LINE('',#3363,#3364);
#3363 = CARTESIAN_POINT('',(0.,0.));
#3364 = VECTOR('',#3365,1.);
#3365 = DIRECTION('',(1.,0.));
#3366 = ( GEOMETRIC_REPRESENTATION_CONTEXT(2) 
PARAMETRIC_REPRESENTATION_CONTEXT() REPRESENTATION_CONTEXT('2D SPACE',''
  ) );
#3367 = ORIENTED_EDGE('',*,*,#1490,.F.);
#3368 = ORIENTED_EDGE('',*,*,#2606,.T.);
#3369 = ORIENTED_EDGE('',*,*,#1519,.T.);
#3370 = ADVANCED_FACE('',(#3371),#1424,.F.);
#3371 = FACE_BOUND('',#3372,.F.);
#3372 = EDGE_LOOP('',(#3373,#3395,#3396,#3397));
#3373 = ORIENTED_EDGE('',*,*,#3374,.F.);
#3374 = EDGE_CURVE('',#259,#322,#3375,.T.);
#3375 = SURFACE_CURVE('',#3376,(#3381,#3388),.PCURVE_S1.);
#3376 = CIRCLE('',#3377,2.);
#3377 = AXIS2_PLACEMENT_3D('',#3378,#3379,#3380);
#3378 = CARTESIAN_POINT('',(3.536301986317,-13.54601669353,-0.5));
#3379 = DIRECTION('',(8.44817952835E-18,-6.339435822721E-17,1.));
#3380 = DIRECTION('',(0.967572620967,0.252592999023,7.838743857083E-18)
  );
#3381 = PCURVE('',#1424,#3382);
#3382 = DEFINITIONAL_REPRESENTATION('',(#3383),#3387);
#3383 = LINE('',#3384,#3385);
#3384 = CARTESIAN_POINT('',(0.,9.5));
#3385 = VECTOR('',#3386,1.);
#3386 = DIRECTION('',(1.,0.));
#3387 = ( GEOMETRIC_REPRESENTATION_CONTEXT(2) 
PARAMETRIC_REPRESENTATION_CONTEXT() REPRESENTATION_CONTEXT('2D SPACE',''
  ) );
#3388 = PCURVE('',#281,#3389);
#3389 = DEFINITIONAL_REPRESENTATION('',(#3390),#3394);
#3390 = LINE('',#3391,#3392);
#3391 = CARTESIAN_POINT('',(0.,0.));
#3392 = VECTOR('',#3393,1.);
#3393 = DIRECTION('',(1.,0.));
#3394 = ( GEOMETRIC_REPRESENTATION_CONTEXT(2) 
PARAMETRIC_REPRESENTATION_CONTEXT() REPRESENTATION_CONTEXT('2D SPACE',''
  ) );
#3395 = ORIENTED_EDGE('',*,*,#1408,.F.);
#3396 = ORIENTED_EDGE('',*,*,#2581,.T.);
#3397 = ORIENTED_EDGE('',*,*,#1437,.T.);
#3398 = ADVANCED_FACE('',(#3399),#1372,.F.);
#3399 = FACE_BOUND('',#3400,.F.);
#3400 = EDGE_LOOP('',(#3401,#3423,#3424));
#3401 = ORIENTED_EDGE('',*,*,#3402,.F.);
#3402 = EDGE_CURVE('',#1244,#1303,#3403,.T.);
#3403 = SURFACE_CURVE('',#3404,(#3409,#3416),.PCURVE_S1.);
#3404 = CIRCLE('',#3405,1.25);
#3405 = AXIS2_PLACEMENT_3D('',#3406,#3407,#3408);
#3406 = CARTESIAN_POINT('',(-14.5135893145,-3.788894985339,-4.));
#3407 = DIRECTION('',(8.44817952835E-18,-6.339435822721E-17,1.));
#3408 = DIRECTION('',(0.967572620967,0.252592999023,7.838743857083E-18)
  );
#3409 = PCURVE('',#1372,#3410);
#3410 = DEFINITIONAL_REPRESENTATION('',(#3411),#3415);
#3411 = LINE('',#3412,#3413);
#3412 = CARTESIAN_POINT('',(0.,2.940806241388E-16));
#3413 = VECTOR('',#3414,1.);
#3414 = DIRECTION('',(1.,-2.496233866626E-16));
#3415 = ( GEOMETRIC_REPRESENTATION_CONTEXT(2) 
PARAMETRIC_REPRESENTATION_CONTEXT() REPRESENTATION_CONTEXT('2D SPACE',''
  ) );
#3416 = PCURVE('',#1266,#3417);
#3417 = DEFINITIONAL_REPRESENTATION('',(#3418),#3422);
#3418 = LINE('',#3419,#3420);
#3419 = CARTESIAN_POINT('',(0.,-6.));
#3420 = VECTOR('',#3421,1.);
#3421 = DIRECTION('',(1.,0.));
#3422 = ( GEOMETRIC_REPRESENTATION_CONTEXT(2) 
PARAMETRIC_REPRESENTATION_CONTEXT() REPRESENTATION_CONTEXT('2D SPACE',''
  ) );
#3423 = ORIENTED_EDGE('',*,*,#1384,.F.);
#3424 = ORIENTED_EDGE('',*,*,#1356,.T.);
#3425 = ADVANCED_FACE('',(#3426),#1266,.F.);
#3426 = FACE_BOUND('',#3427,.F.);
#3427 = EDGE_LOOP('',(#3428,#3429,#3430,#3431));
#3428 = ORIENTED_EDGE('',*,*,#3009,.F.);
#3429 = ORIENTED_EDGE('',*,*,#1243,.F.);
#3430 = ORIENTED_EDGE('',*,*,#3402,.T.);
#3431 = ORIENTED_EDGE('',*,*,#1302,.T.);
#3432 = ADVANCED_FACE('',(#3433),#1207,.F.);
#3433 = FACE_BOUND('',#3434,.F.);
#3434 = EDGE_LOOP('',(#3435,#3457,#3458));
#3435 = ORIENTED_EDGE('',*,*,#3436,.F.);
#3436 = EDGE_CURVE('',#1079,#1138,#3437,.T.);
#3437 = SURFACE_CURVE('',#3438,(#3443,#3450),.PCURVE_S1.);
#3438 = CIRCLE('',#3439,1.25);
#3439 = AXIS2_PLACEMENT_3D('',#3440,#3441,#3442);
#3440 = CARTESIAN_POINT('',(-3.975515347675,-14.46358453912,-4.));
#3441 = DIRECTION('',(8.44817952835E-18,-6.339435822721E-17,1.));
#3442 = DIRECTION('',(0.967572620967,0.252592999023,7.838743857083E-18)
  );
#3443 = PCURVE('',#1207,#3444);
#3444 = DEFINITIONAL_REPRESENTATION('',(#3445),#3449);
#3445 = LINE('',#3446,#3447);
#3446 = CARTESIAN_POINT('',(0.,-9.802687471293E-17));
#3447 = VECTOR('',#3448,1.);
#3448 = DIRECTION('',(1.,0.));
#3449 = ( GEOMETRIC_REPRESENTATION_CONTEXT(2) 
PARAMETRIC_REPRESENTATION_CONTEXT() REPRESENTATION_CONTEXT('2D SPACE',''
  ) );
#3450 = PCURVE('',#1101,#3451);
#3451 = DEFINITIONAL_REPRESENTATION('',(#3452),#3456);
#3452 = LINE('',#3453,#3454);
#3453 = CARTESIAN_POINT('',(0.,-6.));
#3454 = VECTOR('',#3455,1.);
#3455 = DIRECTION('',(1.,0.));
#3456 = ( GEOMETRIC_REPRESENTATION_CONTEXT(2) 
PARAMETRIC_REPRESENTATION_CONTEXT() REPRESENTATION_CONTEXT('2D SPACE',''
  ) );
#3457 = ORIENTED_EDGE('',*,*,#1219,.F.);
#3458 = ORIENTED_EDGE('',*,*,#1191,.T.);
#3459 = ADVANCED_FACE('',(#3460),#1101,.F.);
#3460 = FACE_BOUND('',#3461,.F.);
#3461 = EDGE_LOOP('',(#3462,#3463,#3464,#3465));
#3462 = ORIENTED_EDGE('',*,*,#2984,.F.);
#3463 = ORIENTED_EDGE('',*,*,#1078,.F.);
#3464 = ORIENTED_EDGE('',*,*,#3436,.T.);
#3465 = ORIENTED_EDGE('',*,*,#1137,.T.);
#3466 = ADVANCED_FACE('',(#3467),#1042,.F.);
#3467 = FACE_BOUND('',#3468,.F.);
#3468 = EDGE_LOOP('',(#3469,#3491,#3492));
#3469 = ORIENTED_EDGE('',*,*,#3470,.F.);
#3470 = EDGE_CURVE('',#914,#973,#3471,.T.);
#3471 = SURFACE_CURVE('',#3472,(#3477,#3484),.PCURVE_S1.);
#3472 = CIRCLE('',#3473,1.25);
#3473 = AXIS2_PLACEMENT_3D('',#3474,#3475,#3476);
#3474 = CARTESIAN_POINT('',(10.538073966828,-10.67468955378,-4.));
#3475 = DIRECTION('',(8.44817952835E-18,-6.339435822721E-17,1.));
#3476 = DIRECTION('',(0.967572620967,0.252592999023,7.838743857083E-18)
  );
#3477 = PCURVE('',#1042,#3478);
#3478 = DEFINITIONAL_REPRESENTATION('',(#3479),#3483);
#3479 = LINE('',#3480,#3481);
#3480 = CARTESIAN_POINT('',(0.,2.940806241388E-16));
#3481 = VECTOR('',#3482,1.);
#3482 = DIRECTION('',(1.,-1.248116933313E-16));
#3483 = ( GEOMETRIC_REPRESENTATION_CONTEXT(2) 
PARAMETRIC_REPRESENTATION_CONTEXT() REPRESENTATION_CONTEXT('2D SPACE',''
  ) );
#3484 = PCURVE('',#936,#3485);
#3485 = DEFINITIONAL_REPRESENTATION('',(#3486),#3490);
#3486 = LINE('',#3487,#3488);
#3487 = CARTESIAN_POINT('',(0.,-6.));
#3488 = VECTOR('',#3489,1.);
#3489 = DIRECTION('',(1.,0.));
#3490 = ( GEOMETRIC_REPRESENTATION_CONTEXT(2) 
PARAMETRIC_REPRESENTATION_CONTEXT() REPRESENTATION_CONTEXT('2D SPACE',''
  ) );
#3491 = ORIENTED_EDGE('',*,*,#1054,.F.);
#3492 = ORIENTED_EDGE('',*,*,#1026,.T.);
#3493 = ADVANCED_FACE('',(#3494),#936,.F.);
#3494 = FACE_BOUND('',#3495,.F.);
#3495 = EDGE_LOOP('',(#3496,#3497,#3498,#3499));
#3496 = ORIENTED_EDGE('',*,*,#2959,.F.);
#3497 = ORIENTED_EDGE('',*,*,#913,.F.);
#3498 = ORIENTED_EDGE('',*,*,#3470,.T.);
#3499 = ORIENTED_EDGE('',*,*,#972,.T.);
#3500 = ADVANCED_FACE('',(#3501),#833,.F.);
#3501 = FACE_BOUND('',#3502,.F.);
#3502 = EDGE_LOOP('',(#3503,#3525,#3526));
#3503 = ORIENTED_EDGE('',*,*,#3504,.F.);
#3504 = EDGE_CURVE('',#705,#764,#3505,.T.);
#3505 = SURFACE_CURVE('',#3506,(#3511,#3518),.PCURVE_S1.);
#3506 = CIRCLE('',#3507,1.25);
#3507 = AXIS2_PLACEMENT_3D('',#3508,#3509,#3510);
#3508 = CARTESIAN_POINT('',(14.513589314504,3.788894985341,-4.));
#3509 = DIRECTION('',(8.44817952835E-18,-6.339435822721E-17,1.));
#3510 = DIRECTION('',(0.967572620967,0.252592999023,7.838743857083E-18)
  );
#3511 = PCURVE('',#833,#3512);
#3512 = DEFINITIONAL_REPRESENTATION('',(#3513),#3517);
#3513 = LINE('',#3514,#3515);
#3514 = CARTESIAN_POINT('',(0.,-4.901343735647E-16));
#3515 = VECTOR('',#3516,1.);
#3516 = DIRECTION('',(1.,2.496233866626E-16));
#3517 = ( GEOMETRIC_REPRESENTATION_CONTEXT(2) 
PARAMETRIC_REPRESENTATION_CONTEXT() REPRESENTATION_CONTEXT('2D SPACE',''
  ) );
#3518 = PCURVE('',#727,#3519);
#3519 = DEFINITIONAL_REPRESENTATION('',(#3520),#3524);
#3520 = LINE('',#3521,#3522);
#3521 = CARTESIAN_POINT('',(0.,-6.));
#3522 = VECTOR('',#3523,1.);
#3523 = DIRECTION('',(1.,0.));
#3524 = ( GEOMETRIC_REPRESENTATION_CONTEXT(2) 
PARAMETRIC_REPRESENTATION_CONTEXT() REPRESENTATION_CONTEXT('2D SPACE',''
  ) );
#3525 = ORIENTED_EDGE('',*,*,#845,.F.);
#3526 = ORIENTED_EDGE('',*,*,#817,.T.);
#3527 = ADVANCED_FACE('',(#3528),#727,.F.);
#3528 = FACE_BOUND('',#3529,.F.);
#3529 = EDGE_LOOP('',(#3530,#3531,#3532,#3533));
#3530 = ORIENTED_EDGE('',*,*,#2934,.F.);
#3531 = ORIENTED_EDGE('',*,*,#704,.F.);
#3532 = ORIENTED_EDGE('',*,*,#3504,.T.);
#3533 = ORIENTED_EDGE('',*,*,#763,.T.);
#3534 = ADVANCED_FACE('',(#3535),#668,.F.);
#3535 = FACE_BOUND('',#3536,.F.);
#3536 = EDGE_LOOP('',(#3537,#3559,#3560));
#3537 = ORIENTED_EDGE('',*,*,#3538,.F.);
#3538 = EDGE_CURVE('',#540,#599,#3539,.T.);
#3539 = SURFACE_CURVE('',#3540,(#3545,#3552),.PCURVE_S1.);
#3540 = CIRCLE('',#3541,1.25);
#3541 = AXIS2_PLACEMENT_3D('',#3542,#3543,#3544);
#3542 = CARTESIAN_POINT('',(3.975515347676,14.463584539124,-4.));
#3543 = DIRECTION('',(8.44817952835E-18,-6.339435822721E-17,1.));
#3544 = DIRECTION('',(0.967572620967,0.252592999023,7.838743857083E-18)
  );
#3545 = PCURVE('',#668,#3546);
#3546 = DEFINITIONAL_REPRESENTATION('',(#3547),#3551);
#3547 = LINE('',#3548,#3549);
#3548 = CARTESIAN_POINT('',(0.,-9.802687471293E-17));
#3549 = VECTOR('',#3550,1.);
#3550 = DIRECTION('',(1.,0.));
#3551 = ( GEOMETRIC_REPRESENTATION_CONTEXT(2) 
PARAMETRIC_REPRESENTATION_CONTEXT() REPRESENTATION_CONTEXT('2D SPACE',''
  ) );
#3552 = PCURVE('',#562,#3553);
#3553 = DEFINITIONAL_REPRESENTATION('',(#3554),#3558);
#3554 = LINE('',#3555,#3556);
#3555 = CARTESIAN_POINT('',(0.,-6.));
#3556 = VECTOR('',#3557,1.);
#3557 = DIRECTION('',(1.,0.));
#3558 = ( GEOMETRIC_REPRESENTATION_CONTEXT(2) 
PARAMETRIC_REPRESENTATION_CONTEXT() REPRESENTATION_CONTEXT('2D SPACE',''
  ) );
#3559 = ORIENTED_EDGE('',*,*,#680,.F.);
#3560 = ORIENTED_EDGE('',*,*,#652,.T.);
#3561 = ADVANCED_FACE('',(#3562),#562,.F.);
#3562 = FACE_BOUND('',#3563,.F.);
#3563 = EDGE_LOOP('',(#3564,#3565,#3566,#3567));
#3564 = ORIENTED_EDGE('',*,*,#2909,.F.);
#3565 = ORIENTED_EDGE('',*,*,#539,.F.);
#3566 = ORIENTED_EDGE('',*,*,#3538,.T.);
#3567 = ORIENTED_EDGE('',*,*,#598,.T.);
#3568 = ADVANCED_FACE('',(#3569),#503,.F.);
#3569 = FACE_BOUND('',#3570,.F.);
#3570 = EDGE_LOOP('',(#3571,#3593,#3594));
#3571 = ORIENTED_EDGE('',*,*,#3572,.F.);
#3572 = EDGE_CURVE('',#375,#434,#3573,.T.);
#3573 = SURFACE_CURVE('',#3574,(#3579,#3586),.PCURVE_S1.);
#3574 = CIRCLE('',#3575,1.25);
#3575 = AXIS2_PLACEMENT_3D('',#3576,#3577,#3578);
#3576 = CARTESIAN_POINT('',(-10.53807396682,10.674689553784,-4.));
#3577 = DIRECTION('',(8.44817952835E-18,-6.339435822721E-17,1.));
#3578 = DIRECTION('',(0.967572620967,0.252592999023,7.838743857083E-18)
  );
#3579 = PCURVE('',#503,#3580);
#3580 = DEFINITIONAL_REPRESENTATION('',(#3581),#3585);
#3581 = LINE('',#3582,#3583);
#3582 = CARTESIAN_POINT('',(0.,-9.802687471293E-17));
#3583 = VECTOR('',#3584,1.);
#3584 = DIRECTION('',(1.,0.));
#3585 = ( GEOMETRIC_REPRESENTATION_CONTEXT(2) 
PARAMETRIC_REPRESENTATION_CONTEXT() REPRESENTATION_CONTEXT('2D SPACE',''
  ) );
#3586 = PCURVE('',#397,#3587);
#3587 = DEFINITIONAL_REPRESENTATION('',(#3588),#3592);
#3588 = LINE('',#3589,#3590);
#3589 = CARTESIAN_POINT('',(0.,-6.));
#3590 = VECTOR('',#3591,1.);
#3591 = DIRECTION('',(1.,0.));
#3592 = ( GEOMETRIC_REPRESENTATION_CONTEXT(2) 
PARAMETRIC_REPRESENTATION_CONTEXT() REPRESENTATION_CONTEXT('2D SPACE',''
  ) );
#3593 = ORIENTED_EDGE('',*,*,#515,.F.);
#3594 = ORIENTED_EDGE('',*,*,#487,.T.);
#3595 = ADVANCED_FACE('',(#3596),#397,.F.);
#3596 = FACE_BOUND('',#3597,.F.);
#3597 = EDGE_LOOP('',(#3598,#3599,#3600,#3601));
#3598 = ORIENTED_EDGE('',*,*,#2884,.F.);
#3599 = ORIENTED_EDGE('',*,*,#374,.F.);
#3600 = ORIENTED_EDGE('',*,*,#3572,.T.);
#3601 = ORIENTED_EDGE('',*,*,#433,.T.);
#3602 = ADVANCED_FACE('',(#3603),#281,.F.);
#3603 = FACE_BOUND('',#3604,.F.);
#3604 = EDGE_LOOP('',(#3605,#3606,#3607,#3608));
#3605 = ORIENTED_EDGE('',*,*,#2798,.T.);
#3606 = ORIENTED_EDGE('',*,*,#258,.F.);
#3607 = ORIENTED_EDGE('',*,*,#3374,.T.);
#3608 = ORIENTED_EDGE('',*,*,#321,.T.);
#3609 = ADVANCED_FACE('',(#3610),#165,.F.);
#3610 = FACE_BOUND('',#3611,.F.);
#3611 = EDGE_LOOP('',(#3612,#3613,#3614,#3615));
#3612 = ORIENTED_EDGE('',*,*,#2827,.T.);
#3613 = ORIENTED_EDGE('',*,*,#142,.F.);
#3614 = ORIENTED_EDGE('',*,*,#3188,.T.);
#3615 = ORIENTED_EDGE('',*,*,#205,.T.);
#3616 = ADVANCED_FACE('',(#3617),#44,.F.);
#3617 = FACE_BOUND('',#3618,.F.);
#3618 = EDGE_LOOP('',(#3619,#3620,#3621,#3622));
#3619 = ORIENTED_EDGE('',*,*,#2856,.T.);
#3620 = ORIENTED_EDGE('',*,*,#21,.F.);
#3621 = ORIENTED_EDGE('',*,*,#3346,.T.);
#3622 = ORIENTED_EDGE('',*,*,#89,.T.);
#3623 = ( GEOMETRIC_REPRESENTATION_CONTEXT(3) 
GLOBAL_UNCERTAINTY_ASSIGNED_CONTEXT((#3627)) 
GLOBAL_UNIT_ASSIGNED_CONTEXT((#3624,#3625,#3626)) REPRESENTATION_CONTEXT
('Context #1','3D Context with UNIT and UNCERTAINTY') );
#3624 = ( LENGTH_UNIT() NAMED_UNIT(*) SI_UNIT(.MILLI.,.METRE.) );
#3625 = ( NAMED_UNIT(*) PLANE_ANGLE_UNIT() SI_UNIT($,.RADIAN.) );
#3626 = ( NAMED_UNIT(*) SI_UNIT($,.STERADIAN.) SOLID_ANGLE_UNIT() );
#3627 = UNCERTAINTY_MEASURE_WITH_UNIT(LENGTH_MEASURE(1.E-07),#3624,
  'distance_accuracy_value','confusion accuracy');
#3628 = PRODUCT_RELATED_PRODUCT_CATEGORY('part',$,(#7));
ENDSEC;
END-ISO-10303-21;
