ISO-10303-21;
HEADER;
FILE_DESCRIPTION(('Open CASCADE Model'),'2;1');
FILE_NAME('Open CASCADE Shape Model','2026-09-01T16:22:58',('Author'),(
    'Open CASCADE'),'Open CASCADE STEP processor 7.9','Open CASCADE 7.9'
  ,'Unknown');
FILE_SCHEMA(('AUTOMOTIVE_DESIGN { 1 0 10303 214 1 1 1 1 }'));
ENDSEC;
DATA;
#1 = APPLICATION_PROTOCOL_DEFINITION('international standard',
  'automotive_design',2000,#2);
#2 = APPLICATION_CONTEXT(
  'core data for automotive mechanical design processes');
#3 = SHAPE_DEFINITION_REPRESENTATION(#4,#10);
#4 = PRODUCT_DEFINITION_SHAPE('','',#5);
#5 = PRODUCT_DEFINITION('design','',#6,#9);
#6 = PRODUCT_DEFINITION_FORMATION('','',#7);
#7 = PRODUCT('Open CASCADE STEP translator 7.9 14',
  'Open CASCADE STEP translator 7.9 14','',(#8));
#8 = PRODUCT_CONTEXT('',#2,'mechanical');
#9 = PRODUCT_DEFINITION_CONTEXT('part definition',#2,'design');
#10 = ADVANCED_BREP_SHAPE_REPRESENTATION('',(#11,#15),#3749);
#11 = AXIS2_PLACEMENT_3D('',#12,#13,#14);
#12 = CARTESIAN_POINT('',(0.,0.,0.));
#13 = DIRECTION('',(0.,0.,1.));
#14 = DIRECTION('',(1.,0.,-0.));
#15 = MANIFOLD_SOLID_BREP('',#16);
#16 = CLOSED_SHELL('',(#17,#134,#246,#358,#475,#592,#704,#811,#927,#1043
    ,#1160,#1267,#1353,#1473,#1580,#1833,#2440,#2566,#2665,#2672,#2726,
    #2780,#2834,#2912,#2988,#3042,#3096,#3173,#3227,#3303,#3335,#3413,
    #3441,#3471,#3499,#3504,#3511,#3518,#3525,#3532,#3539,#3546,#3574,
    #3604,#3632,#3662,#3690,#3695,#3723,#3728,#3735,#3742));
#17 = ADVANCED_FACE('',(#18),#32,.F.);
#18 = FACE_BOUND('',#19,.F.);
#19 = EDGE_LOOP('',(#20,#55,#84,#107));
#20 = ORIENTED_EDGE('',*,*,#21,.T.);
#21 = EDGE_CURVE('',#22,#24,#26,.T.);
#22 = VERTEX_POINT('',#23);
#23 = CARTESIAN_POINT('',(11.137259434449,10.994723838723,-15.5));
#24 = VERTEX_POINT('',#25);
#25 = CARTESIAN_POINT('',(11.137259434449,10.994723838723,-5.));
#26 = SURFACE_CURVE('',#27,(#31,#43),.PCURVE_S1.);
#27 = LINE('',#28,#29);
#28 = CARTESIAN_POINT('',(11.137259434449,10.994723838723,-5.));
#29 = VECTOR('',#30,1.);
#30 = DIRECTION('',(-1.59260128741E-17,-3.870417880361E-17,1.));
#31 = PCURVE('',#32,#37);
#32 = CYLINDRICAL_SURFACE('',#33,1.65);
#33 = AXIS2_PLACEMENT_3D('',#34,#35,#36);
#34 = CARTESIAN_POINT('',(9.963043583532,9.835535702372,-5.));
#35 = DIRECTION('',(-1.59260128741E-17,-3.870417880361E-17,1.));
#36 = DIRECTION('',(0.711645970252,0.702538264455,3.852484948789E-17));
#37 = DEFINITIONAL_REPRESENTATION('',(#38),#42);
#38 = LINE('',#39,#40);
#39 = CARTESIAN_POINT('',(6.28318530718,0.));
#40 = VECTOR('',#41,1.);
#41 = DIRECTION('',(0.,1.));
#42 = ( GEOMETRIC_REPRESENTATION_CONTEXT(2) 
PARAMETRIC_REPRESENTATION_CONTEXT() REPRESENTATION_CONTEXT('2D SPACE',''
  ) );
#43 = PCURVE('',#44,#49);
#44 = CYLINDRICAL_SURFACE('',#45,1.65);
#45 = AXIS2_PLACEMENT_3D('',#46,#47,#48);
#46 = CARTESIAN_POINT('',(9.963043583532,9.835535702372,-5.));
#47 = DIRECTION('',(-1.59260128741E-17,-3.870417880361E-17,1.));
#48 = DIRECTION('',(0.711645970252,0.702538264455,3.852484948789E-17));
#49 = DEFINITIONAL_REPRESENTATION('',(#50),#54);
#50 = LINE('',#51,#52);
#51 = CARTESIAN_POINT('',(0.,0.));
#52 = VECTOR('',#53,1.);
#53 = DIRECTION('',(0.,1.));
#54 = ( GEOMETRIC_REPRESENTATION_CONTEXT(2) 
PARAMETRIC_REPRESENTATION_CONTEXT() REPRESENTATION_CONTEXT('2D SPACE',''
  ) );
#55 = ORIENTED_EDGE('',*,*,#56,.F.);
#56 = EDGE_CURVE('',#57,#24,#59,.T.);
#57 = VERTEX_POINT('',#58);
#58 = CARTESIAN_POINT('',(8.788827732616,8.676347566021,-5.));
#59 = SURFACE_CURVE('',#60,(#65,#72),.PCURVE_S1.);
#60 = CIRCLE('',#61,1.65);
#61 = AXIS2_PLACEMENT_3D('',#62,#63,#64);
#62 = CARTESIAN_POINT('',(9.963043583532,9.835535702372,-5.));
#63 = DIRECTION('',(-1.59260128741E-17,-3.870417880361E-17,1.));
#64 = DIRECTION('',(0.711645970252,0.702538264455,3.852484948789E-17));
#65 = PCURVE('',#32,#66);
#66 = DEFINITIONAL_REPRESENTATION('',(#67),#71);
#67 = LINE('',#68,#69);
#68 = CARTESIAN_POINT('',(0.,0.));
#69 = VECTOR('',#70,1.);
#70 = DIRECTION('',(1.,0.));
#71 = ( GEOMETRIC_REPRESENTATION_CONTEXT(2) 
PARAMETRIC_REPRESENTATION_CONTEXT() REPRESENTATION_CONTEXT('2D SPACE',''
  ) );
#72 = PCURVE('',#73,#78);
#73 = PLANE('',#74);
#74 = AXIS2_PLACEMENT_3D('',#75,#76,#77);
#75 = CARTESIAN_POINT('',(-1.515557994136,5.805435725801,-5.));
#76 = DIRECTION('',(-1.59260128741E-17,-3.870417880361E-17,1.));
#77 = DIRECTION('',(0.711645970252,0.702538264455,3.852484948789E-17));
#78 = DEFINITIONAL_REPRESENTATION('',(#79),#83);
#79 = CIRCLE('',#80,1.65);
#80 = AXIS2_PLACEMENT_2D('',#81,#82);
#81 = CARTESIAN_POINT('',(11.,-5.196152422707));
#82 = DIRECTION('',(1.,0.));
#83 = ( GEOMETRIC_REPRESENTATION_CONTEXT(2) 
PARAMETRIC_REPRESENTATION_CONTEXT() REPRESENTATION_CONTEXT('2D SPACE',''
  ) );
#84 = ORIENTED_EDGE('',*,*,#85,.F.);
#85 = EDGE_CURVE('',#86,#57,#88,.T.);
#86 = VERTEX_POINT('',#87);
#87 = CARTESIAN_POINT('',(8.788827732616,8.676347566021,-15.5));
#88 = SURFACE_CURVE('',#89,(#93,#100),.PCURVE_S1.);
#89 = LINE('',#90,#91);
#90 = CARTESIAN_POINT('',(8.788827732616,8.676347566021,-5.));
#91 = VECTOR('',#92,1.);
#92 = DIRECTION('',(-1.59260128741E-17,-3.870417880361E-17,1.));
#93 = PCURVE('',#32,#94);
#94 = DEFINITIONAL_REPRESENTATION('',(#95),#99);
#95 = LINE('',#96,#97);
#96 = CARTESIAN_POINT('',(3.14159265359,0.));
#97 = VECTOR('',#98,1.);
#98 = DIRECTION('',(0.,1.));
#99 = ( GEOMETRIC_REPRESENTATION_CONTEXT(2) 
PARAMETRIC_REPRESENTATION_CONTEXT() REPRESENTATION_CONTEXT('2D SPACE',''
  ) );
#100 = PCURVE('',#44,#101);
#101 = DEFINITIONAL_REPRESENTATION('',(#102),#106);
#102 = LINE('',#103,#104);
#103 = CARTESIAN_POINT('',(3.14159265359,0.));
#104 = VECTOR('',#105,1.);
#105 = DIRECTION('',(0.,1.));
#106 = ( GEOMETRIC_REPRESENTATION_CONTEXT(2) 
PARAMETRIC_REPRESENTATION_CONTEXT() REPRESENTATION_CONTEXT('2D SPACE',''
  ) );
#107 = ORIENTED_EDGE('',*,*,#108,.T.);
#108 = EDGE_CURVE('',#86,#22,#109,.T.);
#109 = SURFACE_CURVE('',#110,(#115,#122),.PCURVE_S1.);
#110 = CIRCLE('',#111,1.65);
#111 = AXIS2_PLACEMENT_3D('',#112,#113,#114);
#112 = CARTESIAN_POINT('',(9.963043583532,9.835535702372,-15.5));
#113 = DIRECTION('',(-1.59260128741E-17,-3.870417880361E-17,1.));
#114 = DIRECTION('',(0.711645970252,0.702538264455,3.852484948789E-17));
#115 = PCURVE('',#32,#116);
#116 = DEFINITIONAL_REPRESENTATION('',(#117),#121);
#117 = LINE('',#118,#119);
#118 = CARTESIAN_POINT('',(0.,-10.5));
#119 = VECTOR('',#120,1.);
#120 = DIRECTION('',(1.,0.));
#121 = ( GEOMETRIC_REPRESENTATION_CONTEXT(2) 
PARAMETRIC_REPRESENTATION_CONTEXT() REPRESENTATION_CONTEXT('2D SPACE',''
  ) );
#122 = PCURVE('',#123,#128);
#123 = PLANE('',#124);
#124 = AXIS2_PLACEMENT_3D('',#125,#126,#127);
#125 = CARTESIAN_POINT('',(-6.405978637361E-14,-9.684975187282E-15,-15.5
    ));
#126 = DIRECTION('',(-1.59260128741E-17,-3.870417880361E-17,1.));
#127 = DIRECTION('',(0.711645970252,0.702538264455,3.852484948789E-17));
#128 = DEFINITIONAL_REPRESENTATION('',(#129),#133);
#129 = CIRCLE('',#130,1.65);
#130 = AXIS2_PLACEMENT_2D('',#131,#132);
#131 = CARTESIAN_POINT('',(14.,0.));
#132 = DIRECTION('',(1.,0.));
#133 = ( GEOMETRIC_REPRESENTATION_CONTEXT(2) 
PARAMETRIC_REPRESENTATION_CONTEXT() REPRESENTATION_CONTEXT('2D SPACE',''
  ) );
#134 = ADVANCED_FACE('',(#135),#149,.F.);
#135 = FACE_BOUND('',#136,.F.);
#136 = EDGE_LOOP('',(#137,#172,#201,#224));
#137 = ORIENTED_EDGE('',*,*,#138,.T.);
#138 = EDGE_CURVE('',#139,#141,#143,.T.);
#139 = VERTEX_POINT('',#140);
#140 = CARTESIAN_POINT('',(4.710517837233,-12.38682855718,-15.5));
#141 = VERTEX_POINT('',#142);
#142 = CARTESIAN_POINT('',(4.710517837233,-12.38682855718,-5.));
#143 = SURFACE_CURVE('',#144,(#148,#160),.PCURVE_S1.);
#144 = LINE('',#145,#146);
#145 = CARTESIAN_POINT('',(4.710517837233,-12.38682855718,-5.));
#146 = VECTOR('',#147,1.);
#147 = DIRECTION('',(-1.59260128741E-17,-3.870417880361E-17,1.));
#148 = PCURVE('',#149,#154);
#149 = CYLINDRICAL_SURFACE('',#150,1.65);
#150 = AXIS2_PLACEMENT_3D('',#151,#152,#153);
#151 = CARTESIAN_POINT('',(3.536301986317,-13.54601669353,-5.));
#152 = DIRECTION('',(-1.59260128741E-17,-3.870417880361E-17,1.));
#153 = DIRECTION('',(0.711645970252,0.702538264455,3.852484948789E-17));
#154 = DEFINITIONAL_REPRESENTATION('',(#155),#159);
#155 = LINE('',#156,#157);
#156 = CARTESIAN_POINT('',(6.28318530718,0.));
#157 = VECTOR('',#158,1.);
#158 = DIRECTION('',(0.,1.));
#159 = ( GEOMETRIC_REPRESENTATION_CONTEXT(2) 
PARAMETRIC_REPRESENTATION_CONTEXT() REPRESENTATION_CONTEXT('2D SPACE',''
  ) );
#160 = PCURVE('',#161,#166);
#161 = CYLINDRICAL_SURFACE('',#162,1.65);
#162 = AXIS2_PLACEMENT_3D('',#163,#164,#165);
#163 = CARTESIAN_POINT('',(3.536301986317,-13.54601669353,-5.));
#164 = DIRECTION('',(-1.59260128741E-17,-3.870417880361E-17,1.));
#165 = DIRECTION('',(0.711645970252,0.702538264455,3.852484948789E-17));
#166 = DEFINITIONAL_REPRESENTATION('',(#167),#171);
#167 = LINE('',#168,#169);
#168 = CARTESIAN_POINT('',(0.,0.));
#169 = VECTOR('',#170,1.);
#170 = DIRECTION('',(0.,1.));
#171 = ( GEOMETRIC_REPRESENTATION_CONTEXT(2) 
PARAMETRIC_REPRESENTATION_CONTEXT() REPRESENTATION_CONTEXT('2D SPACE',''
  ) );
#172 = ORIENTED_EDGE('',*,*,#173,.F.);
#173 = EDGE_CURVE('',#174,#141,#176,.T.);
#174 = VERTEX_POINT('',#175);
#175 = CARTESIAN_POINT('',(2.362086135401,-14.70520482988,-5.));
#176 = SURFACE_CURVE('',#177,(#182,#189),.PCURVE_S1.);
#177 = CIRCLE('',#178,1.65);
#178 = AXIS2_PLACEMENT_3D('',#179,#180,#181);
#179 = CARTESIAN_POINT('',(3.536301986317,-13.54601669353,-5.));
#180 = DIRECTION('',(-1.59260128741E-17,-3.870417880361E-17,1.));
#181 = DIRECTION('',(0.711645970252,0.702538264455,3.852484948789E-17));
#182 = PCURVE('',#149,#183);
#183 = DEFINITIONAL_REPRESENTATION('',(#184),#188);
#184 = LINE('',#185,#186);
#185 = CARTESIAN_POINT('',(0.,0.));
#186 = VECTOR('',#187,1.);
#187 = DIRECTION('',(1.,0.));
#188 = ( GEOMETRIC_REPRESENTATION_CONTEXT(2) 
PARAMETRIC_REPRESENTATION_CONTEXT() REPRESENTATION_CONTEXT('2D SPACE',''
  ) );
#189 = PCURVE('',#190,#195);
#190 = PLANE('',#191);
#191 = AXIS2_PLACEMENT_3D('',#192,#193,#194);
#192 = CARTESIAN_POINT('',(5.78543381565,-1.59020613907,-5.));
#193 = DIRECTION('',(-1.59260128741E-17,-3.870417880361E-17,1.));
#194 = DIRECTION('',(0.711645970252,0.702538264455,3.852484948789E-17));
#195 = DEFINITIONAL_REPRESENTATION('',(#196),#200);
#196 = CIRCLE('',#197,1.65);
#197 = AXIS2_PLACEMENT_2D('',#198,#199);
#198 = CARTESIAN_POINT('',(-10.,-6.928203230275));
#199 = DIRECTION('',(1.,0.));
#200 = ( GEOMETRIC_REPRESENTATION_CONTEXT(2) 
PARAMETRIC_REPRESENTATION_CONTEXT() REPRESENTATION_CONTEXT('2D SPACE',''
  ) );
#201 = ORIENTED_EDGE('',*,*,#202,.F.);
#202 = EDGE_CURVE('',#203,#174,#205,.T.);
#203 = VERTEX_POINT('',#204);
#204 = CARTESIAN_POINT('',(2.362086135401,-14.70520482988,-15.5));
#205 = SURFACE_CURVE('',#206,(#210,#217),.PCURVE_S1.);
#206 = LINE('',#207,#208);
#207 = CARTESIAN_POINT('',(2.362086135401,-14.70520482988,-5.));
#208 = VECTOR('',#209,1.);
#209 = DIRECTION('',(-1.59260128741E-17,-3.870417880361E-17,1.));
#210 = PCURVE('',#149,#211);
#211 = DEFINITIONAL_REPRESENTATION('',(#212),#216);
#212 = LINE('',#213,#214);
#213 = CARTESIAN_POINT('',(3.14159265359,0.));
#214 = VECTOR('',#215,1.);
#215 = DIRECTION('',(0.,1.));
#216 = ( GEOMETRIC_REPRESENTATION_CONTEXT(2) 
PARAMETRIC_REPRESENTATION_CONTEXT() REPRESENTATION_CONTEXT('2D SPACE',''
  ) );
#217 = PCURVE('',#161,#218);
#218 = DEFINITIONAL_REPRESENTATION('',(#219),#223);
#219 = LINE('',#220,#221);
#220 = CARTESIAN_POINT('',(3.14159265359,0.));
#221 = VECTOR('',#222,1.);
#222 = DIRECTION('',(0.,1.));
#223 = ( GEOMETRIC_REPRESENTATION_CONTEXT(2) 
PARAMETRIC_REPRESENTATION_CONTEXT() REPRESENTATION_CONTEXT('2D SPACE',''
  ) );
#224 = ORIENTED_EDGE('',*,*,#225,.T.);
#225 = EDGE_CURVE('',#203,#139,#226,.T.);
#226 = SURFACE_CURVE('',#227,(#232,#239),.PCURVE_S1.);
#227 = CIRCLE('',#228,1.65);
#228 = AXIS2_PLACEMENT_3D('',#229,#230,#231);
#229 = CARTESIAN_POINT('',(3.536301986317,-13.54601669353,-15.5));
#230 = DIRECTION('',(-1.59260128741E-17,-3.870417880361E-17,1.));
#231 = DIRECTION('',(0.711645970252,0.702538264455,3.852484948789E-17));
#232 = PCURVE('',#149,#233);
#233 = DEFINITIONAL_REPRESENTATION('',(#234),#238);
#234 = LINE('',#235,#236);
#235 = CARTESIAN_POINT('',(0.,-10.5));
#236 = VECTOR('',#237,1.);
#237 = DIRECTION('',(1.,0.));
#238 = ( GEOMETRIC_REPRESENTATION_CONTEXT(2) 
PARAMETRIC_REPRESENTATION_CONTEXT() REPRESENTATION_CONTEXT('2D SPACE',''
  ) );
#239 = PCURVE('',#123,#240);
#240 = DEFINITIONAL_REPRESENTATION('',(#241),#245);
#241 = CIRCLE('',#242,1.65);
#242 = AXIS2_PLACEMENT_2D('',#243,#244);
#243 = CARTESIAN_POINT('',(-7.,-12.12435565298));
#244 = DIRECTION('',(1.,0.));
#245 = ( GEOMETRIC_REPRESENTATION_CONTEXT(2) 
PARAMETRIC_REPRESENTATION_CONTEXT() REPRESENTATION_CONTEXT('2D SPACE',''
  ) );
#246 = ADVANCED_FACE('',(#247),#261,.F.);
#247 = FACE_BOUND('',#248,.F.);
#248 = EDGE_LOOP('',(#249,#284,#313,#336));
#249 = ORIENTED_EDGE('',*,*,#250,.T.);
#250 = EDGE_CURVE('',#251,#253,#255,.T.);
#251 = VERTEX_POINT('',#252);
#252 = CARTESIAN_POINT('',(-12.32512971893,4.869669127516,-15.5));
#253 = VERTEX_POINT('',#254);
#254 = CARTESIAN_POINT('',(-12.32512971893,4.869669127516,-5.));
#255 = SURFACE_CURVE('',#256,(#260,#272),.PCURVE_S1.);
#256 = LINE('',#257,#258);
#257 = CARTESIAN_POINT('',(-12.32512971893,4.869669127516,-5.));
#258 = VECTOR('',#259,1.);
#259 = DIRECTION('',(-1.59260128741E-17,-3.870417880361E-17,1.));
#260 = PCURVE('',#261,#266);
#261 = CYLINDRICAL_SURFACE('',#262,1.65);
#262 = AXIS2_PLACEMENT_3D('',#263,#264,#265);
#263 = CARTESIAN_POINT('',(-13.49934556984,3.710480991165,-5.));
#264 = DIRECTION('',(-1.59260128741E-17,-3.870417880361E-17,1.));
#265 = DIRECTION('',(0.711645970252,0.702538264455,3.852484948789E-17));
#266 = DEFINITIONAL_REPRESENTATION('',(#267),#271);
#267 = LINE('',#268,#269);
#268 = CARTESIAN_POINT('',(6.28318530718,0.));
#269 = VECTOR('',#270,1.);
#270 = DIRECTION('',(0.,1.));
#271 = ( GEOMETRIC_REPRESENTATION_CONTEXT(2) 
PARAMETRIC_REPRESENTATION_CONTEXT() REPRESENTATION_CONTEXT('2D SPACE',''
  ) );
#272 = PCURVE('',#273,#278);
#273 = CYLINDRICAL_SURFACE('',#274,1.65);
#274 = AXIS2_PLACEMENT_3D('',#275,#276,#277);
#275 = CARTESIAN_POINT('',(-13.49934556984,3.710480991165,-5.));
#276 = DIRECTION('',(-1.59260128741E-17,-3.870417880361E-17,1.));
#277 = DIRECTION('',(0.711645970252,0.702538264455,3.852484948789E-17));
#278 = DEFINITIONAL_REPRESENTATION('',(#279),#283);
#279 = LINE('',#280,#281);
#280 = CARTESIAN_POINT('',(0.,0.));
#281 = VECTOR('',#282,1.);
#282 = DIRECTION('',(0.,1.));
#283 = ( GEOMETRIC_REPRESENTATION_CONTEXT(2) 
PARAMETRIC_REPRESENTATION_CONTEXT() REPRESENTATION_CONTEXT('2D SPACE',''
  ) );
#284 = ORIENTED_EDGE('',*,*,#285,.F.);
#285 = EDGE_CURVE('',#286,#253,#288,.T.);
#286 = VERTEX_POINT('',#287);
#287 = CARTESIAN_POINT('',(-14.67356142076,2.551292854814,-5.));
#288 = SURFACE_CURVE('',#289,(#294,#301),.PCURVE_S1.);
#289 = CIRCLE('',#290,1.65);
#290 = AXIS2_PLACEMENT_3D('',#291,#292,#293);
#291 = CARTESIAN_POINT('',(-13.49934556984,3.710480991165,-5.));
#292 = DIRECTION('',(-1.59260128741E-17,-3.870417880361E-17,1.));
#293 = DIRECTION('',(0.711645970252,0.702538264455,3.852484948789E-17));
#294 = PCURVE('',#261,#295);
#295 = DEFINITIONAL_REPRESENTATION('',(#296),#300);
#296 = LINE('',#297,#298);
#297 = CARTESIAN_POINT('',(0.,0.));
#298 = VECTOR('',#299,1.);
#299 = DIRECTION('',(1.,0.));
#300 = ( GEOMETRIC_REPRESENTATION_CONTEXT(2) 
PARAMETRIC_REPRESENTATION_CONTEXT() REPRESENTATION_CONTEXT('2D SPACE',''
  ) );
#301 = PCURVE('',#302,#307);
#302 = PLANE('',#303);
#303 = AXIS2_PLACEMENT_3D('',#304,#305,#306);
#304 = CARTESIAN_POINT('',(-1.515557994136,5.805435725801,-5.));
#305 = DIRECTION('',(-1.59260128741E-17,-3.870417880361E-17,1.));
#306 = DIRECTION('',(0.711645970252,0.702538264455,3.852484948789E-17));
#307 = DEFINITIONAL_REPRESENTATION('',(#308),#312);
#308 = CIRCLE('',#309,1.65);
#309 = AXIS2_PLACEMENT_2D('',#310,#311);
#310 = CARTESIAN_POINT('',(-10.,6.928203230276));
#311 = DIRECTION('',(1.,0.));
#312 = ( GEOMETRIC_REPRESENTATION_CONTEXT(2) 
PARAMETRIC_REPRESENTATION_CONTEXT() REPRESENTATION_CONTEXT('2D SPACE',''
  ) );
#313 = ORIENTED_EDGE('',*,*,#314,.F.);
#314 = EDGE_CURVE('',#315,#286,#317,.T.);
#315 = VERTEX_POINT('',#316);
#316 = CARTESIAN_POINT('',(-14.67356142076,2.551292854814,-15.5));
#317 = SURFACE_CURVE('',#318,(#322,#329),.PCURVE_S1.);
#318 = LINE('',#319,#320);
#319 = CARTESIAN_POINT('',(-14.67356142076,2.551292854814,-5.));
#320 = VECTOR('',#321,1.);
#321 = DIRECTION('',(-1.59260128741E-17,-3.870417880361E-17,1.));
#322 = PCURVE('',#261,#323);
#323 = DEFINITIONAL_REPRESENTATION('',(#324),#328);
#324 = LINE('',#325,#326);
#325 = CARTESIAN_POINT('',(3.14159265359,0.));
#326 = VECTOR('',#327,1.);
#327 = DIRECTION('',(0.,1.));
#328 = ( GEOMETRIC_REPRESENTATION_CONTEXT(2) 
PARAMETRIC_REPRESENTATION_CONTEXT() REPRESENTATION_CONTEXT('2D SPACE',''
  ) );
#329 = PCURVE('',#273,#330);
#330 = DEFINITIONAL_REPRESENTATION('',(#331),#335);
#331 = LINE('',#332,#333);
#332 = CARTESIAN_POINT('',(3.14159265359,0.));
#333 = VECTOR('',#334,1.);
#334 = DIRECTION('',(0.,1.));
#335 = ( GEOMETRIC_REPRESENTATION_CONTEXT(2) 
PARAMETRIC_REPRESENTATION_CONTEXT() REPRESENTATION_CONTEXT('2D SPACE',''
  ) );
#336 = ORIENTED_EDGE('',*,*,#337,.T.);
#337 = EDGE_CURVE('',#315,#251,#338,.T.);
#338 = SURFACE_CURVE('',#339,(#344,#351),.PCURVE_S1.);
#339 = CIRCLE('',#340,1.65);
#340 = AXIS2_PLACEMENT_3D('',#341,#342,#343);
#341 = CARTESIAN_POINT('',(-13.49934556984,3.710480991165,-15.5));
#342 = DIRECTION('',(-1.59260128741E-17,-3.870417880361E-17,1.));
#343 = DIRECTION('',(0.711645970252,0.702538264455,3.852484948789E-17));
#344 = PCURVE('',#261,#345);
#345 = DEFINITIONAL_REPRESENTATION('',(#346),#350);
#346 = LINE('',#347,#348);
#347 = CARTESIAN_POINT('',(0.,-10.5));
#348 = VECTOR('',#349,1.);
#349 = DIRECTION('',(1.,0.));
#350 = ( GEOMETRIC_REPRESENTATION_CONTEXT(2) 
PARAMETRIC_REPRESENTATION_CONTEXT() REPRESENTATION_CONTEXT('2D SPACE',''
  ) );
#351 = PCURVE('',#123,#352);
#352 = DEFINITIONAL_REPRESENTATION('',(#353),#357);
#353 = CIRCLE('',#354,1.65);
#354 = AXIS2_PLACEMENT_2D('',#355,#356);
#355 = CARTESIAN_POINT('',(-7.,12.124355652982));
#356 = DIRECTION('',(1.,0.));
#357 = ( GEOMETRIC_REPRESENTATION_CONTEXT(2) 
PARAMETRIC_REPRESENTATION_CONTEXT() REPRESENTATION_CONTEXT('2D SPACE',''
  ) );
#358 = ADVANCED_FACE('',(#359),#374,.T.);
#359 = FACE_BOUND('',#360,.T.);
#360 = EDGE_LOOP('',(#361,#397,#425,#454));
#361 = ORIENTED_EDGE('',*,*,#362,.F.);
#362 = EDGE_CURVE('',#363,#365,#367,.T.);
#363 = VERTEX_POINT('',#364);
#364 = CARTESIAN_POINT('',(13.705805542056,-1.072797484776,2.));
#365 = VERTEX_POINT('',#366);
#366 = CARTESIAN_POINT('',(9.435929720542,-5.288027071507,2.));
#367 = SURFACE_CURVE('',#368,(#373,#385),.PCURVE_S1.);
#368 = CIRCLE('',#369,3.);
#369 = AXIS2_PLACEMENT_3D('',#370,#371,#372);
#370 = CARTESIAN_POINT('',(11.570867631299,-3.180412278141,2.));
#371 = DIRECTION('',(-1.59260128741E-17,-3.870417880361E-17,1.));
#372 = DIRECTION('',(-0.964238969275,0.265034356512,-5.098545114853E-18)
  );
#373 = PCURVE('',#374,#379);
#374 = CYLINDRICAL_SURFACE('',#375,3.);
#375 = AXIS2_PLACEMENT_3D('',#376,#377,#378);
#376 = CARTESIAN_POINT('',(11.570867631299,-3.180412278141,2.));
#377 = DIRECTION('',(1.59260128741E-17,3.870417880361E-17,-1.));
#378 = DIRECTION('',(-0.711645970252,-0.702538264455,-3.852484948789E-17
    ));
#379 = DEFINITIONAL_REPRESENTATION('',(#380),#384);
#380 = LINE('',#381,#382);
#381 = CARTESIAN_POINT('',(7.330382858376,0.));
#382 = VECTOR('',#383,1.);
#383 = DIRECTION('',(-1.,0.));
#384 = ( GEOMETRIC_REPRESENTATION_CONTEXT(2) 
PARAMETRIC_REPRESENTATION_CONTEXT() REPRESENTATION_CONTEXT('2D SPACE',''
  ) );
#385 = PCURVE('',#386,#391);
#386 = PLANE('',#387);
#387 = AXIS2_PLACEMENT_3D('',#388,#389,#390);
#388 = CARTESIAN_POINT('',(11.570867631299,-3.180412278141,2.));
#389 = DIRECTION('',(-1.59260128741E-17,-3.870417880361E-17,1.));
#390 = DIRECTION('',(-0.964238969275,0.265034356512,-5.098545114853E-18)
  );
#391 = DEFINITIONAL_REPRESENTATION('',(#392),#396);
#392 = CIRCLE('',#393,3.);
#393 = AXIS2_PLACEMENT_2D('',#394,#395);
#394 = CARTESIAN_POINT('',(0.,0.));
#395 = DIRECTION('',(1.,5.551115123126E-17));
#396 = ( GEOMETRIC_REPRESENTATION_CONTEXT(2) 
PARAMETRIC_REPRESENTATION_CONTEXT() REPRESENTATION_CONTEXT('2D SPACE',''
  ) );
#397 = ORIENTED_EDGE('',*,*,#398,.T.);
#398 = EDGE_CURVE('',#363,#399,#401,.T.);
#399 = VERTEX_POINT('',#400);
#400 = CARTESIAN_POINT('',(13.705805542056,-1.072797484776,-12.5));
#401 = SURFACE_CURVE('',#402,(#406,#413),.PCURVE_S1.);
#402 = LINE('',#403,#404);
#403 = CARTESIAN_POINT('',(13.705805542056,-1.072797484776,2.));
#404 = VECTOR('',#405,1.);
#405 = DIRECTION('',(1.59260128741E-17,3.870417880361E-17,-1.));
#406 = PCURVE('',#374,#407);
#407 = DEFINITIONAL_REPRESENTATION('',(#408),#412);
#408 = LINE('',#409,#410);
#409 = CARTESIAN_POINT('',(3.14159265359,0.));
#410 = VECTOR('',#411,1.);
#411 = DIRECTION('',(0.,1.));
#412 = ( GEOMETRIC_REPRESENTATION_CONTEXT(2) 
PARAMETRIC_REPRESENTATION_CONTEXT() REPRESENTATION_CONTEXT('2D SPACE',''
  ) );
#413 = PCURVE('',#414,#419);
#414 = CYLINDRICAL_SURFACE('',#415,3.);
#415 = AXIS2_PLACEMENT_3D('',#416,#417,#418);
#416 = CARTESIAN_POINT('',(11.570867631299,-3.180412278141,2.));
#417 = DIRECTION('',(1.59260128741E-17,3.870417880361E-17,-1.));
#418 = DIRECTION('',(-0.711645970252,-0.702538264455,-3.852484948789E-17
    ));
#419 = DEFINITIONAL_REPRESENTATION('',(#420),#424);
#420 = LINE('',#421,#422);
#421 = CARTESIAN_POINT('',(3.14159265359,0.));
#422 = VECTOR('',#423,1.);
#423 = DIRECTION('',(0.,1.));
#424 = ( GEOMETRIC_REPRESENTATION_CONTEXT(2) 
PARAMETRIC_REPRESENTATION_CONTEXT() REPRESENTATION_CONTEXT('2D SPACE',''
  ) );
#425 = ORIENTED_EDGE('',*,*,#426,.T.);
#426 = EDGE_CURVE('',#399,#427,#429,.T.);
#427 = VERTEX_POINT('',#428);
#428 = CARTESIAN_POINT('',(9.435929720542,-5.288027071507,-12.5));
#429 = SURFACE_CURVE('',#430,(#435,#442),.PCURVE_S1.);
#430 = CIRCLE('',#431,3.);
#431 = AXIS2_PLACEMENT_3D('',#432,#433,#434);
#432 = CARTESIAN_POINT('',(11.570867631299,-3.180412278141,-12.5));
#433 = DIRECTION('',(-1.59260128741E-17,-3.870417880361E-17,1.));
#434 = DIRECTION('',(-0.964238969275,0.265034356512,-5.098545114853E-18)
  );
#435 = PCURVE('',#374,#436);
#436 = DEFINITIONAL_REPRESENTATION('',(#437),#441);
#437 = LINE('',#438,#439);
#438 = CARTESIAN_POINT('',(7.330382858376,14.5));
#439 = VECTOR('',#440,1.);
#440 = DIRECTION('',(-1.,0.));
#441 = ( GEOMETRIC_REPRESENTATION_CONTEXT(2) 
PARAMETRIC_REPRESENTATION_CONTEXT() REPRESENTATION_CONTEXT('2D SPACE',''
  ) );
#442 = PCURVE('',#443,#448);
#443 = PLANE('',#444);
#444 = AXIS2_PLACEMENT_3D('',#445,#446,#447);
#445 = CARTESIAN_POINT('',(11.570867631299,-3.180412278141,-12.5));
#446 = DIRECTION('',(-1.59260128741E-17,-3.870417880361E-17,1.));
#447 = DIRECTION('',(-0.964238969275,0.265034356512,-5.098545114853E-18)
  );
#448 = DEFINITIONAL_REPRESENTATION('',(#449),#453);
#449 = CIRCLE('',#450,3.);
#450 = AXIS2_PLACEMENT_2D('',#451,#452);
#451 = CARTESIAN_POINT('',(0.,0.));
#452 = DIRECTION('',(1.,5.551115123126E-17));
#453 = ( GEOMETRIC_REPRESENTATION_CONTEXT(2) 
PARAMETRIC_REPRESENTATION_CONTEXT() REPRESENTATION_CONTEXT('2D SPACE',''
  ) );
#454 = ORIENTED_EDGE('',*,*,#455,.F.);
#455 = EDGE_CURVE('',#365,#427,#456,.T.);
#456 = SURFACE_CURVE('',#457,(#461,#468),.PCURVE_S1.);
#457 = LINE('',#458,#459);
#458 = CARTESIAN_POINT('',(9.435929720542,-5.288027071507,2.));
#459 = VECTOR('',#460,1.);
#460 = DIRECTION('',(1.59260128741E-17,3.870417880361E-17,-1.));
#461 = PCURVE('',#374,#462);
#462 = DEFINITIONAL_REPRESENTATION('',(#463),#467);
#463 = LINE('',#464,#465);
#464 = CARTESIAN_POINT('',(0.,0.));
#465 = VECTOR('',#466,1.);
#466 = DIRECTION('',(0.,1.));
#467 = ( GEOMETRIC_REPRESENTATION_CONTEXT(2) 
PARAMETRIC_REPRESENTATION_CONTEXT() REPRESENTATION_CONTEXT('2D SPACE',''
  ) );
#468 = PCURVE('',#414,#469);
#469 = DEFINITIONAL_REPRESENTATION('',(#470),#474);
#470 = LINE('',#471,#472);
#471 = CARTESIAN_POINT('',(6.28318530718,0.));
#472 = VECTOR('',#473,1.);
#473 = DIRECTION('',(0.,1.));
#474 = ( GEOMETRIC_REPRESENTATION_CONTEXT(2) 
PARAMETRIC_REPRESENTATION_CONTEXT() REPRESENTATION_CONTEXT('2D SPACE',''
  ) );
#475 = ADVANCED_FACE('',(#476),#491,.T.);
#476 = FACE_BOUND('',#477,.T.);
#477 = EDGE_LOOP('',(#478,#514,#542,#571));
#478 = ORIENTED_EDGE('',*,*,#479,.F.);
#479 = EDGE_CURVE('',#480,#482,#484,.T.);
#480 = VERTEX_POINT('',#481);
#481 = CARTESIAN_POINT('',(-0.896178077515,13.718486244968,2.));
#482 = VERTEX_POINT('',#483);
#483 = CARTESIAN_POINT('',(-5.166053899029,9.503256658237,2.));
#484 = SURFACE_CURVE('',#485,(#490,#502),.PCURVE_S1.);
#485 = CIRCLE('',#486,3.);
#486 = AXIS2_PLACEMENT_3D('',#487,#488,#489);
#487 = CARTESIAN_POINT('',(-3.031115988272,11.610871451603,2.));
#488 = DIRECTION('',(-1.59260128741E-17,-3.870417880361E-17,1.));
#489 = DIRECTION('',(0.252592999023,-0.967572620967,-3.342630437304E-17)
  );
#490 = PCURVE('',#491,#496);
#491 = CYLINDRICAL_SURFACE('',#492,3.);
#492 = AXIS2_PLACEMENT_3D('',#493,#494,#495);
#493 = CARTESIAN_POINT('',(-3.031115988272,11.610871451603,2.));
#494 = DIRECTION('',(1.59260128741E-17,3.870417880361E-17,-1.));
#495 = DIRECTION('',(-0.711645970252,-0.702538264455,-3.852484948789E-17
    ));
#496 = DEFINITIONAL_REPRESENTATION('',(#497),#501);
#497 = LINE('',#498,#499);
#498 = CARTESIAN_POINT('',(5.235987755983,0.));
#499 = VECTOR('',#500,1.);
#500 = DIRECTION('',(-1.,0.));
#501 = ( GEOMETRIC_REPRESENTATION_CONTEXT(2) 
PARAMETRIC_REPRESENTATION_CONTEXT() REPRESENTATION_CONTEXT('2D SPACE',''
  ) );
#502 = PCURVE('',#503,#508);
#503 = PLANE('',#504);
#504 = AXIS2_PLACEMENT_3D('',#505,#506,#507);
#505 = CARTESIAN_POINT('',(-3.031115988272,11.610871451603,2.));
#506 = DIRECTION('',(-1.59260128741E-17,-3.870417880361E-17,1.));
#507 = DIRECTION('',(0.252592999023,-0.967572620967,-3.342630437304E-17)
  );
#508 = DEFINITIONAL_REPRESENTATION('',(#509),#513);
#509 = CIRCLE('',#510,3.);
#510 = AXIS2_PLACEMENT_2D('',#511,#512);
#511 = CARTESIAN_POINT('',(0.,0.));
#512 = DIRECTION('',(1.,-1.110223024625E-16));
#513 = ( GEOMETRIC_REPRESENTATION_CONTEXT(2) 
PARAMETRIC_REPRESENTATION_CONTEXT() REPRESENTATION_CONTEXT('2D SPACE',''
  ) );
#514 = ORIENTED_EDGE('',*,*,#515,.T.);
#515 = EDGE_CURVE('',#480,#516,#518,.T.);
#516 = VERTEX_POINT('',#517);
#517 = CARTESIAN_POINT('',(-0.896178077515,13.718486244968,-12.5));
#518 = SURFACE_CURVE('',#519,(#523,#530),.PCURVE_S1.);
#519 = LINE('',#520,#521);
#520 = CARTESIAN_POINT('',(-0.896178077515,13.718486244968,2.));
#521 = VECTOR('',#522,1.);
#522 = DIRECTION('',(1.59260128741E-17,3.870417880361E-17,-1.));
#523 = PCURVE('',#491,#524);
#524 = DEFINITIONAL_REPRESENTATION('',(#525),#529);
#525 = LINE('',#526,#527);
#526 = CARTESIAN_POINT('',(3.14159265359,0.));
#527 = VECTOR('',#528,1.);
#528 = DIRECTION('',(0.,1.));
#529 = ( GEOMETRIC_REPRESENTATION_CONTEXT(2) 
PARAMETRIC_REPRESENTATION_CONTEXT() REPRESENTATION_CONTEXT('2D SPACE',''
  ) );
#530 = PCURVE('',#531,#536);
#531 = CYLINDRICAL_SURFACE('',#532,3.);
#532 = AXIS2_PLACEMENT_3D('',#533,#534,#535);
#533 = CARTESIAN_POINT('',(-3.031115988272,11.610871451603,2.));
#534 = DIRECTION('',(1.59260128741E-17,3.870417880361E-17,-1.));
#535 = DIRECTION('',(-0.711645970252,-0.702538264455,-3.852484948789E-17
    ));
#536 = DEFINITIONAL_REPRESENTATION('',(#537),#541);
#537 = LINE('',#538,#539);
#538 = CARTESIAN_POINT('',(3.14159265359,0.));
#539 = VECTOR('',#540,1.);
#540 = DIRECTION('',(0.,1.));
#541 = ( GEOMETRIC_REPRESENTATION_CONTEXT(2) 
PARAMETRIC_REPRESENTATION_CONTEXT() REPRESENTATION_CONTEXT('2D SPACE',''
  ) );
#542 = ORIENTED_EDGE('',*,*,#543,.T.);
#543 = EDGE_CURVE('',#516,#544,#546,.T.);
#544 = VERTEX_POINT('',#545);
#545 = CARTESIAN_POINT('',(-5.166053899029,9.503256658237,-12.5));
#546 = SURFACE_CURVE('',#547,(#552,#559),.PCURVE_S1.);
#547 = CIRCLE('',#548,3.);
#548 = AXIS2_PLACEMENT_3D('',#549,#550,#551);
#549 = CARTESIAN_POINT('',(-3.031115988272,11.610871451603,-12.5));
#550 = DIRECTION('',(-1.59260128741E-17,-3.870417880361E-17,1.));
#551 = DIRECTION('',(0.252592999023,-0.967572620967,-3.342630437304E-17)
  );
#552 = PCURVE('',#491,#553);
#553 = DEFINITIONAL_REPRESENTATION('',(#554),#558);
#554 = LINE('',#555,#556);
#555 = CARTESIAN_POINT('',(5.235987755983,14.5));
#556 = VECTOR('',#557,1.);
#557 = DIRECTION('',(-1.,0.));
#558 = ( GEOMETRIC_REPRESENTATION_CONTEXT(2) 
PARAMETRIC_REPRESENTATION_CONTEXT() REPRESENTATION_CONTEXT('2D SPACE',''
  ) );
#559 = PCURVE('',#560,#565);
#560 = PLANE('',#561);
#561 = AXIS2_PLACEMENT_3D('',#562,#563,#564);
#562 = CARTESIAN_POINT('',(-3.031115988272,11.610871451603,-12.5));
#563 = DIRECTION('',(-1.59260128741E-17,-3.870417880361E-17,1.));
#564 = DIRECTION('',(0.252592999023,-0.967572620967,-3.342630437304E-17)
  );
#565 = DEFINITIONAL_REPRESENTATION('',(#566),#570);
#566 = CIRCLE('',#567,3.);
#567 = AXIS2_PLACEMENT_2D('',#568,#569);
#568 = CARTESIAN_POINT('',(0.,0.));
#569 = DIRECTION('',(1.,-1.110223024625E-16));
#570 = ( GEOMETRIC_REPRESENTATION_CONTEXT(2) 
PARAMETRIC_REPRESENTATION_CONTEXT() REPRESENTATION_CONTEXT('2D SPACE',''
  ) );
#571 = ORIENTED_EDGE('',*,*,#572,.F.);
#572 = EDGE_CURVE('',#482,#544,#573,.T.);
#573 = SURFACE_CURVE('',#574,(#578,#585),.PCURVE_S1.);
#574 = LINE('',#575,#576);
#575 = CARTESIAN_POINT('',(-5.166053899029,9.503256658237,2.));
#576 = VECTOR('',#577,1.);
#577 = DIRECTION('',(1.59260128741E-17,3.870417880361E-17,-1.));
#578 = PCURVE('',#491,#579);
#579 = DEFINITIONAL_REPRESENTATION('',(#580),#584);
#580 = LINE('',#581,#582);
#581 = CARTESIAN_POINT('',(0.,0.));
#582 = VECTOR('',#583,1.);
#583 = DIRECTION('',(0.,1.));
#584 = ( GEOMETRIC_REPRESENTATION_CONTEXT(2) 
PARAMETRIC_REPRESENTATION_CONTEXT() REPRESENTATION_CONTEXT('2D SPACE',''
  ) );
#585 = PCURVE('',#531,#586);
#586 = DEFINITIONAL_REPRESENTATION('',(#587),#591);
#587 = LINE('',#588,#589);
#588 = CARTESIAN_POINT('',(6.28318530718,0.));
#589 = VECTOR('',#590,1.);
#590 = DIRECTION('',(0.,1.));
#591 = ( GEOMETRIC_REPRESENTATION_CONTEXT(2) 
PARAMETRIC_REPRESENTATION_CONTEXT() REPRESENTATION_CONTEXT('2D SPACE',''
  ) );
#592 = ADVANCED_FACE('',(#593),#608,.T.);
#593 = FACE_BOUND('',#594,.T.);
#594 = EDGE_LOOP('',(#595,#626,#654,#683));
#595 = ORIENTED_EDGE('',*,*,#596,.F.);
#596 = EDGE_CURVE('',#597,#599,#601,.T.);
#597 = VERTEX_POINT('',#598);
#598 = CARTESIAN_POINT('',(14.417451512308,-0.37025922032,-12.5));
#599 = VERTEX_POINT('',#600);
#600 = CARTESIAN_POINT('',(8.72428375029,-5.990565335962,-12.5));
#601 = SURFACE_CURVE('',#602,(#607,#619),.PCURVE_S1.);
#602 = CIRCLE('',#603,4.);
#603 = AXIS2_PLACEMENT_3D('',#604,#605,#606);
#604 = CARTESIAN_POINT('',(11.570867631299,-3.180412278141,-12.5));
#605 = DIRECTION('',(-1.59260128741E-17,-3.870417880361E-17,1.));
#606 = DIRECTION('',(-0.964238969275,0.265034356512,-5.098545114853E-18)
  );
#607 = PCURVE('',#608,#613);
#608 = CYLINDRICAL_SURFACE('',#609,4.);
#609 = AXIS2_PLACEMENT_3D('',#610,#611,#612);
#610 = CARTESIAN_POINT('',(11.570867631299,-3.180412278141,-12.5));
#611 = DIRECTION('',(1.59260128741E-17,3.870417880361E-17,-1.));
#612 = DIRECTION('',(-0.711645970252,-0.702538264455,-3.852484948789E-17
    ));
#613 = DEFINITIONAL_REPRESENTATION('',(#614),#618);
#614 = LINE('',#615,#616);
#615 = CARTESIAN_POINT('',(7.330382858376,0.));
#616 = VECTOR('',#617,1.);
#617 = DIRECTION('',(-1.,0.));
#618 = ( GEOMETRIC_REPRESENTATION_CONTEXT(2) 
PARAMETRIC_REPRESENTATION_CONTEXT() REPRESENTATION_CONTEXT('2D SPACE',''
  ) );
#619 = PCURVE('',#443,#620);
#620 = DEFINITIONAL_REPRESENTATION('',(#621),#625);
#621 = CIRCLE('',#622,4.);
#622 = AXIS2_PLACEMENT_2D('',#623,#624);
#623 = CARTESIAN_POINT('',(0.,0.));
#624 = DIRECTION('',(1.,5.551115123126E-17));
#625 = ( GEOMETRIC_REPRESENTATION_CONTEXT(2) 
PARAMETRIC_REPRESENTATION_CONTEXT() REPRESENTATION_CONTEXT('2D SPACE',''
  ) );
#626 = ORIENTED_EDGE('',*,*,#627,.T.);
#627 = EDGE_CURVE('',#597,#628,#630,.T.);
#628 = VERTEX_POINT('',#629);
#629 = CARTESIAN_POINT('',(14.417451512308,-0.37025922032,-13.));
#630 = SURFACE_CURVE('',#631,(#635,#642),.PCURVE_S1.);
#631 = LINE('',#632,#633);
#632 = CARTESIAN_POINT('',(14.417451512308,-0.37025922032,-12.5));
#633 = VECTOR('',#634,1.);
#634 = DIRECTION('',(1.59260128741E-17,3.870417880361E-17,-1.));
#635 = PCURVE('',#608,#636);
#636 = DEFINITIONAL_REPRESENTATION('',(#637),#641);
#637 = LINE('',#638,#639);
#638 = CARTESIAN_POINT('',(3.14159265359,0.));
#639 = VECTOR('',#640,1.);
#640 = DIRECTION('',(0.,1.));
#641 = ( GEOMETRIC_REPRESENTATION_CONTEXT(2) 
PARAMETRIC_REPRESENTATION_CONTEXT() REPRESENTATION_CONTEXT('2D SPACE',''
  ) );
#642 = PCURVE('',#643,#648);
#643 = CYLINDRICAL_SURFACE('',#644,4.);
#644 = AXIS2_PLACEMENT_3D('',#645,#646,#647);
#645 = CARTESIAN_POINT('',(11.570867631299,-3.180412278141,-12.5));
#646 = DIRECTION('',(1.59260128741E-17,3.870417880361E-17,-1.));
#647 = DIRECTION('',(-0.711645970252,-0.702538264455,-3.852484948789E-17
    ));
#648 = DEFINITIONAL_REPRESENTATION('',(#649),#653);
#649 = LINE('',#650,#651);
#650 = CARTESIAN_POINT('',(3.14159265359,0.));
#651 = VECTOR('',#652,1.);
#652 = DIRECTION('',(0.,1.));
#653 = ( GEOMETRIC_REPRESENTATION_CONTEXT(2) 
PARAMETRIC_REPRESENTATION_CONTEXT() REPRESENTATION_CONTEXT('2D SPACE',''
  ) );
#654 = ORIENTED_EDGE('',*,*,#655,.T.);
#655 = EDGE_CURVE('',#628,#656,#658,.T.);
#656 = VERTEX_POINT('',#657);
#657 = CARTESIAN_POINT('',(8.72428375029,-5.990565335962,-13.));
#658 = SURFACE_CURVE('',#659,(#664,#671),.PCURVE_S1.);
#659 = CIRCLE('',#660,4.);
#660 = AXIS2_PLACEMENT_3D('',#661,#662,#663);
#661 = CARTESIAN_POINT('',(11.570867631299,-3.180412278141,-13.));
#662 = DIRECTION('',(-1.59260128741E-17,-3.870417880361E-17,1.));
#663 = DIRECTION('',(-0.964238969275,0.265034356512,-5.098545114853E-18)
  );
#664 = PCURVE('',#608,#665);
#665 = DEFINITIONAL_REPRESENTATION('',(#666),#670);
#666 = LINE('',#667,#668);
#667 = CARTESIAN_POINT('',(7.330382858376,0.5));
#668 = VECTOR('',#669,1.);
#669 = DIRECTION('',(-1.,0.));
#670 = ( GEOMETRIC_REPRESENTATION_CONTEXT(2) 
PARAMETRIC_REPRESENTATION_CONTEXT() REPRESENTATION_CONTEXT('2D SPACE',''
  ) );
#671 = PCURVE('',#672,#677);
#672 = PLANE('',#673);
#673 = AXIS2_PLACEMENT_3D('',#674,#675,#676);
#674 = CARTESIAN_POINT('',(-6.409960140579E-14,-9.781735634291E-15,-13.)
  );
#675 = DIRECTION('',(-1.59260128741E-17,-3.870417880361E-17,1.));
#676 = DIRECTION('',(0.711645970252,0.702538264455,3.852484948789E-17));
#677 = DEFINITIONAL_REPRESENTATION('',(#678),#682);
#678 = CIRCLE('',#679,4.);
#679 = AXIS2_PLACEMENT_2D('',#680,#681);
#680 = CARTESIAN_POINT('',(6.,-10.39230484541));
#681 = DIRECTION('',(-0.5,0.866025403784));
#682 = ( GEOMETRIC_REPRESENTATION_CONTEXT(2) 
PARAMETRIC_REPRESENTATION_CONTEXT() REPRESENTATION_CONTEXT('2D SPACE',''
  ) );
#683 = ORIENTED_EDGE('',*,*,#684,.F.);
#684 = EDGE_CURVE('',#599,#656,#685,.T.);
#685 = SURFACE_CURVE('',#686,(#690,#697),.PCURVE_S1.);
#686 = LINE('',#687,#688);
#687 = CARTESIAN_POINT('',(8.72428375029,-5.990565335962,-12.5));
#688 = VECTOR('',#689,1.);
#689 = DIRECTION('',(1.59260128741E-17,3.870417880361E-17,-1.));
#690 = PCURVE('',#608,#691);
#691 = DEFINITIONAL_REPRESENTATION('',(#692),#696);
#692 = LINE('',#693,#694);
#693 = CARTESIAN_POINT('',(0.,0.));
#694 = VECTOR('',#695,1.);
#695 = DIRECTION('',(0.,1.));
#696 = ( GEOMETRIC_REPRESENTATION_CONTEXT(2) 
PARAMETRIC_REPRESENTATION_CONTEXT() REPRESENTATION_CONTEXT('2D SPACE',''
  ) );
#697 = PCURVE('',#643,#698);
#698 = DEFINITIONAL_REPRESENTATION('',(#699),#703);
#699 = LINE('',#700,#701);
#700 = CARTESIAN_POINT('',(6.28318530718,0.));
#701 = VECTOR('',#702,1.);
#702 = DIRECTION('',(0.,1.));
#703 = ( GEOMETRIC_REPRESENTATION_CONTEXT(2) 
PARAMETRIC_REPRESENTATION_CONTEXT() REPRESENTATION_CONTEXT('2D SPACE',''
  ) );
#704 = ADVANCED_FACE('',(#705),#720,.T.);
#705 = FACE_BOUND('',#706,.T.);
#706 = EDGE_LOOP('',(#707,#738,#766,#790));
#707 = ORIENTED_EDGE('',*,*,#708,.F.);
#708 = EDGE_CURVE('',#709,#711,#713,.T.);
#709 = VERTEX_POINT('',#710);
#710 = CARTESIAN_POINT('',(-0.184532107262,14.421024509423,-12.5));
#711 = VERTEX_POINT('',#712);
#712 = CARTESIAN_POINT('',(-5.877699869281,8.800718393782,-12.5));
#713 = SURFACE_CURVE('',#714,(#719,#731),.PCURVE_S1.);
#714 = CIRCLE('',#715,4.);
#715 = AXIS2_PLACEMENT_3D('',#716,#717,#718);
#716 = CARTESIAN_POINT('',(-3.031115988272,11.610871451603,-12.5));
#717 = DIRECTION('',(-1.59260128741E-17,-3.870417880361E-17,1.));
#718 = DIRECTION('',(0.252592999023,-0.967572620967,-3.342630437304E-17)
  );
#719 = PCURVE('',#720,#725);
#720 = CYLINDRICAL_SURFACE('',#721,4.);
#721 = AXIS2_PLACEMENT_3D('',#722,#723,#724);
#722 = CARTESIAN_POINT('',(-3.031115988272,11.610871451603,-12.5));
#723 = DIRECTION('',(1.59260128741E-17,3.870417880361E-17,-1.));
#724 = DIRECTION('',(-0.711645970252,-0.702538264455,-3.852484948789E-17
    ));
#725 = DEFINITIONAL_REPRESENTATION('',(#726),#730);
#726 = LINE('',#727,#728);
#727 = CARTESIAN_POINT('',(5.235987755983,0.));
#728 = VECTOR('',#729,1.);
#729 = DIRECTION('',(-1.,0.));
#730 = ( GEOMETRIC_REPRESENTATION_CONTEXT(2) 
PARAMETRIC_REPRESENTATION_CONTEXT() REPRESENTATION_CONTEXT('2D SPACE',''
  ) );
#731 = PCURVE('',#560,#732);
#732 = DEFINITIONAL_REPRESENTATION('',(#733),#737);
#733 = CIRCLE('',#734,4.);
#734 = AXIS2_PLACEMENT_2D('',#735,#736);
#735 = CARTESIAN_POINT('',(0.,0.));
#736 = DIRECTION('',(1.,-1.110223024625E-16));
#737 = ( GEOMETRIC_REPRESENTATION_CONTEXT(2) 
PARAMETRIC_REPRESENTATION_CONTEXT() REPRESENTATION_CONTEXT('2D SPACE',''
  ) );
#738 = ORIENTED_EDGE('',*,*,#739,.T.);
#739 = EDGE_CURVE('',#709,#740,#742,.T.);
#740 = VERTEX_POINT('',#741);
#741 = CARTESIAN_POINT('',(-0.184532107262,14.421024509423,-13.));
#742 = SURFACE_CURVE('',#743,(#747,#754),.PCURVE_S1.);
#743 = LINE('',#744,#745);
#744 = CARTESIAN_POINT('',(-0.184532107262,14.421024509423,-12.5));
#745 = VECTOR('',#746,1.);
#746 = DIRECTION('',(1.59260128741E-17,3.870417880361E-17,-1.));
#747 = PCURVE('',#720,#748);
#748 = DEFINITIONAL_REPRESENTATION('',(#749),#753);
#749 = LINE('',#750,#751);
#750 = CARTESIAN_POINT('',(3.14159265359,0.));
#751 = VECTOR('',#752,1.);
#752 = DIRECTION('',(0.,1.));
#753 = ( GEOMETRIC_REPRESENTATION_CONTEXT(2) 
PARAMETRIC_REPRESENTATION_CONTEXT() REPRESENTATION_CONTEXT('2D SPACE',''
  ) );
#754 = PCURVE('',#755,#760);
#755 = CYLINDRICAL_SURFACE('',#756,4.);
#756 = AXIS2_PLACEMENT_3D('',#757,#758,#759);
#757 = CARTESIAN_POINT('',(-3.031115988272,11.610871451603,-12.5));
#758 = DIRECTION('',(1.59260128741E-17,3.870417880361E-17,-1.));
#759 = DIRECTION('',(-0.711645970252,-0.702538264455,-3.852484948789E-17
    ));
#760 = DEFINITIONAL_REPRESENTATION('',(#761),#765);
#761 = LINE('',#762,#763);
#762 = CARTESIAN_POINT('',(3.14159265359,0.));
#763 = VECTOR('',#764,1.);
#764 = DIRECTION('',(0.,1.));
#765 = ( GEOMETRIC_REPRESENTATION_CONTEXT(2) 
PARAMETRIC_REPRESENTATION_CONTEXT() REPRESENTATION_CONTEXT('2D SPACE',''
  ) );
#766 = ORIENTED_EDGE('',*,*,#767,.T.);
#767 = EDGE_CURVE('',#740,#768,#770,.T.);
#768 = VERTEX_POINT('',#769);
#769 = CARTESIAN_POINT('',(-5.877699869281,8.800718393782,-13.));
#770 = SURFACE_CURVE('',#771,(#776,#783),.PCURVE_S1.);
#771 = CIRCLE('',#772,4.);
#772 = AXIS2_PLACEMENT_3D('',#773,#774,#775);
#773 = CARTESIAN_POINT('',(-3.031115988272,11.610871451603,-13.));
#774 = DIRECTION('',(-1.59260128741E-17,-3.870417880361E-17,1.));
#775 = DIRECTION('',(0.252592999023,-0.967572620967,-3.342630437304E-17)
  );
#776 = PCURVE('',#720,#777);
#777 = DEFINITIONAL_REPRESENTATION('',(#778),#782);
#778 = LINE('',#779,#780);
#779 = CARTESIAN_POINT('',(5.235987755983,0.5));
#780 = VECTOR('',#781,1.);
#781 = DIRECTION('',(-1.,0.));
#782 = ( GEOMETRIC_REPRESENTATION_CONTEXT(2) 
PARAMETRIC_REPRESENTATION_CONTEXT() REPRESENTATION_CONTEXT('2D SPACE',''
  ) );
#783 = PCURVE('',#672,#784);
#784 = DEFINITIONAL_REPRESENTATION('',(#785),#789);
#785 = CIRCLE('',#786,4.);
#786 = AXIS2_PLACEMENT_2D('',#787,#788);
#787 = CARTESIAN_POINT('',(6.,10.392304845413));
#788 = DIRECTION('',(-0.5,-0.866025403784));
#789 = ( GEOMETRIC_REPRESENTATION_CONTEXT(2) 
PARAMETRIC_REPRESENTATION_CONTEXT() REPRESENTATION_CONTEXT('2D SPACE',''
  ) );
#790 = ORIENTED_EDGE('',*,*,#791,.F.);
#791 = EDGE_CURVE('',#711,#768,#792,.T.);
#792 = SURFACE_CURVE('',#793,(#797,#804),.PCURVE_S1.);
#793 = LINE('',#794,#795);
#794 = CARTESIAN_POINT('',(-5.877699869281,8.800718393782,-12.5));
#795 = VECTOR('',#796,1.);
#796 = DIRECTION('',(1.59260128741E-17,3.870417880361E-17,-1.));
#797 = PCURVE('',#720,#798);
#798 = DEFINITIONAL_REPRESENTATION('',(#799),#803);
#799 = LINE('',#800,#801);
#800 = CARTESIAN_POINT('',(0.,0.));
#801 = VECTOR('',#802,1.);
#802 = DIRECTION('',(0.,1.));
#803 = ( GEOMETRIC_REPRESENTATION_CONTEXT(2) 
PARAMETRIC_REPRESENTATION_CONTEXT() REPRESENTATION_CONTEXT('2D SPACE',''
  ) );
#804 = PCURVE('',#755,#805);
#805 = DEFINITIONAL_REPRESENTATION('',(#806),#810);
#806 = LINE('',#807,#808);
#807 = CARTESIAN_POINT('',(6.28318530718,0.));
#808 = VECTOR('',#809,1.);
#809 = DIRECTION('',(0.,1.));
#810 = ( GEOMETRIC_REPRESENTATION_CONTEXT(2) 
PARAMETRIC_REPRESENTATION_CONTEXT() REPRESENTATION_CONTEXT('2D SPACE',''
  ) );
#811 = ADVANCED_FACE('',(#812),#827,.T.);
#812 = FACE_BOUND('',#813,.T.);
#813 = EDGE_LOOP('',(#814,#849,#877,#901));
#814 = ORIENTED_EDGE('',*,*,#815,.F.);
#815 = EDGE_CURVE('',#816,#818,#820,.T.);
#816 = VERTEX_POINT('',#817);
#817 = CARTESIAN_POINT('',(8.525944516875,-12.37179998136,-13.));
#818 = VERTEX_POINT('',#819);
#819 = CARTESIAN_POINT('',(8.019123876547,-15.55453799547,-13.));
#820 = SURFACE_CURVE('',#821,(#826,#838),.PCURVE_S1.);
#821 = CIRCLE('',#822,2.);
#822 = AXIS2_PLACEMENT_3D('',#823,#824,#825);
#823 = CARTESIAN_POINT('',(7.10265257637,-13.77687651027,-13.));
#824 = DIRECTION('',(1.59260128741E-17,3.870417880361E-17,-1.));
#825 = DIRECTION('',(0.711645970252,0.702538264455,3.852484948789E-17));
#826 = PCURVE('',#827,#832);
#827 = CYLINDRICAL_SURFACE('',#828,2.);
#828 = AXIS2_PLACEMENT_3D('',#829,#830,#831);
#829 = CARTESIAN_POINT('',(7.10265257637,-13.77687651027,-13.));
#830 = DIRECTION('',(-1.59260128741E-17,-3.870417880361E-17,1.));
#831 = DIRECTION('',(0.711645970252,0.702538264455,3.852484948789E-17));
#832 = DEFINITIONAL_REPRESENTATION('',(#833),#837);
#833 = LINE('',#834,#835);
#834 = CARTESIAN_POINT('',(6.28318530718,-4.440892098501E-16));
#835 = VECTOR('',#836,1.);
#836 = DIRECTION('',(-1.,0.));
#837 = ( GEOMETRIC_REPRESENTATION_CONTEXT(2) 
PARAMETRIC_REPRESENTATION_CONTEXT() REPRESENTATION_CONTEXT('2D SPACE',''
  ) );
#838 = PCURVE('',#672,#839);
#839 = DEFINITIONAL_REPRESENTATION('',(#840),#848);
#840 = ( BOUNDED_CURVE() B_SPLINE_CURVE(2,(#841,#842,#843,#844,#845,#846
,#847),.UNSPECIFIED.,.T.,.F.) B_SPLINE_CURVE_WITH_KNOTS((1,2,2,2,2,1),(
    -2.094395102393,0.,2.094395102393,4.188790204786,6.28318530718,
8.377580409573),.UNSPECIFIED.) CURVE() GEOMETRIC_REPRESENTATION_ITEM() 
RATIONAL_B_SPLINE_CURVE((1.,0.5,1.,0.5,1.,0.5,1.)) REPRESENTATION_ITEM(
  '') );
#841 = CARTESIAN_POINT('',(-2.624208829066,-14.79414386523));
#842 = CARTESIAN_POINT('',(-2.624208829066,-18.25824548037));
#843 = CARTESIAN_POINT('',(-5.624208829066,-16.5261946728));
#844 = CARTESIAN_POINT('',(-8.624208829066,-14.79414386523));
#845 = CARTESIAN_POINT('',(-5.624208829066,-13.06209305766));
#846 = CARTESIAN_POINT('',(-2.624208829066,-11.33004225009));
#847 = CARTESIAN_POINT('',(-2.624208829066,-14.79414386523));
#848 = ( GEOMETRIC_REPRESENTATION_CONTEXT(2) 
PARAMETRIC_REPRESENTATION_CONTEXT() REPRESENTATION_CONTEXT('2D SPACE',''
  ) );
#849 = ORIENTED_EDGE('',*,*,#850,.T.);
#850 = EDGE_CURVE('',#816,#851,#853,.T.);
#851 = VERTEX_POINT('',#852);
#852 = CARTESIAN_POINT('',(8.525944516875,-12.37179998136,-5.));
#853 = SURFACE_CURVE('',#854,(#858,#865),.PCURVE_S1.);
#854 = LINE('',#855,#856);
#855 = CARTESIAN_POINT('',(8.525944516875,-12.37179998136,-13.));
#856 = VECTOR('',#857,1.);
#857 = DIRECTION('',(-1.59260128741E-17,-3.870417880361E-17,1.));
#858 = PCURVE('',#827,#859);
#859 = DEFINITIONAL_REPRESENTATION('',(#860),#864);
#860 = LINE('',#861,#862);
#861 = CARTESIAN_POINT('',(6.28318530718,0.));
#862 = VECTOR('',#863,1.);
#863 = DIRECTION('',(0.,1.));
#864 = ( GEOMETRIC_REPRESENTATION_CONTEXT(2) 
PARAMETRIC_REPRESENTATION_CONTEXT() REPRESENTATION_CONTEXT('2D SPACE',''
  ) );
#865 = PCURVE('',#866,#871);
#866 = CYLINDRICAL_SURFACE('',#867,2.);
#867 = AXIS2_PLACEMENT_3D('',#868,#869,#870);
#868 = CARTESIAN_POINT('',(7.10265257637,-13.77687651027,-13.));
#869 = DIRECTION('',(-1.59260128741E-17,-3.870417880361E-17,1.));
#870 = DIRECTION('',(0.711645970252,0.702538264455,3.852484948789E-17));
#871 = DEFINITIONAL_REPRESENTATION('',(#872),#876);
#872 = LINE('',#873,#874);
#873 = CARTESIAN_POINT('',(0.,0.));
#874 = VECTOR('',#875,1.);
#875 = DIRECTION('',(0.,1.));
#876 = ( GEOMETRIC_REPRESENTATION_CONTEXT(2) 
PARAMETRIC_REPRESENTATION_CONTEXT() REPRESENTATION_CONTEXT('2D SPACE',''
  ) );
#877 = ORIENTED_EDGE('',*,*,#878,.F.);
#878 = EDGE_CURVE('',#879,#851,#881,.T.);
#879 = VERTEX_POINT('',#880);
#880 = CARTESIAN_POINT('',(8.019123876547,-15.55453799547,-5.));
#881 = SURFACE_CURVE('',#882,(#887,#894),.PCURVE_S1.);
#882 = CIRCLE('',#883,2.);
#883 = AXIS2_PLACEMENT_3D('',#884,#885,#886);
#884 = CARTESIAN_POINT('',(7.10265257637,-13.77687651027,-5.));
#885 = DIRECTION('',(-1.59260128741E-17,-3.870417880361E-17,1.));
#886 = DIRECTION('',(0.711645970252,0.702538264455,3.852484948789E-17));
#887 = PCURVE('',#827,#888);
#888 = DEFINITIONAL_REPRESENTATION('',(#889),#893);
#889 = LINE('',#890,#891);
#890 = CARTESIAN_POINT('',(0.,8.));
#891 = VECTOR('',#892,1.);
#892 = DIRECTION('',(1.,0.));
#893 = ( GEOMETRIC_REPRESENTATION_CONTEXT(2) 
PARAMETRIC_REPRESENTATION_CONTEXT() REPRESENTATION_CONTEXT('2D SPACE',''
  ) );
#894 = PCURVE('',#190,#895);
#895 = DEFINITIONAL_REPRESENTATION('',(#896),#900);
#896 = CIRCLE('',#897,2.);
#897 = AXIS2_PLACEMENT_2D('',#898,#899);
#898 = CARTESIAN_POINT('',(-7.624208829066,-9.597991442526));
#899 = DIRECTION('',(1.,0.));
#900 = ( GEOMETRIC_REPRESENTATION_CONTEXT(2) 
PARAMETRIC_REPRESENTATION_CONTEXT() REPRESENTATION_CONTEXT('2D SPACE',''
  ) );
#901 = ORIENTED_EDGE('',*,*,#902,.F.);
#902 = EDGE_CURVE('',#818,#879,#903,.T.);
#903 = SURFACE_CURVE('',#904,(#908,#915),.PCURVE_S1.);
#904 = LINE('',#905,#906);
#905 = CARTESIAN_POINT('',(8.019123876547,-15.55453799547,-13.));
#906 = VECTOR('',#907,1.);
#907 = DIRECTION('',(-1.59260128741E-17,-3.870417880361E-17,1.));
#908 = PCURVE('',#827,#909);
#909 = DEFINITIONAL_REPRESENTATION('',(#910),#914);
#910 = LINE('',#911,#912);
#911 = CARTESIAN_POINT('',(4.409440138994,-4.440892098501E-16));
#912 = VECTOR('',#913,1.);
#913 = DIRECTION('',(0.,1.));
#914 = ( GEOMETRIC_REPRESENTATION_CONTEXT(2) 
PARAMETRIC_REPRESENTATION_CONTEXT() REPRESENTATION_CONTEXT('2D SPACE',''
  ) );
#915 = PCURVE('',#916,#921);
#916 = CYLINDRICAL_SURFACE('',#917,17.5);
#917 = AXIS2_PLACEMENT_3D('',#918,#919,#920);
#918 = CARTESIAN_POINT('',(-6.409960140579E-14,-9.781735634291E-15,-13.)
  );
#919 = DIRECTION('',(1.59260128741E-17,3.870417880361E-17,-1.));
#920 = DIRECTION('',(-0.711645970252,-0.702538264455,-3.852484948789E-17
    ));
#921 = DEFINITIONAL_REPRESENTATION('',(#922),#926);
#922 = LINE('',#923,#924);
#923 = CARTESIAN_POINT('',(5.015337821775,0.));
#924 = VECTOR('',#925,1.);
#925 = DIRECTION('',(0.,-1.));
#926 = ( GEOMETRIC_REPRESENTATION_CONTEXT(2) 
PARAMETRIC_REPRESENTATION_CONTEXT() REPRESENTATION_CONTEXT('2D SPACE',''
  ) );
#927 = ADVANCED_FACE('',(#928),#943,.T.);
#928 = FACE_BOUND('',#929,.T.);
#929 = EDGE_LOOP('',(#930,#965,#993,#1017));
#930 = ORIENTED_EDGE('',*,*,#931,.F.);
#931 = EDGE_CURVE('',#932,#934,#936,.T.);
#932 = VERTEX_POINT('',#933);
#933 = CARTESIAN_POINT('',(-12.26095979348,8.684585748686,-13.));
#934 = VERTEX_POINT('',#935);
#935 = CARTESIAN_POINT('',(-11.83153247386,8.032789607919,-13.));
#936 = SURFACE_CURVE('',#937,(#942,#954),.PCURVE_S1.);
#937 = CIRCLE('',#938,2.);
#938 = AXIS2_PLACEMENT_3D('',#939,#940,#941);
#939 = CARTESIAN_POINT('',(-13.68425173399,7.279509219775,-13.));
#940 = DIRECTION('',(1.59260128741E-17,3.870417880361E-17,-1.));
#941 = DIRECTION('',(0.711645970252,0.702538264455,3.852484948789E-17));
#942 = PCURVE('',#943,#948);
#943 = CYLINDRICAL_SURFACE('',#944,2.);
#944 = AXIS2_PLACEMENT_3D('',#945,#946,#947);
#945 = CARTESIAN_POINT('',(-13.68425173399,7.279509219775,-5.));
#946 = DIRECTION('',(-1.59260128741E-17,-3.870417880361E-17,1.));
#947 = DIRECTION('',(0.711645970252,0.702538264455,3.852484948789E-17));
#948 = DEFINITIONAL_REPRESENTATION('',(#949),#953);
#949 = LINE('',#950,#951);
#950 = CARTESIAN_POINT('',(6.28318530718,-8.));
#951 = VECTOR('',#952,1.);
#952 = DIRECTION('',(-1.,0.));
#953 = ( GEOMETRIC_REPRESENTATION_CONTEXT(2) 
PARAMETRIC_REPRESENTATION_CONTEXT() REPRESENTATION_CONTEXT('2D SPACE',''
  ) );
#954 = PCURVE('',#672,#955);
#955 = DEFINITIONAL_REPRESENTATION('',(#956),#964);
#956 = ( BOUNDED_CURVE() B_SPLINE_CURVE(2,(#957,#958,#959,#960,#961,#962
,#963),.UNSPECIFIED.,.T.,.F.) B_SPLINE_CURVE_WITH_KNOTS((1,2,2,2,2,1),(
    -2.094395102393,0.,2.094395102393,4.188790204786,6.28318530718,
8.377580409573),.UNSPECIFIED.) CURVE() GEOMETRIC_REPRESENTATION_ITEM() 
RATIONAL_B_SPLINE_CURVE((1.,0.5,1.,0.5,1.,0.5,1.)) REPRESENTATION_ITEM(
  '') );
#957 = CARTESIAN_POINT('',(-2.624208829066,14.794143865232));
#958 = CARTESIAN_POINT('',(-2.624208829066,11.330042250095));
#959 = CARTESIAN_POINT('',(-5.624208829066,13.062093057663));
#960 = CARTESIAN_POINT('',(-8.624208829066,14.794143865232));
#961 = CARTESIAN_POINT('',(-5.624208829066,16.526194672801));
#962 = CARTESIAN_POINT('',(-2.624208829066,18.25824548037));
#963 = CARTESIAN_POINT('',(-2.624208829066,14.794143865232));
#964 = ( GEOMETRIC_REPRESENTATION_CONTEXT(2) 
PARAMETRIC_REPRESENTATION_CONTEXT() REPRESENTATION_CONTEXT('2D SPACE',''
  ) );
#965 = ORIENTED_EDGE('',*,*,#966,.T.);
#966 = EDGE_CURVE('',#932,#967,#969,.T.);
#967 = VERTEX_POINT('',#968);
#968 = CARTESIAN_POINT('',(-12.26095979348,8.684585748686,-5.));
#969 = SURFACE_CURVE('',#970,(#974,#981),.PCURVE_S1.);
#970 = LINE('',#971,#972);
#971 = CARTESIAN_POINT('',(-12.26095979348,8.684585748686,-5.));
#972 = VECTOR('',#973,1.);
#973 = DIRECTION('',(-1.59260128741E-17,-3.870417880361E-17,1.));
#974 = PCURVE('',#943,#975);
#975 = DEFINITIONAL_REPRESENTATION('',(#976),#980);
#976 = LINE('',#977,#978);
#977 = CARTESIAN_POINT('',(6.28318530718,0.));
#978 = VECTOR('',#979,1.);
#979 = DIRECTION('',(0.,1.));
#980 = ( GEOMETRIC_REPRESENTATION_CONTEXT(2) 
PARAMETRIC_REPRESENTATION_CONTEXT() REPRESENTATION_CONTEXT('2D SPACE',''
  ) );
#981 = PCURVE('',#982,#987);
#982 = CYLINDRICAL_SURFACE('',#983,2.);
#983 = AXIS2_PLACEMENT_3D('',#984,#985,#986);
#984 = CARTESIAN_POINT('',(-13.68425173399,7.279509219775,-5.));
#985 = DIRECTION('',(-1.59260128741E-17,-3.870417880361E-17,1.));
#986 = DIRECTION('',(0.711645970252,0.702538264455,3.852484948789E-17));
#987 = DEFINITIONAL_REPRESENTATION('',(#988),#992);
#988 = LINE('',#989,#990);
#989 = CARTESIAN_POINT('',(0.,0.));
#990 = VECTOR('',#991,1.);
#991 = DIRECTION('',(0.,1.));
#992 = ( GEOMETRIC_REPRESENTATION_CONTEXT(2) 
PARAMETRIC_REPRESENTATION_CONTEXT() REPRESENTATION_CONTEXT('2D SPACE',''
  ) );
#993 = ORIENTED_EDGE('',*,*,#994,.F.);
#994 = EDGE_CURVE('',#995,#967,#997,.T.);
#995 = VERTEX_POINT('',#996);
#996 = CARTESIAN_POINT('',(-11.83153247386,8.032789607919,-5.));
#997 = SURFACE_CURVE('',#998,(#1003,#1010),.PCURVE_S1.);
#998 = CIRCLE('',#999,2.);
#999 = AXIS2_PLACEMENT_3D('',#1000,#1001,#1002);
#1000 = CARTESIAN_POINT('',(-13.68425173399,7.279509219775,-5.));
#1001 = DIRECTION('',(-1.59260128741E-17,-3.870417880361E-17,1.));
#1002 = DIRECTION('',(0.711645970252,0.702538264455,3.852484948789E-17)
  );
#1003 = PCURVE('',#943,#1004);
#1004 = DEFINITIONAL_REPRESENTATION('',(#1005),#1009);
#1005 = LINE('',#1006,#1007);
#1006 = CARTESIAN_POINT('',(-8.881784197001E-16,0.));
#1007 = VECTOR('',#1008,1.);
#1008 = DIRECTION('',(1.,0.));
#1009 = ( GEOMETRIC_REPRESENTATION_CONTEXT(2) 
PARAMETRIC_REPRESENTATION_CONTEXT() REPRESENTATION_CONTEXT('2D SPACE',''
  ) );
#1010 = PCURVE('',#302,#1011);
#1011 = DEFINITIONAL_REPRESENTATION('',(#1012),#1016);
#1012 = CIRCLE('',#1013,2.);
#1013 = AXIS2_PLACEMENT_2D('',#1014,#1015);
#1014 = CARTESIAN_POINT('',(-7.624208829066,9.597991442526));
#1015 = DIRECTION('',(1.,0.));
#1016 = ( GEOMETRIC_REPRESENTATION_CONTEXT(2) 
PARAMETRIC_REPRESENTATION_CONTEXT() REPRESENTATION_CONTEXT('2D SPACE',''
  ) );
#1017 = ORIENTED_EDGE('',*,*,#1018,.F.);
#1018 = EDGE_CURVE('',#934,#995,#1019,.T.);
#1019 = SURFACE_CURVE('',#1020,(#1024,#1031),.PCURVE_S1.);
#1020 = LINE('',#1021,#1022);
#1021 = CARTESIAN_POINT('',(-11.83153247386,8.032789607919,-5.));
#1022 = VECTOR('',#1023,1.);
#1023 = DIRECTION('',(-1.59260128741E-17,-3.870417880361E-17,1.));
#1024 = PCURVE('',#943,#1025);
#1025 = DEFINITIONAL_REPRESENTATION('',(#1026),#1030);
#1026 = LINE('',#1027,#1028);
#1027 = CARTESIAN_POINT('',(5.890394027659,0.));
#1028 = VECTOR('',#1029,1.);
#1029 = DIRECTION('',(0.,1.));
#1030 = ( GEOMETRIC_REPRESENTATION_CONTEXT(2) 
PARAMETRIC_REPRESENTATION_CONTEXT() REPRESENTATION_CONTEXT('2D SPACE',''
  ) );
#1031 = PCURVE('',#1032,#1037);
#1032 = CYLINDRICAL_SURFACE('',#1033,9.5);
#1033 = AXIS2_PLACEMENT_3D('',#1034,#1035,#1036);
#1034 = CARTESIAN_POINT('',(-3.031115988272,11.610871451603,-5.));
#1035 = DIRECTION('',(1.59260128741E-17,3.870417880361E-17,-1.));
#1036 = DIRECTION('',(-0.711645970252,-0.702538264455,
    -3.852484948789E-17));
#1037 = DEFINITIONAL_REPRESENTATION('',(#1038),#1042);
#1038 = LINE('',#1039,#1040);
#1039 = CARTESIAN_POINT('',(0.392791279521,0.));
#1040 = VECTOR('',#1041,1.);
#1041 = DIRECTION('',(0.,-1.));
#1042 = ( GEOMETRIC_REPRESENTATION_CONTEXT(2) 
PARAMETRIC_REPRESENTATION_CONTEXT() REPRESENTATION_CONTEXT('2D SPACE',''
  ) );
#1043 = ADVANCED_FACE('',(#1044),#1059,.T.);
#1044 = FACE_BOUND('',#1045,.T.);
#1045 = EDGE_LOOP('',(#1046,#1082,#1110,#1139));
#1046 = ORIENTED_EDGE('',*,*,#1047,.F.);
#1047 = EDGE_CURVE('',#1048,#1050,#1052,.T.);
#1048 = VERTEX_POINT('',#1049);
#1049 = CARTESIAN_POINT('',(-6.404813732271,-6.322844380096,2.));
#1050 = VERTEX_POINT('',#1051);
#1051 = CARTESIAN_POINT('',(-10.67468955378,-10.53807396682,2.));
#1052 = SURFACE_CURVE('',#1053,(#1058,#1070),.PCURVE_S1.);
#1053 = CIRCLE('',#1054,3.);
#1054 = AXIS2_PLACEMENT_3D('',#1055,#1056,#1057);
#1055 = CARTESIAN_POINT('',(-8.539751643028,-8.430459173462,2.));
#1056 = DIRECTION('',(-1.59260128741E-17,-3.870417880361E-17,1.));
#1057 = DIRECTION('',(0.711645970252,0.702538264455,3.852484948789E-17)
  );
#1058 = PCURVE('',#1059,#1064);
#1059 = CYLINDRICAL_SURFACE('',#1060,3.);
#1060 = AXIS2_PLACEMENT_3D('',#1061,#1062,#1063);
#1061 = CARTESIAN_POINT('',(-8.539751643028,-8.430459173462,2.));
#1062 = DIRECTION('',(1.59260128741E-17,3.870417880361E-17,-1.));
#1063 = DIRECTION('',(-0.711645970252,-0.702538264455,
    -3.852484948789E-17));
#1064 = DEFINITIONAL_REPRESENTATION('',(#1065),#1069);
#1065 = LINE('',#1066,#1067);
#1066 = CARTESIAN_POINT('',(3.14159265359,0.));
#1067 = VECTOR('',#1068,1.);
#1068 = DIRECTION('',(-1.,0.));
#1069 = ( GEOMETRIC_REPRESENTATION_CONTEXT(2) 
PARAMETRIC_REPRESENTATION_CONTEXT() REPRESENTATION_CONTEXT('2D SPACE',''
  ) );
#1070 = PCURVE('',#1071,#1076);
#1071 = PLANE('',#1072);
#1072 = AXIS2_PLACEMENT_3D('',#1073,#1074,#1075);
#1073 = CARTESIAN_POINT('',(-8.539751643028,-8.430459173462,2.));
#1074 = DIRECTION('',(-1.59260128741E-17,-3.870417880361E-17,1.));
#1075 = DIRECTION('',(0.711645970252,0.702538264455,3.852484948789E-17)
  );
#1076 = DEFINITIONAL_REPRESENTATION('',(#1077),#1081);
#1077 = CIRCLE('',#1078,3.);
#1078 = AXIS2_PLACEMENT_2D('',#1079,#1080);
#1079 = CARTESIAN_POINT('',(0.,0.));
#1080 = DIRECTION('',(1.,0.));
#1081 = ( GEOMETRIC_REPRESENTATION_CONTEXT(2) 
PARAMETRIC_REPRESENTATION_CONTEXT() REPRESENTATION_CONTEXT('2D SPACE',''
  ) );
#1082 = ORIENTED_EDGE('',*,*,#1083,.T.);
#1083 = EDGE_CURVE('',#1048,#1084,#1086,.T.);
#1084 = VERTEX_POINT('',#1085);
#1085 = CARTESIAN_POINT('',(-6.404813732271,-6.322844380096,-12.5));
#1086 = SURFACE_CURVE('',#1087,(#1091,#1098),.PCURVE_S1.);
#1087 = LINE('',#1088,#1089);
#1088 = CARTESIAN_POINT('',(-6.404813732271,-6.322844380096,2.));
#1089 = VECTOR('',#1090,1.);
#1090 = DIRECTION('',(1.59260128741E-17,3.870417880361E-17,-1.));
#1091 = PCURVE('',#1059,#1092);
#1092 = DEFINITIONAL_REPRESENTATION('',(#1093),#1097);
#1093 = LINE('',#1094,#1095);
#1094 = CARTESIAN_POINT('',(3.14159265359,0.));
#1095 = VECTOR('',#1096,1.);
#1096 = DIRECTION('',(0.,1.));
#1097 = ( GEOMETRIC_REPRESENTATION_CONTEXT(2) 
PARAMETRIC_REPRESENTATION_CONTEXT() REPRESENTATION_CONTEXT('2D SPACE',''
  ) );
#1098 = PCURVE('',#1099,#1104);
#1099 = CYLINDRICAL_SURFACE('',#1100,3.);
#1100 = AXIS2_PLACEMENT_3D('',#1101,#1102,#1103);
#1101 = CARTESIAN_POINT('',(-8.539751643028,-8.430459173462,2.));
#1102 = DIRECTION('',(1.59260128741E-17,3.870417880361E-17,-1.));
#1103 = DIRECTION('',(-0.711645970252,-0.702538264455,
    -3.852484948789E-17));
#1104 = DEFINITIONAL_REPRESENTATION('',(#1105),#1109);
#1105 = LINE('',#1106,#1107);
#1106 = CARTESIAN_POINT('',(3.14159265359,0.));
#1107 = VECTOR('',#1108,1.);
#1108 = DIRECTION('',(0.,1.));
#1109 = ( GEOMETRIC_REPRESENTATION_CONTEXT(2) 
PARAMETRIC_REPRESENTATION_CONTEXT() REPRESENTATION_CONTEXT('2D SPACE',''
  ) );
#1110 = ORIENTED_EDGE('',*,*,#1111,.T.);
#1111 = EDGE_CURVE('',#1084,#1112,#1114,.T.);
#1112 = VERTEX_POINT('',#1113);
#1113 = CARTESIAN_POINT('',(-10.67468955378,-10.53807396682,-12.5));
#1114 = SURFACE_CURVE('',#1115,(#1120,#1127),.PCURVE_S1.);
#1115 = CIRCLE('',#1116,3.);
#1116 = AXIS2_PLACEMENT_3D('',#1117,#1118,#1119);
#1117 = CARTESIAN_POINT('',(-8.539751643028,-8.430459173462,-12.5));
#1118 = DIRECTION('',(-1.59260128741E-17,-3.870417880361E-17,1.));
#1119 = DIRECTION('',(0.711645970252,0.702538264455,3.852484948789E-17)
  );
#1120 = PCURVE('',#1059,#1121);
#1121 = DEFINITIONAL_REPRESENTATION('',(#1122),#1126);
#1122 = LINE('',#1123,#1124);
#1123 = CARTESIAN_POINT('',(3.14159265359,14.5));
#1124 = VECTOR('',#1125,1.);
#1125 = DIRECTION('',(-1.,0.));
#1126 = ( GEOMETRIC_REPRESENTATION_CONTEXT(2) 
PARAMETRIC_REPRESENTATION_CONTEXT() REPRESENTATION_CONTEXT('2D SPACE',''
  ) );
#1127 = PCURVE('',#1128,#1133);
#1128 = PLANE('',#1129);
#1129 = AXIS2_PLACEMENT_3D('',#1130,#1131,#1132);
#1130 = CARTESIAN_POINT('',(-8.539751643028,-8.430459173462,-12.5));
#1131 = DIRECTION('',(-1.59260128741E-17,-3.870417880361E-17,1.));
#1132 = DIRECTION('',(0.711645970252,0.702538264455,3.852484948789E-17)
  );
#1133 = DEFINITIONAL_REPRESENTATION('',(#1134),#1138);
#1134 = CIRCLE('',#1135,3.);
#1135 = AXIS2_PLACEMENT_2D('',#1136,#1137);
#1136 = CARTESIAN_POINT('',(0.,0.));
#1137 = DIRECTION('',(1.,0.));
#1138 = ( GEOMETRIC_REPRESENTATION_CONTEXT(2) 
PARAMETRIC_REPRESENTATION_CONTEXT() REPRESENTATION_CONTEXT('2D SPACE',''
  ) );
#1139 = ORIENTED_EDGE('',*,*,#1140,.F.);
#1140 = EDGE_CURVE('',#1050,#1112,#1141,.T.);
#1141 = SURFACE_CURVE('',#1142,(#1146,#1153),.PCURVE_S1.);
#1142 = LINE('',#1143,#1144);
#1143 = CARTESIAN_POINT('',(-10.67468955378,-10.53807396682,2.));
#1144 = VECTOR('',#1145,1.);
#1145 = DIRECTION('',(1.59260128741E-17,3.870417880361E-17,-1.));
#1146 = PCURVE('',#1059,#1147);
#1147 = DEFINITIONAL_REPRESENTATION('',(#1148),#1152);
#1148 = LINE('',#1149,#1150);
#1149 = CARTESIAN_POINT('',(0.,0.));
#1150 = VECTOR('',#1151,1.);
#1151 = DIRECTION('',(0.,1.));
#1152 = ( GEOMETRIC_REPRESENTATION_CONTEXT(2) 
PARAMETRIC_REPRESENTATION_CONTEXT() REPRESENTATION_CONTEXT('2D SPACE',''
  ) );
#1153 = PCURVE('',#1099,#1154);
#1154 = DEFINITIONAL_REPRESENTATION('',(#1155),#1159);
#1155 = LINE('',#1156,#1157);
#1156 = CARTESIAN_POINT('',(6.28318530718,0.));
#1157 = VECTOR('',#1158,1.);
#1158 = DIRECTION('',(0.,1.));
#1159 = ( GEOMETRIC_REPRESENTATION_CONTEXT(2) 
PARAMETRIC_REPRESENTATION_CONTEXT() REPRESENTATION_CONTEXT('2D SPACE',''
  ) );
#1160 = ADVANCED_FACE('',(#1161),#1176,.T.);
#1161 = FACE_BOUND('',#1162,.T.);
#1162 = EDGE_LOOP('',(#1163,#1194,#1222,#1246));
#1163 = ORIENTED_EDGE('',*,*,#1164,.F.);
#1164 = EDGE_CURVE('',#1165,#1167,#1169,.T.);
#1165 = VERTEX_POINT('',#1166);
#1166 = CARTESIAN_POINT('',(-5.693167762019,-5.620306115641,-12.5));
#1167 = VERTEX_POINT('',#1168);
#1168 = CARTESIAN_POINT('',(-11.38633552403,-11.24061223128,-12.5));
#1169 = SURFACE_CURVE('',#1170,(#1175,#1187),.PCURVE_S1.);
#1170 = CIRCLE('',#1171,4.);
#1171 = AXIS2_PLACEMENT_3D('',#1172,#1173,#1174);
#1172 = CARTESIAN_POINT('',(-8.539751643028,-8.430459173462,-12.5));
#1173 = DIRECTION('',(-1.59260128741E-17,-3.870417880361E-17,1.));
#1174 = DIRECTION('',(0.711645970252,0.702538264455,3.852484948789E-17)
  );
#1175 = PCURVE('',#1176,#1181);
#1176 = CYLINDRICAL_SURFACE('',#1177,4.);
#1177 = AXIS2_PLACEMENT_3D('',#1178,#1179,#1180);
#1178 = CARTESIAN_POINT('',(-8.539751643028,-8.430459173462,-12.5));
#1179 = DIRECTION('',(1.59260128741E-17,3.870417880361E-17,-1.));
#1180 = DIRECTION('',(-0.711645970252,-0.702538264455,
    -3.852484948789E-17));
#1181 = DEFINITIONAL_REPRESENTATION('',(#1182),#1186);
#1182 = LINE('',#1183,#1184);
#1183 = CARTESIAN_POINT('',(3.14159265359,0.));
#1184 = VECTOR('',#1185,1.);
#1185 = DIRECTION('',(-1.,0.));
#1186 = ( GEOMETRIC_REPRESENTATION_CONTEXT(2) 
PARAMETRIC_REPRESENTATION_CONTEXT() REPRESENTATION_CONTEXT('2D SPACE',''
  ) );
#1187 = PCURVE('',#1128,#1188);
#1188 = DEFINITIONAL_REPRESENTATION('',(#1189),#1193);
#1189 = CIRCLE('',#1190,4.);
#1190 = AXIS2_PLACEMENT_2D('',#1191,#1192);
#1191 = CARTESIAN_POINT('',(0.,0.));
#1192 = DIRECTION('',(1.,0.));
#1193 = ( GEOMETRIC_REPRESENTATION_CONTEXT(2) 
PARAMETRIC_REPRESENTATION_CONTEXT() REPRESENTATION_CONTEXT('2D SPACE',''
  ) );
#1194 = ORIENTED_EDGE('',*,*,#1195,.T.);
#1195 = EDGE_CURVE('',#1165,#1196,#1198,.T.);
#1196 = VERTEX_POINT('',#1197);
#1197 = CARTESIAN_POINT('',(-5.693167762019,-5.620306115641,-13.));
#1198 = SURFACE_CURVE('',#1199,(#1203,#1210),.PCURVE_S1.);
#1199 = LINE('',#1200,#1201);
#1200 = CARTESIAN_POINT('',(-5.693167762019,-5.620306115641,-12.5));
#1201 = VECTOR('',#1202,1.);
#1202 = DIRECTION('',(1.59260128741E-17,3.870417880361E-17,-1.));
#1203 = PCURVE('',#1176,#1204);
#1204 = DEFINITIONAL_REPRESENTATION('',(#1205),#1209);
#1205 = LINE('',#1206,#1207);
#1206 = CARTESIAN_POINT('',(3.14159265359,0.));
#1207 = VECTOR('',#1208,1.);
#1208 = DIRECTION('',(0.,1.));
#1209 = ( GEOMETRIC_REPRESENTATION_CONTEXT(2) 
PARAMETRIC_REPRESENTATION_CONTEXT() REPRESENTATION_CONTEXT('2D SPACE',''
  ) );
#1210 = PCURVE('',#1211,#1216);
#1211 = CYLINDRICAL_SURFACE('',#1212,4.);
#1212 = AXIS2_PLACEMENT_3D('',#1213,#1214,#1215);
#1213 = CARTESIAN_POINT('',(-8.539751643028,-8.430459173462,-12.5));
#1214 = DIRECTION('',(1.59260128741E-17,3.870417880361E-17,-1.));
#1215 = DIRECTION('',(-0.711645970252,-0.702538264455,
    -3.852484948789E-17));
#1216 = DEFINITIONAL_REPRESENTATION('',(#1217),#1221);
#1217 = LINE('',#1218,#1219);
#1218 = CARTESIAN_POINT('',(3.14159265359,0.));
#1219 = VECTOR('',#1220,1.);
#1220 = DIRECTION('',(0.,1.));
#1221 = ( GEOMETRIC_REPRESENTATION_CONTEXT(2) 
PARAMETRIC_REPRESENTATION_CONTEXT() REPRESENTATION_CONTEXT('2D SPACE',''
  ) );
#1222 = ORIENTED_EDGE('',*,*,#1223,.T.);
#1223 = EDGE_CURVE('',#1196,#1224,#1226,.T.);
#1224 = VERTEX_POINT('',#1225);
#1225 = CARTESIAN_POINT('',(-11.38633552403,-11.24061223128,-13.));
#1226 = SURFACE_CURVE('',#1227,(#1232,#1239),.PCURVE_S1.);
#1227 = CIRCLE('',#1228,4.);
#1228 = AXIS2_PLACEMENT_3D('',#1229,#1230,#1231);
#1229 = CARTESIAN_POINT('',(-8.539751643028,-8.430459173462,-13.));
#1230 = DIRECTION('',(-1.59260128741E-17,-3.870417880361E-17,1.));
#1231 = DIRECTION('',(0.711645970252,0.702538264455,3.852484948789E-17)
  );
#1232 = PCURVE('',#1176,#1233);
#1233 = DEFINITIONAL_REPRESENTATION('',(#1234),#1238);
#1234 = LINE('',#1235,#1236);
#1235 = CARTESIAN_POINT('',(3.14159265359,0.5));
#1236 = VECTOR('',#1237,1.);
#1237 = DIRECTION('',(-1.,0.));
#1238 = ( GEOMETRIC_REPRESENTATION_CONTEXT(2) 
PARAMETRIC_REPRESENTATION_CONTEXT() REPRESENTATION_CONTEXT('2D SPACE',''
  ) );
#1239 = PCURVE('',#672,#1240);
#1240 = DEFINITIONAL_REPRESENTATION('',(#1241),#1245);
#1241 = CIRCLE('',#1242,4.);
#1242 = AXIS2_PLACEMENT_2D('',#1243,#1244);
#1243 = CARTESIAN_POINT('',(-12.,0.));
#1244 = DIRECTION('',(1.,0.));
#1245 = ( GEOMETRIC_REPRESENTATION_CONTEXT(2) 
PARAMETRIC_REPRESENTATION_CONTEXT() REPRESENTATION_CONTEXT('2D SPACE',''
  ) );
#1246 = ORIENTED_EDGE('',*,*,#1247,.F.);
#1247 = EDGE_CURVE('',#1167,#1224,#1248,.T.);
#1248 = SURFACE_CURVE('',#1249,(#1253,#1260),.PCURVE_S1.);
#1249 = LINE('',#1250,#1251);
#1250 = CARTESIAN_POINT('',(-11.38633552403,-11.24061223128,-12.5));
#1251 = VECTOR('',#1252,1.);
#1252 = DIRECTION('',(1.59260128741E-17,3.870417880361E-17,-1.));
#1253 = PCURVE('',#1176,#1254);
#1254 = DEFINITIONAL_REPRESENTATION('',(#1255),#1259);
#1255 = LINE('',#1256,#1257);
#1256 = CARTESIAN_POINT('',(0.,0.));
#1257 = VECTOR('',#1258,1.);
#1258 = DIRECTION('',(0.,1.));
#1259 = ( GEOMETRIC_REPRESENTATION_CONTEXT(2) 
PARAMETRIC_REPRESENTATION_CONTEXT() REPRESENTATION_CONTEXT('2D SPACE',''
  ) );
#1260 = PCURVE('',#1211,#1261);
#1261 = DEFINITIONAL_REPRESENTATION('',(#1262),#1266);
#1262 = LINE('',#1263,#1264);
#1263 = CARTESIAN_POINT('',(6.28318530718,0.));
#1264 = VECTOR('',#1265,1.);
#1265 = DIRECTION('',(0.,1.));
#1266 = ( GEOMETRIC_REPRESENTATION_CONTEXT(2) 
PARAMETRIC_REPRESENTATION_CONTEXT() REPRESENTATION_CONTEXT('2D SPACE',''
  ) );
#1267 = ADVANCED_FACE('',(#1268),#1032,.F.);
#1268 = FACE_BOUND('',#1269,.F.);
#1269 = EDGE_LOOP('',(#1270,#1271,#1299,#1327));
#1270 = ORIENTED_EDGE('',*,*,#1018,.F.);
#1271 = ORIENTED_EDGE('',*,*,#1272,.F.);
#1272 = EDGE_CURVE('',#1273,#934,#1275,.T.);
#1273 = VERTEX_POINT('',#1274);
#1274 = CARTESIAN_POINT('',(-9.791752705669,4.936757939279,-13.));
#1275 = SURFACE_CURVE('',#1276,(#1281,#1288),.PCURVE_S1.);
#1276 = CIRCLE('',#1277,9.5);
#1277 = AXIS2_PLACEMENT_3D('',#1278,#1279,#1280);
#1278 = CARTESIAN_POINT('',(-3.031115988272,11.610871451603,-13.));
#1279 = DIRECTION('',(1.59260128741E-17,3.870417880361E-17,-1.));
#1280 = DIRECTION('',(0.711645970252,0.702538264455,3.852484948789E-17)
  );
#1281 = PCURVE('',#1032,#1282);
#1282 = DEFINITIONAL_REPRESENTATION('',(#1283),#1287);
#1283 = LINE('',#1284,#1285);
#1284 = CARTESIAN_POINT('',(-3.14159265359,8.));
#1285 = VECTOR('',#1286,1.);
#1286 = DIRECTION('',(1.,0.));
#1287 = ( GEOMETRIC_REPRESENTATION_CONTEXT(2) 
PARAMETRIC_REPRESENTATION_CONTEXT() REPRESENTATION_CONTEXT('2D SPACE',''
  ) );
#1288 = PCURVE('',#672,#1289);
#1289 = DEFINITIONAL_REPRESENTATION('',(#1290),#1298);
#1290 = ( BOUNDED_CURVE() B_SPLINE_CURVE(2,(#1291,#1292,#1293,#1294,
#1295,#1296,#1297),.UNSPECIFIED.,.T.,.F.) B_SPLINE_CURVE_WITH_KNOTS((1,2
    ,2,2,2,1),(-2.094395102393,0.,2.094395102393,4.188790204786,
6.28318530718,8.377580409573),.UNSPECIFIED.) CURVE() 
GEOMETRIC_REPRESENTATION_ITEM() RATIONAL_B_SPLINE_CURVE((1.,0.5,1.,0.5,
1.,0.5,1.)) REPRESENTATION_ITEM('') );
#1291 = CARTESIAN_POINT('',(15.5,10.392304845413));
#1292 = CARTESIAN_POINT('',(15.5,-6.062177826491));
#1293 = CARTESIAN_POINT('',(1.25,2.165063509461));
#1294 = CARTESIAN_POINT('',(-13.,10.392304845413));
#1295 = CARTESIAN_POINT('',(1.25,18.619546181365));
#1296 = CARTESIAN_POINT('',(15.5,26.846787517318));
#1297 = CARTESIAN_POINT('',(15.5,10.392304845413));
#1298 = ( GEOMETRIC_REPRESENTATION_CONTEXT(2) 
PARAMETRIC_REPRESENTATION_CONTEXT() REPRESENTATION_CONTEXT('2D SPACE',''
  ) );
#1299 = ORIENTED_EDGE('',*,*,#1300,.F.);
#1300 = EDGE_CURVE('',#1301,#1273,#1303,.T.);
#1301 = VERTEX_POINT('',#1302);
#1302 = CARTESIAN_POINT('',(-9.791752705669,4.936757939279,-5.));
#1303 = SURFACE_CURVE('',#1304,(#1308,#1315),.PCURVE_S1.);
#1304 = LINE('',#1305,#1306);
#1305 = CARTESIAN_POINT('',(-9.791752705669,4.936757939279,-5.));
#1306 = VECTOR('',#1307,1.);
#1307 = DIRECTION('',(1.59260128741E-17,3.870417880361E-17,-1.));
#1308 = PCURVE('',#1032,#1309);
#1309 = DEFINITIONAL_REPRESENTATION('',(#1310),#1314);
#1310 = LINE('',#1311,#1312);
#1311 = CARTESIAN_POINT('',(0.,0.));
#1312 = VECTOR('',#1313,1.);
#1313 = DIRECTION('',(0.,1.));
#1314 = ( GEOMETRIC_REPRESENTATION_CONTEXT(2) 
PARAMETRIC_REPRESENTATION_CONTEXT() REPRESENTATION_CONTEXT('2D SPACE',''
  ) );
#1315 = PCURVE('',#1316,#1321);
#1316 = CYLINDRICAL_SURFACE('',#1317,9.5);
#1317 = AXIS2_PLACEMENT_3D('',#1318,#1319,#1320);
#1318 = CARTESIAN_POINT('',(-3.031115988272,11.610871451603,-5.));
#1319 = DIRECTION('',(1.59260128741E-17,3.870417880361E-17,-1.));
#1320 = DIRECTION('',(-0.711645970252,-0.702538264455,
    -3.852484948789E-17));
#1321 = DEFINITIONAL_REPRESENTATION('',(#1322),#1326);
#1322 = LINE('',#1323,#1324);
#1323 = CARTESIAN_POINT('',(6.28318530718,0.));
#1324 = VECTOR('',#1325,1.);
#1325 = DIRECTION('',(0.,1.));
#1326 = ( GEOMETRIC_REPRESENTATION_CONTEXT(2) 
PARAMETRIC_REPRESENTATION_CONTEXT() REPRESENTATION_CONTEXT('2D SPACE',''
  ) );
#1327 = ORIENTED_EDGE('',*,*,#1328,.T.);
#1328 = EDGE_CURVE('',#1301,#995,#1329,.T.);
#1329 = SURFACE_CURVE('',#1330,(#1335,#1342),.PCURVE_S1.);
#1330 = CIRCLE('',#1331,9.5);
#1331 = AXIS2_PLACEMENT_3D('',#1332,#1333,#1334);
#1332 = CARTESIAN_POINT('',(-3.031115988272,11.610871451603,-5.));
#1333 = DIRECTION('',(1.59260128741E-17,3.870417880361E-17,-1.));
#1334 = DIRECTION('',(0.711645970252,0.702538264455,3.852484948789E-17)
  );
#1335 = PCURVE('',#1032,#1336);
#1336 = DEFINITIONAL_REPRESENTATION('',(#1337),#1341);
#1337 = LINE('',#1338,#1339);
#1338 = CARTESIAN_POINT('',(-3.14159265359,0.));
#1339 = VECTOR('',#1340,1.);
#1340 = DIRECTION('',(1.,0.));
#1341 = ( GEOMETRIC_REPRESENTATION_CONTEXT(2) 
PARAMETRIC_REPRESENTATION_CONTEXT() REPRESENTATION_CONTEXT('2D SPACE',''
  ) );
#1342 = PCURVE('',#302,#1343);
#1343 = DEFINITIONAL_REPRESENTATION('',(#1344),#1352);
#1344 = ( BOUNDED_CURVE() B_SPLINE_CURVE(2,(#1345,#1346,#1347,#1348,
#1349,#1350,#1351),.UNSPECIFIED.,.T.,.F.) B_SPLINE_CURVE_WITH_KNOTS((1,2
    ,2,2,2,1),(-2.094395102393,0.,2.094395102393,4.188790204786,
6.28318530718,8.377580409573),.UNSPECIFIED.) CURVE() 
GEOMETRIC_REPRESENTATION_ITEM() RATIONAL_B_SPLINE_CURVE((1.,0.5,1.,0.5,
1.,0.5,1.)) REPRESENTATION_ITEM('') );
#1345 = CARTESIAN_POINT('',(12.5,5.196152422707));
#1346 = CARTESIAN_POINT('',(12.5,-11.25833024919));
#1347 = CARTESIAN_POINT('',(-1.75,-3.031088913246));
#1348 = CARTESIAN_POINT('',(-16.,5.196152422707));
#1349 = CARTESIAN_POINT('',(-1.75,13.423393758659));
#1350 = CARTESIAN_POINT('',(12.5,21.650635094611));
#1351 = CARTESIAN_POINT('',(12.5,5.196152422707));
#1352 = ( GEOMETRIC_REPRESENTATION_CONTEXT(2) 
PARAMETRIC_REPRESENTATION_CONTEXT() REPRESENTATION_CONTEXT('2D SPACE',''
  ) );
#1353 = ADVANCED_FACE('',(#1354),#1368,.F.);
#1354 = FACE_BOUND('',#1355,.F.);
#1355 = EDGE_LOOP('',(#1356,#1391,#1419,#1447));
#1356 = ORIENTED_EDGE('',*,*,#1357,.T.);
#1357 = EDGE_CURVE('',#1358,#1360,#1362,.T.);
#1358 = VERTEX_POINT('',#1359);
#1359 = CARTESIAN_POINT('',(3.549561608058,-8.270466274074,-5.));
#1360 = VERTEX_POINT('',#1361);
#1361 = CARTESIAN_POINT('',(3.549561608058,-8.270466274074,-13.));
#1362 = SURFACE_CURVE('',#1363,(#1367,#1379),.PCURVE_S1.);
#1363 = LINE('',#1364,#1365);
#1364 = CARTESIAN_POINT('',(3.549561608058,-8.270466274074,-5.));
#1365 = VECTOR('',#1366,1.);
#1366 = DIRECTION('',(1.59260128741E-17,3.870417880361E-17,-1.));
#1367 = PCURVE('',#1368,#1373);
#1368 = CYLINDRICAL_SURFACE('',#1369,9.5);
#1369 = AXIS2_PLACEMENT_3D('',#1370,#1371,#1372);
#1370 = CARTESIAN_POINT('',(11.570867631299,-3.180412278141,-5.));
#1371 = DIRECTION('',(1.59260128741E-17,3.870417880361E-17,-1.));
#1372 = DIRECTION('',(-0.711645970252,-0.702538264455,
    -3.852484948789E-17));
#1373 = DEFINITIONAL_REPRESENTATION('',(#1374),#1378);
#1374 = LINE('',#1375,#1376);
#1375 = CARTESIAN_POINT('',(0.213508790903,0.));
#1376 = VECTOR('',#1377,1.);
#1377 = DIRECTION('',(0.,1.));
#1378 = ( GEOMETRIC_REPRESENTATION_CONTEXT(2) 
PARAMETRIC_REPRESENTATION_CONTEXT() REPRESENTATION_CONTEXT('2D SPACE',''
  ) );
#1379 = PCURVE('',#1380,#1385);
#1380 = CYLINDRICAL_SURFACE('',#1381,9.);
#1381 = AXIS2_PLACEMENT_3D('',#1382,#1383,#1384);
#1382 = CARTESIAN_POINT('',(-6.422700950878E-14,-1.009136906472E-14,-5.)
  );
#1383 = DIRECTION('',(1.59260128741E-17,3.870417880361E-17,-1.));
#1384 = DIRECTION('',(-0.711645970252,-0.702538264455,
    -3.852484948789E-17));
#1385 = DEFINITIONAL_REPRESENTATION('',(#1386),#1390);
#1386 = LINE('',#1387,#1388);
#1387 = CARTESIAN_POINT('',(5.085936788294,0.));
#1388 = VECTOR('',#1389,1.);
#1389 = DIRECTION('',(0.,1.));
#1390 = ( GEOMETRIC_REPRESENTATION_CONTEXT(2) 
PARAMETRIC_REPRESENTATION_CONTEXT() REPRESENTATION_CONTEXT('2D SPACE',''
  ) );
#1391 = ORIENTED_EDGE('',*,*,#1392,.F.);
#1392 = EDGE_CURVE('',#1393,#1360,#1395,.T.);
#1393 = VERTEX_POINT('',#1394);
#1394 = CARTESIAN_POINT('',(4.810230913902,-9.854525790465,-13.));
#1395 = SURFACE_CURVE('',#1396,(#1401,#1408),.PCURVE_S1.);
#1396 = CIRCLE('',#1397,9.5);
#1397 = AXIS2_PLACEMENT_3D('',#1398,#1399,#1400);
#1398 = CARTESIAN_POINT('',(11.570867631299,-3.180412278141,-13.));
#1399 = DIRECTION('',(1.59260128741E-17,3.870417880361E-17,-1.));
#1400 = DIRECTION('',(0.711645970252,0.702538264455,3.852484948789E-17)
  );
#1401 = PCURVE('',#1368,#1402);
#1402 = DEFINITIONAL_REPRESENTATION('',(#1403),#1407);
#1403 = LINE('',#1404,#1405);
#1404 = CARTESIAN_POINT('',(-3.14159265359,8.));
#1405 = VECTOR('',#1406,1.);
#1406 = DIRECTION('',(1.,0.));
#1407 = ( GEOMETRIC_REPRESENTATION_CONTEXT(2) 
PARAMETRIC_REPRESENTATION_CONTEXT() REPRESENTATION_CONTEXT('2D SPACE',''
  ) );
#1408 = PCURVE('',#672,#1409);
#1409 = DEFINITIONAL_REPRESENTATION('',(#1410),#1418);
#1410 = ( BOUNDED_CURVE() B_SPLINE_CURVE(2,(#1411,#1412,#1413,#1414,
#1415,#1416,#1417),.UNSPECIFIED.,.T.,.F.) B_SPLINE_CURVE_WITH_KNOTS((1,2
    ,2,2,2,1),(-2.094395102393,0.,2.094395102393,4.188790204786,
6.28318530718,8.377580409573),.UNSPECIFIED.) CURVE() 
GEOMETRIC_REPRESENTATION_ITEM() RATIONAL_B_SPLINE_CURVE((1.,0.5,1.,0.5,
1.,0.5,1.)) REPRESENTATION_ITEM('') );
#1411 = CARTESIAN_POINT('',(15.5,-10.39230484541));
#1412 = CARTESIAN_POINT('',(15.5,-26.84678751731));
#1413 = CARTESIAN_POINT('',(1.25,-18.61954618136));
#1414 = CARTESIAN_POINT('',(-13.,-10.39230484541));
#1415 = CARTESIAN_POINT('',(1.25,-2.165063509461));
#1416 = CARTESIAN_POINT('',(15.5,6.062177826491));
#1417 = CARTESIAN_POINT('',(15.5,-10.39230484541));
#1418 = ( GEOMETRIC_REPRESENTATION_CONTEXT(2) 
PARAMETRIC_REPRESENTATION_CONTEXT() REPRESENTATION_CONTEXT('2D SPACE',''
  ) );
#1419 = ORIENTED_EDGE('',*,*,#1420,.F.);
#1420 = EDGE_CURVE('',#1421,#1393,#1423,.T.);
#1421 = VERTEX_POINT('',#1422);
#1422 = CARTESIAN_POINT('',(4.810230913902,-9.854525790465,-5.));
#1423 = SURFACE_CURVE('',#1424,(#1428,#1435),.PCURVE_S1.);
#1424 = LINE('',#1425,#1426);
#1425 = CARTESIAN_POINT('',(4.810230913902,-9.854525790465,-5.));
#1426 = VECTOR('',#1427,1.);
#1427 = DIRECTION('',(1.59260128741E-17,3.870417880361E-17,-1.));
#1428 = PCURVE('',#1368,#1429);
#1429 = DEFINITIONAL_REPRESENTATION('',(#1430),#1434);
#1430 = LINE('',#1431,#1432);
#1431 = CARTESIAN_POINT('',(0.,0.));
#1432 = VECTOR('',#1433,1.);
#1433 = DIRECTION('',(0.,1.));
#1434 = ( GEOMETRIC_REPRESENTATION_CONTEXT(2) 
PARAMETRIC_REPRESENTATION_CONTEXT() REPRESENTATION_CONTEXT('2D SPACE',''
  ) );
#1435 = PCURVE('',#1436,#1441);
#1436 = CYLINDRICAL_SURFACE('',#1437,9.5);
#1437 = AXIS2_PLACEMENT_3D('',#1438,#1439,#1440);
#1438 = CARTESIAN_POINT('',(11.570867631299,-3.180412278141,-5.));
#1439 = DIRECTION('',(1.59260128741E-17,3.870417880361E-17,-1.));
#1440 = DIRECTION('',(-0.711645970252,-0.702538264455,
    -3.852484948789E-17));
#1441 = DEFINITIONAL_REPRESENTATION('',(#1442),#1446);
#1442 = LINE('',#1443,#1444);
#1443 = CARTESIAN_POINT('',(6.28318530718,0.));
#1444 = VECTOR('',#1445,1.);
#1445 = DIRECTION('',(0.,1.));
#1446 = ( GEOMETRIC_REPRESENTATION_CONTEXT(2) 
PARAMETRIC_REPRESENTATION_CONTEXT() REPRESENTATION_CONTEXT('2D SPACE',''
  ) );
#1447 = ORIENTED_EDGE('',*,*,#1448,.T.);
#1448 = EDGE_CURVE('',#1421,#1358,#1449,.T.);
#1449 = SURFACE_CURVE('',#1450,(#1455,#1462),.PCURVE_S1.);
#1450 = CIRCLE('',#1451,9.5);
#1451 = AXIS2_PLACEMENT_3D('',#1452,#1453,#1454);
#1452 = CARTESIAN_POINT('',(11.570867631299,-3.180412278141,-5.));
#1453 = DIRECTION('',(1.59260128741E-17,3.870417880361E-17,-1.));
#1454 = DIRECTION('',(0.711645970252,0.702538264455,3.852484948789E-17)
  );
#1455 = PCURVE('',#1368,#1456);
#1456 = DEFINITIONAL_REPRESENTATION('',(#1457),#1461);
#1457 = LINE('',#1458,#1459);
#1458 = CARTESIAN_POINT('',(-3.14159265359,0.));
#1459 = VECTOR('',#1460,1.);
#1460 = DIRECTION('',(1.,0.));
#1461 = ( GEOMETRIC_REPRESENTATION_CONTEXT(2) 
PARAMETRIC_REPRESENTATION_CONTEXT() REPRESENTATION_CONTEXT('2D SPACE',''
  ) );
#1462 = PCURVE('',#190,#1463);
#1463 = DEFINITIONAL_REPRESENTATION('',(#1464),#1472);
#1464 = ( BOUNDED_CURVE() B_SPLINE_CURVE(2,(#1465,#1466,#1467,#1468,
#1469,#1470,#1471),.UNSPECIFIED.,.T.,.F.) B_SPLINE_CURVE_WITH_KNOTS((1,2
    ,2,2,2,1),(-2.094395102393,0.,2.094395102393,4.188790204786,
6.28318530718,8.377580409573),.UNSPECIFIED.) CURVE() 
GEOMETRIC_REPRESENTATION_ITEM() RATIONAL_B_SPLINE_CURVE((1.,0.5,1.,0.5,
1.,0.5,1.)) REPRESENTATION_ITEM('') );
#1465 = CARTESIAN_POINT('',(12.5,-5.196152422707));
#1466 = CARTESIAN_POINT('',(12.5,-21.65063509461));
#1467 = CARTESIAN_POINT('',(-1.75,-13.42339375865));
#1468 = CARTESIAN_POINT('',(-16.,-5.196152422707));
#1469 = CARTESIAN_POINT('',(-1.75,3.031088913246));
#1470 = CARTESIAN_POINT('',(12.5,11.258330249198));
#1471 = CARTESIAN_POINT('',(12.5,-5.196152422707));
#1472 = ( GEOMETRIC_REPRESENTATION_CONTEXT(2) 
PARAMETRIC_REPRESENTATION_CONTEXT() REPRESENTATION_CONTEXT('2D SPACE',''
  ) );
#1473 = ADVANCED_FACE('',(#1474),#1488,.F.);
#1474 = FACE_BOUND('',#1475,.F.);
#1475 = EDGE_LOOP('',(#1476,#1511,#1535,#1558));
#1476 = ORIENTED_EDGE('',*,*,#1477,.T.);
#1477 = EDGE_CURVE('',#1478,#1480,#1482,.T.);
#1478 = VERTEX_POINT('',#1479);
#1479 = CARTESIAN_POINT('',(-5.337344776892,-5.269036983414,-13.));
#1480 = VERTEX_POINT('',#1481);
#1481 = CARTESIAN_POINT('',(-5.337344776892,-5.269036983414,-15.5));
#1482 = SURFACE_CURVE('',#1483,(#1487,#1499),.PCURVE_S1.);
#1483 = LINE('',#1484,#1485);
#1484 = CARTESIAN_POINT('',(-5.337344776892,-5.269036983414,-13.));
#1485 = VECTOR('',#1486,1.);
#1486 = DIRECTION('',(1.59260128741E-17,3.870417880361E-17,-1.));
#1487 = PCURVE('',#1488,#1493);
#1488 = CYLINDRICAL_SURFACE('',#1489,7.5);
#1489 = AXIS2_PLACEMENT_3D('',#1490,#1491,#1492);
#1490 = CARTESIAN_POINT('',(-6.409960140579E-14,-9.781735634291E-15,-13.
    ));
#1491 = DIRECTION('',(1.59260128741E-17,3.870417880361E-17,-1.));
#1492 = DIRECTION('',(-0.711645970252,-0.702538264455,
    -3.852484948789E-17));
#1493 = DEFINITIONAL_REPRESENTATION('',(#1494),#1498);
#1494 = LINE('',#1495,#1496);
#1495 = CARTESIAN_POINT('',(6.28318530718,0.));
#1496 = VECTOR('',#1497,1.);
#1497 = DIRECTION('',(0.,1.));
#1498 = ( GEOMETRIC_REPRESENTATION_CONTEXT(2) 
PARAMETRIC_REPRESENTATION_CONTEXT() REPRESENTATION_CONTEXT('2D SPACE',''
  ) );
#1499 = PCURVE('',#1500,#1505);
#1500 = CYLINDRICAL_SURFACE('',#1501,7.5);
#1501 = AXIS2_PLACEMENT_3D('',#1502,#1503,#1504);
#1502 = CARTESIAN_POINT('',(-6.409960140579E-14,-9.781735634291E-15,-13.
    ));
#1503 = DIRECTION('',(1.59260128741E-17,3.870417880361E-17,-1.));
#1504 = DIRECTION('',(-0.711645970252,-0.702538264455,
    -3.852484948789E-17));
#1505 = DEFINITIONAL_REPRESENTATION('',(#1506),#1510);
#1506 = LINE('',#1507,#1508);
#1507 = CARTESIAN_POINT('',(0.,0.));
#1508 = VECTOR('',#1509,1.);
#1509 = DIRECTION('',(0.,1.));
#1510 = ( GEOMETRIC_REPRESENTATION_CONTEXT(2) 
PARAMETRIC_REPRESENTATION_CONTEXT() REPRESENTATION_CONTEXT('2D SPACE',''
  ) );
#1511 = ORIENTED_EDGE('',*,*,#1512,.T.);
#1512 = EDGE_CURVE('',#1480,#1513,#1515,.T.);
#1513 = VERTEX_POINT('',#1514);
#1514 = CARTESIAN_POINT('',(5.337344776892,5.269036983414,-15.5));
#1515 = SURFACE_CURVE('',#1516,(#1521,#1528),.PCURVE_S1.);
#1516 = CIRCLE('',#1517,7.5);
#1517 = AXIS2_PLACEMENT_3D('',#1518,#1519,#1520);
#1518 = CARTESIAN_POINT('',(-6.405978637361E-14,-9.684975187282E-15,
    -15.5));
#1519 = DIRECTION('',(-1.59260128741E-17,-3.870417880361E-17,1.));
#1520 = DIRECTION('',(0.711645970252,0.702538264455,3.852484948789E-17)
  );
#1521 = PCURVE('',#1488,#1522);
#1522 = DEFINITIONAL_REPRESENTATION('',(#1523),#1527);
#1523 = LINE('',#1524,#1525);
#1524 = CARTESIAN_POINT('',(9.424777960769,2.5));
#1525 = VECTOR('',#1526,1.);
#1526 = DIRECTION('',(-1.,0.));
#1527 = ( GEOMETRIC_REPRESENTATION_CONTEXT(2) 
PARAMETRIC_REPRESENTATION_CONTEXT() REPRESENTATION_CONTEXT('2D SPACE',''
  ) );
#1528 = PCURVE('',#123,#1529);
#1529 = DEFINITIONAL_REPRESENTATION('',(#1530),#1534);
#1530 = CIRCLE('',#1531,7.5);
#1531 = AXIS2_PLACEMENT_2D('',#1532,#1533);
#1532 = CARTESIAN_POINT('',(0.,0.));
#1533 = DIRECTION('',(1.,0.));
#1534 = ( GEOMETRIC_REPRESENTATION_CONTEXT(2) 
PARAMETRIC_REPRESENTATION_CONTEXT() REPRESENTATION_CONTEXT('2D SPACE',''
  ) );
#1535 = ORIENTED_EDGE('',*,*,#1536,.F.);
#1536 = EDGE_CURVE('',#1537,#1513,#1539,.T.);
#1537 = VERTEX_POINT('',#1538);
#1538 = CARTESIAN_POINT('',(5.337344776892,5.269036983414,-13.));
#1539 = SURFACE_CURVE('',#1540,(#1544,#1551),.PCURVE_S1.);
#1540 = LINE('',#1541,#1542);
#1541 = CARTESIAN_POINT('',(5.337344776892,5.269036983414,-13.));
#1542 = VECTOR('',#1543,1.);
#1543 = DIRECTION('',(1.59260128741E-17,3.870417880361E-17,-1.));
#1544 = PCURVE('',#1488,#1545);
#1545 = DEFINITIONAL_REPRESENTATION('',(#1546),#1550);
#1546 = LINE('',#1547,#1548);
#1547 = CARTESIAN_POINT('',(3.14159265359,0.));
#1548 = VECTOR('',#1549,1.);
#1549 = DIRECTION('',(0.,1.));
#1550 = ( GEOMETRIC_REPRESENTATION_CONTEXT(2) 
PARAMETRIC_REPRESENTATION_CONTEXT() REPRESENTATION_CONTEXT('2D SPACE',''
  ) );
#1551 = PCURVE('',#1500,#1552);
#1552 = DEFINITIONAL_REPRESENTATION('',(#1553),#1557);
#1553 = LINE('',#1554,#1555);
#1554 = CARTESIAN_POINT('',(3.14159265359,0.));
#1555 = VECTOR('',#1556,1.);
#1556 = DIRECTION('',(0.,1.));
#1557 = ( GEOMETRIC_REPRESENTATION_CONTEXT(2) 
PARAMETRIC_REPRESENTATION_CONTEXT() REPRESENTATION_CONTEXT('2D SPACE',''
  ) );
#1558 = ORIENTED_EDGE('',*,*,#1559,.F.);
#1559 = EDGE_CURVE('',#1478,#1537,#1560,.T.);
#1560 = SURFACE_CURVE('',#1561,(#1566,#1573),.PCURVE_S1.);
#1561 = CIRCLE('',#1562,7.5);
#1562 = AXIS2_PLACEMENT_3D('',#1563,#1564,#1565);
#1563 = CARTESIAN_POINT('',(-6.409960140579E-14,-9.781735634291E-15,-13.
    ));
#1564 = DIRECTION('',(-1.59260128741E-17,-3.870417880361E-17,1.));
#1565 = DIRECTION('',(0.711645970252,0.702538264455,3.852484948789E-17)
  );
#1566 = PCURVE('',#1488,#1567);
#1567 = DEFINITIONAL_REPRESENTATION('',(#1568),#1572);
#1568 = LINE('',#1569,#1570);
#1569 = CARTESIAN_POINT('',(9.424777960769,0.));
#1570 = VECTOR('',#1571,1.);
#1571 = DIRECTION('',(-1.,0.));
#1572 = ( GEOMETRIC_REPRESENTATION_CONTEXT(2) 
PARAMETRIC_REPRESENTATION_CONTEXT() REPRESENTATION_CONTEXT('2D SPACE',''
  ) );
#1573 = PCURVE('',#672,#1574);
#1574 = DEFINITIONAL_REPRESENTATION('',(#1575),#1579);
#1575 = CIRCLE('',#1576,7.5);
#1576 = AXIS2_PLACEMENT_2D('',#1577,#1578);
#1577 = CARTESIAN_POINT('',(0.,0.));
#1578 = DIRECTION('',(1.,0.));
#1579 = ( GEOMETRIC_REPRESENTATION_CONTEXT(2) 
PARAMETRIC_REPRESENTATION_CONTEXT() REPRESENTATION_CONTEXT('2D SPACE',''
  ) );
#1580 = ADVANCED_FACE('',(#1581),#1596,.T.);
#1581 = FACE_BOUND('',#1582,.T.);
#1582 = EDGE_LOOP('',(#1583,#1614,#1637,#1661,#1684,#1708,#1736,#1760,
    #1783,#1807));
#1583 = ORIENTED_EDGE('',*,*,#1584,.F.);
#1584 = EDGE_CURVE('',#1585,#1587,#1589,.T.);
#1585 = VERTEX_POINT('',#1586);
#1586 = CARTESIAN_POINT('',(12.453804479415,12.294419627965,-5.));
#1587 = VERTEX_POINT('',#1588);
#1588 = CARTESIAN_POINT('',(9.461063109936,14.72203399092,-5.));
#1589 = SURFACE_CURVE('',#1590,(#1595,#1607),.PCURVE_S1.);
#1590 = CIRCLE('',#1591,17.5);
#1591 = AXIS2_PLACEMENT_3D('',#1592,#1593,#1594);
#1592 = CARTESIAN_POINT('',(-6.422700950878E-14,-1.009136906472E-14,-5.)
  );
#1593 = DIRECTION('',(-1.59260128741E-17,-3.870417880361E-17,1.));
#1594 = DIRECTION('',(0.711645970252,0.702538264455,3.852484948789E-17)
  );
#1595 = PCURVE('',#1596,#1601);
#1596 = CYLINDRICAL_SURFACE('',#1597,17.5);
#1597 = AXIS2_PLACEMENT_3D('',#1598,#1599,#1600);
#1598 = CARTESIAN_POINT('',(-6.409960140579E-14,-9.781735634291E-15,-13.
    ));
#1599 = DIRECTION('',(1.59260128741E-17,3.870417880361E-17,-1.));
#1600 = DIRECTION('',(-0.711645970252,-0.702538264455,
    -3.852484948789E-17));
#1601 = DEFINITIONAL_REPRESENTATION('',(#1602),#1606);
#1602 = LINE('',#1603,#1604);
#1603 = CARTESIAN_POINT('',(3.14159265359,-8.));
#1604 = VECTOR('',#1605,1.);
#1605 = DIRECTION('',(-1.,0.));
#1606 = ( GEOMETRIC_REPRESENTATION_CONTEXT(2) 
PARAMETRIC_REPRESENTATION_CONTEXT() REPRESENTATION_CONTEXT('2D SPACE',''
  ) );
#1607 = PCURVE('',#73,#1608);
#1608 = DEFINITIONAL_REPRESENTATION('',(#1609),#1613);
#1609 = CIRCLE('',#1610,17.5);
#1610 = AXIS2_PLACEMENT_2D('',#1611,#1612);
#1611 = CARTESIAN_POINT('',(-3.,-5.196152422707));
#1612 = DIRECTION('',(1.,0.));
#1613 = ( GEOMETRIC_REPRESENTATION_CONTEXT(2) 
PARAMETRIC_REPRESENTATION_CONTEXT() REPRESENTATION_CONTEXT('2D SPACE',''
  ) );
#1614 = ORIENTED_EDGE('',*,*,#1615,.T.);
#1615 = EDGE_CURVE('',#1585,#1616,#1618,.T.);
#1616 = VERTEX_POINT('',#1617);
#1617 = CARTESIAN_POINT('',(12.453804479415,12.294419627965,-15.5));
#1618 = SURFACE_CURVE('',#1619,(#1623,#1630),.PCURVE_S1.);
#1619 = LINE('',#1620,#1621);
#1620 = CARTESIAN_POINT('',(12.453804479415,12.294419627965,-13.));
#1621 = VECTOR('',#1622,1.);
#1622 = DIRECTION('',(1.59260128741E-17,3.870417880361E-17,-1.));
#1623 = PCURVE('',#1596,#1624);
#1624 = DEFINITIONAL_REPRESENTATION('',(#1625),#1629);
#1625 = LINE('',#1626,#1627);
#1626 = CARTESIAN_POINT('',(3.14159265359,0.));
#1627 = VECTOR('',#1628,1.);
#1628 = DIRECTION('',(0.,1.));
#1629 = ( GEOMETRIC_REPRESENTATION_CONTEXT(2) 
PARAMETRIC_REPRESENTATION_CONTEXT() REPRESENTATION_CONTEXT('2D SPACE',''
  ) );
#1630 = PCURVE('',#916,#1631);
#1631 = DEFINITIONAL_REPRESENTATION('',(#1632),#1636);
#1632 = LINE('',#1633,#1634);
#1633 = CARTESIAN_POINT('',(3.14159265359,0.));
#1634 = VECTOR('',#1635,1.);
#1635 = DIRECTION('',(0.,1.));
#1636 = ( GEOMETRIC_REPRESENTATION_CONTEXT(2) 
PARAMETRIC_REPRESENTATION_CONTEXT() REPRESENTATION_CONTEXT('2D SPACE',''
  ) );
#1637 = ORIENTED_EDGE('',*,*,#1638,.T.);
#1638 = EDGE_CURVE('',#1616,#1639,#1641,.T.);
#1639 = VERTEX_POINT('',#1640);
#1640 = CARTESIAN_POINT('',(-12.45380447941,-12.29441962796,-15.5));
#1641 = SURFACE_CURVE('',#1642,(#1647,#1654),.PCURVE_S1.);
#1642 = CIRCLE('',#1643,17.5);
#1643 = AXIS2_PLACEMENT_3D('',#1644,#1645,#1646);
#1644 = CARTESIAN_POINT('',(-6.405978637361E-14,-9.684975187282E-15,
    -15.5));
#1645 = DIRECTION('',(-1.59260128741E-17,-3.870417880361E-17,1.));
#1646 = DIRECTION('',(0.711645970252,0.702538264455,3.852484948789E-17)
  );
#1647 = PCURVE('',#1596,#1648);
#1648 = DEFINITIONAL_REPRESENTATION('',(#1649),#1653);
#1649 = LINE('',#1650,#1651);
#1650 = CARTESIAN_POINT('',(3.14159265359,2.5));
#1651 = VECTOR('',#1652,1.);
#1652 = DIRECTION('',(-1.,0.));
#1653 = ( GEOMETRIC_REPRESENTATION_CONTEXT(2) 
PARAMETRIC_REPRESENTATION_CONTEXT() REPRESENTATION_CONTEXT('2D SPACE',''
  ) );
#1654 = PCURVE('',#123,#1655);
#1655 = DEFINITIONAL_REPRESENTATION('',(#1656),#1660);
#1656 = CIRCLE('',#1657,17.5);
#1657 = AXIS2_PLACEMENT_2D('',#1658,#1659);
#1658 = CARTESIAN_POINT('',(0.,0.));
#1659 = DIRECTION('',(1.,0.));
#1660 = ( GEOMETRIC_REPRESENTATION_CONTEXT(2) 
PARAMETRIC_REPRESENTATION_CONTEXT() REPRESENTATION_CONTEXT('2D SPACE',''
  ) );
#1661 = ORIENTED_EDGE('',*,*,#1662,.F.);
#1662 = EDGE_CURVE('',#1663,#1639,#1665,.T.);
#1663 = VERTEX_POINT('',#1664);
#1664 = CARTESIAN_POINT('',(-12.45380447941,-12.29441962796,-13.));
#1665 = SURFACE_CURVE('',#1666,(#1670,#1677),.PCURVE_S1.);
#1666 = LINE('',#1667,#1668);
#1667 = CARTESIAN_POINT('',(-12.45380447941,-12.29441962796,-13.));
#1668 = VECTOR('',#1669,1.);
#1669 = DIRECTION('',(1.59260128741E-17,3.870417880361E-17,-1.));
#1670 = PCURVE('',#1596,#1671);
#1671 = DEFINITIONAL_REPRESENTATION('',(#1672),#1676);
#1672 = LINE('',#1673,#1674);
#1673 = CARTESIAN_POINT('',(0.,0.));
#1674 = VECTOR('',#1675,1.);
#1675 = DIRECTION('',(0.,1.));
#1676 = ( GEOMETRIC_REPRESENTATION_CONTEXT(2) 
PARAMETRIC_REPRESENTATION_CONTEXT() REPRESENTATION_CONTEXT('2D SPACE',''
  ) );
#1677 = PCURVE('',#916,#1678);
#1678 = DEFINITIONAL_REPRESENTATION('',(#1679),#1683);
#1679 = LINE('',#1680,#1681);
#1680 = CARTESIAN_POINT('',(6.28318530718,0.));
#1681 = VECTOR('',#1682,1.);
#1682 = DIRECTION('',(0.,1.));
#1683 = ( GEOMETRIC_REPRESENTATION_CONTEXT(2) 
PARAMETRIC_REPRESENTATION_CONTEXT() REPRESENTATION_CONTEXT('2D SPACE',''
  ) );
#1684 = ORIENTED_EDGE('',*,*,#1685,.F.);
#1685 = EDGE_CURVE('',#1686,#1663,#1688,.T.);
#1686 = VERTEX_POINT('',#1687);
#1687 = CARTESIAN_POINT('',(-17.48018698648,0.832504004552,-13.));
#1688 = SURFACE_CURVE('',#1689,(#1694,#1701),.PCURVE_S1.);
#1689 = CIRCLE('',#1690,17.5);
#1690 = AXIS2_PLACEMENT_3D('',#1691,#1692,#1693);
#1691 = CARTESIAN_POINT('',(-6.409960140579E-14,-9.781735634291E-15,-13.
    ));
#1692 = DIRECTION('',(-1.59260128741E-17,-3.870417880361E-17,1.));
#1693 = DIRECTION('',(0.711645970252,0.702538264455,3.852484948789E-17)
  );
#1694 = PCURVE('',#1596,#1695);
#1695 = DEFINITIONAL_REPRESENTATION('',(#1696),#1700);
#1696 = LINE('',#1697,#1698);
#1697 = CARTESIAN_POINT('',(3.14159265359,0.));
#1698 = VECTOR('',#1699,1.);
#1699 = DIRECTION('',(-1.,0.));
#1700 = ( GEOMETRIC_REPRESENTATION_CONTEXT(2) 
PARAMETRIC_REPRESENTATION_CONTEXT() REPRESENTATION_CONTEXT('2D SPACE',''
  ) );
#1701 = PCURVE('',#672,#1702);
#1702 = DEFINITIONAL_REPRESENTATION('',(#1703),#1707);
#1703 = CIRCLE('',#1704,17.5);
#1704 = AXIS2_PLACEMENT_2D('',#1705,#1706);
#1705 = CARTESIAN_POINT('',(0.,0.));
#1706 = DIRECTION('',(1.,0.));
#1707 = ( GEOMETRIC_REPRESENTATION_CONTEXT(2) 
PARAMETRIC_REPRESENTATION_CONTEXT() REPRESENTATION_CONTEXT('2D SPACE',''
  ) );
#1708 = ORIENTED_EDGE('',*,*,#1709,.T.);
#1709 = EDGE_CURVE('',#1686,#1710,#1712,.T.);
#1710 = VERTEX_POINT('',#1711);
#1711 = CARTESIAN_POINT('',(-17.48018698648,0.832504004552,-5.));
#1712 = SURFACE_CURVE('',#1713,(#1717,#1724),.PCURVE_S1.);
#1713 = LINE('',#1714,#1715);
#1714 = CARTESIAN_POINT('',(-17.48018698648,0.832504004552,-13.));
#1715 = VECTOR('',#1716,1.);
#1716 = DIRECTION('',(-1.59260128741E-17,-3.870417880361E-17,1.));
#1717 = PCURVE('',#1596,#1718);
#1718 = DEFINITIONAL_REPRESENTATION('',(#1719),#1723);
#1719 = LINE('',#1720,#1721);
#1720 = CARTESIAN_POINT('',(0.826547616989,0.));
#1721 = VECTOR('',#1722,1.);
#1722 = DIRECTION('',(0.,-1.));
#1723 = ( GEOMETRIC_REPRESENTATION_CONTEXT(2) 
PARAMETRIC_REPRESENTATION_CONTEXT() REPRESENTATION_CONTEXT('2D SPACE',''
  ) );
#1724 = PCURVE('',#1725,#1730);
#1725 = CYLINDRICAL_SURFACE('',#1726,2.);
#1726 = AXIS2_PLACEMENT_3D('',#1727,#1728,#1729);
#1727 = CARTESIAN_POINT('',(-15.48245133088,0.737360689746,-13.));
#1728 = DIRECTION('',(-1.59260128741E-17,-3.870417880361E-17,1.));
#1729 = DIRECTION('',(0.711645970252,0.702538264455,3.852484948789E-17)
  );
#1730 = DEFINITIONAL_REPRESENTATION('',(#1731),#1735);
#1731 = LINE('',#1732,#1733);
#1732 = CARTESIAN_POINT('',(2.315045036601,-4.440892098501E-16));
#1733 = VECTOR('',#1734,1.);
#1734 = DIRECTION('',(0.,1.));
#1735 = ( GEOMETRIC_REPRESENTATION_CONTEXT(2) 
PARAMETRIC_REPRESENTATION_CONTEXT() REPRESENTATION_CONTEXT('2D SPACE',''
  ) );
#1736 = ORIENTED_EDGE('',*,*,#1737,.F.);
#1737 = EDGE_CURVE('',#1738,#1710,#1740,.T.);
#1738 = VERTEX_POINT('',#1739);
#1739 = CARTESIAN_POINT('',(-15.44996163515,8.218800732004,-5.));
#1740 = SURFACE_CURVE('',#1741,(#1746,#1753),.PCURVE_S1.);
#1741 = CIRCLE('',#1742,17.5);
#1742 = AXIS2_PLACEMENT_3D('',#1743,#1744,#1745);
#1743 = CARTESIAN_POINT('',(-6.422700950878E-14,-1.009136906472E-14,-5.)
  );
#1744 = DIRECTION('',(-1.59260128741E-17,-3.870417880361E-17,1.));
#1745 = DIRECTION('',(0.711645970252,0.702538264455,3.852484948789E-17)
  );
#1746 = PCURVE('',#1596,#1747);
#1747 = DEFINITIONAL_REPRESENTATION('',(#1748),#1752);
#1748 = LINE('',#1749,#1750);
#1749 = CARTESIAN_POINT('',(3.14159265359,-8.));
#1750 = VECTOR('',#1751,1.);
#1751 = DIRECTION('',(-1.,0.));
#1752 = ( GEOMETRIC_REPRESENTATION_CONTEXT(2) 
PARAMETRIC_REPRESENTATION_CONTEXT() REPRESENTATION_CONTEXT('2D SPACE',''
  ) );
#1753 = PCURVE('',#302,#1754);
#1754 = DEFINITIONAL_REPRESENTATION('',(#1755),#1759);
#1755 = CIRCLE('',#1756,17.5);
#1756 = AXIS2_PLACEMENT_2D('',#1757,#1758);
#1757 = CARTESIAN_POINT('',(-3.,-5.196152422707));
#1758 = DIRECTION('',(1.,0.));
#1759 = ( GEOMETRIC_REPRESENTATION_CONTEXT(2) 
PARAMETRIC_REPRESENTATION_CONTEXT() REPRESENTATION_CONTEXT('2D SPACE',''
  ) );
#1760 = ORIENTED_EDGE('',*,*,#1761,.T.);
#1761 = EDGE_CURVE('',#1738,#1762,#1764,.T.);
#1762 = VERTEX_POINT('',#1763);
#1763 = CARTESIAN_POINT('',(-15.44996163515,8.218800732004,-13.));
#1764 = SURFACE_CURVE('',#1765,(#1769,#1776),.PCURVE_S1.);
#1765 = LINE('',#1766,#1767);
#1766 = CARTESIAN_POINT('',(-15.44996163515,8.218800732004,-13.));
#1767 = VECTOR('',#1768,1.);
#1768 = DIRECTION('',(1.59260128741E-17,3.870417880361E-17,-1.));
#1769 = PCURVE('',#1596,#1770);
#1770 = DEFINITIONAL_REPRESENTATION('',(#1771),#1775);
#1771 = LINE('',#1772,#1773);
#1772 = CARTESIAN_POINT('',(1.267847485404,0.));
#1773 = VECTOR('',#1774,1.);
#1774 = DIRECTION('',(0.,1.));
#1775 = ( GEOMETRIC_REPRESENTATION_CONTEXT(2) 
PARAMETRIC_REPRESENTATION_CONTEXT() REPRESENTATION_CONTEXT('2D SPACE',''
  ) );
#1776 = PCURVE('',#982,#1777);
#1777 = DEFINITIONAL_REPRESENTATION('',(#1778),#1782);
#1778 = LINE('',#1779,#1780);
#1779 = CARTESIAN_POINT('',(1.873745168186,-8.));
#1780 = VECTOR('',#1781,1.);
#1781 = DIRECTION('',(0.,-1.));
#1782 = ( GEOMETRIC_REPRESENTATION_CONTEXT(2) 
PARAMETRIC_REPRESENTATION_CONTEXT() REPRESENTATION_CONTEXT('2D SPACE',''
  ) );
#1783 = ORIENTED_EDGE('',*,*,#1784,.F.);
#1784 = EDGE_CURVE('',#1785,#1762,#1787,.T.);
#1785 = VERTEX_POINT('',#1786);
#1786 = CARTESIAN_POINT('',(9.461063109936,14.72203399092,-13.));
#1787 = SURFACE_CURVE('',#1788,(#1793,#1800),.PCURVE_S1.);
#1788 = CIRCLE('',#1789,17.5);
#1789 = AXIS2_PLACEMENT_3D('',#1790,#1791,#1792);
#1790 = CARTESIAN_POINT('',(-6.409960140579E-14,-9.781735634291E-15,-13.
    ));
#1791 = DIRECTION('',(-1.59260128741E-17,-3.870417880361E-17,1.));
#1792 = DIRECTION('',(0.711645970252,0.702538264455,3.852484948789E-17)
  );
#1793 = PCURVE('',#1596,#1794);
#1794 = DEFINITIONAL_REPRESENTATION('',(#1795),#1799);
#1795 = LINE('',#1796,#1797);
#1796 = CARTESIAN_POINT('',(3.14159265359,0.));
#1797 = VECTOR('',#1798,1.);
#1798 = DIRECTION('',(-1.,0.));
#1799 = ( GEOMETRIC_REPRESENTATION_CONTEXT(2) 
PARAMETRIC_REPRESENTATION_CONTEXT() REPRESENTATION_CONTEXT('2D SPACE',''
  ) );
#1800 = PCURVE('',#672,#1801);
#1801 = DEFINITIONAL_REPRESENTATION('',(#1802),#1806);
#1802 = CIRCLE('',#1803,17.5);
#1803 = AXIS2_PLACEMENT_2D('',#1804,#1805);
#1804 = CARTESIAN_POINT('',(0.,0.));
#1805 = DIRECTION('',(1.,0.));
#1806 = ( GEOMETRIC_REPRESENTATION_CONTEXT(2) 
PARAMETRIC_REPRESENTATION_CONTEXT() REPRESENTATION_CONTEXT('2D SPACE',''
  ) );
#1807 = ORIENTED_EDGE('',*,*,#1808,.T.);
#1808 = EDGE_CURVE('',#1785,#1587,#1809,.T.);
#1809 = SURFACE_CURVE('',#1810,(#1814,#1821),.PCURVE_S1.);
#1810 = LINE('',#1811,#1812);
#1811 = CARTESIAN_POINT('',(9.461063109936,14.72203399092,-13.));
#1812 = VECTOR('',#1813,1.);
#1813 = DIRECTION('',(-1.59260128741E-17,-3.870417880361E-17,1.));
#1814 = PCURVE('',#1596,#1815);
#1815 = DEFINITIONAL_REPRESENTATION('',(#1816),#1820);
#1816 = LINE('',#1817,#1818);
#1817 = CARTESIAN_POINT('',(2.920942719382,0.));
#1818 = VECTOR('',#1819,1.);
#1819 = DIRECTION('',(0.,-1.));
#1820 = ( GEOMETRIC_REPRESENTATION_CONTEXT(2) 
PARAMETRIC_REPRESENTATION_CONTEXT() REPRESENTATION_CONTEXT('2D SPACE',''
  ) );
#1821 = PCURVE('',#1822,#1827);
#1822 = CYLINDRICAL_SURFACE('',#1823,2.);
#1823 = AXIS2_PLACEMENT_3D('',#1824,#1825,#1826);
#1824 = CARTESIAN_POINT('',(8.379798754514,13.039515820529,-13.));
#1825 = DIRECTION('',(-1.59260128741E-17,-3.870417880361E-17,1.));
#1826 = DIRECTION('',(0.711645970252,0.702538264455,3.852484948789E-17)
  );
#1827 = DEFINITIONAL_REPRESENTATION('',(#1828),#1832);
#1828 = LINE('',#1829,#1830);
#1829 = CARTESIAN_POINT('',(0.220649934208,-4.440892098501E-16));
#1830 = VECTOR('',#1831,1.);
#1831 = DIRECTION('',(0.,1.));
#1832 = ( GEOMETRIC_REPRESENTATION_CONTEXT(2) 
PARAMETRIC_REPRESENTATION_CONTEXT() REPRESENTATION_CONTEXT('2D SPACE',''
  ) );
#1833 = ADVANCED_FACE('',(#1834,#1859,#1884,#1909,#1934),#672,.T.);
#1834 = FACE_BOUND('',#1835,.T.);
#1835 = EDGE_LOOP('',(#1836,#1858));
#1836 = ORIENTED_EDGE('',*,*,#1837,.F.);
#1837 = EDGE_CURVE('',#656,#628,#1838,.T.);
#1838 = SURFACE_CURVE('',#1839,(#1844,#1851),.PCURVE_S1.);
#1839 = CIRCLE('',#1840,4.);
#1840 = AXIS2_PLACEMENT_3D('',#1841,#1842,#1843);
#1841 = CARTESIAN_POINT('',(11.570867631299,-3.180412278141,-13.));
#1842 = DIRECTION('',(-1.59260128741E-17,-3.870417880361E-17,1.));
#1843 = DIRECTION('',(-0.964238969275,0.265034356512,-5.098545114853E-18
    ));
#1844 = PCURVE('',#672,#1845);
#1845 = DEFINITIONAL_REPRESENTATION('',(#1846),#1850);
#1846 = CIRCLE('',#1847,4.);
#1847 = AXIS2_PLACEMENT_2D('',#1848,#1849);
#1848 = CARTESIAN_POINT('',(6.,-10.39230484541));
#1849 = DIRECTION('',(-0.5,0.866025403784));
#1850 = ( GEOMETRIC_REPRESENTATION_CONTEXT(2) 
PARAMETRIC_REPRESENTATION_CONTEXT() REPRESENTATION_CONTEXT('2D SPACE',''
  ) );
#1851 = PCURVE('',#643,#1852);
#1852 = DEFINITIONAL_REPRESENTATION('',(#1853),#1857);
#1853 = LINE('',#1854,#1855);
#1854 = CARTESIAN_POINT('',(7.330382858376,0.5));
#1855 = VECTOR('',#1856,1.);
#1856 = DIRECTION('',(-1.,0.));
#1857 = ( GEOMETRIC_REPRESENTATION_CONTEXT(2) 
PARAMETRIC_REPRESENTATION_CONTEXT() REPRESENTATION_CONTEXT('2D SPACE',''
  ) );
#1858 = ORIENTED_EDGE('',*,*,#655,.F.);
#1859 = FACE_BOUND('',#1860,.T.);
#1860 = EDGE_LOOP('',(#1861,#1883));
#1861 = ORIENTED_EDGE('',*,*,#1862,.F.);
#1862 = EDGE_CURVE('',#768,#740,#1863,.T.);
#1863 = SURFACE_CURVE('',#1864,(#1869,#1876),.PCURVE_S1.);
#1864 = CIRCLE('',#1865,4.);
#1865 = AXIS2_PLACEMENT_3D('',#1866,#1867,#1868);
#1866 = CARTESIAN_POINT('',(-3.031115988272,11.610871451603,-13.));
#1867 = DIRECTION('',(-1.59260128741E-17,-3.870417880361E-17,1.));
#1868 = DIRECTION('',(0.252592999023,-0.967572620967,-3.342630437304E-17
    ));
#1869 = PCURVE('',#672,#1870);
#1870 = DEFINITIONAL_REPRESENTATION('',(#1871),#1875);
#1871 = CIRCLE('',#1872,4.);
#1872 = AXIS2_PLACEMENT_2D('',#1873,#1874);
#1873 = CARTESIAN_POINT('',(6.,10.392304845413));
#1874 = DIRECTION('',(-0.5,-0.866025403784));
#1875 = ( GEOMETRIC_REPRESENTATION_CONTEXT(2) 
PARAMETRIC_REPRESENTATION_CONTEXT() REPRESENTATION_CONTEXT('2D SPACE',''
  ) );
#1876 = PCURVE('',#755,#1877);
#1877 = DEFINITIONAL_REPRESENTATION('',(#1878),#1882);
#1878 = LINE('',#1879,#1880);
#1879 = CARTESIAN_POINT('',(11.519173063163,0.5));
#1880 = VECTOR('',#1881,1.);
#1881 = DIRECTION('',(-1.,0.));
#1882 = ( GEOMETRIC_REPRESENTATION_CONTEXT(2) 
PARAMETRIC_REPRESENTATION_CONTEXT() REPRESENTATION_CONTEXT('2D SPACE',''
  ) );
#1883 = ORIENTED_EDGE('',*,*,#767,.F.);
#1884 = FACE_BOUND('',#1885,.T.);
#1885 = EDGE_LOOP('',(#1886,#1908));
#1886 = ORIENTED_EDGE('',*,*,#1887,.F.);
#1887 = EDGE_CURVE('',#1224,#1196,#1888,.T.);
#1888 = SURFACE_CURVE('',#1889,(#1894,#1901),.PCURVE_S1.);
#1889 = CIRCLE('',#1890,4.);
#1890 = AXIS2_PLACEMENT_3D('',#1891,#1892,#1893);
#1891 = CARTESIAN_POINT('',(-8.539751643028,-8.430459173462,-13.));
#1892 = DIRECTION('',(-1.59260128741E-17,-3.870417880361E-17,1.));
#1893 = DIRECTION('',(0.711645970252,0.702538264455,3.852484948789E-17)
  );
#1894 = PCURVE('',#672,#1895);
#1895 = DEFINITIONAL_REPRESENTATION('',(#1896),#1900);
#1896 = CIRCLE('',#1897,4.);
#1897 = AXIS2_PLACEMENT_2D('',#1898,#1899);
#1898 = CARTESIAN_POINT('',(-12.,0.));
#1899 = DIRECTION('',(1.,0.));
#1900 = ( GEOMETRIC_REPRESENTATION_CONTEXT(2) 
PARAMETRIC_REPRESENTATION_CONTEXT() REPRESENTATION_CONTEXT('2D SPACE',''
  ) );
#1901 = PCURVE('',#1211,#1902);
#1902 = DEFINITIONAL_REPRESENTATION('',(#1903),#1907);
#1903 = LINE('',#1904,#1905);
#1904 = CARTESIAN_POINT('',(9.424777960769,0.5));
#1905 = VECTOR('',#1906,1.);
#1906 = DIRECTION('',(-1.,0.));
#1907 = ( GEOMETRIC_REPRESENTATION_CONTEXT(2) 
PARAMETRIC_REPRESENTATION_CONTEXT() REPRESENTATION_CONTEXT('2D SPACE',''
  ) );
#1908 = ORIENTED_EDGE('',*,*,#1223,.F.);
#1909 = FACE_BOUND('',#1910,.T.);
#1910 = EDGE_LOOP('',(#1911,#1912));
#1911 = ORIENTED_EDGE('',*,*,#1559,.F.);
#1912 = ORIENTED_EDGE('',*,*,#1913,.F.);
#1913 = EDGE_CURVE('',#1537,#1478,#1914,.T.);
#1914 = SURFACE_CURVE('',#1915,(#1920,#1927),.PCURVE_S1.);
#1915 = CIRCLE('',#1916,7.5);
#1916 = AXIS2_PLACEMENT_3D('',#1917,#1918,#1919);
#1917 = CARTESIAN_POINT('',(-6.409960140579E-14,-9.781735634291E-15,-13.
    ));
#1918 = DIRECTION('',(-1.59260128741E-17,-3.870417880361E-17,1.));
#1919 = DIRECTION('',(0.711645970252,0.702538264455,3.852484948789E-17)
  );
#1920 = PCURVE('',#672,#1921);
#1921 = DEFINITIONAL_REPRESENTATION('',(#1922),#1926);
#1922 = CIRCLE('',#1923,7.5);
#1923 = AXIS2_PLACEMENT_2D('',#1924,#1925);
#1924 = CARTESIAN_POINT('',(0.,0.));
#1925 = DIRECTION('',(1.,0.));
#1926 = ( GEOMETRIC_REPRESENTATION_CONTEXT(2) 
PARAMETRIC_REPRESENTATION_CONTEXT() REPRESENTATION_CONTEXT('2D SPACE',''
  ) );
#1927 = PCURVE('',#1500,#1928);
#1928 = DEFINITIONAL_REPRESENTATION('',(#1929),#1933);
#1929 = LINE('',#1930,#1931);
#1930 = CARTESIAN_POINT('',(3.14159265359,0.));
#1931 = VECTOR('',#1932,1.);
#1932 = DIRECTION('',(-1.,0.));
#1933 = ( GEOMETRIC_REPRESENTATION_CONTEXT(2) 
PARAMETRIC_REPRESENTATION_CONTEXT() REPRESENTATION_CONTEXT('2D SPACE',''
  ) );
#1934 = FACE_BOUND('',#1935,.T.);
#1935 = EDGE_LOOP('',(#1936,#1937,#1963,#1964,#1965,#1993,#2026,#2059,
    #2085,#2086,#2110,#2143,#2176,#2202,#2203,#2231,#2257,#2258,#2282,
    #2315,#2348,#2381,#2414));
#1936 = ORIENTED_EDGE('',*,*,#1784,.T.);
#1937 = ORIENTED_EDGE('',*,*,#1938,.T.);
#1938 = EDGE_CURVE('',#1762,#932,#1939,.T.);
#1939 = SURFACE_CURVE('',#1940,(#1945,#1956),.PCURVE_S1.);
#1940 = CIRCLE('',#1941,2.);
#1941 = AXIS2_PLACEMENT_3D('',#1942,#1943,#1944);
#1942 = CARTESIAN_POINT('',(-13.68425173399,7.279509219775,-13.));
#1943 = DIRECTION('',(1.59260128741E-17,3.870417880361E-17,-1.));
#1944 = DIRECTION('',(0.711645970252,0.702538264455,3.852484948789E-17)
  );
#1945 = PCURVE('',#672,#1946);
#1946 = DEFINITIONAL_REPRESENTATION('',(#1947),#1955);
#1947 = ( BOUNDED_CURVE() B_SPLINE_CURVE(2,(#1948,#1949,#1950,#1951,
#1952,#1953,#1954),.UNSPECIFIED.,.T.,.F.) B_SPLINE_CURVE_WITH_KNOTS((1,2
    ,2,2,2,1),(-2.094395102393,0.,2.094395102393,4.188790204786,
6.28318530718,8.377580409573),.UNSPECIFIED.) CURVE() 
GEOMETRIC_REPRESENTATION_ITEM() RATIONAL_B_SPLINE_CURVE((1.,0.5,1.,0.5,
1.,0.5,1.)) REPRESENTATION_ITEM('') );
#1948 = CARTESIAN_POINT('',(-2.624208829066,14.794143865232));
#1949 = CARTESIAN_POINT('',(-2.624208829066,11.330042250095));
#1950 = CARTESIAN_POINT('',(-5.624208829066,13.062093057663));
#1951 = CARTESIAN_POINT('',(-8.624208829066,14.794143865232));
#1952 = CARTESIAN_POINT('',(-5.624208829066,16.526194672801));
#1953 = CARTESIAN_POINT('',(-2.624208829066,18.25824548037));
#1954 = CARTESIAN_POINT('',(-2.624208829066,14.794143865232));
#1955 = ( GEOMETRIC_REPRESENTATION_CONTEXT(2) 
PARAMETRIC_REPRESENTATION_CONTEXT() REPRESENTATION_CONTEXT('2D SPACE',''
  ) );
#1956 = PCURVE('',#982,#1957);
#1957 = DEFINITIONAL_REPRESENTATION('',(#1958),#1962);
#1958 = LINE('',#1959,#1960);
#1959 = CARTESIAN_POINT('',(6.28318530718,-8.));
#1960 = VECTOR('',#1961,1.);
#1961 = DIRECTION('',(-1.,0.));
#1962 = ( GEOMETRIC_REPRESENTATION_CONTEXT(2) 
PARAMETRIC_REPRESENTATION_CONTEXT() REPRESENTATION_CONTEXT('2D SPACE',''
  ) );
#1963 = ORIENTED_EDGE('',*,*,#931,.T.);
#1964 = ORIENTED_EDGE('',*,*,#1272,.F.);
#1965 = ORIENTED_EDGE('',*,*,#1966,.F.);
#1966 = EDGE_CURVE('',#1967,#1273,#1969,.T.);
#1967 = VERTEX_POINT('',#1968);
#1968 = CARTESIAN_POINT('',(-8.22406197532,3.655790561027,-13.));
#1969 = SURFACE_CURVE('',#1970,(#1975,#1986),.PCURVE_S1.);
#1970 = CIRCLE('',#1971,9.5);
#1971 = AXIS2_PLACEMENT_3D('',#1972,#1973,#1974);
#1972 = CARTESIAN_POINT('',(-3.031115988272,11.610871451603,-13.));
#1973 = DIRECTION('',(1.59260128741E-17,3.870417880361E-17,-1.));
#1974 = DIRECTION('',(0.711645970252,0.702538264455,3.852484948789E-17)
  );
#1975 = PCURVE('',#672,#1976);
#1976 = DEFINITIONAL_REPRESENTATION('',(#1977),#1985);
#1977 = ( BOUNDED_CURVE() B_SPLINE_CURVE(2,(#1978,#1979,#1980,#1981,
#1982,#1983,#1984),.UNSPECIFIED.,.T.,.F.) B_SPLINE_CURVE_WITH_KNOTS((1,2
    ,2,2,2,1),(-2.094395102393,0.,2.094395102393,4.188790204786,
6.28318530718,8.377580409573),.UNSPECIFIED.) CURVE() 
GEOMETRIC_REPRESENTATION_ITEM() RATIONAL_B_SPLINE_CURVE((1.,0.5,1.,0.5,
1.,0.5,1.)) REPRESENTATION_ITEM('') );
#1978 = CARTESIAN_POINT('',(15.5,10.392304845413));
#1979 = CARTESIAN_POINT('',(15.5,-6.062177826491));
#1980 = CARTESIAN_POINT('',(1.25,2.165063509461));
#1981 = CARTESIAN_POINT('',(-13.,10.392304845413));
#1982 = CARTESIAN_POINT('',(1.25,18.619546181365));
#1983 = CARTESIAN_POINT('',(15.5,26.846787517318));
#1984 = CARTESIAN_POINT('',(15.5,10.392304845413));
#1985 = ( GEOMETRIC_REPRESENTATION_CONTEXT(2) 
PARAMETRIC_REPRESENTATION_CONTEXT() REPRESENTATION_CONTEXT('2D SPACE',''
  ) );
#1986 = PCURVE('',#1316,#1987);
#1987 = DEFINITIONAL_REPRESENTATION('',(#1988),#1992);
#1988 = LINE('',#1989,#1990);
#1989 = CARTESIAN_POINT('',(3.14159265359,8.));
#1990 = VECTOR('',#1991,1.);
#1991 = DIRECTION('',(1.,0.));
#1992 = ( GEOMETRIC_REPRESENTATION_CONTEXT(2) 
PARAMETRIC_REPRESENTATION_CONTEXT() REPRESENTATION_CONTEXT('2D SPACE',''
  ) );
#1993 = ORIENTED_EDGE('',*,*,#1994,.F.);
#1994 = EDGE_CURVE('',#1995,#1967,#1997,.T.);
#1995 = VERTEX_POINT('',#1996);
#1996 = CARTESIAN_POINT('',(-8.93721469852,1.061222612161,-13.));
#1997 = SURFACE_CURVE('',#1998,(#2003,#2014),.PCURVE_S1.);
#1998 = CIRCLE('',#1999,9.);
#1999 = AXIS2_PLACEMENT_3D('',#2000,#2001,#2002);
#2000 = CARTESIAN_POINT('',(-6.409960140579E-14,-9.781735634291E-15,-13.
    ));
#2001 = DIRECTION('',(1.59260128741E-17,3.870417880361E-17,-1.));
#2002 = DIRECTION('',(0.711645970252,0.702538264455,3.852484948789E-17)
  );
#2003 = PCURVE('',#672,#2004);
#2004 = DEFINITIONAL_REPRESENTATION('',(#2005),#2013);
#2005 = ( BOUNDED_CURVE() B_SPLINE_CURVE(2,(#2006,#2007,#2008,#2009,
#2010,#2011,#2012),.UNSPECIFIED.,.T.,.F.) B_SPLINE_CURVE_WITH_KNOTS((1,2
    ,2,2,2,1),(-2.094395102393,0.,2.094395102393,4.188790204786,
6.28318530718,8.377580409573),.UNSPECIFIED.) CURVE() 
GEOMETRIC_REPRESENTATION_ITEM() RATIONAL_B_SPLINE_CURVE((1.,0.5,1.,0.5,
1.,0.5,1.)) REPRESENTATION_ITEM('') );
#2006 = CARTESIAN_POINT('',(9.,0.));
#2007 = CARTESIAN_POINT('',(9.,-15.58845726812));
#2008 = CARTESIAN_POINT('',(-4.5,-7.79422863406));
#2009 = CARTESIAN_POINT('',(-18.,-2.204364238465E-15));
#2010 = CARTESIAN_POINT('',(-4.5,7.79422863406));
#2011 = CARTESIAN_POINT('',(9.,15.58845726812));
#2012 = CARTESIAN_POINT('',(9.,0.));
#2013 = ( GEOMETRIC_REPRESENTATION_CONTEXT(2) 
PARAMETRIC_REPRESENTATION_CONTEXT() REPRESENTATION_CONTEXT('2D SPACE',''
  ) );
#2014 = PCURVE('',#2015,#2020);
#2015 = CYLINDRICAL_SURFACE('',#2016,9.);
#2016 = AXIS2_PLACEMENT_3D('',#2017,#2018,#2019);
#2017 = CARTESIAN_POINT('',(-6.422700950878E-14,-1.009136906472E-14,-5.)
  );
#2018 = DIRECTION('',(1.59260128741E-17,3.870417880361E-17,-1.));
#2019 = DIRECTION('',(-0.711645970252,-0.702538264455,
    -3.852484948789E-17));
#2020 = DEFINITIONAL_REPRESENTATION('',(#2021),#2025);
#2021 = LINE('',#2022,#2023);
#2022 = CARTESIAN_POINT('',(-3.14159265359,8.));
#2023 = VECTOR('',#2024,1.);
#2024 = DIRECTION('',(1.,0.));
#2025 = ( GEOMETRIC_REPRESENTATION_CONTEXT(2) 
PARAMETRIC_REPRESENTATION_CONTEXT() REPRESENTATION_CONTEXT('2D SPACE',''
  ) );
#2026 = ORIENTED_EDGE('',*,*,#2027,.F.);
#2027 = EDGE_CURVE('',#2028,#1995,#2030,.T.);
#2028 = VERTEX_POINT('',#2029);
#2029 = CARTESIAN_POINT('',(-14.27502529821,-0.857042764725,-13.));
#2030 = SURFACE_CURVE('',#2031,(#2036,#2047),.PCURVE_S1.);
#2031 = CIRCLE('',#2032,9.5);
#2032 = AXIS2_PLACEMENT_3D('',#2033,#2034,#2035);
#2033 = CARTESIAN_POINT('',(-8.539751643028,-8.430459173462,-13.));
#2034 = DIRECTION('',(1.59260128741E-17,3.870417880361E-17,-1.));
#2035 = DIRECTION('',(0.711645970252,0.702538264455,3.852484948789E-17)
  );
#2036 = PCURVE('',#672,#2037);
#2037 = DEFINITIONAL_REPRESENTATION('',(#2038),#2046);
#2038 = ( BOUNDED_CURVE() B_SPLINE_CURVE(2,(#2039,#2040,#2041,#2042,
#2043,#2044,#2045),.UNSPECIFIED.,.T.,.F.) B_SPLINE_CURVE_WITH_KNOTS((1,2
    ,2,2,2,1),(-2.094395102393,0.,2.094395102393,4.188790204786,
6.28318530718,8.377580409573),.UNSPECIFIED.) CURVE() 
GEOMETRIC_REPRESENTATION_ITEM() RATIONAL_B_SPLINE_CURVE((1.,0.5,1.,0.5,
1.,0.5,1.)) REPRESENTATION_ITEM('') );
#2039 = CARTESIAN_POINT('',(-2.5,0.));
#2040 = CARTESIAN_POINT('',(-2.5,-16.4544826719));
#2041 = CARTESIAN_POINT('',(-16.75,-8.227241335952));
#2042 = CARTESIAN_POINT('',(-31.,-2.32682891838E-15));
#2043 = CARTESIAN_POINT('',(-16.75,8.227241335952));
#2044 = CARTESIAN_POINT('',(-2.5,16.454482671904));
#2045 = CARTESIAN_POINT('',(-2.5,0.));
#2046 = ( GEOMETRIC_REPRESENTATION_CONTEXT(2) 
PARAMETRIC_REPRESENTATION_CONTEXT() REPRESENTATION_CONTEXT('2D SPACE',''
  ) );
#2047 = PCURVE('',#2048,#2053);
#2048 = CYLINDRICAL_SURFACE('',#2049,9.5);
#2049 = AXIS2_PLACEMENT_3D('',#2050,#2051,#2052);
#2050 = CARTESIAN_POINT('',(-8.539751643028,-8.430459173462,-5.));
#2051 = DIRECTION('',(1.59260128741E-17,3.870417880361E-17,-1.));
#2052 = DIRECTION('',(-0.711645970252,-0.702538264455,
    -3.852484948789E-17));
#2053 = DEFINITIONAL_REPRESENTATION('',(#2054),#2058);
#2054 = LINE('',#2055,#2056);
#2055 = CARTESIAN_POINT('',(-3.14159265359,8.));
#2056 = VECTOR('',#2057,1.);
#2057 = DIRECTION('',(1.,0.));
#2058 = ( GEOMETRIC_REPRESENTATION_CONTEXT(2) 
PARAMETRIC_REPRESENTATION_CONTEXT() REPRESENTATION_CONTEXT('2D SPACE',''
  ) );
#2059 = ORIENTED_EDGE('',*,*,#2060,.T.);
#2060 = EDGE_CURVE('',#2028,#1686,#2061,.T.);
#2061 = SURFACE_CURVE('',#2062,(#2067,#2078),.PCURVE_S1.);
#2062 = CIRCLE('',#2063,2.);
#2063 = AXIS2_PLACEMENT_3D('',#2064,#2065,#2066);
#2064 = CARTESIAN_POINT('',(-15.48245133088,0.737360689746,-13.));
#2065 = DIRECTION('',(1.59260128741E-17,3.870417880361E-17,-1.));
#2066 = DIRECTION('',(0.711645970252,0.702538264455,3.852484948789E-17)
  );
#2067 = PCURVE('',#672,#2068);
#2068 = DEFINITIONAL_REPRESENTATION('',(#2069),#2077);
#2069 = ( BOUNDED_CURVE() B_SPLINE_CURVE(2,(#2070,#2071,#2072,#2073,
#2074,#2075,#2076),.UNSPECIFIED.,.T.,.F.) B_SPLINE_CURVE_WITH_KNOTS((1,2
    ,2,2,2,1),(-2.094395102393,0.,2.094395102393,4.188790204786,
6.28318530718,8.377580409573),.UNSPECIFIED.) CURVE() 
GEOMETRIC_REPRESENTATION_ITEM() RATIONAL_B_SPLINE_CURVE((1.,0.5,1.,0.5,
1.,0.5,1.)) REPRESENTATION_ITEM('') );
#2070 = CARTESIAN_POINT('',(-8.5,11.401754250991));
#2071 = CARTESIAN_POINT('',(-8.5,7.937652635854));
#2072 = CARTESIAN_POINT('',(-11.5,9.669703443423));
#2073 = CARTESIAN_POINT('',(-14.5,11.401754250991));
#2074 = CARTESIAN_POINT('',(-11.5,13.13380505856));
#2075 = CARTESIAN_POINT('',(-8.5,14.865855866129));
#2076 = CARTESIAN_POINT('',(-8.5,11.401754250991));
#2077 = ( GEOMETRIC_REPRESENTATION_CONTEXT(2) 
PARAMETRIC_REPRESENTATION_CONTEXT() REPRESENTATION_CONTEXT('2D SPACE',''
  ) );
#2078 = PCURVE('',#1725,#2079);
#2079 = DEFINITIONAL_REPRESENTATION('',(#2080),#2084);
#2080 = LINE('',#2081,#2082);
#2081 = CARTESIAN_POINT('',(6.28318530718,-4.440892098501E-16));
#2082 = VECTOR('',#2083,1.);
#2083 = DIRECTION('',(-1.,0.));
#2084 = ( GEOMETRIC_REPRESENTATION_CONTEXT(2) 
PARAMETRIC_REPRESENTATION_CONTEXT() REPRESENTATION_CONTEXT('2D SPACE',''
  ) );
#2085 = ORIENTED_EDGE('',*,*,#1685,.T.);
#2086 = ORIENTED_EDGE('',*,*,#2087,.T.);
#2087 = EDGE_CURVE('',#1663,#2088,#2090,.T.);
#2088 = VERTEX_POINT('',#2089);
#2089 = CARTESIAN_POINT('',(0.607290595017,-17.48945962953,-13.));
#2090 = SURFACE_CURVE('',#2091,(#2096,#2103),.PCURVE_S1.);
#2091 = CIRCLE('',#2092,17.5);
#2092 = AXIS2_PLACEMENT_3D('',#2093,#2094,#2095);
#2093 = CARTESIAN_POINT('',(-6.409960140579E-14,-9.781735634291E-15,-13.
    ));
#2094 = DIRECTION('',(-1.59260128741E-17,-3.870417880361E-17,1.));
#2095 = DIRECTION('',(0.711645970252,0.702538264455,3.852484948789E-17)
  );
#2096 = PCURVE('',#672,#2097);
#2097 = DEFINITIONAL_REPRESENTATION('',(#2098),#2102);
#2098 = CIRCLE('',#2099,17.5);
#2099 = AXIS2_PLACEMENT_2D('',#2100,#2101);
#2100 = CARTESIAN_POINT('',(0.,0.));
#2101 = DIRECTION('',(1.,0.));
#2102 = ( GEOMETRIC_REPRESENTATION_CONTEXT(2) 
PARAMETRIC_REPRESENTATION_CONTEXT() REPRESENTATION_CONTEXT('2D SPACE',''
  ) );
#2103 = PCURVE('',#916,#2104);
#2104 = DEFINITIONAL_REPRESENTATION('',(#2105),#2109);
#2105 = LINE('',#2106,#2107);
#2106 = CARTESIAN_POINT('',(9.424777960769,0.));
#2107 = VECTOR('',#2108,1.);
#2108 = DIRECTION('',(-1.,0.));
#2109 = ( GEOMETRIC_REPRESENTATION_CONTEXT(2) 
PARAMETRIC_REPRESENTATION_CONTEXT() REPRESENTATION_CONTEXT('2D SPACE',''
  ) );
#2110 = ORIENTED_EDGE('',*,*,#2111,.T.);
#2111 = EDGE_CURVE('',#2088,#2112,#2114,.T.);
#2112 = VERTEX_POINT('',#2113);
#2113 = CARTESIAN_POINT('',(-1.040833626781,-14.26280249202,-13.));
#2114 = SURFACE_CURVE('',#2115,(#2120,#2131),.PCURVE_S1.);
#2115 = CIRCLE('',#2116,2.);
#2116 = AXIS2_PLACEMENT_3D('',#2117,#2118,#2119);
#2117 = CARTESIAN_POINT('',(0.537885955586,-15.4906642433,-13.));
#2118 = DIRECTION('',(1.59260128741E-17,3.870417880361E-17,-1.));
#2119 = DIRECTION('',(0.711645970252,0.702538264455,3.852484948789E-17)
  );
#2120 = PCURVE('',#672,#2121);
#2121 = DEFINITIONAL_REPRESENTATION('',(#2122),#2130);
#2122 = ( BOUNDED_CURVE() B_SPLINE_CURVE(2,(#2123,#2124,#2125,#2126,
#2127,#2128,#2129),.UNSPECIFIED.,.T.,.F.) B_SPLINE_CURVE_WITH_KNOTS((1,2
    ,2,2,2,1),(-2.094395102393,0.,2.094395102393,4.188790204786,
6.28318530718,8.377580409573),.UNSPECIFIED.) CURVE() 
GEOMETRIC_REPRESENTATION_ITEM() RATIONAL_B_SPLINE_CURVE((1.,0.5,1.,0.5,
1.,0.5,1.)) REPRESENTATION_ITEM('') );
#2123 = CARTESIAN_POINT('',(-8.5,-11.40175425099));
#2124 = CARTESIAN_POINT('',(-8.5,-14.86585586612));
#2125 = CARTESIAN_POINT('',(-11.5,-13.13380505856));
#2126 = CARTESIAN_POINT('',(-14.5,-11.40175425099));
#2127 = CARTESIAN_POINT('',(-11.5,-9.669703443423));
#2128 = CARTESIAN_POINT('',(-8.5,-7.937652635854));
#2129 = CARTESIAN_POINT('',(-8.5,-11.40175425099));
#2130 = ( GEOMETRIC_REPRESENTATION_CONTEXT(2) 
PARAMETRIC_REPRESENTATION_CONTEXT() REPRESENTATION_CONTEXT('2D SPACE',''
  ) );
#2131 = PCURVE('',#2132,#2137);
#2132 = CYLINDRICAL_SURFACE('',#2133,2.);
#2133 = AXIS2_PLACEMENT_3D('',#2134,#2135,#2136);
#2134 = CARTESIAN_POINT('',(0.537885955586,-15.4906642433,-5.));
#2135 = DIRECTION('',(-1.59260128741E-17,-3.870417880361E-17,1.));
#2136 = DIRECTION('',(0.711645970252,0.702538264455,3.852484948789E-17)
  );
#2137 = DEFINITIONAL_REPRESENTATION('',(#2138),#2142);
#2138 = LINE('',#2139,#2140);
#2139 = CARTESIAN_POINT('',(6.28318530718,-8.));
#2140 = VECTOR('',#2141,1.);
#2141 = DIRECTION('',(-1.,0.));
#2142 = ( GEOMETRIC_REPRESENTATION_CONTEXT(2) 
PARAMETRIC_REPRESENTATION_CONTEXT() REPRESENTATION_CONTEXT('2D SPACE',''
  ) );
#2143 = ORIENTED_EDGE('',*,*,#2144,.F.);
#2144 = EDGE_CURVE('',#2145,#2112,#2147,.T.);
#2145 = VERTEX_POINT('',#2146);
#2146 = CARTESIAN_POINT('',(0.946023490895,-8.950141873438,-13.));
#2147 = SURFACE_CURVE('',#2148,(#2153,#2164),.PCURVE_S1.);
#2148 = CIRCLE('',#2149,9.5);
#2149 = AXIS2_PLACEMENT_3D('',#2150,#2151,#2152);
#2150 = CARTESIAN_POINT('',(-8.539751643028,-8.430459173462,-13.));
#2151 = DIRECTION('',(1.59260128741E-17,3.870417880361E-17,-1.));
#2152 = DIRECTION('',(0.711645970252,0.702538264455,3.852484948789E-17)
  );
#2153 = PCURVE('',#672,#2154);
#2154 = DEFINITIONAL_REPRESENTATION('',(#2155),#2163);
#2155 = ( BOUNDED_CURVE() B_SPLINE_CURVE(2,(#2156,#2157,#2158,#2159,
#2160,#2161,#2162),.UNSPECIFIED.,.T.,.F.) B_SPLINE_CURVE_WITH_KNOTS((1,2
    ,2,2,2,1),(-2.094395102393,0.,2.094395102393,4.188790204786,
6.28318530718,8.377580409573),.UNSPECIFIED.) CURVE() 
GEOMETRIC_REPRESENTATION_ITEM() RATIONAL_B_SPLINE_CURVE((1.,0.5,1.,0.5,
1.,0.5,1.)) REPRESENTATION_ITEM('') );
#2156 = CARTESIAN_POINT('',(-2.5,0.));
#2157 = CARTESIAN_POINT('',(-2.5,-16.4544826719));
#2158 = CARTESIAN_POINT('',(-16.75,-8.227241335952));
#2159 = CARTESIAN_POINT('',(-31.,-2.32682891838E-15));
#2160 = CARTESIAN_POINT('',(-16.75,8.227241335952));
#2161 = CARTESIAN_POINT('',(-2.5,16.454482671904));
#2162 = CARTESIAN_POINT('',(-2.5,0.));
#2163 = ( GEOMETRIC_REPRESENTATION_CONTEXT(2) 
PARAMETRIC_REPRESENTATION_CONTEXT() REPRESENTATION_CONTEXT('2D SPACE',''
  ) );
#2164 = PCURVE('',#2165,#2170);
#2165 = CYLINDRICAL_SURFACE('',#2166,9.5);
#2166 = AXIS2_PLACEMENT_3D('',#2167,#2168,#2169);
#2167 = CARTESIAN_POINT('',(-8.539751643028,-8.430459173462,-5.));
#2168 = DIRECTION('',(1.59260128741E-17,3.870417880361E-17,-1.));
#2169 = DIRECTION('',(-0.711645970252,-0.702538264455,
    -3.852484948789E-17));
#2170 = DEFINITIONAL_REPRESENTATION('',(#2171),#2175);
#2171 = LINE('',#2172,#2173);
#2172 = CARTESIAN_POINT('',(3.14159265359,8.));
#2173 = VECTOR('',#2174,1.);
#2174 = DIRECTION('',(1.,0.));
#2175 = ( GEOMETRIC_REPRESENTATION_CONTEXT(2) 
PARAMETRIC_REPRESENTATION_CONTEXT() REPRESENTATION_CONTEXT('2D SPACE',''
  ) );
#2176 = ORIENTED_EDGE('',*,*,#2177,.F.);
#2177 = EDGE_CURVE('',#1360,#2145,#2178,.T.);
#2178 = SURFACE_CURVE('',#2179,(#2184,#2195),.PCURVE_S1.);
#2179 = CIRCLE('',#2180,9.);
#2180 = AXIS2_PLACEMENT_3D('',#2181,#2182,#2183);
#2181 = CARTESIAN_POINT('',(-6.409960140579E-14,-9.781735634291E-15,-13.
    ));
#2182 = DIRECTION('',(1.59260128741E-17,3.870417880361E-17,-1.));
#2183 = DIRECTION('',(0.711645970252,0.702538264455,3.852484948789E-17)
  );
#2184 = PCURVE('',#672,#2185);
#2185 = DEFINITIONAL_REPRESENTATION('',(#2186),#2194);
#2186 = ( BOUNDED_CURVE() B_SPLINE_CURVE(2,(#2187,#2188,#2189,#2190,
#2191,#2192,#2193),.UNSPECIFIED.,.T.,.F.) B_SPLINE_CURVE_WITH_KNOTS((1,2
    ,2,2,2,1),(-2.094395102393,0.,2.094395102393,4.188790204786,
6.28318530718,8.377580409573),.UNSPECIFIED.) CURVE() 
GEOMETRIC_REPRESENTATION_ITEM() RATIONAL_B_SPLINE_CURVE((1.,0.5,1.,0.5,
1.,0.5,1.)) REPRESENTATION_ITEM('') );
#2187 = CARTESIAN_POINT('',(9.,0.));
#2188 = CARTESIAN_POINT('',(9.,-15.58845726812));
#2189 = CARTESIAN_POINT('',(-4.5,-7.79422863406));
#2190 = CARTESIAN_POINT('',(-18.,-2.204364238465E-15));
#2191 = CARTESIAN_POINT('',(-4.5,7.79422863406));
#2192 = CARTESIAN_POINT('',(9.,15.58845726812));
#2193 = CARTESIAN_POINT('',(9.,0.));
#2194 = ( GEOMETRIC_REPRESENTATION_CONTEXT(2) 
PARAMETRIC_REPRESENTATION_CONTEXT() REPRESENTATION_CONTEXT('2D SPACE',''
  ) );
#2195 = PCURVE('',#1380,#2196);
#2196 = DEFINITIONAL_REPRESENTATION('',(#2197),#2201);
#2197 = LINE('',#2198,#2199);
#2198 = CARTESIAN_POINT('',(3.14159265359,8.));
#2199 = VECTOR('',#2200,1.);
#2200 = DIRECTION('',(1.,0.));
#2201 = ( GEOMETRIC_REPRESENTATION_CONTEXT(2) 
PARAMETRIC_REPRESENTATION_CONTEXT() REPRESENTATION_CONTEXT('2D SPACE',''
  ) );
#2202 = ORIENTED_EDGE('',*,*,#1392,.F.);
#2203 = ORIENTED_EDGE('',*,*,#2204,.F.);
#2204 = EDGE_CURVE('',#2205,#1393,#2207,.T.);
#2205 = VERTEX_POINT('',#2206);
#2206 = CARTESIAN_POINT('',(7.879733455488,-11.93401316555,-13.));
#2207 = SURFACE_CURVE('',#2208,(#2213,#2224),.PCURVE_S1.);
#2208 = CIRCLE('',#2209,9.5);
#2209 = AXIS2_PLACEMENT_3D('',#2210,#2211,#2212);
#2210 = CARTESIAN_POINT('',(11.570867631299,-3.180412278141,-13.));
#2211 = DIRECTION('',(1.59260128741E-17,3.870417880361E-17,-1.));
#2212 = DIRECTION('',(0.711645970252,0.702538264455,3.852484948789E-17)
  );
#2213 = PCURVE('',#672,#2214);
#2214 = DEFINITIONAL_REPRESENTATION('',(#2215),#2223);
#2215 = ( BOUNDED_CURVE() B_SPLINE_CURVE(2,(#2216,#2217,#2218,#2219,
#2220,#2221,#2222),.UNSPECIFIED.,.T.,.F.) B_SPLINE_CURVE_WITH_KNOTS((1,2
    ,2,2,2,1),(-2.094395102393,0.,2.094395102393,4.188790204786,
6.28318530718,8.377580409573),.UNSPECIFIED.) CURVE() 
GEOMETRIC_REPRESENTATION_ITEM() RATIONAL_B_SPLINE_CURVE((1.,0.5,1.,0.5,
1.,0.5,1.)) REPRESENTATION_ITEM('') );
#2216 = CARTESIAN_POINT('',(15.5,-10.39230484541));
#2217 = CARTESIAN_POINT('',(15.5,-26.84678751731));
#2218 = CARTESIAN_POINT('',(1.25,-18.61954618136));
#2219 = CARTESIAN_POINT('',(-13.,-10.39230484541));
#2220 = CARTESIAN_POINT('',(1.25,-2.165063509461));
#2221 = CARTESIAN_POINT('',(15.5,6.062177826491));
#2222 = CARTESIAN_POINT('',(15.5,-10.39230484541));
#2223 = ( GEOMETRIC_REPRESENTATION_CONTEXT(2) 
PARAMETRIC_REPRESENTATION_CONTEXT() REPRESENTATION_CONTEXT('2D SPACE',''
  ) );
#2224 = PCURVE('',#1436,#2225);
#2225 = DEFINITIONAL_REPRESENTATION('',(#2226),#2230);
#2226 = LINE('',#2227,#2228);
#2227 = CARTESIAN_POINT('',(3.14159265359,8.));
#2228 = VECTOR('',#2229,1.);
#2229 = DIRECTION('',(1.,0.));
#2230 = ( GEOMETRIC_REPRESENTATION_CONTEXT(2) 
PARAMETRIC_REPRESENTATION_CONTEXT() REPRESENTATION_CONTEXT('2D SPACE',''
  ) );
#2231 = ORIENTED_EDGE('',*,*,#2232,.T.);
#2232 = EDGE_CURVE('',#2205,#816,#2233,.T.);
#2233 = SURFACE_CURVE('',#2234,(#2239,#2250),.PCURVE_S1.);
#2234 = CIRCLE('',#2235,2.);
#2235 = AXIS2_PLACEMENT_3D('',#2236,#2237,#2238);
#2236 = CARTESIAN_POINT('',(7.10265257637,-13.77687651027,-13.));
#2237 = DIRECTION('',(1.59260128741E-17,3.870417880361E-17,-1.));
#2238 = DIRECTION('',(0.711645970252,0.702538264455,3.852484948789E-17)
  );
#2239 = PCURVE('',#672,#2240);
#2240 = DEFINITIONAL_REPRESENTATION('',(#2241),#2249);
#2241 = ( BOUNDED_CURVE() B_SPLINE_CURVE(2,(#2242,#2243,#2244,#2245,
#2246,#2247,#2248),.UNSPECIFIED.,.T.,.F.) B_SPLINE_CURVE_WITH_KNOTS((1,2
    ,2,2,2,1),(-2.094395102393,0.,2.094395102393,4.188790204786,
6.28318530718,8.377580409573),.UNSPECIFIED.) CURVE() 
GEOMETRIC_REPRESENTATION_ITEM() RATIONAL_B_SPLINE_CURVE((1.,0.5,1.,0.5,
1.,0.5,1.)) REPRESENTATION_ITEM('') );
#2242 = CARTESIAN_POINT('',(-2.624208829066,-14.79414386523));
#2243 = CARTESIAN_POINT('',(-2.624208829066,-18.25824548037));
#2244 = CARTESIAN_POINT('',(-5.624208829066,-16.5261946728));
#2245 = CARTESIAN_POINT('',(-8.624208829066,-14.79414386523));
#2246 = CARTESIAN_POINT('',(-5.624208829066,-13.06209305766));
#2247 = CARTESIAN_POINT('',(-2.624208829066,-11.33004225009));
#2248 = CARTESIAN_POINT('',(-2.624208829066,-14.79414386523));
#2249 = ( GEOMETRIC_REPRESENTATION_CONTEXT(2) 
PARAMETRIC_REPRESENTATION_CONTEXT() REPRESENTATION_CONTEXT('2D SPACE',''
  ) );
#2250 = PCURVE('',#866,#2251);
#2251 = DEFINITIONAL_REPRESENTATION('',(#2252),#2256);
#2252 = LINE('',#2253,#2254);
#2253 = CARTESIAN_POINT('',(6.28318530718,-4.440892098501E-16));
#2254 = VECTOR('',#2255,1.);
#2255 = DIRECTION('',(-1.,0.));
#2256 = ( GEOMETRIC_REPRESENTATION_CONTEXT(2) 
PARAMETRIC_REPRESENTATION_CONTEXT() REPRESENTATION_CONTEXT('2D SPACE',''
  ) );
#2257 = ORIENTED_EDGE('',*,*,#815,.T.);
#2258 = ORIENTED_EDGE('',*,*,#2259,.T.);
#2259 = EDGE_CURVE('',#818,#2260,#2262,.T.);
#2260 = VERTEX_POINT('',#2261);
#2261 = CARTESIAN_POINT('',(14.842671040133,9.270658897533,-13.));
#2262 = SURFACE_CURVE('',#2263,(#2268,#2275),.PCURVE_S1.);
#2263 = CIRCLE('',#2264,17.5);
#2264 = AXIS2_PLACEMENT_3D('',#2265,#2266,#2267);
#2265 = CARTESIAN_POINT('',(-6.409960140579E-14,-9.781735634291E-15,-13.
    ));
#2266 = DIRECTION('',(-1.59260128741E-17,-3.870417880361E-17,1.));
#2267 = DIRECTION('',(0.711645970252,0.702538264455,3.852484948789E-17)
  );
#2268 = PCURVE('',#672,#2269);
#2269 = DEFINITIONAL_REPRESENTATION('',(#2270),#2274);
#2270 = CIRCLE('',#2271,17.5);
#2271 = AXIS2_PLACEMENT_2D('',#2272,#2273);
#2272 = CARTESIAN_POINT('',(0.,0.));
#2273 = DIRECTION('',(1.,0.));
#2274 = ( GEOMETRIC_REPRESENTATION_CONTEXT(2) 
PARAMETRIC_REPRESENTATION_CONTEXT() REPRESENTATION_CONTEXT('2D SPACE',''
  ) );
#2275 = PCURVE('',#916,#2276);
#2276 = DEFINITIONAL_REPRESENTATION('',(#2277),#2281);
#2277 = LINE('',#2278,#2279);
#2278 = CARTESIAN_POINT('',(9.424777960769,0.));
#2279 = VECTOR('',#2280,1.);
#2280 = DIRECTION('',(-1.,0.));
#2281 = ( GEOMETRIC_REPRESENTATION_CONTEXT(2) 
PARAMETRIC_REPRESENTATION_CONTEXT() REPRESENTATION_CONTEXT('2D SPACE',''
  ) );
#2282 = ORIENTED_EDGE('',*,*,#2283,.T.);
#2283 = EDGE_CURVE('',#2260,#2284,#2286,.T.);
#2284 = VERTEX_POINT('',#2285);
#2285 = CARTESIAN_POINT('',(12.872366100646,6.230012884108,-13.));
#2286 = SURFACE_CURVE('',#2287,(#2292,#2303),.PCURVE_S1.);
#2287 = CIRCLE('',#2288,2.);
#2288 = AXIS2_PLACEMENT_3D('',#2289,#2290,#2291);
#2289 = CARTESIAN_POINT('',(13.146365778403,8.211155023529,-13.));
#2290 = DIRECTION('',(1.59260128741E-17,3.870417880361E-17,-1.));
#2291 = DIRECTION('',(0.711645970252,0.702538264455,3.852484948789E-17)
  );
#2292 = PCURVE('',#672,#2293);
#2293 = DEFINITIONAL_REPRESENTATION('',(#2294),#2302);
#2294 = ( BOUNDED_CURVE() B_SPLINE_CURVE(2,(#2295,#2296,#2297,#2298,
#2299,#2300,#2301),.UNSPECIFIED.,.T.,.F.) B_SPLINE_CURVE_WITH_KNOTS((1,2
    ,2,2,2,1),(-2.094395102393,0.,2.094395102393,4.188790204786,
6.28318530718,8.377580409573),.UNSPECIFIED.) CURVE() 
GEOMETRIC_REPRESENTATION_ITEM() RATIONAL_B_SPLINE_CURVE((1.,0.5,1.,0.5,
1.,0.5,1.)) REPRESENTATION_ITEM('') );
#2295 = CARTESIAN_POINT('',(17.124208829066,-3.392389614241));
#2296 = CARTESIAN_POINT('',(17.124208829066,-6.856491229379));
#2297 = CARTESIAN_POINT('',(14.124208829066,-5.12444042181));
#2298 = CARTESIAN_POINT('',(11.124208829066,-3.392389614241));
#2299 = CARTESIAN_POINT('',(14.124208829066,-1.660338806672));
#2300 = CARTESIAN_POINT('',(17.124208829066,7.171200089685E-02));
#2301 = CARTESIAN_POINT('',(17.124208829066,-3.392389614241));
#2302 = ( GEOMETRIC_REPRESENTATION_CONTEXT(2) 
PARAMETRIC_REPRESENTATION_CONTEXT() REPRESENTATION_CONTEXT('2D SPACE',''
  ) );
#2303 = PCURVE('',#2304,#2309);
#2304 = CYLINDRICAL_SURFACE('',#2305,2.);
#2305 = AXIS2_PLACEMENT_3D('',#2306,#2307,#2308);
#2306 = CARTESIAN_POINT('',(13.146365778403,8.211155023529,-5.));
#2307 = DIRECTION('',(-1.59260128741E-17,-3.870417880361E-17,1.));
#2308 = DIRECTION('',(0.711645970252,0.702538264455,3.852484948789E-17)
  );
#2309 = DEFINITIONAL_REPRESENTATION('',(#2310),#2314);
#2310 = LINE('',#2311,#2312);
#2311 = CARTESIAN_POINT('',(6.28318530718,-8.));
#2312 = VECTOR('',#2313,1.);
#2313 = DIRECTION('',(-1.,0.));
#2314 = ( GEOMETRIC_REPRESENTATION_CONTEXT(2) 
PARAMETRIC_REPRESENTATION_CONTEXT() REPRESENTATION_CONTEXT('2D SPACE',''
  ) );
#2315 = ORIENTED_EDGE('',*,*,#2316,.F.);
#2316 = EDGE_CURVE('',#2317,#2284,#2319,.T.);
#2317 = VERTEX_POINT('',#2318);
#2318 = CARTESIAN_POINT('',(7.278038484425,5.294351312411,-13.));
#2319 = SURFACE_CURVE('',#2320,(#2325,#2336),.PCURVE_S1.);
#2320 = CIRCLE('',#2321,9.5);
#2321 = AXIS2_PLACEMENT_3D('',#2322,#2323,#2324);
#2322 = CARTESIAN_POINT('',(11.570867631299,-3.180412278141,-13.));
#2323 = DIRECTION('',(1.59260128741E-17,3.870417880361E-17,-1.));
#2324 = DIRECTION('',(0.711645970252,0.702538264455,3.852484948789E-17)
  );
#2325 = PCURVE('',#672,#2326);
#2326 = DEFINITIONAL_REPRESENTATION('',(#2327),#2335);
#2327 = ( BOUNDED_CURVE() B_SPLINE_CURVE(2,(#2328,#2329,#2330,#2331,
#2332,#2333,#2334),.UNSPECIFIED.,.T.,.F.) B_SPLINE_CURVE_WITH_KNOTS((1,2
    ,2,2,2,1),(-2.094395102393,0.,2.094395102393,4.188790204786,
6.28318530718,8.377580409573),.UNSPECIFIED.) CURVE() 
GEOMETRIC_REPRESENTATION_ITEM() RATIONAL_B_SPLINE_CURVE((1.,0.5,1.,0.5,
1.,0.5,1.)) REPRESENTATION_ITEM('') );
#2328 = CARTESIAN_POINT('',(15.5,-10.39230484541));
#2329 = CARTESIAN_POINT('',(15.5,-26.84678751731));
#2330 = CARTESIAN_POINT('',(1.25,-18.61954618136));
#2331 = CARTESIAN_POINT('',(-13.,-10.39230484541));
#2332 = CARTESIAN_POINT('',(1.25,-2.165063509461));
#2333 = CARTESIAN_POINT('',(15.5,6.062177826491));
#2334 = CARTESIAN_POINT('',(15.5,-10.39230484541));
#2335 = ( GEOMETRIC_REPRESENTATION_CONTEXT(2) 
PARAMETRIC_REPRESENTATION_CONTEXT() REPRESENTATION_CONTEXT('2D SPACE',''
  ) );
#2336 = PCURVE('',#2337,#2342);
#2337 = CYLINDRICAL_SURFACE('',#2338,9.5);
#2338 = AXIS2_PLACEMENT_3D('',#2339,#2340,#2341);
#2339 = CARTESIAN_POINT('',(11.570867631299,-3.180412278141,-5.));
#2340 = DIRECTION('',(1.59260128741E-17,3.870417880361E-17,-1.));
#2341 = DIRECTION('',(-0.711645970252,-0.702538264455,
    -3.852484948789E-17));
#2342 = DEFINITIONAL_REPRESENTATION('',(#2343),#2347);
#2343 = LINE('',#2344,#2345);
#2344 = CARTESIAN_POINT('',(-3.14159265359,8.));
#2345 = VECTOR('',#2346,1.);
#2346 = DIRECTION('',(1.,0.));
#2347 = ( GEOMETRIC_REPRESENTATION_CONTEXT(2) 
PARAMETRIC_REPRESENTATION_CONTEXT() REPRESENTATION_CONTEXT('2D SPACE',''
  ) );
#2348 = ORIENTED_EDGE('',*,*,#2349,.F.);
#2349 = EDGE_CURVE('',#2350,#2317,#2352,.T.);
#2350 = VERTEX_POINT('',#2351);
#2351 = CARTESIAN_POINT('',(5.387653090462,7.209243661913,-13.));
#2352 = SURFACE_CURVE('',#2353,(#2358,#2369),.PCURVE_S1.);
#2353 = CIRCLE('',#2354,9.);
#2354 = AXIS2_PLACEMENT_3D('',#2355,#2356,#2357);
#2355 = CARTESIAN_POINT('',(-6.409960140579E-14,-9.781735634291E-15,-13.
    ));
#2356 = DIRECTION('',(1.59260128741E-17,3.870417880361E-17,-1.));
#2357 = DIRECTION('',(0.711645970252,0.702538264455,3.852484948789E-17)
  );
#2358 = PCURVE('',#672,#2359);
#2359 = DEFINITIONAL_REPRESENTATION('',(#2360),#2368);
#2360 = ( BOUNDED_CURVE() B_SPLINE_CURVE(2,(#2361,#2362,#2363,#2364,
#2365,#2366,#2367),.UNSPECIFIED.,.T.,.F.) B_SPLINE_CURVE_WITH_KNOTS((1,2
    ,2,2,2,1),(-2.094395102393,0.,2.094395102393,4.188790204786,
6.28318530718,8.377580409573),.UNSPECIFIED.) CURVE() 
GEOMETRIC_REPRESENTATION_ITEM() RATIONAL_B_SPLINE_CURVE((1.,0.5,1.,0.5,
1.,0.5,1.)) REPRESENTATION_ITEM('') );
#2361 = CARTESIAN_POINT('',(9.,0.));
#2362 = CARTESIAN_POINT('',(9.,-15.58845726812));
#2363 = CARTESIAN_POINT('',(-4.5,-7.79422863406));
#2364 = CARTESIAN_POINT('',(-18.,-2.204364238465E-15));
#2365 = CARTESIAN_POINT('',(-4.5,7.79422863406));
#2366 = CARTESIAN_POINT('',(9.,15.58845726812));
#2367 = CARTESIAN_POINT('',(9.,0.));
#2368 = ( GEOMETRIC_REPRESENTATION_CONTEXT(2) 
PARAMETRIC_REPRESENTATION_CONTEXT() REPRESENTATION_CONTEXT('2D SPACE',''
  ) );
#2369 = PCURVE('',#2370,#2375);
#2370 = CYLINDRICAL_SURFACE('',#2371,9.);
#2371 = AXIS2_PLACEMENT_3D('',#2372,#2373,#2374);
#2372 = CARTESIAN_POINT('',(-6.422700950878E-14,-1.009136906472E-14,-5.)
  );
#2373 = DIRECTION('',(1.59260128741E-17,3.870417880361E-17,-1.));
#2374 = DIRECTION('',(-0.711645970252,-0.702538264455,
    -3.852484948789E-17));
#2375 = DEFINITIONAL_REPRESENTATION('',(#2376),#2380);
#2376 = LINE('',#2377,#2378);
#2377 = CARTESIAN_POINT('',(-3.14159265359,8.));
#2378 = VECTOR('',#2379,1.);
#2379 = DIRECTION('',(1.,0.));
#2380 = ( GEOMETRIC_REPRESENTATION_CONTEXT(2) 
PARAMETRIC_REPRESENTATION_CONTEXT() REPRESENTATION_CONTEXT('2D SPACE',''
  ) );
#2381 = ORIENTED_EDGE('',*,*,#2382,.F.);
#2382 = EDGE_CURVE('',#2383,#2350,#2385,.T.);
#2383 = VERTEX_POINT('',#2384);
#2384 = CARTESIAN_POINT('',(6.395291842726,12.791055930281,-13.));
#2385 = SURFACE_CURVE('',#2386,(#2391,#2402),.PCURVE_S1.);
#2386 = CIRCLE('',#2387,9.5);
#2387 = AXIS2_PLACEMENT_3D('',#2388,#2389,#2390);
#2388 = CARTESIAN_POINT('',(-3.031115988272,11.610871451603,-13.));
#2389 = DIRECTION('',(1.59260128741E-17,3.870417880361E-17,-1.));
#2390 = DIRECTION('',(0.711645970252,0.702538264455,3.852484948789E-17)
  );
#2391 = PCURVE('',#672,#2392);
#2392 = DEFINITIONAL_REPRESENTATION('',(#2393),#2401);
#2393 = ( BOUNDED_CURVE() B_SPLINE_CURVE(2,(#2394,#2395,#2396,#2397,
#2398,#2399,#2400),.UNSPECIFIED.,.T.,.F.) B_SPLINE_CURVE_WITH_KNOTS((1,2
    ,2,2,2,1),(-2.094395102393,0.,2.094395102393,4.188790204786,
6.28318530718,8.377580409573),.UNSPECIFIED.) CURVE() 
GEOMETRIC_REPRESENTATION_ITEM() RATIONAL_B_SPLINE_CURVE((1.,0.5,1.,0.5,
1.,0.5,1.)) REPRESENTATION_ITEM('') );
#2394 = CARTESIAN_POINT('',(15.5,10.392304845413));
#2395 = CARTESIAN_POINT('',(15.5,-6.062177826491));
#2396 = CARTESIAN_POINT('',(1.25,2.165063509461));
#2397 = CARTESIAN_POINT('',(-13.,10.392304845413));
#2398 = CARTESIAN_POINT('',(1.25,18.619546181365));
#2399 = CARTESIAN_POINT('',(15.5,26.846787517318));
#2400 = CARTESIAN_POINT('',(15.5,10.392304845413));
#2401 = ( GEOMETRIC_REPRESENTATION_CONTEXT(2) 
PARAMETRIC_REPRESENTATION_CONTEXT() REPRESENTATION_CONTEXT('2D SPACE',''
  ) );
#2402 = PCURVE('',#2403,#2408);
#2403 = CYLINDRICAL_SURFACE('',#2404,9.5);
#2404 = AXIS2_PLACEMENT_3D('',#2405,#2406,#2407);
#2405 = CARTESIAN_POINT('',(-3.031115988272,11.610871451603,-5.));
#2406 = DIRECTION('',(1.59260128741E-17,3.870417880361E-17,-1.));
#2407 = DIRECTION('',(-0.711645970252,-0.702538264455,
    -3.852484948789E-17));
#2408 = DEFINITIONAL_REPRESENTATION('',(#2409),#2413);
#2409 = LINE('',#2410,#2411);
#2410 = CARTESIAN_POINT('',(3.14159265359,8.));
#2411 = VECTOR('',#2412,1.);
#2412 = DIRECTION('',(1.,0.));
#2413 = ( GEOMETRIC_REPRESENTATION_CONTEXT(2) 
PARAMETRIC_REPRESENTATION_CONTEXT() REPRESENTATION_CONTEXT('2D SPACE',''
  ) );
#2414 = ORIENTED_EDGE('',*,*,#2415,.T.);
#2415 = EDGE_CURVE('',#2383,#1785,#2416,.T.);
#2416 = SURFACE_CURVE('',#2417,(#2422,#2433),.PCURVE_S1.);
#2417 = CIRCLE('',#2418,2.);
#2418 = AXIS2_PLACEMENT_3D('',#2419,#2420,#2421);
#2419 = CARTESIAN_POINT('',(8.379798754514,13.039515820529,-13.));
#2420 = DIRECTION('',(1.59260128741E-17,3.870417880361E-17,-1.));
#2421 = DIRECTION('',(0.711645970252,0.702538264455,3.852484948789E-17)
  );
#2422 = PCURVE('',#672,#2423);
#2423 = DEFINITIONAL_REPRESENTATION('',(#2424),#2432);
#2424 = ( BOUNDED_CURVE() B_SPLINE_CURVE(2,(#2425,#2426,#2427,#2428,
#2429,#2430,#2431),.UNSPECIFIED.,.T.,.F.) B_SPLINE_CURVE_WITH_KNOTS((1,2
    ,2,2,2,1),(-2.094395102393,0.,2.094395102393,4.188790204786,
6.28318530718,8.377580409573),.UNSPECIFIED.) CURVE() 
GEOMETRIC_REPRESENTATION_ITEM() RATIONAL_B_SPLINE_CURVE((1.,0.5,1.,0.5,
1.,0.5,1.)) REPRESENTATION_ITEM('') );
#2425 = CARTESIAN_POINT('',(17.124208829066,3.392389614241));
#2426 = CARTESIAN_POINT('',(17.124208829066,-7.171200089683E-02));
#2427 = CARTESIAN_POINT('',(14.124208829066,1.660338806672));
#2428 = CARTESIAN_POINT('',(11.124208829066,3.392389614241));
#2429 = CARTESIAN_POINT('',(14.124208829066,5.12444042181));
#2430 = CARTESIAN_POINT('',(17.124208829066,6.856491229379));
#2431 = CARTESIAN_POINT('',(17.124208829066,3.392389614241));
#2432 = ( GEOMETRIC_REPRESENTATION_CONTEXT(2) 
PARAMETRIC_REPRESENTATION_CONTEXT() REPRESENTATION_CONTEXT('2D SPACE',''
  ) );
#2433 = PCURVE('',#1822,#2434);
#2434 = DEFINITIONAL_REPRESENTATION('',(#2435),#2439);
#2435 = LINE('',#2436,#2437);
#2436 = CARTESIAN_POINT('',(6.28318530718,-4.440892098501E-16));
#2437 = VECTOR('',#2438,1.);
#2438 = DIRECTION('',(-1.,0.));
#2439 = ( GEOMETRIC_REPRESENTATION_CONTEXT(2) 
PARAMETRIC_REPRESENTATION_CONTEXT() REPRESENTATION_CONTEXT('2D SPACE',''
  ) );
#2440 = ADVANCED_FACE('',(#2441,#2466,#2491,#2516,#2541),#123,.F.);
#2441 = FACE_BOUND('',#2442,.T.);
#2442 = EDGE_LOOP('',(#2443,#2465));
#2443 = ORIENTED_EDGE('',*,*,#2444,.T.);
#2444 = EDGE_CURVE('',#22,#86,#2445,.T.);
#2445 = SURFACE_CURVE('',#2446,(#2451,#2458),.PCURVE_S1.);
#2446 = CIRCLE('',#2447,1.65);
#2447 = AXIS2_PLACEMENT_3D('',#2448,#2449,#2450);
#2448 = CARTESIAN_POINT('',(9.963043583532,9.835535702372,-15.5));
#2449 = DIRECTION('',(-1.59260128741E-17,-3.870417880361E-17,1.));
#2450 = DIRECTION('',(0.711645970252,0.702538264455,3.852484948789E-17)
  );
#2451 = PCURVE('',#123,#2452);
#2452 = DEFINITIONAL_REPRESENTATION('',(#2453),#2457);
#2453 = CIRCLE('',#2454,1.65);
#2454 = AXIS2_PLACEMENT_2D('',#2455,#2456);
#2455 = CARTESIAN_POINT('',(14.,0.));
#2456 = DIRECTION('',(1.,0.));
#2457 = ( GEOMETRIC_REPRESENTATION_CONTEXT(2) 
PARAMETRIC_REPRESENTATION_CONTEXT() REPRESENTATION_CONTEXT('2D SPACE',''
  ) );
#2458 = PCURVE('',#44,#2459);
#2459 = DEFINITIONAL_REPRESENTATION('',(#2460),#2464);
#2460 = LINE('',#2461,#2462);
#2461 = CARTESIAN_POINT('',(0.,-10.5));
#2462 = VECTOR('',#2463,1.);
#2463 = DIRECTION('',(1.,0.));
#2464 = ( GEOMETRIC_REPRESENTATION_CONTEXT(2) 
PARAMETRIC_REPRESENTATION_CONTEXT() REPRESENTATION_CONTEXT('2D SPACE',''
  ) );
#2465 = ORIENTED_EDGE('',*,*,#108,.T.);
#2466 = FACE_BOUND('',#2467,.T.);
#2467 = EDGE_LOOP('',(#2468,#2490));
#2468 = ORIENTED_EDGE('',*,*,#2469,.T.);
#2469 = EDGE_CURVE('',#139,#203,#2470,.T.);
#2470 = SURFACE_CURVE('',#2471,(#2476,#2483),.PCURVE_S1.);
#2471 = CIRCLE('',#2472,1.65);
#2472 = AXIS2_PLACEMENT_3D('',#2473,#2474,#2475);
#2473 = CARTESIAN_POINT('',(3.536301986317,-13.54601669353,-15.5));
#2474 = DIRECTION('',(-1.59260128741E-17,-3.870417880361E-17,1.));
#2475 = DIRECTION('',(0.711645970252,0.702538264455,3.852484948789E-17)
  );
#2476 = PCURVE('',#123,#2477);
#2477 = DEFINITIONAL_REPRESENTATION('',(#2478),#2482);
#2478 = CIRCLE('',#2479,1.65);
#2479 = AXIS2_PLACEMENT_2D('',#2480,#2481);
#2480 = CARTESIAN_POINT('',(-7.,-12.12435565298));
#2481 = DIRECTION('',(1.,0.));
#2482 = ( GEOMETRIC_REPRESENTATION_CONTEXT(2) 
PARAMETRIC_REPRESENTATION_CONTEXT() REPRESENTATION_CONTEXT('2D SPACE',''
  ) );
#2483 = PCURVE('',#161,#2484);
#2484 = DEFINITIONAL_REPRESENTATION('',(#2485),#2489);
#2485 = LINE('',#2486,#2487);
#2486 = CARTESIAN_POINT('',(0.,-10.5));
#2487 = VECTOR('',#2488,1.);
#2488 = DIRECTION('',(1.,0.));
#2489 = ( GEOMETRIC_REPRESENTATION_CONTEXT(2) 
PARAMETRIC_REPRESENTATION_CONTEXT() REPRESENTATION_CONTEXT('2D SPACE',''
  ) );
#2490 = ORIENTED_EDGE('',*,*,#225,.T.);
#2491 = FACE_BOUND('',#2492,.T.);
#2492 = EDGE_LOOP('',(#2493,#2515));
#2493 = ORIENTED_EDGE('',*,*,#2494,.T.);
#2494 = EDGE_CURVE('',#251,#315,#2495,.T.);
#2495 = SURFACE_CURVE('',#2496,(#2501,#2508),.PCURVE_S1.);
#2496 = CIRCLE('',#2497,1.65);
#2497 = AXIS2_PLACEMENT_3D('',#2498,#2499,#2500);
#2498 = CARTESIAN_POINT('',(-13.49934556984,3.710480991165,-15.5));
#2499 = DIRECTION('',(-1.59260128741E-17,-3.870417880361E-17,1.));
#2500 = DIRECTION('',(0.711645970252,0.702538264455,3.852484948789E-17)
  );
#2501 = PCURVE('',#123,#2502);
#2502 = DEFINITIONAL_REPRESENTATION('',(#2503),#2507);
#2503 = CIRCLE('',#2504,1.65);
#2504 = AXIS2_PLACEMENT_2D('',#2505,#2506);
#2505 = CARTESIAN_POINT('',(-7.,12.124355652982));
#2506 = DIRECTION('',(1.,0.));
#2507 = ( GEOMETRIC_REPRESENTATION_CONTEXT(2) 
PARAMETRIC_REPRESENTATION_CONTEXT() REPRESENTATION_CONTEXT('2D SPACE',''
  ) );
#2508 = PCURVE('',#273,#2509);
#2509 = DEFINITIONAL_REPRESENTATION('',(#2510),#2514);
#2510 = LINE('',#2511,#2512);
#2511 = CARTESIAN_POINT('',(0.,-10.5));
#2512 = VECTOR('',#2513,1.);
#2513 = DIRECTION('',(1.,0.));
#2514 = ( GEOMETRIC_REPRESENTATION_CONTEXT(2) 
PARAMETRIC_REPRESENTATION_CONTEXT() REPRESENTATION_CONTEXT('2D SPACE',''
  ) );
#2515 = ORIENTED_EDGE('',*,*,#337,.T.);
#2516 = FACE_BOUND('',#2517,.T.);
#2517 = EDGE_LOOP('',(#2518,#2540));
#2518 = ORIENTED_EDGE('',*,*,#2519,.F.);
#2519 = EDGE_CURVE('',#1639,#1616,#2520,.T.);
#2520 = SURFACE_CURVE('',#2521,(#2526,#2533),.PCURVE_S1.);
#2521 = CIRCLE('',#2522,17.5);
#2522 = AXIS2_PLACEMENT_3D('',#2523,#2524,#2525);
#2523 = CARTESIAN_POINT('',(-6.405978637361E-14,-9.684975187282E-15,
    -15.5));
#2524 = DIRECTION('',(-1.59260128741E-17,-3.870417880361E-17,1.));
#2525 = DIRECTION('',(0.711645970252,0.702538264455,3.852484948789E-17)
  );
#2526 = PCURVE('',#123,#2527);
#2527 = DEFINITIONAL_REPRESENTATION('',(#2528),#2532);
#2528 = CIRCLE('',#2529,17.5);
#2529 = AXIS2_PLACEMENT_2D('',#2530,#2531);
#2530 = CARTESIAN_POINT('',(0.,0.));
#2531 = DIRECTION('',(1.,0.));
#2532 = ( GEOMETRIC_REPRESENTATION_CONTEXT(2) 
PARAMETRIC_REPRESENTATION_CONTEXT() REPRESENTATION_CONTEXT('2D SPACE',''
  ) );
#2533 = PCURVE('',#916,#2534);
#2534 = DEFINITIONAL_REPRESENTATION('',(#2535),#2539);
#2535 = LINE('',#2536,#2537);
#2536 = CARTESIAN_POINT('',(9.424777960769,2.5));
#2537 = VECTOR('',#2538,1.);
#2538 = DIRECTION('',(-1.,0.));
#2539 = ( GEOMETRIC_REPRESENTATION_CONTEXT(2) 
PARAMETRIC_REPRESENTATION_CONTEXT() REPRESENTATION_CONTEXT('2D SPACE',''
  ) );
#2540 = ORIENTED_EDGE('',*,*,#1638,.F.);
#2541 = FACE_BOUND('',#2542,.T.);
#2542 = EDGE_LOOP('',(#2543,#2544));
#2543 = ORIENTED_EDGE('',*,*,#1512,.T.);
#2544 = ORIENTED_EDGE('',*,*,#2545,.T.);
#2545 = EDGE_CURVE('',#1513,#1480,#2546,.T.);
#2546 = SURFACE_CURVE('',#2547,(#2552,#2559),.PCURVE_S1.);
#2547 = CIRCLE('',#2548,7.5);
#2548 = AXIS2_PLACEMENT_3D('',#2549,#2550,#2551);
#2549 = CARTESIAN_POINT('',(-6.405978637361E-14,-9.684975187282E-15,
    -15.5));
#2550 = DIRECTION('',(-1.59260128741E-17,-3.870417880361E-17,1.));
#2551 = DIRECTION('',(0.711645970252,0.702538264455,3.852484948789E-17)
  );
#2552 = PCURVE('',#123,#2553);
#2553 = DEFINITIONAL_REPRESENTATION('',(#2554),#2558);
#2554 = CIRCLE('',#2555,7.5);
#2555 = AXIS2_PLACEMENT_2D('',#2556,#2557);
#2556 = CARTESIAN_POINT('',(0.,0.));
#2557 = DIRECTION('',(1.,0.));
#2558 = ( GEOMETRIC_REPRESENTATION_CONTEXT(2) 
PARAMETRIC_REPRESENTATION_CONTEXT() REPRESENTATION_CONTEXT('2D SPACE',''
  ) );
#2559 = PCURVE('',#1500,#2560);
#2560 = DEFINITIONAL_REPRESENTATION('',(#2561),#2565);
#2561 = LINE('',#2562,#2563);
#2562 = CARTESIAN_POINT('',(3.14159265359,2.5));
#2563 = VECTOR('',#2564,1.);
#2564 = DIRECTION('',(-1.,0.));
#2565 = ( GEOMETRIC_REPRESENTATION_CONTEXT(2) 
PARAMETRIC_REPRESENTATION_CONTEXT() REPRESENTATION_CONTEXT('2D SPACE',''
  ) );
#2566 = ADVANCED_FACE('',(#2567),#916,.T.);
#2567 = FACE_BOUND('',#2568,.T.);
#2568 = EDGE_LOOP('',(#2569,#2570,#2594,#2615,#2616,#2617,#2641,#2662,
    #2663,#2664));
#2569 = ORIENTED_EDGE('',*,*,#1615,.F.);
#2570 = ORIENTED_EDGE('',*,*,#2571,.F.);
#2571 = EDGE_CURVE('',#2572,#1585,#2574,.T.);
#2572 = VERTEX_POINT('',#2573);
#2573 = CARTESIAN_POINT('',(14.842671040133,9.270658897533,-5.));
#2574 = SURFACE_CURVE('',#2575,(#2580,#2587),.PCURVE_S1.);
#2575 = CIRCLE('',#2576,17.5);
#2576 = AXIS2_PLACEMENT_3D('',#2577,#2578,#2579);
#2577 = CARTESIAN_POINT('',(-6.422700950878E-14,-1.009136906472E-14,-5.)
  );
#2578 = DIRECTION('',(-1.59260128741E-17,-3.870417880361E-17,1.));
#2579 = DIRECTION('',(0.711645970252,0.702538264455,3.852484948789E-17)
  );
#2580 = PCURVE('',#916,#2581);
#2581 = DEFINITIONAL_REPRESENTATION('',(#2582),#2586);
#2582 = LINE('',#2583,#2584);
#2583 = CARTESIAN_POINT('',(9.424777960769,-8.));
#2584 = VECTOR('',#2585,1.);
#2585 = DIRECTION('',(-1.,0.));
#2586 = ( GEOMETRIC_REPRESENTATION_CONTEXT(2) 
PARAMETRIC_REPRESENTATION_CONTEXT() REPRESENTATION_CONTEXT('2D SPACE',''
  ) );
#2587 = PCURVE('',#73,#2588);
#2588 = DEFINITIONAL_REPRESENTATION('',(#2589),#2593);
#2589 = CIRCLE('',#2590,17.5);
#2590 = AXIS2_PLACEMENT_2D('',#2591,#2592);
#2591 = CARTESIAN_POINT('',(-3.,-5.196152422707));
#2592 = DIRECTION('',(1.,0.));
#2593 = ( GEOMETRIC_REPRESENTATION_CONTEXT(2) 
PARAMETRIC_REPRESENTATION_CONTEXT() REPRESENTATION_CONTEXT('2D SPACE',''
  ) );
#2594 = ORIENTED_EDGE('',*,*,#2595,.T.);
#2595 = EDGE_CURVE('',#2572,#2260,#2596,.T.);
#2596 = SURFACE_CURVE('',#2597,(#2601,#2608),.PCURVE_S1.);
#2597 = LINE('',#2598,#2599);
#2598 = CARTESIAN_POINT('',(14.842671040133,9.270658897533,-13.));
#2599 = VECTOR('',#2600,1.);
#2600 = DIRECTION('',(1.59260128741E-17,3.870417880361E-17,-1.));
#2601 = PCURVE('',#916,#2602);
#2602 = DEFINITIONAL_REPRESENTATION('',(#2603),#2607);
#2603 = LINE('',#2604,#2605);
#2604 = CARTESIAN_POINT('',(3.362242587797,0.));
#2605 = VECTOR('',#2606,1.);
#2606 = DIRECTION('',(0.,1.));
#2607 = ( GEOMETRIC_REPRESENTATION_CONTEXT(2) 
PARAMETRIC_REPRESENTATION_CONTEXT() REPRESENTATION_CONTEXT('2D SPACE',''
  ) );
#2608 = PCURVE('',#2304,#2609);
#2609 = DEFINITIONAL_REPRESENTATION('',(#2610),#2614);
#2610 = LINE('',#2611,#2612);
#2611 = CARTESIAN_POINT('',(6.062535372972,-8.));
#2612 = VECTOR('',#2613,1.);
#2613 = DIRECTION('',(0.,-1.));
#2614 = ( GEOMETRIC_REPRESENTATION_CONTEXT(2) 
PARAMETRIC_REPRESENTATION_CONTEXT() REPRESENTATION_CONTEXT('2D SPACE',''
  ) );
#2615 = ORIENTED_EDGE('',*,*,#2259,.F.);
#2616 = ORIENTED_EDGE('',*,*,#902,.T.);
#2617 = ORIENTED_EDGE('',*,*,#2618,.F.);
#2618 = EDGE_CURVE('',#2619,#879,#2621,.T.);
#2619 = VERTEX_POINT('',#2620);
#2620 = CARTESIAN_POINT('',(0.607290595017,-17.48945962953,-5.));
#2621 = SURFACE_CURVE('',#2622,(#2627,#2634),.PCURVE_S1.);
#2622 = CIRCLE('',#2623,17.5);
#2623 = AXIS2_PLACEMENT_3D('',#2624,#2625,#2626);
#2624 = CARTESIAN_POINT('',(-6.422700950878E-14,-1.009136906472E-14,-5.)
  );
#2625 = DIRECTION('',(-1.59260128741E-17,-3.870417880361E-17,1.));
#2626 = DIRECTION('',(0.711645970252,0.702538264455,3.852484948789E-17)
  );
#2627 = PCURVE('',#916,#2628);
#2628 = DEFINITIONAL_REPRESENTATION('',(#2629),#2633);
#2629 = LINE('',#2630,#2631);
#2630 = CARTESIAN_POINT('',(9.424777960769,-8.));
#2631 = VECTOR('',#2632,1.);
#2632 = DIRECTION('',(-1.,0.));
#2633 = ( GEOMETRIC_REPRESENTATION_CONTEXT(2) 
PARAMETRIC_REPRESENTATION_CONTEXT() REPRESENTATION_CONTEXT('2D SPACE',''
  ) );
#2634 = PCURVE('',#190,#2635);
#2635 = DEFINITIONAL_REPRESENTATION('',(#2636),#2640);
#2636 = CIRCLE('',#2637,17.5);
#2637 = AXIS2_PLACEMENT_2D('',#2638,#2639);
#2638 = CARTESIAN_POINT('',(-3.,5.196152422707));
#2639 = DIRECTION('',(1.,0.));
#2640 = ( GEOMETRIC_REPRESENTATION_CONTEXT(2) 
PARAMETRIC_REPRESENTATION_CONTEXT() REPRESENTATION_CONTEXT('2D SPACE',''
  ) );
#2641 = ORIENTED_EDGE('',*,*,#2642,.T.);
#2642 = EDGE_CURVE('',#2619,#2088,#2643,.T.);
#2643 = SURFACE_CURVE('',#2644,(#2648,#2655),.PCURVE_S1.);
#2644 = LINE('',#2645,#2646);
#2645 = CARTESIAN_POINT('',(0.607290595017,-17.48945962953,-13.));
#2646 = VECTOR('',#2647,1.);
#2647 = DIRECTION('',(1.59260128741E-17,3.870417880361E-17,-1.));
#2648 = PCURVE('',#916,#2649);
#2649 = DEFINITIONAL_REPRESENTATION('',(#2650),#2654);
#2650 = LINE('',#2651,#2652);
#2651 = CARTESIAN_POINT('',(5.456637690191,0.));
#2652 = VECTOR('',#2653,1.);
#2653 = DIRECTION('',(0.,1.));
#2654 = ( GEOMETRIC_REPRESENTATION_CONTEXT(2) 
PARAMETRIC_REPRESENTATION_CONTEXT() REPRESENTATION_CONTEXT('2D SPACE',''
  ) );
#2655 = PCURVE('',#2132,#2656);
#2656 = DEFINITIONAL_REPRESENTATION('',(#2657),#2661);
#2657 = LINE('',#2658,#2659);
#2658 = CARTESIAN_POINT('',(3.968140270579,-8.));
#2659 = VECTOR('',#2660,1.);
#2660 = DIRECTION('',(0.,-1.));
#2661 = ( GEOMETRIC_REPRESENTATION_CONTEXT(2) 
PARAMETRIC_REPRESENTATION_CONTEXT() REPRESENTATION_CONTEXT('2D SPACE',''
  ) );
#2662 = ORIENTED_EDGE('',*,*,#2087,.F.);
#2663 = ORIENTED_EDGE('',*,*,#1662,.T.);
#2664 = ORIENTED_EDGE('',*,*,#2519,.T.);
#2665 = ADVANCED_FACE('',(#2666),#1500,.F.);
#2666 = FACE_BOUND('',#2667,.F.);
#2667 = EDGE_LOOP('',(#2668,#2669,#2670,#2671));
#2668 = ORIENTED_EDGE('',*,*,#2545,.T.);
#2669 = ORIENTED_EDGE('',*,*,#1477,.F.);
#2670 = ORIENTED_EDGE('',*,*,#1913,.F.);
#2671 = ORIENTED_EDGE('',*,*,#1536,.T.);
#2672 = ADVANCED_FACE('',(#2673),#1380,.F.);
#2673 = FACE_BOUND('',#2674,.F.);
#2674 = EDGE_LOOP('',(#2675,#2676,#2704,#2725));
#2675 = ORIENTED_EDGE('',*,*,#1357,.F.);
#2676 = ORIENTED_EDGE('',*,*,#2677,.T.);
#2677 = EDGE_CURVE('',#1358,#2678,#2680,.T.);
#2678 = VERTEX_POINT('',#2679);
#2679 = CARTESIAN_POINT('',(0.946023490895,-8.950141873438,-5.));
#2680 = SURFACE_CURVE('',#2681,(#2686,#2693),.PCURVE_S1.);
#2681 = CIRCLE('',#2682,9.);
#2682 = AXIS2_PLACEMENT_3D('',#2683,#2684,#2685);
#2683 = CARTESIAN_POINT('',(-6.422700950878E-14,-1.009136906472E-14,-5.)
  );
#2684 = DIRECTION('',(1.59260128741E-17,3.870417880361E-17,-1.));
#2685 = DIRECTION('',(0.711645970252,0.702538264455,3.852484948789E-17)
  );
#2686 = PCURVE('',#1380,#2687);
#2687 = DEFINITIONAL_REPRESENTATION('',(#2688),#2692);
#2688 = LINE('',#2689,#2690);
#2689 = CARTESIAN_POINT('',(3.14159265359,0.));
#2690 = VECTOR('',#2691,1.);
#2691 = DIRECTION('',(1.,0.));
#2692 = ( GEOMETRIC_REPRESENTATION_CONTEXT(2) 
PARAMETRIC_REPRESENTATION_CONTEXT() REPRESENTATION_CONTEXT('2D SPACE',''
  ) );
#2693 = PCURVE('',#190,#2694);
#2694 = DEFINITIONAL_REPRESENTATION('',(#2695),#2703);
#2695 = ( BOUNDED_CURVE() B_SPLINE_CURVE(2,(#2696,#2697,#2698,#2699,
#2700,#2701,#2702),.UNSPECIFIED.,.T.,.F.) B_SPLINE_CURVE_WITH_KNOTS((1,2
    ,2,2,2,1),(-2.094395102393,0.,2.094395102393,4.188790204786,
6.28318530718,8.377580409573),.UNSPECIFIED.) CURVE() 
GEOMETRIC_REPRESENTATION_ITEM() RATIONAL_B_SPLINE_CURVE((1.,0.5,1.,0.5,
1.,0.5,1.)) REPRESENTATION_ITEM('') );
#2696 = CARTESIAN_POINT('',(6.,5.196152422707));
#2697 = CARTESIAN_POINT('',(6.,-10.39230484541));
#2698 = CARTESIAN_POINT('',(-7.5,-2.598076211353));
#2699 = CARTESIAN_POINT('',(-21.,5.196152422707));
#2700 = CARTESIAN_POINT('',(-7.5,12.990381056767));
#2701 = CARTESIAN_POINT('',(6.,20.784609690827));
#2702 = CARTESIAN_POINT('',(6.,5.196152422707));
#2703 = ( GEOMETRIC_REPRESENTATION_CONTEXT(2) 
PARAMETRIC_REPRESENTATION_CONTEXT() REPRESENTATION_CONTEXT('2D SPACE',''
  ) );
#2704 = ORIENTED_EDGE('',*,*,#2705,.T.);
#2705 = EDGE_CURVE('',#2678,#2145,#2706,.T.);
#2706 = SURFACE_CURVE('',#2707,(#2711,#2718),.PCURVE_S1.);
#2707 = LINE('',#2708,#2709);
#2708 = CARTESIAN_POINT('',(0.946023490895,-8.950141873438,-5.));
#2709 = VECTOR('',#2710,1.);
#2710 = DIRECTION('',(1.59260128741E-17,3.870417880361E-17,-1.));
#2711 = PCURVE('',#1380,#2712);
#2712 = DEFINITIONAL_REPRESENTATION('',(#2713),#2717);
#2713 = LINE('',#2714,#2715);
#2714 = CARTESIAN_POINT('',(5.386038723672,0.));
#2715 = VECTOR('',#2716,1.);
#2716 = DIRECTION('',(0.,1.));
#2717 = ( GEOMETRIC_REPRESENTATION_CONTEXT(2) 
PARAMETRIC_REPRESENTATION_CONTEXT() REPRESENTATION_CONTEXT('2D SPACE',''
  ) );
#2718 = PCURVE('',#2165,#2719);
#2719 = DEFINITIONAL_REPRESENTATION('',(#2720),#2724);
#2720 = LINE('',#2721,#2722);
#2721 = CARTESIAN_POINT('',(3.975281413884,0.));
#2722 = VECTOR('',#2723,1.);
#2723 = DIRECTION('',(0.,1.));
#2724 = ( GEOMETRIC_REPRESENTATION_CONTEXT(2) 
PARAMETRIC_REPRESENTATION_CONTEXT() REPRESENTATION_CONTEXT('2D SPACE',''
  ) );
#2725 = ORIENTED_EDGE('',*,*,#2177,.F.);
#2726 = ADVANCED_FACE('',(#2727),#2165,.F.);
#2727 = FACE_BOUND('',#2728,.F.);
#2728 = EDGE_LOOP('',(#2729,#2730,#2758,#2779));
#2729 = ORIENTED_EDGE('',*,*,#2705,.F.);
#2730 = ORIENTED_EDGE('',*,*,#2731,.T.);
#2731 = EDGE_CURVE('',#2678,#2732,#2734,.T.);
#2732 = VERTEX_POINT('',#2733);
#2733 = CARTESIAN_POINT('',(-1.040833626781,-14.26280249202,-5.));
#2734 = SURFACE_CURVE('',#2735,(#2740,#2747),.PCURVE_S1.);
#2735 = CIRCLE('',#2736,9.5);
#2736 = AXIS2_PLACEMENT_3D('',#2737,#2738,#2739);
#2737 = CARTESIAN_POINT('',(-8.539751643028,-8.430459173462,-5.));
#2738 = DIRECTION('',(1.59260128741E-17,3.870417880361E-17,-1.));
#2739 = DIRECTION('',(0.711645970252,0.702538264455,3.852484948789E-17)
  );
#2740 = PCURVE('',#2165,#2741);
#2741 = DEFINITIONAL_REPRESENTATION('',(#2742),#2746);
#2742 = LINE('',#2743,#2744);
#2743 = CARTESIAN_POINT('',(3.14159265359,0.));
#2744 = VECTOR('',#2745,1.);
#2745 = DIRECTION('',(1.,0.));
#2746 = ( GEOMETRIC_REPRESENTATION_CONTEXT(2) 
PARAMETRIC_REPRESENTATION_CONTEXT() REPRESENTATION_CONTEXT('2D SPACE',''
  ) );
#2747 = PCURVE('',#190,#2748);
#2748 = DEFINITIONAL_REPRESENTATION('',(#2749),#2757);
#2749 = ( BOUNDED_CURVE() B_SPLINE_CURVE(2,(#2750,#2751,#2752,#2753,
#2754,#2755,#2756),.UNSPECIFIED.,.T.,.F.) B_SPLINE_CURVE_WITH_KNOTS((1,2
    ,2,2,2,1),(-2.094395102393,0.,2.094395102393,4.188790204786,
6.28318530718,8.377580409573),.UNSPECIFIED.) CURVE() 
GEOMETRIC_REPRESENTATION_ITEM() RATIONAL_B_SPLINE_CURVE((1.,0.5,1.,0.5,
1.,0.5,1.)) REPRESENTATION_ITEM('') );
#2750 = CARTESIAN_POINT('',(-5.5,5.196152422707));
#2751 = CARTESIAN_POINT('',(-5.5,-11.25833024919));
#2752 = CARTESIAN_POINT('',(-19.75,-3.031088913246));
#2753 = CARTESIAN_POINT('',(-34.,5.196152422707));
#2754 = CARTESIAN_POINT('',(-19.75,13.423393758659));
#2755 = CARTESIAN_POINT('',(-5.5,21.650635094611));
#2756 = CARTESIAN_POINT('',(-5.5,5.196152422707));
#2757 = ( GEOMETRIC_REPRESENTATION_CONTEXT(2) 
PARAMETRIC_REPRESENTATION_CONTEXT() REPRESENTATION_CONTEXT('2D SPACE',''
  ) );
#2758 = ORIENTED_EDGE('',*,*,#2759,.F.);
#2759 = EDGE_CURVE('',#2112,#2732,#2760,.T.);
#2760 = SURFACE_CURVE('',#2761,(#2765,#2772),.PCURVE_S1.);
#2761 = LINE('',#2762,#2763);
#2762 = CARTESIAN_POINT('',(-1.040833626781,-14.26280249202,-5.));
#2763 = VECTOR('',#2764,1.);
#2764 = DIRECTION('',(-1.59260128741E-17,-3.870417880361E-17,1.));
#2765 = PCURVE('',#2165,#2766);
#2766 = DEFINITIONAL_REPRESENTATION('',(#2767),#2771);
#2767 = LINE('',#2768,#2769);
#2768 = CARTESIAN_POINT('',(4.581581484307,0.));
#2769 = VECTOR('',#2770,1.);
#2770 = DIRECTION('',(0.,-1.));
#2771 = ( GEOMETRIC_REPRESENTATION_CONTEXT(2) 
PARAMETRIC_REPRESENTATION_CONTEXT() REPRESENTATION_CONTEXT('2D SPACE',''
  ) );
#2772 = PCURVE('',#2132,#2773);
#2773 = DEFINITIONAL_REPRESENTATION('',(#2774),#2778);
#2774 = LINE('',#2775,#2776);
#2775 = CARTESIAN_POINT('',(1.701603822873,0.));
#2776 = VECTOR('',#2777,1.);
#2777 = DIRECTION('',(0.,1.));
#2778 = ( GEOMETRIC_REPRESENTATION_CONTEXT(2) 
PARAMETRIC_REPRESENTATION_CONTEXT() REPRESENTATION_CONTEXT('2D SPACE',''
  ) );
#2779 = ORIENTED_EDGE('',*,*,#2144,.F.);
#2780 = ADVANCED_FACE('',(#2781),#1436,.F.);
#2781 = FACE_BOUND('',#2782,.F.);
#2782 = EDGE_LOOP('',(#2783,#2784,#2807,#2833));
#2783 = ORIENTED_EDGE('',*,*,#2204,.F.);
#2784 = ORIENTED_EDGE('',*,*,#2785,.F.);
#2785 = EDGE_CURVE('',#2786,#2205,#2788,.T.);
#2786 = VERTEX_POINT('',#2787);
#2787 = CARTESIAN_POINT('',(7.879733455488,-11.93401316555,-5.));
#2788 = SURFACE_CURVE('',#2789,(#2793,#2800),.PCURVE_S1.);
#2789 = LINE('',#2790,#2791);
#2790 = CARTESIAN_POINT('',(7.879733455488,-11.93401316555,-5.));
#2791 = VECTOR('',#2792,1.);
#2792 = DIRECTION('',(1.59260128741E-17,3.870417880361E-17,-1.));
#2793 = PCURVE('',#1436,#2794);
#2794 = DEFINITIONAL_REPRESENTATION('',(#2795),#2799);
#2795 = LINE('',#2796,#2797);
#2796 = CARTESIAN_POINT('',(5.890394027659,0.));
#2797 = VECTOR('',#2798,1.);
#2798 = DIRECTION('',(0.,1.));
#2799 = ( GEOMETRIC_REPRESENTATION_CONTEXT(2) 
PARAMETRIC_REPRESENTATION_CONTEXT() REPRESENTATION_CONTEXT('2D SPACE',''
  ) );
#2800 = PCURVE('',#866,#2801);
#2801 = DEFINITIONAL_REPRESENTATION('',(#2802),#2806);
#2802 = LINE('',#2803,#2804);
#2803 = CARTESIAN_POINT('',(0.392791279521,8.));
#2804 = VECTOR('',#2805,1.);
#2805 = DIRECTION('',(0.,-1.));
#2806 = ( GEOMETRIC_REPRESENTATION_CONTEXT(2) 
PARAMETRIC_REPRESENTATION_CONTEXT() REPRESENTATION_CONTEXT('2D SPACE',''
  ) );
#2807 = ORIENTED_EDGE('',*,*,#2808,.T.);
#2808 = EDGE_CURVE('',#2786,#1421,#2809,.T.);
#2809 = SURFACE_CURVE('',#2810,(#2815,#2822),.PCURVE_S1.);
#2810 = CIRCLE('',#2811,9.5);
#2811 = AXIS2_PLACEMENT_3D('',#2812,#2813,#2814);
#2812 = CARTESIAN_POINT('',(11.570867631299,-3.180412278141,-5.));
#2813 = DIRECTION('',(1.59260128741E-17,3.870417880361E-17,-1.));
#2814 = DIRECTION('',(0.711645970252,0.702538264455,3.852484948789E-17)
  );
#2815 = PCURVE('',#1436,#2816);
#2816 = DEFINITIONAL_REPRESENTATION('',(#2817),#2821);
#2817 = LINE('',#2818,#2819);
#2818 = CARTESIAN_POINT('',(3.14159265359,0.));
#2819 = VECTOR('',#2820,1.);
#2820 = DIRECTION('',(1.,0.));
#2821 = ( GEOMETRIC_REPRESENTATION_CONTEXT(2) 
PARAMETRIC_REPRESENTATION_CONTEXT() REPRESENTATION_CONTEXT('2D SPACE',''
  ) );
#2822 = PCURVE('',#190,#2823);
#2823 = DEFINITIONAL_REPRESENTATION('',(#2824),#2832);
#2824 = ( BOUNDED_CURVE() B_SPLINE_CURVE(2,(#2825,#2826,#2827,#2828,
#2829,#2830,#2831),.UNSPECIFIED.,.T.,.F.) B_SPLINE_CURVE_WITH_KNOTS((1,2
    ,2,2,2,1),(-2.094395102393,0.,2.094395102393,4.188790204786,
6.28318530718,8.377580409573),.UNSPECIFIED.) CURVE() 
GEOMETRIC_REPRESENTATION_ITEM() RATIONAL_B_SPLINE_CURVE((1.,0.5,1.,0.5,
1.,0.5,1.)) REPRESENTATION_ITEM('') );
#2825 = CARTESIAN_POINT('',(12.5,-5.196152422707));
#2826 = CARTESIAN_POINT('',(12.5,-21.65063509461));
#2827 = CARTESIAN_POINT('',(-1.75,-13.42339375865));
#2828 = CARTESIAN_POINT('',(-16.,-5.196152422707));
#2829 = CARTESIAN_POINT('',(-1.75,3.031088913246));
#2830 = CARTESIAN_POINT('',(12.5,11.258330249198));
#2831 = CARTESIAN_POINT('',(12.5,-5.196152422707));
#2832 = ( GEOMETRIC_REPRESENTATION_CONTEXT(2) 
PARAMETRIC_REPRESENTATION_CONTEXT() REPRESENTATION_CONTEXT('2D SPACE',''
  ) );
#2833 = ORIENTED_EDGE('',*,*,#1420,.T.);
#2834 = ADVANCED_FACE('',(#2835,#2860),#190,.T.);
#2835 = FACE_BOUND('',#2836,.T.);
#2836 = EDGE_LOOP('',(#2837,#2859));
#2837 = ORIENTED_EDGE('',*,*,#2838,.F.);
#2838 = EDGE_CURVE('',#141,#174,#2839,.T.);
#2839 = SURFACE_CURVE('',#2840,(#2845,#2852),.PCURVE_S1.);
#2840 = CIRCLE('',#2841,1.65);
#2841 = AXIS2_PLACEMENT_3D('',#2842,#2843,#2844);
#2842 = CARTESIAN_POINT('',(3.536301986317,-13.54601669353,-5.));
#2843 = DIRECTION('',(-1.59260128741E-17,-3.870417880361E-17,1.));
#2844 = DIRECTION('',(0.711645970252,0.702538264455,3.852484948789E-17)
  );
#2845 = PCURVE('',#190,#2846);
#2846 = DEFINITIONAL_REPRESENTATION('',(#2847),#2851);
#2847 = CIRCLE('',#2848,1.65);
#2848 = AXIS2_PLACEMENT_2D('',#2849,#2850);
#2849 = CARTESIAN_POINT('',(-10.,-6.928203230275));
#2850 = DIRECTION('',(1.,0.));
#2851 = ( GEOMETRIC_REPRESENTATION_CONTEXT(2) 
PARAMETRIC_REPRESENTATION_CONTEXT() REPRESENTATION_CONTEXT('2D SPACE',''
  ) );
#2852 = PCURVE('',#161,#2853);
#2853 = DEFINITIONAL_REPRESENTATION('',(#2854),#2858);
#2854 = LINE('',#2855,#2856);
#2855 = CARTESIAN_POINT('',(0.,0.));
#2856 = VECTOR('',#2857,1.);
#2857 = DIRECTION('',(1.,0.));
#2858 = ( GEOMETRIC_REPRESENTATION_CONTEXT(2) 
PARAMETRIC_REPRESENTATION_CONTEXT() REPRESENTATION_CONTEXT('2D SPACE',''
  ) );
#2859 = ORIENTED_EDGE('',*,*,#173,.F.);
#2860 = FACE_BOUND('',#2861,.T.);
#2861 = EDGE_LOOP('',(#2862,#2863,#2864,#2886,#2887,#2888,#2889,#2890));
#2862 = ORIENTED_EDGE('',*,*,#2618,.T.);
#2863 = ORIENTED_EDGE('',*,*,#878,.T.);
#2864 = ORIENTED_EDGE('',*,*,#2865,.T.);
#2865 = EDGE_CURVE('',#851,#2786,#2866,.T.);
#2866 = SURFACE_CURVE('',#2867,(#2872,#2879),.PCURVE_S1.);
#2867 = CIRCLE('',#2868,2.);
#2868 = AXIS2_PLACEMENT_3D('',#2869,#2870,#2871);
#2869 = CARTESIAN_POINT('',(7.10265257637,-13.77687651027,-5.));
#2870 = DIRECTION('',(-1.59260128741E-17,-3.870417880361E-17,1.));
#2871 = DIRECTION('',(0.711645970252,0.702538264455,3.852484948789E-17)
  );
#2872 = PCURVE('',#190,#2873);
#2873 = DEFINITIONAL_REPRESENTATION('',(#2874),#2878);
#2874 = CIRCLE('',#2875,2.);
#2875 = AXIS2_PLACEMENT_2D('',#2876,#2877);
#2876 = CARTESIAN_POINT('',(-7.624208829066,-9.597991442526));
#2877 = DIRECTION('',(1.,0.));
#2878 = ( GEOMETRIC_REPRESENTATION_CONTEXT(2) 
PARAMETRIC_REPRESENTATION_CONTEXT() REPRESENTATION_CONTEXT('2D SPACE',''
  ) );
#2879 = PCURVE('',#866,#2880);
#2880 = DEFINITIONAL_REPRESENTATION('',(#2881),#2885);
#2881 = LINE('',#2882,#2883);
#2882 = CARTESIAN_POINT('',(0.,8.));
#2883 = VECTOR('',#2884,1.);
#2884 = DIRECTION('',(1.,0.));
#2885 = ( GEOMETRIC_REPRESENTATION_CONTEXT(2) 
PARAMETRIC_REPRESENTATION_CONTEXT() REPRESENTATION_CONTEXT('2D SPACE',''
  ) );
#2886 = ORIENTED_EDGE('',*,*,#2808,.T.);
#2887 = ORIENTED_EDGE('',*,*,#1448,.T.);
#2888 = ORIENTED_EDGE('',*,*,#2677,.T.);
#2889 = ORIENTED_EDGE('',*,*,#2731,.T.);
#2890 = ORIENTED_EDGE('',*,*,#2891,.T.);
#2891 = EDGE_CURVE('',#2732,#2619,#2892,.T.);
#2892 = SURFACE_CURVE('',#2893,(#2898,#2905),.PCURVE_S1.);
#2893 = CIRCLE('',#2894,2.);
#2894 = AXIS2_PLACEMENT_3D('',#2895,#2896,#2897);
#2895 = CARTESIAN_POINT('',(0.537885955586,-15.4906642433,-5.));
#2896 = DIRECTION('',(-1.59260128741E-17,-3.870417880361E-17,1.));
#2897 = DIRECTION('',(0.711645970252,0.702538264455,3.852484948789E-17)
  );
#2898 = PCURVE('',#190,#2899);
#2899 = DEFINITIONAL_REPRESENTATION('',(#2900),#2904);
#2900 = CIRCLE('',#2901,2.);
#2901 = AXIS2_PLACEMENT_2D('',#2902,#2903);
#2902 = CARTESIAN_POINT('',(-13.5,-6.205601828285));
#2903 = DIRECTION('',(1.,0.));
#2904 = ( GEOMETRIC_REPRESENTATION_CONTEXT(2) 
PARAMETRIC_REPRESENTATION_CONTEXT() REPRESENTATION_CONTEXT('2D SPACE',''
  ) );
#2905 = PCURVE('',#2132,#2906);
#2906 = DEFINITIONAL_REPRESENTATION('',(#2907),#2911);
#2907 = LINE('',#2908,#2909);
#2908 = CARTESIAN_POINT('',(0.,0.));
#2909 = VECTOR('',#2910,1.);
#2910 = DIRECTION('',(1.,0.));
#2911 = ( GEOMETRIC_REPRESENTATION_CONTEXT(2) 
PARAMETRIC_REPRESENTATION_CONTEXT() REPRESENTATION_CONTEXT('2D SPACE',''
  ) );
#2912 = ADVANCED_FACE('',(#2913),#2370,.F.);
#2913 = FACE_BOUND('',#2914,.F.);
#2914 = EDGE_LOOP('',(#2915,#2938,#2966,#2987));
#2915 = ORIENTED_EDGE('',*,*,#2916,.F.);
#2916 = EDGE_CURVE('',#2917,#2350,#2919,.T.);
#2917 = VERTEX_POINT('',#2918);
#2918 = CARTESIAN_POINT('',(5.387653090462,7.209243661913,-5.));
#2919 = SURFACE_CURVE('',#2920,(#2924,#2931),.PCURVE_S1.);
#2920 = LINE('',#2921,#2922);
#2921 = CARTESIAN_POINT('',(5.387653090462,7.209243661913,-5.));
#2922 = VECTOR('',#2923,1.);
#2923 = DIRECTION('',(1.59260128741E-17,3.870417880361E-17,-1.));
#2924 = PCURVE('',#2370,#2925);
#2925 = DEFINITIONAL_REPRESENTATION('',(#2926),#2930);
#2926 = LINE('',#2927,#2928);
#2927 = CARTESIAN_POINT('',(2.991541685901,0.));
#2928 = VECTOR('',#2929,1.);
#2929 = DIRECTION('',(0.,1.));
#2930 = ( GEOMETRIC_REPRESENTATION_CONTEXT(2) 
PARAMETRIC_REPRESENTATION_CONTEXT() REPRESENTATION_CONTEXT('2D SPACE',''
  ) );
#2931 = PCURVE('',#2403,#2932);
#2932 = DEFINITIONAL_REPRESENTATION('',(#2933),#2937);
#2933 = LINE('',#2934,#2935);
#2934 = CARTESIAN_POINT('',(4.402298995689,0.));
#2935 = VECTOR('',#2936,1.);
#2936 = DIRECTION('',(0.,1.));
#2937 = ( GEOMETRIC_REPRESENTATION_CONTEXT(2) 
PARAMETRIC_REPRESENTATION_CONTEXT() REPRESENTATION_CONTEXT('2D SPACE',''
  ) );
#2938 = ORIENTED_EDGE('',*,*,#2939,.T.);
#2939 = EDGE_CURVE('',#2917,#2940,#2942,.T.);
#2940 = VERTEX_POINT('',#2941);
#2941 = CARTESIAN_POINT('',(7.278038484425,5.294351312411,-5.));
#2942 = SURFACE_CURVE('',#2943,(#2948,#2955),.PCURVE_S1.);
#2943 = CIRCLE('',#2944,9.);
#2944 = AXIS2_PLACEMENT_3D('',#2945,#2946,#2947);
#2945 = CARTESIAN_POINT('',(-6.422700950878E-14,-1.009136906472E-14,-5.)
  );
#2946 = DIRECTION('',(1.59260128741E-17,3.870417880361E-17,-1.));
#2947 = DIRECTION('',(0.711645970252,0.702538264455,3.852484948789E-17)
  );
#2948 = PCURVE('',#2370,#2949);
#2949 = DEFINITIONAL_REPRESENTATION('',(#2950),#2954);
#2950 = LINE('',#2951,#2952);
#2951 = CARTESIAN_POINT('',(-3.14159265359,0.));
#2952 = VECTOR('',#2953,1.);
#2953 = DIRECTION('',(1.,0.));
#2954 = ( GEOMETRIC_REPRESENTATION_CONTEXT(2) 
PARAMETRIC_REPRESENTATION_CONTEXT() REPRESENTATION_CONTEXT('2D SPACE',''
  ) );
#2955 = PCURVE('',#73,#2956);
#2956 = DEFINITIONAL_REPRESENTATION('',(#2957),#2965);
#2957 = ( BOUNDED_CURVE() B_SPLINE_CURVE(2,(#2958,#2959,#2960,#2961,
#2962,#2963,#2964),.UNSPECIFIED.,.T.,.F.) B_SPLINE_CURVE_WITH_KNOTS((1,2
    ,2,2,2,1),(-2.094395102393,0.,2.094395102393,4.188790204786,
6.28318530718,8.377580409573),.UNSPECIFIED.) CURVE() 
GEOMETRIC_REPRESENTATION_ITEM() RATIONAL_B_SPLINE_CURVE((1.,0.5,1.,0.5,
1.,0.5,1.)) REPRESENTATION_ITEM('') );
#2958 = CARTESIAN_POINT('',(6.,-5.196152422707));
#2959 = CARTESIAN_POINT('',(6.,-20.78460969082));
#2960 = CARTESIAN_POINT('',(-7.5,-12.99038105676));
#2961 = CARTESIAN_POINT('',(-21.,-5.196152422707));
#2962 = CARTESIAN_POINT('',(-7.5,2.598076211353));
#2963 = CARTESIAN_POINT('',(6.,10.392304845413));
#2964 = CARTESIAN_POINT('',(6.,-5.196152422707));
#2965 = ( GEOMETRIC_REPRESENTATION_CONTEXT(2) 
PARAMETRIC_REPRESENTATION_CONTEXT() REPRESENTATION_CONTEXT('2D SPACE',''
  ) );
#2966 = ORIENTED_EDGE('',*,*,#2967,.T.);
#2967 = EDGE_CURVE('',#2940,#2317,#2968,.T.);
#2968 = SURFACE_CURVE('',#2969,(#2973,#2980),.PCURVE_S1.);
#2969 = LINE('',#2970,#2971);
#2970 = CARTESIAN_POINT('',(7.278038484425,5.294351312411,-5.));
#2971 = VECTOR('',#2972,1.);
#2972 = DIRECTION('',(1.59260128741E-17,3.870417880361E-17,-1.));
#2973 = PCURVE('',#2370,#2974);
#2974 = DEFINITIONAL_REPRESENTATION('',(#2975),#2979);
#2975 = LINE('',#2976,#2977);
#2976 = CARTESIAN_POINT('',(3.291643621279,0.));
#2977 = VECTOR('',#2978,1.);
#2978 = DIRECTION('',(0.,1.));
#2979 = ( GEOMETRIC_REPRESENTATION_CONTEXT(2) 
PARAMETRIC_REPRESENTATION_CONTEXT() REPRESENTATION_CONTEXT('2D SPACE',''
  ) );
#2980 = PCURVE('',#2337,#2981);
#2981 = DEFINITIONAL_REPRESENTATION('',(#2982),#2986);
#2982 = LINE('',#2983,#2984);
#2983 = CARTESIAN_POINT('',(1.880886311491,0.));
#2984 = VECTOR('',#2985,1.);
#2985 = DIRECTION('',(0.,1.));
#2986 = ( GEOMETRIC_REPRESENTATION_CONTEXT(2) 
PARAMETRIC_REPRESENTATION_CONTEXT() REPRESENTATION_CONTEXT('2D SPACE',''
  ) );
#2987 = ORIENTED_EDGE('',*,*,#2349,.F.);
#2988 = ADVANCED_FACE('',(#2989),#2337,.F.);
#2989 = FACE_BOUND('',#2990,.F.);
#2990 = EDGE_LOOP('',(#2991,#2992,#3020,#3041));
#2991 = ORIENTED_EDGE('',*,*,#2967,.F.);
#2992 = ORIENTED_EDGE('',*,*,#2993,.T.);
#2993 = EDGE_CURVE('',#2940,#2994,#2996,.T.);
#2994 = VERTEX_POINT('',#2995);
#2995 = CARTESIAN_POINT('',(12.872366100646,6.230012884108,-5.));
#2996 = SURFACE_CURVE('',#2997,(#3002,#3009),.PCURVE_S1.);
#2997 = CIRCLE('',#2998,9.5);
#2998 = AXIS2_PLACEMENT_3D('',#2999,#3000,#3001);
#2999 = CARTESIAN_POINT('',(11.570867631299,-3.180412278141,-5.));
#3000 = DIRECTION('',(1.59260128741E-17,3.870417880361E-17,-1.));
#3001 = DIRECTION('',(0.711645970252,0.702538264455,3.852484948789E-17)
  );
#3002 = PCURVE('',#2337,#3003);
#3003 = DEFINITIONAL_REPRESENTATION('',(#3004),#3008);
#3004 = LINE('',#3005,#3006);
#3005 = CARTESIAN_POINT('',(-3.14159265359,0.));
#3006 = VECTOR('',#3007,1.);
#3007 = DIRECTION('',(1.,0.));
#3008 = ( GEOMETRIC_REPRESENTATION_CONTEXT(2) 
PARAMETRIC_REPRESENTATION_CONTEXT() REPRESENTATION_CONTEXT('2D SPACE',''
  ) );
#3009 = PCURVE('',#73,#3010);
#3010 = DEFINITIONAL_REPRESENTATION('',(#3011),#3019);
#3011 = ( BOUNDED_CURVE() B_SPLINE_CURVE(2,(#3012,#3013,#3014,#3015,
#3016,#3017,#3018),.UNSPECIFIED.,.T.,.F.) B_SPLINE_CURVE_WITH_KNOTS((1,2
    ,2,2,2,1),(-2.094395102393,0.,2.094395102393,4.188790204786,
6.28318530718,8.377580409573),.UNSPECIFIED.) CURVE() 
GEOMETRIC_REPRESENTATION_ITEM() RATIONAL_B_SPLINE_CURVE((1.,0.5,1.,0.5,
1.,0.5,1.)) REPRESENTATION_ITEM('') );
#3012 = CARTESIAN_POINT('',(12.5,-15.58845726812));
#3013 = CARTESIAN_POINT('',(12.5,-32.04293994002));
#3014 = CARTESIAN_POINT('',(-1.75,-23.81569860407));
#3015 = CARTESIAN_POINT('',(-16.,-15.58845726812));
#3016 = CARTESIAN_POINT('',(-1.75,-7.361215932168));
#3017 = CARTESIAN_POINT('',(12.5,0.866025403784));
#3018 = CARTESIAN_POINT('',(12.5,-15.58845726812));
#3019 = ( GEOMETRIC_REPRESENTATION_CONTEXT(2) 
PARAMETRIC_REPRESENTATION_CONTEXT() REPRESENTATION_CONTEXT('2D SPACE',''
  ) );
#3020 = ORIENTED_EDGE('',*,*,#3021,.F.);
#3021 = EDGE_CURVE('',#2284,#2994,#3022,.T.);
#3022 = SURFACE_CURVE('',#3023,(#3027,#3034),.PCURVE_S1.);
#3023 = LINE('',#3024,#3025);
#3024 = CARTESIAN_POINT('',(12.872366100646,6.230012884108,-5.));
#3025 = VECTOR('',#3026,1.);
#3026 = DIRECTION('',(-1.59260128741E-17,-3.870417880361E-17,1.));
#3027 = PCURVE('',#2337,#3028);
#3028 = DEFINITIONAL_REPRESENTATION('',(#3029),#3033);
#3029 = LINE('',#3030,#3031);
#3030 = CARTESIAN_POINT('',(2.487186381914,0.));
#3031 = VECTOR('',#3032,1.);
#3032 = DIRECTION('',(0.,-1.));
#3033 = ( GEOMETRIC_REPRESENTATION_CONTEXT(2) 
PARAMETRIC_REPRESENTATION_CONTEXT() REPRESENTATION_CONTEXT('2D SPACE',''
  ) );
#3034 = PCURVE('',#2304,#3035);
#3035 = DEFINITIONAL_REPRESENTATION('',(#3036),#3040);
#3036 = LINE('',#3037,#3038);
#3037 = CARTESIAN_POINT('',(3.795998925266,0.));
#3038 = VECTOR('',#3039,1.);
#3039 = DIRECTION('',(0.,1.));
#3040 = ( GEOMETRIC_REPRESENTATION_CONTEXT(2) 
PARAMETRIC_REPRESENTATION_CONTEXT() REPRESENTATION_CONTEXT('2D SPACE',''
  ) );
#3041 = ORIENTED_EDGE('',*,*,#2316,.F.);
#3042 = ADVANCED_FACE('',(#3043),#2403,.F.);
#3043 = FACE_BOUND('',#3044,.F.);
#3044 = EDGE_LOOP('',(#3045,#3046,#3047,#3070));
#3045 = ORIENTED_EDGE('',*,*,#2916,.T.);
#3046 = ORIENTED_EDGE('',*,*,#2382,.F.);
#3047 = ORIENTED_EDGE('',*,*,#3048,.F.);
#3048 = EDGE_CURVE('',#3049,#2383,#3051,.T.);
#3049 = VERTEX_POINT('',#3050);
#3050 = CARTESIAN_POINT('',(6.395291842726,12.791055930281,-5.));
#3051 = SURFACE_CURVE('',#3052,(#3056,#3063),.PCURVE_S1.);
#3052 = LINE('',#3053,#3054);
#3053 = CARTESIAN_POINT('',(6.395291842726,12.791055930281,-5.));
#3054 = VECTOR('',#3055,1.);
#3055 = DIRECTION('',(1.59260128741E-17,3.870417880361E-17,-1.));
#3056 = PCURVE('',#2403,#3057);
#3057 = DEFINITIONAL_REPRESENTATION('',(#3058),#3062);
#3058 = LINE('',#3059,#3060);
#3059 = CARTESIAN_POINT('',(3.795998925266,0.));
#3060 = VECTOR('',#3061,1.);
#3061 = DIRECTION('',(0.,1.));
#3062 = ( GEOMETRIC_REPRESENTATION_CONTEXT(2) 
PARAMETRIC_REPRESENTATION_CONTEXT() REPRESENTATION_CONTEXT('2D SPACE',''
  ) );
#3063 = PCURVE('',#1822,#3064);
#3064 = DEFINITIONAL_REPRESENTATION('',(#3065),#3069);
#3065 = LINE('',#3066,#3067);
#3066 = CARTESIAN_POINT('',(2.487186381914,8.));
#3067 = VECTOR('',#3068,1.);
#3068 = DIRECTION('',(0.,-1.));
#3069 = ( GEOMETRIC_REPRESENTATION_CONTEXT(2) 
PARAMETRIC_REPRESENTATION_CONTEXT() REPRESENTATION_CONTEXT('2D SPACE',''
  ) );
#3070 = ORIENTED_EDGE('',*,*,#3071,.T.);
#3071 = EDGE_CURVE('',#3049,#2917,#3072,.T.);
#3072 = SURFACE_CURVE('',#3073,(#3078,#3085),.PCURVE_S1.);
#3073 = CIRCLE('',#3074,9.5);
#3074 = AXIS2_PLACEMENT_3D('',#3075,#3076,#3077);
#3075 = CARTESIAN_POINT('',(-3.031115988272,11.610871451603,-5.));
#3076 = DIRECTION('',(1.59260128741E-17,3.870417880361E-17,-1.));
#3077 = DIRECTION('',(0.711645970252,0.702538264455,3.852484948789E-17)
  );
#3078 = PCURVE('',#2403,#3079);
#3079 = DEFINITIONAL_REPRESENTATION('',(#3080),#3084);
#3080 = LINE('',#3081,#3082);
#3081 = CARTESIAN_POINT('',(3.14159265359,0.));
#3082 = VECTOR('',#3083,1.);
#3083 = DIRECTION('',(1.,0.));
#3084 = ( GEOMETRIC_REPRESENTATION_CONTEXT(2) 
PARAMETRIC_REPRESENTATION_CONTEXT() REPRESENTATION_CONTEXT('2D SPACE',''
  ) );
#3085 = PCURVE('',#73,#3086);
#3086 = DEFINITIONAL_REPRESENTATION('',(#3087),#3095);
#3087 = ( BOUNDED_CURVE() B_SPLINE_CURVE(2,(#3088,#3089,#3090,#3091,
#3092,#3093,#3094),.UNSPECIFIED.,.T.,.F.) B_SPLINE_CURVE_WITH_KNOTS((1,2
    ,2,2,2,1),(-2.094395102393,0.,2.094395102393,4.188790204786,
6.28318530718,8.377580409573),.UNSPECIFIED.) CURVE() 
GEOMETRIC_REPRESENTATION_ITEM() RATIONAL_B_SPLINE_CURVE((1.,0.5,1.,0.5,
1.,0.5,1.)) REPRESENTATION_ITEM('') );
#3088 = CARTESIAN_POINT('',(12.5,5.196152422707));
#3089 = CARTESIAN_POINT('',(12.5,-11.25833024919));
#3090 = CARTESIAN_POINT('',(-1.75,-3.031088913246));
#3091 = CARTESIAN_POINT('',(-16.,5.196152422707));
#3092 = CARTESIAN_POINT('',(-1.75,13.423393758659));
#3093 = CARTESIAN_POINT('',(12.5,21.650635094611));
#3094 = CARTESIAN_POINT('',(12.5,5.196152422707));
#3095 = ( GEOMETRIC_REPRESENTATION_CONTEXT(2) 
PARAMETRIC_REPRESENTATION_CONTEXT() REPRESENTATION_CONTEXT('2D SPACE',''
  ) );
#3096 = ADVANCED_FACE('',(#3097,#3122),#73,.T.);
#3097 = FACE_BOUND('',#3098,.T.);
#3098 = EDGE_LOOP('',(#3099,#3121));
#3099 = ORIENTED_EDGE('',*,*,#3100,.F.);
#3100 = EDGE_CURVE('',#24,#57,#3101,.T.);
#3101 = SURFACE_CURVE('',#3102,(#3107,#3114),.PCURVE_S1.);
#3102 = CIRCLE('',#3103,1.65);
#3103 = AXIS2_PLACEMENT_3D('',#3104,#3105,#3106);
#3104 = CARTESIAN_POINT('',(9.963043583532,9.835535702372,-5.));
#3105 = DIRECTION('',(-1.59260128741E-17,-3.870417880361E-17,1.));
#3106 = DIRECTION('',(0.711645970252,0.702538264455,3.852484948789E-17)
  );
#3107 = PCURVE('',#73,#3108);
#3108 = DEFINITIONAL_REPRESENTATION('',(#3109),#3113);
#3109 = CIRCLE('',#3110,1.65);
#3110 = AXIS2_PLACEMENT_2D('',#3111,#3112);
#3111 = CARTESIAN_POINT('',(11.,-5.196152422707));
#3112 = DIRECTION('',(1.,0.));
#3113 = ( GEOMETRIC_REPRESENTATION_CONTEXT(2) 
PARAMETRIC_REPRESENTATION_CONTEXT() REPRESENTATION_CONTEXT('2D SPACE',''
  ) );
#3114 = PCURVE('',#44,#3115);
#3115 = DEFINITIONAL_REPRESENTATION('',(#3116),#3120);
#3116 = LINE('',#3117,#3118);
#3117 = CARTESIAN_POINT('',(0.,0.));
#3118 = VECTOR('',#3119,1.);
#3119 = DIRECTION('',(1.,0.));
#3120 = ( GEOMETRIC_REPRESENTATION_CONTEXT(2) 
PARAMETRIC_REPRESENTATION_CONTEXT() REPRESENTATION_CONTEXT('2D SPACE',''
  ) );
#3121 = ORIENTED_EDGE('',*,*,#56,.F.);
#3122 = FACE_BOUND('',#3123,.T.);
#3123 = EDGE_LOOP('',(#3124,#3125,#3126,#3148,#3149,#3150,#3151));
#3124 = ORIENTED_EDGE('',*,*,#2571,.T.);
#3125 = ORIENTED_EDGE('',*,*,#1584,.T.);
#3126 = ORIENTED_EDGE('',*,*,#3127,.T.);
#3127 = EDGE_CURVE('',#1587,#3049,#3128,.T.);
#3128 = SURFACE_CURVE('',#3129,(#3134,#3141),.PCURVE_S1.);
#3129 = CIRCLE('',#3130,2.);
#3130 = AXIS2_PLACEMENT_3D('',#3131,#3132,#3133);
#3131 = CARTESIAN_POINT('',(8.379798754514,13.039515820529,-5.));
#3132 = DIRECTION('',(-1.59260128741E-17,-3.870417880361E-17,1.));
#3133 = DIRECTION('',(0.711645970252,0.702538264455,3.852484948789E-17)
  );
#3134 = PCURVE('',#73,#3135);
#3135 = DEFINITIONAL_REPRESENTATION('',(#3136),#3140);
#3136 = CIRCLE('',#3137,2.);
#3137 = AXIS2_PLACEMENT_2D('',#3138,#3139);
#3138 = CARTESIAN_POINT('',(12.124208829066,-1.803762808466));
#3139 = DIRECTION('',(1.,0.));
#3140 = ( GEOMETRIC_REPRESENTATION_CONTEXT(2) 
PARAMETRIC_REPRESENTATION_CONTEXT() REPRESENTATION_CONTEXT('2D SPACE',''
  ) );
#3141 = PCURVE('',#1822,#3142);
#3142 = DEFINITIONAL_REPRESENTATION('',(#3143),#3147);
#3143 = LINE('',#3144,#3145);
#3144 = CARTESIAN_POINT('',(1.110223024625E-16,8.));
#3145 = VECTOR('',#3146,1.);
#3146 = DIRECTION('',(1.,0.));
#3147 = ( GEOMETRIC_REPRESENTATION_CONTEXT(2) 
PARAMETRIC_REPRESENTATION_CONTEXT() REPRESENTATION_CONTEXT('2D SPACE',''
  ) );
#3148 = ORIENTED_EDGE('',*,*,#3071,.T.);
#3149 = ORIENTED_EDGE('',*,*,#2939,.T.);
#3150 = ORIENTED_EDGE('',*,*,#2993,.T.);
#3151 = ORIENTED_EDGE('',*,*,#3152,.T.);
#3152 = EDGE_CURVE('',#2994,#2572,#3153,.T.);
#3153 = SURFACE_CURVE('',#3154,(#3159,#3166),.PCURVE_S1.);
#3154 = CIRCLE('',#3155,2.);
#3155 = AXIS2_PLACEMENT_3D('',#3156,#3157,#3158);
#3156 = CARTESIAN_POINT('',(13.146365778403,8.211155023529,-5.));
#3157 = DIRECTION('',(-1.59260128741E-17,-3.870417880361E-17,1.));
#3158 = DIRECTION('',(0.711645970252,0.702538264455,3.852484948789E-17)
  );
#3159 = PCURVE('',#73,#3160);
#3160 = DEFINITIONAL_REPRESENTATION('',(#3161),#3165);
#3161 = CIRCLE('',#3162,2.);
#3162 = AXIS2_PLACEMENT_2D('',#3163,#3164);
#3163 = CARTESIAN_POINT('',(12.124208829066,-8.588542036948));
#3164 = DIRECTION('',(1.,0.));
#3165 = ( GEOMETRIC_REPRESENTATION_CONTEXT(2) 
PARAMETRIC_REPRESENTATION_CONTEXT() REPRESENTATION_CONTEXT('2D SPACE',''
  ) );
#3166 = PCURVE('',#2304,#3167);
#3167 = DEFINITIONAL_REPRESENTATION('',(#3168),#3172);
#3168 = LINE('',#3169,#3170);
#3169 = CARTESIAN_POINT('',(-4.440892098501E-16,0.));
#3170 = VECTOR('',#3171,1.);
#3171 = DIRECTION('',(1.,0.));
#3172 = ( GEOMETRIC_REPRESENTATION_CONTEXT(2) 
PARAMETRIC_REPRESENTATION_CONTEXT() REPRESENTATION_CONTEXT('2D SPACE',''
  ) );
#3173 = ADVANCED_FACE('',(#3174),#1316,.F.);
#3174 = FACE_BOUND('',#3175,.F.);
#3175 = EDGE_LOOP('',(#3176,#3177,#3200,#3226));
#3176 = ORIENTED_EDGE('',*,*,#1966,.F.);
#3177 = ORIENTED_EDGE('',*,*,#3178,.F.);
#3178 = EDGE_CURVE('',#3179,#1967,#3181,.T.);
#3179 = VERTEX_POINT('',#3180);
#3180 = CARTESIAN_POINT('',(-8.22406197532,3.655790561027,-5.));
#3181 = SURFACE_CURVE('',#3182,(#3186,#3193),.PCURVE_S1.);
#3182 = LINE('',#3183,#3184);
#3183 = CARTESIAN_POINT('',(-8.22406197532,3.655790561027,-5.));
#3184 = VECTOR('',#3185,1.);
#3185 = DIRECTION('',(1.59260128741E-17,3.870417880361E-17,-1.));
#3186 = PCURVE('',#1316,#3187);
#3187 = DEFINITIONAL_REPRESENTATION('',(#3188),#3192);
#3188 = LINE('',#3189,#3190);
#3189 = CARTESIAN_POINT('',(6.069676516277,0.));
#3190 = VECTOR('',#3191,1.);
#3191 = DIRECTION('',(0.,1.));
#3192 = ( GEOMETRIC_REPRESENTATION_CONTEXT(2) 
PARAMETRIC_REPRESENTATION_CONTEXT() REPRESENTATION_CONTEXT('2D SPACE',''
  ) );
#3193 = PCURVE('',#2015,#3194);
#3194 = DEFINITIONAL_REPRESENTATION('',(#3195),#3199);
#3195 = LINE('',#3196,#3197);
#3196 = CARTESIAN_POINT('',(1.197248518886,0.));
#3197 = VECTOR('',#3198,1.);
#3198 = DIRECTION('',(0.,1.));
#3199 = ( GEOMETRIC_REPRESENTATION_CONTEXT(2) 
PARAMETRIC_REPRESENTATION_CONTEXT() REPRESENTATION_CONTEXT('2D SPACE',''
  ) );
#3200 = ORIENTED_EDGE('',*,*,#3201,.T.);
#3201 = EDGE_CURVE('',#3179,#1301,#3202,.T.);
#3202 = SURFACE_CURVE('',#3203,(#3208,#3215),.PCURVE_S1.);
#3203 = CIRCLE('',#3204,9.5);
#3204 = AXIS2_PLACEMENT_3D('',#3205,#3206,#3207);
#3205 = CARTESIAN_POINT('',(-3.031115988272,11.610871451603,-5.));
#3206 = DIRECTION('',(1.59260128741E-17,3.870417880361E-17,-1.));
#3207 = DIRECTION('',(0.711645970252,0.702538264455,3.852484948789E-17)
  );
#3208 = PCURVE('',#1316,#3209);
#3209 = DEFINITIONAL_REPRESENTATION('',(#3210),#3214);
#3210 = LINE('',#3211,#3212);
#3211 = CARTESIAN_POINT('',(3.14159265359,0.));
#3212 = VECTOR('',#3213,1.);
#3213 = DIRECTION('',(1.,0.));
#3214 = ( GEOMETRIC_REPRESENTATION_CONTEXT(2) 
PARAMETRIC_REPRESENTATION_CONTEXT() REPRESENTATION_CONTEXT('2D SPACE',''
  ) );
#3215 = PCURVE('',#302,#3216);
#3216 = DEFINITIONAL_REPRESENTATION('',(#3217),#3225);
#3217 = ( BOUNDED_CURVE() B_SPLINE_CURVE(2,(#3218,#3219,#3220,#3221,
#3222,#3223,#3224),.UNSPECIFIED.,.T.,.F.) B_SPLINE_CURVE_WITH_KNOTS((1,2
    ,2,2,2,1),(-2.094395102393,0.,2.094395102393,4.188790204786,
6.28318530718,8.377580409573),.UNSPECIFIED.) CURVE() 
GEOMETRIC_REPRESENTATION_ITEM() RATIONAL_B_SPLINE_CURVE((1.,0.5,1.,0.5,
1.,0.5,1.)) REPRESENTATION_ITEM('') );
#3218 = CARTESIAN_POINT('',(12.5,5.196152422707));
#3219 = CARTESIAN_POINT('',(12.5,-11.25833024919));
#3220 = CARTESIAN_POINT('',(-1.75,-3.031088913246));
#3221 = CARTESIAN_POINT('',(-16.,5.196152422707));
#3222 = CARTESIAN_POINT('',(-1.75,13.423393758659));
#3223 = CARTESIAN_POINT('',(12.5,21.650635094611));
#3224 = CARTESIAN_POINT('',(12.5,5.196152422707));
#3225 = ( GEOMETRIC_REPRESENTATION_CONTEXT(2) 
PARAMETRIC_REPRESENTATION_CONTEXT() REPRESENTATION_CONTEXT('2D SPACE',''
  ) );
#3226 = ORIENTED_EDGE('',*,*,#1300,.T.);
#3227 = ADVANCED_FACE('',(#3228),#2048,.F.);
#3228 = FACE_BOUND('',#3229,.F.);
#3229 = EDGE_LOOP('',(#3230,#3253,#3254,#3277));
#3230 = ORIENTED_EDGE('',*,*,#3231,.T.);
#3231 = EDGE_CURVE('',#3232,#1995,#3234,.T.);
#3232 = VERTEX_POINT('',#3233);
#3233 = CARTESIAN_POINT('',(-8.93721469852,1.061222612161,-5.));
#3234 = SURFACE_CURVE('',#3235,(#3239,#3246),.PCURVE_S1.);
#3235 = LINE('',#3236,#3237);
#3236 = CARTESIAN_POINT('',(-8.93721469852,1.061222612161,-5.));
#3237 = VECTOR('',#3238,1.);
#3238 = DIRECTION('',(1.59260128741E-17,3.870417880361E-17,-1.));
#3239 = PCURVE('',#2048,#3240);
#3240 = DEFINITIONAL_REPRESENTATION('',(#3241),#3245);
#3241 = LINE('',#3242,#3243);
#3242 = CARTESIAN_POINT('',(2.307903893296,0.));
#3243 = VECTOR('',#3244,1.);
#3244 = DIRECTION('',(0.,1.));
#3245 = ( GEOMETRIC_REPRESENTATION_CONTEXT(2) 
PARAMETRIC_REPRESENTATION_CONTEXT() REPRESENTATION_CONTEXT('2D SPACE',''
  ) );
#3246 = PCURVE('',#2015,#3247);
#3247 = DEFINITIONAL_REPRESENTATION('',(#3248),#3252);
#3248 = LINE('',#3249,#3250);
#3249 = CARTESIAN_POINT('',(0.897146583507,0.));
#3250 = VECTOR('',#3251,1.);
#3251 = DIRECTION('',(0.,1.));
#3252 = ( GEOMETRIC_REPRESENTATION_CONTEXT(2) 
PARAMETRIC_REPRESENTATION_CONTEXT() REPRESENTATION_CONTEXT('2D SPACE',''
  ) );
#3253 = ORIENTED_EDGE('',*,*,#2027,.F.);
#3254 = ORIENTED_EDGE('',*,*,#3255,.F.);
#3255 = EDGE_CURVE('',#3256,#2028,#3258,.T.);
#3256 = VERTEX_POINT('',#3257);
#3257 = CARTESIAN_POINT('',(-14.27502529821,-0.857042764725,-5.));
#3258 = SURFACE_CURVE('',#3259,(#3263,#3270),.PCURVE_S1.);
#3259 = LINE('',#3260,#3261);
#3260 = CARTESIAN_POINT('',(-14.27502529821,-0.857042764725,-5.));
#3261 = VECTOR('',#3262,1.);
#3262 = DIRECTION('',(1.59260128741E-17,3.870417880361E-17,-1.));
#3263 = PCURVE('',#2048,#3264);
#3264 = DEFINITIONAL_REPRESENTATION('',(#3265),#3269);
#3265 = LINE('',#3266,#3267);
#3266 = CARTESIAN_POINT('',(1.701603822873,0.));
#3267 = VECTOR('',#3268,1.);
#3268 = DIRECTION('',(0.,1.));
#3269 = ( GEOMETRIC_REPRESENTATION_CONTEXT(2) 
PARAMETRIC_REPRESENTATION_CONTEXT() REPRESENTATION_CONTEXT('2D SPACE',''
  ) );
#3270 = PCURVE('',#1725,#3271);
#3271 = DEFINITIONAL_REPRESENTATION('',(#3272),#3276);
#3272 = LINE('',#3273,#3274);
#3273 = CARTESIAN_POINT('',(4.581581484307,8.));
#3274 = VECTOR('',#3275,1.);
#3275 = DIRECTION('',(0.,-1.));
#3276 = ( GEOMETRIC_REPRESENTATION_CONTEXT(2) 
PARAMETRIC_REPRESENTATION_CONTEXT() REPRESENTATION_CONTEXT('2D SPACE',''
  ) );
#3277 = ORIENTED_EDGE('',*,*,#3278,.T.);
#3278 = EDGE_CURVE('',#3256,#3232,#3279,.T.);
#3279 = SURFACE_CURVE('',#3280,(#3285,#3292),.PCURVE_S1.);
#3280 = CIRCLE('',#3281,9.5);
#3281 = AXIS2_PLACEMENT_3D('',#3282,#3283,#3284);
#3282 = CARTESIAN_POINT('',(-8.539751643028,-8.430459173462,-5.));
#3283 = DIRECTION('',(1.59260128741E-17,3.870417880361E-17,-1.));
#3284 = DIRECTION('',(0.711645970252,0.702538264455,3.852484948789E-17)
  );
#3285 = PCURVE('',#2048,#3286);
#3286 = DEFINITIONAL_REPRESENTATION('',(#3287),#3291);
#3287 = LINE('',#3288,#3289);
#3288 = CARTESIAN_POINT('',(-3.14159265359,0.));
#3289 = VECTOR('',#3290,1.);
#3290 = DIRECTION('',(1.,0.));
#3291 = ( GEOMETRIC_REPRESENTATION_CONTEXT(2) 
PARAMETRIC_REPRESENTATION_CONTEXT() REPRESENTATION_CONTEXT('2D SPACE',''
  ) );
#3292 = PCURVE('',#302,#3293);
#3293 = DEFINITIONAL_REPRESENTATION('',(#3294),#3302);
#3294 = ( BOUNDED_CURVE() B_SPLINE_CURVE(2,(#3295,#3296,#3297,#3298,
#3299,#3300,#3301),.UNSPECIFIED.,.T.,.F.) B_SPLINE_CURVE_WITH_KNOTS((1,2
    ,2,2,2,1),(-2.094395102393,0.,2.094395102393,4.188790204786,
6.28318530718,8.377580409573),.UNSPECIFIED.) CURVE() 
GEOMETRIC_REPRESENTATION_ITEM() RATIONAL_B_SPLINE_CURVE((1.,0.5,1.,0.5,
1.,0.5,1.)) REPRESENTATION_ITEM('') );
#3295 = CARTESIAN_POINT('',(-5.5,-5.196152422707));
#3296 = CARTESIAN_POINT('',(-5.5,-21.65063509461));
#3297 = CARTESIAN_POINT('',(-19.75,-13.42339375865));
#3298 = CARTESIAN_POINT('',(-34.,-5.196152422707));
#3299 = CARTESIAN_POINT('',(-19.75,3.031088913246));
#3300 = CARTESIAN_POINT('',(-5.5,11.258330249198));
#3301 = CARTESIAN_POINT('',(-5.5,-5.196152422707));
#3302 = ( GEOMETRIC_REPRESENTATION_CONTEXT(2) 
PARAMETRIC_REPRESENTATION_CONTEXT() REPRESENTATION_CONTEXT('2D SPACE',''
  ) );
#3303 = ADVANCED_FACE('',(#3304),#2015,.F.);
#3304 = FACE_BOUND('',#3305,.F.);
#3305 = EDGE_LOOP('',(#3306,#3307,#3333,#3334));
#3306 = ORIENTED_EDGE('',*,*,#3231,.F.);
#3307 = ORIENTED_EDGE('',*,*,#3308,.T.);
#3308 = EDGE_CURVE('',#3232,#3179,#3309,.T.);
#3309 = SURFACE_CURVE('',#3310,(#3315,#3322),.PCURVE_S1.);
#3310 = CIRCLE('',#3311,9.);
#3311 = AXIS2_PLACEMENT_3D('',#3312,#3313,#3314);
#3312 = CARTESIAN_POINT('',(-6.422700950878E-14,-1.009136906472E-14,-5.)
  );
#3313 = DIRECTION('',(1.59260128741E-17,3.870417880361E-17,-1.));
#3314 = DIRECTION('',(0.711645970252,0.702538264455,3.852484948789E-17)
  );
#3315 = PCURVE('',#2015,#3316);
#3316 = DEFINITIONAL_REPRESENTATION('',(#3317),#3321);
#3317 = LINE('',#3318,#3319);
#3318 = CARTESIAN_POINT('',(-3.14159265359,0.));
#3319 = VECTOR('',#3320,1.);
#3320 = DIRECTION('',(1.,0.));
#3321 = ( GEOMETRIC_REPRESENTATION_CONTEXT(2) 
PARAMETRIC_REPRESENTATION_CONTEXT() REPRESENTATION_CONTEXT('2D SPACE',''
  ) );
#3322 = PCURVE('',#302,#3323);
#3323 = DEFINITIONAL_REPRESENTATION('',(#3324),#3332);
#3324 = ( BOUNDED_CURVE() B_SPLINE_CURVE(2,(#3325,#3326,#3327,#3328,
#3329,#3330,#3331),.UNSPECIFIED.,.T.,.F.) B_SPLINE_CURVE_WITH_KNOTS((1,2
    ,2,2,2,1),(-2.094395102393,0.,2.094395102393,4.188790204786,
6.28318530718,8.377580409573),.UNSPECIFIED.) CURVE() 
GEOMETRIC_REPRESENTATION_ITEM() RATIONAL_B_SPLINE_CURVE((1.,0.5,1.,0.5,
1.,0.5,1.)) REPRESENTATION_ITEM('') );
#3325 = CARTESIAN_POINT('',(6.,-5.196152422707));
#3326 = CARTESIAN_POINT('',(6.,-20.78460969082));
#3327 = CARTESIAN_POINT('',(-7.5,-12.99038105676));
#3328 = CARTESIAN_POINT('',(-21.,-5.196152422707));
#3329 = CARTESIAN_POINT('',(-7.5,2.598076211353));
#3330 = CARTESIAN_POINT('',(6.,10.392304845413));
#3331 = CARTESIAN_POINT('',(6.,-5.196152422707));
#3332 = ( GEOMETRIC_REPRESENTATION_CONTEXT(2) 
PARAMETRIC_REPRESENTATION_CONTEXT() REPRESENTATION_CONTEXT('2D SPACE',''
  ) );
#3333 = ORIENTED_EDGE('',*,*,#3178,.T.);
#3334 = ORIENTED_EDGE('',*,*,#1994,.F.);
#3335 = ADVANCED_FACE('',(#3336,#3361),#302,.T.);
#3336 = FACE_BOUND('',#3337,.T.);
#3337 = EDGE_LOOP('',(#3338,#3360));
#3338 = ORIENTED_EDGE('',*,*,#3339,.F.);
#3339 = EDGE_CURVE('',#253,#286,#3340,.T.);
#3340 = SURFACE_CURVE('',#3341,(#3346,#3353),.PCURVE_S1.);
#3341 = CIRCLE('',#3342,1.65);
#3342 = AXIS2_PLACEMENT_3D('',#3343,#3344,#3345);
#3343 = CARTESIAN_POINT('',(-13.49934556984,3.710480991165,-5.));
#3344 = DIRECTION('',(-1.59260128741E-17,-3.870417880361E-17,1.));
#3345 = DIRECTION('',(0.711645970252,0.702538264455,3.852484948789E-17)
  );
#3346 = PCURVE('',#302,#3347);
#3347 = DEFINITIONAL_REPRESENTATION('',(#3348),#3352);
#3348 = CIRCLE('',#3349,1.65);
#3349 = AXIS2_PLACEMENT_2D('',#3350,#3351);
#3350 = CARTESIAN_POINT('',(-10.,6.928203230276));
#3351 = DIRECTION('',(1.,0.));
#3352 = ( GEOMETRIC_REPRESENTATION_CONTEXT(2) 
PARAMETRIC_REPRESENTATION_CONTEXT() REPRESENTATION_CONTEXT('2D SPACE',''
  ) );
#3353 = PCURVE('',#273,#3354);
#3354 = DEFINITIONAL_REPRESENTATION('',(#3355),#3359);
#3355 = LINE('',#3356,#3357);
#3356 = CARTESIAN_POINT('',(0.,0.));
#3357 = VECTOR('',#3358,1.);
#3358 = DIRECTION('',(1.,0.));
#3359 = ( GEOMETRIC_REPRESENTATION_CONTEXT(2) 
PARAMETRIC_REPRESENTATION_CONTEXT() REPRESENTATION_CONTEXT('2D SPACE',''
  ) );
#3360 = ORIENTED_EDGE('',*,*,#285,.F.);
#3361 = FACE_BOUND('',#3362,.T.);
#3362 = EDGE_LOOP('',(#3363,#3364,#3365,#3366,#3388,#3389,#3411,#3412));
#3363 = ORIENTED_EDGE('',*,*,#3201,.T.);
#3364 = ORIENTED_EDGE('',*,*,#1328,.T.);
#3365 = ORIENTED_EDGE('',*,*,#994,.T.);
#3366 = ORIENTED_EDGE('',*,*,#3367,.T.);
#3367 = EDGE_CURVE('',#967,#1738,#3368,.T.);
#3368 = SURFACE_CURVE('',#3369,(#3374,#3381),.PCURVE_S1.);
#3369 = CIRCLE('',#3370,2.);
#3370 = AXIS2_PLACEMENT_3D('',#3371,#3372,#3373);
#3371 = CARTESIAN_POINT('',(-13.68425173399,7.279509219775,-5.));
#3372 = DIRECTION('',(-1.59260128741E-17,-3.870417880361E-17,1.));
#3373 = DIRECTION('',(0.711645970252,0.702538264455,3.852484948789E-17)
  );
#3374 = PCURVE('',#302,#3375);
#3375 = DEFINITIONAL_REPRESENTATION('',(#3376),#3380);
#3376 = CIRCLE('',#3377,2.);
#3377 = AXIS2_PLACEMENT_2D('',#3378,#3379);
#3378 = CARTESIAN_POINT('',(-7.624208829066,9.597991442526));
#3379 = DIRECTION('',(1.,0.));
#3380 = ( GEOMETRIC_REPRESENTATION_CONTEXT(2) 
PARAMETRIC_REPRESENTATION_CONTEXT() REPRESENTATION_CONTEXT('2D SPACE',''
  ) );
#3381 = PCURVE('',#982,#3382);
#3382 = DEFINITIONAL_REPRESENTATION('',(#3383),#3387);
#3383 = LINE('',#3384,#3385);
#3384 = CARTESIAN_POINT('',(0.,0.));
#3385 = VECTOR('',#3386,1.);
#3386 = DIRECTION('',(1.,0.));
#3387 = ( GEOMETRIC_REPRESENTATION_CONTEXT(2) 
PARAMETRIC_REPRESENTATION_CONTEXT() REPRESENTATION_CONTEXT('2D SPACE',''
  ) );
#3388 = ORIENTED_EDGE('',*,*,#1737,.T.);
#3389 = ORIENTED_EDGE('',*,*,#3390,.T.);
#3390 = EDGE_CURVE('',#1710,#3256,#3391,.T.);
#3391 = SURFACE_CURVE('',#3392,(#3397,#3404),.PCURVE_S1.);
#3392 = CIRCLE('',#3393,2.);
#3393 = AXIS2_PLACEMENT_3D('',#3394,#3395,#3396);
#3394 = CARTESIAN_POINT('',(-15.48245133088,0.737360689746,-5.));
#3395 = DIRECTION('',(-1.59260128741E-17,-3.870417880361E-17,1.));
#3396 = DIRECTION('',(0.711645970252,0.702538264455,3.852484948789E-17)
  );
#3397 = PCURVE('',#302,#3398);
#3398 = DEFINITIONAL_REPRESENTATION('',(#3399),#3403);
#3399 = CIRCLE('',#3400,2.);
#3400 = AXIS2_PLACEMENT_2D('',#3401,#3402);
#3401 = CARTESIAN_POINT('',(-13.5,6.205601828285));
#3402 = DIRECTION('',(1.,0.));
#3403 = ( GEOMETRIC_REPRESENTATION_CONTEXT(2) 
PARAMETRIC_REPRESENTATION_CONTEXT() REPRESENTATION_CONTEXT('2D SPACE',''
  ) );
#3404 = PCURVE('',#1725,#3405);
#3405 = DEFINITIONAL_REPRESENTATION('',(#3406),#3410);
#3406 = LINE('',#3407,#3408);
#3407 = CARTESIAN_POINT('',(0.,8.));
#3408 = VECTOR('',#3409,1.);
#3409 = DIRECTION('',(1.,0.));
#3410 = ( GEOMETRIC_REPRESENTATION_CONTEXT(2) 
PARAMETRIC_REPRESENTATION_CONTEXT() REPRESENTATION_CONTEXT('2D SPACE',''
  ) );
#3411 = ORIENTED_EDGE('',*,*,#3278,.T.);
#3412 = ORIENTED_EDGE('',*,*,#3308,.T.);
#3413 = ADVANCED_FACE('',(#3414),#1211,.T.);
#3414 = FACE_BOUND('',#3415,.T.);
#3415 = EDGE_LOOP('',(#3416,#3417,#3439,#3440));
#3416 = ORIENTED_EDGE('',*,*,#1195,.F.);
#3417 = ORIENTED_EDGE('',*,*,#3418,.F.);
#3418 = EDGE_CURVE('',#1167,#1165,#3419,.T.);
#3419 = SURFACE_CURVE('',#3420,(#3425,#3432),.PCURVE_S1.);
#3420 = CIRCLE('',#3421,4.);
#3421 = AXIS2_PLACEMENT_3D('',#3422,#3423,#3424);
#3422 = CARTESIAN_POINT('',(-8.539751643028,-8.430459173462,-12.5));
#3423 = DIRECTION('',(-1.59260128741E-17,-3.870417880361E-17,1.));
#3424 = DIRECTION('',(0.711645970252,0.702538264455,3.852484948789E-17)
  );
#3425 = PCURVE('',#1211,#3426);
#3426 = DEFINITIONAL_REPRESENTATION('',(#3427),#3431);
#3427 = LINE('',#3428,#3429);
#3428 = CARTESIAN_POINT('',(9.424777960769,0.));
#3429 = VECTOR('',#3430,1.);
#3430 = DIRECTION('',(-1.,0.));
#3431 = ( GEOMETRIC_REPRESENTATION_CONTEXT(2) 
PARAMETRIC_REPRESENTATION_CONTEXT() REPRESENTATION_CONTEXT('2D SPACE',''
  ) );
#3432 = PCURVE('',#1128,#3433);
#3433 = DEFINITIONAL_REPRESENTATION('',(#3434),#3438);
#3434 = CIRCLE('',#3435,4.);
#3435 = AXIS2_PLACEMENT_2D('',#3436,#3437);
#3436 = CARTESIAN_POINT('',(0.,0.));
#3437 = DIRECTION('',(1.,0.));
#3438 = ( GEOMETRIC_REPRESENTATION_CONTEXT(2) 
PARAMETRIC_REPRESENTATION_CONTEXT() REPRESENTATION_CONTEXT('2D SPACE',''
  ) );
#3439 = ORIENTED_EDGE('',*,*,#1247,.T.);
#3440 = ORIENTED_EDGE('',*,*,#1887,.T.);
#3441 = ADVANCED_FACE('',(#3442,#3467),#1128,.T.);
#3442 = FACE_BOUND('',#3443,.T.);
#3443 = EDGE_LOOP('',(#3444,#3466));
#3444 = ORIENTED_EDGE('',*,*,#3445,.F.);
#3445 = EDGE_CURVE('',#1112,#1084,#3446,.T.);
#3446 = SURFACE_CURVE('',#3447,(#3452,#3459),.PCURVE_S1.);
#3447 = CIRCLE('',#3448,3.);
#3448 = AXIS2_PLACEMENT_3D('',#3449,#3450,#3451);
#3449 = CARTESIAN_POINT('',(-8.539751643028,-8.430459173462,-12.5));
#3450 = DIRECTION('',(-1.59260128741E-17,-3.870417880361E-17,1.));
#3451 = DIRECTION('',(0.711645970252,0.702538264455,3.852484948789E-17)
  );
#3452 = PCURVE('',#1128,#3453);
#3453 = DEFINITIONAL_REPRESENTATION('',(#3454),#3458);
#3454 = CIRCLE('',#3455,3.);
#3455 = AXIS2_PLACEMENT_2D('',#3456,#3457);
#3456 = CARTESIAN_POINT('',(0.,0.));
#3457 = DIRECTION('',(1.,0.));
#3458 = ( GEOMETRIC_REPRESENTATION_CONTEXT(2) 
PARAMETRIC_REPRESENTATION_CONTEXT() REPRESENTATION_CONTEXT('2D SPACE',''
  ) );
#3459 = PCURVE('',#1099,#3460);
#3460 = DEFINITIONAL_REPRESENTATION('',(#3461),#3465);
#3461 = LINE('',#3462,#3463);
#3462 = CARTESIAN_POINT('',(9.424777960769,14.5));
#3463 = VECTOR('',#3464,1.);
#3464 = DIRECTION('',(-1.,0.));
#3465 = ( GEOMETRIC_REPRESENTATION_CONTEXT(2) 
PARAMETRIC_REPRESENTATION_CONTEXT() REPRESENTATION_CONTEXT('2D SPACE',''
  ) );
#3466 = ORIENTED_EDGE('',*,*,#1111,.F.);
#3467 = FACE_BOUND('',#3468,.T.);
#3468 = EDGE_LOOP('',(#3469,#3470));
#3469 = ORIENTED_EDGE('',*,*,#3418,.T.);
#3470 = ORIENTED_EDGE('',*,*,#1164,.T.);
#3471 = ADVANCED_FACE('',(#3472),#1099,.T.);
#3472 = FACE_BOUND('',#3473,.T.);
#3473 = EDGE_LOOP('',(#3474,#3475,#3497,#3498));
#3474 = ORIENTED_EDGE('',*,*,#1083,.F.);
#3475 = ORIENTED_EDGE('',*,*,#3476,.F.);
#3476 = EDGE_CURVE('',#1050,#1048,#3477,.T.);
#3477 = SURFACE_CURVE('',#3478,(#3483,#3490),.PCURVE_S1.);
#3478 = CIRCLE('',#3479,3.);
#3479 = AXIS2_PLACEMENT_3D('',#3480,#3481,#3482);
#3480 = CARTESIAN_POINT('',(-8.539751643028,-8.430459173462,2.));
#3481 = DIRECTION('',(-1.59260128741E-17,-3.870417880361E-17,1.));
#3482 = DIRECTION('',(0.711645970252,0.702538264455,3.852484948789E-17)
  );
#3483 = PCURVE('',#1099,#3484);
#3484 = DEFINITIONAL_REPRESENTATION('',(#3485),#3489);
#3485 = LINE('',#3486,#3487);
#3486 = CARTESIAN_POINT('',(9.424777960769,0.));
#3487 = VECTOR('',#3488,1.);
#3488 = DIRECTION('',(-1.,0.));
#3489 = ( GEOMETRIC_REPRESENTATION_CONTEXT(2) 
PARAMETRIC_REPRESENTATION_CONTEXT() REPRESENTATION_CONTEXT('2D SPACE',''
  ) );
#3490 = PCURVE('',#1071,#3491);
#3491 = DEFINITIONAL_REPRESENTATION('',(#3492),#3496);
#3492 = CIRCLE('',#3493,3.);
#3493 = AXIS2_PLACEMENT_2D('',#3494,#3495);
#3494 = CARTESIAN_POINT('',(0.,0.));
#3495 = DIRECTION('',(1.,0.));
#3496 = ( GEOMETRIC_REPRESENTATION_CONTEXT(2) 
PARAMETRIC_REPRESENTATION_CONTEXT() REPRESENTATION_CONTEXT('2D SPACE',''
  ) );
#3497 = ORIENTED_EDGE('',*,*,#1140,.T.);
#3498 = ORIENTED_EDGE('',*,*,#3445,.T.);
#3499 = ADVANCED_FACE('',(#3500),#1071,.T.);
#3500 = FACE_BOUND('',#3501,.T.);
#3501 = EDGE_LOOP('',(#3502,#3503));
#3502 = ORIENTED_EDGE('',*,*,#3476,.T.);
#3503 = ORIENTED_EDGE('',*,*,#1047,.T.);
#3504 = ADVANCED_FACE('',(#3505),#982,.T.);
#3505 = FACE_BOUND('',#3506,.T.);
#3506 = EDGE_LOOP('',(#3507,#3508,#3509,#3510));
#3507 = ORIENTED_EDGE('',*,*,#966,.F.);
#3508 = ORIENTED_EDGE('',*,*,#1938,.F.);
#3509 = ORIENTED_EDGE('',*,*,#1761,.F.);
#3510 = ORIENTED_EDGE('',*,*,#3367,.F.);
#3511 = ADVANCED_FACE('',(#3512),#1822,.T.);
#3512 = FACE_BOUND('',#3513,.T.);
#3513 = EDGE_LOOP('',(#3514,#3515,#3516,#3517));
#3514 = ORIENTED_EDGE('',*,*,#3127,.F.);
#3515 = ORIENTED_EDGE('',*,*,#1808,.F.);
#3516 = ORIENTED_EDGE('',*,*,#2415,.F.);
#3517 = ORIENTED_EDGE('',*,*,#3048,.F.);
#3518 = ADVANCED_FACE('',(#3519),#2304,.T.);
#3519 = FACE_BOUND('',#3520,.T.);
#3520 = EDGE_LOOP('',(#3521,#3522,#3523,#3524));
#3521 = ORIENTED_EDGE('',*,*,#3152,.F.);
#3522 = ORIENTED_EDGE('',*,*,#3021,.F.);
#3523 = ORIENTED_EDGE('',*,*,#2283,.F.);
#3524 = ORIENTED_EDGE('',*,*,#2595,.F.);
#3525 = ADVANCED_FACE('',(#3526),#866,.T.);
#3526 = FACE_BOUND('',#3527,.T.);
#3527 = EDGE_LOOP('',(#3528,#3529,#3530,#3531));
#3528 = ORIENTED_EDGE('',*,*,#850,.F.);
#3529 = ORIENTED_EDGE('',*,*,#2232,.F.);
#3530 = ORIENTED_EDGE('',*,*,#2785,.F.);
#3531 = ORIENTED_EDGE('',*,*,#2865,.F.);
#3532 = ADVANCED_FACE('',(#3533),#2132,.T.);
#3533 = FACE_BOUND('',#3534,.T.);
#3534 = EDGE_LOOP('',(#3535,#3536,#3537,#3538));
#3535 = ORIENTED_EDGE('',*,*,#2891,.F.);
#3536 = ORIENTED_EDGE('',*,*,#2759,.F.);
#3537 = ORIENTED_EDGE('',*,*,#2111,.F.);
#3538 = ORIENTED_EDGE('',*,*,#2642,.F.);
#3539 = ADVANCED_FACE('',(#3540),#1725,.T.);
#3540 = FACE_BOUND('',#3541,.T.);
#3541 = EDGE_LOOP('',(#3542,#3543,#3544,#3545));
#3542 = ORIENTED_EDGE('',*,*,#3390,.F.);
#3543 = ORIENTED_EDGE('',*,*,#1709,.F.);
#3544 = ORIENTED_EDGE('',*,*,#2060,.F.);
#3545 = ORIENTED_EDGE('',*,*,#3255,.F.);
#3546 = ADVANCED_FACE('',(#3547),#755,.T.);
#3547 = FACE_BOUND('',#3548,.T.);
#3548 = EDGE_LOOP('',(#3549,#3550,#3572,#3573));
#3549 = ORIENTED_EDGE('',*,*,#739,.F.);
#3550 = ORIENTED_EDGE('',*,*,#3551,.F.);
#3551 = EDGE_CURVE('',#711,#709,#3552,.T.);
#3552 = SURFACE_CURVE('',#3553,(#3558,#3565),.PCURVE_S1.);
#3553 = CIRCLE('',#3554,4.);
#3554 = AXIS2_PLACEMENT_3D('',#3555,#3556,#3557);
#3555 = CARTESIAN_POINT('',(-3.031115988272,11.610871451603,-12.5));
#3556 = DIRECTION('',(-1.59260128741E-17,-3.870417880361E-17,1.));
#3557 = DIRECTION('',(0.252592999023,-0.967572620967,-3.342630437304E-17
    ));
#3558 = PCURVE('',#755,#3559);
#3559 = DEFINITIONAL_REPRESENTATION('',(#3560),#3564);
#3560 = LINE('',#3561,#3562);
#3561 = CARTESIAN_POINT('',(11.519173063163,0.));
#3562 = VECTOR('',#3563,1.);
#3563 = DIRECTION('',(-1.,0.));
#3564 = ( GEOMETRIC_REPRESENTATION_CONTEXT(2) 
PARAMETRIC_REPRESENTATION_CONTEXT() REPRESENTATION_CONTEXT('2D SPACE',''
  ) );
#3565 = PCURVE('',#560,#3566);
#3566 = DEFINITIONAL_REPRESENTATION('',(#3567),#3571);
#3567 = CIRCLE('',#3568,4.);
#3568 = AXIS2_PLACEMENT_2D('',#3569,#3570);
#3569 = CARTESIAN_POINT('',(0.,0.));
#3570 = DIRECTION('',(1.,-1.110223024625E-16));
#3571 = ( GEOMETRIC_REPRESENTATION_CONTEXT(2) 
PARAMETRIC_REPRESENTATION_CONTEXT() REPRESENTATION_CONTEXT('2D SPACE',''
  ) );
#3572 = ORIENTED_EDGE('',*,*,#791,.T.);
#3573 = ORIENTED_EDGE('',*,*,#1862,.T.);
#3574 = ADVANCED_FACE('',(#3575,#3600),#560,.T.);
#3575 = FACE_BOUND('',#3576,.T.);
#3576 = EDGE_LOOP('',(#3577,#3599));
#3577 = ORIENTED_EDGE('',*,*,#3578,.F.);
#3578 = EDGE_CURVE('',#544,#516,#3579,.T.);
#3579 = SURFACE_CURVE('',#3580,(#3585,#3592),.PCURVE_S1.);
#3580 = CIRCLE('',#3581,3.);
#3581 = AXIS2_PLACEMENT_3D('',#3582,#3583,#3584);
#3582 = CARTESIAN_POINT('',(-3.031115988272,11.610871451603,-12.5));
#3583 = DIRECTION('',(-1.59260128741E-17,-3.870417880361E-17,1.));
#3584 = DIRECTION('',(0.252592999023,-0.967572620967,-3.342630437304E-17
    ));
#3585 = PCURVE('',#560,#3586);
#3586 = DEFINITIONAL_REPRESENTATION('',(#3587),#3591);
#3587 = CIRCLE('',#3588,3.);
#3588 = AXIS2_PLACEMENT_2D('',#3589,#3590);
#3589 = CARTESIAN_POINT('',(0.,0.));
#3590 = DIRECTION('',(1.,-1.110223024625E-16));
#3591 = ( GEOMETRIC_REPRESENTATION_CONTEXT(2) 
PARAMETRIC_REPRESENTATION_CONTEXT() REPRESENTATION_CONTEXT('2D SPACE',''
  ) );
#3592 = PCURVE('',#531,#3593);
#3593 = DEFINITIONAL_REPRESENTATION('',(#3594),#3598);
#3594 = LINE('',#3595,#3596);
#3595 = CARTESIAN_POINT('',(11.519173063163,14.5));
#3596 = VECTOR('',#3597,1.);
#3597 = DIRECTION('',(-1.,0.));
#3598 = ( GEOMETRIC_REPRESENTATION_CONTEXT(2) 
PARAMETRIC_REPRESENTATION_CONTEXT() REPRESENTATION_CONTEXT('2D SPACE',''
  ) );
#3599 = ORIENTED_EDGE('',*,*,#543,.F.);
#3600 = FACE_BOUND('',#3601,.T.);
#3601 = EDGE_LOOP('',(#3602,#3603));
#3602 = ORIENTED_EDGE('',*,*,#3551,.T.);
#3603 = ORIENTED_EDGE('',*,*,#708,.T.);
#3604 = ADVANCED_FACE('',(#3605),#643,.T.);
#3605 = FACE_BOUND('',#3606,.T.);
#3606 = EDGE_LOOP('',(#3607,#3608,#3630,#3631));
#3607 = ORIENTED_EDGE('',*,*,#627,.F.);
#3608 = ORIENTED_EDGE('',*,*,#3609,.F.);
#3609 = EDGE_CURVE('',#599,#597,#3610,.T.);
#3610 = SURFACE_CURVE('',#3611,(#3616,#3623),.PCURVE_S1.);
#3611 = CIRCLE('',#3612,4.);
#3612 = AXIS2_PLACEMENT_3D('',#3613,#3614,#3615);
#3613 = CARTESIAN_POINT('',(11.570867631299,-3.180412278141,-12.5));
#3614 = DIRECTION('',(-1.59260128741E-17,-3.870417880361E-17,1.));
#3615 = DIRECTION('',(-0.964238969275,0.265034356512,-5.098545114853E-18
    ));
#3616 = PCURVE('',#643,#3617);
#3617 = DEFINITIONAL_REPRESENTATION('',(#3618),#3622);
#3618 = LINE('',#3619,#3620);
#3619 = CARTESIAN_POINT('',(7.330382858376,0.));
#3620 = VECTOR('',#3621,1.);
#3621 = DIRECTION('',(-1.,0.));
#3622 = ( GEOMETRIC_REPRESENTATION_CONTEXT(2) 
PARAMETRIC_REPRESENTATION_CONTEXT() REPRESENTATION_CONTEXT('2D SPACE',''
  ) );
#3623 = PCURVE('',#443,#3624);
#3624 = DEFINITIONAL_REPRESENTATION('',(#3625),#3629);
#3625 = CIRCLE('',#3626,4.);
#3626 = AXIS2_PLACEMENT_2D('',#3627,#3628);
#3627 = CARTESIAN_POINT('',(0.,0.));
#3628 = DIRECTION('',(1.,5.551115123126E-17));
#3629 = ( GEOMETRIC_REPRESENTATION_CONTEXT(2) 
PARAMETRIC_REPRESENTATION_CONTEXT() REPRESENTATION_CONTEXT('2D SPACE',''
  ) );
#3630 = ORIENTED_EDGE('',*,*,#684,.T.);
#3631 = ORIENTED_EDGE('',*,*,#1837,.T.);
#3632 = ADVANCED_FACE('',(#3633,#3658),#443,.T.);
#3633 = FACE_BOUND('',#3634,.T.);
#3634 = EDGE_LOOP('',(#3635,#3657));
#3635 = ORIENTED_EDGE('',*,*,#3636,.F.);
#3636 = EDGE_CURVE('',#427,#399,#3637,.T.);
#3637 = SURFACE_CURVE('',#3638,(#3643,#3650),.PCURVE_S1.);
#3638 = CIRCLE('',#3639,3.);
#3639 = AXIS2_PLACEMENT_3D('',#3640,#3641,#3642);
#3640 = CARTESIAN_POINT('',(11.570867631299,-3.180412278141,-12.5));
#3641 = DIRECTION('',(-1.59260128741E-17,-3.870417880361E-17,1.));
#3642 = DIRECTION('',(-0.964238969275,0.265034356512,-5.098545114853E-18
    ));
#3643 = PCURVE('',#443,#3644);
#3644 = DEFINITIONAL_REPRESENTATION('',(#3645),#3649);
#3645 = CIRCLE('',#3646,3.);
#3646 = AXIS2_PLACEMENT_2D('',#3647,#3648);
#3647 = CARTESIAN_POINT('',(0.,0.));
#3648 = DIRECTION('',(1.,5.551115123126E-17));
#3649 = ( GEOMETRIC_REPRESENTATION_CONTEXT(2) 
PARAMETRIC_REPRESENTATION_CONTEXT() REPRESENTATION_CONTEXT('2D SPACE',''
  ) );
#3650 = PCURVE('',#414,#3651);
#3651 = DEFINITIONAL_REPRESENTATION('',(#3652),#3656);
#3652 = LINE('',#3653,#3654);
#3653 = CARTESIAN_POINT('',(7.330382858376,14.5));
#3654 = VECTOR('',#3655,1.);
#3655 = DIRECTION('',(-1.,0.));
#3656 = ( GEOMETRIC_REPRESENTATION_CONTEXT(2) 
PARAMETRIC_REPRESENTATION_CONTEXT() REPRESENTATION_CONTEXT('2D SPACE',''
  ) );
#3657 = ORIENTED_EDGE('',*,*,#426,.F.);
#3658 = FACE_BOUND('',#3659,.T.);
#3659 = EDGE_LOOP('',(#3660,#3661));
#3660 = ORIENTED_EDGE('',*,*,#3609,.T.);
#3661 = ORIENTED_EDGE('',*,*,#596,.T.);
#3662 = ADVANCED_FACE('',(#3663),#531,.T.);
#3663 = FACE_BOUND('',#3664,.T.);
#3664 = EDGE_LOOP('',(#3665,#3666,#3688,#3689));
#3665 = ORIENTED_EDGE('',*,*,#515,.F.);
#3666 = ORIENTED_EDGE('',*,*,#3667,.F.);
#3667 = EDGE_CURVE('',#482,#480,#3668,.T.);
#3668 = SURFACE_CURVE('',#3669,(#3674,#3681),.PCURVE_S1.);
#3669 = CIRCLE('',#3670,3.);
#3670 = AXIS2_PLACEMENT_3D('',#3671,#3672,#3673);
#3671 = CARTESIAN_POINT('',(-3.031115988272,11.610871451603,2.));
#3672 = DIRECTION('',(-1.59260128741E-17,-3.870417880361E-17,1.));
#3673 = DIRECTION('',(0.252592999023,-0.967572620967,-3.342630437304E-17
    ));
#3674 = PCURVE('',#531,#3675);
#3675 = DEFINITIONAL_REPRESENTATION('',(#3676),#3680);
#3676 = LINE('',#3677,#3678);
#3677 = CARTESIAN_POINT('',(11.519173063163,0.));
#3678 = VECTOR('',#3679,1.);
#3679 = DIRECTION('',(-1.,0.));
#3680 = ( GEOMETRIC_REPRESENTATION_CONTEXT(2) 
PARAMETRIC_REPRESENTATION_CONTEXT() REPRESENTATION_CONTEXT('2D SPACE',''
  ) );
#3681 = PCURVE('',#503,#3682);
#3682 = DEFINITIONAL_REPRESENTATION('',(#3683),#3687);
#3683 = CIRCLE('',#3684,3.);
#3684 = AXIS2_PLACEMENT_2D('',#3685,#3686);
#3685 = CARTESIAN_POINT('',(0.,0.));
#3686 = DIRECTION('',(1.,-1.110223024625E-16));
#3687 = ( GEOMETRIC_REPRESENTATION_CONTEXT(2) 
PARAMETRIC_REPRESENTATION_CONTEXT() REPRESENTATION_CONTEXT('2D SPACE',''
  ) );
#3688 = ORIENTED_EDGE('',*,*,#572,.T.);
#3689 = ORIENTED_EDGE('',*,*,#3578,.T.);
#3690 = ADVANCED_FACE('',(#3691),#503,.T.);
#3691 = FACE_BOUND('',#3692,.T.);
#3692 = EDGE_LOOP('',(#3693,#3694));
#3693 = ORIENTED_EDGE('',*,*,#3667,.T.);
#3694 = ORIENTED_EDGE('',*,*,#479,.T.);
#3695 = ADVANCED_FACE('',(#3696),#414,.T.);
#3696 = FACE_BOUND('',#3697,.T.);
#3697 = EDGE_LOOP('',(#3698,#3699,#3721,#3722));
#3698 = ORIENTED_EDGE('',*,*,#398,.F.);
#3699 = ORIENTED_EDGE('',*,*,#3700,.F.);
#3700 = EDGE_CURVE('',#365,#363,#3701,.T.);
#3701 = SURFACE_CURVE('',#3702,(#3707,#3714),.PCURVE_S1.);
#3702 = CIRCLE('',#3703,3.);
#3703 = AXIS2_PLACEMENT_3D('',#3704,#3705,#3706);
#3704 = CARTESIAN_POINT('',(11.570867631299,-3.180412278141,2.));
#3705 = DIRECTION('',(-1.59260128741E-17,-3.870417880361E-17,1.));
#3706 = DIRECTION('',(-0.964238969275,0.265034356512,-5.098545114853E-18
    ));
#3707 = PCURVE('',#414,#3708);
#3708 = DEFINITIONAL_REPRESENTATION('',(#3709),#3713);
#3709 = LINE('',#3710,#3711);
#3710 = CARTESIAN_POINT('',(7.330382858376,0.));
#3711 = VECTOR('',#3712,1.);
#3712 = DIRECTION('',(-1.,0.));
#3713 = ( GEOMETRIC_REPRESENTATION_CONTEXT(2) 
PARAMETRIC_REPRESENTATION_CONTEXT() REPRESENTATION_CONTEXT('2D SPACE',''
  ) );
#3714 = PCURVE('',#386,#3715);
#3715 = DEFINITIONAL_REPRESENTATION('',(#3716),#3720);
#3716 = CIRCLE('',#3717,3.);
#3717 = AXIS2_PLACEMENT_2D('',#3718,#3719);
#3718 = CARTESIAN_POINT('',(0.,0.));
#3719 = DIRECTION('',(1.,5.551115123126E-17));
#3720 = ( GEOMETRIC_REPRESENTATION_CONTEXT(2) 
PARAMETRIC_REPRESENTATION_CONTEXT() REPRESENTATION_CONTEXT('2D SPACE',''
  ) );
#3721 = ORIENTED_EDGE('',*,*,#455,.T.);
#3722 = ORIENTED_EDGE('',*,*,#3636,.T.);
#3723 = ADVANCED_FACE('',(#3724),#386,.T.);
#3724 = FACE_BOUND('',#3725,.T.);
#3725 = EDGE_LOOP('',(#3726,#3727));
#3726 = ORIENTED_EDGE('',*,*,#3700,.T.);
#3727 = ORIENTED_EDGE('',*,*,#362,.T.);
#3728 = ADVANCED_FACE('',(#3729),#273,.F.);
#3729 = FACE_BOUND('',#3730,.F.);
#3730 = EDGE_LOOP('',(#3731,#3732,#3733,#3734));
#3731 = ORIENTED_EDGE('',*,*,#3339,.F.);
#3732 = ORIENTED_EDGE('',*,*,#250,.F.);
#3733 = ORIENTED_EDGE('',*,*,#2494,.T.);
#3734 = ORIENTED_EDGE('',*,*,#314,.T.);
#3735 = ADVANCED_FACE('',(#3736),#161,.F.);
#3736 = FACE_BOUND('',#3737,.F.);
#3737 = EDGE_LOOP('',(#3738,#3739,#3740,#3741));
#3738 = ORIENTED_EDGE('',*,*,#2838,.F.);
#3739 = ORIENTED_EDGE('',*,*,#138,.F.);
#3740 = ORIENTED_EDGE('',*,*,#2469,.T.);
#3741 = ORIENTED_EDGE('',*,*,#202,.T.);
#3742 = ADVANCED_FACE('',(#3743),#44,.F.);
#3743 = FACE_BOUND('',#3744,.F.);
#3744 = EDGE_LOOP('',(#3745,#3746,#3747,#3748));
#3745 = ORIENTED_EDGE('',*,*,#3100,.F.);
#3746 = ORIENTED_EDGE('',*,*,#21,.F.);
#3747 = ORIENTED_EDGE('',*,*,#2444,.T.);
#3748 = ORIENTED_EDGE('',*,*,#85,.T.);
#3749 = ( GEOMETRIC_REPRESENTATION_CONTEXT(3) 
GLOBAL_UNCERTAINTY_ASSIGNED_CONTEXT((#3753)) 
GLOBAL_UNIT_ASSIGNED_CONTEXT((#3750,#3751,#3752)) REPRESENTATION_CONTEXT
('Context #1','3D Context with UNIT and UNCERTAINTY') );
#3750 = ( LENGTH_UNIT() NAMED_UNIT(*) SI_UNIT(.MILLI.,.METRE.) );
#3751 = ( NAMED_UNIT(*) PLANE_ANGLE_UNIT() SI_UNIT($,.RADIAN.) );
#3752 = ( NAMED_UNIT(*) SI_UNIT($,.STERADIAN.) SOLID_ANGLE_UNIT() );
#3753 = UNCERTAINTY_MEASURE_WITH_UNIT(LENGTH_MEASURE(1.E-07),#3750,
  'distance_accuracy_value','confusion accuracy');
#3754 = PRODUCT_RELATED_PRODUCT_CATEGORY('part',$,(#7));
ENDSEC;
END-ISO-10303-21;
