ISO-10303-21;
HEADER;
FILE_DESCRIPTION(('Open CASCADE Model'),'2;1');
FILE_NAME('Open CASCADE Shape Model','2026-09-01T16:22:58',('Author'),(
    'Open CASCADE'),'Open CASCADE STEP processor 7.9','Open CASCADE 7.9'
  ,'Unknown');
FILE_SCHEMA(('AUTOMOTIVE_DESIGN { 1 0 10303 214 1 1 1 1 }'));
ENDSEC;
DATA;
#1 = APPLICATION_PROTOCOL_DEFINITION('international standard',
  'automotive_design',2000,#2);
#2 = APPLICATION_CONTEXT(
  'core data for automotive mechanical design processes');
#3 = SHAPE_DEFINITION_REPRESENTATION(#4,#10);
#4 = PRODUCT_DEFINITION_SHAPE('','',#5);
#5 = PRODUCT_DEFINITION('design','',#6,#9);
#6 = PRODUCT_DEFINITION_FORMATION('','',#7);
#7 = PRODUCT('Open CASCADE STEP translator 7.9 16',
  'Open CASCADE STEP translator 7.9 16','',(#8));
#8 = PRODUCT_CONTEXT('',#2,'mechanical');
#9 = PRODUCT_DEFINITION_CONTEXT('part definition',#2,'design');
#10 = ADVANCED_BREP_SHAPE_REPRESENTATION('',(#11,#15),#12494);
#11 = AXIS2_PLACEMENT_3D('',#12,#13,#14);
#12 = CARTESIAN_POINT('',(0.,0.,0.));
#13 = DIRECTION('',(0.,0.,1.));
#14 = DIRECTION('',(1.,0.,-0.));
#15 = MANIFOLD_SOLID_BREP('',#16);
#16 = CLOSED_SHELL('',(#17,#134,#246,#358,#470,#582,#694,#806,#918,#1035
    ,#1147,#1259,#1371,#1483,#1595,#1707,#1819,#1931,#2043,#2155,#2267,
    #2379,#2491,#2603,#2715,#2822,#2929,#3036,#3143,#3250,#3357,#3464,
    #3571,#3694,#3813,#3984,#4067,#4188,#4295,#4416,#4523,#4644,#4751,
    #4868,#4984,#5082,#5630,#6144,#6191,#6325,#6453,#6581,#6738,#6906,
    #7074,#7242,#7320,#7580,#7633,#7937,#9233,#9642,#9668,#9821,#9872,
    #9879,#9911,#9941,#9969,#9974,#10025,#10032,#10064,#10069,#10120,
    #10127,#10159,#10164,#10215,#10222,#10254,#10259,#10306,#10353,
    #10429,#10532,#10539,#10546,#10553,#10560,#10567,#10574,#10581,
    #10588,#10595,#10602,#10609,#10616,#10623,#10630,#10658,#10663,
    #10691,#10696,#10724,#10729,#10757,#10762,#10790,#10795,#10823,
    #10828,#10856,#10861,#10889,#10894,#10922,#10927,#10955,#10960,
    #10988,#10993,#11021,#11026,#11054,#11059,#11087,#11092,#11120,
    #11125,#11153,#11158,#11255,#11283,#11311,#11318,#11325,#11375,
    #11425,#11453,#11485,#11492,#11542,#11592,#11620,#11652,#11659,
    #11709,#11759,#11787,#11819,#11826,#11876,#11926,#11954,#11986,
    #11993,#12043,#12093,#12121,#12153,#12160,#12210,#12260,#12288,
    #12320,#12327,#12377,#12427,#12455,#12487));
#17 = ADVANCED_FACE('',(#18),#32,.F.);
#18 = FACE_BOUND('',#19,.F.);
#19 = EDGE_LOOP('',(#20,#55,#84,#107));
#20 = ORIENTED_EDGE('',*,*,#21,.T.);
#21 = EDGE_CURVE('',#22,#24,#26,.T.);
#22 = VERTEX_POINT('',#23);
#23 = CARTESIAN_POINT('',(14.132271382047,36.170402765693,-18.2));
#24 = VERTEX_POINT('',#25);
#25 = CARTESIAN_POINT('',(14.132271382047,36.170402765693,-18.7));
#26 = SURFACE_CURVE('',#27,(#31,#43),.PCURVE_S1.);
#27 = LINE('',#28,#29);
#28 = CARTESIAN_POINT('',(14.132271382047,36.170402765693,-16.2));
#29 = VECTOR('',#30,1.);
#30 = DIRECTION('',(6.305496559635E-17,-4.941768411644E-18,-1.));
#31 = PCURVE('',#32,#37);
#32 = CYLINDRICAL_SURFACE('',#33,0.85);
#33 = AXIS2_PLACEMENT_3D('',#34,#35,#36);
#34 = CARTESIAN_POINT('',(14.733312146055,35.569362001685,-16.2));
#35 = DIRECTION('',(6.305496559635E-17,-4.941768411644E-18,-1.));
#36 = DIRECTION('',(-0.707106781187,0.707106781187,-4.808095171559E-17)
  );
#37 = DEFINITIONAL_REPRESENTATION('',(#38),#42);
#38 = LINE('',#39,#40);
#39 = CARTESIAN_POINT('',(6.28318530718,0.));
#40 = VECTOR('',#41,1.);
#41 = DIRECTION('',(0.,1.));
#42 = ( GEOMETRIC_REPRESENTATION_CONTEXT(2) 
PARAMETRIC_REPRESENTATION_CONTEXT() REPRESENTATION_CONTEXT('2D SPACE',''
  ) );
#43 = PCURVE('',#44,#49);
#44 = CYLINDRICAL_SURFACE('',#45,0.85);
#45 = AXIS2_PLACEMENT_3D('',#46,#47,#48);
#46 = CARTESIAN_POINT('',(14.733312146055,35.569362001685,-16.2));
#47 = DIRECTION('',(6.305496559635E-17,-4.941768411644E-18,-1.));
#48 = DIRECTION('',(-0.707106781187,0.707106781187,-4.808095171559E-17)
  );
#49 = DEFINITIONAL_REPRESENTATION('',(#50),#54);
#50 = LINE('',#51,#52);
#51 = CARTESIAN_POINT('',(0.,0.));
#52 = VECTOR('',#53,1.);
#53 = DIRECTION('',(0.,1.));
#54 = ( GEOMETRIC_REPRESENTATION_CONTEXT(2) 
PARAMETRIC_REPRESENTATION_CONTEXT() REPRESENTATION_CONTEXT('2D SPACE',''
  ) );
#55 = ORIENTED_EDGE('',*,*,#56,.F.);
#56 = EDGE_CURVE('',#57,#24,#59,.T.);
#57 = VERTEX_POINT('',#58);
#58 = CARTESIAN_POINT('',(15.334352910064,34.968321237676,-18.7));
#59 = SURFACE_CURVE('',#60,(#65,#72),.PCURVE_S1.);
#60 = CIRCLE('',#61,0.85);
#61 = AXIS2_PLACEMENT_3D('',#62,#63,#64);
#62 = CARTESIAN_POINT('',(14.733312146055,35.569362001685,-18.7));
#63 = DIRECTION('',(6.305496559635E-17,-4.941768411644E-18,-1.));
#64 = DIRECTION('',(-0.707106781187,0.707106781187,-4.808095171559E-17)
  );
#65 = PCURVE('',#32,#66);
#66 = DEFINITIONAL_REPRESENTATION('',(#67),#71);
#67 = LINE('',#68,#69);
#68 = CARTESIAN_POINT('',(-8.881784197001E-15,2.5));
#69 = VECTOR('',#70,1.);
#70 = DIRECTION('',(1.,0.));
#71 = ( GEOMETRIC_REPRESENTATION_CONTEXT(2) 
PARAMETRIC_REPRESENTATION_CONTEXT() REPRESENTATION_CONTEXT('2D SPACE',''
  ) );
#72 = PCURVE('',#73,#78);
#73 = PLANE('',#74);
#74 = AXIS2_PLACEMENT_3D('',#75,#76,#77);
#75 = CARTESIAN_POINT('',(15.881362443151,38.341000599219,-18.7));
#76 = DIRECTION('',(6.305496559635E-17,-4.941768411644E-18,-1.));
#77 = DIRECTION('',(-0.707106781187,0.707106781187,-4.808095171559E-17)
  );
#78 = DEFINITIONAL_REPRESENTATION('',(#79),#83);
#79 = CIRCLE('',#80,0.85);
#80 = AXIS2_PLACEMENT_2D('',#81,#82);
#81 = CARTESIAN_POINT('',(-1.148050297095,-2.771638597534));
#82 = DIRECTION('',(1.,3.386180225107E-15));
#83 = ( GEOMETRIC_REPRESENTATION_CONTEXT(2) 
PARAMETRIC_REPRESENTATION_CONTEXT() REPRESENTATION_CONTEXT('2D SPACE',''
  ) );
#84 = ORIENTED_EDGE('',*,*,#85,.F.);
#85 = EDGE_CURVE('',#86,#57,#88,.T.);
#86 = VERTEX_POINT('',#87);
#87 = CARTESIAN_POINT('',(15.334352910064,34.968321237676,-18.2));
#88 = SURFACE_CURVE('',#89,(#93,#100),.PCURVE_S1.);
#89 = LINE('',#90,#91);
#90 = CARTESIAN_POINT('',(15.334352910064,34.968321237676,-16.2));
#91 = VECTOR('',#92,1.);
#92 = DIRECTION('',(6.305496559635E-17,-4.941768411644E-18,-1.));
#93 = PCURVE('',#32,#94);
#94 = DEFINITIONAL_REPRESENTATION('',(#95),#99);
#95 = LINE('',#96,#97);
#96 = CARTESIAN_POINT('',(3.14159265359,0.));
#97 = VECTOR('',#98,1.);
#98 = DIRECTION('',(0.,1.));
#99 = ( GEOMETRIC_REPRESENTATION_CONTEXT(2) 
PARAMETRIC_REPRESENTATION_CONTEXT() REPRESENTATION_CONTEXT('2D SPACE',''
  ) );
#100 = PCURVE('',#44,#101);
#101 = DEFINITIONAL_REPRESENTATION('',(#102),#106);
#102 = LINE('',#103,#104);
#103 = CARTESIAN_POINT('',(3.14159265359,0.));
#104 = VECTOR('',#105,1.);
#105 = DIRECTION('',(0.,1.));
#106 = ( GEOMETRIC_REPRESENTATION_CONTEXT(2) 
PARAMETRIC_REPRESENTATION_CONTEXT() REPRESENTATION_CONTEXT('2D SPACE',''
  ) );
#107 = ORIENTED_EDGE('',*,*,#108,.T.);
#108 = EDGE_CURVE('',#86,#22,#109,.T.);
#109 = SURFACE_CURVE('',#110,(#115,#122),.PCURVE_S1.);
#110 = CIRCLE('',#111,0.85);
#111 = AXIS2_PLACEMENT_3D('',#112,#113,#114);
#112 = CARTESIAN_POINT('',(14.733312146055,35.569362001685,-18.2));
#113 = DIRECTION('',(6.305496559635E-17,-4.941768411644E-18,-1.));
#114 = DIRECTION('',(-0.707106781187,0.707106781187,-4.808095171559E-17)
  );
#115 = PCURVE('',#32,#116);
#116 = DEFINITIONAL_REPRESENTATION('',(#117),#121);
#117 = LINE('',#118,#119);
#118 = CARTESIAN_POINT('',(-8.881784197001E-15,2.));
#119 = VECTOR('',#120,1.);
#120 = DIRECTION('',(1.,0.));
#121 = ( GEOMETRIC_REPRESENTATION_CONTEXT(2) 
PARAMETRIC_REPRESENTATION_CONTEXT() REPRESENTATION_CONTEXT('2D SPACE',''
  ) );
#122 = PCURVE('',#123,#128);
#123 = PLANE('',#124);
#124 = AXIS2_PLACEMENT_3D('',#125,#126,#127);
#125 = CARTESIAN_POINT('',(-1.261099311927E-16,9.883536823288E-18,-18.2)
  );
#126 = DIRECTION('',(6.305496559635E-17,-4.941768411644E-18,-1.));
#127 = DIRECTION('',(-1.,-1.734723475977E-18,-6.305496559635E-17));
#128 = DEFINITIONAL_REPRESENTATION('',(#129),#133);
#129 = CIRCLE('',#130,0.85);
#130 = AXIS2_PLACEMENT_2D('',#131,#132);
#131 = CARTESIAN_POINT('',(-14.73331214605,35.569362001685));
#132 = DIRECTION('',(0.707106781187,0.707106781187));
#133 = ( GEOMETRIC_REPRESENTATION_CONTEXT(2) 
PARAMETRIC_REPRESENTATION_CONTEXT() REPRESENTATION_CONTEXT('2D SPACE',''
  ) );
#134 = ADVANCED_FACE('',(#135),#149,.F.);
#135 = FACE_BOUND('',#136,.F.);
#136 = EDGE_LOOP('',(#137,#172,#201,#224));
#137 = ORIENTED_EDGE('',*,*,#138,.T.);
#138 = EDGE_CURVE('',#139,#141,#143,.T.);
#139 = VERTEX_POINT('',#140);
#140 = CARTESIAN_POINT('',(35.569362001684,15.583312146056,-18.2));
#141 = VERTEX_POINT('',#142);
#142 = CARTESIAN_POINT('',(35.569362001684,15.583312146056,-18.7));
#143 = SURFACE_CURVE('',#144,(#148,#160),.PCURVE_S1.);
#144 = LINE('',#145,#146);
#145 = CARTESIAN_POINT('',(35.569362001684,15.583312146056,-16.2));
#146 = VECTOR('',#147,1.);
#147 = DIRECTION('',(6.305496559635E-17,-4.941768411644E-18,-1.));
#148 = PCURVE('',#149,#154);
#149 = CYLINDRICAL_SURFACE('',#150,0.85);
#150 = AXIS2_PLACEMENT_3D('',#151,#152,#153);
#151 = CARTESIAN_POINT('',(35.569362001684,14.733312146056,-16.2));
#152 = DIRECTION('',(6.305496559635E-17,-4.941768411644E-18,-1.));
#153 = DIRECTION('',(-8.165139316308E-15,1.,-4.941768411645E-18));
#154 = DEFINITIONAL_REPRESENTATION('',(#155),#159);
#155 = LINE('',#156,#157);
#156 = CARTESIAN_POINT('',(6.28318530718,0.));
#157 = VECTOR('',#158,1.);
#158 = DIRECTION('',(0.,1.));
#159 = ( GEOMETRIC_REPRESENTATION_CONTEXT(2) 
PARAMETRIC_REPRESENTATION_CONTEXT() REPRESENTATION_CONTEXT('2D SPACE',''
  ) );
#160 = PCURVE('',#161,#166);
#161 = CYLINDRICAL_SURFACE('',#162,0.85);
#162 = AXIS2_PLACEMENT_3D('',#163,#164,#165);
#163 = CARTESIAN_POINT('',(35.569362001684,14.733312146056,-16.2));
#164 = DIRECTION('',(6.305496559635E-17,-4.941768411644E-18,-1.));
#165 = DIRECTION('',(-8.165139316308E-15,1.,-4.941768411645E-18));
#166 = DEFINITIONAL_REPRESENTATION('',(#167),#171);
#167 = LINE('',#168,#169);
#168 = CARTESIAN_POINT('',(0.,0.));
#169 = VECTOR('',#170,1.);
#170 = DIRECTION('',(0.,1.));
#171 = ( GEOMETRIC_REPRESENTATION_CONTEXT(2) 
PARAMETRIC_REPRESENTATION_CONTEXT() REPRESENTATION_CONTEXT('2D SPACE',''
  ) );
#172 = ORIENTED_EDGE('',*,*,#173,.F.);
#173 = EDGE_CURVE('',#174,#141,#176,.T.);
#174 = VERTEX_POINT('',#175);
#175 = CARTESIAN_POINT('',(35.569362001684,13.883312146056,-18.7));
#176 = SURFACE_CURVE('',#177,(#182,#189),.PCURVE_S1.);
#177 = CIRCLE('',#178,0.85);
#178 = AXIS2_PLACEMENT_3D('',#179,#180,#181);
#179 = CARTESIAN_POINT('',(35.569362001684,14.733312146056,-18.7));
#180 = DIRECTION('',(6.305496559635E-17,-4.941768411644E-18,-1.));
#181 = DIRECTION('',(-8.165139316308E-15,1.,-4.941768411645E-18));
#182 = PCURVE('',#149,#183);
#183 = DEFINITIONAL_REPRESENTATION('',(#184),#188);
#184 = LINE('',#185,#186);
#185 = CARTESIAN_POINT('',(0.,2.5));
#186 = VECTOR('',#187,1.);
#187 = DIRECTION('',(1.,0.));
#188 = ( GEOMETRIC_REPRESENTATION_CONTEXT(2) 
PARAMETRIC_REPRESENTATION_CONTEXT() REPRESENTATION_CONTEXT('2D SPACE',''
  ) );
#189 = PCURVE('',#190,#195);
#190 = PLANE('',#191);
#191 = AXIS2_PLACEMENT_3D('',#192,#193,#194);
#192 = CARTESIAN_POINT('',(38.341000599218,15.881362443152,-18.7));
#193 = DIRECTION('',(6.305496559635E-17,-4.941768411644E-18,-1.));
#194 = DIRECTION('',(-1.047617874001E-14,1.,-4.941768411645E-18));
#195 = DEFINITIONAL_REPRESENTATION('',(#196),#200);
#196 = CIRCLE('',#197,0.85);
#197 = AXIS2_PLACEMENT_2D('',#198,#199);
#198 = CARTESIAN_POINT('',(-1.148050297095,-2.771638597534));
#199 = DIRECTION('',(1.,2.311039423697E-15));
#200 = ( GEOMETRIC_REPRESENTATION_CONTEXT(2) 
PARAMETRIC_REPRESENTATION_CONTEXT() REPRESENTATION_CONTEXT('2D SPACE',''
  ) );
#201 = ORIENTED_EDGE('',*,*,#202,.F.);
#202 = EDGE_CURVE('',#203,#174,#205,.T.);
#203 = VERTEX_POINT('',#204);
#204 = CARTESIAN_POINT('',(35.569362001684,13.883312146056,-18.2));
#205 = SURFACE_CURVE('',#206,(#210,#217),.PCURVE_S1.);
#206 = LINE('',#207,#208);
#207 = CARTESIAN_POINT('',(35.569362001684,13.883312146056,-16.2));
#208 = VECTOR('',#209,1.);
#209 = DIRECTION('',(6.305496559635E-17,-4.941768411644E-18,-1.));
#210 = PCURVE('',#149,#211);
#211 = DEFINITIONAL_REPRESENTATION('',(#212),#216);
#212 = LINE('',#213,#214);
#213 = CARTESIAN_POINT('',(3.14159265359,0.));
#214 = VECTOR('',#215,1.);
#215 = DIRECTION('',(0.,1.));
#216 = ( GEOMETRIC_REPRESENTATION_CONTEXT(2) 
PARAMETRIC_REPRESENTATION_CONTEXT() REPRESENTATION_CONTEXT('2D SPACE',''
  ) );
#217 = PCURVE('',#161,#218);
#218 = DEFINITIONAL_REPRESENTATION('',(#219),#223);
#219 = LINE('',#220,#221);
#220 = CARTESIAN_POINT('',(3.14159265359,0.));
#221 = VECTOR('',#222,1.);
#222 = DIRECTION('',(0.,1.));
#223 = ( GEOMETRIC_REPRESENTATION_CONTEXT(2) 
PARAMETRIC_REPRESENTATION_CONTEXT() REPRESENTATION_CONTEXT('2D SPACE',''
  ) );
#224 = ORIENTED_EDGE('',*,*,#225,.T.);
#225 = EDGE_CURVE('',#203,#139,#226,.T.);
#226 = SURFACE_CURVE('',#227,(#232,#239),.PCURVE_S1.);
#227 = CIRCLE('',#228,0.85);
#228 = AXIS2_PLACEMENT_3D('',#229,#230,#231);
#229 = CARTESIAN_POINT('',(35.569362001684,14.733312146056,-18.2));
#230 = DIRECTION('',(6.305496559635E-17,-4.941768411644E-18,-1.));
#231 = DIRECTION('',(-8.165139316308E-15,1.,-4.941768411645E-18));
#232 = PCURVE('',#149,#233);
#233 = DEFINITIONAL_REPRESENTATION('',(#234),#238);
#234 = LINE('',#235,#236);
#235 = CARTESIAN_POINT('',(0.,2.));
#236 = VECTOR('',#237,1.);
#237 = DIRECTION('',(1.,0.));
#238 = ( GEOMETRIC_REPRESENTATION_CONTEXT(2) 
PARAMETRIC_REPRESENTATION_CONTEXT() REPRESENTATION_CONTEXT('2D SPACE',''
  ) );
#239 = PCURVE('',#123,#240);
#240 = DEFINITIONAL_REPRESENTATION('',(#241),#245);
#241 = CIRCLE('',#242,0.85);
#242 = AXIS2_PLACEMENT_2D('',#243,#244);
#243 = CARTESIAN_POINT('',(-35.56936200168,14.733312146056));
#244 = DIRECTION('',(8.163404592832E-15,1.));
#245 = ( GEOMETRIC_REPRESENTATION_CONTEXT(2) 
PARAMETRIC_REPRESENTATION_CONTEXT() REPRESENTATION_CONTEXT('2D SPACE',''
  ) );
#246 = ADVANCED_FACE('',(#247),#261,.F.);
#247 = FACE_BOUND('',#248,.F.);
#248 = EDGE_LOOP('',(#249,#284,#313,#336));
#249 = ORIENTED_EDGE('',*,*,#250,.T.);
#250 = EDGE_CURVE('',#251,#253,#255,.T.);
#251 = VERTEX_POINT('',#252);
#252 = CARTESIAN_POINT('',(36.170402765693,-14.13227138204,-18.2));
#253 = VERTEX_POINT('',#254);
#254 = CARTESIAN_POINT('',(36.170402765693,-14.13227138204,-18.7));
#255 = SURFACE_CURVE('',#256,(#260,#272),.PCURVE_S1.);
#256 = LINE('',#257,#258);
#257 = CARTESIAN_POINT('',(36.170402765693,-14.13227138204,-16.2));
#258 = VECTOR('',#259,1.);
#259 = DIRECTION('',(6.305496559635E-17,-4.941768411644E-18,-1.));
#260 = PCURVE('',#261,#266);
#261 = CYLINDRICAL_SURFACE('',#262,0.85);
#262 = AXIS2_PLACEMENT_3D('',#263,#264,#265);
#263 = CARTESIAN_POINT('',(35.569362001685,-14.73331214605,-16.2));
#264 = DIRECTION('',(6.305496559635E-17,-4.941768411644E-18,-1.));
#265 = DIRECTION('',(0.707106781187,0.707106781187,4.109223580573E-17));
#266 = DEFINITIONAL_REPRESENTATION('',(#267),#271);
#267 = LINE('',#268,#269);
#268 = CARTESIAN_POINT('',(6.28318530718,0.));
#269 = VECTOR('',#270,1.);
#270 = DIRECTION('',(0.,1.));
#271 = ( GEOMETRIC_REPRESENTATION_CONTEXT(2) 
PARAMETRIC_REPRESENTATION_CONTEXT() REPRESENTATION_CONTEXT('2D SPACE',''
  ) );
#272 = PCURVE('',#273,#278);
#273 = CYLINDRICAL_SURFACE('',#274,0.85);
#274 = AXIS2_PLACEMENT_3D('',#275,#276,#277);
#275 = CARTESIAN_POINT('',(35.569362001685,-14.73331214605,-16.2));
#276 = DIRECTION('',(6.305496559635E-17,-4.941768411644E-18,-1.));
#277 = DIRECTION('',(0.707106781187,0.707106781187,4.109223580573E-17));
#278 = DEFINITIONAL_REPRESENTATION('',(#279),#283);
#279 = LINE('',#280,#281);
#280 = CARTESIAN_POINT('',(0.,0.));
#281 = VECTOR('',#282,1.);
#282 = DIRECTION('',(0.,1.));
#283 = ( GEOMETRIC_REPRESENTATION_CONTEXT(2) 
PARAMETRIC_REPRESENTATION_CONTEXT() REPRESENTATION_CONTEXT('2D SPACE',''
  ) );
#284 = ORIENTED_EDGE('',*,*,#285,.F.);
#285 = EDGE_CURVE('',#286,#253,#288,.T.);
#286 = VERTEX_POINT('',#287);
#287 = CARTESIAN_POINT('',(34.968321237676,-15.33435291006,-18.7));
#288 = SURFACE_CURVE('',#289,(#294,#301),.PCURVE_S1.);
#289 = CIRCLE('',#290,0.85);
#290 = AXIS2_PLACEMENT_3D('',#291,#292,#293);
#291 = CARTESIAN_POINT('',(35.569362001685,-14.73331214605,-18.7));
#292 = DIRECTION('',(6.305496559635E-17,-4.941768411644E-18,-1.));
#293 = DIRECTION('',(0.707106781187,0.707106781187,4.109223580573E-17));
#294 = PCURVE('',#261,#295);
#295 = DEFINITIONAL_REPRESENTATION('',(#296),#300);
#296 = LINE('',#297,#298);
#297 = CARTESIAN_POINT('',(0.,2.5));
#298 = VECTOR('',#299,1.);
#299 = DIRECTION('',(1.,0.));
#300 = ( GEOMETRIC_REPRESENTATION_CONTEXT(2) 
PARAMETRIC_REPRESENTATION_CONTEXT() REPRESENTATION_CONTEXT('2D SPACE',''
  ) );
#301 = PCURVE('',#302,#307);
#302 = PLANE('',#303);
#303 = AXIS2_PLACEMENT_3D('',#304,#305,#306);
#304 = CARTESIAN_POINT('',(38.341000599219,-15.88136244315,-18.7));
#305 = DIRECTION('',(6.305496559635E-17,-4.941768411644E-18,-1.));
#306 = DIRECTION('',(0.707106781187,0.707106781187,4.109223580573E-17));
#307 = DEFINITIONAL_REPRESENTATION('',(#308),#312);
#308 = CIRCLE('',#309,0.85);
#309 = AXIS2_PLACEMENT_2D('',#310,#311);
#310 = CARTESIAN_POINT('',(-1.148050297095,-2.771638597534));
#311 = DIRECTION('',(1.,1.387778780781E-15));
#312 = ( GEOMETRIC_REPRESENTATION_CONTEXT(2) 
PARAMETRIC_REPRESENTATION_CONTEXT() REPRESENTATION_CONTEXT('2D SPACE',''
  ) );
#313 = ORIENTED_EDGE('',*,*,#314,.F.);
#314 = EDGE_CURVE('',#315,#286,#317,.T.);
#315 = VERTEX_POINT('',#316);
#316 = CARTESIAN_POINT('',(34.968321237676,-15.33435291006,-18.2));
#317 = SURFACE_CURVE('',#318,(#322,#329),.PCURVE_S1.);
#318 = LINE('',#319,#320);
#319 = CARTESIAN_POINT('',(34.968321237676,-15.33435291006,-16.2));
#320 = VECTOR('',#321,1.);
#321 = DIRECTION('',(6.305496559635E-17,-4.941768411644E-18,-1.));
#322 = PCURVE('',#261,#323);
#323 = DEFINITIONAL_REPRESENTATION('',(#324),#328);
#324 = LINE('',#325,#326);
#325 = CARTESIAN_POINT('',(3.14159265359,0.));
#326 = VECTOR('',#327,1.);
#327 = DIRECTION('',(0.,1.));
#328 = ( GEOMETRIC_REPRESENTATION_CONTEXT(2) 
PARAMETRIC_REPRESENTATION_CONTEXT() REPRESENTATION_CONTEXT('2D SPACE',''
  ) );
#329 = PCURVE('',#273,#330);
#330 = DEFINITIONAL_REPRESENTATION('',(#331),#335);
#331 = LINE('',#332,#333);
#332 = CARTESIAN_POINT('',(3.14159265359,0.));
#333 = VECTOR('',#334,1.);
#334 = DIRECTION('',(0.,1.));
#335 = ( GEOMETRIC_REPRESENTATION_CONTEXT(2) 
PARAMETRIC_REPRESENTATION_CONTEXT() REPRESENTATION_CONTEXT('2D SPACE',''
  ) );
#336 = ORIENTED_EDGE('',*,*,#337,.T.);
#337 = EDGE_CURVE('',#315,#251,#338,.T.);
#338 = SURFACE_CURVE('',#339,(#344,#351),.PCURVE_S1.);
#339 = CIRCLE('',#340,0.85);
#340 = AXIS2_PLACEMENT_3D('',#341,#342,#343);
#341 = CARTESIAN_POINT('',(35.569362001685,-14.73331214605,-18.2));
#342 = DIRECTION('',(6.305496559635E-17,-4.941768411644E-18,-1.));
#343 = DIRECTION('',(0.707106781187,0.707106781187,4.109223580573E-17));
#344 = PCURVE('',#261,#345);
#345 = DEFINITIONAL_REPRESENTATION('',(#346),#350);
#346 = LINE('',#347,#348);
#347 = CARTESIAN_POINT('',(0.,2.));
#348 = VECTOR('',#349,1.);
#349 = DIRECTION('',(1.,0.));
#350 = ( GEOMETRIC_REPRESENTATION_CONTEXT(2) 
PARAMETRIC_REPRESENTATION_CONTEXT() REPRESENTATION_CONTEXT('2D SPACE',''
  ) );
#351 = PCURVE('',#123,#352);
#352 = DEFINITIONAL_REPRESENTATION('',(#353),#357);
#353 = CIRCLE('',#354,0.85);
#354 = AXIS2_PLACEMENT_2D('',#355,#356);
#355 = CARTESIAN_POINT('',(-35.56936200168,-14.73331214605));
#356 = DIRECTION('',(-0.707106781187,0.707106781187));
#357 = ( GEOMETRIC_REPRESENTATION_CONTEXT(2) 
PARAMETRIC_REPRESENTATION_CONTEXT() REPRESENTATION_CONTEXT('2D SPACE',''
  ) );
#358 = ADVANCED_FACE('',(#359),#373,.F.);
#359 = FACE_BOUND('',#360,.F.);
#360 = EDGE_LOOP('',(#361,#396,#425,#448));
#361 = ORIENTED_EDGE('',*,*,#362,.T.);
#362 = EDGE_CURVE('',#363,#365,#367,.T.);
#363 = VERTEX_POINT('',#364);
#364 = CARTESIAN_POINT('',(15.583312146056,-35.56936200168,-18.2));
#365 = VERTEX_POINT('',#366);
#366 = CARTESIAN_POINT('',(15.583312146056,-35.56936200168,-18.7));
#367 = SURFACE_CURVE('',#368,(#372,#384),.PCURVE_S1.);
#368 = LINE('',#369,#370);
#369 = CARTESIAN_POINT('',(15.583312146056,-35.56936200168,-16.2));
#370 = VECTOR('',#371,1.);
#371 = DIRECTION('',(6.305496559635E-17,-4.941768411644E-18,-1.));
#372 = PCURVE('',#373,#378);
#373 = CYLINDRICAL_SURFACE('',#374,0.85);
#374 = AXIS2_PLACEMENT_3D('',#375,#376,#377);
#375 = CARTESIAN_POINT('',(14.733312146056,-35.56936200168,-16.2));
#376 = DIRECTION('',(6.305496559635E-17,-4.941768411644E-18,-1.));
#377 = DIRECTION('',(1.,1.734723475977E-18,6.305496559635E-17));
#378 = DEFINITIONAL_REPRESENTATION('',(#379),#383);
#379 = LINE('',#380,#381);
#380 = CARTESIAN_POINT('',(6.28318530718,0.));
#381 = VECTOR('',#382,1.);
#382 = DIRECTION('',(0.,1.));
#383 = ( GEOMETRIC_REPRESENTATION_CONTEXT(2) 
PARAMETRIC_REPRESENTATION_CONTEXT() REPRESENTATION_CONTEXT('2D SPACE',''
  ) );
#384 = PCURVE('',#385,#390);
#385 = CYLINDRICAL_SURFACE('',#386,0.85);
#386 = AXIS2_PLACEMENT_3D('',#387,#388,#389);
#387 = CARTESIAN_POINT('',(14.733312146056,-35.56936200168,-16.2));
#388 = DIRECTION('',(6.305496559635E-17,-4.941768411644E-18,-1.));
#389 = DIRECTION('',(1.,1.734723475977E-18,6.305496559635E-17));
#390 = DEFINITIONAL_REPRESENTATION('',(#391),#395);
#391 = LINE('',#392,#393);
#392 = CARTESIAN_POINT('',(0.,0.));
#393 = VECTOR('',#394,1.);
#394 = DIRECTION('',(0.,1.));
#395 = ( GEOMETRIC_REPRESENTATION_CONTEXT(2) 
PARAMETRIC_REPRESENTATION_CONTEXT() REPRESENTATION_CONTEXT('2D SPACE',''
  ) );
#396 = ORIENTED_EDGE('',*,*,#397,.F.);
#397 = EDGE_CURVE('',#398,#365,#400,.T.);
#398 = VERTEX_POINT('',#399);
#399 = CARTESIAN_POINT('',(13.883312146056,-35.56936200168,-18.7));
#400 = SURFACE_CURVE('',#401,(#406,#413),.PCURVE_S1.);
#401 = CIRCLE('',#402,0.85);
#402 = AXIS2_PLACEMENT_3D('',#403,#404,#405);
#403 = CARTESIAN_POINT('',(14.733312146056,-35.56936200168,-18.7));
#404 = DIRECTION('',(6.305496559635E-17,-4.941768411644E-18,-1.));
#405 = DIRECTION('',(1.,1.734723475977E-18,6.305496559635E-17));
#406 = PCURVE('',#373,#407);
#407 = DEFINITIONAL_REPRESENTATION('',(#408),#412);
#408 = LINE('',#409,#410);
#409 = CARTESIAN_POINT('',(0.,2.5));
#410 = VECTOR('',#411,1.);
#411 = DIRECTION('',(1.,0.));
#412 = ( GEOMETRIC_REPRESENTATION_CONTEXT(2) 
PARAMETRIC_REPRESENTATION_CONTEXT() REPRESENTATION_CONTEXT('2D SPACE',''
  ) );
#413 = PCURVE('',#414,#419);
#414 = PLANE('',#415);
#415 = AXIS2_PLACEMENT_3D('',#416,#417,#418);
#416 = CARTESIAN_POINT('',(15.881362443151,-38.34100059921,-18.7));
#417 = DIRECTION('',(6.305496559635E-17,-4.941768411644E-18,-1.));
#418 = DIRECTION('',(1.,1.734723475977E-18,6.305496559635E-17));
#419 = DEFINITIONAL_REPRESENTATION('',(#420),#424);
#420 = CIRCLE('',#421,0.85);
#421 = AXIS2_PLACEMENT_2D('',#422,#423);
#422 = CARTESIAN_POINT('',(-1.148050297095,-2.771638597534));
#423 = DIRECTION('',(1.,0.));
#424 = ( GEOMETRIC_REPRESENTATION_CONTEXT(2) 
PARAMETRIC_REPRESENTATION_CONTEXT() REPRESENTATION_CONTEXT('2D SPACE',''
  ) );
#425 = ORIENTED_EDGE('',*,*,#426,.F.);
#426 = EDGE_CURVE('',#427,#398,#429,.T.);
#427 = VERTEX_POINT('',#428);
#428 = CARTESIAN_POINT('',(13.883312146056,-35.56936200168,-18.2));
#429 = SURFACE_CURVE('',#430,(#434,#441),.PCURVE_S1.);
#430 = LINE('',#431,#432);
#431 = CARTESIAN_POINT('',(13.883312146056,-35.56936200168,-16.2));
#432 = VECTOR('',#433,1.);
#433 = DIRECTION('',(6.305496559635E-17,-4.941768411644E-18,-1.));
#434 = PCURVE('',#373,#435);
#435 = DEFINITIONAL_REPRESENTATION('',(#436),#440);
#436 = LINE('',#437,#438);
#437 = CARTESIAN_POINT('',(3.14159265359,0.));
#438 = VECTOR('',#439,1.);
#439 = DIRECTION('',(0.,1.));
#440 = ( GEOMETRIC_REPRESENTATION_CONTEXT(2) 
PARAMETRIC_REPRESENTATION_CONTEXT() REPRESENTATION_CONTEXT('2D SPACE',''
  ) );
#441 = PCURVE('',#385,#442);
#442 = DEFINITIONAL_REPRESENTATION('',(#443),#447);
#443 = LINE('',#444,#445);
#444 = CARTESIAN_POINT('',(3.14159265359,0.));
#445 = VECTOR('',#446,1.);
#446 = DIRECTION('',(0.,1.));
#447 = ( GEOMETRIC_REPRESENTATION_CONTEXT(2) 
PARAMETRIC_REPRESENTATION_CONTEXT() REPRESENTATION_CONTEXT('2D SPACE',''
  ) );
#448 = ORIENTED_EDGE('',*,*,#449,.T.);
#449 = EDGE_CURVE('',#427,#363,#450,.T.);
#450 = SURFACE_CURVE('',#451,(#456,#463),.PCURVE_S1.);
#451 = CIRCLE('',#452,0.85);
#452 = AXIS2_PLACEMENT_3D('',#453,#454,#455);
#453 = CARTESIAN_POINT('',(14.733312146056,-35.56936200168,-18.2));
#454 = DIRECTION('',(6.305496559635E-17,-4.941768411644E-18,-1.));
#455 = DIRECTION('',(1.,1.734723475977E-18,6.305496559635E-17));
#456 = PCURVE('',#373,#457);
#457 = DEFINITIONAL_REPRESENTATION('',(#458),#462);
#458 = LINE('',#459,#460);
#459 = CARTESIAN_POINT('',(0.,2.));
#460 = VECTOR('',#461,1.);
#461 = DIRECTION('',(1.,0.));
#462 = ( GEOMETRIC_REPRESENTATION_CONTEXT(2) 
PARAMETRIC_REPRESENTATION_CONTEXT() REPRESENTATION_CONTEXT('2D SPACE',''
  ) );
#463 = PCURVE('',#123,#464);
#464 = DEFINITIONAL_REPRESENTATION('',(#465),#469);
#465 = CIRCLE('',#466,0.85);
#466 = AXIS2_PLACEMENT_2D('',#467,#468);
#467 = CARTESIAN_POINT('',(-14.73331214605,-35.56936200168));
#468 = DIRECTION('',(-1.,0.));
#469 = ( GEOMETRIC_REPRESENTATION_CONTEXT(2) 
PARAMETRIC_REPRESENTATION_CONTEXT() REPRESENTATION_CONTEXT('2D SPACE',''
  ) );
#470 = ADVANCED_FACE('',(#471),#485,.F.);
#471 = FACE_BOUND('',#472,.F.);
#472 = EDGE_LOOP('',(#473,#508,#537,#560));
#473 = ORIENTED_EDGE('',*,*,#474,.T.);
#474 = EDGE_CURVE('',#475,#477,#479,.T.);
#475 = VERTEX_POINT('',#476);
#476 = CARTESIAN_POINT('',(-14.13227138204,-36.17040276569,-18.2));
#477 = VERTEX_POINT('',#478);
#478 = CARTESIAN_POINT('',(-14.13227138204,-36.17040276569,-18.7));
#479 = SURFACE_CURVE('',#480,(#484,#496),.PCURVE_S1.);
#480 = LINE('',#481,#482);
#481 = CARTESIAN_POINT('',(-14.13227138204,-36.17040276569,-16.2));
#482 = VECTOR('',#483,1.);
#483 = DIRECTION('',(6.305496559635E-17,-4.941768411644E-18,-1.));
#484 = PCURVE('',#485,#490);
#485 = CYLINDRICAL_SURFACE('',#486,0.85);
#486 = AXIS2_PLACEMENT_3D('',#487,#488,#489);
#487 = CARTESIAN_POINT('',(-14.73331214605,-35.56936200168,-16.2));
#488 = DIRECTION('',(6.305496559635E-17,-4.941768411644E-18,-1.));
#489 = DIRECTION('',(0.707106781187,-0.707106781187,4.808095171559E-17)
  );
#490 = DEFINITIONAL_REPRESENTATION('',(#491),#495);
#491 = LINE('',#492,#493);
#492 = CARTESIAN_POINT('',(6.28318530718,0.));
#493 = VECTOR('',#494,1.);
#494 = DIRECTION('',(0.,1.));
#495 = ( GEOMETRIC_REPRESENTATION_CONTEXT(2) 
PARAMETRIC_REPRESENTATION_CONTEXT() REPRESENTATION_CONTEXT('2D SPACE',''
  ) );
#496 = PCURVE('',#497,#502);
#497 = CYLINDRICAL_SURFACE('',#498,0.85);
#498 = AXIS2_PLACEMENT_3D('',#499,#500,#501);
#499 = CARTESIAN_POINT('',(-14.73331214605,-35.56936200168,-16.2));
#500 = DIRECTION('',(6.305496559635E-17,-4.941768411644E-18,-1.));
#501 = DIRECTION('',(0.707106781187,-0.707106781187,4.808095171559E-17)
  );
#502 = DEFINITIONAL_REPRESENTATION('',(#503),#507);
#503 = LINE('',#504,#505);
#504 = CARTESIAN_POINT('',(0.,0.));
#505 = VECTOR('',#506,1.);
#506 = DIRECTION('',(0.,1.));
#507 = ( GEOMETRIC_REPRESENTATION_CONTEXT(2) 
PARAMETRIC_REPRESENTATION_CONTEXT() REPRESENTATION_CONTEXT('2D SPACE',''
  ) );
#508 = ORIENTED_EDGE('',*,*,#509,.F.);
#509 = EDGE_CURVE('',#510,#477,#512,.T.);
#510 = VERTEX_POINT('',#511);
#511 = CARTESIAN_POINT('',(-15.33435291006,-34.96832123767,-18.7));
#512 = SURFACE_CURVE('',#513,(#518,#525),.PCURVE_S1.);
#513 = CIRCLE('',#514,0.85);
#514 = AXIS2_PLACEMENT_3D('',#515,#516,#517);
#515 = CARTESIAN_POINT('',(-14.73331214605,-35.56936200168,-18.7));
#516 = DIRECTION('',(6.305496559635E-17,-4.941768411644E-18,-1.));
#517 = DIRECTION('',(0.707106781187,-0.707106781187,4.808095171559E-17)
  );
#518 = PCURVE('',#485,#519);
#519 = DEFINITIONAL_REPRESENTATION('',(#520),#524);
#520 = LINE('',#521,#522);
#521 = CARTESIAN_POINT('',(0.,2.5));
#522 = VECTOR('',#523,1.);
#523 = DIRECTION('',(1.,0.));
#524 = ( GEOMETRIC_REPRESENTATION_CONTEXT(2) 
PARAMETRIC_REPRESENTATION_CONTEXT() REPRESENTATION_CONTEXT('2D SPACE',''
  ) );
#525 = PCURVE('',#526,#531);
#526 = PLANE('',#527);
#527 = AXIS2_PLACEMENT_3D('',#528,#529,#530);
#528 = CARTESIAN_POINT('',(-15.88136244315,-38.34100059921,-18.7));
#529 = DIRECTION('',(6.305496559635E-17,-4.941768411644E-18,-1.));
#530 = DIRECTION('',(0.707106781187,-0.707106781187,4.808095171559E-17)
  );
#531 = DEFINITIONAL_REPRESENTATION('',(#532),#536);
#532 = CIRCLE('',#533,0.85);
#533 = AXIS2_PLACEMENT_2D('',#534,#535);
#534 = CARTESIAN_POINT('',(-1.148050297095,-2.771638597534));
#535 = DIRECTION('',(1.,-6.661338147751E-16));
#536 = ( GEOMETRIC_REPRESENTATION_CONTEXT(2) 
PARAMETRIC_REPRESENTATION_CONTEXT() REPRESENTATION_CONTEXT('2D SPACE',''
  ) );
#537 = ORIENTED_EDGE('',*,*,#538,.F.);
#538 = EDGE_CURVE('',#539,#510,#541,.T.);
#539 = VERTEX_POINT('',#540);
#540 = CARTESIAN_POINT('',(-15.33435291006,-34.96832123767,-18.2));
#541 = SURFACE_CURVE('',#542,(#546,#553),.PCURVE_S1.);
#542 = LINE('',#543,#544);
#543 = CARTESIAN_POINT('',(-15.33435291006,-34.96832123767,-16.2));
#544 = VECTOR('',#545,1.);
#545 = DIRECTION('',(6.305496559635E-17,-4.941768411644E-18,-1.));
#546 = PCURVE('',#485,#547);
#547 = DEFINITIONAL_REPRESENTATION('',(#548),#552);
#548 = LINE('',#549,#550);
#549 = CARTESIAN_POINT('',(3.14159265359,0.));
#550 = VECTOR('',#551,1.);
#551 = DIRECTION('',(0.,1.));
#552 = ( GEOMETRIC_REPRESENTATION_CONTEXT(2) 
PARAMETRIC_REPRESENTATION_CONTEXT() REPRESENTATION_CONTEXT('2D SPACE',''
  ) );
#553 = PCURVE('',#497,#554);
#554 = DEFINITIONAL_REPRESENTATION('',(#555),#559);
#555 = LINE('',#556,#557);
#556 = CARTESIAN_POINT('',(3.14159265359,0.));
#557 = VECTOR('',#558,1.);
#558 = DIRECTION('',(0.,1.));
#559 = ( GEOMETRIC_REPRESENTATION_CONTEXT(2) 
PARAMETRIC_REPRESENTATION_CONTEXT() REPRESENTATION_CONTEXT('2D SPACE',''
  ) );
#560 = ORIENTED_EDGE('',*,*,#561,.T.);
#561 = EDGE_CURVE('',#539,#475,#562,.T.);
#562 = SURFACE_CURVE('',#563,(#568,#575),.PCURVE_S1.);
#563 = CIRCLE('',#564,0.85);
#564 = AXIS2_PLACEMENT_3D('',#565,#566,#567);
#565 = CARTESIAN_POINT('',(-14.73331214605,-35.56936200168,-18.2));
#566 = DIRECTION('',(6.305496559635E-17,-4.941768411644E-18,-1.));
#567 = DIRECTION('',(0.707106781187,-0.707106781187,4.808095171559E-17)
  );
#568 = PCURVE('',#485,#569);
#569 = DEFINITIONAL_REPRESENTATION('',(#570),#574);
#570 = LINE('',#571,#572);
#571 = CARTESIAN_POINT('',(0.,2.));
#572 = VECTOR('',#573,1.);
#573 = DIRECTION('',(1.,0.));
#574 = ( GEOMETRIC_REPRESENTATION_CONTEXT(2) 
PARAMETRIC_REPRESENTATION_CONTEXT() REPRESENTATION_CONTEXT('2D SPACE',''
  ) );
#575 = PCURVE('',#123,#576);
#576 = DEFINITIONAL_REPRESENTATION('',(#577),#581);
#577 = CIRCLE('',#578,0.85);
#578 = AXIS2_PLACEMENT_2D('',#579,#580);
#579 = CARTESIAN_POINT('',(14.733312146056,-35.56936200168));
#580 = DIRECTION('',(-0.707106781187,-0.707106781187));
#581 = ( GEOMETRIC_REPRESENTATION_CONTEXT(2) 
PARAMETRIC_REPRESENTATION_CONTEXT() REPRESENTATION_CONTEXT('2D SPACE',''
  ) );
#582 = ADVANCED_FACE('',(#583),#597,.F.);
#583 = FACE_BOUND('',#584,.F.);
#584 = EDGE_LOOP('',(#585,#620,#649,#672));
#585 = ORIENTED_EDGE('',*,*,#586,.T.);
#586 = EDGE_CURVE('',#587,#589,#591,.T.);
#587 = VERTEX_POINT('',#588);
#588 = CARTESIAN_POINT('',(-35.56936200168,-15.58331214605,-18.2));
#589 = VERTEX_POINT('',#590);
#590 = CARTESIAN_POINT('',(-35.56936200168,-15.58331214605,-18.7));
#591 = SURFACE_CURVE('',#592,(#596,#608),.PCURVE_S1.);
#592 = LINE('',#593,#594);
#593 = CARTESIAN_POINT('',(-35.56936200168,-15.58331214605,-16.2));
#594 = VECTOR('',#595,1.);
#595 = DIRECTION('',(6.305496559635E-17,-4.941768411644E-18,-1.));
#596 = PCURVE('',#597,#602);
#597 = CYLINDRICAL_SURFACE('',#598,0.85);
#598 = AXIS2_PLACEMENT_3D('',#599,#600,#601);
#599 = CARTESIAN_POINT('',(-35.56936200168,-14.73331214605,-16.2));
#600 = DIRECTION('',(6.305496559635E-17,-4.941768411644E-18,-1.));
#601 = DIRECTION('',(1.734723475977E-18,-1.,4.941768411644E-18));
#602 = DEFINITIONAL_REPRESENTATION('',(#603),#607);
#603 = LINE('',#604,#605);
#604 = CARTESIAN_POINT('',(6.28318530718,0.));
#605 = VECTOR('',#606,1.);
#606 = DIRECTION('',(0.,1.));
#607 = ( GEOMETRIC_REPRESENTATION_CONTEXT(2) 
PARAMETRIC_REPRESENTATION_CONTEXT() REPRESENTATION_CONTEXT('2D SPACE',''
  ) );
#608 = PCURVE('',#609,#614);
#609 = CYLINDRICAL_SURFACE('',#610,0.85);
#610 = AXIS2_PLACEMENT_3D('',#611,#612,#613);
#611 = CARTESIAN_POINT('',(-35.56936200168,-14.73331214605,-16.2));
#612 = DIRECTION('',(6.305496559635E-17,-4.941768411644E-18,-1.));
#613 = DIRECTION('',(1.734723475977E-18,-1.,4.941768411644E-18));
#614 = DEFINITIONAL_REPRESENTATION('',(#615),#619);
#615 = LINE('',#616,#617);
#616 = CARTESIAN_POINT('',(0.,0.));
#617 = VECTOR('',#618,1.);
#618 = DIRECTION('',(0.,1.));
#619 = ( GEOMETRIC_REPRESENTATION_CONTEXT(2) 
PARAMETRIC_REPRESENTATION_CONTEXT() REPRESENTATION_CONTEXT('2D SPACE',''
  ) );
#620 = ORIENTED_EDGE('',*,*,#621,.F.);
#621 = EDGE_CURVE('',#622,#589,#624,.T.);
#622 = VERTEX_POINT('',#623);
#623 = CARTESIAN_POINT('',(-35.56936200168,-13.88331214605,-18.7));
#624 = SURFACE_CURVE('',#625,(#630,#637),.PCURVE_S1.);
#625 = CIRCLE('',#626,0.85);
#626 = AXIS2_PLACEMENT_3D('',#627,#628,#629);
#627 = CARTESIAN_POINT('',(-35.56936200168,-14.73331214605,-18.7));
#628 = DIRECTION('',(6.305496559635E-17,-4.941768411644E-18,-1.));
#629 = DIRECTION('',(1.734723475977E-18,-1.,4.941768411644E-18));
#630 = PCURVE('',#597,#631);
#631 = DEFINITIONAL_REPRESENTATION('',(#632),#636);
#632 = LINE('',#633,#634);
#633 = CARTESIAN_POINT('',(0.,2.5));
#634 = VECTOR('',#635,1.);
#635 = DIRECTION('',(1.,0.));
#636 = ( GEOMETRIC_REPRESENTATION_CONTEXT(2) 
PARAMETRIC_REPRESENTATION_CONTEXT() REPRESENTATION_CONTEXT('2D SPACE',''
  ) );
#637 = PCURVE('',#638,#643);
#638 = PLANE('',#639);
#639 = AXIS2_PLACEMENT_3D('',#640,#641,#642);
#640 = CARTESIAN_POINT('',(-38.34100059921,-15.88136244315,-18.7));
#641 = DIRECTION('',(6.305496559635E-17,-4.941768411644E-18,-1.));
#642 = DIRECTION('',(3.493216062319E-15,-1.,4.941768411644E-18));
#643 = DEFINITIONAL_REPRESENTATION('',(#644),#648);
#644 = CIRCLE('',#645,0.85);
#645 = AXIS2_PLACEMENT_2D('',#646,#647);
#646 = CARTESIAN_POINT('',(-1.148050297095,-2.771638597534));
#647 = DIRECTION('',(1.,3.491481338843E-15));
#648 = ( GEOMETRIC_REPRESENTATION_CONTEXT(2) 
PARAMETRIC_REPRESENTATION_CONTEXT() REPRESENTATION_CONTEXT('2D SPACE',''
  ) );
#649 = ORIENTED_EDGE('',*,*,#650,.F.);
#650 = EDGE_CURVE('',#651,#622,#653,.T.);
#651 = VERTEX_POINT('',#652);
#652 = CARTESIAN_POINT('',(-35.56936200168,-13.88331214605,-18.2));
#653 = SURFACE_CURVE('',#654,(#658,#665),.PCURVE_S1.);
#654 = LINE('',#655,#656);
#655 = CARTESIAN_POINT('',(-35.56936200168,-13.88331214605,-16.2));
#656 = VECTOR('',#657,1.);
#657 = DIRECTION('',(6.305496559635E-17,-4.941768411644E-18,-1.));
#658 = PCURVE('',#597,#659);
#659 = DEFINITIONAL_REPRESENTATION('',(#660),#664);
#660 = LINE('',#661,#662);
#661 = CARTESIAN_POINT('',(3.14159265359,0.));
#662 = VECTOR('',#663,1.);
#663 = DIRECTION('',(0.,1.));
#664 = ( GEOMETRIC_REPRESENTATION_CONTEXT(2) 
PARAMETRIC_REPRESENTATION_CONTEXT() REPRESENTATION_CONTEXT('2D SPACE',''
  ) );
#665 = PCURVE('',#609,#666);
#666 = DEFINITIONAL_REPRESENTATION('',(#667),#671);
#667 = LINE('',#668,#669);
#668 = CARTESIAN_POINT('',(3.14159265359,0.));
#669 = VECTOR('',#670,1.);
#670 = DIRECTION('',(0.,1.));
#671 = ( GEOMETRIC_REPRESENTATION_CONTEXT(2) 
PARAMETRIC_REPRESENTATION_CONTEXT() REPRESENTATION_CONTEXT('2D SPACE',''
  ) );
#672 = ORIENTED_EDGE('',*,*,#673,.T.);
#673 = EDGE_CURVE('',#651,#587,#674,.T.);
#674 = SURFACE_CURVE('',#675,(#680,#687),.PCURVE_S1.);
#675 = CIRCLE('',#676,0.85);
#676 = AXIS2_PLACEMENT_3D('',#677,#678,#679);
#677 = CARTESIAN_POINT('',(-35.56936200168,-14.73331214605,-18.2));
#678 = DIRECTION('',(6.305496559635E-17,-4.941768411644E-18,-1.));
#679 = DIRECTION('',(1.734723475977E-18,-1.,4.941768411644E-18));
#680 = PCURVE('',#597,#681);
#681 = DEFINITIONAL_REPRESENTATION('',(#682),#686);
#682 = LINE('',#683,#684);
#683 = CARTESIAN_POINT('',(0.,2.));
#684 = VECTOR('',#685,1.);
#685 = DIRECTION('',(1.,0.));
#686 = ( GEOMETRIC_REPRESENTATION_CONTEXT(2) 
PARAMETRIC_REPRESENTATION_CONTEXT() REPRESENTATION_CONTEXT('2D SPACE',''
  ) );
#687 = PCURVE('',#123,#688);
#688 = DEFINITIONAL_REPRESENTATION('',(#689),#693);
#689 = CIRCLE('',#690,0.85);
#690 = AXIS2_PLACEMENT_2D('',#691,#692);
#691 = CARTESIAN_POINT('',(35.569362001684,-14.73331214605));
#692 = DIRECTION('',(0.,-1.));
#693 = ( GEOMETRIC_REPRESENTATION_CONTEXT(2) 
PARAMETRIC_REPRESENTATION_CONTEXT() REPRESENTATION_CONTEXT('2D SPACE',''
  ) );
#694 = ADVANCED_FACE('',(#695),#709,.F.);
#695 = FACE_BOUND('',#696,.F.);
#696 = EDGE_LOOP('',(#697,#732,#761,#784));
#697 = ORIENTED_EDGE('',*,*,#698,.T.);
#698 = EDGE_CURVE('',#699,#701,#703,.T.);
#699 = VERTEX_POINT('',#700);
#700 = CARTESIAN_POINT('',(-36.17040276569,14.132271382047,-18.2));
#701 = VERTEX_POINT('',#702);
#702 = CARTESIAN_POINT('',(-36.17040276569,14.132271382047,-18.7));
#703 = SURFACE_CURVE('',#704,(#708,#720),.PCURVE_S1.);
#704 = LINE('',#705,#706);
#705 = CARTESIAN_POINT('',(-36.17040276569,14.132271382047,-16.2));
#706 = VECTOR('',#707,1.);
#707 = DIRECTION('',(6.305496559635E-17,-4.941768411644E-18,-1.));
#708 = PCURVE('',#709,#714);
#709 = CYLINDRICAL_SURFACE('',#710,0.85);
#710 = AXIS2_PLACEMENT_3D('',#711,#712,#713);
#711 = CARTESIAN_POINT('',(-35.56936200168,14.733312146056,-16.2));
#712 = DIRECTION('',(6.305496559635E-17,-4.941768411644E-18,-1.));
#713 = DIRECTION('',(-0.707106781187,-0.707106781187,-4.109223580574E-17
    ));
#714 = DEFINITIONAL_REPRESENTATION('',(#715),#719);
#715 = LINE('',#716,#717);
#716 = CARTESIAN_POINT('',(6.28318530718,0.));
#717 = VECTOR('',#718,1.);
#718 = DIRECTION('',(0.,1.));
#719 = ( GEOMETRIC_REPRESENTATION_CONTEXT(2) 
PARAMETRIC_REPRESENTATION_CONTEXT() REPRESENTATION_CONTEXT('2D SPACE',''
  ) );
#720 = PCURVE('',#721,#726);
#721 = CYLINDRICAL_SURFACE('',#722,0.85);
#722 = AXIS2_PLACEMENT_3D('',#723,#724,#725);
#723 = CARTESIAN_POINT('',(-35.56936200168,14.733312146056,-16.2));
#724 = DIRECTION('',(6.305496559635E-17,-4.941768411644E-18,-1.));
#725 = DIRECTION('',(-0.707106781187,-0.707106781187,-4.109223580574E-17
    ));
#726 = DEFINITIONAL_REPRESENTATION('',(#727),#731);
#727 = LINE('',#728,#729);
#728 = CARTESIAN_POINT('',(0.,0.));
#729 = VECTOR('',#730,1.);
#730 = DIRECTION('',(0.,1.));
#731 = ( GEOMETRIC_REPRESENTATION_CONTEXT(2) 
PARAMETRIC_REPRESENTATION_CONTEXT() REPRESENTATION_CONTEXT('2D SPACE',''
  ) );
#732 = ORIENTED_EDGE('',*,*,#733,.F.);
#733 = EDGE_CURVE('',#734,#701,#736,.T.);
#734 = VERTEX_POINT('',#735);
#735 = CARTESIAN_POINT('',(-34.96832123767,15.334352910064,-18.7));
#736 = SURFACE_CURVE('',#737,(#742,#749),.PCURVE_S1.);
#737 = CIRCLE('',#738,0.85);
#738 = AXIS2_PLACEMENT_3D('',#739,#740,#741);
#739 = CARTESIAN_POINT('',(-35.56936200168,14.733312146056,-18.7));
#740 = DIRECTION('',(6.305496559635E-17,-4.941768411644E-18,-1.));
#741 = DIRECTION('',(-0.707106781187,-0.707106781187,-4.109223580574E-17
    ));
#742 = PCURVE('',#709,#743);
#743 = DEFINITIONAL_REPRESENTATION('',(#744),#748);
#744 = LINE('',#745,#746);
#745 = CARTESIAN_POINT('',(0.,2.5));
#746 = VECTOR('',#747,1.);
#747 = DIRECTION('',(1.,0.));
#748 = ( GEOMETRIC_REPRESENTATION_CONTEXT(2) 
PARAMETRIC_REPRESENTATION_CONTEXT() REPRESENTATION_CONTEXT('2D SPACE',''
  ) );
#749 = PCURVE('',#750,#755);
#750 = PLANE('',#751);
#751 = AXIS2_PLACEMENT_3D('',#752,#753,#754);
#752 = CARTESIAN_POINT('',(-38.34100059921,15.881362443151,-18.7));
#753 = DIRECTION('',(6.305496559635E-17,-4.941768411644E-18,-1.));
#754 = DIRECTION('',(-0.707106781187,-0.707106781187,-4.109223580574E-17
    ));
#755 = DEFINITIONAL_REPRESENTATION('',(#756),#760);
#756 = CIRCLE('',#757,0.85);
#757 = AXIS2_PLACEMENT_2D('',#758,#759);
#758 = CARTESIAN_POINT('',(-1.148050297095,-2.771638597534));
#759 = DIRECTION('',(1.,-2.609024107869E-15));
#760 = ( GEOMETRIC_REPRESENTATION_CONTEXT(2) 
PARAMETRIC_REPRESENTATION_CONTEXT() REPRESENTATION_CONTEXT('2D SPACE',''
  ) );
#761 = ORIENTED_EDGE('',*,*,#762,.F.);
#762 = EDGE_CURVE('',#763,#734,#765,.T.);
#763 = VERTEX_POINT('',#764);
#764 = CARTESIAN_POINT('',(-34.96832123767,15.334352910064,-18.2));
#765 = SURFACE_CURVE('',#766,(#770,#777),.PCURVE_S1.);
#766 = LINE('',#767,#768);
#767 = CARTESIAN_POINT('',(-34.96832123767,15.334352910064,-16.2));
#768 = VECTOR('',#769,1.);
#769 = DIRECTION('',(6.305496559635E-17,-4.941768411644E-18,-1.));
#770 = PCURVE('',#709,#771);
#771 = DEFINITIONAL_REPRESENTATION('',(#772),#776);
#772 = LINE('',#773,#774);
#773 = CARTESIAN_POINT('',(3.14159265359,0.));
#774 = VECTOR('',#775,1.);
#775 = DIRECTION('',(0.,1.));
#776 = ( GEOMETRIC_REPRESENTATION_CONTEXT(2) 
PARAMETRIC_REPRESENTATION_CONTEXT() REPRESENTATION_CONTEXT('2D SPACE',''
  ) );
#777 = PCURVE('',#721,#778);
#778 = DEFINITIONAL_REPRESENTATION('',(#779),#783);
#779 = LINE('',#780,#781);
#780 = CARTESIAN_POINT('',(3.14159265359,0.));
#781 = VECTOR('',#782,1.);
#782 = DIRECTION('',(0.,1.));
#783 = ( GEOMETRIC_REPRESENTATION_CONTEXT(2) 
PARAMETRIC_REPRESENTATION_CONTEXT() REPRESENTATION_CONTEXT('2D SPACE',''
  ) );
#784 = ORIENTED_EDGE('',*,*,#785,.T.);
#785 = EDGE_CURVE('',#763,#699,#786,.T.);
#786 = SURFACE_CURVE('',#787,(#792,#799),.PCURVE_S1.);
#787 = CIRCLE('',#788,0.85);
#788 = AXIS2_PLACEMENT_3D('',#789,#790,#791);
#789 = CARTESIAN_POINT('',(-35.56936200168,14.733312146056,-18.2));
#790 = DIRECTION('',(6.305496559635E-17,-4.941768411644E-18,-1.));
#791 = DIRECTION('',(-0.707106781187,-0.707106781187,-4.109223580574E-17
    ));
#792 = PCURVE('',#709,#793);
#793 = DEFINITIONAL_REPRESENTATION('',(#794),#798);
#794 = LINE('',#795,#796);
#795 = CARTESIAN_POINT('',(0.,2.));
#796 = VECTOR('',#797,1.);
#797 = DIRECTION('',(1.,0.));
#798 = ( GEOMETRIC_REPRESENTATION_CONTEXT(2) 
PARAMETRIC_REPRESENTATION_CONTEXT() REPRESENTATION_CONTEXT('2D SPACE',''
  ) );
#799 = PCURVE('',#123,#800);
#800 = DEFINITIONAL_REPRESENTATION('',(#801),#805);
#801 = CIRCLE('',#802,0.85);
#802 = AXIS2_PLACEMENT_2D('',#803,#804);
#803 = CARTESIAN_POINT('',(35.569362001685,14.733312146056));
#804 = DIRECTION('',(0.707106781187,-0.707106781187));
#805 = ( GEOMETRIC_REPRESENTATION_CONTEXT(2) 
PARAMETRIC_REPRESENTATION_CONTEXT() REPRESENTATION_CONTEXT('2D SPACE',''
  ) );
#806 = ADVANCED_FACE('',(#807),#821,.F.);
#807 = FACE_BOUND('',#808,.F.);
#808 = EDGE_LOOP('',(#809,#844,#873,#896));
#809 = ORIENTED_EDGE('',*,*,#810,.T.);
#810 = EDGE_CURVE('',#811,#813,#815,.T.);
#811 = VERTEX_POINT('',#812);
#812 = CARTESIAN_POINT('',(-15.58331214605,35.569362001685,-18.2));
#813 = VERTEX_POINT('',#814);
#814 = CARTESIAN_POINT('',(-15.58331214605,35.569362001685,-18.7));
#815 = SURFACE_CURVE('',#816,(#820,#832),.PCURVE_S1.);
#816 = LINE('',#817,#818);
#817 = CARTESIAN_POINT('',(-15.58331214605,35.569362001685,-16.2));
#818 = VECTOR('',#819,1.);
#819 = DIRECTION('',(6.305496559635E-17,-4.941768411644E-18,-1.));
#820 = PCURVE('',#821,#826);
#821 = CYLINDRICAL_SURFACE('',#822,0.85);
#822 = AXIS2_PLACEMENT_3D('',#823,#824,#825);
#823 = CARTESIAN_POINT('',(-14.73331214605,35.569362001685,-16.2));
#824 = DIRECTION('',(6.305496559635E-17,-4.941768411644E-18,-1.));
#825 = DIRECTION('',(-1.,-1.734723475977E-18,-6.305496559635E-17));
#826 = DEFINITIONAL_REPRESENTATION('',(#827),#831);
#827 = LINE('',#828,#829);
#828 = CARTESIAN_POINT('',(6.28318530718,0.));
#829 = VECTOR('',#830,1.);
#830 = DIRECTION('',(0.,1.));
#831 = ( GEOMETRIC_REPRESENTATION_CONTEXT(2) 
PARAMETRIC_REPRESENTATION_CONTEXT() REPRESENTATION_CONTEXT('2D SPACE',''
  ) );
#832 = PCURVE('',#833,#838);
#833 = CYLINDRICAL_SURFACE('',#834,0.85);
#834 = AXIS2_PLACEMENT_3D('',#835,#836,#837);
#835 = CARTESIAN_POINT('',(-14.73331214605,35.569362001685,-16.2));
#836 = DIRECTION('',(6.305496559635E-17,-4.941768411644E-18,-1.));
#837 = DIRECTION('',(-1.,-1.734723475977E-18,-6.305496559635E-17));
#838 = DEFINITIONAL_REPRESENTATION('',(#839),#843);
#839 = LINE('',#840,#841);
#840 = CARTESIAN_POINT('',(0.,0.));
#841 = VECTOR('',#842,1.);
#842 = DIRECTION('',(0.,1.));
#843 = ( GEOMETRIC_REPRESENTATION_CONTEXT(2) 
PARAMETRIC_REPRESENTATION_CONTEXT() REPRESENTATION_CONTEXT('2D SPACE',''
  ) );
#844 = ORIENTED_EDGE('',*,*,#845,.F.);
#845 = EDGE_CURVE('',#846,#813,#848,.T.);
#846 = VERTEX_POINT('',#847);
#847 = CARTESIAN_POINT('',(-13.88331214605,35.569362001685,-18.7));
#848 = SURFACE_CURVE('',#849,(#854,#861),.PCURVE_S1.);
#849 = CIRCLE('',#850,0.85);
#850 = AXIS2_PLACEMENT_3D('',#851,#852,#853);
#851 = CARTESIAN_POINT('',(-14.73331214605,35.569362001685,-18.7));
#852 = DIRECTION('',(6.305496559635E-17,-4.941768411644E-18,-1.));
#853 = DIRECTION('',(-1.,-1.734723475977E-18,-6.305496559635E-17));
#854 = PCURVE('',#821,#855);
#855 = DEFINITIONAL_REPRESENTATION('',(#856),#860);
#856 = LINE('',#857,#858);
#857 = CARTESIAN_POINT('',(0.,2.5));
#858 = VECTOR('',#859,1.);
#859 = DIRECTION('',(1.,0.));
#860 = ( GEOMETRIC_REPRESENTATION_CONTEXT(2) 
PARAMETRIC_REPRESENTATION_CONTEXT() REPRESENTATION_CONTEXT('2D SPACE',''
  ) );
#861 = PCURVE('',#862,#867);
#862 = PLANE('',#863);
#863 = AXIS2_PLACEMENT_3D('',#864,#865,#866);
#864 = CARTESIAN_POINT('',(-15.88136244315,38.341000599218,-18.7));
#865 = DIRECTION('',(6.305496559635E-17,-4.941768411644E-18,-1.));
#866 = DIRECTION('',(-1.,-1.734723475977E-18,-6.305496559635E-17));
#867 = DEFINITIONAL_REPRESENTATION('',(#868),#872);
#868 = CIRCLE('',#869,0.85);
#869 = AXIS2_PLACEMENT_2D('',#870,#871);
#870 = CARTESIAN_POINT('',(-1.148050297095,-2.771638597534));
#871 = DIRECTION('',(1.,0.));
#872 = ( GEOMETRIC_REPRESENTATION_CONTEXT(2) 
PARAMETRIC_REPRESENTATION_CONTEXT() REPRESENTATION_CONTEXT('2D SPACE',''
  ) );
#873 = ORIENTED_EDGE('',*,*,#874,.F.);
#874 = EDGE_CURVE('',#875,#846,#877,.T.);
#875 = VERTEX_POINT('',#876);
#876 = CARTESIAN_POINT('',(-13.88331214605,35.569362001685,-18.2));
#877 = SURFACE_CURVE('',#878,(#882,#889),.PCURVE_S1.);
#878 = LINE('',#879,#880);
#879 = CARTESIAN_POINT('',(-13.88331214605,35.569362001685,-16.2));
#880 = VECTOR('',#881,1.);
#881 = DIRECTION('',(6.305496559635E-17,-4.941768411644E-18,-1.));
#882 = PCURVE('',#821,#883);
#883 = DEFINITIONAL_REPRESENTATION('',(#884),#888);
#884 = LINE('',#885,#886);
#885 = CARTESIAN_POINT('',(3.14159265359,0.));
#886 = VECTOR('',#887,1.);
#887 = DIRECTION('',(0.,1.));
#888 = ( GEOMETRIC_REPRESENTATION_CONTEXT(2) 
PARAMETRIC_REPRESENTATION_CONTEXT() REPRESENTATION_CONTEXT('2D SPACE',''
  ) );
#889 = PCURVE('',#833,#890);
#890 = DEFINITIONAL_REPRESENTATION('',(#891),#895);
#891 = LINE('',#892,#893);
#892 = CARTESIAN_POINT('',(3.14159265359,0.));
#893 = VECTOR('',#894,1.);
#894 = DIRECTION('',(0.,1.));
#895 = ( GEOMETRIC_REPRESENTATION_CONTEXT(2) 
PARAMETRIC_REPRESENTATION_CONTEXT() REPRESENTATION_CONTEXT('2D SPACE',''
  ) );
#896 = ORIENTED_EDGE('',*,*,#897,.T.);
#897 = EDGE_CURVE('',#875,#811,#898,.T.);
#898 = SURFACE_CURVE('',#899,(#904,#911),.PCURVE_S1.);
#899 = CIRCLE('',#900,0.85);
#900 = AXIS2_PLACEMENT_3D('',#901,#902,#903);
#901 = CARTESIAN_POINT('',(-14.73331214605,35.569362001685,-18.2));
#902 = DIRECTION('',(6.305496559635E-17,-4.941768411644E-18,-1.));
#903 = DIRECTION('',(-1.,-1.734723475977E-18,-6.305496559635E-17));
#904 = PCURVE('',#821,#905);
#905 = DEFINITIONAL_REPRESENTATION('',(#906),#910);
#906 = LINE('',#907,#908);
#907 = CARTESIAN_POINT('',(0.,2.));
#908 = VECTOR('',#909,1.);
#909 = DIRECTION('',(1.,0.));
#910 = ( GEOMETRIC_REPRESENTATION_CONTEXT(2) 
PARAMETRIC_REPRESENTATION_CONTEXT() REPRESENTATION_CONTEXT('2D SPACE',''
  ) );
#911 = PCURVE('',#123,#912);
#912 = DEFINITIONAL_REPRESENTATION('',(#913),#917);
#913 = CIRCLE('',#914,0.85);
#914 = AXIS2_PLACEMENT_2D('',#915,#916);
#915 = CARTESIAN_POINT('',(14.733312146056,35.569362001685));
#916 = DIRECTION('',(1.,0.));
#917 = ( GEOMETRIC_REPRESENTATION_CONTEXT(2) 
PARAMETRIC_REPRESENTATION_CONTEXT() REPRESENTATION_CONTEXT('2D SPACE',''
  ) );
#918 = ADVANCED_FACE('',(#919),#933,.F.);
#919 = FACE_BOUND('',#920,.F.);
#920 = EDGE_LOOP('',(#921,#956,#985,#1008));
#921 = ORIENTED_EDGE('',*,*,#922,.T.);
#922 = EDGE_CURVE('',#923,#925,#927,.T.);
#923 = VERTEX_POINT('',#924);
#924 = CARTESIAN_POINT('',(15.5,-30.31088913245,-19.7));
#925 = VERTEX_POINT('',#926);
#926 = CARTESIAN_POINT('',(15.5,-30.31088913245,-20.2));
#927 = SURFACE_CURVE('',#928,(#932,#944),.PCURVE_S1.);
#928 = LINE('',#929,#930);
#929 = CARTESIAN_POINT('',(15.5,-30.31088913245,-19.7));
#930 = VECTOR('',#931,1.);
#931 = DIRECTION('',(6.305496559635E-17,-4.941768411644E-18,-1.));
#932 = PCURVE('',#933,#938);
#933 = CYLINDRICAL_SURFACE('',#934,2.);
#934 = AXIS2_PLACEMENT_3D('',#935,#936,#937);
#935 = CARTESIAN_POINT('',(17.5,-30.31088913245,-19.7));
#936 = DIRECTION('',(6.305496559635E-17,-4.941768411644E-18,-1.));
#937 = DIRECTION('',(-1.,-1.734723475977E-18,-6.305496559635E-17));
#938 = DEFINITIONAL_REPRESENTATION('',(#939),#943);
#939 = LINE('',#940,#941);
#940 = CARTESIAN_POINT('',(6.28318530718,0.));
#941 = VECTOR('',#942,1.);
#942 = DIRECTION('',(0.,1.));
#943 = ( GEOMETRIC_REPRESENTATION_CONTEXT(2) 
PARAMETRIC_REPRESENTATION_CONTEXT() REPRESENTATION_CONTEXT('2D SPACE',''
  ) );
#944 = PCURVE('',#945,#950);
#945 = CYLINDRICAL_SURFACE('',#946,2.);
#946 = AXIS2_PLACEMENT_3D('',#947,#948,#949);
#947 = CARTESIAN_POINT('',(17.5,-30.31088913245,-19.7));
#948 = DIRECTION('',(6.305496559635E-17,-4.941768411644E-18,-1.));
#949 = DIRECTION('',(-1.,-1.734723475977E-18,-6.305496559635E-17));
#950 = DEFINITIONAL_REPRESENTATION('',(#951),#955);
#951 = LINE('',#952,#953);
#952 = CARTESIAN_POINT('',(0.,0.));
#953 = VECTOR('',#954,1.);
#954 = DIRECTION('',(0.,1.));
#955 = ( GEOMETRIC_REPRESENTATION_CONTEXT(2) 
PARAMETRIC_REPRESENTATION_CONTEXT() REPRESENTATION_CONTEXT('2D SPACE',''
  ) );
#956 = ORIENTED_EDGE('',*,*,#957,.F.);
#957 = EDGE_CURVE('',#958,#925,#960,.T.);
#958 = VERTEX_POINT('',#959);
#959 = CARTESIAN_POINT('',(19.5,-30.31088913245,-20.2));
#960 = SURFACE_CURVE('',#961,(#966,#973),.PCURVE_S1.);
#961 = CIRCLE('',#962,2.);
#962 = AXIS2_PLACEMENT_3D('',#963,#964,#965);
#963 = CARTESIAN_POINT('',(17.5,-30.31088913245,-20.2));
#964 = DIRECTION('',(6.305496559635E-17,-4.941768411644E-18,-1.));
#965 = DIRECTION('',(-0.707106781187,-0.707106781187,-4.109223580574E-17
    ));
#966 = PCURVE('',#933,#967);
#967 = DEFINITIONAL_REPRESENTATION('',(#968),#972);
#968 = LINE('',#969,#970);
#969 = CARTESIAN_POINT('',(-0.785398163397,0.5));
#970 = VECTOR('',#971,1.);
#971 = DIRECTION('',(1.,0.));
#972 = ( GEOMETRIC_REPRESENTATION_CONTEXT(2) 
PARAMETRIC_REPRESENTATION_CONTEXT() REPRESENTATION_CONTEXT('2D SPACE',''
  ) );
#973 = PCURVE('',#974,#979);
#974 = PLANE('',#975);
#975 = AXIS2_PLACEMENT_3D('',#976,#977,#978);
#976 = CARTESIAN_POINT('',(2.465190328816E-31,-5.238529448733E-32,-20.2)
  );
#977 = DIRECTION('',(6.305496559635E-17,-4.941768411644E-18,-1.));
#978 = DIRECTION('',(-1.,-1.734723475977E-18,-6.305496559635E-17));
#979 = DEFINITIONAL_REPRESENTATION('',(#980),#984);
#980 = CIRCLE('',#981,2.);
#981 = AXIS2_PLACEMENT_2D('',#982,#983);
#982 = CARTESIAN_POINT('',(-17.5,-30.31088913245));
#983 = DIRECTION('',(0.707106781187,-0.707106781187));
#984 = ( GEOMETRIC_REPRESENTATION_CONTEXT(2) 
PARAMETRIC_REPRESENTATION_CONTEXT() REPRESENTATION_CONTEXT('2D SPACE',''
  ) );
#985 = ORIENTED_EDGE('',*,*,#986,.F.);
#986 = EDGE_CURVE('',#987,#958,#989,.T.);
#987 = VERTEX_POINT('',#988);
#988 = CARTESIAN_POINT('',(19.5,-30.31088913245,-19.7));
#989 = SURFACE_CURVE('',#990,(#994,#1001),.PCURVE_S1.);
#990 = LINE('',#991,#992);
#991 = CARTESIAN_POINT('',(19.5,-30.31088913245,-19.7));
#992 = VECTOR('',#993,1.);
#993 = DIRECTION('',(6.305496559635E-17,-4.941768411644E-18,-1.));
#994 = PCURVE('',#933,#995);
#995 = DEFINITIONAL_REPRESENTATION('',(#996),#1000);
#996 = LINE('',#997,#998);
#997 = CARTESIAN_POINT('',(3.14159265359,0.));
#998 = VECTOR('',#999,1.);
#999 = DIRECTION('',(0.,1.));
#1000 = ( GEOMETRIC_REPRESENTATION_CONTEXT(2) 
PARAMETRIC_REPRESENTATION_CONTEXT() REPRESENTATION_CONTEXT('2D SPACE',''
  ) );
#1001 = PCURVE('',#945,#1002);
#1002 = DEFINITIONAL_REPRESENTATION('',(#1003),#1007);
#1003 = LINE('',#1004,#1005);
#1004 = CARTESIAN_POINT('',(3.14159265359,0.));
#1005 = VECTOR('',#1006,1.);
#1006 = DIRECTION('',(0.,1.));
#1007 = ( GEOMETRIC_REPRESENTATION_CONTEXT(2) 
PARAMETRIC_REPRESENTATION_CONTEXT() REPRESENTATION_CONTEXT('2D SPACE',''
  ) );
#1008 = ORIENTED_EDGE('',*,*,#1009,.T.);
#1009 = EDGE_CURVE('',#987,#923,#1010,.T.);
#1010 = SURFACE_CURVE('',#1011,(#1016,#1023),.PCURVE_S1.);
#1011 = CIRCLE('',#1012,2.);
#1012 = AXIS2_PLACEMENT_3D('',#1013,#1014,#1015);
#1013 = CARTESIAN_POINT('',(17.5,-30.31088913245,-19.7));
#1014 = DIRECTION('',(6.305496559635E-17,-4.941768411644E-18,-1.));
#1015 = DIRECTION('',(-0.707106781187,-0.707106781187,
    -4.109223580574E-17));
#1016 = PCURVE('',#933,#1017);
#1017 = DEFINITIONAL_REPRESENTATION('',(#1018),#1022);
#1018 = LINE('',#1019,#1020);
#1019 = CARTESIAN_POINT('',(-0.785398163397,0.));
#1020 = VECTOR('',#1021,1.);
#1021 = DIRECTION('',(1.,0.));
#1022 = ( GEOMETRIC_REPRESENTATION_CONTEXT(2) 
PARAMETRIC_REPRESENTATION_CONTEXT() REPRESENTATION_CONTEXT('2D SPACE',''
  ) );
#1023 = PCURVE('',#1024,#1029);
#1024 = PLANE('',#1025);
#1025 = AXIS2_PLACEMENT_3D('',#1026,#1027,#1028);
#1026 = CARTESIAN_POINT('',(17.5,-30.31088913245,-19.7));
#1027 = DIRECTION('',(6.305496559635E-17,-4.941768411644E-18,-1.));
#1028 = DIRECTION('',(-0.707106781187,-0.707106781187,
    -4.109223580574E-17));
#1029 = DEFINITIONAL_REPRESENTATION('',(#1030),#1034);
#1030 = CIRCLE('',#1031,2.);
#1031 = AXIS2_PLACEMENT_2D('',#1032,#1033);
#1032 = CARTESIAN_POINT('',(0.,0.));
#1033 = DIRECTION('',(1.,4.996003610813E-16));
#1034 = ( GEOMETRIC_REPRESENTATION_CONTEXT(2) 
PARAMETRIC_REPRESENTATION_CONTEXT() REPRESENTATION_CONTEXT('2D SPACE',''
  ) );
#1035 = ADVANCED_FACE('',(#1036),#1050,.F.);
#1036 = FACE_BOUND('',#1037,.F.);
#1037 = EDGE_LOOP('',(#1038,#1073,#1097,#1120));
#1038 = ORIENTED_EDGE('',*,*,#1039,.T.);
#1039 = EDGE_CURVE('',#1040,#1042,#1044,.T.);
#1040 = VERTEX_POINT('',#1041);
#1041 = CARTESIAN_POINT('',(28.310889132455,-17.5,-19.7));
#1042 = VERTEX_POINT('',#1043);
#1043 = CARTESIAN_POINT('',(28.310889132455,-17.5,-20.2));
#1044 = SURFACE_CURVE('',#1045,(#1049,#1061),.PCURVE_S1.);
#1045 = LINE('',#1046,#1047);
#1046 = CARTESIAN_POINT('',(28.310889132455,-17.5,-19.7));
#1047 = VECTOR('',#1048,1.);
#1048 = DIRECTION('',(6.305496559635E-17,-4.941768411644E-18,-1.));
#1049 = PCURVE('',#1050,#1055);
#1050 = CYLINDRICAL_SURFACE('',#1051,2.);
#1051 = AXIS2_PLACEMENT_3D('',#1052,#1053,#1054);
#1052 = CARTESIAN_POINT('',(30.310889132455,-17.5,-19.7));
#1053 = DIRECTION('',(6.305496559635E-17,-4.941768411644E-18,-1.));
#1054 = DIRECTION('',(-1.,-1.734723475977E-18,-6.305496559635E-17));
#1055 = DEFINITIONAL_REPRESENTATION('',(#1056),#1060);
#1056 = LINE('',#1057,#1058);
#1057 = CARTESIAN_POINT('',(6.28318530718,0.));
#1058 = VECTOR('',#1059,1.);
#1059 = DIRECTION('',(0.,1.));
#1060 = ( GEOMETRIC_REPRESENTATION_CONTEXT(2) 
PARAMETRIC_REPRESENTATION_CONTEXT() REPRESENTATION_CONTEXT('2D SPACE',''
  ) );
#1061 = PCURVE('',#1062,#1067);
#1062 = CYLINDRICAL_SURFACE('',#1063,2.);
#1063 = AXIS2_PLACEMENT_3D('',#1064,#1065,#1066);
#1064 = CARTESIAN_POINT('',(30.310889132455,-17.5,-19.7));
#1065 = DIRECTION('',(6.305496559635E-17,-4.941768411644E-18,-1.));
#1066 = DIRECTION('',(-1.,-1.734723475977E-18,-6.305496559635E-17));
#1067 = DEFINITIONAL_REPRESENTATION('',(#1068),#1072);
#1068 = LINE('',#1069,#1070);
#1069 = CARTESIAN_POINT('',(0.,0.));
#1070 = VECTOR('',#1071,1.);
#1071 = DIRECTION('',(0.,1.));
#1072 = ( GEOMETRIC_REPRESENTATION_CONTEXT(2) 
PARAMETRIC_REPRESENTATION_CONTEXT() REPRESENTATION_CONTEXT('2D SPACE',''
  ) );
#1073 = ORIENTED_EDGE('',*,*,#1074,.F.);
#1074 = EDGE_CURVE('',#1075,#1042,#1077,.T.);
#1075 = VERTEX_POINT('',#1076);
#1076 = CARTESIAN_POINT('',(32.310889132455,-17.5,-20.2));
#1077 = SURFACE_CURVE('',#1078,(#1083,#1090),.PCURVE_S1.);
#1078 = CIRCLE('',#1079,2.);
#1079 = AXIS2_PLACEMENT_3D('',#1080,#1081,#1082);
#1080 = CARTESIAN_POINT('',(30.310889132455,-17.5,-20.2));
#1081 = DIRECTION('',(6.305496559635E-17,-4.941768411644E-18,-1.));
#1082 = DIRECTION('',(-0.258819045103,-0.965925826289,
    -1.154644424827E-17));
#1083 = PCURVE('',#1050,#1084);
#1084 = DEFINITIONAL_REPRESENTATION('',(#1085),#1089);
#1085 = LINE('',#1086,#1087);
#1086 = CARTESIAN_POINT('',(-1.308996938996,0.5));
#1087 = VECTOR('',#1088,1.);
#1088 = DIRECTION('',(1.,0.));
#1089 = ( GEOMETRIC_REPRESENTATION_CONTEXT(2) 
PARAMETRIC_REPRESENTATION_CONTEXT() REPRESENTATION_CONTEXT('2D SPACE',''
  ) );
#1090 = PCURVE('',#974,#1091);
#1091 = DEFINITIONAL_REPRESENTATION('',(#1092),#1096);
#1092 = CIRCLE('',#1093,2.);
#1093 = AXIS2_PLACEMENT_2D('',#1094,#1095);
#1094 = CARTESIAN_POINT('',(-30.31088913245,-17.5));
#1095 = DIRECTION('',(0.258819045103,-0.965925826289));
#1096 = ( GEOMETRIC_REPRESENTATION_CONTEXT(2) 
PARAMETRIC_REPRESENTATION_CONTEXT() REPRESENTATION_CONTEXT('2D SPACE',''
  ) );
#1097 = ORIENTED_EDGE('',*,*,#1098,.F.);
#1098 = EDGE_CURVE('',#1099,#1075,#1101,.T.);
#1099 = VERTEX_POINT('',#1100);
#1100 = CARTESIAN_POINT('',(32.310889132455,-17.5,-19.7));
#1101 = SURFACE_CURVE('',#1102,(#1106,#1113),.PCURVE_S1.);
#1102 = LINE('',#1103,#1104);
#1103 = CARTESIAN_POINT('',(32.310889132455,-17.5,-19.7));
#1104 = VECTOR('',#1105,1.);
#1105 = DIRECTION('',(6.305496559635E-17,-4.941768411644E-18,-1.));
#1106 = PCURVE('',#1050,#1107);
#1107 = DEFINITIONAL_REPRESENTATION('',(#1108),#1112);
#1108 = LINE('',#1109,#1110);
#1109 = CARTESIAN_POINT('',(3.14159265359,0.));
#1110 = VECTOR('',#1111,1.);
#1111 = DIRECTION('',(0.,1.));
#1112 = ( GEOMETRIC_REPRESENTATION_CONTEXT(2) 
PARAMETRIC_REPRESENTATION_CONTEXT() REPRESENTATION_CONTEXT('2D SPACE',''
  ) );
#1113 = PCURVE('',#1062,#1114);
#1114 = DEFINITIONAL_REPRESENTATION('',(#1115),#1119);
#1115 = LINE('',#1116,#1117);
#1116 = CARTESIAN_POINT('',(3.14159265359,0.));
#1117 = VECTOR('',#1118,1.);
#1118 = DIRECTION('',(0.,1.));
#1119 = ( GEOMETRIC_REPRESENTATION_CONTEXT(2) 
PARAMETRIC_REPRESENTATION_CONTEXT() REPRESENTATION_CONTEXT('2D SPACE',''
  ) );
#1120 = ORIENTED_EDGE('',*,*,#1121,.T.);
#1121 = EDGE_CURVE('',#1099,#1040,#1122,.T.);
#1122 = SURFACE_CURVE('',#1123,(#1128,#1135),.PCURVE_S1.);
#1123 = CIRCLE('',#1124,2.);
#1124 = AXIS2_PLACEMENT_3D('',#1125,#1126,#1127);
#1125 = CARTESIAN_POINT('',(30.310889132455,-17.5,-19.7));
#1126 = DIRECTION('',(6.305496559635E-17,-4.941768411644E-18,-1.));
#1127 = DIRECTION('',(-0.258819045103,-0.965925826289,
    -1.154644424827E-17));
#1128 = PCURVE('',#1050,#1129);
#1129 = DEFINITIONAL_REPRESENTATION('',(#1130),#1134);
#1130 = LINE('',#1131,#1132);
#1131 = CARTESIAN_POINT('',(-1.308996938996,0.));
#1132 = VECTOR('',#1133,1.);
#1133 = DIRECTION('',(1.,0.));
#1134 = ( GEOMETRIC_REPRESENTATION_CONTEXT(2) 
PARAMETRIC_REPRESENTATION_CONTEXT() REPRESENTATION_CONTEXT('2D SPACE',''
  ) );
#1135 = PCURVE('',#1136,#1141);
#1136 = PLANE('',#1137);
#1137 = AXIS2_PLACEMENT_3D('',#1138,#1139,#1140);
#1138 = CARTESIAN_POINT('',(30.310889132455,-17.5,-19.7));
#1139 = DIRECTION('',(6.305496559635E-17,-4.941768411644E-18,-1.));
#1140 = DIRECTION('',(-0.258819045103,-0.965925826289,
    -1.154644424827E-17));
#1141 = DEFINITIONAL_REPRESENTATION('',(#1142),#1146);
#1142 = CIRCLE('',#1143,2.);
#1143 = AXIS2_PLACEMENT_2D('',#1144,#1145);
#1144 = CARTESIAN_POINT('',(0.,0.));
#1145 = DIRECTION('',(1.,-3.885780586188E-16));
#1146 = ( GEOMETRIC_REPRESENTATION_CONTEXT(2) 
PARAMETRIC_REPRESENTATION_CONTEXT() REPRESENTATION_CONTEXT('2D SPACE',''
  ) );
#1147 = ADVANCED_FACE('',(#1148),#1162,.F.);
#1148 = FACE_BOUND('',#1149,.F.);
#1149 = EDGE_LOOP('',(#1150,#1185,#1209,#1232));
#1150 = ORIENTED_EDGE('',*,*,#1151,.T.);
#1151 = EDGE_CURVE('',#1152,#1154,#1156,.T.);
#1152 = VERTEX_POINT('',#1153);
#1153 = CARTESIAN_POINT('',(31.807403920117,-9.058666578588,-19.7));
#1154 = VERTEX_POINT('',#1155);
#1155 = CARTESIAN_POINT('',(31.807403920117,-9.058666578588,-20.2));
#1156 = SURFACE_CURVE('',#1157,(#1161,#1173),.PCURVE_S1.);
#1157 = LINE('',#1158,#1159);
#1158 = CARTESIAN_POINT('',(31.807403920117,-9.058666578588,-19.7));
#1159 = VECTOR('',#1160,1.);
#1160 = DIRECTION('',(6.305496559635E-17,-4.941768411644E-18,-1.));
#1161 = PCURVE('',#1162,#1167);
#1162 = CYLINDRICAL_SURFACE('',#1163,2.);
#1163 = AXIS2_PLACEMENT_3D('',#1164,#1165,#1166);
#1164 = CARTESIAN_POINT('',(33.807403920117,-9.058666578588,-19.7));
#1165 = DIRECTION('',(6.305496559635E-17,-4.941768411644E-18,-1.));
#1166 = DIRECTION('',(-1.,-1.734723475977E-18,-6.305496559635E-17));
#1167 = DEFINITIONAL_REPRESENTATION('',(#1168),#1172);
#1168 = LINE('',#1169,#1170);
#1169 = CARTESIAN_POINT('',(6.28318530718,0.));
#1170 = VECTOR('',#1171,1.);
#1171 = DIRECTION('',(0.,1.));
#1172 = ( GEOMETRIC_REPRESENTATION_CONTEXT(2) 
PARAMETRIC_REPRESENTATION_CONTEXT() REPRESENTATION_CONTEXT('2D SPACE',''
  ) );
#1173 = PCURVE('',#1174,#1179);
#1174 = CYLINDRICAL_SURFACE('',#1175,2.);
#1175 = AXIS2_PLACEMENT_3D('',#1176,#1177,#1178);
#1176 = CARTESIAN_POINT('',(33.807403920117,-9.058666578588,-19.7));
#1177 = DIRECTION('',(6.305496559635E-17,-4.941768411644E-18,-1.));
#1178 = DIRECTION('',(-1.,-1.734723475977E-18,-6.305496559635E-17));
#1179 = DEFINITIONAL_REPRESENTATION('',(#1180),#1184);
#1180 = LINE('',#1181,#1182);
#1181 = CARTESIAN_POINT('',(0.,0.));
#1182 = VECTOR('',#1183,1.);
#1183 = DIRECTION('',(0.,1.));
#1184 = ( GEOMETRIC_REPRESENTATION_CONTEXT(2) 
PARAMETRIC_REPRESENTATION_CONTEXT() REPRESENTATION_CONTEXT('2D SPACE',''
  ) );
#1185 = ORIENTED_EDGE('',*,*,#1186,.F.);
#1186 = EDGE_CURVE('',#1187,#1154,#1189,.T.);
#1187 = VERTEX_POINT('',#1188);
#1188 = CARTESIAN_POINT('',(35.807403920117,-9.058666578588,-20.2));
#1189 = SURFACE_CURVE('',#1190,(#1195,#1202),.PCURVE_S1.);
#1190 = CIRCLE('',#1191,2.);
#1191 = AXIS2_PLACEMENT_3D('',#1192,#1193,#1194);
#1192 = CARTESIAN_POINT('',(33.807403920117,-9.058666578588,-20.2));
#1193 = DIRECTION('',(6.305496559635E-17,-4.941768411644E-18,-1.));
#1194 = DIRECTION('',(3.47118167543E-15,-1.,4.941768411644E-18));
#1195 = PCURVE('',#1162,#1196);
#1196 = DEFINITIONAL_REPRESENTATION('',(#1197),#1201);
#1197 = LINE('',#1198,#1199);
#1198 = CARTESIAN_POINT('',(-1.570796326795,0.5));
#1199 = VECTOR('',#1200,1.);
#1200 = DIRECTION('',(1.,0.));
#1201 = ( GEOMETRIC_REPRESENTATION_CONTEXT(2) 
PARAMETRIC_REPRESENTATION_CONTEXT() REPRESENTATION_CONTEXT('2D SPACE',''
  ) );
#1202 = PCURVE('',#974,#1203);
#1203 = DEFINITIONAL_REPRESENTATION('',(#1204),#1208);
#1204 = CIRCLE('',#1205,2.);
#1205 = AXIS2_PLACEMENT_2D('',#1206,#1207);
#1206 = CARTESIAN_POINT('',(-33.80740392011,-9.058666578588));
#1207 = DIRECTION('',(-3.469446951954E-15,-1.));
#1208 = ( GEOMETRIC_REPRESENTATION_CONTEXT(2) 
PARAMETRIC_REPRESENTATION_CONTEXT() REPRESENTATION_CONTEXT('2D SPACE',''
  ) );
#1209 = ORIENTED_EDGE('',*,*,#1210,.F.);
#1210 = EDGE_CURVE('',#1211,#1187,#1213,.T.);
#1211 = VERTEX_POINT('',#1212);
#1212 = CARTESIAN_POINT('',(35.807403920117,-9.058666578588,-19.7));
#1213 = SURFACE_CURVE('',#1214,(#1218,#1225),.PCURVE_S1.);
#1214 = LINE('',#1215,#1216);
#1215 = CARTESIAN_POINT('',(35.807403920117,-9.058666578588,-19.7));
#1216 = VECTOR('',#1217,1.);
#1217 = DIRECTION('',(6.305496559635E-17,-4.941768411644E-18,-1.));
#1218 = PCURVE('',#1162,#1219);
#1219 = DEFINITIONAL_REPRESENTATION('',(#1220),#1224);
#1220 = LINE('',#1221,#1222);
#1221 = CARTESIAN_POINT('',(3.14159265359,0.));
#1222 = VECTOR('',#1223,1.);
#1223 = DIRECTION('',(0.,1.));
#1224 = ( GEOMETRIC_REPRESENTATION_CONTEXT(2) 
PARAMETRIC_REPRESENTATION_CONTEXT() REPRESENTATION_CONTEXT('2D SPACE',''
  ) );
#1225 = PCURVE('',#1174,#1226);
#1226 = DEFINITIONAL_REPRESENTATION('',(#1227),#1231);
#1227 = LINE('',#1228,#1229);
#1228 = CARTESIAN_POINT('',(3.14159265359,0.));
#1229 = VECTOR('',#1230,1.);
#1230 = DIRECTION('',(0.,1.));
#1231 = ( GEOMETRIC_REPRESENTATION_CONTEXT(2) 
PARAMETRIC_REPRESENTATION_CONTEXT() REPRESENTATION_CONTEXT('2D SPACE',''
  ) );
#1232 = ORIENTED_EDGE('',*,*,#1233,.T.);
#1233 = EDGE_CURVE('',#1211,#1152,#1234,.T.);
#1234 = SURFACE_CURVE('',#1235,(#1240,#1247),.PCURVE_S1.);
#1235 = CIRCLE('',#1236,2.);
#1236 = AXIS2_PLACEMENT_3D('',#1237,#1238,#1239);
#1237 = CARTESIAN_POINT('',(33.807403920117,-9.058666578588,-19.7));
#1238 = DIRECTION('',(6.305496559635E-17,-4.941768411644E-18,-1.));
#1239 = DIRECTION('',(3.47118167543E-15,-1.,4.941768411644E-18));
#1240 = PCURVE('',#1162,#1241);
#1241 = DEFINITIONAL_REPRESENTATION('',(#1242),#1246);
#1242 = LINE('',#1243,#1244);
#1243 = CARTESIAN_POINT('',(-1.570796326795,0.));
#1244 = VECTOR('',#1245,1.);
#1245 = DIRECTION('',(1.,0.));
#1246 = ( GEOMETRIC_REPRESENTATION_CONTEXT(2) 
PARAMETRIC_REPRESENTATION_CONTEXT() REPRESENTATION_CONTEXT('2D SPACE',''
  ) );
#1247 = PCURVE('',#1248,#1253);
#1248 = PLANE('',#1249);
#1249 = AXIS2_PLACEMENT_3D('',#1250,#1251,#1252);
#1250 = CARTESIAN_POINT('',(33.807403920117,-9.058666578588,-19.7));
#1251 = DIRECTION('',(6.305496559635E-17,-4.941768411644E-18,-1.));
#1252 = DIRECTION('',(3.493216062319E-15,-1.,4.941768411644E-18));
#1253 = DEFINITIONAL_REPRESENTATION('',(#1254),#1258);
#1254 = CIRCLE('',#1255,2.);
#1255 = AXIS2_PLACEMENT_2D('',#1256,#1257);
#1256 = CARTESIAN_POINT('',(0.,0.));
#1257 = DIRECTION('',(1.,2.203438688952E-17));
#1258 = ( GEOMETRIC_REPRESENTATION_CONTEXT(2) 
PARAMETRIC_REPRESENTATION_CONTEXT() REPRESENTATION_CONTEXT('2D SPACE',''
  ) );
#1259 = ADVANCED_FACE('',(#1260),#1274,.F.);
#1260 = FACE_BOUND('',#1261,.F.);
#1261 = EDGE_LOOP('',(#1262,#1297,#1321,#1344));
#1262 = ORIENTED_EDGE('',*,*,#1263,.T.);
#1263 = EDGE_CURVE('',#1264,#1266,#1268,.T.);
#1264 = VERTEX_POINT('',#1265);
#1265 = CARTESIAN_POINT('',(31.807403920117,9.058666578588,-19.7));
#1266 = VERTEX_POINT('',#1267);
#1267 = CARTESIAN_POINT('',(31.807403920117,9.058666578588,-20.2));
#1268 = SURFACE_CURVE('',#1269,(#1273,#1285),.PCURVE_S1.);
#1269 = LINE('',#1270,#1271);
#1270 = CARTESIAN_POINT('',(31.807403920117,9.058666578588,-19.7));
#1271 = VECTOR('',#1272,1.);
#1272 = DIRECTION('',(6.305496559635E-17,-4.941768411644E-18,-1.));
#1273 = PCURVE('',#1274,#1279);
#1274 = CYLINDRICAL_SURFACE('',#1275,2.);
#1275 = AXIS2_PLACEMENT_3D('',#1276,#1277,#1278);
#1276 = CARTESIAN_POINT('',(33.807403920117,9.058666578588,-19.7));
#1277 = DIRECTION('',(6.305496559635E-17,-4.941768411644E-18,-1.));
#1278 = DIRECTION('',(-1.,-1.734723475977E-18,-6.305496559635E-17));
#1279 = DEFINITIONAL_REPRESENTATION('',(#1280),#1284);
#1280 = LINE('',#1281,#1282);
#1281 = CARTESIAN_POINT('',(6.28318530718,0.));
#1282 = VECTOR('',#1283,1.);
#1283 = DIRECTION('',(0.,1.));
#1284 = ( GEOMETRIC_REPRESENTATION_CONTEXT(2) 
PARAMETRIC_REPRESENTATION_CONTEXT() REPRESENTATION_CONTEXT('2D SPACE',''
  ) );
#1285 = PCURVE('',#1286,#1291);
#1286 = CYLINDRICAL_SURFACE('',#1287,2.);
#1287 = AXIS2_PLACEMENT_3D('',#1288,#1289,#1290);
#1288 = CARTESIAN_POINT('',(33.807403920117,9.058666578588,-19.7));
#1289 = DIRECTION('',(6.305496559635E-17,-4.941768411644E-18,-1.));
#1290 = DIRECTION('',(-1.,-1.734723475977E-18,-6.305496559635E-17));
#1291 = DEFINITIONAL_REPRESENTATION('',(#1292),#1296);
#1292 = LINE('',#1293,#1294);
#1293 = CARTESIAN_POINT('',(0.,0.));
#1294 = VECTOR('',#1295,1.);
#1295 = DIRECTION('',(0.,1.));
#1296 = ( GEOMETRIC_REPRESENTATION_CONTEXT(2) 
PARAMETRIC_REPRESENTATION_CONTEXT() REPRESENTATION_CONTEXT('2D SPACE',''
  ) );
#1297 = ORIENTED_EDGE('',*,*,#1298,.F.);
#1298 = EDGE_CURVE('',#1299,#1266,#1301,.T.);
#1299 = VERTEX_POINT('',#1300);
#1300 = CARTESIAN_POINT('',(35.807403920117,9.058666578588,-20.2));
#1301 = SURFACE_CURVE('',#1302,(#1307,#1314),.PCURVE_S1.);
#1302 = CIRCLE('',#1303,2.);
#1303 = AXIS2_PLACEMENT_3D('',#1304,#1305,#1306);
#1304 = CARTESIAN_POINT('',(33.807403920117,9.058666578588,-20.2));
#1305 = DIRECTION('',(6.305496559635E-17,-4.941768411644E-18,-1.));
#1306 = DIRECTION('',(0.5,-0.866025403784,3.580717978228E-17));
#1307 = PCURVE('',#1274,#1308);
#1308 = DEFINITIONAL_REPRESENTATION('',(#1309),#1313);
#1309 = LINE('',#1310,#1311);
#1310 = CARTESIAN_POINT('',(-2.094395102393,0.5));
#1311 = VECTOR('',#1312,1.);
#1312 = DIRECTION('',(1.,0.));
#1313 = ( GEOMETRIC_REPRESENTATION_CONTEXT(2) 
PARAMETRIC_REPRESENTATION_CONTEXT() REPRESENTATION_CONTEXT('2D SPACE',''
  ) );
#1314 = PCURVE('',#974,#1315);
#1315 = DEFINITIONAL_REPRESENTATION('',(#1316),#1320);
#1316 = CIRCLE('',#1317,2.);
#1317 = AXIS2_PLACEMENT_2D('',#1318,#1319);
#1318 = CARTESIAN_POINT('',(-33.80740392011,9.058666578588));
#1319 = DIRECTION('',(-0.5,-0.866025403784));
#1320 = ( GEOMETRIC_REPRESENTATION_CONTEXT(2) 
PARAMETRIC_REPRESENTATION_CONTEXT() REPRESENTATION_CONTEXT('2D SPACE',''
  ) );
#1321 = ORIENTED_EDGE('',*,*,#1322,.F.);
#1322 = EDGE_CURVE('',#1323,#1299,#1325,.T.);
#1323 = VERTEX_POINT('',#1324);
#1324 = CARTESIAN_POINT('',(35.807403920117,9.058666578588,-19.7));
#1325 = SURFACE_CURVE('',#1326,(#1330,#1337),.PCURVE_S1.);
#1326 = LINE('',#1327,#1328);
#1327 = CARTESIAN_POINT('',(35.807403920117,9.058666578588,-19.7));
#1328 = VECTOR('',#1329,1.);
#1329 = DIRECTION('',(6.305496559635E-17,-4.941768411644E-18,-1.));
#1330 = PCURVE('',#1274,#1331);
#1331 = DEFINITIONAL_REPRESENTATION('',(#1332),#1336);
#1332 = LINE('',#1333,#1334);
#1333 = CARTESIAN_POINT('',(3.14159265359,0.));
#1334 = VECTOR('',#1335,1.);
#1335 = DIRECTION('',(0.,1.));
#1336 = ( GEOMETRIC_REPRESENTATION_CONTEXT(2) 
PARAMETRIC_REPRESENTATION_CONTEXT() REPRESENTATION_CONTEXT('2D SPACE',''
  ) );
#1337 = PCURVE('',#1286,#1338);
#1338 = DEFINITIONAL_REPRESENTATION('',(#1339),#1343);
#1339 = LINE('',#1340,#1341);
#1340 = CARTESIAN_POINT('',(3.14159265359,0.));
#1341 = VECTOR('',#1342,1.);
#1342 = DIRECTION('',(0.,1.));
#1343 = ( GEOMETRIC_REPRESENTATION_CONTEXT(2) 
PARAMETRIC_REPRESENTATION_CONTEXT() REPRESENTATION_CONTEXT('2D SPACE',''
  ) );
#1344 = ORIENTED_EDGE('',*,*,#1345,.T.);
#1345 = EDGE_CURVE('',#1323,#1264,#1346,.T.);
#1346 = SURFACE_CURVE('',#1347,(#1352,#1359),.PCURVE_S1.);
#1347 = CIRCLE('',#1348,2.);
#1348 = AXIS2_PLACEMENT_3D('',#1349,#1350,#1351);
#1349 = CARTESIAN_POINT('',(33.807403920117,9.058666578588,-19.7));
#1350 = DIRECTION('',(6.305496559635E-17,-4.941768411644E-18,-1.));
#1351 = DIRECTION('',(0.5,-0.866025403784,3.580717978228E-17));
#1352 = PCURVE('',#1274,#1353);
#1353 = DEFINITIONAL_REPRESENTATION('',(#1354),#1358);
#1354 = LINE('',#1355,#1356);
#1355 = CARTESIAN_POINT('',(-2.094395102393,0.));
#1356 = VECTOR('',#1357,1.);
#1357 = DIRECTION('',(1.,0.));
#1358 = ( GEOMETRIC_REPRESENTATION_CONTEXT(2) 
PARAMETRIC_REPRESENTATION_CONTEXT() REPRESENTATION_CONTEXT('2D SPACE',''
  ) );
#1359 = PCURVE('',#1360,#1365);
#1360 = PLANE('',#1361);
#1361 = AXIS2_PLACEMENT_3D('',#1362,#1363,#1364);
#1362 = CARTESIAN_POINT('',(33.807403920117,9.058666578588,-19.7));
#1363 = DIRECTION('',(6.305496559635E-17,-4.941768411644E-18,-1.));
#1364 = DIRECTION('',(0.5,-0.866025403784,3.580717978228E-17));
#1365 = DEFINITIONAL_REPRESENTATION('',(#1366),#1370);
#1366 = CIRCLE('',#1367,2.);
#1367 = AXIS2_PLACEMENT_2D('',#1368,#1369);
#1368 = CARTESIAN_POINT('',(0.,0.));
#1369 = DIRECTION('',(1.,2.22044604925E-16));
#1370 = ( GEOMETRIC_REPRESENTATION_CONTEXT(2) 
PARAMETRIC_REPRESENTATION_CONTEXT() REPRESENTATION_CONTEXT('2D SPACE',''
  ) );
#1371 = ADVANCED_FACE('',(#1372),#1386,.F.);
#1372 = FACE_BOUND('',#1373,.F.);
#1373 = EDGE_LOOP('',(#1374,#1409,#1433,#1456));
#1374 = ORIENTED_EDGE('',*,*,#1375,.T.);
#1375 = EDGE_CURVE('',#1376,#1378,#1380,.T.);
#1376 = VERTEX_POINT('',#1377);
#1377 = CARTESIAN_POINT('',(28.310889132455,17.5,-19.7));
#1378 = VERTEX_POINT('',#1379);
#1379 = CARTESIAN_POINT('',(28.310889132455,17.5,-20.2));
#1380 = SURFACE_CURVE('',#1381,(#1385,#1397),.PCURVE_S1.);
#1381 = LINE('',#1382,#1383);
#1382 = CARTESIAN_POINT('',(28.310889132455,17.5,-19.7));
#1383 = VECTOR('',#1384,1.);
#1384 = DIRECTION('',(6.305496559635E-17,-4.941768411644E-18,-1.));
#1385 = PCURVE('',#1386,#1391);
#1386 = CYLINDRICAL_SURFACE('',#1387,2.);
#1387 = AXIS2_PLACEMENT_3D('',#1388,#1389,#1390);
#1388 = CARTESIAN_POINT('',(30.310889132455,17.5,-19.7));
#1389 = DIRECTION('',(6.305496559635E-17,-4.941768411644E-18,-1.));
#1390 = DIRECTION('',(-1.,-1.734723475977E-18,-6.305496559635E-17));
#1391 = DEFINITIONAL_REPRESENTATION('',(#1392),#1396);
#1392 = LINE('',#1393,#1394);
#1393 = CARTESIAN_POINT('',(6.28318530718,0.));
#1394 = VECTOR('',#1395,1.);
#1395 = DIRECTION('',(0.,1.));
#1396 = ( GEOMETRIC_REPRESENTATION_CONTEXT(2) 
PARAMETRIC_REPRESENTATION_CONTEXT() REPRESENTATION_CONTEXT('2D SPACE',''
  ) );
#1397 = PCURVE('',#1398,#1403);
#1398 = CYLINDRICAL_SURFACE('',#1399,2.);
#1399 = AXIS2_PLACEMENT_3D('',#1400,#1401,#1402);
#1400 = CARTESIAN_POINT('',(30.310889132455,17.5,-19.7));
#1401 = DIRECTION('',(6.305496559635E-17,-4.941768411644E-18,-1.));
#1402 = DIRECTION('',(-1.,-1.734723475977E-18,-6.305496559635E-17));
#1403 = DEFINITIONAL_REPRESENTATION('',(#1404),#1408);
#1404 = LINE('',#1405,#1406);
#1405 = CARTESIAN_POINT('',(0.,0.));
#1406 = VECTOR('',#1407,1.);
#1407 = DIRECTION('',(0.,1.));
#1408 = ( GEOMETRIC_REPRESENTATION_CONTEXT(2) 
PARAMETRIC_REPRESENTATION_CONTEXT() REPRESENTATION_CONTEXT('2D SPACE',''
  ) );
#1409 = ORIENTED_EDGE('',*,*,#1410,.F.);
#1410 = EDGE_CURVE('',#1411,#1378,#1413,.T.);
#1411 = VERTEX_POINT('',#1412);
#1412 = CARTESIAN_POINT('',(32.310889132455,17.5,-20.2));
#1413 = SURFACE_CURVE('',#1414,(#1419,#1426),.PCURVE_S1.);
#1414 = CIRCLE('',#1415,2.);
#1415 = AXIS2_PLACEMENT_3D('',#1416,#1417,#1418);
#1416 = CARTESIAN_POINT('',(30.310889132455,17.5,-20.2));
#1417 = DIRECTION('',(6.305496559635E-17,-4.941768411644E-18,-1.));
#1418 = DIRECTION('',(0.707106781187,-0.707106781187,4.808095171559E-17)
  );
#1419 = PCURVE('',#1386,#1420);
#1420 = DEFINITIONAL_REPRESENTATION('',(#1421),#1425);
#1421 = LINE('',#1422,#1423);
#1422 = CARTESIAN_POINT('',(-2.356194490192,0.5));
#1423 = VECTOR('',#1424,1.);
#1424 = DIRECTION('',(1.,0.));
#1425 = ( GEOMETRIC_REPRESENTATION_CONTEXT(2) 
PARAMETRIC_REPRESENTATION_CONTEXT() REPRESENTATION_CONTEXT('2D SPACE',''
  ) );
#1426 = PCURVE('',#974,#1427);
#1427 = DEFINITIONAL_REPRESENTATION('',(#1428),#1432);
#1428 = CIRCLE('',#1429,2.);
#1429 = AXIS2_PLACEMENT_2D('',#1430,#1431);
#1430 = CARTESIAN_POINT('',(-30.31088913245,17.5));
#1431 = DIRECTION('',(-0.707106781187,-0.707106781187));
#1432 = ( GEOMETRIC_REPRESENTATION_CONTEXT(2) 
PARAMETRIC_REPRESENTATION_CONTEXT() REPRESENTATION_CONTEXT('2D SPACE',''
  ) );
#1433 = ORIENTED_EDGE('',*,*,#1434,.F.);
#1434 = EDGE_CURVE('',#1435,#1411,#1437,.T.);
#1435 = VERTEX_POINT('',#1436);
#1436 = CARTESIAN_POINT('',(32.310889132455,17.5,-19.7));
#1437 = SURFACE_CURVE('',#1438,(#1442,#1449),.PCURVE_S1.);
#1438 = LINE('',#1439,#1440);
#1439 = CARTESIAN_POINT('',(32.310889132455,17.5,-19.7));
#1440 = VECTOR('',#1441,1.);
#1441 = DIRECTION('',(6.305496559635E-17,-4.941768411644E-18,-1.));
#1442 = PCURVE('',#1386,#1443);
#1443 = DEFINITIONAL_REPRESENTATION('',(#1444),#1448);
#1444 = LINE('',#1445,#1446);
#1445 = CARTESIAN_POINT('',(3.14159265359,0.));
#1446 = VECTOR('',#1447,1.);
#1447 = DIRECTION('',(0.,1.));
#1448 = ( GEOMETRIC_REPRESENTATION_CONTEXT(2) 
PARAMETRIC_REPRESENTATION_CONTEXT() REPRESENTATION_CONTEXT('2D SPACE',''
  ) );
#1449 = PCURVE('',#1398,#1450);
#1450 = DEFINITIONAL_REPRESENTATION('',(#1451),#1455);
#1451 = LINE('',#1452,#1453);
#1452 = CARTESIAN_POINT('',(3.14159265359,0.));
#1453 = VECTOR('',#1454,1.);
#1454 = DIRECTION('',(0.,1.));
#1455 = ( GEOMETRIC_REPRESENTATION_CONTEXT(2) 
PARAMETRIC_REPRESENTATION_CONTEXT() REPRESENTATION_CONTEXT('2D SPACE',''
  ) );
#1456 = ORIENTED_EDGE('',*,*,#1457,.T.);
#1457 = EDGE_CURVE('',#1435,#1376,#1458,.T.);
#1458 = SURFACE_CURVE('',#1459,(#1464,#1471),.PCURVE_S1.);
#1459 = CIRCLE('',#1460,2.);
#1460 = AXIS2_PLACEMENT_3D('',#1461,#1462,#1463);
#1461 = CARTESIAN_POINT('',(30.310889132455,17.5,-19.7));
#1462 = DIRECTION('',(6.305496559635E-17,-4.941768411644E-18,-1.));
#1463 = DIRECTION('',(0.707106781187,-0.707106781187,4.808095171559E-17)
  );
#1464 = PCURVE('',#1386,#1465);
#1465 = DEFINITIONAL_REPRESENTATION('',(#1466),#1470);
#1466 = LINE('',#1467,#1468);
#1467 = CARTESIAN_POINT('',(-2.356194490192,0.));
#1468 = VECTOR('',#1469,1.);
#1469 = DIRECTION('',(1.,0.));
#1470 = ( GEOMETRIC_REPRESENTATION_CONTEXT(2) 
PARAMETRIC_REPRESENTATION_CONTEXT() REPRESENTATION_CONTEXT('2D SPACE',''
  ) );
#1471 = PCURVE('',#1472,#1477);
#1472 = PLANE('',#1473);
#1473 = AXIS2_PLACEMENT_3D('',#1474,#1475,#1476);
#1474 = CARTESIAN_POINT('',(30.310889132455,17.5,-19.7));
#1475 = DIRECTION('',(6.305496559635E-17,-4.941768411644E-18,-1.));
#1476 = DIRECTION('',(0.707106781187,-0.707106781187,4.808095171559E-17)
  );
#1477 = DEFINITIONAL_REPRESENTATION('',(#1478),#1482);
#1478 = CIRCLE('',#1479,2.);
#1479 = AXIS2_PLACEMENT_2D('',#1480,#1481);
#1480 = CARTESIAN_POINT('',(0.,0.));
#1481 = DIRECTION('',(1.,2.22044604925E-16));
#1482 = ( GEOMETRIC_REPRESENTATION_CONTEXT(2) 
PARAMETRIC_REPRESENTATION_CONTEXT() REPRESENTATION_CONTEXT('2D SPACE',''
  ) );
#1483 = ADVANCED_FACE('',(#1484),#1498,.F.);
#1484 = FACE_BOUND('',#1485,.F.);
#1485 = EDGE_LOOP('',(#1486,#1521,#1545,#1568));
#1486 = ORIENTED_EDGE('',*,*,#1487,.T.);
#1487 = EDGE_CURVE('',#1488,#1490,#1492,.T.);
#1488 = VERTEX_POINT('',#1489);
#1489 = CARTESIAN_POINT('',(15.5,30.310889132455,-19.7));
#1490 = VERTEX_POINT('',#1491);
#1491 = CARTESIAN_POINT('',(15.5,30.310889132455,-20.2));
#1492 = SURFACE_CURVE('',#1493,(#1497,#1509),.PCURVE_S1.);
#1493 = LINE('',#1494,#1495);
#1494 = CARTESIAN_POINT('',(15.5,30.310889132455,-19.7));
#1495 = VECTOR('',#1496,1.);
#1496 = DIRECTION('',(6.305496559635E-17,-4.941768411644E-18,-1.));
#1497 = PCURVE('',#1498,#1503);
#1498 = CYLINDRICAL_SURFACE('',#1499,2.);
#1499 = AXIS2_PLACEMENT_3D('',#1500,#1501,#1502);
#1500 = CARTESIAN_POINT('',(17.5,30.310889132455,-19.7));
#1501 = DIRECTION('',(6.305496559635E-17,-4.941768411644E-18,-1.));
#1502 = DIRECTION('',(-1.,-1.734723475977E-18,-6.305496559635E-17));
#1503 = DEFINITIONAL_REPRESENTATION('',(#1504),#1508);
#1504 = LINE('',#1505,#1506);
#1505 = CARTESIAN_POINT('',(6.28318530718,0.));
#1506 = VECTOR('',#1507,1.);
#1507 = DIRECTION('',(0.,1.));
#1508 = ( GEOMETRIC_REPRESENTATION_CONTEXT(2) 
PARAMETRIC_REPRESENTATION_CONTEXT() REPRESENTATION_CONTEXT('2D SPACE',''
  ) );
#1509 = PCURVE('',#1510,#1515);
#1510 = CYLINDRICAL_SURFACE('',#1511,2.);
#1511 = AXIS2_PLACEMENT_3D('',#1512,#1513,#1514);
#1512 = CARTESIAN_POINT('',(17.5,30.310889132455,-19.7));
#1513 = DIRECTION('',(6.305496559635E-17,-4.941768411644E-18,-1.));
#1514 = DIRECTION('',(-1.,-1.734723475977E-18,-6.305496559635E-17));
#1515 = DEFINITIONAL_REPRESENTATION('',(#1516),#1520);
#1516 = LINE('',#1517,#1518);
#1517 = CARTESIAN_POINT('',(0.,0.));
#1518 = VECTOR('',#1519,1.);
#1519 = DIRECTION('',(0.,1.));
#1520 = ( GEOMETRIC_REPRESENTATION_CONTEXT(2) 
PARAMETRIC_REPRESENTATION_CONTEXT() REPRESENTATION_CONTEXT('2D SPACE',''
  ) );
#1521 = ORIENTED_EDGE('',*,*,#1522,.F.);
#1522 = EDGE_CURVE('',#1523,#1490,#1525,.T.);
#1523 = VERTEX_POINT('',#1524);
#1524 = CARTESIAN_POINT('',(19.5,30.310889132455,-20.2));
#1525 = SURFACE_CURVE('',#1526,(#1531,#1538),.PCURVE_S1.);
#1526 = CIRCLE('',#1527,2.);
#1527 = AXIS2_PLACEMENT_3D('',#1528,#1529,#1530);
#1528 = CARTESIAN_POINT('',(17.5,30.310889132455,-20.2));
#1529 = DIRECTION('',(6.305496559635E-17,-4.941768411644E-18,-1.));
#1530 = DIRECTION('',(0.965925826289,-0.258819045103,6.21854435267E-17)
  );
#1531 = PCURVE('',#1498,#1532);
#1532 = DEFINITIONAL_REPRESENTATION('',(#1533),#1537);
#1533 = LINE('',#1534,#1535);
#1534 = CARTESIAN_POINT('',(-2.879793265791,0.5));
#1535 = VECTOR('',#1536,1.);
#1536 = DIRECTION('',(1.,0.));
#1537 = ( GEOMETRIC_REPRESENTATION_CONTEXT(2) 
PARAMETRIC_REPRESENTATION_CONTEXT() REPRESENTATION_CONTEXT('2D SPACE',''
  ) );
#1538 = PCURVE('',#974,#1539);
#1539 = DEFINITIONAL_REPRESENTATION('',(#1540),#1544);
#1540 = CIRCLE('',#1541,2.);
#1541 = AXIS2_PLACEMENT_2D('',#1542,#1543);
#1542 = CARTESIAN_POINT('',(-17.5,30.310889132455));
#1543 = DIRECTION('',(-0.965925826289,-0.258819045103));
#1544 = ( GEOMETRIC_REPRESENTATION_CONTEXT(2) 
PARAMETRIC_REPRESENTATION_CONTEXT() REPRESENTATION_CONTEXT('2D SPACE',''
  ) );
#1545 = ORIENTED_EDGE('',*,*,#1546,.F.);
#1546 = EDGE_CURVE('',#1547,#1523,#1549,.T.);
#1547 = VERTEX_POINT('',#1548);
#1548 = CARTESIAN_POINT('',(19.5,30.310889132455,-19.7));
#1549 = SURFACE_CURVE('',#1550,(#1554,#1561),.PCURVE_S1.);
#1550 = LINE('',#1551,#1552);
#1551 = CARTESIAN_POINT('',(19.5,30.310889132455,-19.7));
#1552 = VECTOR('',#1553,1.);
#1553 = DIRECTION('',(6.305496559635E-17,-4.941768411644E-18,-1.));
#1554 = PCURVE('',#1498,#1555);
#1555 = DEFINITIONAL_REPRESENTATION('',(#1556),#1560);
#1556 = LINE('',#1557,#1558);
#1557 = CARTESIAN_POINT('',(3.14159265359,0.));
#1558 = VECTOR('',#1559,1.);
#1559 = DIRECTION('',(0.,1.));
#1560 = ( GEOMETRIC_REPRESENTATION_CONTEXT(2) 
PARAMETRIC_REPRESENTATION_CONTEXT() REPRESENTATION_CONTEXT('2D SPACE',''
  ) );
#1561 = PCURVE('',#1510,#1562);
#1562 = DEFINITIONAL_REPRESENTATION('',(#1563),#1567);
#1563 = LINE('',#1564,#1565);
#1564 = CARTESIAN_POINT('',(3.14159265359,0.));
#1565 = VECTOR('',#1566,1.);
#1566 = DIRECTION('',(0.,1.));
#1567 = ( GEOMETRIC_REPRESENTATION_CONTEXT(2) 
PARAMETRIC_REPRESENTATION_CONTEXT() REPRESENTATION_CONTEXT('2D SPACE',''
  ) );
#1568 = ORIENTED_EDGE('',*,*,#1569,.T.);
#1569 = EDGE_CURVE('',#1547,#1488,#1570,.T.);
#1570 = SURFACE_CURVE('',#1571,(#1576,#1583),.PCURVE_S1.);
#1571 = CIRCLE('',#1572,2.);
#1572 = AXIS2_PLACEMENT_3D('',#1573,#1574,#1575);
#1573 = CARTESIAN_POINT('',(17.5,30.310889132455,-19.7));
#1574 = DIRECTION('',(6.305496559635E-17,-4.941768411644E-18,-1.));
#1575 = DIRECTION('',(0.965925826289,-0.258819045103,6.21854435267E-17)
  );
#1576 = PCURVE('',#1498,#1577);
#1577 = DEFINITIONAL_REPRESENTATION('',(#1578),#1582);
#1578 = LINE('',#1579,#1580);
#1579 = CARTESIAN_POINT('',(-2.879793265791,0.));
#1580 = VECTOR('',#1581,1.);
#1581 = DIRECTION('',(1.,0.));
#1582 = ( GEOMETRIC_REPRESENTATION_CONTEXT(2) 
PARAMETRIC_REPRESENTATION_CONTEXT() REPRESENTATION_CONTEXT('2D SPACE',''
  ) );
#1583 = PCURVE('',#1584,#1589);
#1584 = PLANE('',#1585);
#1585 = AXIS2_PLACEMENT_3D('',#1586,#1587,#1588);
#1586 = CARTESIAN_POINT('',(17.5,30.310889132455,-19.7));
#1587 = DIRECTION('',(6.305496559635E-17,-4.941768411644E-18,-1.));
#1588 = DIRECTION('',(0.965925826289,-0.258819045103,6.21854435267E-17)
  );
#1589 = DEFINITIONAL_REPRESENTATION('',(#1590),#1594);
#1590 = CIRCLE('',#1591,2.);
#1591 = AXIS2_PLACEMENT_2D('',#1592,#1593);
#1592 = CARTESIAN_POINT('',(0.,0.));
#1593 = DIRECTION('',(1.,-3.053113317719E-16));
#1594 = ( GEOMETRIC_REPRESENTATION_CONTEXT(2) 
PARAMETRIC_REPRESENTATION_CONTEXT() REPRESENTATION_CONTEXT('2D SPACE',''
  ) );
#1595 = ADVANCED_FACE('',(#1596),#1610,.F.);
#1596 = FACE_BOUND('',#1597,.F.);
#1597 = EDGE_LOOP('',(#1598,#1633,#1657,#1680));
#1598 = ORIENTED_EDGE('',*,*,#1599,.T.);
#1599 = EDGE_CURVE('',#1600,#1602,#1604,.T.);
#1600 = VERTEX_POINT('',#1601);
#1601 = CARTESIAN_POINT('',(7.058666578588,33.807403920117,-19.7));
#1602 = VERTEX_POINT('',#1603);
#1603 = CARTESIAN_POINT('',(7.058666578588,33.807403920117,-20.2));
#1604 = SURFACE_CURVE('',#1605,(#1609,#1621),.PCURVE_S1.);
#1605 = LINE('',#1606,#1607);
#1606 = CARTESIAN_POINT('',(7.058666578588,33.807403920117,-19.7));
#1607 = VECTOR('',#1608,1.);
#1608 = DIRECTION('',(6.305496559635E-17,-4.941768411644E-18,-1.));
#1609 = PCURVE('',#1610,#1615);
#1610 = CYLINDRICAL_SURFACE('',#1611,2.);
#1611 = AXIS2_PLACEMENT_3D('',#1612,#1613,#1614);
#1612 = CARTESIAN_POINT('',(9.058666578588,33.807403920117,-19.7));
#1613 = DIRECTION('',(6.305496559635E-17,-4.941768411644E-18,-1.));
#1614 = DIRECTION('',(-1.,-1.734723475977E-18,-6.305496559635E-17));
#1615 = DEFINITIONAL_REPRESENTATION('',(#1616),#1620);
#1616 = LINE('',#1617,#1618);
#1617 = CARTESIAN_POINT('',(6.28318530718,0.));
#1618 = VECTOR('',#1619,1.);
#1619 = DIRECTION('',(0.,1.));
#1620 = ( GEOMETRIC_REPRESENTATION_CONTEXT(2) 
PARAMETRIC_REPRESENTATION_CONTEXT() REPRESENTATION_CONTEXT('2D SPACE',''
  ) );
#1621 = PCURVE('',#1622,#1627);
#1622 = CYLINDRICAL_SURFACE('',#1623,2.);
#1623 = AXIS2_PLACEMENT_3D('',#1624,#1625,#1626);
#1624 = CARTESIAN_POINT('',(9.058666578588,33.807403920117,-19.7));
#1625 = DIRECTION('',(6.305496559635E-17,-4.941768411644E-18,-1.));
#1626 = DIRECTION('',(-1.,-1.734723475977E-18,-6.305496559635E-17));
#1627 = DEFINITIONAL_REPRESENTATION('',(#1628),#1632);
#1628 = LINE('',#1629,#1630);
#1629 = CARTESIAN_POINT('',(0.,0.));
#1630 = VECTOR('',#1631,1.);
#1631 = DIRECTION('',(0.,1.));
#1632 = ( GEOMETRIC_REPRESENTATION_CONTEXT(2) 
PARAMETRIC_REPRESENTATION_CONTEXT() REPRESENTATION_CONTEXT('2D SPACE',''
  ) );
#1633 = ORIENTED_EDGE('',*,*,#1634,.F.);
#1634 = EDGE_CURVE('',#1635,#1602,#1637,.T.);
#1635 = VERTEX_POINT('',#1636);
#1636 = CARTESIAN_POINT('',(11.058666578588,33.807403920117,-20.2));
#1637 = SURFACE_CURVE('',#1638,(#1643,#1650),.PCURVE_S1.);
#1638 = CIRCLE('',#1639,2.);
#1639 = AXIS2_PLACEMENT_3D('',#1640,#1641,#1642);
#1640 = CARTESIAN_POINT('',(9.058666578588,33.807403920117,-20.2));
#1641 = DIRECTION('',(6.305496559635E-17,-4.941768411644E-18,-1.));
#1642 = DIRECTION('',(1.,1.734723475977E-18,6.305496559635E-17));
#1643 = PCURVE('',#1610,#1644);
#1644 = DEFINITIONAL_REPRESENTATION('',(#1645),#1649);
#1645 = LINE('',#1646,#1647);
#1646 = CARTESIAN_POINT('',(3.14159265359,0.5));
#1647 = VECTOR('',#1648,1.);
#1648 = DIRECTION('',(1.,0.));
#1649 = ( GEOMETRIC_REPRESENTATION_CONTEXT(2) 
PARAMETRIC_REPRESENTATION_CONTEXT() REPRESENTATION_CONTEXT('2D SPACE',''
  ) );
#1650 = PCURVE('',#974,#1651);
#1651 = DEFINITIONAL_REPRESENTATION('',(#1652),#1656);
#1652 = CIRCLE('',#1653,2.);
#1653 = AXIS2_PLACEMENT_2D('',#1654,#1655);
#1654 = CARTESIAN_POINT('',(-9.058666578588,33.807403920117));
#1655 = DIRECTION('',(-1.,0.));
#1656 = ( GEOMETRIC_REPRESENTATION_CONTEXT(2) 
PARAMETRIC_REPRESENTATION_CONTEXT() REPRESENTATION_CONTEXT('2D SPACE',''
  ) );
#1657 = ORIENTED_EDGE('',*,*,#1658,.F.);
#1658 = EDGE_CURVE('',#1659,#1635,#1661,.T.);
#1659 = VERTEX_POINT('',#1660);
#1660 = CARTESIAN_POINT('',(11.058666578588,33.807403920117,-19.7));
#1661 = SURFACE_CURVE('',#1662,(#1666,#1673),.PCURVE_S1.);
#1662 = LINE('',#1663,#1664);
#1663 = CARTESIAN_POINT('',(11.058666578588,33.807403920117,-19.7));
#1664 = VECTOR('',#1665,1.);
#1665 = DIRECTION('',(6.305496559635E-17,-4.941768411644E-18,-1.));
#1666 = PCURVE('',#1610,#1667);
#1667 = DEFINITIONAL_REPRESENTATION('',(#1668),#1672);
#1668 = LINE('',#1669,#1670);
#1669 = CARTESIAN_POINT('',(3.14159265359,0.));
#1670 = VECTOR('',#1671,1.);
#1671 = DIRECTION('',(0.,1.));
#1672 = ( GEOMETRIC_REPRESENTATION_CONTEXT(2) 
PARAMETRIC_REPRESENTATION_CONTEXT() REPRESENTATION_CONTEXT('2D SPACE',''
  ) );
#1673 = PCURVE('',#1622,#1674);
#1674 = DEFINITIONAL_REPRESENTATION('',(#1675),#1679);
#1675 = LINE('',#1676,#1677);
#1676 = CARTESIAN_POINT('',(3.14159265359,0.));
#1677 = VECTOR('',#1678,1.);
#1678 = DIRECTION('',(0.,1.));
#1679 = ( GEOMETRIC_REPRESENTATION_CONTEXT(2) 
PARAMETRIC_REPRESENTATION_CONTEXT() REPRESENTATION_CONTEXT('2D SPACE',''
  ) );
#1680 = ORIENTED_EDGE('',*,*,#1681,.T.);
#1681 = EDGE_CURVE('',#1659,#1600,#1682,.T.);
#1682 = SURFACE_CURVE('',#1683,(#1688,#1695),.PCURVE_S1.);
#1683 = CIRCLE('',#1684,2.);
#1684 = AXIS2_PLACEMENT_3D('',#1685,#1686,#1687);
#1685 = CARTESIAN_POINT('',(9.058666578588,33.807403920117,-19.7));
#1686 = DIRECTION('',(6.305496559635E-17,-4.941768411644E-18,-1.));
#1687 = DIRECTION('',(1.,1.734723475977E-18,6.305496559635E-17));
#1688 = PCURVE('',#1610,#1689);
#1689 = DEFINITIONAL_REPRESENTATION('',(#1690),#1694);
#1690 = LINE('',#1691,#1692);
#1691 = CARTESIAN_POINT('',(3.14159265359,0.));
#1692 = VECTOR('',#1693,1.);
#1693 = DIRECTION('',(1.,0.));
#1694 = ( GEOMETRIC_REPRESENTATION_CONTEXT(2) 
PARAMETRIC_REPRESENTATION_CONTEXT() REPRESENTATION_CONTEXT('2D SPACE',''
  ) );
#1695 = PCURVE('',#1696,#1701);
#1696 = PLANE('',#1697);
#1697 = AXIS2_PLACEMENT_3D('',#1698,#1699,#1700);
#1698 = CARTESIAN_POINT('',(9.058666578588,33.807403920117,-19.7));
#1699 = DIRECTION('',(6.305496559635E-17,-4.941768411644E-18,-1.));
#1700 = DIRECTION('',(1.,1.734723475977E-18,6.305496559635E-17));
#1701 = DEFINITIONAL_REPRESENTATION('',(#1702),#1706);
#1702 = CIRCLE('',#1703,2.);
#1703 = AXIS2_PLACEMENT_2D('',#1704,#1705);
#1704 = CARTESIAN_POINT('',(0.,0.));
#1705 = DIRECTION('',(1.,0.));
#1706 = ( GEOMETRIC_REPRESENTATION_CONTEXT(2) 
PARAMETRIC_REPRESENTATION_CONTEXT() REPRESENTATION_CONTEXT('2D SPACE',''
  ) );
#1707 = ADVANCED_FACE('',(#1708),#1722,.F.);
#1708 = FACE_BOUND('',#1709,.F.);
#1709 = EDGE_LOOP('',(#1710,#1745,#1769,#1792));
#1710 = ORIENTED_EDGE('',*,*,#1711,.T.);
#1711 = EDGE_CURVE('',#1712,#1714,#1716,.T.);
#1712 = VERTEX_POINT('',#1713);
#1713 = CARTESIAN_POINT('',(-11.05866657858,33.807403920117,-19.7));
#1714 = VERTEX_POINT('',#1715);
#1715 = CARTESIAN_POINT('',(-11.05866657858,33.807403920117,-20.2));
#1716 = SURFACE_CURVE('',#1717,(#1721,#1733),.PCURVE_S1.);
#1717 = LINE('',#1718,#1719);
#1718 = CARTESIAN_POINT('',(-11.05866657858,33.807403920117,-19.7));
#1719 = VECTOR('',#1720,1.);
#1720 = DIRECTION('',(6.305496559635E-17,-4.941768411644E-18,-1.));
#1721 = PCURVE('',#1722,#1727);
#1722 = CYLINDRICAL_SURFACE('',#1723,2.);
#1723 = AXIS2_PLACEMENT_3D('',#1724,#1725,#1726);
#1724 = CARTESIAN_POINT('',(-9.058666578588,33.807403920117,-19.7));
#1725 = DIRECTION('',(6.305496559635E-17,-4.941768411644E-18,-1.));
#1726 = DIRECTION('',(-1.,-1.734723475977E-18,-6.305496559635E-17));
#1727 = DEFINITIONAL_REPRESENTATION('',(#1728),#1732);
#1728 = LINE('',#1729,#1730);
#1729 = CARTESIAN_POINT('',(6.28318530718,0.));
#1730 = VECTOR('',#1731,1.);
#1731 = DIRECTION('',(0.,1.));
#1732 = ( GEOMETRIC_REPRESENTATION_CONTEXT(2) 
PARAMETRIC_REPRESENTATION_CONTEXT() REPRESENTATION_CONTEXT('2D SPACE',''
  ) );
#1733 = PCURVE('',#1734,#1739);
#1734 = CYLINDRICAL_SURFACE('',#1735,2.);
#1735 = AXIS2_PLACEMENT_3D('',#1736,#1737,#1738);
#1736 = CARTESIAN_POINT('',(-9.058666578588,33.807403920117,-19.7));
#1737 = DIRECTION('',(6.305496559635E-17,-4.941768411644E-18,-1.));
#1738 = DIRECTION('',(-1.,-1.734723475977E-18,-6.305496559635E-17));
#1739 = DEFINITIONAL_REPRESENTATION('',(#1740),#1744);
#1740 = LINE('',#1741,#1742);
#1741 = CARTESIAN_POINT('',(0.,0.));
#1742 = VECTOR('',#1743,1.);
#1743 = DIRECTION('',(0.,1.));
#1744 = ( GEOMETRIC_REPRESENTATION_CONTEXT(2) 
PARAMETRIC_REPRESENTATION_CONTEXT() REPRESENTATION_CONTEXT('2D SPACE',''
  ) );
#1745 = ORIENTED_EDGE('',*,*,#1746,.F.);
#1746 = EDGE_CURVE('',#1747,#1714,#1749,.T.);
#1747 = VERTEX_POINT('',#1748);
#1748 = CARTESIAN_POINT('',(-7.058666578588,33.807403920117,-20.2));
#1749 = SURFACE_CURVE('',#1750,(#1755,#1762),.PCURVE_S1.);
#1750 = CIRCLE('',#1751,2.);
#1751 = AXIS2_PLACEMENT_3D('',#1752,#1753,#1754);
#1752 = CARTESIAN_POINT('',(-9.058666578588,33.807403920117,-20.2));
#1753 = DIRECTION('',(6.305496559635E-17,-4.941768411644E-18,-1.));
#1754 = DIRECTION('',(0.866025403784,0.5,5.213631783537E-17));
#1755 = PCURVE('',#1722,#1756);
#1756 = DEFINITIONAL_REPRESENTATION('',(#1757),#1761);
#1757 = LINE('',#1758,#1759);
#1758 = CARTESIAN_POINT('',(2.617993877991,0.5));
#1759 = VECTOR('',#1760,1.);
#1760 = DIRECTION('',(1.,0.));
#1761 = ( GEOMETRIC_REPRESENTATION_CONTEXT(2) 
PARAMETRIC_REPRESENTATION_CONTEXT() REPRESENTATION_CONTEXT('2D SPACE',''
  ) );
#1762 = PCURVE('',#974,#1763);
#1763 = DEFINITIONAL_REPRESENTATION('',(#1764),#1768);
#1764 = CIRCLE('',#1765,2.);
#1765 = AXIS2_PLACEMENT_2D('',#1766,#1767);
#1766 = CARTESIAN_POINT('',(9.058666578588,33.807403920117));
#1767 = DIRECTION('',(-0.866025403784,0.5));
#1768 = ( GEOMETRIC_REPRESENTATION_CONTEXT(2) 
PARAMETRIC_REPRESENTATION_CONTEXT() REPRESENTATION_CONTEXT('2D SPACE',''
  ) );
#1769 = ORIENTED_EDGE('',*,*,#1770,.F.);
#1770 = EDGE_CURVE('',#1771,#1747,#1773,.T.);
#1771 = VERTEX_POINT('',#1772);
#1772 = CARTESIAN_POINT('',(-7.058666578588,33.807403920117,-19.7));
#1773 = SURFACE_CURVE('',#1774,(#1778,#1785),.PCURVE_S1.);
#1774 = LINE('',#1775,#1776);
#1775 = CARTESIAN_POINT('',(-7.058666578588,33.807403920117,-19.7));
#1776 = VECTOR('',#1777,1.);
#1777 = DIRECTION('',(6.305496559635E-17,-4.941768411644E-18,-1.));
#1778 = PCURVE('',#1722,#1779);
#1779 = DEFINITIONAL_REPRESENTATION('',(#1780),#1784);
#1780 = LINE('',#1781,#1782);
#1781 = CARTESIAN_POINT('',(3.14159265359,0.));
#1782 = VECTOR('',#1783,1.);
#1783 = DIRECTION('',(0.,1.));
#1784 = ( GEOMETRIC_REPRESENTATION_CONTEXT(2) 
PARAMETRIC_REPRESENTATION_CONTEXT() REPRESENTATION_CONTEXT('2D SPACE',''
  ) );
#1785 = PCURVE('',#1734,#1786);
#1786 = DEFINITIONAL_REPRESENTATION('',(#1787),#1791);
#1787 = LINE('',#1788,#1789);
#1788 = CARTESIAN_POINT('',(3.14159265359,0.));
#1789 = VECTOR('',#1790,1.);
#1790 = DIRECTION('',(0.,1.));
#1791 = ( GEOMETRIC_REPRESENTATION_CONTEXT(2) 
PARAMETRIC_REPRESENTATION_CONTEXT() REPRESENTATION_CONTEXT('2D SPACE',''
  ) );
#1792 = ORIENTED_EDGE('',*,*,#1793,.T.);
#1793 = EDGE_CURVE('',#1771,#1712,#1794,.T.);
#1794 = SURFACE_CURVE('',#1795,(#1800,#1807),.PCURVE_S1.);
#1795 = CIRCLE('',#1796,2.);
#1796 = AXIS2_PLACEMENT_3D('',#1797,#1798,#1799);
#1797 = CARTESIAN_POINT('',(-9.058666578588,33.807403920117,-19.7));
#1798 = DIRECTION('',(6.305496559635E-17,-4.941768411644E-18,-1.));
#1799 = DIRECTION('',(0.866025403784,0.5,5.213631783537E-17));
#1800 = PCURVE('',#1722,#1801);
#1801 = DEFINITIONAL_REPRESENTATION('',(#1802),#1806);
#1802 = LINE('',#1803,#1804);
#1803 = CARTESIAN_POINT('',(2.617993877991,0.));
#1804 = VECTOR('',#1805,1.);
#1805 = DIRECTION('',(1.,0.));
#1806 = ( GEOMETRIC_REPRESENTATION_CONTEXT(2) 
PARAMETRIC_REPRESENTATION_CONTEXT() REPRESENTATION_CONTEXT('2D SPACE',''
  ) );
#1807 = PCURVE('',#1808,#1813);
#1808 = PLANE('',#1809);
#1809 = AXIS2_PLACEMENT_3D('',#1810,#1811,#1812);
#1810 = CARTESIAN_POINT('',(-9.058666578588,33.807403920117,-19.7));
#1811 = DIRECTION('',(6.305496559635E-17,-4.941768411644E-18,-1.));
#1812 = DIRECTION('',(0.866025403784,0.5,5.213631783537E-17));
#1813 = DEFINITIONAL_REPRESENTATION('',(#1814),#1818);
#1814 = CIRCLE('',#1815,2.);
#1815 = AXIS2_PLACEMENT_2D('',#1816,#1817);
#1816 = CARTESIAN_POINT('',(0.,0.));
#1817 = DIRECTION('',(1.,-2.22044604925E-16));
#1818 = ( GEOMETRIC_REPRESENTATION_CONTEXT(2) 
PARAMETRIC_REPRESENTATION_CONTEXT() REPRESENTATION_CONTEXT('2D SPACE',''
  ) );
#1819 = ADVANCED_FACE('',(#1820),#1834,.F.);
#1820 = FACE_BOUND('',#1821,.F.);
#1821 = EDGE_LOOP('',(#1822,#1857,#1881,#1904));
#1822 = ORIENTED_EDGE('',*,*,#1823,.T.);
#1823 = EDGE_CURVE('',#1824,#1826,#1828,.T.);
#1824 = VERTEX_POINT('',#1825);
#1825 = CARTESIAN_POINT('',(-19.5,30.310889132455,-19.7));
#1826 = VERTEX_POINT('',#1827);
#1827 = CARTESIAN_POINT('',(-19.5,30.310889132455,-20.2));
#1828 = SURFACE_CURVE('',#1829,(#1833,#1845),.PCURVE_S1.);
#1829 = LINE('',#1830,#1831);
#1830 = CARTESIAN_POINT('',(-19.5,30.310889132455,-19.7));
#1831 = VECTOR('',#1832,1.);
#1832 = DIRECTION('',(6.305496559635E-17,-4.941768411644E-18,-1.));
#1833 = PCURVE('',#1834,#1839);
#1834 = CYLINDRICAL_SURFACE('',#1835,2.);
#1835 = AXIS2_PLACEMENT_3D('',#1836,#1837,#1838);
#1836 = CARTESIAN_POINT('',(-17.5,30.310889132455,-19.7));
#1837 = DIRECTION('',(6.305496559635E-17,-4.941768411644E-18,-1.));
#1838 = DIRECTION('',(-1.,-1.734723475977E-18,-6.305496559635E-17));
#1839 = DEFINITIONAL_REPRESENTATION('',(#1840),#1844);
#1840 = LINE('',#1841,#1842);
#1841 = CARTESIAN_POINT('',(6.28318530718,0.));
#1842 = VECTOR('',#1843,1.);
#1843 = DIRECTION('',(0.,1.));
#1844 = ( GEOMETRIC_REPRESENTATION_CONTEXT(2) 
PARAMETRIC_REPRESENTATION_CONTEXT() REPRESENTATION_CONTEXT('2D SPACE',''
  ) );
#1845 = PCURVE('',#1846,#1851);
#1846 = CYLINDRICAL_SURFACE('',#1847,2.);
#1847 = AXIS2_PLACEMENT_3D('',#1848,#1849,#1850);
#1848 = CARTESIAN_POINT('',(-17.5,30.310889132455,-19.7));
#1849 = DIRECTION('',(6.305496559635E-17,-4.941768411644E-18,-1.));
#1850 = DIRECTION('',(-1.,-1.734723475977E-18,-6.305496559635E-17));
#1851 = DEFINITIONAL_REPRESENTATION('',(#1852),#1856);
#1852 = LINE('',#1853,#1854);
#1853 = CARTESIAN_POINT('',(0.,0.));
#1854 = VECTOR('',#1855,1.);
#1855 = DIRECTION('',(0.,1.));
#1856 = ( GEOMETRIC_REPRESENTATION_CONTEXT(2) 
PARAMETRIC_REPRESENTATION_CONTEXT() REPRESENTATION_CONTEXT('2D SPACE',''
  ) );
#1857 = ORIENTED_EDGE('',*,*,#1858,.F.);
#1858 = EDGE_CURVE('',#1859,#1826,#1861,.T.);
#1859 = VERTEX_POINT('',#1860);
#1860 = CARTESIAN_POINT('',(-15.5,30.310889132455,-20.2));
#1861 = SURFACE_CURVE('',#1862,(#1867,#1874),.PCURVE_S1.);
#1862 = CIRCLE('',#1863,2.);
#1863 = AXIS2_PLACEMENT_3D('',#1864,#1865,#1866);
#1864 = CARTESIAN_POINT('',(-17.5,30.310889132455,-20.2));
#1865 = DIRECTION('',(6.305496559635E-17,-4.941768411644E-18,-1.));
#1866 = DIRECTION('',(0.707106781187,0.707106781187,4.109223580573E-17)
  );
#1867 = PCURVE('',#1834,#1868);
#1868 = DEFINITIONAL_REPRESENTATION('',(#1869),#1873);
#1869 = LINE('',#1870,#1871);
#1870 = CARTESIAN_POINT('',(2.356194490192,0.5));
#1871 = VECTOR('',#1872,1.);
#1872 = DIRECTION('',(1.,0.));
#1873 = ( GEOMETRIC_REPRESENTATION_CONTEXT(2) 
PARAMETRIC_REPRESENTATION_CONTEXT() REPRESENTATION_CONTEXT('2D SPACE',''
  ) );
#1874 = PCURVE('',#974,#1875);
#1875 = DEFINITIONAL_REPRESENTATION('',(#1876),#1880);
#1876 = CIRCLE('',#1877,2.);
#1877 = AXIS2_PLACEMENT_2D('',#1878,#1879);
#1878 = CARTESIAN_POINT('',(17.5,30.310889132455));
#1879 = DIRECTION('',(-0.707106781187,0.707106781187));
#1880 = ( GEOMETRIC_REPRESENTATION_CONTEXT(2) 
PARAMETRIC_REPRESENTATION_CONTEXT() REPRESENTATION_CONTEXT('2D SPACE',''
  ) );
#1881 = ORIENTED_EDGE('',*,*,#1882,.F.);
#1882 = EDGE_CURVE('',#1883,#1859,#1885,.T.);
#1883 = VERTEX_POINT('',#1884);
#1884 = CARTESIAN_POINT('',(-15.5,30.310889132455,-19.7));
#1885 = SURFACE_CURVE('',#1886,(#1890,#1897),.PCURVE_S1.);
#1886 = LINE('',#1887,#1888);
#1887 = CARTESIAN_POINT('',(-15.5,30.310889132455,-19.7));
#1888 = VECTOR('',#1889,1.);
#1889 = DIRECTION('',(6.305496559635E-17,-4.941768411644E-18,-1.));
#1890 = PCURVE('',#1834,#1891);
#1891 = DEFINITIONAL_REPRESENTATION('',(#1892),#1896);
#1892 = LINE('',#1893,#1894);
#1893 = CARTESIAN_POINT('',(3.14159265359,0.));
#1894 = VECTOR('',#1895,1.);
#1895 = DIRECTION('',(0.,1.));
#1896 = ( GEOMETRIC_REPRESENTATION_CONTEXT(2) 
PARAMETRIC_REPRESENTATION_CONTEXT() REPRESENTATION_CONTEXT('2D SPACE',''
  ) );
#1897 = PCURVE('',#1846,#1898);
#1898 = DEFINITIONAL_REPRESENTATION('',(#1899),#1903);
#1899 = LINE('',#1900,#1901);
#1900 = CARTESIAN_POINT('',(3.14159265359,0.));
#1901 = VECTOR('',#1902,1.);
#1902 = DIRECTION('',(0.,1.));
#1903 = ( GEOMETRIC_REPRESENTATION_CONTEXT(2) 
PARAMETRIC_REPRESENTATION_CONTEXT() REPRESENTATION_CONTEXT('2D SPACE',''
  ) );
#1904 = ORIENTED_EDGE('',*,*,#1905,.T.);
#1905 = EDGE_CURVE('',#1883,#1824,#1906,.T.);
#1906 = SURFACE_CURVE('',#1907,(#1912,#1919),.PCURVE_S1.);
#1907 = CIRCLE('',#1908,2.);
#1908 = AXIS2_PLACEMENT_3D('',#1909,#1910,#1911);
#1909 = CARTESIAN_POINT('',(-17.5,30.310889132455,-19.7));
#1910 = DIRECTION('',(6.305496559635E-17,-4.941768411644E-18,-1.));
#1911 = DIRECTION('',(0.707106781187,0.707106781187,4.109223580573E-17)
  );
#1912 = PCURVE('',#1834,#1913);
#1913 = DEFINITIONAL_REPRESENTATION('',(#1914),#1918);
#1914 = LINE('',#1915,#1916);
#1915 = CARTESIAN_POINT('',(2.356194490192,0.));
#1916 = VECTOR('',#1917,1.);
#1917 = DIRECTION('',(1.,0.));
#1918 = ( GEOMETRIC_REPRESENTATION_CONTEXT(2) 
PARAMETRIC_REPRESENTATION_CONTEXT() REPRESENTATION_CONTEXT('2D SPACE',''
  ) );
#1919 = PCURVE('',#1920,#1925);
#1920 = PLANE('',#1921);
#1921 = AXIS2_PLACEMENT_3D('',#1922,#1923,#1924);
#1922 = CARTESIAN_POINT('',(-17.5,30.310889132455,-19.7));
#1923 = DIRECTION('',(6.305496559635E-17,-4.941768411644E-18,-1.));
#1924 = DIRECTION('',(0.707106781187,0.707106781187,4.109223580573E-17)
  );
#1925 = DEFINITIONAL_REPRESENTATION('',(#1926),#1930);
#1926 = CIRCLE('',#1927,2.);
#1927 = AXIS2_PLACEMENT_2D('',#1928,#1929);
#1928 = CARTESIAN_POINT('',(0.,0.));
#1929 = DIRECTION('',(1.,1.276756478319E-15));
#1930 = ( GEOMETRIC_REPRESENTATION_CONTEXT(2) 
PARAMETRIC_REPRESENTATION_CONTEXT() REPRESENTATION_CONTEXT('2D SPACE',''
  ) );
#1931 = ADVANCED_FACE('',(#1932),#1946,.F.);
#1932 = FACE_BOUND('',#1933,.F.);
#1933 = EDGE_LOOP('',(#1934,#1969,#1993,#2016));
#1934 = ORIENTED_EDGE('',*,*,#1935,.T.);
#1935 = EDGE_CURVE('',#1936,#1938,#1940,.T.);
#1936 = VERTEX_POINT('',#1937);
#1937 = CARTESIAN_POINT('',(-32.31088913245,17.5,-19.7));
#1938 = VERTEX_POINT('',#1939);
#1939 = CARTESIAN_POINT('',(-32.31088913245,17.5,-20.2));
#1940 = SURFACE_CURVE('',#1941,(#1945,#1957),.PCURVE_S1.);
#1941 = LINE('',#1942,#1943);
#1942 = CARTESIAN_POINT('',(-32.31088913245,17.5,-19.7));
#1943 = VECTOR('',#1944,1.);
#1944 = DIRECTION('',(6.305496559635E-17,-4.941768411644E-18,-1.));
#1945 = PCURVE('',#1946,#1951);
#1946 = CYLINDRICAL_SURFACE('',#1947,2.);
#1947 = AXIS2_PLACEMENT_3D('',#1948,#1949,#1950);
#1948 = CARTESIAN_POINT('',(-30.31088913245,17.5,-19.7));
#1949 = DIRECTION('',(6.305496559635E-17,-4.941768411644E-18,-1.));
#1950 = DIRECTION('',(-1.,-1.734723475977E-18,-6.305496559635E-17));
#1951 = DEFINITIONAL_REPRESENTATION('',(#1952),#1956);
#1952 = LINE('',#1953,#1954);
#1953 = CARTESIAN_POINT('',(6.28318530718,0.));
#1954 = VECTOR('',#1955,1.);
#1955 = DIRECTION('',(0.,1.));
#1956 = ( GEOMETRIC_REPRESENTATION_CONTEXT(2) 
PARAMETRIC_REPRESENTATION_CONTEXT() REPRESENTATION_CONTEXT('2D SPACE',''
  ) );
#1957 = PCURVE('',#1958,#1963);
#1958 = CYLINDRICAL_SURFACE('',#1959,2.);
#1959 = AXIS2_PLACEMENT_3D('',#1960,#1961,#1962);
#1960 = CARTESIAN_POINT('',(-30.31088913245,17.5,-19.7));
#1961 = DIRECTION('',(6.305496559635E-17,-4.941768411644E-18,-1.));
#1962 = DIRECTION('',(-1.,-1.734723475977E-18,-6.305496559635E-17));
#1963 = DEFINITIONAL_REPRESENTATION('',(#1964),#1968);
#1964 = LINE('',#1965,#1966);
#1965 = CARTESIAN_POINT('',(0.,0.));
#1966 = VECTOR('',#1967,1.);
#1967 = DIRECTION('',(0.,1.));
#1968 = ( GEOMETRIC_REPRESENTATION_CONTEXT(2) 
PARAMETRIC_REPRESENTATION_CONTEXT() REPRESENTATION_CONTEXT('2D SPACE',''
  ) );
#1969 = ORIENTED_EDGE('',*,*,#1970,.F.);
#1970 = EDGE_CURVE('',#1971,#1938,#1973,.T.);
#1971 = VERTEX_POINT('',#1972);
#1972 = CARTESIAN_POINT('',(-28.31088913245,17.5,-20.2));
#1973 = SURFACE_CURVE('',#1974,(#1979,#1986),.PCURVE_S1.);
#1974 = CIRCLE('',#1975,2.);
#1975 = AXIS2_PLACEMENT_3D('',#1976,#1977,#1978);
#1976 = CARTESIAN_POINT('',(-30.31088913245,17.5,-20.2));
#1977 = DIRECTION('',(6.305496559635E-17,-4.941768411644E-18,-1.));
#1978 = DIRECTION('',(0.258819045103,0.965925826289,1.154644424827E-17)
  );
#1979 = PCURVE('',#1946,#1980);
#1980 = DEFINITIONAL_REPRESENTATION('',(#1981),#1985);
#1981 = LINE('',#1982,#1983);
#1982 = CARTESIAN_POINT('',(1.832595714594,0.5));
#1983 = VECTOR('',#1984,1.);
#1984 = DIRECTION('',(1.,0.));
#1985 = ( GEOMETRIC_REPRESENTATION_CONTEXT(2) 
PARAMETRIC_REPRESENTATION_CONTEXT() REPRESENTATION_CONTEXT('2D SPACE',''
  ) );
#1986 = PCURVE('',#974,#1987);
#1987 = DEFINITIONAL_REPRESENTATION('',(#1988),#1992);
#1988 = CIRCLE('',#1989,2.);
#1989 = AXIS2_PLACEMENT_2D('',#1990,#1991);
#1990 = CARTESIAN_POINT('',(30.310889132456,17.5));
#1991 = DIRECTION('',(-0.258819045103,0.965925826289));
#1992 = ( GEOMETRIC_REPRESENTATION_CONTEXT(2) 
PARAMETRIC_REPRESENTATION_CONTEXT() REPRESENTATION_CONTEXT('2D SPACE',''
  ) );
#1993 = ORIENTED_EDGE('',*,*,#1994,.F.);
#1994 = EDGE_CURVE('',#1995,#1971,#1997,.T.);
#1995 = VERTEX_POINT('',#1996);
#1996 = CARTESIAN_POINT('',(-28.31088913245,17.5,-19.7));
#1997 = SURFACE_CURVE('',#1998,(#2002,#2009),.PCURVE_S1.);
#1998 = LINE('',#1999,#2000);
#1999 = CARTESIAN_POINT('',(-28.31088913245,17.5,-19.7));
#2000 = VECTOR('',#2001,1.);
#2001 = DIRECTION('',(6.305496559635E-17,-4.941768411644E-18,-1.));
#2002 = PCURVE('',#1946,#2003);
#2003 = DEFINITIONAL_REPRESENTATION('',(#2004),#2008);
#2004 = LINE('',#2005,#2006);
#2005 = CARTESIAN_POINT('',(3.14159265359,0.));
#2006 = VECTOR('',#2007,1.);
#2007 = DIRECTION('',(0.,1.));
#2008 = ( GEOMETRIC_REPRESENTATION_CONTEXT(2) 
PARAMETRIC_REPRESENTATION_CONTEXT() REPRESENTATION_CONTEXT('2D SPACE',''
  ) );
#2009 = PCURVE('',#1958,#2010);
#2010 = DEFINITIONAL_REPRESENTATION('',(#2011),#2015);
#2011 = LINE('',#2012,#2013);
#2012 = CARTESIAN_POINT('',(3.14159265359,0.));
#2013 = VECTOR('',#2014,1.);
#2014 = DIRECTION('',(0.,1.));
#2015 = ( GEOMETRIC_REPRESENTATION_CONTEXT(2) 
PARAMETRIC_REPRESENTATION_CONTEXT() REPRESENTATION_CONTEXT('2D SPACE',''
  ) );
#2016 = ORIENTED_EDGE('',*,*,#2017,.T.);
#2017 = EDGE_CURVE('',#1995,#1936,#2018,.T.);
#2018 = SURFACE_CURVE('',#2019,(#2024,#2031),.PCURVE_S1.);
#2019 = CIRCLE('',#2020,2.);
#2020 = AXIS2_PLACEMENT_3D('',#2021,#2022,#2023);
#2021 = CARTESIAN_POINT('',(-30.31088913245,17.5,-19.7));
#2022 = DIRECTION('',(6.305496559635E-17,-4.941768411644E-18,-1.));
#2023 = DIRECTION('',(0.258819045103,0.965925826289,1.154644424827E-17)
  );
#2024 = PCURVE('',#1946,#2025);
#2025 = DEFINITIONAL_REPRESENTATION('',(#2026),#2030);
#2026 = LINE('',#2027,#2028);
#2027 = CARTESIAN_POINT('',(1.832595714594,0.));
#2028 = VECTOR('',#2029,1.);
#2029 = DIRECTION('',(1.,0.));
#2030 = ( GEOMETRIC_REPRESENTATION_CONTEXT(2) 
PARAMETRIC_REPRESENTATION_CONTEXT() REPRESENTATION_CONTEXT('2D SPACE',''
  ) );
#2031 = PCURVE('',#2032,#2037);
#2032 = PLANE('',#2033);
#2033 = AXIS2_PLACEMENT_3D('',#2034,#2035,#2036);
#2034 = CARTESIAN_POINT('',(-30.31088913245,17.5,-19.7));
#2035 = DIRECTION('',(6.305496559635E-17,-4.941768411644E-18,-1.));
#2036 = DIRECTION('',(0.258819045103,0.965925826289,1.154644424827E-17)
  );
#2037 = DEFINITIONAL_REPRESENTATION('',(#2038),#2042);
#2038 = CIRCLE('',#2039,2.);
#2039 = AXIS2_PLACEMENT_2D('',#2040,#2041);
#2040 = CARTESIAN_POINT('',(0.,0.));
#2041 = DIRECTION('',(1.,-5.828670879282E-16));
#2042 = ( GEOMETRIC_REPRESENTATION_CONTEXT(2) 
PARAMETRIC_REPRESENTATION_CONTEXT() REPRESENTATION_CONTEXT('2D SPACE',''
  ) );
#2043 = ADVANCED_FACE('',(#2044),#2058,.F.);
#2044 = FACE_BOUND('',#2045,.F.);
#2045 = EDGE_LOOP('',(#2046,#2081,#2105,#2128));
#2046 = ORIENTED_EDGE('',*,*,#2047,.T.);
#2047 = EDGE_CURVE('',#2048,#2050,#2052,.T.);
#2048 = VERTEX_POINT('',#2049);
#2049 = CARTESIAN_POINT('',(-35.80740392011,9.058666578588,-19.7));
#2050 = VERTEX_POINT('',#2051);
#2051 = CARTESIAN_POINT('',(-35.80740392011,9.058666578588,-20.2));
#2052 = SURFACE_CURVE('',#2053,(#2057,#2069),.PCURVE_S1.);
#2053 = LINE('',#2054,#2055);
#2054 = CARTESIAN_POINT('',(-35.80740392011,9.058666578588,-19.7));
#2055 = VECTOR('',#2056,1.);
#2056 = DIRECTION('',(6.305496559635E-17,-4.941768411644E-18,-1.));
#2057 = PCURVE('',#2058,#2063);
#2058 = CYLINDRICAL_SURFACE('',#2059,2.);
#2059 = AXIS2_PLACEMENT_3D('',#2060,#2061,#2062);
#2060 = CARTESIAN_POINT('',(-33.80740392011,9.058666578588,-19.7));
#2061 = DIRECTION('',(6.305496559635E-17,-4.941768411644E-18,-1.));
#2062 = DIRECTION('',(-1.,-1.734723475977E-18,-6.305496559635E-17));
#2063 = DEFINITIONAL_REPRESENTATION('',(#2064),#2068);
#2064 = LINE('',#2065,#2066);
#2065 = CARTESIAN_POINT('',(6.28318530718,0.));
#2066 = VECTOR('',#2067,1.);
#2067 = DIRECTION('',(0.,1.));
#2068 = ( GEOMETRIC_REPRESENTATION_CONTEXT(2) 
PARAMETRIC_REPRESENTATION_CONTEXT() REPRESENTATION_CONTEXT('2D SPACE',''
  ) );
#2069 = PCURVE('',#2070,#2075);
#2070 = CYLINDRICAL_SURFACE('',#2071,2.);
#2071 = AXIS2_PLACEMENT_3D('',#2072,#2073,#2074);
#2072 = CARTESIAN_POINT('',(-33.80740392011,9.058666578588,-19.7));
#2073 = DIRECTION('',(6.305496559635E-17,-4.941768411644E-18,-1.));
#2074 = DIRECTION('',(-1.,-1.734723475977E-18,-6.305496559635E-17));
#2075 = DEFINITIONAL_REPRESENTATION('',(#2076),#2080);
#2076 = LINE('',#2077,#2078);
#2077 = CARTESIAN_POINT('',(0.,0.));
#2078 = VECTOR('',#2079,1.);
#2079 = DIRECTION('',(0.,1.));
#2080 = ( GEOMETRIC_REPRESENTATION_CONTEXT(2) 
PARAMETRIC_REPRESENTATION_CONTEXT() REPRESENTATION_CONTEXT('2D SPACE',''
  ) );
#2081 = ORIENTED_EDGE('',*,*,#2082,.F.);
#2082 = EDGE_CURVE('',#2083,#2050,#2085,.T.);
#2083 = VERTEX_POINT('',#2084);
#2084 = CARTESIAN_POINT('',(-31.80740392011,9.058666578588,-20.2));
#2085 = SURFACE_CURVE('',#2086,(#2091,#2098),.PCURVE_S1.);
#2086 = CIRCLE('',#2087,2.);
#2087 = AXIS2_PLACEMENT_3D('',#2088,#2089,#2090);
#2088 = CARTESIAN_POINT('',(-33.80740392011,9.058666578588,-20.2));
#2089 = DIRECTION('',(6.305496559635E-17,-4.941768411644E-18,-1.));
#2090 = DIRECTION('',(-1.041007557934E-14,1.,-4.941768411645E-18));
#2091 = PCURVE('',#2058,#2092);
#2092 = DEFINITIONAL_REPRESENTATION('',(#2093),#2097);
#2093 = LINE('',#2094,#2095);
#2094 = CARTESIAN_POINT('',(1.570796326795,0.5));
#2095 = VECTOR('',#2096,1.);
#2096 = DIRECTION('',(1.,0.));
#2097 = ( GEOMETRIC_REPRESENTATION_CONTEXT(2) 
PARAMETRIC_REPRESENTATION_CONTEXT() REPRESENTATION_CONTEXT('2D SPACE',''
  ) );
#2098 = PCURVE('',#974,#2099);
#2099 = DEFINITIONAL_REPRESENTATION('',(#2100),#2104);
#2100 = CIRCLE('',#2101,2.);
#2101 = AXIS2_PLACEMENT_2D('',#2102,#2103);
#2102 = CARTESIAN_POINT('',(33.807403920117,9.058666578588));
#2103 = DIRECTION('',(1.040834085586E-14,1.));
#2104 = ( GEOMETRIC_REPRESENTATION_CONTEXT(2) 
PARAMETRIC_REPRESENTATION_CONTEXT() REPRESENTATION_CONTEXT('2D SPACE',''
  ) );
#2105 = ORIENTED_EDGE('',*,*,#2106,.F.);
#2106 = EDGE_CURVE('',#2107,#2083,#2109,.T.);
#2107 = VERTEX_POINT('',#2108);
#2108 = CARTESIAN_POINT('',(-31.80740392011,9.058666578588,-19.7));
#2109 = SURFACE_CURVE('',#2110,(#2114,#2121),.PCURVE_S1.);
#2110 = LINE('',#2111,#2112);
#2111 = CARTESIAN_POINT('',(-31.80740392011,9.058666578588,-19.7));
#2112 = VECTOR('',#2113,1.);
#2113 = DIRECTION('',(6.305496559635E-17,-4.941768411644E-18,-1.));
#2114 = PCURVE('',#2058,#2115);
#2115 = DEFINITIONAL_REPRESENTATION('',(#2116),#2120);
#2116 = LINE('',#2117,#2118);
#2117 = CARTESIAN_POINT('',(3.14159265359,0.));
#2118 = VECTOR('',#2119,1.);
#2119 = DIRECTION('',(0.,1.));
#2120 = ( GEOMETRIC_REPRESENTATION_CONTEXT(2) 
PARAMETRIC_REPRESENTATION_CONTEXT() REPRESENTATION_CONTEXT('2D SPACE',''
  ) );
#2121 = PCURVE('',#2070,#2122);
#2122 = DEFINITIONAL_REPRESENTATION('',(#2123),#2127);
#2123 = LINE('',#2124,#2125);
#2124 = CARTESIAN_POINT('',(3.14159265359,0.));
#2125 = VECTOR('',#2126,1.);
#2126 = DIRECTION('',(0.,1.));
#2127 = ( GEOMETRIC_REPRESENTATION_CONTEXT(2) 
PARAMETRIC_REPRESENTATION_CONTEXT() REPRESENTATION_CONTEXT('2D SPACE',''
  ) );
#2128 = ORIENTED_EDGE('',*,*,#2129,.T.);
#2129 = EDGE_CURVE('',#2107,#2048,#2130,.T.);
#2130 = SURFACE_CURVE('',#2131,(#2136,#2143),.PCURVE_S1.);
#2131 = CIRCLE('',#2132,2.);
#2132 = AXIS2_PLACEMENT_3D('',#2133,#2134,#2135);
#2133 = CARTESIAN_POINT('',(-33.80740392011,9.058666578588,-19.7));
#2134 = DIRECTION('',(6.305496559635E-17,-4.941768411644E-18,-1.));
#2135 = DIRECTION('',(-1.041007557934E-14,1.,-4.941768411645E-18));
#2136 = PCURVE('',#2058,#2137);
#2137 = DEFINITIONAL_REPRESENTATION('',(#2138),#2142);
#2138 = LINE('',#2139,#2140);
#2139 = CARTESIAN_POINT('',(1.570796326795,0.));
#2140 = VECTOR('',#2141,1.);
#2141 = DIRECTION('',(1.,0.));
#2142 = ( GEOMETRIC_REPRESENTATION_CONTEXT(2) 
PARAMETRIC_REPRESENTATION_CONTEXT() REPRESENTATION_CONTEXT('2D SPACE',''
  ) );
#2143 = PCURVE('',#2144,#2149);
#2144 = PLANE('',#2145);
#2145 = AXIS2_PLACEMENT_3D('',#2146,#2147,#2148);
#2146 = CARTESIAN_POINT('',(-33.80740392011,9.058666578588,-19.7));
#2147 = DIRECTION('',(6.305496559635E-17,-4.941768411644E-18,-1.));
#2148 = DIRECTION('',(-1.047617874001E-14,1.,-4.941768411645E-18));
#2149 = DEFINITIONAL_REPRESENTATION('',(#2150),#2154);
#2150 = CIRCLE('',#2151,2.);
#2151 = AXIS2_PLACEMENT_2D('',#2152,#2153);
#2152 = CARTESIAN_POINT('',(0.,0.));
#2153 = DIRECTION('',(1.,6.610316066856E-17));
#2154 = ( GEOMETRIC_REPRESENTATION_CONTEXT(2) 
PARAMETRIC_REPRESENTATION_CONTEXT() REPRESENTATION_CONTEXT('2D SPACE',''
  ) );
#2155 = ADVANCED_FACE('',(#2156),#2170,.F.);
#2156 = FACE_BOUND('',#2157,.F.);
#2157 = EDGE_LOOP('',(#2158,#2193,#2217,#2240));
#2158 = ORIENTED_EDGE('',*,*,#2159,.T.);
#2159 = EDGE_CURVE('',#2160,#2162,#2164,.T.);
#2160 = VERTEX_POINT('',#2161);
#2161 = CARTESIAN_POINT('',(-35.80740392011,-9.058666578589,-19.7));
#2162 = VERTEX_POINT('',#2163);
#2163 = CARTESIAN_POINT('',(-35.80740392011,-9.058666578589,-20.2));
#2164 = SURFACE_CURVE('',#2165,(#2169,#2181),.PCURVE_S1.);
#2165 = LINE('',#2166,#2167);
#2166 = CARTESIAN_POINT('',(-35.80740392011,-9.058666578589,-19.7));
#2167 = VECTOR('',#2168,1.);
#2168 = DIRECTION('',(6.305496559635E-17,-4.941768411644E-18,-1.));
#2169 = PCURVE('',#2170,#2175);
#2170 = CYLINDRICAL_SURFACE('',#2171,2.);
#2171 = AXIS2_PLACEMENT_3D('',#2172,#2173,#2174);
#2172 = CARTESIAN_POINT('',(-33.80740392011,-9.058666578589,-19.7));
#2173 = DIRECTION('',(6.305496559635E-17,-4.941768411644E-18,-1.));
#2174 = DIRECTION('',(-1.,-1.734723475977E-18,-6.305496559635E-17));
#2175 = DEFINITIONAL_REPRESENTATION('',(#2176),#2180);
#2176 = LINE('',#2177,#2178);
#2177 = CARTESIAN_POINT('',(6.28318530718,0.));
#2178 = VECTOR('',#2179,1.);
#2179 = DIRECTION('',(0.,1.));
#2180 = ( GEOMETRIC_REPRESENTATION_CONTEXT(2) 
PARAMETRIC_REPRESENTATION_CONTEXT() REPRESENTATION_CONTEXT('2D SPACE',''
  ) );
#2181 = PCURVE('',#2182,#2187);
#2182 = CYLINDRICAL_SURFACE('',#2183,2.);
#2183 = AXIS2_PLACEMENT_3D('',#2184,#2185,#2186);
#2184 = CARTESIAN_POINT('',(-33.80740392011,-9.058666578589,-19.7));
#2185 = DIRECTION('',(6.305496559635E-17,-4.941768411644E-18,-1.));
#2186 = DIRECTION('',(-1.,-1.734723475977E-18,-6.305496559635E-17));
#2187 = DEFINITIONAL_REPRESENTATION('',(#2188),#2192);
#2188 = LINE('',#2189,#2190);
#2189 = CARTESIAN_POINT('',(0.,0.));
#2190 = VECTOR('',#2191,1.);
#2191 = DIRECTION('',(0.,1.));
#2192 = ( GEOMETRIC_REPRESENTATION_CONTEXT(2) 
PARAMETRIC_REPRESENTATION_CONTEXT() REPRESENTATION_CONTEXT('2D SPACE',''
  ) );
#2193 = ORIENTED_EDGE('',*,*,#2194,.F.);
#2194 = EDGE_CURVE('',#2195,#2162,#2197,.T.);
#2195 = VERTEX_POINT('',#2196);
#2196 = CARTESIAN_POINT('',(-31.80740392011,-9.058666578589,-20.2));
#2197 = SURFACE_CURVE('',#2198,(#2203,#2210),.PCURVE_S1.);
#2198 = CIRCLE('',#2199,2.);
#2199 = AXIS2_PLACEMENT_3D('',#2200,#2201,#2202);
#2200 = CARTESIAN_POINT('',(-33.80740392011,-9.058666578589,-20.2));
#2201 = DIRECTION('',(6.305496559635E-17,-4.941768411644E-18,-1.));
#2202 = DIRECTION('',(-0.5,0.866025403784,-3.580717978228E-17));
#2203 = PCURVE('',#2170,#2204);
#2204 = DEFINITIONAL_REPRESENTATION('',(#2205),#2209);
#2205 = LINE('',#2206,#2207);
#2206 = CARTESIAN_POINT('',(1.047197551197,0.5));
#2207 = VECTOR('',#2208,1.);
#2208 = DIRECTION('',(1.,0.));
#2209 = ( GEOMETRIC_REPRESENTATION_CONTEXT(2) 
PARAMETRIC_REPRESENTATION_CONTEXT() REPRESENTATION_CONTEXT('2D SPACE',''
  ) );
#2210 = PCURVE('',#974,#2211);
#2211 = DEFINITIONAL_REPRESENTATION('',(#2212),#2216);
#2212 = CIRCLE('',#2213,2.);
#2213 = AXIS2_PLACEMENT_2D('',#2214,#2215);
#2214 = CARTESIAN_POINT('',(33.807403920117,-9.058666578589));
#2215 = DIRECTION('',(0.5,0.866025403784));
#2216 = ( GEOMETRIC_REPRESENTATION_CONTEXT(2) 
PARAMETRIC_REPRESENTATION_CONTEXT() REPRESENTATION_CONTEXT('2D SPACE',''
  ) );
#2217 = ORIENTED_EDGE('',*,*,#2218,.F.);
#2218 = EDGE_CURVE('',#2219,#2195,#2221,.T.);
#2219 = VERTEX_POINT('',#2220);
#2220 = CARTESIAN_POINT('',(-31.80740392011,-9.058666578589,-19.7));
#2221 = SURFACE_CURVE('',#2222,(#2226,#2233),.PCURVE_S1.);
#2222 = LINE('',#2223,#2224);
#2223 = CARTESIAN_POINT('',(-31.80740392011,-9.058666578589,-19.7));
#2224 = VECTOR('',#2225,1.);
#2225 = DIRECTION('',(6.305496559635E-17,-4.941768411644E-18,-1.));
#2226 = PCURVE('',#2170,#2227);
#2227 = DEFINITIONAL_REPRESENTATION('',(#2228),#2232);
#2228 = LINE('',#2229,#2230);
#2229 = CARTESIAN_POINT('',(3.14159265359,0.));
#2230 = VECTOR('',#2231,1.);
#2231 = DIRECTION('',(0.,1.));
#2232 = ( GEOMETRIC_REPRESENTATION_CONTEXT(2) 
PARAMETRIC_REPRESENTATION_CONTEXT() REPRESENTATION_CONTEXT('2D SPACE',''
  ) );
#2233 = PCURVE('',#2182,#2234);
#2234 = DEFINITIONAL_REPRESENTATION('',(#2235),#2239);
#2235 = LINE('',#2236,#2237);
#2236 = CARTESIAN_POINT('',(3.14159265359,0.));
#2237 = VECTOR('',#2238,1.);
#2238 = DIRECTION('',(0.,1.));
#2239 = ( GEOMETRIC_REPRESENTATION_CONTEXT(2) 
PARAMETRIC_REPRESENTATION_CONTEXT() REPRESENTATION_CONTEXT('2D SPACE',''
  ) );
#2240 = ORIENTED_EDGE('',*,*,#2241,.T.);
#2241 = EDGE_CURVE('',#2219,#2160,#2242,.T.);
#2242 = SURFACE_CURVE('',#2243,(#2248,#2255),.PCURVE_S1.);
#2243 = CIRCLE('',#2244,2.);
#2244 = AXIS2_PLACEMENT_3D('',#2245,#2246,#2247);
#2245 = CARTESIAN_POINT('',(-33.80740392011,-9.058666578589,-19.7));
#2246 = DIRECTION('',(6.305496559635E-17,-4.941768411644E-18,-1.));
#2247 = DIRECTION('',(-0.5,0.866025403784,-3.580717978228E-17));
#2248 = PCURVE('',#2170,#2249);
#2249 = DEFINITIONAL_REPRESENTATION('',(#2250),#2254);
#2250 = LINE('',#2251,#2252);
#2251 = CARTESIAN_POINT('',(1.047197551197,0.));
#2252 = VECTOR('',#2253,1.);
#2253 = DIRECTION('',(1.,0.));
#2254 = ( GEOMETRIC_REPRESENTATION_CONTEXT(2) 
PARAMETRIC_REPRESENTATION_CONTEXT() REPRESENTATION_CONTEXT('2D SPACE',''
  ) );
#2255 = PCURVE('',#2256,#2261);
#2256 = PLANE('',#2257);
#2257 = AXIS2_PLACEMENT_3D('',#2258,#2259,#2260);
#2258 = CARTESIAN_POINT('',(-33.80740392011,-9.058666578589,-19.7));
#2259 = DIRECTION('',(6.305496559635E-17,-4.941768411644E-18,-1.));
#2260 = DIRECTION('',(-0.5,0.866025403784,-3.580717978228E-17));
#2261 = DEFINITIONAL_REPRESENTATION('',(#2262),#2266);
#2262 = CIRCLE('',#2263,2.);
#2263 = AXIS2_PLACEMENT_2D('',#2264,#2265);
#2264 = CARTESIAN_POINT('',(0.,0.));
#2265 = DIRECTION('',(1.,-6.106226635438E-16));
#2266 = ( GEOMETRIC_REPRESENTATION_CONTEXT(2) 
PARAMETRIC_REPRESENTATION_CONTEXT() REPRESENTATION_CONTEXT('2D SPACE',''
  ) );
#2267 = ADVANCED_FACE('',(#2268),#2282,.F.);
#2268 = FACE_BOUND('',#2269,.F.);
#2269 = EDGE_LOOP('',(#2270,#2305,#2329,#2352));
#2270 = ORIENTED_EDGE('',*,*,#2271,.T.);
#2271 = EDGE_CURVE('',#2272,#2274,#2276,.T.);
#2272 = VERTEX_POINT('',#2273);
#2273 = CARTESIAN_POINT('',(-32.31088913245,-17.5,-19.7));
#2274 = VERTEX_POINT('',#2275);
#2275 = CARTESIAN_POINT('',(-32.31088913245,-17.5,-20.2));
#2276 = SURFACE_CURVE('',#2277,(#2281,#2293),.PCURVE_S1.);
#2277 = LINE('',#2278,#2279);
#2278 = CARTESIAN_POINT('',(-32.31088913245,-17.5,-19.7));
#2279 = VECTOR('',#2280,1.);
#2280 = DIRECTION('',(6.305496559635E-17,-4.941768411644E-18,-1.));
#2281 = PCURVE('',#2282,#2287);
#2282 = CYLINDRICAL_SURFACE('',#2283,2.);
#2283 = AXIS2_PLACEMENT_3D('',#2284,#2285,#2286);
#2284 = CARTESIAN_POINT('',(-30.31088913245,-17.5,-19.7));
#2285 = DIRECTION('',(6.305496559635E-17,-4.941768411644E-18,-1.));
#2286 = DIRECTION('',(-1.,-1.734723475977E-18,-6.305496559635E-17));
#2287 = DEFINITIONAL_REPRESENTATION('',(#2288),#2292);
#2288 = LINE('',#2289,#2290);
#2289 = CARTESIAN_POINT('',(6.28318530718,0.));
#2290 = VECTOR('',#2291,1.);
#2291 = DIRECTION('',(0.,1.));
#2292 = ( GEOMETRIC_REPRESENTATION_CONTEXT(2) 
PARAMETRIC_REPRESENTATION_CONTEXT() REPRESENTATION_CONTEXT('2D SPACE',''
  ) );
#2293 = PCURVE('',#2294,#2299);
#2294 = CYLINDRICAL_SURFACE('',#2295,2.);
#2295 = AXIS2_PLACEMENT_3D('',#2296,#2297,#2298);
#2296 = CARTESIAN_POINT('',(-30.31088913245,-17.5,-19.7));
#2297 = DIRECTION('',(6.305496559635E-17,-4.941768411644E-18,-1.));
#2298 = DIRECTION('',(-1.,-1.734723475977E-18,-6.305496559635E-17));
#2299 = DEFINITIONAL_REPRESENTATION('',(#2300),#2304);
#2300 = LINE('',#2301,#2302);
#2301 = CARTESIAN_POINT('',(0.,0.));
#2302 = VECTOR('',#2303,1.);
#2303 = DIRECTION('',(0.,1.));
#2304 = ( GEOMETRIC_REPRESENTATION_CONTEXT(2) 
PARAMETRIC_REPRESENTATION_CONTEXT() REPRESENTATION_CONTEXT('2D SPACE',''
  ) );
#2305 = ORIENTED_EDGE('',*,*,#2306,.F.);
#2306 = EDGE_CURVE('',#2307,#2274,#2309,.T.);
#2307 = VERTEX_POINT('',#2308);
#2308 = CARTESIAN_POINT('',(-28.31088913245,-17.5,-20.2));
#2309 = SURFACE_CURVE('',#2310,(#2315,#2322),.PCURVE_S1.);
#2310 = CIRCLE('',#2311,2.);
#2311 = AXIS2_PLACEMENT_3D('',#2312,#2313,#2314);
#2312 = CARTESIAN_POINT('',(-30.31088913245,-17.5,-20.2));
#2313 = DIRECTION('',(6.305496559635E-17,-4.941768411644E-18,-1.));
#2314 = DIRECTION('',(-0.707106781187,0.707106781187,-4.808095171559E-17
    ));
#2315 = PCURVE('',#2282,#2316);
#2316 = DEFINITIONAL_REPRESENTATION('',(#2317),#2321);
#2317 = LINE('',#2318,#2319);
#2318 = CARTESIAN_POINT('',(0.785398163397,0.5));
#2319 = VECTOR('',#2320,1.);
#2320 = DIRECTION('',(1.,0.));
#2321 = ( GEOMETRIC_REPRESENTATION_CONTEXT(2) 
PARAMETRIC_REPRESENTATION_CONTEXT() REPRESENTATION_CONTEXT('2D SPACE',''
  ) );
#2322 = PCURVE('',#974,#2323);
#2323 = DEFINITIONAL_REPRESENTATION('',(#2324),#2328);
#2324 = CIRCLE('',#2325,2.);
#2325 = AXIS2_PLACEMENT_2D('',#2326,#2327);
#2326 = CARTESIAN_POINT('',(30.310889132455,-17.5));
#2327 = DIRECTION('',(0.707106781187,0.707106781187));
#2328 = ( GEOMETRIC_REPRESENTATION_CONTEXT(2) 
PARAMETRIC_REPRESENTATION_CONTEXT() REPRESENTATION_CONTEXT('2D SPACE',''
  ) );
#2329 = ORIENTED_EDGE('',*,*,#2330,.F.);
#2330 = EDGE_CURVE('',#2331,#2307,#2333,.T.);
#2331 = VERTEX_POINT('',#2332);
#2332 = CARTESIAN_POINT('',(-28.31088913245,-17.5,-19.7));
#2333 = SURFACE_CURVE('',#2334,(#2338,#2345),.PCURVE_S1.);
#2334 = LINE('',#2335,#2336);
#2335 = CARTESIAN_POINT('',(-28.31088913245,-17.5,-19.7));
#2336 = VECTOR('',#2337,1.);
#2337 = DIRECTION('',(6.305496559635E-17,-4.941768411644E-18,-1.));
#2338 = PCURVE('',#2282,#2339);
#2339 = DEFINITIONAL_REPRESENTATION('',(#2340),#2344);
#2340 = LINE('',#2341,#2342);
#2341 = CARTESIAN_POINT('',(3.14159265359,0.));
#2342 = VECTOR('',#2343,1.);
#2343 = DIRECTION('',(0.,1.));
#2344 = ( GEOMETRIC_REPRESENTATION_CONTEXT(2) 
PARAMETRIC_REPRESENTATION_CONTEXT() REPRESENTATION_CONTEXT('2D SPACE',''
  ) );
#2345 = PCURVE('',#2294,#2346);
#2346 = DEFINITIONAL_REPRESENTATION('',(#2347),#2351);
#2347 = LINE('',#2348,#2349);
#2348 = CARTESIAN_POINT('',(3.14159265359,0.));
#2349 = VECTOR('',#2350,1.);
#2350 = DIRECTION('',(0.,1.));
#2351 = ( GEOMETRIC_REPRESENTATION_CONTEXT(2) 
PARAMETRIC_REPRESENTATION_CONTEXT() REPRESENTATION_CONTEXT('2D SPACE',''
  ) );
#2352 = ORIENTED_EDGE('',*,*,#2353,.T.);
#2353 = EDGE_CURVE('',#2331,#2272,#2354,.T.);
#2354 = SURFACE_CURVE('',#2355,(#2360,#2367),.PCURVE_S1.);
#2355 = CIRCLE('',#2356,2.);
#2356 = AXIS2_PLACEMENT_3D('',#2357,#2358,#2359);
#2357 = CARTESIAN_POINT('',(-30.31088913245,-17.5,-19.7));
#2358 = DIRECTION('',(6.305496559635E-17,-4.941768411644E-18,-1.));
#2359 = DIRECTION('',(-0.707106781187,0.707106781187,-4.808095171559E-17
    ));
#2360 = PCURVE('',#2282,#2361);
#2361 = DEFINITIONAL_REPRESENTATION('',(#2362),#2366);
#2362 = LINE('',#2363,#2364);
#2363 = CARTESIAN_POINT('',(0.785398163397,0.));
#2364 = VECTOR('',#2365,1.);
#2365 = DIRECTION('',(1.,0.));
#2366 = ( GEOMETRIC_REPRESENTATION_CONTEXT(2) 
PARAMETRIC_REPRESENTATION_CONTEXT() REPRESENTATION_CONTEXT('2D SPACE',''
  ) );
#2367 = PCURVE('',#2368,#2373);
#2368 = PLANE('',#2369);
#2369 = AXIS2_PLACEMENT_3D('',#2370,#2371,#2372);
#2370 = CARTESIAN_POINT('',(-30.31088913245,-17.5,-19.7));
#2371 = DIRECTION('',(6.305496559635E-17,-4.941768411644E-18,-1.));
#2372 = DIRECTION('',(-0.707106781187,0.707106781187,-4.808095171559E-17
    ));
#2373 = DEFINITIONAL_REPRESENTATION('',(#2374),#2378);
#2374 = CIRCLE('',#2375,2.);
#2375 = AXIS2_PLACEMENT_2D('',#2376,#2377);
#2376 = CARTESIAN_POINT('',(0.,0.));
#2377 = DIRECTION('',(1.,1.165734175856E-15));
#2378 = ( GEOMETRIC_REPRESENTATION_CONTEXT(2) 
PARAMETRIC_REPRESENTATION_CONTEXT() REPRESENTATION_CONTEXT('2D SPACE',''
  ) );
#2379 = ADVANCED_FACE('',(#2380),#2394,.F.);
#2380 = FACE_BOUND('',#2381,.F.);
#2381 = EDGE_LOOP('',(#2382,#2417,#2441,#2464));
#2382 = ORIENTED_EDGE('',*,*,#2383,.T.);
#2383 = EDGE_CURVE('',#2384,#2386,#2388,.T.);
#2384 = VERTEX_POINT('',#2385);
#2385 = CARTESIAN_POINT('',(-19.5,-30.31088913245,-19.7));
#2386 = VERTEX_POINT('',#2387);
#2387 = CARTESIAN_POINT('',(-19.5,-30.31088913245,-20.2));
#2388 = SURFACE_CURVE('',#2389,(#2393,#2405),.PCURVE_S1.);
#2389 = LINE('',#2390,#2391);
#2390 = CARTESIAN_POINT('',(-19.5,-30.31088913245,-19.7));
#2391 = VECTOR('',#2392,1.);
#2392 = DIRECTION('',(6.305496559635E-17,-4.941768411644E-18,-1.));
#2393 = PCURVE('',#2394,#2399);
#2394 = CYLINDRICAL_SURFACE('',#2395,2.);
#2395 = AXIS2_PLACEMENT_3D('',#2396,#2397,#2398);
#2396 = CARTESIAN_POINT('',(-17.5,-30.31088913245,-19.7));
#2397 = DIRECTION('',(6.305496559635E-17,-4.941768411644E-18,-1.));
#2398 = DIRECTION('',(-1.,-1.734723475977E-18,-6.305496559635E-17));
#2399 = DEFINITIONAL_REPRESENTATION('',(#2400),#2404);
#2400 = LINE('',#2401,#2402);
#2401 = CARTESIAN_POINT('',(6.28318530718,0.));
#2402 = VECTOR('',#2403,1.);
#2403 = DIRECTION('',(0.,1.));
#2404 = ( GEOMETRIC_REPRESENTATION_CONTEXT(2) 
PARAMETRIC_REPRESENTATION_CONTEXT() REPRESENTATION_CONTEXT('2D SPACE',''
  ) );
#2405 = PCURVE('',#2406,#2411);
#2406 = CYLINDRICAL_SURFACE('',#2407,2.);
#2407 = AXIS2_PLACEMENT_3D('',#2408,#2409,#2410);
#2408 = CARTESIAN_POINT('',(-17.5,-30.31088913245,-19.7));
#2409 = DIRECTION('',(6.305496559635E-17,-4.941768411644E-18,-1.));
#2410 = DIRECTION('',(-1.,-1.734723475977E-18,-6.305496559635E-17));
#2411 = DEFINITIONAL_REPRESENTATION('',(#2412),#2416);
#2412 = LINE('',#2413,#2414);
#2413 = CARTESIAN_POINT('',(0.,0.));
#2414 = VECTOR('',#2415,1.);
#2415 = DIRECTION('',(0.,1.));
#2416 = ( GEOMETRIC_REPRESENTATION_CONTEXT(2) 
PARAMETRIC_REPRESENTATION_CONTEXT() REPRESENTATION_CONTEXT('2D SPACE',''
  ) );
#2417 = ORIENTED_EDGE('',*,*,#2418,.F.);
#2418 = EDGE_CURVE('',#2419,#2386,#2421,.T.);
#2419 = VERTEX_POINT('',#2420);
#2420 = CARTESIAN_POINT('',(-15.5,-30.31088913245,-20.2));
#2421 = SURFACE_CURVE('',#2422,(#2427,#2434),.PCURVE_S1.);
#2422 = CIRCLE('',#2423,2.);
#2423 = AXIS2_PLACEMENT_3D('',#2424,#2425,#2426);
#2424 = CARTESIAN_POINT('',(-17.5,-30.31088913245,-20.2));
#2425 = DIRECTION('',(6.305496559635E-17,-4.941768411644E-18,-1.));
#2426 = DIRECTION('',(-0.965925826289,0.258819045103,-6.21854435267E-17)
  );
#2427 = PCURVE('',#2394,#2428);
#2428 = DEFINITIONAL_REPRESENTATION('',(#2429),#2433);
#2429 = LINE('',#2430,#2431);
#2430 = CARTESIAN_POINT('',(0.261799387799,0.5));
#2431 = VECTOR('',#2432,1.);
#2432 = DIRECTION('',(1.,0.));
#2433 = ( GEOMETRIC_REPRESENTATION_CONTEXT(2) 
PARAMETRIC_REPRESENTATION_CONTEXT() REPRESENTATION_CONTEXT('2D SPACE',''
  ) );
#2434 = PCURVE('',#974,#2435);
#2435 = DEFINITIONAL_REPRESENTATION('',(#2436),#2440);
#2436 = CIRCLE('',#2437,2.);
#2437 = AXIS2_PLACEMENT_2D('',#2438,#2439);
#2438 = CARTESIAN_POINT('',(17.5,-30.31088913245));
#2439 = DIRECTION('',(0.965925826289,0.258819045103));
#2440 = ( GEOMETRIC_REPRESENTATION_CONTEXT(2) 
PARAMETRIC_REPRESENTATION_CONTEXT() REPRESENTATION_CONTEXT('2D SPACE',''
  ) );
#2441 = ORIENTED_EDGE('',*,*,#2442,.F.);
#2442 = EDGE_CURVE('',#2443,#2419,#2445,.T.);
#2443 = VERTEX_POINT('',#2444);
#2444 = CARTESIAN_POINT('',(-15.5,-30.31088913245,-19.7));
#2445 = SURFACE_CURVE('',#2446,(#2450,#2457),.PCURVE_S1.);
#2446 = LINE('',#2447,#2448);
#2447 = CARTESIAN_POINT('',(-15.5,-30.31088913245,-19.7));
#2448 = VECTOR('',#2449,1.);
#2449 = DIRECTION('',(6.305496559635E-17,-4.941768411644E-18,-1.));
#2450 = PCURVE('',#2394,#2451);
#2451 = DEFINITIONAL_REPRESENTATION('',(#2452),#2456);
#2452 = LINE('',#2453,#2454);
#2453 = CARTESIAN_POINT('',(3.14159265359,0.));
#2454 = VECTOR('',#2455,1.);
#2455 = DIRECTION('',(0.,1.));
#2456 = ( GEOMETRIC_REPRESENTATION_CONTEXT(2) 
PARAMETRIC_REPRESENTATION_CONTEXT() REPRESENTATION_CONTEXT('2D SPACE',''
  ) );
#2457 = PCURVE('',#2406,#2458);
#2458 = DEFINITIONAL_REPRESENTATION('',(#2459),#2463);
#2459 = LINE('',#2460,#2461);
#2460 = CARTESIAN_POINT('',(3.14159265359,0.));
#2461 = VECTOR('',#2462,1.);
#2462 = DIRECTION('',(0.,1.));
#2463 = ( GEOMETRIC_REPRESENTATION_CONTEXT(2) 
PARAMETRIC_REPRESENTATION_CONTEXT() REPRESENTATION_CONTEXT('2D SPACE',''
  ) );
#2464 = ORIENTED_EDGE('',*,*,#2465,.T.);
#2465 = EDGE_CURVE('',#2443,#2384,#2466,.T.);
#2466 = SURFACE_CURVE('',#2467,(#2472,#2479),.PCURVE_S1.);
#2467 = CIRCLE('',#2468,2.);
#2468 = AXIS2_PLACEMENT_3D('',#2469,#2470,#2471);
#2469 = CARTESIAN_POINT('',(-17.5,-30.31088913245,-19.7));
#2470 = DIRECTION('',(6.305496559635E-17,-4.941768411644E-18,-1.));
#2471 = DIRECTION('',(-0.965925826289,0.258819045103,-6.21854435267E-17)
  );
#2472 = PCURVE('',#2394,#2473);
#2473 = DEFINITIONAL_REPRESENTATION('',(#2474),#2478);
#2474 = LINE('',#2475,#2476);
#2475 = CARTESIAN_POINT('',(0.261799387799,0.));
#2476 = VECTOR('',#2477,1.);
#2477 = DIRECTION('',(1.,0.));
#2478 = ( GEOMETRIC_REPRESENTATION_CONTEXT(2) 
PARAMETRIC_REPRESENTATION_CONTEXT() REPRESENTATION_CONTEXT('2D SPACE',''
  ) );
#2479 = PCURVE('',#2480,#2485);
#2480 = PLANE('',#2481);
#2481 = AXIS2_PLACEMENT_3D('',#2482,#2483,#2484);
#2482 = CARTESIAN_POINT('',(-17.5,-30.31088913245,-19.7));
#2483 = DIRECTION('',(6.305496559635E-17,-4.941768411644E-18,-1.));
#2484 = DIRECTION('',(-0.965925826289,0.258819045103,-6.21854435267E-17)
  );
#2485 = DEFINITIONAL_REPRESENTATION('',(#2486),#2490);
#2486 = CIRCLE('',#2487,2.);
#2487 = AXIS2_PLACEMENT_2D('',#2488,#2489);
#2488 = CARTESIAN_POINT('',(0.,0.));
#2489 = DIRECTION('',(1.,-4.718447854657E-16));
#2490 = ( GEOMETRIC_REPRESENTATION_CONTEXT(2) 
PARAMETRIC_REPRESENTATION_CONTEXT() REPRESENTATION_CONTEXT('2D SPACE',''
  ) );
#2491 = ADVANCED_FACE('',(#2492),#2506,.F.);
#2492 = FACE_BOUND('',#2493,.F.);
#2493 = EDGE_LOOP('',(#2494,#2529,#2553,#2576));
#2494 = ORIENTED_EDGE('',*,*,#2495,.T.);
#2495 = EDGE_CURVE('',#2496,#2498,#2500,.T.);
#2496 = VERTEX_POINT('',#2497);
#2497 = CARTESIAN_POINT('',(7.058666578588,-33.80740392011,-19.7));
#2498 = VERTEX_POINT('',#2499);
#2499 = CARTESIAN_POINT('',(7.058666578588,-33.80740392011,-20.2));
#2500 = SURFACE_CURVE('',#2501,(#2505,#2517),.PCURVE_S1.);
#2501 = LINE('',#2502,#2503);
#2502 = CARTESIAN_POINT('',(7.058666578588,-33.80740392011,-19.7));
#2503 = VECTOR('',#2504,1.);
#2504 = DIRECTION('',(6.305496559635E-17,-4.941768411644E-18,-1.));
#2505 = PCURVE('',#2506,#2511);
#2506 = CYLINDRICAL_SURFACE('',#2507,2.);
#2507 = AXIS2_PLACEMENT_3D('',#2508,#2509,#2510);
#2508 = CARTESIAN_POINT('',(9.058666578588,-33.80740392011,-19.7));
#2509 = DIRECTION('',(6.305496559635E-17,-4.941768411644E-18,-1.));
#2510 = DIRECTION('',(-1.,-1.734723475977E-18,-6.305496559635E-17));
#2511 = DEFINITIONAL_REPRESENTATION('',(#2512),#2516);
#2512 = LINE('',#2513,#2514);
#2513 = CARTESIAN_POINT('',(6.28318530718,0.));
#2514 = VECTOR('',#2515,1.);
#2515 = DIRECTION('',(0.,1.));
#2516 = ( GEOMETRIC_REPRESENTATION_CONTEXT(2) 
PARAMETRIC_REPRESENTATION_CONTEXT() REPRESENTATION_CONTEXT('2D SPACE',''
  ) );
#2517 = PCURVE('',#2518,#2523);
#2518 = CYLINDRICAL_SURFACE('',#2519,2.);
#2519 = AXIS2_PLACEMENT_3D('',#2520,#2521,#2522);
#2520 = CARTESIAN_POINT('',(9.058666578588,-33.80740392011,-19.7));
#2521 = DIRECTION('',(6.305496559635E-17,-4.941768411644E-18,-1.));
#2522 = DIRECTION('',(-1.,-1.734723475977E-18,-6.305496559635E-17));
#2523 = DEFINITIONAL_REPRESENTATION('',(#2524),#2528);
#2524 = LINE('',#2525,#2526);
#2525 = CARTESIAN_POINT('',(0.,0.));
#2526 = VECTOR('',#2527,1.);
#2527 = DIRECTION('',(0.,1.));
#2528 = ( GEOMETRIC_REPRESENTATION_CONTEXT(2) 
PARAMETRIC_REPRESENTATION_CONTEXT() REPRESENTATION_CONTEXT('2D SPACE',''
  ) );
#2529 = ORIENTED_EDGE('',*,*,#2530,.F.);
#2530 = EDGE_CURVE('',#2531,#2498,#2533,.T.);
#2531 = VERTEX_POINT('',#2532);
#2532 = CARTESIAN_POINT('',(11.058666578588,-33.80740392011,-20.2));
#2533 = SURFACE_CURVE('',#2534,(#2539,#2546),.PCURVE_S1.);
#2534 = CIRCLE('',#2535,2.);
#2535 = AXIS2_PLACEMENT_3D('',#2536,#2537,#2538);
#2536 = CARTESIAN_POINT('',(9.058666578588,-33.80740392011,-20.2));
#2537 = DIRECTION('',(6.305496559635E-17,-4.941768411644E-18,-1.));
#2538 = DIRECTION('',(-0.866025403784,-0.5,-5.213631783537E-17));
#2539 = PCURVE('',#2506,#2540);
#2540 = DEFINITIONAL_REPRESENTATION('',(#2541),#2545);
#2541 = LINE('',#2542,#2543);
#2542 = CARTESIAN_POINT('',(-0.523598775598,0.5));
#2543 = VECTOR('',#2544,1.);
#2544 = DIRECTION('',(1.,0.));
#2545 = ( GEOMETRIC_REPRESENTATION_CONTEXT(2) 
PARAMETRIC_REPRESENTATION_CONTEXT() REPRESENTATION_CONTEXT('2D SPACE',''
  ) );
#2546 = PCURVE('',#974,#2547);
#2547 = DEFINITIONAL_REPRESENTATION('',(#2548),#2552);
#2548 = CIRCLE('',#2549,2.);
#2549 = AXIS2_PLACEMENT_2D('',#2550,#2551);
#2550 = CARTESIAN_POINT('',(-9.058666578588,-33.80740392011));
#2551 = DIRECTION('',(0.866025403784,-0.5));
#2552 = ( GEOMETRIC_REPRESENTATION_CONTEXT(2) 
PARAMETRIC_REPRESENTATION_CONTEXT() REPRESENTATION_CONTEXT('2D SPACE',''
  ) );
#2553 = ORIENTED_EDGE('',*,*,#2554,.F.);
#2554 = EDGE_CURVE('',#2555,#2531,#2557,.T.);
#2555 = VERTEX_POINT('',#2556);
#2556 = CARTESIAN_POINT('',(11.058666578588,-33.80740392011,-19.7));
#2557 = SURFACE_CURVE('',#2558,(#2562,#2569),.PCURVE_S1.);
#2558 = LINE('',#2559,#2560);
#2559 = CARTESIAN_POINT('',(11.058666578588,-33.80740392011,-19.7));
#2560 = VECTOR('',#2561,1.);
#2561 = DIRECTION('',(6.305496559635E-17,-4.941768411644E-18,-1.));
#2562 = PCURVE('',#2506,#2563);
#2563 = DEFINITIONAL_REPRESENTATION('',(#2564),#2568);
#2564 = LINE('',#2565,#2566);
#2565 = CARTESIAN_POINT('',(3.14159265359,0.));
#2566 = VECTOR('',#2567,1.);
#2567 = DIRECTION('',(0.,1.));
#2568 = ( GEOMETRIC_REPRESENTATION_CONTEXT(2) 
PARAMETRIC_REPRESENTATION_CONTEXT() REPRESENTATION_CONTEXT('2D SPACE',''
  ) );
#2569 = PCURVE('',#2518,#2570);
#2570 = DEFINITIONAL_REPRESENTATION('',(#2571),#2575);
#2571 = LINE('',#2572,#2573);
#2572 = CARTESIAN_POINT('',(3.14159265359,0.));
#2573 = VECTOR('',#2574,1.);
#2574 = DIRECTION('',(0.,1.));
#2575 = ( GEOMETRIC_REPRESENTATION_CONTEXT(2) 
PARAMETRIC_REPRESENTATION_CONTEXT() REPRESENTATION_CONTEXT('2D SPACE',''
  ) );
#2576 = ORIENTED_EDGE('',*,*,#2577,.T.);
#2577 = EDGE_CURVE('',#2555,#2496,#2578,.T.);
#2578 = SURFACE_CURVE('',#2579,(#2584,#2591),.PCURVE_S1.);
#2579 = CIRCLE('',#2580,2.);
#2580 = AXIS2_PLACEMENT_3D('',#2581,#2582,#2583);
#2581 = CARTESIAN_POINT('',(9.058666578588,-33.80740392011,-19.7));
#2582 = DIRECTION('',(6.305496559635E-17,-4.941768411644E-18,-1.));
#2583 = DIRECTION('',(-0.866025403784,-0.5,-5.213631783537E-17));
#2584 = PCURVE('',#2506,#2585);
#2585 = DEFINITIONAL_REPRESENTATION('',(#2586),#2590);
#2586 = LINE('',#2587,#2588);
#2587 = CARTESIAN_POINT('',(-0.523598775598,0.));
#2588 = VECTOR('',#2589,1.);
#2589 = DIRECTION('',(1.,0.));
#2590 = ( GEOMETRIC_REPRESENTATION_CONTEXT(2) 
PARAMETRIC_REPRESENTATION_CONTEXT() REPRESENTATION_CONTEXT('2D SPACE',''
  ) );
#2591 = PCURVE('',#2592,#2597);
#2592 = PLANE('',#2593);
#2593 = AXIS2_PLACEMENT_3D('',#2594,#2595,#2596);
#2594 = CARTESIAN_POINT('',(9.058666578588,-33.80740392011,-19.7));
#2595 = DIRECTION('',(6.305496559635E-17,-4.941768411644E-18,-1.));
#2596 = DIRECTION('',(-0.866025403784,-0.5,-5.213631783537E-17));
#2597 = DEFINITIONAL_REPRESENTATION('',(#2598),#2602);
#2598 = CIRCLE('',#2599,2.);
#2599 = AXIS2_PLACEMENT_2D('',#2600,#2601);
#2600 = CARTESIAN_POINT('',(0.,0.));
#2601 = DIRECTION('',(1.,4.996003610813E-16));
#2602 = ( GEOMETRIC_REPRESENTATION_CONTEXT(2) 
PARAMETRIC_REPRESENTATION_CONTEXT() REPRESENTATION_CONTEXT('2D SPACE',''
  ) );
#2603 = ADVANCED_FACE('',(#2604),#2618,.F.);
#2604 = FACE_BOUND('',#2605,.F.);
#2605 = EDGE_LOOP('',(#2606,#2641,#2665,#2688));
#2606 = ORIENTED_EDGE('',*,*,#2607,.T.);
#2607 = EDGE_CURVE('',#2608,#2610,#2612,.T.);
#2608 = VERTEX_POINT('',#2609);
#2609 = CARTESIAN_POINT('',(-11.05866657858,-33.80740392011,-19.7));
#2610 = VERTEX_POINT('',#2611);
#2611 = CARTESIAN_POINT('',(-11.05866657858,-33.80740392011,-20.2));
#2612 = SURFACE_CURVE('',#2613,(#2617,#2629),.PCURVE_S1.);
#2613 = LINE('',#2614,#2615);
#2614 = CARTESIAN_POINT('',(-11.05866657858,-33.80740392011,-19.7));
#2615 = VECTOR('',#2616,1.);
#2616 = DIRECTION('',(6.305496559635E-17,-4.941768411644E-18,-1.));
#2617 = PCURVE('',#2618,#2623);
#2618 = CYLINDRICAL_SURFACE('',#2619,2.);
#2619 = AXIS2_PLACEMENT_3D('',#2620,#2621,#2622);
#2620 = CARTESIAN_POINT('',(-9.058666578588,-33.80740392011,-19.7));
#2621 = DIRECTION('',(6.305496559635E-17,-4.941768411644E-18,-1.));
#2622 = DIRECTION('',(-1.,-1.734723475977E-18,-6.305496559635E-17));
#2623 = DEFINITIONAL_REPRESENTATION('',(#2624),#2628);
#2624 = LINE('',#2625,#2626);
#2625 = CARTESIAN_POINT('',(6.28318530718,0.));
#2626 = VECTOR('',#2627,1.);
#2627 = DIRECTION('',(0.,1.));
#2628 = ( GEOMETRIC_REPRESENTATION_CONTEXT(2) 
PARAMETRIC_REPRESENTATION_CONTEXT() REPRESENTATION_CONTEXT('2D SPACE',''
  ) );
#2629 = PCURVE('',#2630,#2635);
#2630 = CYLINDRICAL_SURFACE('',#2631,2.);
#2631 = AXIS2_PLACEMENT_3D('',#2632,#2633,#2634);
#2632 = CARTESIAN_POINT('',(-9.058666578588,-33.80740392011,-19.7));
#2633 = DIRECTION('',(6.305496559635E-17,-4.941768411644E-18,-1.));
#2634 = DIRECTION('',(-1.,-1.734723475977E-18,-6.305496559635E-17));
#2635 = DEFINITIONAL_REPRESENTATION('',(#2636),#2640);
#2636 = LINE('',#2637,#2638);
#2637 = CARTESIAN_POINT('',(0.,0.));
#2638 = VECTOR('',#2639,1.);
#2639 = DIRECTION('',(0.,1.));
#2640 = ( GEOMETRIC_REPRESENTATION_CONTEXT(2) 
PARAMETRIC_REPRESENTATION_CONTEXT() REPRESENTATION_CONTEXT('2D SPACE',''
  ) );
#2641 = ORIENTED_EDGE('',*,*,#2642,.F.);
#2642 = EDGE_CURVE('',#2643,#2610,#2645,.T.);
#2643 = VERTEX_POINT('',#2644);
#2644 = CARTESIAN_POINT('',(-7.058666578588,-33.80740392011,-20.2));
#2645 = SURFACE_CURVE('',#2646,(#2651,#2658),.PCURVE_S1.);
#2646 = CIRCLE('',#2647,2.);
#2647 = AXIS2_PLACEMENT_3D('',#2648,#2649,#2650);
#2648 = CARTESIAN_POINT('',(-9.058666578588,-33.80740392011,-20.2));
#2649 = DIRECTION('',(6.305496559635E-17,-4.941768411644E-18,-1.));
#2650 = DIRECTION('',(-1.,-1.734723475977E-18,-6.305496559635E-17));
#2651 = PCURVE('',#2618,#2652);
#2652 = DEFINITIONAL_REPRESENTATION('',(#2653),#2657);
#2653 = LINE('',#2654,#2655);
#2654 = CARTESIAN_POINT('',(0.,0.5));
#2655 = VECTOR('',#2656,1.);
#2656 = DIRECTION('',(1.,0.));
#2657 = ( GEOMETRIC_REPRESENTATION_CONTEXT(2) 
PARAMETRIC_REPRESENTATION_CONTEXT() REPRESENTATION_CONTEXT('2D SPACE',''
  ) );
#2658 = PCURVE('',#974,#2659);
#2659 = DEFINITIONAL_REPRESENTATION('',(#2660),#2664);
#2660 = CIRCLE('',#2661,2.);
#2661 = AXIS2_PLACEMENT_2D('',#2662,#2663);
#2662 = CARTESIAN_POINT('',(9.058666578588,-33.80740392011));
#2663 = DIRECTION('',(1.,0.));
#2664 = ( GEOMETRIC_REPRESENTATION_CONTEXT(2) 
PARAMETRIC_REPRESENTATION_CONTEXT() REPRESENTATION_CONTEXT('2D SPACE',''
  ) );
#2665 = ORIENTED_EDGE('',*,*,#2666,.F.);
#2666 = EDGE_CURVE('',#2667,#2643,#2669,.T.);
#2667 = VERTEX_POINT('',#2668);
#2668 = CARTESIAN_POINT('',(-7.058666578588,-33.80740392011,-19.7));
#2669 = SURFACE_CURVE('',#2670,(#2674,#2681),.PCURVE_S1.);
#2670 = LINE('',#2671,#2672);
#2671 = CARTESIAN_POINT('',(-7.058666578588,-33.80740392011,-19.7));
#2672 = VECTOR('',#2673,1.);
#2673 = DIRECTION('',(6.305496559635E-17,-4.941768411644E-18,-1.));
#2674 = PCURVE('',#2618,#2675);
#2675 = DEFINITIONAL_REPRESENTATION('',(#2676),#2680);
#2676 = LINE('',#2677,#2678);
#2677 = CARTESIAN_POINT('',(3.14159265359,0.));
#2678 = VECTOR('',#2679,1.);
#2679 = DIRECTION('',(0.,1.));
#2680 = ( GEOMETRIC_REPRESENTATION_CONTEXT(2) 
PARAMETRIC_REPRESENTATION_CONTEXT() REPRESENTATION_CONTEXT('2D SPACE',''
  ) );
#2681 = PCURVE('',#2630,#2682);
#2682 = DEFINITIONAL_REPRESENTATION('',(#2683),#2687);
#2683 = LINE('',#2684,#2685);
#2684 = CARTESIAN_POINT('',(3.14159265359,0.));
#2685 = VECTOR('',#2686,1.);
#2686 = DIRECTION('',(0.,1.));
#2687 = ( GEOMETRIC_REPRESENTATION_CONTEXT(2) 
PARAMETRIC_REPRESENTATION_CONTEXT() REPRESENTATION_CONTEXT('2D SPACE',''
  ) );
#2688 = ORIENTED_EDGE('',*,*,#2689,.T.);
#2689 = EDGE_CURVE('',#2667,#2608,#2690,.T.);
#2690 = SURFACE_CURVE('',#2691,(#2696,#2703),.PCURVE_S1.);
#2691 = CIRCLE('',#2692,2.);
#2692 = AXIS2_PLACEMENT_3D('',#2693,#2694,#2695);
#2693 = CARTESIAN_POINT('',(-9.058666578588,-33.80740392011,-19.7));
#2694 = DIRECTION('',(6.305496559635E-17,-4.941768411644E-18,-1.));
#2695 = DIRECTION('',(-1.,-1.734723475977E-18,-6.305496559635E-17));
#2696 = PCURVE('',#2618,#2697);
#2697 = DEFINITIONAL_REPRESENTATION('',(#2698),#2702);
#2698 = LINE('',#2699,#2700);
#2699 = CARTESIAN_POINT('',(0.,0.));
#2700 = VECTOR('',#2701,1.);
#2701 = DIRECTION('',(1.,0.));
#2702 = ( GEOMETRIC_REPRESENTATION_CONTEXT(2) 
PARAMETRIC_REPRESENTATION_CONTEXT() REPRESENTATION_CONTEXT('2D SPACE',''
  ) );
#2703 = PCURVE('',#2704,#2709);
#2704 = PLANE('',#2705);
#2705 = AXIS2_PLACEMENT_3D('',#2706,#2707,#2708);
#2706 = CARTESIAN_POINT('',(-9.058666578588,-33.80740392011,-19.7));
#2707 = DIRECTION('',(6.305496559635E-17,-4.941768411644E-18,-1.));
#2708 = DIRECTION('',(-1.,-1.734723475977E-18,-6.305496559635E-17));
#2709 = DEFINITIONAL_REPRESENTATION('',(#2710),#2714);
#2710 = CIRCLE('',#2711,2.);
#2711 = AXIS2_PLACEMENT_2D('',#2712,#2713);
#2712 = CARTESIAN_POINT('',(0.,0.));
#2713 = DIRECTION('',(1.,0.));
#2714 = ( GEOMETRIC_REPRESENTATION_CONTEXT(2) 
PARAMETRIC_REPRESENTATION_CONTEXT() REPRESENTATION_CONTEXT('2D SPACE',''
  ) );
#2715 = ADVANCED_FACE('',(#2716),#2730,.F.);
#2716 = FACE_BOUND('',#2717,.F.);
#2717 = EDGE_LOOP('',(#2718,#2753,#2777,#2800));
#2718 = ORIENTED_EDGE('',*,*,#2719,.T.);
#2719 = EDGE_CURVE('',#2720,#2722,#2724,.T.);
#2720 = VERTEX_POINT('',#2721);
#2721 = CARTESIAN_POINT('',(23.098737341529,24.748737341529,-18.2));
#2722 = VERTEX_POINT('',#2723);
#2723 = CARTESIAN_POINT('',(23.098737341529,24.748737341529,-20.2));
#2724 = SURFACE_CURVE('',#2725,(#2729,#2741),.PCURVE_S1.);
#2725 = LINE('',#2726,#2727);
#2726 = CARTESIAN_POINT('',(23.098737341529,24.748737341529,-20.2));
#2727 = VECTOR('',#2728,1.);
#2728 = DIRECTION('',(6.305496559635E-17,-4.941768411644E-18,-1.));
#2729 = PCURVE('',#2730,#2735);
#2730 = CYLINDRICAL_SURFACE('',#2731,1.65);
#2731 = AXIS2_PLACEMENT_3D('',#2732,#2733,#2734);
#2732 = CARTESIAN_POINT('',(24.748737341529,24.748737341529,-20.2));
#2733 = DIRECTION('',(6.305496559635E-17,-4.941768411644E-18,-1.));
#2734 = DIRECTION('',(-1.,-1.734723475977E-18,-6.305496559635E-17));
#2735 = DEFINITIONAL_REPRESENTATION('',(#2736),#2740);
#2736 = LINE('',#2737,#2738);
#2737 = CARTESIAN_POINT('',(6.28318530718,0.));
#2738 = VECTOR('',#2739,1.);
#2739 = DIRECTION('',(0.,1.));
#2740 = ( GEOMETRIC_REPRESENTATION_CONTEXT(2) 
PARAMETRIC_REPRESENTATION_CONTEXT() REPRESENTATION_CONTEXT('2D SPACE',''
  ) );
#2741 = PCURVE('',#2742,#2747);
#2742 = CYLINDRICAL_SURFACE('',#2743,1.65);
#2743 = AXIS2_PLACEMENT_3D('',#2744,#2745,#2746);
#2744 = CARTESIAN_POINT('',(24.748737341529,24.748737341529,-20.2));
#2745 = DIRECTION('',(6.305496559635E-17,-4.941768411644E-18,-1.));
#2746 = DIRECTION('',(-1.,-1.734723475977E-18,-6.305496559635E-17));
#2747 = DEFINITIONAL_REPRESENTATION('',(#2748),#2752);
#2748 = LINE('',#2749,#2750);
#2749 = CARTESIAN_POINT('',(0.,0.));
#2750 = VECTOR('',#2751,1.);
#2751 = DIRECTION('',(0.,1.));
#2752 = ( GEOMETRIC_REPRESENTATION_CONTEXT(2) 
PARAMETRIC_REPRESENTATION_CONTEXT() REPRESENTATION_CONTEXT('2D SPACE',''
  ) );
#2753 = ORIENTED_EDGE('',*,*,#2754,.F.);
#2754 = EDGE_CURVE('',#2755,#2722,#2757,.T.);
#2755 = VERTEX_POINT('',#2756);
#2756 = CARTESIAN_POINT('',(26.398737341529,24.748737341529,-20.2));
#2757 = SURFACE_CURVE('',#2758,(#2763,#2770),.PCURVE_S1.);
#2758 = CIRCLE('',#2759,1.65);
#2759 = AXIS2_PLACEMENT_3D('',#2760,#2761,#2762);
#2760 = CARTESIAN_POINT('',(24.748737341529,24.748737341529,-20.2));
#2761 = DIRECTION('',(6.305496559635E-17,-4.941768411644E-18,-1.));
#2762 = DIRECTION('',(-1.,-1.734723475977E-18,-6.305496559635E-17));
#2763 = PCURVE('',#2730,#2764);
#2764 = DEFINITIONAL_REPRESENTATION('',(#2765),#2769);
#2765 = LINE('',#2766,#2767);
#2766 = CARTESIAN_POINT('',(0.,1.33226762955E-15));
#2767 = VECTOR('',#2768,1.);
#2768 = DIRECTION('',(1.,0.));
#2769 = ( GEOMETRIC_REPRESENTATION_CONTEXT(2) 
PARAMETRIC_REPRESENTATION_CONTEXT() REPRESENTATION_CONTEXT('2D SPACE',''
  ) );
#2770 = PCURVE('',#974,#2771);
#2771 = DEFINITIONAL_REPRESENTATION('',(#2772),#2776);
#2772 = CIRCLE('',#2773,1.65);
#2773 = AXIS2_PLACEMENT_2D('',#2774,#2775);
#2774 = CARTESIAN_POINT('',(-24.74873734152,24.748737341529));
#2775 = DIRECTION('',(1.,0.));
#2776 = ( GEOMETRIC_REPRESENTATION_CONTEXT(2) 
PARAMETRIC_REPRESENTATION_CONTEXT() REPRESENTATION_CONTEXT('2D SPACE',''
  ) );
#2777 = ORIENTED_EDGE('',*,*,#2778,.F.);
#2778 = EDGE_CURVE('',#2779,#2755,#2781,.T.);
#2779 = VERTEX_POINT('',#2780);
#2780 = CARTESIAN_POINT('',(26.398737341529,24.748737341529,-18.2));
#2781 = SURFACE_CURVE('',#2782,(#2786,#2793),.PCURVE_S1.);
#2782 = LINE('',#2783,#2784);
#2783 = CARTESIAN_POINT('',(26.398737341529,24.748737341529,-20.2));
#2784 = VECTOR('',#2785,1.);
#2785 = DIRECTION('',(6.305496559635E-17,-4.941768411644E-18,-1.));
#2786 = PCURVE('',#2730,#2787);
#2787 = DEFINITIONAL_REPRESENTATION('',(#2788),#2792);
#2788 = LINE('',#2789,#2790);
#2789 = CARTESIAN_POINT('',(3.14159265359,0.));
#2790 = VECTOR('',#2791,1.);
#2791 = DIRECTION('',(0.,1.));
#2792 = ( GEOMETRIC_REPRESENTATION_CONTEXT(2) 
PARAMETRIC_REPRESENTATION_CONTEXT() REPRESENTATION_CONTEXT('2D SPACE',''
  ) );
#2793 = PCURVE('',#2742,#2794);
#2794 = DEFINITIONAL_REPRESENTATION('',(#2795),#2799);
#2795 = LINE('',#2796,#2797);
#2796 = CARTESIAN_POINT('',(3.14159265359,0.));
#2797 = VECTOR('',#2798,1.);
#2798 = DIRECTION('',(0.,1.));
#2799 = ( GEOMETRIC_REPRESENTATION_CONTEXT(2) 
PARAMETRIC_REPRESENTATION_CONTEXT() REPRESENTATION_CONTEXT('2D SPACE',''
  ) );
#2800 = ORIENTED_EDGE('',*,*,#2801,.T.);
#2801 = EDGE_CURVE('',#2779,#2720,#2802,.T.);
#2802 = SURFACE_CURVE('',#2803,(#2808,#2815),.PCURVE_S1.);
#2803 = CIRCLE('',#2804,1.65);
#2804 = AXIS2_PLACEMENT_3D('',#2805,#2806,#2807);
#2805 = CARTESIAN_POINT('',(24.748737341529,24.748737341529,-18.2));
#2806 = DIRECTION('',(6.305496559635E-17,-4.941768411644E-18,-1.));
#2807 = DIRECTION('',(-1.,-1.734723475977E-18,-6.305496559635E-17));
#2808 = PCURVE('',#2730,#2809);
#2809 = DEFINITIONAL_REPRESENTATION('',(#2810),#2814);
#2810 = LINE('',#2811,#2812);
#2811 = CARTESIAN_POINT('',(0.,-2.));
#2812 = VECTOR('',#2813,1.);
#2813 = DIRECTION('',(1.,0.));
#2814 = ( GEOMETRIC_REPRESENTATION_CONTEXT(2) 
PARAMETRIC_REPRESENTATION_CONTEXT() REPRESENTATION_CONTEXT('2D SPACE',''
  ) );
#2815 = PCURVE('',#123,#2816);
#2816 = DEFINITIONAL_REPRESENTATION('',(#2817),#2821);
#2817 = CIRCLE('',#2818,1.65);
#2818 = AXIS2_PLACEMENT_2D('',#2819,#2820);
#2819 = CARTESIAN_POINT('',(-24.74873734152,24.748737341529));
#2820 = DIRECTION('',(1.,0.));
#2821 = ( GEOMETRIC_REPRESENTATION_CONTEXT(2) 
PARAMETRIC_REPRESENTATION_CONTEXT() REPRESENTATION_CONTEXT('2D SPACE',''
  ) );
#2822 = ADVANCED_FACE('',(#2823),#2837,.F.);
#2823 = FACE_BOUND('',#2824,.F.);
#2824 = EDGE_LOOP('',(#2825,#2860,#2884,#2907));
#2825 = ORIENTED_EDGE('',*,*,#2826,.T.);
#2826 = EDGE_CURVE('',#2827,#2829,#2831,.T.);
#2827 = VERTEX_POINT('',#2828);
#2828 = CARTESIAN_POINT('',(33.35,3.666732771433E-13,-18.2));
#2829 = VERTEX_POINT('',#2830);
#2830 = CARTESIAN_POINT('',(33.35,3.666633936065E-13,-20.2));
#2831 = SURFACE_CURVE('',#2832,(#2836,#2848),.PCURVE_S1.);
#2832 = LINE('',#2833,#2834);
#2833 = CARTESIAN_POINT('',(33.35,3.666633936065E-13,-20.2));
#2834 = VECTOR('',#2835,1.);
#2835 = DIRECTION('',(6.305496559635E-17,-4.941768411644E-18,-1.));
#2836 = PCURVE('',#2837,#2842);
#2837 = CYLINDRICAL_SURFACE('',#2838,1.65);
#2838 = AXIS2_PLACEMENT_3D('',#2839,#2840,#2841);
#2839 = CARTESIAN_POINT('',(35.,3.666662559002E-13,-20.2));
#2840 = DIRECTION('',(6.305496559635E-17,-4.941768411644E-18,-1.));
#2841 = DIRECTION('',(-1.,-1.734723475977E-18,-6.305496559635E-17));
#2842 = DEFINITIONAL_REPRESENTATION('',(#2843),#2847);
#2843 = LINE('',#2844,#2845);
#2844 = CARTESIAN_POINT('',(6.28318530718,0.));
#2845 = VECTOR('',#2846,1.);
#2846 = DIRECTION('',(0.,1.));
#2847 = ( GEOMETRIC_REPRESENTATION_CONTEXT(2) 
PARAMETRIC_REPRESENTATION_CONTEXT() REPRESENTATION_CONTEXT('2D SPACE',''
  ) );
#2848 = PCURVE('',#2849,#2854);
#2849 = CYLINDRICAL_SURFACE('',#2850,1.65);
#2850 = AXIS2_PLACEMENT_3D('',#2851,#2852,#2853);
#2851 = CARTESIAN_POINT('',(35.,3.666662559002E-13,-20.2));
#2852 = DIRECTION('',(6.305496559635E-17,-4.941768411644E-18,-1.));
#2853 = DIRECTION('',(-1.,-1.734723475977E-18,-6.305496559635E-17));
#2854 = DEFINITIONAL_REPRESENTATION('',(#2855),#2859);
#2855 = LINE('',#2856,#2857);
#2856 = CARTESIAN_POINT('',(0.,0.));
#2857 = VECTOR('',#2858,1.);
#2858 = DIRECTION('',(0.,1.));
#2859 = ( GEOMETRIC_REPRESENTATION_CONTEXT(2) 
PARAMETRIC_REPRESENTATION_CONTEXT() REPRESENTATION_CONTEXT('2D SPACE',''
  ) );
#2860 = ORIENTED_EDGE('',*,*,#2861,.F.);
#2861 = EDGE_CURVE('',#2862,#2829,#2864,.T.);
#2862 = VERTEX_POINT('',#2863);
#2863 = CARTESIAN_POINT('',(36.65,3.668711849158E-13,-20.2));
#2864 = SURFACE_CURVE('',#2865,(#2870,#2877),.PCURVE_S1.);
#2865 = CIRCLE('',#2866,1.65);
#2866 = AXIS2_PLACEMENT_3D('',#2867,#2868,#2869);
#2867 = CARTESIAN_POINT('',(35.,3.666662559002E-13,-20.2));
#2868 = DIRECTION('',(6.305496559635E-17,-4.941768411644E-18,-1.));
#2869 = DIRECTION('',(-1.,-1.734723475977E-18,-6.305496559635E-17));
#2870 = PCURVE('',#2837,#2871);
#2871 = DEFINITIONAL_REPRESENTATION('',(#2872),#2876);
#2872 = LINE('',#2873,#2874);
#2873 = CARTESIAN_POINT('',(0.,1.33226762955E-15));
#2874 = VECTOR('',#2875,1.);
#2875 = DIRECTION('',(1.,0.));
#2876 = ( GEOMETRIC_REPRESENTATION_CONTEXT(2) 
PARAMETRIC_REPRESENTATION_CONTEXT() REPRESENTATION_CONTEXT('2D SPACE',''
  ) );
#2877 = PCURVE('',#974,#2878);
#2878 = DEFINITIONAL_REPRESENTATION('',(#2879),#2883);
#2879 = CIRCLE('',#2880,1.65);
#2880 = AXIS2_PLACEMENT_2D('',#2881,#2882);
#2881 = CARTESIAN_POINT('',(-35.,3.666055405785E-13));
#2882 = DIRECTION('',(1.,0.));
#2883 = ( GEOMETRIC_REPRESENTATION_CONTEXT(2) 
PARAMETRIC_REPRESENTATION_CONTEXT() REPRESENTATION_CONTEXT('2D SPACE',''
  ) );
#2884 = ORIENTED_EDGE('',*,*,#2885,.F.);
#2885 = EDGE_CURVE('',#2886,#2862,#2888,.T.);
#2886 = VERTEX_POINT('',#2887);
#2887 = CARTESIAN_POINT('',(36.65,3.668810684526E-13,-18.2));
#2888 = SURFACE_CURVE('',#2889,(#2893,#2900),.PCURVE_S1.);
#2889 = LINE('',#2890,#2891);
#2890 = CARTESIAN_POINT('',(36.65,3.668711849158E-13,-20.2));
#2891 = VECTOR('',#2892,1.);
#2892 = DIRECTION('',(6.305496559635E-17,-4.941768411644E-18,-1.));
#2893 = PCURVE('',#2837,#2894);
#2894 = DEFINITIONAL_REPRESENTATION('',(#2895),#2899);
#2895 = LINE('',#2896,#2897);
#2896 = CARTESIAN_POINT('',(3.14159265359,0.));
#2897 = VECTOR('',#2898,1.);
#2898 = DIRECTION('',(0.,1.));
#2899 = ( GEOMETRIC_REPRESENTATION_CONTEXT(2) 
PARAMETRIC_REPRESENTATION_CONTEXT() REPRESENTATION_CONTEXT('2D SPACE',''
  ) );
#2900 = PCURVE('',#2849,#2901);
#2901 = DEFINITIONAL_REPRESENTATION('',(#2902),#2906);
#2902 = LINE('',#2903,#2904);
#2903 = CARTESIAN_POINT('',(3.14159265359,0.));
#2904 = VECTOR('',#2905,1.);
#2905 = DIRECTION('',(0.,1.));
#2906 = ( GEOMETRIC_REPRESENTATION_CONTEXT(2) 
PARAMETRIC_REPRESENTATION_CONTEXT() REPRESENTATION_CONTEXT('2D SPACE',''
  ) );
#2907 = ORIENTED_EDGE('',*,*,#2908,.T.);
#2908 = EDGE_CURVE('',#2886,#2827,#2909,.T.);
#2909 = SURFACE_CURVE('',#2910,(#2915,#2922),.PCURVE_S1.);
#2910 = CIRCLE('',#2911,1.65);
#2911 = AXIS2_PLACEMENT_3D('',#2912,#2913,#2914);
#2912 = CARTESIAN_POINT('',(35.,3.66676139437E-13,-18.2));
#2913 = DIRECTION('',(6.305496559635E-17,-4.941768411644E-18,-1.));
#2914 = DIRECTION('',(-1.,-1.734723475977E-18,-6.305496559635E-17));
#2915 = PCURVE('',#2837,#2916);
#2916 = DEFINITIONAL_REPRESENTATION('',(#2917),#2921);
#2917 = LINE('',#2918,#2919);
#2918 = CARTESIAN_POINT('',(0.,-2.));
#2919 = VECTOR('',#2920,1.);
#2920 = DIRECTION('',(1.,0.));
#2921 = ( GEOMETRIC_REPRESENTATION_CONTEXT(2) 
PARAMETRIC_REPRESENTATION_CONTEXT() REPRESENTATION_CONTEXT('2D SPACE',''
  ) );
#2922 = PCURVE('',#123,#2923);
#2923 = DEFINITIONAL_REPRESENTATION('',(#2924),#2928);
#2924 = CIRCLE('',#2925,1.65);
#2925 = AXIS2_PLACEMENT_2D('',#2926,#2927);
#2926 = CARTESIAN_POINT('',(-35.,3.666055405785E-13));
#2927 = DIRECTION('',(1.,0.));
#2928 = ( GEOMETRIC_REPRESENTATION_CONTEXT(2) 
PARAMETRIC_REPRESENTATION_CONTEXT() REPRESENTATION_CONTEXT('2D SPACE',''
  ) );
#2929 = ADVANCED_FACE('',(#2930),#2944,.F.);
#2930 = FACE_BOUND('',#2931,.F.);
#2931 = EDGE_LOOP('',(#2932,#2967,#2991,#3014));
#2932 = ORIENTED_EDGE('',*,*,#2933,.T.);
#2933 = EDGE_CURVE('',#2934,#2936,#2938,.T.);
#2934 = VERTEX_POINT('',#2935);
#2935 = CARTESIAN_POINT('',(23.098737341529,-24.74873734152,-18.2));
#2936 = VERTEX_POINT('',#2937);
#2937 = CARTESIAN_POINT('',(23.098737341529,-24.74873734152,-20.2));
#2938 = SURFACE_CURVE('',#2939,(#2943,#2955),.PCURVE_S1.);
#2939 = LINE('',#2940,#2941);
#2940 = CARTESIAN_POINT('',(23.098737341529,-24.74873734152,-20.2));
#2941 = VECTOR('',#2942,1.);
#2942 = DIRECTION('',(6.305496559635E-17,-4.941768411644E-18,-1.));
#2943 = PCURVE('',#2944,#2949);
#2944 = CYLINDRICAL_SURFACE('',#2945,1.65);
#2945 = AXIS2_PLACEMENT_3D('',#2946,#2947,#2948);
#2946 = CARTESIAN_POINT('',(24.748737341529,-24.74873734152,-20.2));
#2947 = DIRECTION('',(6.305496559635E-17,-4.941768411644E-18,-1.));
#2948 = DIRECTION('',(-1.,-1.734723475977E-18,-6.305496559635E-17));
#2949 = DEFINITIONAL_REPRESENTATION('',(#2950),#2954);
#2950 = LINE('',#2951,#2952);
#2951 = CARTESIAN_POINT('',(6.28318530718,0.));
#2952 = VECTOR('',#2953,1.);
#2953 = DIRECTION('',(0.,1.));
#2954 = ( GEOMETRIC_REPRESENTATION_CONTEXT(2) 
PARAMETRIC_REPRESENTATION_CONTEXT() REPRESENTATION_CONTEXT('2D SPACE',''
  ) );
#2955 = PCURVE('',#2956,#2961);
#2956 = CYLINDRICAL_SURFACE('',#2957,1.65);
#2957 = AXIS2_PLACEMENT_3D('',#2958,#2959,#2960);
#2958 = CARTESIAN_POINT('',(24.748737341529,-24.74873734152,-20.2));
#2959 = DIRECTION('',(6.305496559635E-17,-4.941768411644E-18,-1.));
#2960 = DIRECTION('',(-1.,-1.734723475977E-18,-6.305496559635E-17));
#2961 = DEFINITIONAL_REPRESENTATION('',(#2962),#2966);
#2962 = LINE('',#2963,#2964);
#2963 = CARTESIAN_POINT('',(0.,0.));
#2964 = VECTOR('',#2965,1.);
#2965 = DIRECTION('',(0.,1.));
#2966 = ( GEOMETRIC_REPRESENTATION_CONTEXT(2) 
PARAMETRIC_REPRESENTATION_CONTEXT() REPRESENTATION_CONTEXT('2D SPACE',''
  ) );
#2967 = ORIENTED_EDGE('',*,*,#2968,.F.);
#2968 = EDGE_CURVE('',#2969,#2936,#2971,.T.);
#2969 = VERTEX_POINT('',#2970);
#2970 = CARTESIAN_POINT('',(26.398737341529,-24.74873734152,-20.2));
#2971 = SURFACE_CURVE('',#2972,(#2977,#2984),.PCURVE_S1.);
#2972 = CIRCLE('',#2973,1.65);
#2973 = AXIS2_PLACEMENT_3D('',#2974,#2975,#2976);
#2974 = CARTESIAN_POINT('',(24.748737341529,-24.74873734152,-20.2));
#2975 = DIRECTION('',(6.305496559635E-17,-4.941768411644E-18,-1.));
#2976 = DIRECTION('',(-1.,-1.734723475977E-18,-6.305496559635E-17));
#2977 = PCURVE('',#2944,#2978);
#2978 = DEFINITIONAL_REPRESENTATION('',(#2979),#2983);
#2979 = LINE('',#2980,#2981);
#2980 = CARTESIAN_POINT('',(0.,1.33226762955E-15));
#2981 = VECTOR('',#2982,1.);
#2982 = DIRECTION('',(1.,0.));
#2983 = ( GEOMETRIC_REPRESENTATION_CONTEXT(2) 
PARAMETRIC_REPRESENTATION_CONTEXT() REPRESENTATION_CONTEXT('2D SPACE',''
  ) );
#2984 = PCURVE('',#974,#2985);
#2985 = DEFINITIONAL_REPRESENTATION('',(#2986),#2990);
#2986 = CIRCLE('',#2987,1.65);
#2987 = AXIS2_PLACEMENT_2D('',#2988,#2989);
#2988 = CARTESIAN_POINT('',(-24.74873734152,-24.74873734152));
#2989 = DIRECTION('',(1.,0.));
#2990 = ( GEOMETRIC_REPRESENTATION_CONTEXT(2) 
PARAMETRIC_REPRESENTATION_CONTEXT() REPRESENTATION_CONTEXT('2D SPACE',''
  ) );
#2991 = ORIENTED_EDGE('',*,*,#2992,.F.);
#2992 = EDGE_CURVE('',#2993,#2969,#2995,.T.);
#2993 = VERTEX_POINT('',#2994);
#2994 = CARTESIAN_POINT('',(26.398737341529,-24.74873734152,-18.2));
#2995 = SURFACE_CURVE('',#2996,(#3000,#3007),.PCURVE_S1.);
#2996 = LINE('',#2997,#2998);
#2997 = CARTESIAN_POINT('',(26.398737341529,-24.74873734152,-20.2));
#2998 = VECTOR('',#2999,1.);
#2999 = DIRECTION('',(6.305496559635E-17,-4.941768411644E-18,-1.));
#3000 = PCURVE('',#2944,#3001);
#3001 = DEFINITIONAL_REPRESENTATION('',(#3002),#3006);
#3002 = LINE('',#3003,#3004);
#3003 = CARTESIAN_POINT('',(3.14159265359,0.));
#3004 = VECTOR('',#3005,1.);
#3005 = DIRECTION('',(0.,1.));
#3006 = ( GEOMETRIC_REPRESENTATION_CONTEXT(2) 
PARAMETRIC_REPRESENTATION_CONTEXT() REPRESENTATION_CONTEXT('2D SPACE',''
  ) );
#3007 = PCURVE('',#2956,#3008);
#3008 = DEFINITIONAL_REPRESENTATION('',(#3009),#3013);
#3009 = LINE('',#3010,#3011);
#3010 = CARTESIAN_POINT('',(3.14159265359,0.));
#3011 = VECTOR('',#3012,1.);
#3012 = DIRECTION('',(0.,1.));
#3013 = ( GEOMETRIC_REPRESENTATION_CONTEXT(2) 
PARAMETRIC_REPRESENTATION_CONTEXT() REPRESENTATION_CONTEXT('2D SPACE',''
  ) );
#3014 = ORIENTED_EDGE('',*,*,#3015,.T.);
#3015 = EDGE_CURVE('',#2993,#2934,#3016,.T.);
#3016 = SURFACE_CURVE('',#3017,(#3022,#3029),.PCURVE_S1.);
#3017 = CIRCLE('',#3018,1.65);
#3018 = AXIS2_PLACEMENT_3D('',#3019,#3020,#3021);
#3019 = CARTESIAN_POINT('',(24.748737341529,-24.74873734152,-18.2));
#3020 = DIRECTION('',(6.305496559635E-17,-4.941768411644E-18,-1.));
#3021 = DIRECTION('',(-1.,-1.734723475977E-18,-6.305496559635E-17));
#3022 = PCURVE('',#2944,#3023);
#3023 = DEFINITIONAL_REPRESENTATION('',(#3024),#3028);
#3024 = LINE('',#3025,#3026);
#3025 = CARTESIAN_POINT('',(0.,-2.));
#3026 = VECTOR('',#3027,1.);
#3027 = DIRECTION('',(1.,0.));
#3028 = ( GEOMETRIC_REPRESENTATION_CONTEXT(2) 
PARAMETRIC_REPRESENTATION_CONTEXT() REPRESENTATION_CONTEXT('2D SPACE',''
  ) );
#3029 = PCURVE('',#123,#3030);
#3030 = DEFINITIONAL_REPRESENTATION('',(#3031),#3035);
#3031 = CIRCLE('',#3032,1.65);
#3032 = AXIS2_PLACEMENT_2D('',#3033,#3034);
#3033 = CARTESIAN_POINT('',(-24.74873734152,-24.74873734152));
#3034 = DIRECTION('',(1.,0.));
#3035 = ( GEOMETRIC_REPRESENTATION_CONTEXT(2) 
PARAMETRIC_REPRESENTATION_CONTEXT() REPRESENTATION_CONTEXT('2D SPACE',''
  ) );
#3036 = ADVANCED_FACE('',(#3037),#3051,.F.);
#3037 = FACE_BOUND('',#3038,.F.);
#3038 = EDGE_LOOP('',(#3039,#3074,#3098,#3121));
#3039 = ORIENTED_EDGE('',*,*,#3040,.T.);
#3040 = EDGE_CURVE('',#3041,#3043,#3045,.T.);
#3041 = VERTEX_POINT('',#3042);
#3042 = CARTESIAN_POINT('',(-1.65,-35.,-18.2));
#3043 = VERTEX_POINT('',#3044);
#3044 = CARTESIAN_POINT('',(-1.65,-35.,-20.2));
#3045 = SURFACE_CURVE('',#3046,(#3050,#3062),.PCURVE_S1.);
#3046 = LINE('',#3047,#3048);
#3047 = CARTESIAN_POINT('',(-1.65,-35.,-20.2));
#3048 = VECTOR('',#3049,1.);
#3049 = DIRECTION('',(6.305496559635E-17,-4.941768411644E-18,-1.));
#3050 = PCURVE('',#3051,#3056);
#3051 = CYLINDRICAL_SURFACE('',#3052,1.65);
#3052 = AXIS2_PLACEMENT_3D('',#3053,#3054,#3055);
#3053 = CARTESIAN_POINT('',(6.071532165919E-17,-35.,-20.2));
#3054 = DIRECTION('',(6.305496559635E-17,-4.941768411644E-18,-1.));
#3055 = DIRECTION('',(-1.,-1.734723475977E-18,-6.305496559635E-17));
#3056 = DEFINITIONAL_REPRESENTATION('',(#3057),#3061);
#3057 = LINE('',#3058,#3059);
#3058 = CARTESIAN_POINT('',(6.28318530718,0.));
#3059 = VECTOR('',#3060,1.);
#3060 = DIRECTION('',(0.,1.));
#3061 = ( GEOMETRIC_REPRESENTATION_CONTEXT(2) 
PARAMETRIC_REPRESENTATION_CONTEXT() REPRESENTATION_CONTEXT('2D SPACE',''
  ) );
#3062 = PCURVE('',#3063,#3068);
#3063 = CYLINDRICAL_SURFACE('',#3064,1.65);
#3064 = AXIS2_PLACEMENT_3D('',#3065,#3066,#3067);
#3065 = CARTESIAN_POINT('',(6.071532165919E-17,-35.,-20.2));
#3066 = DIRECTION('',(6.305496559635E-17,-4.941768411644E-18,-1.));
#3067 = DIRECTION('',(-1.,-1.734723475977E-18,-6.305496559635E-17));
#3068 = DEFINITIONAL_REPRESENTATION('',(#3069),#3073);
#3069 = LINE('',#3070,#3071);
#3070 = CARTESIAN_POINT('',(0.,0.));
#3071 = VECTOR('',#3072,1.);
#3072 = DIRECTION('',(0.,1.));
#3073 = ( GEOMETRIC_REPRESENTATION_CONTEXT(2) 
PARAMETRIC_REPRESENTATION_CONTEXT() REPRESENTATION_CONTEXT('2D SPACE',''
  ) );
#3074 = ORIENTED_EDGE('',*,*,#3075,.F.);
#3075 = EDGE_CURVE('',#3076,#3043,#3078,.T.);
#3076 = VERTEX_POINT('',#3077);
#3077 = CARTESIAN_POINT('',(1.65,-35.,-20.2));
#3078 = SURFACE_CURVE('',#3079,(#3084,#3091),.PCURVE_S1.);
#3079 = CIRCLE('',#3080,1.65);
#3080 = AXIS2_PLACEMENT_3D('',#3081,#3082,#3083);
#3081 = CARTESIAN_POINT('',(6.071532165919E-17,-35.,-20.2));
#3082 = DIRECTION('',(6.305496559635E-17,-4.941768411644E-18,-1.));
#3083 = DIRECTION('',(-1.,-1.734723475977E-18,-6.305496559635E-17));
#3084 = PCURVE('',#3051,#3085);
#3085 = DEFINITIONAL_REPRESENTATION('',(#3086),#3090);
#3086 = LINE('',#3087,#3088);
#3087 = CARTESIAN_POINT('',(0.,1.33226762955E-15));
#3088 = VECTOR('',#3089,1.);
#3089 = DIRECTION('',(1.,0.));
#3090 = ( GEOMETRIC_REPRESENTATION_CONTEXT(2) 
PARAMETRIC_REPRESENTATION_CONTEXT() REPRESENTATION_CONTEXT('2D SPACE',''
  ) );
#3091 = PCURVE('',#974,#3092);
#3092 = DEFINITIONAL_REPRESENTATION('',(#3093),#3097);
#3093 = CIRCLE('',#3094,1.65);
#3094 = AXIS2_PLACEMENT_2D('',#3095,#3096);
#3095 = CARTESIAN_POINT('',(0.,-35.));
#3096 = DIRECTION('',(1.,0.));
#3097 = ( GEOMETRIC_REPRESENTATION_CONTEXT(2) 
PARAMETRIC_REPRESENTATION_CONTEXT() REPRESENTATION_CONTEXT('2D SPACE',''
  ) );
#3098 = ORIENTED_EDGE('',*,*,#3099,.F.);
#3099 = EDGE_CURVE('',#3100,#3076,#3102,.T.);
#3100 = VERTEX_POINT('',#3101);
#3101 = CARTESIAN_POINT('',(1.65,-35.,-18.2));
#3102 = SURFACE_CURVE('',#3103,(#3107,#3114),.PCURVE_S1.);
#3103 = LINE('',#3104,#3105);
#3104 = CARTESIAN_POINT('',(1.65,-35.,-20.2));
#3105 = VECTOR('',#3106,1.);
#3106 = DIRECTION('',(6.305496559635E-17,-4.941768411644E-18,-1.));
#3107 = PCURVE('',#3051,#3108);
#3108 = DEFINITIONAL_REPRESENTATION('',(#3109),#3113);
#3109 = LINE('',#3110,#3111);
#3110 = CARTESIAN_POINT('',(3.14159265359,0.));
#3111 = VECTOR('',#3112,1.);
#3112 = DIRECTION('',(0.,1.));
#3113 = ( GEOMETRIC_REPRESENTATION_CONTEXT(2) 
PARAMETRIC_REPRESENTATION_CONTEXT() REPRESENTATION_CONTEXT('2D SPACE',''
  ) );
#3114 = PCURVE('',#3063,#3115);
#3115 = DEFINITIONAL_REPRESENTATION('',(#3116),#3120);
#3116 = LINE('',#3117,#3118);
#3117 = CARTESIAN_POINT('',(3.14159265359,0.));
#3118 = VECTOR('',#3119,1.);
#3119 = DIRECTION('',(0.,1.));
#3120 = ( GEOMETRIC_REPRESENTATION_CONTEXT(2) 
PARAMETRIC_REPRESENTATION_CONTEXT() REPRESENTATION_CONTEXT('2D SPACE',''
  ) );
#3121 = ORIENTED_EDGE('',*,*,#3122,.T.);
#3122 = EDGE_CURVE('',#3100,#3041,#3123,.T.);
#3123 = SURFACE_CURVE('',#3124,(#3129,#3136),.PCURVE_S1.);
#3124 = CIRCLE('',#3125,1.65);
#3125 = AXIS2_PLACEMENT_3D('',#3126,#3127,#3128);
#3126 = CARTESIAN_POINT('',(-6.539460953351E-17,-35.,-18.2));
#3127 = DIRECTION('',(6.305496559635E-17,-4.941768411644E-18,-1.));
#3128 = DIRECTION('',(-1.,-1.734723475977E-18,-6.305496559635E-17));
#3129 = PCURVE('',#3051,#3130);
#3130 = DEFINITIONAL_REPRESENTATION('',(#3131),#3135);
#3131 = LINE('',#3132,#3133);
#3132 = CARTESIAN_POINT('',(0.,-2.));
#3133 = VECTOR('',#3134,1.);
#3134 = DIRECTION('',(1.,0.));
#3135 = ( GEOMETRIC_REPRESENTATION_CONTEXT(2) 
PARAMETRIC_REPRESENTATION_CONTEXT() REPRESENTATION_CONTEXT('2D SPACE',''
  ) );
#3136 = PCURVE('',#123,#3137);
#3137 = DEFINITIONAL_REPRESENTATION('',(#3138),#3142);
#3138 = CIRCLE('',#3139,1.65);
#3139 = AXIS2_PLACEMENT_2D('',#3140,#3141);
#3140 = CARTESIAN_POINT('',(0.,-35.));
#3141 = DIRECTION('',(1.,0.));
#3142 = ( GEOMETRIC_REPRESENTATION_CONTEXT(2) 
PARAMETRIC_REPRESENTATION_CONTEXT() REPRESENTATION_CONTEXT('2D SPACE',''
  ) );
#3143 = ADVANCED_FACE('',(#3144),#3158,.F.);
#3144 = FACE_BOUND('',#3145,.F.);
#3145 = EDGE_LOOP('',(#3146,#3181,#3205,#3228));
#3146 = ORIENTED_EDGE('',*,*,#3147,.T.);
#3147 = EDGE_CURVE('',#3148,#3150,#3152,.T.);
#3148 = VERTEX_POINT('',#3149);
#3149 = CARTESIAN_POINT('',(-26.39873734152,-24.74873734152,-18.2));
#3150 = VERTEX_POINT('',#3151);
#3151 = CARTESIAN_POINT('',(-26.39873734152,-24.74873734152,-20.2));
#3152 = SURFACE_CURVE('',#3153,(#3157,#3169),.PCURVE_S1.);
#3153 = LINE('',#3154,#3155);
#3154 = CARTESIAN_POINT('',(-26.39873734152,-24.74873734152,-20.2));
#3155 = VECTOR('',#3156,1.);
#3156 = DIRECTION('',(6.305496559635E-17,-4.941768411644E-18,-1.));
#3157 = PCURVE('',#3158,#3163);
#3158 = CYLINDRICAL_SURFACE('',#3159,1.65);
#3159 = AXIS2_PLACEMENT_3D('',#3160,#3161,#3162);
#3160 = CARTESIAN_POINT('',(-24.74873734152,-24.74873734152,-20.2));
#3161 = DIRECTION('',(6.305496559635E-17,-4.941768411644E-18,-1.));
#3162 = DIRECTION('',(-1.,-1.734723475977E-18,-6.305496559635E-17));
#3163 = DEFINITIONAL_REPRESENTATION('',(#3164),#3168);
#3164 = LINE('',#3165,#3166);
#3165 = CARTESIAN_POINT('',(6.28318530718,0.));
#3166 = VECTOR('',#3167,1.);
#3167 = DIRECTION('',(0.,1.));
#3168 = ( GEOMETRIC_REPRESENTATION_CONTEXT(2) 
PARAMETRIC_REPRESENTATION_CONTEXT() REPRESENTATION_CONTEXT('2D SPACE',''
  ) );
#3169 = PCURVE('',#3170,#3175);
#3170 = CYLINDRICAL_SURFACE('',#3171,1.65);
#3171 = AXIS2_PLACEMENT_3D('',#3172,#3173,#3174);
#3172 = CARTESIAN_POINT('',(-24.74873734152,-24.74873734152,-20.2));
#3173 = DIRECTION('',(6.305496559635E-17,-4.941768411644E-18,-1.));
#3174 = DIRECTION('',(-1.,-1.734723475977E-18,-6.305496559635E-17));
#3175 = DEFINITIONAL_REPRESENTATION('',(#3176),#3180);
#3176 = LINE('',#3177,#3178);
#3177 = CARTESIAN_POINT('',(0.,0.));
#3178 = VECTOR('',#3179,1.);
#3179 = DIRECTION('',(0.,1.));
#3180 = ( GEOMETRIC_REPRESENTATION_CONTEXT(2) 
PARAMETRIC_REPRESENTATION_CONTEXT() REPRESENTATION_CONTEXT('2D SPACE',''
  ) );
#3181 = ORIENTED_EDGE('',*,*,#3182,.F.);
#3182 = EDGE_CURVE('',#3183,#3150,#3185,.T.);
#3183 = VERTEX_POINT('',#3184);
#3184 = CARTESIAN_POINT('',(-23.09873734152,-24.74873734152,-20.2));
#3185 = SURFACE_CURVE('',#3186,(#3191,#3198),.PCURVE_S1.);
#3186 = CIRCLE('',#3187,1.65);
#3187 = AXIS2_PLACEMENT_3D('',#3188,#3189,#3190);
#3188 = CARTESIAN_POINT('',(-24.74873734152,-24.74873734152,-20.2));
#3189 = DIRECTION('',(6.305496559635E-17,-4.941768411644E-18,-1.));
#3190 = DIRECTION('',(-1.,-1.734723475977E-18,-6.305496559635E-17));
#3191 = PCURVE('',#3158,#3192);
#3192 = DEFINITIONAL_REPRESENTATION('',(#3193),#3197);
#3193 = LINE('',#3194,#3195);
#3194 = CARTESIAN_POINT('',(0.,1.33226762955E-15));
#3195 = VECTOR('',#3196,1.);
#3196 = DIRECTION('',(1.,0.));
#3197 = ( GEOMETRIC_REPRESENTATION_CONTEXT(2) 
PARAMETRIC_REPRESENTATION_CONTEXT() REPRESENTATION_CONTEXT('2D SPACE',''
  ) );
#3198 = PCURVE('',#974,#3199);
#3199 = DEFINITIONAL_REPRESENTATION('',(#3200),#3204);
#3200 = CIRCLE('',#3201,1.65);
#3201 = AXIS2_PLACEMENT_2D('',#3202,#3203);
#3202 = CARTESIAN_POINT('',(24.748737341529,-24.74873734152));
#3203 = DIRECTION('',(1.,0.));
#3204 = ( GEOMETRIC_REPRESENTATION_CONTEXT(2) 
PARAMETRIC_REPRESENTATION_CONTEXT() REPRESENTATION_CONTEXT('2D SPACE',''
  ) );
#3205 = ORIENTED_EDGE('',*,*,#3206,.F.);
#3206 = EDGE_CURVE('',#3207,#3183,#3209,.T.);
#3207 = VERTEX_POINT('',#3208);
#3208 = CARTESIAN_POINT('',(-23.09873734152,-24.74873734152,-18.2));
#3209 = SURFACE_CURVE('',#3210,(#3214,#3221),.PCURVE_S1.);
#3210 = LINE('',#3211,#3212);
#3211 = CARTESIAN_POINT('',(-23.09873734152,-24.74873734152,-20.2));
#3212 = VECTOR('',#3213,1.);
#3213 = DIRECTION('',(6.305496559635E-17,-4.941768411644E-18,-1.));
#3214 = PCURVE('',#3158,#3215);
#3215 = DEFINITIONAL_REPRESENTATION('',(#3216),#3220);
#3216 = LINE('',#3217,#3218);
#3217 = CARTESIAN_POINT('',(3.14159265359,0.));
#3218 = VECTOR('',#3219,1.);
#3219 = DIRECTION('',(0.,1.));
#3220 = ( GEOMETRIC_REPRESENTATION_CONTEXT(2) 
PARAMETRIC_REPRESENTATION_CONTEXT() REPRESENTATION_CONTEXT('2D SPACE',''
  ) );
#3221 = PCURVE('',#3170,#3222);
#3222 = DEFINITIONAL_REPRESENTATION('',(#3223),#3227);
#3223 = LINE('',#3224,#3225);
#3224 = CARTESIAN_POINT('',(3.14159265359,0.));
#3225 = VECTOR('',#3226,1.);
#3226 = DIRECTION('',(0.,1.));
#3227 = ( GEOMETRIC_REPRESENTATION_CONTEXT(2) 
PARAMETRIC_REPRESENTATION_CONTEXT() REPRESENTATION_CONTEXT('2D SPACE',''
  ) );
#3228 = ORIENTED_EDGE('',*,*,#3229,.T.);
#3229 = EDGE_CURVE('',#3207,#3148,#3230,.T.);
#3230 = SURFACE_CURVE('',#3231,(#3236,#3243),.PCURVE_S1.);
#3231 = CIRCLE('',#3232,1.65);
#3232 = AXIS2_PLACEMENT_3D('',#3233,#3234,#3235);
#3233 = CARTESIAN_POINT('',(-24.74873734152,-24.74873734152,-18.2));
#3234 = DIRECTION('',(6.305496559635E-17,-4.941768411644E-18,-1.));
#3235 = DIRECTION('',(-1.,-1.734723475977E-18,-6.305496559635E-17));
#3236 = PCURVE('',#3158,#3237);
#3237 = DEFINITIONAL_REPRESENTATION('',(#3238),#3242);
#3238 = LINE('',#3239,#3240);
#3239 = CARTESIAN_POINT('',(0.,-2.));
#3240 = VECTOR('',#3241,1.);
#3241 = DIRECTION('',(1.,0.));
#3242 = ( GEOMETRIC_REPRESENTATION_CONTEXT(2) 
PARAMETRIC_REPRESENTATION_CONTEXT() REPRESENTATION_CONTEXT('2D SPACE',''
  ) );
#3243 = PCURVE('',#123,#3244);
#3244 = DEFINITIONAL_REPRESENTATION('',(#3245),#3249);
#3245 = CIRCLE('',#3246,1.65);
#3246 = AXIS2_PLACEMENT_2D('',#3247,#3248);
#3247 = CARTESIAN_POINT('',(24.748737341529,-24.74873734152));
#3248 = DIRECTION('',(1.,0.));
#3249 = ( GEOMETRIC_REPRESENTATION_CONTEXT(2) 
PARAMETRIC_REPRESENTATION_CONTEXT() REPRESENTATION_CONTEXT('2D SPACE',''
  ) );
#3250 = ADVANCED_FACE('',(#3251),#3265,.F.);
#3251 = FACE_BOUND('',#3252,.F.);
#3252 = EDGE_LOOP('',(#3253,#3288,#3312,#3335));
#3253 = ORIENTED_EDGE('',*,*,#3254,.T.);
#3254 = EDGE_CURVE('',#3255,#3257,#3259,.T.);
#3255 = VERTEX_POINT('',#3256);
#3256 = CARTESIAN_POINT('',(-36.65,-1.222555409381E-13,-18.2));
#3257 = VERTEX_POINT('',#3258);
#3258 = CARTESIAN_POINT('',(-36.65,-1.222654244749E-13,-20.2));
#3259 = SURFACE_CURVE('',#3260,(#3264,#3276),.PCURVE_S1.);
#3260 = LINE('',#3261,#3262);
#3261 = CARTESIAN_POINT('',(-36.65,-1.222654244749E-13,-20.2));
#3262 = VECTOR('',#3263,1.);
#3263 = DIRECTION('',(6.305496559635E-17,-4.941768411644E-18,-1.));
#3264 = PCURVE('',#3265,#3270);
#3265 = CYLINDRICAL_SURFACE('',#3266,1.65);
#3266 = AXIS2_PLACEMENT_3D('',#3267,#3268,#3269);
#3267 = CARTESIAN_POINT('',(-35.,-1.222625621812E-13,-20.2));
#3268 = DIRECTION('',(6.305496559635E-17,-4.941768411644E-18,-1.));
#3269 = DIRECTION('',(-1.,-1.734723475977E-18,-6.305496559635E-17));
#3270 = DEFINITIONAL_REPRESENTATION('',(#3271),#3275);
#3271 = LINE('',#3272,#3273);
#3272 = CARTESIAN_POINT('',(6.28318530718,0.));
#3273 = VECTOR('',#3274,1.);
#3274 = DIRECTION('',(0.,1.));
#3275 = ( GEOMETRIC_REPRESENTATION_CONTEXT(2) 
PARAMETRIC_REPRESENTATION_CONTEXT() REPRESENTATION_CONTEXT('2D SPACE',''
  ) );
#3276 = PCURVE('',#3277,#3282);
#3277 = CYLINDRICAL_SURFACE('',#3278,1.65);
#3278 = AXIS2_PLACEMENT_3D('',#3279,#3280,#3281);
#3279 = CARTESIAN_POINT('',(-35.,-1.222625621812E-13,-20.2));
#3280 = DIRECTION('',(6.305496559635E-17,-4.941768411644E-18,-1.));
#3281 = DIRECTION('',(-1.,-1.734723475977E-18,-6.305496559635E-17));
#3282 = DEFINITIONAL_REPRESENTATION('',(#3283),#3287);
#3283 = LINE('',#3284,#3285);
#3284 = CARTESIAN_POINT('',(0.,0.));
#3285 = VECTOR('',#3286,1.);
#3286 = DIRECTION('',(0.,1.));
#3287 = ( GEOMETRIC_REPRESENTATION_CONTEXT(2) 
PARAMETRIC_REPRESENTATION_CONTEXT() REPRESENTATION_CONTEXT('2D SPACE',''
  ) );
#3288 = ORIENTED_EDGE('',*,*,#3289,.F.);
#3289 = EDGE_CURVE('',#3290,#3257,#3292,.T.);
#3290 = VERTEX_POINT('',#3291);
#3291 = CARTESIAN_POINT('',(-33.35,-1.220576331656E-13,-20.2));
#3292 = SURFACE_CURVE('',#3293,(#3298,#3305),.PCURVE_S1.);
#3293 = CIRCLE('',#3294,1.65);
#3294 = AXIS2_PLACEMENT_3D('',#3295,#3296,#3297);
#3295 = CARTESIAN_POINT('',(-35.,-1.222625621812E-13,-20.2));
#3296 = DIRECTION('',(6.305496559635E-17,-4.941768411644E-18,-1.));
#3297 = DIRECTION('',(-1.,-1.734723475977E-18,-6.305496559635E-17));
#3298 = PCURVE('',#3265,#3299);
#3299 = DEFINITIONAL_REPRESENTATION('',(#3300),#3304);
#3300 = LINE('',#3301,#3302);
#3301 = CARTESIAN_POINT('',(0.,1.33226762955E-15));
#3302 = VECTOR('',#3303,1.);
#3303 = DIRECTION('',(1.,0.));
#3304 = ( GEOMETRIC_REPRESENTATION_CONTEXT(2) 
PARAMETRIC_REPRESENTATION_CONTEXT() REPRESENTATION_CONTEXT('2D SPACE',''
  ) );
#3305 = PCURVE('',#974,#3306);
#3306 = DEFINITIONAL_REPRESENTATION('',(#3307),#3311);
#3307 = CIRCLE('',#3308,1.65);
#3308 = AXIS2_PLACEMENT_2D('',#3309,#3310);
#3309 = CARTESIAN_POINT('',(35.,-1.222018468595E-13));
#3310 = DIRECTION('',(1.,0.));
#3311 = ( GEOMETRIC_REPRESENTATION_CONTEXT(2) 
PARAMETRIC_REPRESENTATION_CONTEXT() REPRESENTATION_CONTEXT('2D SPACE',''
  ) );
#3312 = ORIENTED_EDGE('',*,*,#3313,.F.);
#3313 = EDGE_CURVE('',#3314,#3290,#3316,.T.);
#3314 = VERTEX_POINT('',#3315);
#3315 = CARTESIAN_POINT('',(-33.35,-1.220477496288E-13,-18.2));
#3316 = SURFACE_CURVE('',#3317,(#3321,#3328),.PCURVE_S1.);
#3317 = LINE('',#3318,#3319);
#3318 = CARTESIAN_POINT('',(-33.35,-1.220576331656E-13,-20.2));
#3319 = VECTOR('',#3320,1.);
#3320 = DIRECTION('',(6.305496559635E-17,-4.941768411644E-18,-1.));
#3321 = PCURVE('',#3265,#3322);
#3322 = DEFINITIONAL_REPRESENTATION('',(#3323),#3327);
#3323 = LINE('',#3324,#3325);
#3324 = CARTESIAN_POINT('',(3.14159265359,0.));
#3325 = VECTOR('',#3326,1.);
#3326 = DIRECTION('',(0.,1.));
#3327 = ( GEOMETRIC_REPRESENTATION_CONTEXT(2) 
PARAMETRIC_REPRESENTATION_CONTEXT() REPRESENTATION_CONTEXT('2D SPACE',''
  ) );
#3328 = PCURVE('',#3277,#3329);
#3329 = DEFINITIONAL_REPRESENTATION('',(#3330),#3334);
#3330 = LINE('',#3331,#3332);
#3331 = CARTESIAN_POINT('',(3.14159265359,0.));
#3332 = VECTOR('',#3333,1.);
#3333 = DIRECTION('',(0.,1.));
#3334 = ( GEOMETRIC_REPRESENTATION_CONTEXT(2) 
PARAMETRIC_REPRESENTATION_CONTEXT() REPRESENTATION_CONTEXT('2D SPACE',''
  ) );
#3335 = ORIENTED_EDGE('',*,*,#3336,.T.);
#3336 = EDGE_CURVE('',#3314,#3255,#3337,.T.);
#3337 = SURFACE_CURVE('',#3338,(#3343,#3350),.PCURVE_S1.);
#3338 = CIRCLE('',#3339,1.65);
#3339 = AXIS2_PLACEMENT_3D('',#3340,#3341,#3342);
#3340 = CARTESIAN_POINT('',(-35.,-1.222526786443E-13,-18.2));
#3341 = DIRECTION('',(6.305496559635E-17,-4.941768411644E-18,-1.));
#3342 = DIRECTION('',(-1.,-1.734723475977E-18,-6.305496559635E-17));
#3343 = PCURVE('',#3265,#3344);
#3344 = DEFINITIONAL_REPRESENTATION('',(#3345),#3349);
#3345 = LINE('',#3346,#3347);
#3346 = CARTESIAN_POINT('',(0.,-2.));
#3347 = VECTOR('',#3348,1.);
#3348 = DIRECTION('',(1.,0.));
#3349 = ( GEOMETRIC_REPRESENTATION_CONTEXT(2) 
PARAMETRIC_REPRESENTATION_CONTEXT() REPRESENTATION_CONTEXT('2D SPACE',''
  ) );
#3350 = PCURVE('',#123,#3351);
#3351 = DEFINITIONAL_REPRESENTATION('',(#3352),#3356);
#3352 = CIRCLE('',#3353,1.65);
#3353 = AXIS2_PLACEMENT_2D('',#3354,#3355);
#3354 = CARTESIAN_POINT('',(35.,-1.222018468595E-13));
#3355 = DIRECTION('',(1.,0.));
#3356 = ( GEOMETRIC_REPRESENTATION_CONTEXT(2) 
PARAMETRIC_REPRESENTATION_CONTEXT() REPRESENTATION_CONTEXT('2D SPACE',''
  ) );
#3357 = ADVANCED_FACE('',(#3358),#3372,.F.);
#3358 = FACE_BOUND('',#3359,.F.);
#3359 = EDGE_LOOP('',(#3360,#3395,#3419,#3442));
#3360 = ORIENTED_EDGE('',*,*,#3361,.T.);
#3361 = EDGE_CURVE('',#3362,#3364,#3366,.T.);
#3362 = VERTEX_POINT('',#3363);
#3363 = CARTESIAN_POINT('',(-26.39873734152,24.748737341529,-18.2));
#3364 = VERTEX_POINT('',#3365);
#3365 = CARTESIAN_POINT('',(-26.39873734152,24.748737341529,-20.2));
#3366 = SURFACE_CURVE('',#3367,(#3371,#3383),.PCURVE_S1.);
#3367 = LINE('',#3368,#3369);
#3368 = CARTESIAN_POINT('',(-26.39873734152,24.748737341529,-20.2));
#3369 = VECTOR('',#3370,1.);
#3370 = DIRECTION('',(6.305496559635E-17,-4.941768411644E-18,-1.));
#3371 = PCURVE('',#3372,#3377);
#3372 = CYLINDRICAL_SURFACE('',#3373,1.65);
#3373 = AXIS2_PLACEMENT_3D('',#3374,#3375,#3376);
#3374 = CARTESIAN_POINT('',(-24.74873734152,24.748737341529,-20.2));
#3375 = DIRECTION('',(6.305496559635E-17,-4.941768411644E-18,-1.));
#3376 = DIRECTION('',(-1.,-1.734723475977E-18,-6.305496559635E-17));
#3377 = DEFINITIONAL_REPRESENTATION('',(#3378),#3382);
#3378 = LINE('',#3379,#3380);
#3379 = CARTESIAN_POINT('',(6.28318530718,0.));
#3380 = VECTOR('',#3381,1.);
#3381 = DIRECTION('',(0.,1.));
#3382 = ( GEOMETRIC_REPRESENTATION_CONTEXT(2) 
PARAMETRIC_REPRESENTATION_CONTEXT() REPRESENTATION_CONTEXT('2D SPACE',''
  ) );
#3383 = PCURVE('',#3384,#3389);
#3384 = CYLINDRICAL_SURFACE('',#3385,1.65);
#3385 = AXIS2_PLACEMENT_3D('',#3386,#3387,#3388);
#3386 = CARTESIAN_POINT('',(-24.74873734152,24.748737341529,-20.2));
#3387 = DIRECTION('',(6.305496559635E-17,-4.941768411644E-18,-1.));
#3388 = DIRECTION('',(-1.,-1.734723475977E-18,-6.305496559635E-17));
#3389 = DEFINITIONAL_REPRESENTATION('',(#3390),#3394);
#3390 = LINE('',#3391,#3392);
#3391 = CARTESIAN_POINT('',(0.,0.));
#3392 = VECTOR('',#3393,1.);
#3393 = DIRECTION('',(0.,1.));
#3394 = ( GEOMETRIC_REPRESENTATION_CONTEXT(2) 
PARAMETRIC_REPRESENTATION_CONTEXT() REPRESENTATION_CONTEXT('2D SPACE',''
  ) );
#3395 = ORIENTED_EDGE('',*,*,#3396,.F.);
#3396 = EDGE_CURVE('',#3397,#3364,#3399,.T.);
#3397 = VERTEX_POINT('',#3398);
#3398 = CARTESIAN_POINT('',(-23.09873734152,24.748737341529,-20.2));
#3399 = SURFACE_CURVE('',#3400,(#3405,#3412),.PCURVE_S1.);
#3400 = CIRCLE('',#3401,1.65);
#3401 = AXIS2_PLACEMENT_3D('',#3402,#3403,#3404);
#3402 = CARTESIAN_POINT('',(-24.74873734152,24.748737341529,-20.2));
#3403 = DIRECTION('',(6.305496559635E-17,-4.941768411644E-18,-1.));
#3404 = DIRECTION('',(-1.,-1.734723475977E-18,-6.305496559635E-17));
#3405 = PCURVE('',#3372,#3406);
#3406 = DEFINITIONAL_REPRESENTATION('',(#3407),#3411);
#3407 = LINE('',#3408,#3409);
#3408 = CARTESIAN_POINT('',(0.,1.33226762955E-15));
#3409 = VECTOR('',#3410,1.);
#3410 = DIRECTION('',(1.,0.));
#3411 = ( GEOMETRIC_REPRESENTATION_CONTEXT(2) 
PARAMETRIC_REPRESENTATION_CONTEXT() REPRESENTATION_CONTEXT('2D SPACE',''
  ) );
#3412 = PCURVE('',#974,#3413);
#3413 = DEFINITIONAL_REPRESENTATION('',(#3414),#3418);
#3414 = CIRCLE('',#3415,1.65);
#3415 = AXIS2_PLACEMENT_2D('',#3416,#3417);
#3416 = CARTESIAN_POINT('',(24.748737341529,24.748737341529));
#3417 = DIRECTION('',(1.,0.));
#3418 = ( GEOMETRIC_REPRESENTATION_CONTEXT(2) 
PARAMETRIC_REPRESENTATION_CONTEXT() REPRESENTATION_CONTEXT('2D SPACE',''
  ) );
#3419 = ORIENTED_EDGE('',*,*,#3420,.F.);
#3420 = EDGE_CURVE('',#3421,#3397,#3423,.T.);
#3421 = VERTEX_POINT('',#3422);
#3422 = CARTESIAN_POINT('',(-23.09873734152,24.748737341529,-18.2));
#3423 = SURFACE_CURVE('',#3424,(#3428,#3435),.PCURVE_S1.);
#3424 = LINE('',#3425,#3426);
#3425 = CARTESIAN_POINT('',(-23.09873734152,24.748737341529,-20.2));
#3426 = VECTOR('',#3427,1.);
#3427 = DIRECTION('',(6.305496559635E-17,-4.941768411644E-18,-1.));
#3428 = PCURVE('',#3372,#3429);
#3429 = DEFINITIONAL_REPRESENTATION('',(#3430),#3434);
#3430 = LINE('',#3431,#3432);
#3431 = CARTESIAN_POINT('',(3.14159265359,0.));
#3432 = VECTOR('',#3433,1.);
#3433 = DIRECTION('',(0.,1.));
#3434 = ( GEOMETRIC_REPRESENTATION_CONTEXT(2) 
PARAMETRIC_REPRESENTATION_CONTEXT() REPRESENTATION_CONTEXT('2D SPACE',''
  ) );
#3435 = PCURVE('',#3384,#3436);
#3436 = DEFINITIONAL_REPRESENTATION('',(#3437),#3441);
#3437 = LINE('',#3438,#3439);
#3438 = CARTESIAN_POINT('',(3.14159265359,0.));
#3439 = VECTOR('',#3440,1.);
#3440 = DIRECTION('',(0.,1.));
#3441 = ( GEOMETRIC_REPRESENTATION_CONTEXT(2) 
PARAMETRIC_REPRESENTATION_CONTEXT() REPRESENTATION_CONTEXT('2D SPACE',''
  ) );
#3442 = ORIENTED_EDGE('',*,*,#3443,.T.);
#3443 = EDGE_CURVE('',#3421,#3362,#3444,.T.);
#3444 = SURFACE_CURVE('',#3445,(#3450,#3457),.PCURVE_S1.);
#3445 = CIRCLE('',#3446,1.65);
#3446 = AXIS2_PLACEMENT_3D('',#3447,#3448,#3449);
#3447 = CARTESIAN_POINT('',(-24.74873734152,24.748737341529,-18.2));
#3448 = DIRECTION('',(6.305496559635E-17,-4.941768411644E-18,-1.));
#3449 = DIRECTION('',(-1.,-1.734723475977E-18,-6.305496559635E-17));
#3450 = PCURVE('',#3372,#3451);
#3451 = DEFINITIONAL_REPRESENTATION('',(#3452),#3456);
#3452 = LINE('',#3453,#3454);
#3453 = CARTESIAN_POINT('',(0.,-2.));
#3454 = VECTOR('',#3455,1.);
#3455 = DIRECTION('',(1.,0.));
#3456 = ( GEOMETRIC_REPRESENTATION_CONTEXT(2) 
PARAMETRIC_REPRESENTATION_CONTEXT() REPRESENTATION_CONTEXT('2D SPACE',''
  ) );
#3457 = PCURVE('',#123,#3458);
#3458 = DEFINITIONAL_REPRESENTATION('',(#3459),#3463);
#3459 = CIRCLE('',#3460,1.65);
#3460 = AXIS2_PLACEMENT_2D('',#3461,#3462);
#3461 = CARTESIAN_POINT('',(24.748737341529,24.748737341529));
#3462 = DIRECTION('',(1.,0.));
#3463 = ( GEOMETRIC_REPRESENTATION_CONTEXT(2) 
PARAMETRIC_REPRESENTATION_CONTEXT() REPRESENTATION_CONTEXT('2D SPACE',''
  ) );
#3464 = ADVANCED_FACE('',(#3465),#3479,.F.);
#3465 = FACE_BOUND('',#3466,.F.);
#3466 = EDGE_LOOP('',(#3467,#3502,#3526,#3549));
#3467 = ORIENTED_EDGE('',*,*,#3468,.T.);
#3468 = EDGE_CURVE('',#3469,#3471,#3473,.T.);
#3469 = VERTEX_POINT('',#3470);
#3470 = CARTESIAN_POINT('',(-1.65,35.,-18.2));
#3471 = VERTEX_POINT('',#3472);
#3472 = CARTESIAN_POINT('',(-1.65,35.,-20.2));
#3473 = SURFACE_CURVE('',#3474,(#3478,#3490),.PCURVE_S1.);
#3474 = LINE('',#3475,#3476);
#3475 = CARTESIAN_POINT('',(-1.65,35.,-20.2));
#3476 = VECTOR('',#3477,1.);
#3477 = DIRECTION('',(6.305496559635E-17,-4.941768411644E-18,-1.));
#3478 = PCURVE('',#3479,#3484);
#3479 = CYLINDRICAL_SURFACE('',#3480,1.65);
#3480 = AXIS2_PLACEMENT_3D('',#3481,#3482,#3483);
#3481 = CARTESIAN_POINT('',(-6.071532165919E-17,35.,-20.2));
#3482 = DIRECTION('',(6.305496559635E-17,-4.941768411644E-18,-1.));
#3483 = DIRECTION('',(-1.,-1.734723475977E-18,-6.305496559635E-17));
#3484 = DEFINITIONAL_REPRESENTATION('',(#3485),#3489);
#3485 = LINE('',#3486,#3487);
#3486 = CARTESIAN_POINT('',(6.28318530718,0.));
#3487 = VECTOR('',#3488,1.);
#3488 = DIRECTION('',(0.,1.));
#3489 = ( GEOMETRIC_REPRESENTATION_CONTEXT(2) 
PARAMETRIC_REPRESENTATION_CONTEXT() REPRESENTATION_CONTEXT('2D SPACE',''
  ) );
#3490 = PCURVE('',#3491,#3496);
#3491 = CYLINDRICAL_SURFACE('',#3492,1.65);
#3492 = AXIS2_PLACEMENT_3D('',#3493,#3494,#3495);
#3493 = CARTESIAN_POINT('',(-6.071532165919E-17,35.,-20.2));
#3494 = DIRECTION('',(6.305496559635E-17,-4.941768411644E-18,-1.));
#3495 = DIRECTION('',(-1.,-1.734723475977E-18,-6.305496559635E-17));
#3496 = DEFINITIONAL_REPRESENTATION('',(#3497),#3501);
#3497 = LINE('',#3498,#3499);
#3498 = CARTESIAN_POINT('',(0.,0.));
#3499 = VECTOR('',#3500,1.);
#3500 = DIRECTION('',(0.,1.));
#3501 = ( GEOMETRIC_REPRESENTATION_CONTEXT(2) 
PARAMETRIC_REPRESENTATION_CONTEXT() REPRESENTATION_CONTEXT('2D SPACE',''
  ) );
#3502 = ORIENTED_EDGE('',*,*,#3503,.F.);
#3503 = EDGE_CURVE('',#3504,#3471,#3506,.T.);
#3504 = VERTEX_POINT('',#3505);
#3505 = CARTESIAN_POINT('',(1.65,35.,-20.2));
#3506 = SURFACE_CURVE('',#3507,(#3512,#3519),.PCURVE_S1.);
#3507 = CIRCLE('',#3508,1.65);
#3508 = AXIS2_PLACEMENT_3D('',#3509,#3510,#3511);
#3509 = CARTESIAN_POINT('',(-6.071532165919E-17,35.,-20.2));
#3510 = DIRECTION('',(6.305496559635E-17,-4.941768411644E-18,-1.));
#3511 = DIRECTION('',(-1.,-1.734723475977E-18,-6.305496559635E-17));
#3512 = PCURVE('',#3479,#3513);
#3513 = DEFINITIONAL_REPRESENTATION('',(#3514),#3518);
#3514 = LINE('',#3515,#3516);
#3515 = CARTESIAN_POINT('',(0.,1.33226762955E-15));
#3516 = VECTOR('',#3517,1.);
#3517 = DIRECTION('',(1.,0.));
#3518 = ( GEOMETRIC_REPRESENTATION_CONTEXT(2) 
PARAMETRIC_REPRESENTATION_CONTEXT() REPRESENTATION_CONTEXT('2D SPACE',''
  ) );
#3519 = PCURVE('',#974,#3520);
#3520 = DEFINITIONAL_REPRESENTATION('',(#3521),#3525);
#3521 = CIRCLE('',#3522,1.65);
#3522 = AXIS2_PLACEMENT_2D('',#3523,#3524);
#3523 = CARTESIAN_POINT('',(0.,35.));
#3524 = DIRECTION('',(1.,0.));
#3525 = ( GEOMETRIC_REPRESENTATION_CONTEXT(2) 
PARAMETRIC_REPRESENTATION_CONTEXT() REPRESENTATION_CONTEXT('2D SPACE',''
  ) );
#3526 = ORIENTED_EDGE('',*,*,#3527,.F.);
#3527 = EDGE_CURVE('',#3528,#3504,#3530,.T.);
#3528 = VERTEX_POINT('',#3529);
#3529 = CARTESIAN_POINT('',(1.65,35.,-18.2));
#3530 = SURFACE_CURVE('',#3531,(#3535,#3542),.PCURVE_S1.);
#3531 = LINE('',#3532,#3533);
#3532 = CARTESIAN_POINT('',(1.65,35.,-20.2));
#3533 = VECTOR('',#3534,1.);
#3534 = DIRECTION('',(6.305496559635E-17,-4.941768411644E-18,-1.));
#3535 = PCURVE('',#3479,#3536);
#3536 = DEFINITIONAL_REPRESENTATION('',(#3537),#3541);
#3537 = LINE('',#3538,#3539);
#3538 = CARTESIAN_POINT('',(3.14159265359,0.));
#3539 = VECTOR('',#3540,1.);
#3540 = DIRECTION('',(0.,1.));
#3541 = ( GEOMETRIC_REPRESENTATION_CONTEXT(2) 
PARAMETRIC_REPRESENTATION_CONTEXT() REPRESENTATION_CONTEXT('2D SPACE',''
  ) );
#3542 = PCURVE('',#3491,#3543);
#3543 = DEFINITIONAL_REPRESENTATION('',(#3544),#3548);
#3544 = LINE('',#3545,#3546);
#3545 = CARTESIAN_POINT('',(3.14159265359,0.));
#3546 = VECTOR('',#3547,1.);
#3547 = DIRECTION('',(0.,1.));
#3548 = ( GEOMETRIC_REPRESENTATION_CONTEXT(2) 
PARAMETRIC_REPRESENTATION_CONTEXT() REPRESENTATION_CONTEXT('2D SPACE',''
  ) );
#3549 = ORIENTED_EDGE('',*,*,#3550,.T.);
#3550 = EDGE_CURVE('',#3528,#3469,#3551,.T.);
#3551 = SURFACE_CURVE('',#3552,(#3557,#3564),.PCURVE_S1.);
#3552 = CIRCLE('',#3553,1.65);
#3553 = AXIS2_PLACEMENT_3D('',#3554,#3555,#3556);
#3554 = CARTESIAN_POINT('',(-1.868252528519E-16,35.,-18.2));
#3555 = DIRECTION('',(6.305496559635E-17,-4.941768411644E-18,-1.));
#3556 = DIRECTION('',(-1.,-1.734723475977E-18,-6.305496559635E-17));
#3557 = PCURVE('',#3479,#3558);
#3558 = DEFINITIONAL_REPRESENTATION('',(#3559),#3563);
#3559 = LINE('',#3560,#3561);
#3560 = CARTESIAN_POINT('',(0.,-2.));
#3561 = VECTOR('',#3562,1.);
#3562 = DIRECTION('',(1.,0.));
#3563 = ( GEOMETRIC_REPRESENTATION_CONTEXT(2) 
PARAMETRIC_REPRESENTATION_CONTEXT() REPRESENTATION_CONTEXT('2D SPACE',''
  ) );
#3564 = PCURVE('',#123,#3565);
#3565 = DEFINITIONAL_REPRESENTATION('',(#3566),#3570);
#3566 = CIRCLE('',#3567,1.65);
#3567 = AXIS2_PLACEMENT_2D('',#3568,#3569);
#3568 = CARTESIAN_POINT('',(0.,35.));
#3569 = DIRECTION('',(1.,0.));
#3570 = ( GEOMETRIC_REPRESENTATION_CONTEXT(2) 
PARAMETRIC_REPRESENTATION_CONTEXT() REPRESENTATION_CONTEXT('2D SPACE',''
  ) );
#3571 = ADVANCED_FACE('',(#3572),#3587,.F.);
#3572 = FACE_BOUND('',#3573,.F.);
#3573 = EDGE_LOOP('',(#3574,#3610,#3643,#3667));
#3574 = ORIENTED_EDGE('',*,*,#3575,.T.);
#3575 = EDGE_CURVE('',#3576,#3578,#3580,.T.);
#3576 = VERTEX_POINT('',#3577);
#3577 = CARTESIAN_POINT('',(11.5,1.403584296935E-15,-25.2));
#3578 = VERTEX_POINT('',#3579);
#3579 = CARTESIAN_POINT('',(12.5,-7.966567020154E-18,-26.2));
#3580 = SURFACE_CURVE('',#3581,(#3586,#3598),.PCURVE_S1.);
#3581 = CIRCLE('',#3582,1.);
#3582 = AXIS2_PLACEMENT_3D('',#3583,#3584,#3585);
#3583 = CARTESIAN_POINT('',(12.5,-3.02479860851E-18,-25.2));
#3584 = DIRECTION('',(1.734723475977E-18,-1.,4.941768411644E-18));
#3585 = DIRECTION('',(-6.305496559635E-17,4.941768411644E-18,1.));
#3586 = PCURVE('',#3587,#3592);
#3587 = TOROIDAL_SURFACE('',#3588,12.5,1.);
#3588 = AXIS2_PLACEMENT_3D('',#3589,#3590,#3591);
#3589 = CARTESIAN_POINT('',(3.152748279817E-16,-2.470884205822E-17,-25.2
    ));
#3590 = DIRECTION('',(-6.305496559635E-17,4.941768411644E-18,1.));
#3591 = DIRECTION('',(1.,1.734723475977E-18,6.305496559635E-17));
#3592 = DEFINITIONAL_REPRESENTATION('',(#3593),#3597);
#3593 = LINE('',#3594,#3595);
#3594 = CARTESIAN_POINT('',(6.28318530718,1.570796326795));
#3595 = VECTOR('',#3596,1.);
#3596 = DIRECTION('',(0.,1.));
#3597 = ( GEOMETRIC_REPRESENTATION_CONTEXT(2) 
PARAMETRIC_REPRESENTATION_CONTEXT() REPRESENTATION_CONTEXT('2D SPACE',''
  ) );
#3598 = PCURVE('',#3599,#3604);
#3599 = TOROIDAL_SURFACE('',#3600,12.5,1.);
#3600 = AXIS2_PLACEMENT_3D('',#3601,#3602,#3603);
#3601 = CARTESIAN_POINT('',(3.152748279817E-16,-2.470884205822E-17,-25.2
    ));
#3602 = DIRECTION('',(-6.305496559635E-17,4.941768411644E-18,1.));
#3603 = DIRECTION('',(1.,1.734723475977E-18,6.305496559635E-17));
#3604 = DEFINITIONAL_REPRESENTATION('',(#3605),#3609);
#3605 = LINE('',#3606,#3607);
#3606 = CARTESIAN_POINT('',(0.,1.570796326795));
#3607 = VECTOR('',#3608,1.);
#3608 = DIRECTION('',(0.,1.));
#3609 = ( GEOMETRIC_REPRESENTATION_CONTEXT(2) 
PARAMETRIC_REPRESENTATION_CONTEXT() REPRESENTATION_CONTEXT('2D SPACE',''
  ) );
#3610 = ORIENTED_EDGE('',*,*,#3611,.T.);
#3611 = EDGE_CURVE('',#3578,#3612,#3614,.T.);
#3612 = VERTEX_POINT('',#3613);
#3613 = CARTESIAN_POINT('',(-12.5,1.479473845015E-15,-26.2));
#3614 = SURFACE_CURVE('',#3615,(#3620,#3627),.PCURVE_S1.);
#3615 = CIRCLE('',#3616,12.5);
#3616 = AXIS2_PLACEMENT_3D('',#3617,#3618,#3619);
#3617 = CARTESIAN_POINT('',(3.783297935781E-16,-2.965061046986E-17,-26.2
    ));
#3618 = DIRECTION('',(6.305496559635E-17,-4.941768411644E-18,-1.));
#3619 = DIRECTION('',(1.,1.734723475977E-18,6.305496559635E-17));
#3620 = PCURVE('',#3587,#3621);
#3621 = DEFINITIONAL_REPRESENTATION('',(#3622),#3626);
#3622 = LINE('',#3623,#3624);
#3623 = CARTESIAN_POINT('',(6.28318530718,4.712388980385));
#3624 = VECTOR('',#3625,1.);
#3625 = DIRECTION('',(-1.,0.));
#3626 = ( GEOMETRIC_REPRESENTATION_CONTEXT(2) 
PARAMETRIC_REPRESENTATION_CONTEXT() REPRESENTATION_CONTEXT('2D SPACE',''
  ) );
#3627 = PCURVE('',#3628,#3633);
#3628 = PLANE('',#3629);
#3629 = AXIS2_PLACEMENT_3D('',#3630,#3631,#3632);
#3630 = CARTESIAN_POINT('',(3.783297935781E-16,-2.965061046986E-17,-26.2
    ));
#3631 = DIRECTION('',(-6.305496559635E-17,4.941768411644E-18,1.));
#3632 = DIRECTION('',(1.,1.734723475977E-18,6.305496559635E-17));
#3633 = DEFINITIONAL_REPRESENTATION('',(#3634),#3642);
#3634 = ( BOUNDED_CURVE() B_SPLINE_CURVE(2,(#3635,#3636,#3637,#3638,
#3639,#3640,#3641),.UNSPECIFIED.,.T.,.F.) B_SPLINE_CURVE_WITH_KNOTS((1,2
    ,2,2,2,1),(-2.094395102393,0.,2.094395102393,4.188790204786,
6.28318530718,8.377580409573),.UNSPECIFIED.) CURVE() 
GEOMETRIC_REPRESENTATION_ITEM() RATIONAL_B_SPLINE_CURVE((1.,0.5,1.,0.5,
1.,0.5,1.)) REPRESENTATION_ITEM('') );
#3635 = CARTESIAN_POINT('',(12.5,0.));
#3636 = CARTESIAN_POINT('',(12.5,-21.65063509461));
#3637 = CARTESIAN_POINT('',(-6.25,-10.8253175473));
#3638 = CARTESIAN_POINT('',(-25.,-3.061616997868E-15));
#3639 = CARTESIAN_POINT('',(-6.25,10.825317547305));
#3640 = CARTESIAN_POINT('',(12.5,21.650635094611));
#3641 = CARTESIAN_POINT('',(12.5,0.));
#3642 = ( GEOMETRIC_REPRESENTATION_CONTEXT(2) 
PARAMETRIC_REPRESENTATION_CONTEXT() REPRESENTATION_CONTEXT('2D SPACE',''
  ) );
#3643 = ORIENTED_EDGE('',*,*,#3644,.F.);
#3644 = EDGE_CURVE('',#3645,#3612,#3647,.T.);
#3645 = VERTEX_POINT('',#3646);
#3646 = CARTESIAN_POINT('',(-11.5,-4.465816203195E-17,-25.2));
#3647 = SURFACE_CURVE('',#3648,(#3653,#3660),.PCURVE_S1.);
#3648 = CIRCLE('',#3649,1.);
#3649 = AXIS2_PLACEMENT_3D('',#3650,#3651,#3652);
#3650 = CARTESIAN_POINT('',(-12.5,1.484415613426E-15,-25.2));
#3651 = DIRECTION('',(1.207299564388E-16,1.,-4.941768411644E-18));
#3652 = DIRECTION('',(1.,-1.207299564388E-16,6.305496559635E-17));
#3653 = PCURVE('',#3587,#3654);
#3654 = DEFINITIONAL_REPRESENTATION('',(#3655),#3659);
#3655 = LINE('',#3656,#3657);
#3656 = CARTESIAN_POINT('',(3.14159265359,3.14159265359));
#3657 = VECTOR('',#3658,1.);
#3658 = DIRECTION('',(0.,1.));
#3659 = ( GEOMETRIC_REPRESENTATION_CONTEXT(2) 
PARAMETRIC_REPRESENTATION_CONTEXT() REPRESENTATION_CONTEXT('2D SPACE',''
  ) );
#3660 = PCURVE('',#3599,#3661);
#3661 = DEFINITIONAL_REPRESENTATION('',(#3662),#3666);
#3662 = LINE('',#3663,#3664);
#3663 = CARTESIAN_POINT('',(3.14159265359,3.14159265359));
#3664 = VECTOR('',#3665,1.);
#3665 = DIRECTION('',(0.,1.));
#3666 = ( GEOMETRIC_REPRESENTATION_CONTEXT(2) 
PARAMETRIC_REPRESENTATION_CONTEXT() REPRESENTATION_CONTEXT('2D SPACE',''
  ) );
#3667 = ORIENTED_EDGE('',*,*,#3668,.T.);
#3668 = EDGE_CURVE('',#3645,#3576,#3669,.T.);
#3669 = SURFACE_CURVE('',#3670,(#3675,#3682),.PCURVE_S1.);
#3670 = CIRCLE('',#3671,11.5);
#3671 = AXIS2_PLACEMENT_3D('',#3672,#3673,#3674);
#3672 = CARTESIAN_POINT('',(3.152748279817E-16,-2.470884205822E-17,-25.2
    ));
#3673 = DIRECTION('',(-6.305496559635E-17,4.941768411644E-18,1.));
#3674 = DIRECTION('',(1.,1.734723475977E-18,6.305496559635E-17));
#3675 = PCURVE('',#3587,#3676);
#3676 = DEFINITIONAL_REPRESENTATION('',(#3677),#3681);
#3677 = LINE('',#3678,#3679);
#3678 = CARTESIAN_POINT('',(0.,3.14159265359));
#3679 = VECTOR('',#3680,1.);
#3680 = DIRECTION('',(1.,0.));
#3681 = ( GEOMETRIC_REPRESENTATION_CONTEXT(2) 
PARAMETRIC_REPRESENTATION_CONTEXT() REPRESENTATION_CONTEXT('2D SPACE',''
  ) );
#3682 = PCURVE('',#3683,#3688);
#3683 = CYLINDRICAL_SURFACE('',#3684,11.5);
#3684 = AXIS2_PLACEMENT_3D('',#3685,#3686,#3687);
#3685 = CARTESIAN_POINT('',(2.465190328816E-32,-3.543711097673E-32,-20.2
    ));
#3686 = DIRECTION('',(6.305496559635E-17,-4.941768411644E-18,-1.));
#3687 = DIRECTION('',(-1.,-1.734723475977E-18,-6.305496559635E-17));
#3688 = DEFINITIONAL_REPRESENTATION('',(#3689),#3693);
#3689 = LINE('',#3690,#3691);
#3690 = CARTESIAN_POINT('',(9.424777960769,5.));
#3691 = VECTOR('',#3692,1.);
#3692 = DIRECTION('',(-1.,0.));
#3693 = ( GEOMETRIC_REPRESENTATION_CONTEXT(2) 
PARAMETRIC_REPRESENTATION_CONTEXT() REPRESENTATION_CONTEXT('2D SPACE',''
  ) );
#3694 = ADVANCED_FACE('',(#3695),#3710,.T.);
#3695 = FACE_BOUND('',#3696,.T.);
#3696 = EDGE_LOOP('',(#3697,#3733,#3762,#3791));
#3697 = ORIENTED_EDGE('',*,*,#3698,.F.);
#3698 = EDGE_CURVE('',#3699,#3701,#3703,.T.);
#3699 = VERTEX_POINT('',#3700);
#3700 = CARTESIAN_POINT('',(30.,1.497844119197E-17,-27.7));
#3701 = VERTEX_POINT('',#3702);
#3702 = CARTESIAN_POINT('',(-30.,3.584835430075E-15,-27.7));
#3703 = SURFACE_CURVE('',#3704,(#3709,#3721),.PCURVE_S1.);
#3704 = CIRCLE('',#3705,30.);
#3705 = AXIS2_PLACEMENT_3D('',#3706,#3707,#3708);
#3706 = CARTESIAN_POINT('',(4.729122419726E-16,-3.706326308733E-17,-27.7
    ));
#3707 = DIRECTION('',(-6.305496559635E-17,4.941768411644E-18,1.));
#3708 = DIRECTION('',(-1.,-1.734723475977E-18,-6.305496559635E-17));
#3709 = PCURVE('',#3710,#3715);
#3710 = TOROIDAL_SURFACE('',#3711,29.5,0.5);
#3711 = AXIS2_PLACEMENT_3D('',#3712,#3713,#3714);
#3712 = CARTESIAN_POINT('',(4.729122419726E-16,-3.706326308733E-17,-27.7
    ));
#3713 = DIRECTION('',(6.305496559635E-17,-4.941768411644E-18,-1.));
#3714 = DIRECTION('',(-1.,-1.734723475977E-18,-6.305496559635E-17));
#3715 = DEFINITIONAL_REPRESENTATION('',(#3716),#3720);
#3716 = LINE('',#3717,#3718);
#3717 = CARTESIAN_POINT('',(6.28318530718,0.));
#3718 = VECTOR('',#3719,1.);
#3719 = DIRECTION('',(-1.,0.));
#3720 = ( GEOMETRIC_REPRESENTATION_CONTEXT(2) 
PARAMETRIC_REPRESENTATION_CONTEXT() REPRESENTATION_CONTEXT('2D SPACE',''
  ) );
#3721 = PCURVE('',#3722,#3727);
#3722 = CYLINDRICAL_SURFACE('',#3723,30.);
#3723 = AXIS2_PLACEMENT_3D('',#3724,#3725,#3726);
#3724 = CARTESIAN_POINT('',(5.044397247708E-16,-3.953414729315E-17,-28.2
    ));
#3725 = DIRECTION('',(-6.305496559635E-17,4.941768411644E-18,1.));
#3726 = DIRECTION('',(1.,1.734723475977E-18,6.305496559635E-17));
#3727 = DEFINITIONAL_REPRESENTATION('',(#3728),#3732);
#3728 = LINE('',#3729,#3730);
#3729 = CARTESIAN_POINT('',(-3.14159265359,0.5));
#3730 = VECTOR('',#3731,1.);
#3731 = DIRECTION('',(1.,0.));
#3732 = ( GEOMETRIC_REPRESENTATION_CONTEXT(2) 
PARAMETRIC_REPRESENTATION_CONTEXT() REPRESENTATION_CONTEXT('2D SPACE',''
  ) );
#3733 = ORIENTED_EDGE('',*,*,#3734,.T.);
#3734 = EDGE_CURVE('',#3699,#3735,#3737,.T.);
#3735 = VERTEX_POINT('',#3736);
#3736 = CARTESIAN_POINT('',(29.5,3.654964422712E-15,-28.2));
#3737 = SURFACE_CURVE('',#3738,(#3743,#3750),.PCURVE_S1.);
#3738 = CIRCLE('',#3739,0.5);
#3739 = AXIS2_PLACEMENT_3D('',#3740,#3741,#3742);
#3740 = CARTESIAN_POINT('',(29.5,3.626819136939E-15,-27.7));
#3741 = DIRECTION('',(-1.241994033907E-16,1.,-4.941768411644E-18));
#3742 = DIRECTION('',(1.,1.241994033907E-16,6.305496559635E-17));
#3743 = PCURVE('',#3710,#3744);
#3744 = DEFINITIONAL_REPRESENTATION('',(#3745),#3749);
#3745 = LINE('',#3746,#3747);
#3746 = CARTESIAN_POINT('',(3.14159265359,0.));
#3747 = VECTOR('',#3748,1.);
#3748 = DIRECTION('',(0.,1.));
#3749 = ( GEOMETRIC_REPRESENTATION_CONTEXT(2) 
PARAMETRIC_REPRESENTATION_CONTEXT() REPRESENTATION_CONTEXT('2D SPACE',''
  ) );
#3750 = PCURVE('',#3751,#3756);
#3751 = TOROIDAL_SURFACE('',#3752,29.5,0.5);
#3752 = AXIS2_PLACEMENT_3D('',#3753,#3754,#3755);
#3753 = CARTESIAN_POINT('',(4.729122419726E-16,-3.706326308733E-17,-27.7
    ));
#3754 = DIRECTION('',(6.305496559635E-17,-4.941768411644E-18,-1.));
#3755 = DIRECTION('',(-1.,-1.734723475977E-18,-6.305496559635E-17));
#3756 = DEFINITIONAL_REPRESENTATION('',(#3757),#3761);
#3757 = LINE('',#3758,#3759);
#3758 = CARTESIAN_POINT('',(3.14159265359,0.));
#3759 = VECTOR('',#3760,1.);
#3760 = DIRECTION('',(0.,1.));
#3761 = ( GEOMETRIC_REPRESENTATION_CONTEXT(2) 
PARAMETRIC_REPRESENTATION_CONTEXT() REPRESENTATION_CONTEXT('2D SPACE',''
  ) );
#3762 = ORIENTED_EDGE('',*,*,#3763,.F.);
#3763 = EDGE_CURVE('',#3764,#3735,#3766,.T.);
#3764 = VERTEX_POINT('',#3765);
#3765 = CARTESIAN_POINT('',(-29.5,-9.070848983447E-17,-28.2));
#3766 = SURFACE_CURVE('',#3767,(#3772,#3779),.PCURVE_S1.);
#3767 = CIRCLE('',#3768,29.5);
#3768 = AXIS2_PLACEMENT_3D('',#3769,#3770,#3771);
#3769 = CARTESIAN_POINT('',(5.044397247708E-16,-3.953414729315E-17,-28.2
    ));
#3770 = DIRECTION('',(6.305496559635E-17,-4.941768411644E-18,-1.));
#3771 = DIRECTION('',(-1.,-1.734723475977E-18,-6.305496559635E-17));
#3772 = PCURVE('',#3710,#3773);
#3773 = DEFINITIONAL_REPRESENTATION('',(#3774),#3778);
#3774 = LINE('',#3775,#3776);
#3775 = CARTESIAN_POINT('',(0.,1.570796326795));
#3776 = VECTOR('',#3777,1.);
#3777 = DIRECTION('',(1.,0.));
#3778 = ( GEOMETRIC_REPRESENTATION_CONTEXT(2) 
PARAMETRIC_REPRESENTATION_CONTEXT() REPRESENTATION_CONTEXT('2D SPACE',''
  ) );
#3779 = PCURVE('',#3780,#3785);
#3780 = PLANE('',#3781);
#3781 = AXIS2_PLACEMENT_3D('',#3782,#3783,#3784);
#3782 = CARTESIAN_POINT('',(5.044397247708E-16,-3.953414729315E-17,-28.2
    ));
#3783 = DIRECTION('',(6.305496559635E-17,-4.941768411644E-18,-1.));
#3784 = DIRECTION('',(-1.,-1.734723475977E-18,-6.305496559635E-17));
#3785 = DEFINITIONAL_REPRESENTATION('',(#3786),#3790);
#3786 = CIRCLE('',#3787,29.5);
#3787 = AXIS2_PLACEMENT_2D('',#3788,#3789);
#3788 = CARTESIAN_POINT('',(0.,0.));
#3789 = DIRECTION('',(1.,0.));
#3790 = ( GEOMETRIC_REPRESENTATION_CONTEXT(2) 
PARAMETRIC_REPRESENTATION_CONTEXT() REPRESENTATION_CONTEXT('2D SPACE',''
  ) );
#3791 = ORIENTED_EDGE('',*,*,#3792,.F.);
#3792 = EDGE_CURVE('',#3701,#3764,#3793,.T.);
#3793 = SURFACE_CURVE('',#3794,(#3799,#3806),.PCURVE_S1.);
#3794 = CIRCLE('',#3795,0.5);
#3795 = AXIS2_PLACEMENT_3D('',#3796,#3797,#3798);
#3796 = CARTESIAN_POINT('',(-29.5,-8.823760562865E-17,-27.7));
#3797 = DIRECTION('',(1.734723475977E-18,-1.,4.941768411644E-18));
#3798 = DIRECTION('',(-6.305496559635E-17,4.941768411644E-18,1.));
#3799 = PCURVE('',#3710,#3800);
#3800 = DEFINITIONAL_REPRESENTATION('',(#3801),#3805);
#3801 = LINE('',#3802,#3803);
#3802 = CARTESIAN_POINT('',(0.,-1.570796326795));
#3803 = VECTOR('',#3804,1.);
#3804 = DIRECTION('',(0.,1.));
#3805 = ( GEOMETRIC_REPRESENTATION_CONTEXT(2) 
PARAMETRIC_REPRESENTATION_CONTEXT() REPRESENTATION_CONTEXT('2D SPACE',''
  ) );
#3806 = PCURVE('',#3751,#3807);
#3807 = DEFINITIONAL_REPRESENTATION('',(#3808),#3812);
#3808 = LINE('',#3809,#3810);
#3809 = CARTESIAN_POINT('',(6.28318530718,-1.570796326795));
#3810 = VECTOR('',#3811,1.);
#3811 = DIRECTION('',(0.,1.));
#3812 = ( GEOMETRIC_REPRESENTATION_CONTEXT(2) 
PARAMETRIC_REPRESENTATION_CONTEXT() REPRESENTATION_CONTEXT('2D SPACE',''
  ) );
#3813 = ADVANCED_FACE('',(#3814),#3833,.F.);
#3814 = FACE_BOUND('',#3815,.F.);
#3815 = EDGE_LOOP('',(#3816,#3900,#3928,#3957));
#3816 = ORIENTED_EDGE('',*,*,#3817,.F.);
#3817 = EDGE_CURVE('',#3818,#3820,#3822,.T.);
#3818 = VERTEX_POINT('',#3819);
#3819 = CARTESIAN_POINT('',(8.886257964188,-29.17677877,-20.2));
#3820 = VERTEX_POINT('',#3821);
#3821 = CARTESIAN_POINT('',(9.386257964188,-28.49382672491,-20.7));
#3822 = SURFACE_CURVE('',#3823,(#3832,#3866),.PCURVE_S1.);
#3823 = B_SPLINE_CURVE_WITH_KNOTS('',3,(#3824,#3825,#3826,#3827,#3828,
    #3829,#3830,#3831),.UNSPECIFIED.,.F.,.F.,(4,2,2,4),(
    -4.572427377057E-06,5.305984867576E-04,7.98183943825E-04,
    1.065769400892E-03),.UNSPECIFIED.);
#3824 = CARTESIAN_POINT('',(8.886257964188,-29.17677877,-20.2));
#3825 = CARTESIAN_POINT('',(8.992440776861,-29.03343165763,-20.2));
#3826 = CARTESIAN_POINT('',(9.099757965576,-28.8874284713,
    -20.23191906061));
#3827 = CARTESIAN_POINT('',(9.242706434054,-28.69164226323,
    -20.34416999503));
#3828 = CARTESIAN_POINT('',(9.288132559719,-28.62918479425,
    -20.39324576285));
#3829 = CARTESIAN_POINT('',(9.360339042101,-28.52967465113,
    -20.52436263465));
#3830 = CARTESIAN_POINT('',(9.386257964188,-28.49382672491,
    -20.60897262126));
#3831 = CARTESIAN_POINT('',(9.386257964188,-28.49382672491,-20.7));
#3832 = PCURVE('',#3833,#3838);
#3833 = TOROIDAL_SURFACE('',#3834,30.5,0.5);
#3834 = AXIS2_PLACEMENT_3D('',#3835,#3836,#3837);
#3835 = CARTESIAN_POINT('',(3.152748279817E-17,-2.470884205822E-18,-20.7
    ));
#3836 = DIRECTION('',(6.305496559635E-17,-4.941768411644E-18,-1.));
#3837 = DIRECTION('',(-1.,-1.734723475977E-18,-6.305496559635E-17));
#3838 = DEFINITIONAL_REPRESENTATION('',(#3839),#3865);
#3839 = B_SPLINE_CURVE_WITH_KNOTS('',3,(#3840,#3841,#3842,#3843,#3844,
    #3845,#3846,#3847,#3848,#3849,#3850,#3851,#3852,#3853,#3854,#3855,
    #3856,#3857,#3858,#3859,#3860,#3861,#3862,#3863,#3864),
  .UNSPECIFIED.,.F.,.F.,(4,1,1,1,1,1,1,1,1,1,1,1,1,1,1,1,1,1,1,1,1,1,4),
  (-4.572427377057E-06,4.407947390792E-05,9.273137519289E-05,
    1.413832764779E-04,1.900351777628E-04,2.386870790478E-04,
    2.873389803328E-04,3.359908816177E-04,3.846427829027E-04,
    4.332946841877E-04,4.819465854727E-04,5.305984867576E-04,
    5.792503880426E-04,6.279022893276E-04,6.765541906126E-04,
    7.252060918975E-04,7.738579931825E-04,8.225098944675E-04,
    8.711617957524E-04,9.198136970374E-04,9.684655983224E-04,
    1.017117499607E-03,1.065769400892E-03),.UNSPECIFIED.);
#3840 = CARTESIAN_POINT('',(4.416748378024,4.712388980385));
#3841 = CARTESIAN_POINT('',(4.41632113466,4.693079640145));
#3842 = CARTESIAN_POINT('',(4.415464822666,4.654428140934));
#3843 = CARTESIAN_POINT('',(4.414177526661,4.596279415197));
#3844 = CARTESIAN_POINT('',(4.41289004249,4.537894698602));
#3845 = CARTESIAN_POINT('',(4.411605037798,4.479179703474));
#3846 = CARTESIAN_POINT('',(4.410325199072,4.420021028285));
#3847 = CARTESIAN_POINT('',(4.409053231411,4.360283998146));
#3848 = CARTESIAN_POINT('',(4.40779186745,4.29981526151));
#3849 = CARTESIAN_POINT('',(4.406543830289,4.23844194041));
#3850 = CARTESIAN_POINT('',(4.405311970603,4.175983208839));
#3851 = CARTESIAN_POINT('',(4.404098752363,4.112220002049));
#3852 = CARTESIAN_POINT('',(4.402908169257,4.047025567801));
#3853 = CARTESIAN_POINT('',(4.401738589058,3.979902106202));
#3854 = CARTESIAN_POINT('',(4.400597358614,3.910449450559));
#3855 = CARTESIAN_POINT('',(4.399497605005,3.838536418547));
#3856 = CARTESIAN_POINT('',(4.39845079726,3.763827905273));
#3857 = CARTESIAN_POINT('',(4.397469671999,3.685934614858));
#3858 = CARTESIAN_POINT('',(4.396563920028,3.604332008052));
#3859 = CARTESIAN_POINT('',(4.395762150405,3.518233875615));
#3860 = CARTESIAN_POINT('',(4.395091444496,3.42849407058));
#3861 = CARTESIAN_POINT('',(4.394578248513,3.335618129556));
#3862 = CARTESIAN_POINT('',(4.394249184468,3.240064919832));
#3863 = CARTESIAN_POINT('',(4.394170188314,3.174672601598));
#3864 = CARTESIAN_POINT('',(4.394170200286,3.14159265359));
#3865 = ( GEOMETRIC_REPRESENTATION_CONTEXT(2) 
PARAMETRIC_REPRESENTATION_CONTEXT() REPRESENTATION_CONTEXT('2D SPACE',''
  ) );
#3866 = PCURVE('',#3867,#3872);
#3867 = CYLINDRICAL_SURFACE('',#3868,0.5);
#3868 = AXIS2_PLACEMENT_3D('',#3869,#3870,#3871);
#3869 = CARTESIAN_POINT('',(8.886257964188,1.294431609824E-17,-20.7));
#3870 = DIRECTION('',(-1.734723475977E-18,1.,-4.941768411644E-18));
#3871 = DIRECTION('',(6.305496559635E-17,-4.941768411644E-18,-1.));
#3872 = DEFINITIONAL_REPRESENTATION('',(#3873),#3899);
#3873 = B_SPLINE_CURVE_WITH_KNOTS('',3,(#3874,#3875,#3876,#3877,#3878,
    #3879,#3880,#3881,#3882,#3883,#3884,#3885,#3886,#3887,#3888,#3889,
    #3890,#3891,#3892,#3893,#3894,#3895,#3896,#3897,#3898),
  .UNSPECIFIED.,.F.,.F.,(4,1,1,1,1,1,1,1,1,1,1,1,1,1,1,1,1,1,1,1,1,1,4),
  (-4.572427377057E-06,4.407947390792E-05,9.273137519289E-05,
    1.413832764779E-04,1.900351777628E-04,2.386870790478E-04,
    2.873389803328E-04,3.359908816177E-04,3.846427829027E-04,
    4.332946841877E-04,4.819465854727E-04,5.305984867576E-04,
    5.792503880426E-04,6.279022893276E-04,6.765541906126E-04,
    7.252060918975E-04,7.738579931825E-04,8.225098944675E-04,
    8.711617957524E-04,9.198136970374E-04,9.684655983224E-04,
    1.017117499607E-03,1.065769400892E-03),.UNSPECIFIED.);
#3874 = CARTESIAN_POINT('',(3.14159265359,-29.17677877));
#3875 = CARTESIAN_POINT('',(3.16090035427,-29.16374721433));
#3876 = CARTESIAN_POINT('',(3.199546671584,-29.13764020098));
#3877 = CARTESIAN_POINT('',(3.257684961772,-29.0984297257));
#3878 = CARTESIAN_POINT('',(3.316059975022,-29.05925104725));
#3879 = CARTESIAN_POINT('',(3.37476817147,-29.02018591318));
#3880 = CARTESIAN_POINT('',(3.433924262753,-28.98131608788));
#3881 = CARTESIAN_POINT('',(3.493663274761,-28.94272327293));
#3882 = CARTESIAN_POINT('',(3.55413802984,-28.90448940429));
#3883 = CARTESIAN_POINT('',(3.61552009331,-28.86669554316));
#3884 = CARTESIAN_POINT('',(3.677988300929,-28.8294260155));
#3885 = CARTESIAN_POINT('',(3.741759363755,-28.79275296295));
#3886 = CARTESIAN_POINT('',(3.806957073983,-28.75679399959));
#3887 = CARTESIAN_POINT('',(3.874077764705,-28.7214970342));
#3888 = CARTESIAN_POINT('',(3.943528058131,-28.68708470335));
#3889 = CARTESIAN_POINT('',(4.015441011886,-28.65395121466));
#3890 = CARTESIAN_POINT('',(4.090151488261,-28.62243877319));
#3891 = CARTESIAN_POINT('',(4.168047109391,-28.59292602318));
#3892 = CARTESIAN_POINT('',(4.249649554336,-28.5656978547));
#3893 = CARTESIAN_POINT('',(4.33574829144,-28.54161124246));
#3894 = CARTESIAN_POINT('',(4.425488661568,-28.52147330419));
#3895 = CARTESIAN_POINT('',(4.518364362301,-28.50607104132));
#3896 = CARTESIAN_POINT('',(4.61391685978,-28.49619684726));
#3897 = CARTESIAN_POINT('',(4.679308959614,-28.49382672491));
#3898 = CARTESIAN_POINT('',(4.712388980385,-28.49382672491));
#3899 = ( GEOMETRIC_REPRESENTATION_CONTEXT(2) 
PARAMETRIC_REPRESENTATION_CONTEXT() REPRESENTATION_CONTEXT('2D SPACE',''
  ) );
#3900 = ORIENTED_EDGE('',*,*,#3901,.T.);
#3901 = EDGE_CURVE('',#3818,#3902,#3904,.T.);
#3902 = VERTEX_POINT('',#3903);
#3903 = CARTESIAN_POINT('',(30.5,3.788081803417E-15,-20.2));
#3904 = SURFACE_CURVE('',#3905,(#3910,#3917),.PCURVE_S1.);
#3905 = CIRCLE('',#3906,30.5);
#3906 = AXIS2_PLACEMENT_3D('',#3907,#3908,#3909);
#3907 = CARTESIAN_POINT('',(2.465190328816E-31,-5.238529448733E-32,-20.2
    ));
#3908 = DIRECTION('',(-6.305496559635E-17,4.941768411644E-18,1.));
#3909 = DIRECTION('',(-1.,-1.734723475977E-18,-6.305496559635E-17));
#3910 = PCURVE('',#3833,#3911);
#3911 = DEFINITIONAL_REPRESENTATION('',(#3912),#3916);
#3912 = LINE('',#3913,#3914);
#3913 = CARTESIAN_POINT('',(6.28318530718,4.712388980385));
#3914 = VECTOR('',#3915,1.);
#3915 = DIRECTION('',(-1.,2.786101815429E-15));
#3916 = ( GEOMETRIC_REPRESENTATION_CONTEXT(2) 
PARAMETRIC_REPRESENTATION_CONTEXT() REPRESENTATION_CONTEXT('2D SPACE',''
  ) );
#3917 = PCURVE('',#974,#3918);
#3918 = DEFINITIONAL_REPRESENTATION('',(#3919),#3927);
#3919 = ( BOUNDED_CURVE() B_SPLINE_CURVE(2,(#3920,#3921,#3922,#3923,
#3924,#3925,#3926),.UNSPECIFIED.,.T.,.F.) B_SPLINE_CURVE_WITH_KNOTS((1,2
    ,2,2,2,1),(-2.094395102393,0.,2.094395102393,4.188790204786,
6.28318530718,8.377580409573),.UNSPECIFIED.) CURVE() 
GEOMETRIC_REPRESENTATION_ITEM() RATIONAL_B_SPLINE_CURVE((1.,0.5,1.,0.5,
1.,0.5,1.)) REPRESENTATION_ITEM('') );
#3920 = CARTESIAN_POINT('',(30.5,0.));
#3921 = CARTESIAN_POINT('',(30.5,-52.82754963085));
#3922 = CARTESIAN_POINT('',(-15.25,-26.41377481542));
#3923 = CARTESIAN_POINT('',(-61.,-7.470345474799E-15));
#3924 = CARTESIAN_POINT('',(-15.25,26.413774815425));
#3925 = CARTESIAN_POINT('',(30.5,52.827549630851));
#3926 = CARTESIAN_POINT('',(30.5,0.));
#3927 = ( GEOMETRIC_REPRESENTATION_CONTEXT(2) 
PARAMETRIC_REPRESENTATION_CONTEXT() REPRESENTATION_CONTEXT('2D SPACE',''
  ) );
#3928 = ORIENTED_EDGE('',*,*,#3929,.F.);
#3929 = EDGE_CURVE('',#3930,#3902,#3932,.T.);
#3930 = VERTEX_POINT('',#3931);
#3931 = CARTESIAN_POINT('',(30.,4.957082007348E-17,-20.7));
#3932 = SURFACE_CURVE('',#3933,(#3938,#3945),.PCURVE_S1.);
#3933 = CIRCLE('',#3934,0.5);
#3934 = AXIS2_PLACEMENT_3D('',#3935,#3936,#3937);
#3935 = CARTESIAN_POINT('',(30.5,3.785610919211E-15,-20.7));
#3936 = DIRECTION('',(-1.241994033907E-16,1.,-4.941768411644E-18));
#3937 = DIRECTION('',(1.,1.241994033907E-16,6.305496559635E-17));
#3938 = PCURVE('',#3833,#3939);
#3939 = DEFINITIONAL_REPRESENTATION('',(#3940),#3944);
#3940 = LINE('',#3941,#3942);
#3941 = CARTESIAN_POINT('',(3.14159265359,0.));
#3942 = VECTOR('',#3943,1.);
#3943 = DIRECTION('',(0.,1.));
#3944 = ( GEOMETRIC_REPRESENTATION_CONTEXT(2) 
PARAMETRIC_REPRESENTATION_CONTEXT() REPRESENTATION_CONTEXT('2D SPACE',''
  ) );
#3945 = PCURVE('',#3946,#3951);
#3946 = TOROIDAL_SURFACE('',#3947,30.5,0.5);
#3947 = AXIS2_PLACEMENT_3D('',#3948,#3949,#3950);
#3948 = CARTESIAN_POINT('',(3.152748279817E-17,-2.470884205822E-18,-20.7
    ));
#3949 = DIRECTION('',(6.305496559635E-17,-4.941768411644E-18,-1.));
#3950 = DIRECTION('',(-1.,-1.734723475977E-18,-6.305496559635E-17));
#3951 = DEFINITIONAL_REPRESENTATION('',(#3952),#3956);
#3952 = LINE('',#3953,#3954);
#3953 = CARTESIAN_POINT('',(3.14159265359,0.));
#3954 = VECTOR('',#3955,1.);
#3955 = DIRECTION('',(0.,1.));
#3956 = ( GEOMETRIC_REPRESENTATION_CONTEXT(2) 
PARAMETRIC_REPRESENTATION_CONTEXT() REPRESENTATION_CONTEXT('2D SPACE',''
  ) );
#3957 = ORIENTED_EDGE('',*,*,#3958,.T.);
#3958 = EDGE_CURVE('',#3930,#3820,#3959,.T.);
#3959 = SURFACE_CURVE('',#3960,(#3965,#3972),.PCURVE_S1.);
#3960 = CIRCLE('',#3961,30.);
#3961 = AXIS2_PLACEMENT_3D('',#3962,#3963,#3964);
#3962 = CARTESIAN_POINT('',(3.152748279817E-17,-2.470884205822E-18,-20.7
    ));
#3963 = DIRECTION('',(6.305496559635E-17,-4.941768411644E-18,-1.));
#3964 = DIRECTION('',(-1.,-1.734723475977E-18,-6.305496559635E-17));
#3965 = PCURVE('',#3833,#3966);
#3966 = DEFINITIONAL_REPRESENTATION('',(#3967),#3971);
#3967 = LINE('',#3968,#3969);
#3968 = CARTESIAN_POINT('',(0.,3.14159265359));
#3969 = VECTOR('',#3970,1.);
#3970 = DIRECTION('',(1.,-1.772701462761E-15));
#3971 = ( GEOMETRIC_REPRESENTATION_CONTEXT(2) 
PARAMETRIC_REPRESENTATION_CONTEXT() REPRESENTATION_CONTEXT('2D SPACE',''
  ) );
#3972 = PCURVE('',#3973,#3978);
#3973 = CYLINDRICAL_SURFACE('',#3974,30.);
#3974 = AXIS2_PLACEMENT_3D('',#3975,#3976,#3977);
#3975 = CARTESIAN_POINT('',(5.044397247708E-16,-3.953414729315E-17,-28.2
    ));
#3976 = DIRECTION('',(-6.305496559635E-17,4.941768411644E-18,1.));
#3977 = DIRECTION('',(1.,1.734723475977E-18,6.305496559635E-17));
#3978 = DEFINITIONAL_REPRESENTATION('',(#3979),#3983);
#3979 = LINE('',#3980,#3981);
#3980 = CARTESIAN_POINT('',(9.424777960769,7.5));
#3981 = VECTOR('',#3982,1.);
#3982 = DIRECTION('',(-1.,0.));
#3983 = ( GEOMETRIC_REPRESENTATION_CONTEXT(2) 
PARAMETRIC_REPRESENTATION_CONTEXT() REPRESENTATION_CONTEXT('2D SPACE',''
  ) );
#3984 = ADVANCED_FACE('',(#3985),#3946,.F.);
#3985 = FACE_BOUND('',#3986,.F.);
#3986 = EDGE_LOOP('',(#3987,#4015,#4044,#4066));
#3987 = ORIENTED_EDGE('',*,*,#3988,.T.);
#3988 = EDGE_CURVE('',#3902,#3989,#3991,.T.);
#3989 = VERTEX_POINT('',#3990);
#3990 = CARTESIAN_POINT('',(-30.5,-5.290906601729E-17,-20.2));
#3991 = SURFACE_CURVE('',#3992,(#3997,#4004),.PCURVE_S1.);
#3992 = CIRCLE('',#3993,30.5);
#3993 = AXIS2_PLACEMENT_3D('',#3994,#3995,#3996);
#3994 = CARTESIAN_POINT('',(2.465190328816E-31,-5.238529448733E-32,-20.2
    ));
#3995 = DIRECTION('',(-6.305496559635E-17,4.941768411644E-18,1.));
#3996 = DIRECTION('',(-1.,-1.734723475977E-18,-6.305496559635E-17));
#3997 = PCURVE('',#3946,#3998);
#3998 = DEFINITIONAL_REPRESENTATION('',(#3999),#4003);
#3999 = LINE('',#4000,#4001);
#4000 = CARTESIAN_POINT('',(6.28318530718,4.712388980385));
#4001 = VECTOR('',#4002,1.);
#4002 = DIRECTION('',(-1.,0.));
#4003 = ( GEOMETRIC_REPRESENTATION_CONTEXT(2) 
PARAMETRIC_REPRESENTATION_CONTEXT() REPRESENTATION_CONTEXT('2D SPACE',''
  ) );
#4004 = PCURVE('',#974,#4005);
#4005 = DEFINITIONAL_REPRESENTATION('',(#4006),#4014);
#4006 = ( BOUNDED_CURVE() B_SPLINE_CURVE(2,(#4007,#4008,#4009,#4010,
#4011,#4012,#4013),.UNSPECIFIED.,.T.,.F.) B_SPLINE_CURVE_WITH_KNOTS((1,2
    ,2,2,2,1),(-2.094395102393,0.,2.094395102393,4.188790204786,
6.28318530718,8.377580409573),.UNSPECIFIED.) CURVE() 
GEOMETRIC_REPRESENTATION_ITEM() RATIONAL_B_SPLINE_CURVE((1.,0.5,1.,0.5,
1.,0.5,1.)) REPRESENTATION_ITEM('') );
#4007 = CARTESIAN_POINT('',(30.5,0.));
#4008 = CARTESIAN_POINT('',(30.5,-52.82754963085));
#4009 = CARTESIAN_POINT('',(-15.25,-26.41377481542));
#4010 = CARTESIAN_POINT('',(-61.,-7.470345474799E-15));
#4011 = CARTESIAN_POINT('',(-15.25,26.413774815425));
#4012 = CARTESIAN_POINT('',(30.5,52.827549630851));
#4013 = CARTESIAN_POINT('',(30.5,0.));
#4014 = ( GEOMETRIC_REPRESENTATION_CONTEXT(2) 
PARAMETRIC_REPRESENTATION_CONTEXT() REPRESENTATION_CONTEXT('2D SPACE',''
  ) );
#4015 = ORIENTED_EDGE('',*,*,#4016,.F.);
#4016 = EDGE_CURVE('',#4017,#3989,#4019,.T.);
#4017 = VERTEX_POINT('',#4018);
#4018 = CARTESIAN_POINT('',(-30.,3.619427808957E-15,-20.7));
#4019 = SURFACE_CURVE('',#4020,(#4025,#4032),.PCURVE_S1.);
#4020 = CIRCLE('',#4021,0.5);
#4021 = AXIS2_PLACEMENT_3D('',#4022,#4023,#4024);
#4022 = CARTESIAN_POINT('',(-30.5,-5.537995022311E-17,-20.7));
#4023 = DIRECTION('',(1.734723475977E-18,-1.,4.941768411644E-18));
#4024 = DIRECTION('',(-6.305496559635E-17,4.941768411644E-18,1.));
#4025 = PCURVE('',#3946,#4026);
#4026 = DEFINITIONAL_REPRESENTATION('',(#4027),#4031);
#4027 = LINE('',#4028,#4029);
#4028 = CARTESIAN_POINT('',(0.,-1.570796326795));
#4029 = VECTOR('',#4030,1.);
#4030 = DIRECTION('',(0.,1.));
#4031 = ( GEOMETRIC_REPRESENTATION_CONTEXT(2) 
PARAMETRIC_REPRESENTATION_CONTEXT() REPRESENTATION_CONTEXT('2D SPACE',''
  ) );
#4032 = PCURVE('',#4033,#4038);
#4033 = TOROIDAL_SURFACE('',#4034,30.5,0.5);
#4034 = AXIS2_PLACEMENT_3D('',#4035,#4036,#4037);
#4035 = CARTESIAN_POINT('',(3.152748279817E-17,-2.470884205822E-18,-20.7
    ));
#4036 = DIRECTION('',(6.305496559635E-17,-4.941768411644E-18,-1.));
#4037 = DIRECTION('',(-1.,-1.734723475977E-18,-6.305496559635E-17));
#4038 = DEFINITIONAL_REPRESENTATION('',(#4039),#4043);
#4039 = LINE('',#4040,#4041);
#4040 = CARTESIAN_POINT('',(6.28318530718,-1.570796326795));
#4041 = VECTOR('',#4042,1.);
#4042 = DIRECTION('',(0.,1.));
#4043 = ( GEOMETRIC_REPRESENTATION_CONTEXT(2) 
PARAMETRIC_REPRESENTATION_CONTEXT() REPRESENTATION_CONTEXT('2D SPACE',''
  ) );
#4044 = ORIENTED_EDGE('',*,*,#4045,.T.);
#4045 = EDGE_CURVE('',#4017,#3930,#4046,.T.);
#4046 = SURFACE_CURVE('',#4047,(#4052,#4059),.PCURVE_S1.);
#4047 = CIRCLE('',#4048,30.);
#4048 = AXIS2_PLACEMENT_3D('',#4049,#4050,#4051);
#4049 = CARTESIAN_POINT('',(3.152748279817E-17,-2.470884205822E-18,-20.7
    ));
#4050 = DIRECTION('',(6.305496559635E-17,-4.941768411644E-18,-1.));
#4051 = DIRECTION('',(-1.,-1.734723475977E-18,-6.305496559635E-17));
#4052 = PCURVE('',#3946,#4053);
#4053 = DEFINITIONAL_REPRESENTATION('',(#4054),#4058);
#4054 = LINE('',#4055,#4056);
#4055 = CARTESIAN_POINT('',(0.,3.14159265359));
#4056 = VECTOR('',#4057,1.);
#4057 = DIRECTION('',(1.,0.));
#4058 = ( GEOMETRIC_REPRESENTATION_CONTEXT(2) 
PARAMETRIC_REPRESENTATION_CONTEXT() REPRESENTATION_CONTEXT('2D SPACE',''
  ) );
#4059 = PCURVE('',#3722,#4060);
#4060 = DEFINITIONAL_REPRESENTATION('',(#4061),#4065);
#4061 = LINE('',#4062,#4063);
#4062 = CARTESIAN_POINT('',(3.14159265359,7.5));
#4063 = VECTOR('',#4064,1.);
#4064 = DIRECTION('',(-1.,0.));
#4065 = ( GEOMETRIC_REPRESENTATION_CONTEXT(2) 
PARAMETRIC_REPRESENTATION_CONTEXT() REPRESENTATION_CONTEXT('2D SPACE',''
  ) );
#4066 = ORIENTED_EDGE('',*,*,#3929,.T.);
#4067 = ADVANCED_FACE('',(#4068),#4082,.F.);
#4068 = FACE_BOUND('',#4069,.F.);
#4069 = EDGE_LOOP('',(#4070,#4105,#4138,#4161));
#4070 = ORIENTED_EDGE('',*,*,#4071,.T.);
#4071 = EDGE_CURVE('',#4072,#4074,#4076,.T.);
#4072 = VERTEX_POINT('',#4073);
#4073 = CARTESIAN_POINT('',(-19.59495344687,-10.5337287839,-21.7));
#4074 = VERTEX_POINT('',#4075);
#4075 = CARTESIAN_POINT('',(-19.59495344687,-10.5337287839,-26.2));
#4076 = SURFACE_CURVE('',#4077,(#4081,#4093),.PCURVE_S1.);
#4077 = LINE('',#4078,#4079);
#4078 = CARTESIAN_POINT('',(-19.59495344687,-10.5337287839,-21.7));
#4079 = VECTOR('',#4080,1.);
#4080 = DIRECTION('',(6.305496559635E-17,-4.941768411644E-18,-1.));
#4081 = PCURVE('',#4082,#4087);
#4082 = CYLINDRICAL_SURFACE('',#4083,1.35);
#4083 = AXIS2_PLACEMENT_3D('',#4084,#4085,#4086);
#4084 = CARTESIAN_POINT('',(-18.24495344687,-10.5337287839,-21.7));
#4085 = DIRECTION('',(6.305496559635E-17,-4.941768411644E-18,-1.));
#4086 = DIRECTION('',(-1.,-1.734723475977E-18,-6.305496559635E-17));
#4087 = DEFINITIONAL_REPRESENTATION('',(#4088),#4092);
#4088 = LINE('',#4089,#4090);
#4089 = CARTESIAN_POINT('',(6.28318530718,0.));
#4090 = VECTOR('',#4091,1.);
#4091 = DIRECTION('',(0.,1.));
#4092 = ( GEOMETRIC_REPRESENTATION_CONTEXT(2) 
PARAMETRIC_REPRESENTATION_CONTEXT() REPRESENTATION_CONTEXT('2D SPACE',''
  ) );
#4093 = PCURVE('',#4094,#4099);
#4094 = CYLINDRICAL_SURFACE('',#4095,1.35);
#4095 = AXIS2_PLACEMENT_3D('',#4096,#4097,#4098);
#4096 = CARTESIAN_POINT('',(-18.24495344687,-10.5337287839,-21.7));
#4097 = DIRECTION('',(6.305496559635E-17,-4.941768411644E-18,-1.));
#4098 = DIRECTION('',(-1.,-1.734723475977E-18,-6.305496559635E-17));
#4099 = DEFINITIONAL_REPRESENTATION('',(#4100),#4104);
#4100 = LINE('',#4101,#4102);
#4101 = CARTESIAN_POINT('',(0.,0.));
#4102 = VECTOR('',#4103,1.);
#4103 = DIRECTION('',(0.,1.));
#4104 = ( GEOMETRIC_REPRESENTATION_CONTEXT(2) 
PARAMETRIC_REPRESENTATION_CONTEXT() REPRESENTATION_CONTEXT('2D SPACE',''
  ) );
#4105 = ORIENTED_EDGE('',*,*,#4106,.F.);
#4106 = EDGE_CURVE('',#4107,#4074,#4109,.T.);
#4107 = VERTEX_POINT('',#4108);
#4108 = CARTESIAN_POINT('',(-16.89495344687,-10.5337287839,-26.2));
#4109 = SURFACE_CURVE('',#4110,(#4115,#4122),.PCURVE_S1.);
#4110 = CIRCLE('',#4111,1.35);
#4111 = AXIS2_PLACEMENT_3D('',#4112,#4113,#4114);
#4112 = CARTESIAN_POINT('',(-18.24495344687,-10.5337287839,-26.2));
#4113 = DIRECTION('',(6.305496559635E-17,-4.941768411644E-18,-1.));
#4114 = DIRECTION('',(1.,1.734723475977E-18,6.305496559635E-17));
#4115 = PCURVE('',#4082,#4116);
#4116 = DEFINITIONAL_REPRESENTATION('',(#4117),#4121);
#4117 = LINE('',#4118,#4119);
#4118 = CARTESIAN_POINT('',(3.14159265359,4.5));
#4119 = VECTOR('',#4120,1.);
#4120 = DIRECTION('',(1.,0.));
#4121 = ( GEOMETRIC_REPRESENTATION_CONTEXT(2) 
PARAMETRIC_REPRESENTATION_CONTEXT() REPRESENTATION_CONTEXT('2D SPACE',''
  ) );
#4122 = PCURVE('',#4123,#4128);
#4123 = PLANE('',#4124);
#4124 = AXIS2_PLACEMENT_3D('',#4125,#4126,#4127);
#4125 = CARTESIAN_POINT('',(3.783297935781E-16,-2.965061046986E-17,-26.2
    ));
#4126 = DIRECTION('',(-6.305496559635E-17,4.941768411644E-18,1.));
#4127 = DIRECTION('',(1.,1.734723475977E-18,6.305496559635E-17));
#4128 = DEFINITIONAL_REPRESENTATION('',(#4129),#4137);
#4129 = ( BOUNDED_CURVE() B_SPLINE_CURVE(2,(#4130,#4131,#4132,#4133,
#4134,#4135,#4136),.UNSPECIFIED.,.T.,.F.) B_SPLINE_CURVE_WITH_KNOTS((1,2
    ,2,2,2,1),(-2.094395102393,0.,2.094395102393,4.188790204786,
6.28318530718,8.377580409573),.UNSPECIFIED.) CURVE() 
GEOMETRIC_REPRESENTATION_ITEM() RATIONAL_B_SPLINE_CURVE((1.,0.5,1.,0.5,
1.,0.5,1.)) REPRESENTATION_ITEM('') );
#4130 = CARTESIAN_POINT('',(-16.89495344687,-10.5337287839));
#4131 = CARTESIAN_POINT('',(-16.89495344687,-12.87199737412));
#4132 = CARTESIAN_POINT('',(-18.91995344687,-11.70286307901));
#4133 = CARTESIAN_POINT('',(-20.94495344687,-10.5337287839));
#4134 = CARTESIAN_POINT('',(-18.91995344687,-9.364594488796));
#4135 = CARTESIAN_POINT('',(-16.89495344687,-8.195460193687));
#4136 = CARTESIAN_POINT('',(-16.89495344687,-10.5337287839));
#4137 = ( GEOMETRIC_REPRESENTATION_CONTEXT(2) 
PARAMETRIC_REPRESENTATION_CONTEXT() REPRESENTATION_CONTEXT('2D SPACE',''
  ) );
#4138 = ORIENTED_EDGE('',*,*,#4139,.F.);
#4139 = EDGE_CURVE('',#4140,#4107,#4142,.T.);
#4140 = VERTEX_POINT('',#4141);
#4141 = CARTESIAN_POINT('',(-16.89495344687,-10.5337287839,-21.7));
#4142 = SURFACE_CURVE('',#4143,(#4147,#4154),.PCURVE_S1.);
#4143 = LINE('',#4144,#4145);
#4144 = CARTESIAN_POINT('',(-16.89495344687,-10.5337287839,-21.7));
#4145 = VECTOR('',#4146,1.);
#4146 = DIRECTION('',(6.305496559635E-17,-4.941768411644E-18,-1.));
#4147 = PCURVE('',#4082,#4148);
#4148 = DEFINITIONAL_REPRESENTATION('',(#4149),#4153);
#4149 = LINE('',#4150,#4151);
#4150 = CARTESIAN_POINT('',(3.14159265359,0.));
#4151 = VECTOR('',#4152,1.);
#4152 = DIRECTION('',(0.,1.));
#4153 = ( GEOMETRIC_REPRESENTATION_CONTEXT(2) 
PARAMETRIC_REPRESENTATION_CONTEXT() REPRESENTATION_CONTEXT('2D SPACE',''
  ) );
#4154 = PCURVE('',#4094,#4155);
#4155 = DEFINITIONAL_REPRESENTATION('',(#4156),#4160);
#4156 = LINE('',#4157,#4158);
#4157 = CARTESIAN_POINT('',(3.14159265359,0.));
#4158 = VECTOR('',#4159,1.);
#4159 = DIRECTION('',(0.,1.));
#4160 = ( GEOMETRIC_REPRESENTATION_CONTEXT(2) 
PARAMETRIC_REPRESENTATION_CONTEXT() REPRESENTATION_CONTEXT('2D SPACE',''
  ) );
#4161 = ORIENTED_EDGE('',*,*,#4162,.F.);
#4162 = EDGE_CURVE('',#4072,#4140,#4163,.T.);
#4163 = SURFACE_CURVE('',#4164,(#4169,#4176),.PCURVE_S1.);
#4164 = CIRCLE('',#4165,1.35);
#4165 = AXIS2_PLACEMENT_3D('',#4166,#4167,#4168);
#4166 = CARTESIAN_POINT('',(-18.24495344687,-10.5337287839,-21.7));
#4167 = DIRECTION('',(-6.305496559635E-17,4.941768411644E-18,1.));
#4168 = DIRECTION('',(1.,1.734723475977E-18,6.305496559635E-17));
#4169 = PCURVE('',#4082,#4170);
#4170 = DEFINITIONAL_REPRESENTATION('',(#4171),#4175);
#4171 = LINE('',#4172,#4173);
#4172 = CARTESIAN_POINT('',(9.424777960769,0.));
#4173 = VECTOR('',#4174,1.);
#4174 = DIRECTION('',(-1.,0.));
#4175 = ( GEOMETRIC_REPRESENTATION_CONTEXT(2) 
PARAMETRIC_REPRESENTATION_CONTEXT() REPRESENTATION_CONTEXT('2D SPACE',''
  ) );
#4176 = PCURVE('',#4177,#4182);
#4177 = PLANE('',#4178);
#4178 = AXIS2_PLACEMENT_3D('',#4179,#4180,#4181);
#4179 = CARTESIAN_POINT('',(-18.24495344687,-10.5337287839,-21.7));
#4180 = DIRECTION('',(-6.305496559635E-17,4.941768411644E-18,1.));
#4181 = DIRECTION('',(1.,1.734723475977E-18,6.305496559635E-17));
#4182 = DEFINITIONAL_REPRESENTATION('',(#4183),#4187);
#4183 = CIRCLE('',#4184,1.35);
#4184 = AXIS2_PLACEMENT_2D('',#4185,#4186);
#4185 = CARTESIAN_POINT('',(0.,0.));
#4186 = DIRECTION('',(1.,0.));
#4187 = ( GEOMETRIC_REPRESENTATION_CONTEXT(2) 
PARAMETRIC_REPRESENTATION_CONTEXT() REPRESENTATION_CONTEXT('2D SPACE',''
  ) );
#4188 = ADVANCED_FACE('',(#4189),#4204,.T.);
#4189 = FACE_BOUND('',#4190,.T.);
#4190 = EDGE_LOOP('',(#4191,#4222,#4250,#4274));
#4191 = ORIENTED_EDGE('',*,*,#4192,.F.);
#4192 = EDGE_CURVE('',#4193,#4195,#4197,.T.);
#4193 = VERTEX_POINT('',#4194);
#4194 = CARTESIAN_POINT('',(-15.39495344687,-10.5337287839,-21.7));
#4195 = VERTEX_POINT('',#4196);
#4196 = CARTESIAN_POINT('',(-21.09495344687,-10.5337287839,-21.7));
#4197 = SURFACE_CURVE('',#4198,(#4203,#4215),.PCURVE_S1.);
#4198 = CIRCLE('',#4199,2.85);
#4199 = AXIS2_PLACEMENT_3D('',#4200,#4201,#4202);
#4200 = CARTESIAN_POINT('',(-18.24495344687,-10.5337287839,-21.7));
#4201 = DIRECTION('',(-6.305496559635E-17,4.941768411644E-18,1.));
#4202 = DIRECTION('',(1.,1.734723475977E-18,6.305496559635E-17));
#4203 = PCURVE('',#4204,#4209);
#4204 = CYLINDRICAL_SURFACE('',#4205,2.85);
#4205 = AXIS2_PLACEMENT_3D('',#4206,#4207,#4208);
#4206 = CARTESIAN_POINT('',(-18.24495344687,-10.5337287839,-21.7));
#4207 = DIRECTION('',(6.305496559635E-17,-4.941768411644E-18,-1.));
#4208 = DIRECTION('',(-1.,-1.734723475977E-18,-6.305496559635E-17));
#4209 = DEFINITIONAL_REPRESENTATION('',(#4210),#4214);
#4210 = LINE('',#4211,#4212);
#4211 = CARTESIAN_POINT('',(3.14159265359,0.));
#4212 = VECTOR('',#4213,1.);
#4213 = DIRECTION('',(-1.,0.));
#4214 = ( GEOMETRIC_REPRESENTATION_CONTEXT(2) 
PARAMETRIC_REPRESENTATION_CONTEXT() REPRESENTATION_CONTEXT('2D SPACE',''
  ) );
#4215 = PCURVE('',#4177,#4216);
#4216 = DEFINITIONAL_REPRESENTATION('',(#4217),#4221);
#4217 = CIRCLE('',#4218,2.85);
#4218 = AXIS2_PLACEMENT_2D('',#4219,#4220);
#4219 = CARTESIAN_POINT('',(0.,0.));
#4220 = DIRECTION('',(1.,0.));
#4221 = ( GEOMETRIC_REPRESENTATION_CONTEXT(2) 
PARAMETRIC_REPRESENTATION_CONTEXT() REPRESENTATION_CONTEXT('2D SPACE',''
  ) );
#4222 = ORIENTED_EDGE('',*,*,#4223,.T.);
#4223 = EDGE_CURVE('',#4193,#4224,#4226,.T.);
#4224 = VERTEX_POINT('',#4225);
#4225 = CARTESIAN_POINT('',(-15.39495344687,-10.5337287839,-26.2));
#4226 = SURFACE_CURVE('',#4227,(#4231,#4238),.PCURVE_S1.);
#4227 = LINE('',#4228,#4229);
#4228 = CARTESIAN_POINT('',(-15.39495344687,-10.5337287839,-21.7));
#4229 = VECTOR('',#4230,1.);
#4230 = DIRECTION('',(6.305496559635E-17,-4.941768411644E-18,-1.));
#4231 = PCURVE('',#4204,#4232);
#4232 = DEFINITIONAL_REPRESENTATION('',(#4233),#4237);
#4233 = LINE('',#4234,#4235);
#4234 = CARTESIAN_POINT('',(3.14159265359,0.));
#4235 = VECTOR('',#4236,1.);
#4236 = DIRECTION('',(0.,1.));
#4237 = ( GEOMETRIC_REPRESENTATION_CONTEXT(2) 
PARAMETRIC_REPRESENTATION_CONTEXT() REPRESENTATION_CONTEXT('2D SPACE',''
  ) );
#4238 = PCURVE('',#4239,#4244);
#4239 = CYLINDRICAL_SURFACE('',#4240,2.85);
#4240 = AXIS2_PLACEMENT_3D('',#4241,#4242,#4243);
#4241 = CARTESIAN_POINT('',(-18.24495344687,-10.5337287839,-21.7));
#4242 = DIRECTION('',(6.305496559635E-17,-4.941768411644E-18,-1.));
#4243 = DIRECTION('',(-1.,-1.734723475977E-18,-6.305496559635E-17));
#4244 = DEFINITIONAL_REPRESENTATION('',(#4245),#4249);
#4245 = LINE('',#4246,#4247);
#4246 = CARTESIAN_POINT('',(3.14159265359,0.));
#4247 = VECTOR('',#4248,1.);
#4248 = DIRECTION('',(0.,1.));
#4249 = ( GEOMETRIC_REPRESENTATION_CONTEXT(2) 
PARAMETRIC_REPRESENTATION_CONTEXT() REPRESENTATION_CONTEXT('2D SPACE',''
  ) );
#4250 = ORIENTED_EDGE('',*,*,#4251,.T.);
#4251 = EDGE_CURVE('',#4224,#4252,#4254,.T.);
#4252 = VERTEX_POINT('',#4253);
#4253 = CARTESIAN_POINT('',(-21.09495344687,-10.5337287839,-26.2));
#4254 = SURFACE_CURVE('',#4255,(#4260,#4267),.PCURVE_S1.);
#4255 = CIRCLE('',#4256,2.85);
#4256 = AXIS2_PLACEMENT_3D('',#4257,#4258,#4259);
#4257 = CARTESIAN_POINT('',(-18.24495344687,-10.5337287839,-26.2));
#4258 = DIRECTION('',(-6.305496559635E-17,4.941768411644E-18,1.));
#4259 = DIRECTION('',(1.,1.734723475977E-18,6.305496559635E-17));
#4260 = PCURVE('',#4204,#4261);
#4261 = DEFINITIONAL_REPRESENTATION('',(#4262),#4266);
#4262 = LINE('',#4263,#4264);
#4263 = CARTESIAN_POINT('',(3.14159265359,4.5));
#4264 = VECTOR('',#4265,1.);
#4265 = DIRECTION('',(-1.,0.));
#4266 = ( GEOMETRIC_REPRESENTATION_CONTEXT(2) 
PARAMETRIC_REPRESENTATION_CONTEXT() REPRESENTATION_CONTEXT('2D SPACE',''
  ) );
#4267 = PCURVE('',#3628,#4268);
#4268 = DEFINITIONAL_REPRESENTATION('',(#4269),#4273);
#4269 = CIRCLE('',#4270,2.85);
#4270 = AXIS2_PLACEMENT_2D('',#4271,#4272);
#4271 = CARTESIAN_POINT('',(-18.24495344687,-10.5337287839));
#4272 = DIRECTION('',(1.,0.));
#4273 = ( GEOMETRIC_REPRESENTATION_CONTEXT(2) 
PARAMETRIC_REPRESENTATION_CONTEXT() REPRESENTATION_CONTEXT('2D SPACE',''
  ) );
#4274 = ORIENTED_EDGE('',*,*,#4275,.F.);
#4275 = EDGE_CURVE('',#4195,#4252,#4276,.T.);
#4276 = SURFACE_CURVE('',#4277,(#4281,#4288),.PCURVE_S1.);
#4277 = LINE('',#4278,#4279);
#4278 = CARTESIAN_POINT('',(-21.09495344687,-10.5337287839,-21.7));
#4279 = VECTOR('',#4280,1.);
#4280 = DIRECTION('',(6.305496559635E-17,-4.941768411644E-18,-1.));
#4281 = PCURVE('',#4204,#4282);
#4282 = DEFINITIONAL_REPRESENTATION('',(#4283),#4287);
#4283 = LINE('',#4284,#4285);
#4284 = CARTESIAN_POINT('',(0.,0.));
#4285 = VECTOR('',#4286,1.);
#4286 = DIRECTION('',(0.,1.));
#4287 = ( GEOMETRIC_REPRESENTATION_CONTEXT(2) 
PARAMETRIC_REPRESENTATION_CONTEXT() REPRESENTATION_CONTEXT('2D SPACE',''
  ) );
#4288 = PCURVE('',#4239,#4289);
#4289 = DEFINITIONAL_REPRESENTATION('',(#4290),#4294);
#4290 = LINE('',#4291,#4292);
#4291 = CARTESIAN_POINT('',(6.28318530718,0.));
#4292 = VECTOR('',#4293,1.);
#4293 = DIRECTION('',(0.,1.));
#4294 = ( GEOMETRIC_REPRESENTATION_CONTEXT(2) 
PARAMETRIC_REPRESENTATION_CONTEXT() REPRESENTATION_CONTEXT('2D SPACE',''
  ) );
#4295 = ADVANCED_FACE('',(#4296),#4310,.F.);
#4296 = FACE_BOUND('',#4297,.F.);
#4297 = EDGE_LOOP('',(#4298,#4333,#4366,#4389));
#4298 = ORIENTED_EDGE('',*,*,#4299,.T.);
#4299 = EDGE_CURVE('',#4300,#4302,#4304,.T.);
#4300 = VERTEX_POINT('',#4301);
#4301 = CARTESIAN_POINT('',(16.894953446875,-10.5337287839,-21.7));
#4302 = VERTEX_POINT('',#4303);
#4303 = CARTESIAN_POINT('',(16.894953446875,-10.5337287839,-26.2));
#4304 = SURFACE_CURVE('',#4305,(#4309,#4321),.PCURVE_S1.);
#4305 = LINE('',#4306,#4307);
#4306 = CARTESIAN_POINT('',(16.894953446875,-10.5337287839,-21.7));
#4307 = VECTOR('',#4308,1.);
#4308 = DIRECTION('',(6.305496559635E-17,-4.941768411644E-18,-1.));
#4309 = PCURVE('',#4310,#4315);
#4310 = CYLINDRICAL_SURFACE('',#4311,1.35);
#4311 = AXIS2_PLACEMENT_3D('',#4312,#4313,#4314);
#4312 = CARTESIAN_POINT('',(18.244953446875,-10.5337287839,-21.7));
#4313 = DIRECTION('',(6.305496559635E-17,-4.941768411644E-18,-1.));
#4314 = DIRECTION('',(-1.,-1.734723475977E-18,-6.305496559635E-17));
#4315 = DEFINITIONAL_REPRESENTATION('',(#4316),#4320);
#4316 = LINE('',#4317,#4318);
#4317 = CARTESIAN_POINT('',(6.28318530718,0.));
#4318 = VECTOR('',#4319,1.);
#4319 = DIRECTION('',(0.,1.));
#4320 = ( GEOMETRIC_REPRESENTATION_CONTEXT(2) 
PARAMETRIC_REPRESENTATION_CONTEXT() REPRESENTATION_CONTEXT('2D SPACE',''
  ) );
#4321 = PCURVE('',#4322,#4327);
#4322 = CYLINDRICAL_SURFACE('',#4323,1.35);
#4323 = AXIS2_PLACEMENT_3D('',#4324,#4325,#4326);
#4324 = CARTESIAN_POINT('',(18.244953446875,-10.5337287839,-21.7));
#4325 = DIRECTION('',(6.305496559635E-17,-4.941768411644E-18,-1.));
#4326 = DIRECTION('',(-1.,-1.734723475977E-18,-6.305496559635E-17));
#4327 = DEFINITIONAL_REPRESENTATION('',(#4328),#4332);
#4328 = LINE('',#4329,#4330);
#4329 = CARTESIAN_POINT('',(0.,0.));
#4330 = VECTOR('',#4331,1.);
#4331 = DIRECTION('',(0.,1.));
#4332 = ( GEOMETRIC_REPRESENTATION_CONTEXT(2) 
PARAMETRIC_REPRESENTATION_CONTEXT() REPRESENTATION_CONTEXT('2D SPACE',''
  ) );
#4333 = ORIENTED_EDGE('',*,*,#4334,.F.);
#4334 = EDGE_CURVE('',#4335,#4302,#4337,.T.);
#4335 = VERTEX_POINT('',#4336);
#4336 = CARTESIAN_POINT('',(19.594953446875,-10.5337287839,-26.2));
#4337 = SURFACE_CURVE('',#4338,(#4343,#4350),.PCURVE_S1.);
#4338 = CIRCLE('',#4339,1.35);
#4339 = AXIS2_PLACEMENT_3D('',#4340,#4341,#4342);
#4340 = CARTESIAN_POINT('',(18.244953446875,-10.5337287839,-26.2));
#4341 = DIRECTION('',(6.305496559635E-17,-4.941768411644E-18,-1.));
#4342 = DIRECTION('',(1.,1.734723475977E-18,6.305496559635E-17));
#4343 = PCURVE('',#4310,#4344);
#4344 = DEFINITIONAL_REPRESENTATION('',(#4345),#4349);
#4345 = LINE('',#4346,#4347);
#4346 = CARTESIAN_POINT('',(3.14159265359,4.5));
#4347 = VECTOR('',#4348,1.);
#4348 = DIRECTION('',(1.,0.));
#4349 = ( GEOMETRIC_REPRESENTATION_CONTEXT(2) 
PARAMETRIC_REPRESENTATION_CONTEXT() REPRESENTATION_CONTEXT('2D SPACE',''
  ) );
#4350 = PCURVE('',#4351,#4356);
#4351 = PLANE('',#4352);
#4352 = AXIS2_PLACEMENT_3D('',#4353,#4354,#4355);
#4353 = CARTESIAN_POINT('',(3.783297935781E-16,-2.965061046986E-17,-26.2
    ));
#4354 = DIRECTION('',(-6.305496559635E-17,4.941768411644E-18,1.));
#4355 = DIRECTION('',(1.,1.734723475977E-18,6.305496559635E-17));
#4356 = DEFINITIONAL_REPRESENTATION('',(#4357),#4365);
#4357 = ( BOUNDED_CURVE() B_SPLINE_CURVE(2,(#4358,#4359,#4360,#4361,
#4362,#4363,#4364),.UNSPECIFIED.,.T.,.F.) B_SPLINE_CURVE_WITH_KNOTS((1,2
    ,2,2,2,1),(-2.094395102393,0.,2.094395102393,4.188790204786,
6.28318530718,8.377580409573),.UNSPECIFIED.) CURVE() 
GEOMETRIC_REPRESENTATION_ITEM() RATIONAL_B_SPLINE_CURVE((1.,0.5,1.,0.5,
1.,0.5,1.)) REPRESENTATION_ITEM('') );
#4358 = CARTESIAN_POINT('',(19.594953446875,-10.5337287839));
#4359 = CARTESIAN_POINT('',(19.594953446875,-12.87199737412));
#4360 = CARTESIAN_POINT('',(17.569953446875,-11.70286307901));
#4361 = CARTESIAN_POINT('',(15.544953446875,-10.5337287839));
#4362 = CARTESIAN_POINT('',(17.569953446875,-9.364594488796));
#4363 = CARTESIAN_POINT('',(19.594953446875,-8.195460193687));
#4364 = CARTESIAN_POINT('',(19.594953446875,-10.5337287839));
#4365 = ( GEOMETRIC_REPRESENTATION_CONTEXT(2) 
PARAMETRIC_REPRESENTATION_CONTEXT() REPRESENTATION_CONTEXT('2D SPACE',''
  ) );
#4366 = ORIENTED_EDGE('',*,*,#4367,.F.);
#4367 = EDGE_CURVE('',#4368,#4335,#4370,.T.);
#4368 = VERTEX_POINT('',#4369);
#4369 = CARTESIAN_POINT('',(19.594953446875,-10.5337287839,-21.7));
#4370 = SURFACE_CURVE('',#4371,(#4375,#4382),.PCURVE_S1.);
#4371 = LINE('',#4372,#4373);
#4372 = CARTESIAN_POINT('',(19.594953446875,-10.5337287839,-21.7));
#4373 = VECTOR('',#4374,1.);
#4374 = DIRECTION('',(6.305496559635E-17,-4.941768411644E-18,-1.));
#4375 = PCURVE('',#4310,#4376);
#4376 = DEFINITIONAL_REPRESENTATION('',(#4377),#4381);
#4377 = LINE('',#4378,#4379);
#4378 = CARTESIAN_POINT('',(3.14159265359,0.));
#4379 = VECTOR('',#4380,1.);
#4380 = DIRECTION('',(0.,1.));
#4381 = ( GEOMETRIC_REPRESENTATION_CONTEXT(2) 
PARAMETRIC_REPRESENTATION_CONTEXT() REPRESENTATION_CONTEXT('2D SPACE',''
  ) );
#4382 = PCURVE('',#4322,#4383);
#4383 = DEFINITIONAL_REPRESENTATION('',(#4384),#4388);
#4384 = LINE('',#4385,#4386);
#4385 = CARTESIAN_POINT('',(3.14159265359,0.));
#4386 = VECTOR('',#4387,1.);
#4387 = DIRECTION('',(0.,1.));
#4388 = ( GEOMETRIC_REPRESENTATION_CONTEXT(2) 
PARAMETRIC_REPRESENTATION_CONTEXT() REPRESENTATION_CONTEXT('2D SPACE',''
  ) );
#4389 = ORIENTED_EDGE('',*,*,#4390,.F.);
#4390 = EDGE_CURVE('',#4300,#4368,#4391,.T.);
#4391 = SURFACE_CURVE('',#4392,(#4397,#4404),.PCURVE_S1.);
#4392 = CIRCLE('',#4393,1.35);
#4393 = AXIS2_PLACEMENT_3D('',#4394,#4395,#4396);
#4394 = CARTESIAN_POINT('',(18.244953446875,-10.5337287839,-21.7));
#4395 = DIRECTION('',(-6.305496559635E-17,4.941768411644E-18,1.));
#4396 = DIRECTION('',(1.,1.734723475977E-18,6.305496559635E-17));
#4397 = PCURVE('',#4310,#4398);
#4398 = DEFINITIONAL_REPRESENTATION('',(#4399),#4403);
#4399 = LINE('',#4400,#4401);
#4400 = CARTESIAN_POINT('',(9.424777960769,0.));
#4401 = VECTOR('',#4402,1.);
#4402 = DIRECTION('',(-1.,0.));
#4403 = ( GEOMETRIC_REPRESENTATION_CONTEXT(2) 
PARAMETRIC_REPRESENTATION_CONTEXT() REPRESENTATION_CONTEXT('2D SPACE',''
  ) );
#4404 = PCURVE('',#4405,#4410);
#4405 = PLANE('',#4406);
#4406 = AXIS2_PLACEMENT_3D('',#4407,#4408,#4409);
#4407 = CARTESIAN_POINT('',(18.244953446875,-10.5337287839,-21.7));
#4408 = DIRECTION('',(-6.305496559635E-17,4.941768411644E-18,1.));
#4409 = DIRECTION('',(1.,1.734723475977E-18,6.305496559635E-17));
#4410 = DEFINITIONAL_REPRESENTATION('',(#4411),#4415);
#4411 = CIRCLE('',#4412,1.35);
#4412 = AXIS2_PLACEMENT_2D('',#4413,#4414);
#4413 = CARTESIAN_POINT('',(0.,0.));
#4414 = DIRECTION('',(1.,0.));
#4415 = ( GEOMETRIC_REPRESENTATION_CONTEXT(2) 
PARAMETRIC_REPRESENTATION_CONTEXT() REPRESENTATION_CONTEXT('2D SPACE',''
  ) );
#4416 = ADVANCED_FACE('',(#4417),#4432,.T.);
#4417 = FACE_BOUND('',#4418,.T.);
#4418 = EDGE_LOOP('',(#4419,#4450,#4478,#4502));
#4419 = ORIENTED_EDGE('',*,*,#4420,.F.);
#4420 = EDGE_CURVE('',#4421,#4423,#4425,.T.);
#4421 = VERTEX_POINT('',#4422);
#4422 = CARTESIAN_POINT('',(21.094953446875,-10.5337287839,-21.7));
#4423 = VERTEX_POINT('',#4424);
#4424 = CARTESIAN_POINT('',(15.394953446875,-10.5337287839,-21.7));
#4425 = SURFACE_CURVE('',#4426,(#4431,#4443),.PCURVE_S1.);
#4426 = CIRCLE('',#4427,2.85);
#4427 = AXIS2_PLACEMENT_3D('',#4428,#4429,#4430);
#4428 = CARTESIAN_POINT('',(18.244953446875,-10.5337287839,-21.7));
#4429 = DIRECTION('',(-6.305496559635E-17,4.941768411644E-18,1.));
#4430 = DIRECTION('',(1.,1.734723475977E-18,6.305496559635E-17));
#4431 = PCURVE('',#4432,#4437);
#4432 = CYLINDRICAL_SURFACE('',#4433,2.85);
#4433 = AXIS2_PLACEMENT_3D('',#4434,#4435,#4436);
#4434 = CARTESIAN_POINT('',(18.244953446875,-10.5337287839,-21.7));
#4435 = DIRECTION('',(6.305496559635E-17,-4.941768411644E-18,-1.));
#4436 = DIRECTION('',(-1.,-1.734723475977E-18,-6.305496559635E-17));
#4437 = DEFINITIONAL_REPRESENTATION('',(#4438),#4442);
#4438 = LINE('',#4439,#4440);
#4439 = CARTESIAN_POINT('',(3.14159265359,0.));
#4440 = VECTOR('',#4441,1.);
#4441 = DIRECTION('',(-1.,0.));
#4442 = ( GEOMETRIC_REPRESENTATION_CONTEXT(2) 
PARAMETRIC_REPRESENTATION_CONTEXT() REPRESENTATION_CONTEXT('2D SPACE',''
  ) );
#4443 = PCURVE('',#4405,#4444);
#4444 = DEFINITIONAL_REPRESENTATION('',(#4445),#4449);
#4445 = CIRCLE('',#4446,2.85);
#4446 = AXIS2_PLACEMENT_2D('',#4447,#4448);
#4447 = CARTESIAN_POINT('',(0.,0.));
#4448 = DIRECTION('',(1.,0.));
#4449 = ( GEOMETRIC_REPRESENTATION_CONTEXT(2) 
PARAMETRIC_REPRESENTATION_CONTEXT() REPRESENTATION_CONTEXT('2D SPACE',''
  ) );
#4450 = ORIENTED_EDGE('',*,*,#4451,.T.);
#4451 = EDGE_CURVE('',#4421,#4452,#4454,.T.);
#4452 = VERTEX_POINT('',#4453);
#4453 = CARTESIAN_POINT('',(21.094953446875,-10.5337287839,-26.2));
#4454 = SURFACE_CURVE('',#4455,(#4459,#4466),.PCURVE_S1.);
#4455 = LINE('',#4456,#4457);
#4456 = CARTESIAN_POINT('',(21.094953446875,-10.5337287839,-21.7));
#4457 = VECTOR('',#4458,1.);
#4458 = DIRECTION('',(6.305496559635E-17,-4.941768411644E-18,-1.));
#4459 = PCURVE('',#4432,#4460);
#4460 = DEFINITIONAL_REPRESENTATION('',(#4461),#4465);
#4461 = LINE('',#4462,#4463);
#4462 = CARTESIAN_POINT('',(3.14159265359,0.));
#4463 = VECTOR('',#4464,1.);
#4464 = DIRECTION('',(0.,1.));
#4465 = ( GEOMETRIC_REPRESENTATION_CONTEXT(2) 
PARAMETRIC_REPRESENTATION_CONTEXT() REPRESENTATION_CONTEXT('2D SPACE',''
  ) );
#4466 = PCURVE('',#4467,#4472);
#4467 = CYLINDRICAL_SURFACE('',#4468,2.85);
#4468 = AXIS2_PLACEMENT_3D('',#4469,#4470,#4471);
#4469 = CARTESIAN_POINT('',(18.244953446875,-10.5337287839,-21.7));
#4470 = DIRECTION('',(6.305496559635E-17,-4.941768411644E-18,-1.));
#4471 = DIRECTION('',(-1.,-1.734723475977E-18,-6.305496559635E-17));
#4472 = DEFINITIONAL_REPRESENTATION('',(#4473),#4477);
#4473 = LINE('',#4474,#4475);
#4474 = CARTESIAN_POINT('',(3.14159265359,0.));
#4475 = VECTOR('',#4476,1.);
#4476 = DIRECTION('',(0.,1.));
#4477 = ( GEOMETRIC_REPRESENTATION_CONTEXT(2) 
PARAMETRIC_REPRESENTATION_CONTEXT() REPRESENTATION_CONTEXT('2D SPACE',''
  ) );
#4478 = ORIENTED_EDGE('',*,*,#4479,.T.);
#4479 = EDGE_CURVE('',#4452,#4480,#4482,.T.);
#4480 = VERTEX_POINT('',#4481);
#4481 = CARTESIAN_POINT('',(15.394953446875,-10.5337287839,-26.2));
#4482 = SURFACE_CURVE('',#4483,(#4488,#4495),.PCURVE_S1.);
#4483 = CIRCLE('',#4484,2.85);
#4484 = AXIS2_PLACEMENT_3D('',#4485,#4486,#4487);
#4485 = CARTESIAN_POINT('',(18.244953446875,-10.5337287839,-26.2));
#4486 = DIRECTION('',(-6.305496559635E-17,4.941768411644E-18,1.));
#4487 = DIRECTION('',(1.,1.734723475977E-18,6.305496559635E-17));
#4488 = PCURVE('',#4432,#4489);
#4489 = DEFINITIONAL_REPRESENTATION('',(#4490),#4494);
#4490 = LINE('',#4491,#4492);
#4491 = CARTESIAN_POINT('',(3.14159265359,4.5));
#4492 = VECTOR('',#4493,1.);
#4493 = DIRECTION('',(-1.,0.));
#4494 = ( GEOMETRIC_REPRESENTATION_CONTEXT(2) 
PARAMETRIC_REPRESENTATION_CONTEXT() REPRESENTATION_CONTEXT('2D SPACE',''
  ) );
#4495 = PCURVE('',#3628,#4496);
#4496 = DEFINITIONAL_REPRESENTATION('',(#4497),#4501);
#4497 = CIRCLE('',#4498,2.85);
#4498 = AXIS2_PLACEMENT_2D('',#4499,#4500);
#4499 = CARTESIAN_POINT('',(18.244953446875,-10.5337287839));
#4500 = DIRECTION('',(1.,0.));
#4501 = ( GEOMETRIC_REPRESENTATION_CONTEXT(2) 
PARAMETRIC_REPRESENTATION_CONTEXT() REPRESENTATION_CONTEXT('2D SPACE',''
  ) );
#4502 = ORIENTED_EDGE('',*,*,#4503,.F.);
#4503 = EDGE_CURVE('',#4423,#4480,#4504,.T.);
#4504 = SURFACE_CURVE('',#4505,(#4509,#4516),.PCURVE_S1.);
#4505 = LINE('',#4506,#4507);
#4506 = CARTESIAN_POINT('',(15.394953446875,-10.5337287839,-21.7));
#4507 = VECTOR('',#4508,1.);
#4508 = DIRECTION('',(6.305496559635E-17,-4.941768411644E-18,-1.));
#4509 = PCURVE('',#4432,#4510);
#4510 = DEFINITIONAL_REPRESENTATION('',(#4511),#4515);
#4511 = LINE('',#4512,#4513);
#4512 = CARTESIAN_POINT('',(0.,0.));
#4513 = VECTOR('',#4514,1.);
#4514 = DIRECTION('',(0.,1.));
#4515 = ( GEOMETRIC_REPRESENTATION_CONTEXT(2) 
PARAMETRIC_REPRESENTATION_CONTEXT() REPRESENTATION_CONTEXT('2D SPACE',''
  ) );
#4516 = PCURVE('',#4467,#4517);
#4517 = DEFINITIONAL_REPRESENTATION('',(#4518),#4522);
#4518 = LINE('',#4519,#4520);
#4519 = CARTESIAN_POINT('',(6.28318530718,0.));
#4520 = VECTOR('',#4521,1.);
#4521 = DIRECTION('',(0.,1.));
#4522 = ( GEOMETRIC_REPRESENTATION_CONTEXT(2) 
PARAMETRIC_REPRESENTATION_CONTEXT() REPRESENTATION_CONTEXT('2D SPACE',''
  ) );
#4523 = ADVANCED_FACE('',(#4524),#4538,.F.);
#4524 = FACE_BOUND('',#4525,.F.);
#4525 = EDGE_LOOP('',(#4526,#4561,#4594,#4617));
#4526 = ORIENTED_EDGE('',*,*,#4527,.T.);
#4527 = EDGE_CURVE('',#4528,#4530,#4532,.T.);
#4528 = VERTEX_POINT('',#4529);
#4529 = CARTESIAN_POINT('',(-1.35,21.067457567811,-21.7));
#4530 = VERTEX_POINT('',#4531);
#4531 = CARTESIAN_POINT('',(-1.35,21.067457567811,-26.2));
#4532 = SURFACE_CURVE('',#4533,(#4537,#4549),.PCURVE_S1.);
#4533 = LINE('',#4534,#4535);
#4534 = CARTESIAN_POINT('',(-1.35,21.067457567811,-21.7));
#4535 = VECTOR('',#4536,1.);
#4536 = DIRECTION('',(6.305496559635E-17,-4.941768411644E-18,-1.));
#4537 = PCURVE('',#4538,#4543);
#4538 = CYLINDRICAL_SURFACE('',#4539,1.35);
#4539 = AXIS2_PLACEMENT_3D('',#4540,#4541,#4542);
#4540 = CARTESIAN_POINT('',(5.80362351725E-17,21.067457567811,-21.7));
#4541 = DIRECTION('',(6.305496559635E-17,-4.941768411644E-18,-1.));
#4542 = DIRECTION('',(-1.,-1.734723475977E-18,-6.305496559635E-17));
#4543 = DEFINITIONAL_REPRESENTATION('',(#4544),#4548);
#4544 = LINE('',#4545,#4546);
#4545 = CARTESIAN_POINT('',(6.28318530718,0.));
#4546 = VECTOR('',#4547,1.);
#4547 = DIRECTION('',(0.,1.));
#4548 = ( GEOMETRIC_REPRESENTATION_CONTEXT(2) 
PARAMETRIC_REPRESENTATION_CONTEXT() REPRESENTATION_CONTEXT('2D SPACE',''
  ) );
#4549 = PCURVE('',#4550,#4555);
#4550 = CYLINDRICAL_SURFACE('',#4551,1.35);
#4551 = AXIS2_PLACEMENT_3D('',#4552,#4553,#4554);
#4552 = CARTESIAN_POINT('',(5.80362351725E-17,21.067457567811,-21.7));
#4553 = DIRECTION('',(6.305496559635E-17,-4.941768411644E-18,-1.));
#4554 = DIRECTION('',(-1.,-1.734723475977E-18,-6.305496559635E-17));
#4555 = DEFINITIONAL_REPRESENTATION('',(#4556),#4560);
#4556 = LINE('',#4557,#4558);
#4557 = CARTESIAN_POINT('',(0.,0.));
#4558 = VECTOR('',#4559,1.);
#4559 = DIRECTION('',(0.,1.));
#4560 = ( GEOMETRIC_REPRESENTATION_CONTEXT(2) 
PARAMETRIC_REPRESENTATION_CONTEXT() REPRESENTATION_CONTEXT('2D SPACE',''
  ) );
#4561 = ORIENTED_EDGE('',*,*,#4562,.F.);
#4562 = EDGE_CURVE('',#4563,#4530,#4565,.T.);
#4563 = VERTEX_POINT('',#4564);
#4564 = CARTESIAN_POINT('',(1.35,21.067457567811,-26.2));
#4565 = SURFACE_CURVE('',#4566,(#4571,#4578),.PCURVE_S1.);
#4566 = CIRCLE('',#4567,1.35);
#4567 = AXIS2_PLACEMENT_3D('',#4568,#4569,#4570);
#4568 = CARTESIAN_POINT('',(3.417835803561E-16,21.067457567811,-26.2));
#4569 = DIRECTION('',(6.305496559635E-17,-4.941768411644E-18,-1.));
#4570 = DIRECTION('',(1.,1.734723475977E-18,6.305496559635E-17));
#4571 = PCURVE('',#4538,#4572);
#4572 = DEFINITIONAL_REPRESENTATION('',(#4573),#4577);
#4573 = LINE('',#4574,#4575);
#4574 = CARTESIAN_POINT('',(3.14159265359,4.5));
#4575 = VECTOR('',#4576,1.);
#4576 = DIRECTION('',(1.,0.));
#4577 = ( GEOMETRIC_REPRESENTATION_CONTEXT(2) 
PARAMETRIC_REPRESENTATION_CONTEXT() REPRESENTATION_CONTEXT('2D SPACE',''
  ) );
#4578 = PCURVE('',#4579,#4584);
#4579 = PLANE('',#4580);
#4580 = AXIS2_PLACEMENT_3D('',#4581,#4582,#4583);
#4581 = CARTESIAN_POINT('',(3.783297935781E-16,-2.965061046986E-17,-26.2
    ));
#4582 = DIRECTION('',(-6.305496559635E-17,4.941768411644E-18,1.));
#4583 = DIRECTION('',(1.,1.734723475977E-18,6.305496559635E-17));
#4584 = DEFINITIONAL_REPRESENTATION('',(#4585),#4593);
#4585 = ( BOUNDED_CURVE() B_SPLINE_CURVE(2,(#4586,#4587,#4588,#4589,
#4590,#4591,#4592),.UNSPECIFIED.,.T.,.F.) B_SPLINE_CURVE_WITH_KNOTS((1,2
    ,2,2,2,1),(-2.094395102393,0.,2.094395102393,4.188790204786,
6.28318530718,8.377580409573),.UNSPECIFIED.) CURVE() 
GEOMETRIC_REPRESENTATION_ITEM() RATIONAL_B_SPLINE_CURVE((1.,0.5,1.,0.5,
1.,0.5,1.)) REPRESENTATION_ITEM('') );
#4586 = CARTESIAN_POINT('',(1.35,21.067457567811));
#4587 = CARTESIAN_POINT('',(1.35,18.729188977593));
#4588 = CARTESIAN_POINT('',(-0.675,19.898323272702));
#4589 = CARTESIAN_POINT('',(-2.7,21.067457567811));
#4590 = CARTESIAN_POINT('',(-0.675,22.23659186292));
#4591 = CARTESIAN_POINT('',(1.35,23.405726158029));
#4592 = CARTESIAN_POINT('',(1.35,21.067457567811));
#4593 = ( GEOMETRIC_REPRESENTATION_CONTEXT(2) 
PARAMETRIC_REPRESENTATION_CONTEXT() REPRESENTATION_CONTEXT('2D SPACE',''
  ) );
#4594 = ORIENTED_EDGE('',*,*,#4595,.F.);
#4595 = EDGE_CURVE('',#4596,#4563,#4598,.T.);
#4596 = VERTEX_POINT('',#4597);
#4597 = CARTESIAN_POINT('',(1.35,21.067457567811,-21.7));
#4598 = SURFACE_CURVE('',#4599,(#4603,#4610),.PCURVE_S1.);
#4599 = LINE('',#4600,#4601);
#4600 = CARTESIAN_POINT('',(1.35,21.067457567811,-21.7));
#4601 = VECTOR('',#4602,1.);
#4602 = DIRECTION('',(6.305496559635E-17,-4.941768411644E-18,-1.));
#4603 = PCURVE('',#4538,#4604);
#4604 = DEFINITIONAL_REPRESENTATION('',(#4605),#4609);
#4605 = LINE('',#4606,#4607);
#4606 = CARTESIAN_POINT('',(3.14159265359,0.));
#4607 = VECTOR('',#4608,1.);
#4608 = DIRECTION('',(0.,1.));
#4609 = ( GEOMETRIC_REPRESENTATION_CONTEXT(2) 
PARAMETRIC_REPRESENTATION_CONTEXT() REPRESENTATION_CONTEXT('2D SPACE',''
  ) );
#4610 = PCURVE('',#4550,#4611);
#4611 = DEFINITIONAL_REPRESENTATION('',(#4612),#4616);
#4612 = LINE('',#4613,#4614);
#4613 = CARTESIAN_POINT('',(3.14159265359,0.));
#4614 = VECTOR('',#4615,1.);
#4615 = DIRECTION('',(0.,1.));
#4616 = ( GEOMETRIC_REPRESENTATION_CONTEXT(2) 
PARAMETRIC_REPRESENTATION_CONTEXT() REPRESENTATION_CONTEXT('2D SPACE',''
  ) );
#4617 = ORIENTED_EDGE('',*,*,#4618,.F.);
#4618 = EDGE_CURVE('',#4528,#4596,#4619,.T.);
#4619 = SURFACE_CURVE('',#4620,(#4625,#4632),.PCURVE_S1.);
#4620 = CIRCLE('',#4621,1.35);
#4621 = AXIS2_PLACEMENT_3D('',#4622,#4623,#4624);
#4622 = CARTESIAN_POINT('',(5.80362351725E-17,21.067457567811,-21.7));
#4623 = DIRECTION('',(-6.305496559635E-17,4.941768411644E-18,1.));
#4624 = DIRECTION('',(1.,1.734723475977E-18,6.305496559635E-17));
#4625 = PCURVE('',#4538,#4626);
#4626 = DEFINITIONAL_REPRESENTATION('',(#4627),#4631);
#4627 = LINE('',#4628,#4629);
#4628 = CARTESIAN_POINT('',(9.424777960769,0.));
#4629 = VECTOR('',#4630,1.);
#4630 = DIRECTION('',(-1.,0.));
#4631 = ( GEOMETRIC_REPRESENTATION_CONTEXT(2) 
PARAMETRIC_REPRESENTATION_CONTEXT() REPRESENTATION_CONTEXT('2D SPACE',''
  ) );
#4632 = PCURVE('',#4633,#4638);
#4633 = PLANE('',#4634);
#4634 = AXIS2_PLACEMENT_3D('',#4635,#4636,#4637);
#4635 = CARTESIAN_POINT('',(5.80362351725E-17,21.067457567811,-21.7));
#4636 = DIRECTION('',(-6.305496559635E-17,4.941768411644E-18,1.));
#4637 = DIRECTION('',(1.,1.734723475977E-18,6.305496559635E-17));
#4638 = DEFINITIONAL_REPRESENTATION('',(#4639),#4643);
#4639 = CIRCLE('',#4640,1.35);
#4640 = AXIS2_PLACEMENT_2D('',#4641,#4642);
#4641 = CARTESIAN_POINT('',(0.,0.));
#4642 = DIRECTION('',(1.,0.));
#4643 = ( GEOMETRIC_REPRESENTATION_CONTEXT(2) 
PARAMETRIC_REPRESENTATION_CONTEXT() REPRESENTATION_CONTEXT('2D SPACE',''
  ) );
#4644 = ADVANCED_FACE('',(#4645),#4660,.T.);
#4645 = FACE_BOUND('',#4646,.T.);
#4646 = EDGE_LOOP('',(#4647,#4678,#4706,#4730));
#4647 = ORIENTED_EDGE('',*,*,#4648,.F.);
#4648 = EDGE_CURVE('',#4649,#4651,#4653,.T.);
#4649 = VERTEX_POINT('',#4650);
#4650 = CARTESIAN_POINT('',(2.85,21.067457567811,-21.7));
#4651 = VERTEX_POINT('',#4652);
#4652 = CARTESIAN_POINT('',(-2.85,21.067457567811,-21.7));
#4653 = SURFACE_CURVE('',#4654,(#4659,#4671),.PCURVE_S1.);
#4654 = CIRCLE('',#4655,2.85);
#4655 = AXIS2_PLACEMENT_3D('',#4656,#4657,#4658);
#4656 = CARTESIAN_POINT('',(5.80362351725E-17,21.067457567811,-21.7));
#4657 = DIRECTION('',(-6.305496559635E-17,4.941768411644E-18,1.));
#4658 = DIRECTION('',(1.,1.734723475977E-18,6.305496559635E-17));
#4659 = PCURVE('',#4660,#4665);
#4660 = CYLINDRICAL_SURFACE('',#4661,2.85);
#4661 = AXIS2_PLACEMENT_3D('',#4662,#4663,#4664);
#4662 = CARTESIAN_POINT('',(5.80362351725E-17,21.067457567811,-21.7));
#4663 = DIRECTION('',(6.305496559635E-17,-4.941768411644E-18,-1.));
#4664 = DIRECTION('',(-1.,-1.734723475977E-18,-6.305496559635E-17));
#4665 = DEFINITIONAL_REPRESENTATION('',(#4666),#4670);
#4666 = LINE('',#4667,#4668);
#4667 = CARTESIAN_POINT('',(3.14159265359,0.));
#4668 = VECTOR('',#4669,1.);
#4669 = DIRECTION('',(-1.,0.));
#4670 = ( GEOMETRIC_REPRESENTATION_CONTEXT(2) 
PARAMETRIC_REPRESENTATION_CONTEXT() REPRESENTATION_CONTEXT('2D SPACE',''
  ) );
#4671 = PCURVE('',#4633,#4672);
#4672 = DEFINITIONAL_REPRESENTATION('',(#4673),#4677);
#4673 = CIRCLE('',#4674,2.85);
#4674 = AXIS2_PLACEMENT_2D('',#4675,#4676);
#4675 = CARTESIAN_POINT('',(0.,0.));
#4676 = DIRECTION('',(1.,0.));
#4677 = ( GEOMETRIC_REPRESENTATION_CONTEXT(2) 
PARAMETRIC_REPRESENTATION_CONTEXT() REPRESENTATION_CONTEXT('2D SPACE',''
  ) );
#4678 = ORIENTED_EDGE('',*,*,#4679,.T.);
#4679 = EDGE_CURVE('',#4649,#4680,#4682,.T.);
#4680 = VERTEX_POINT('',#4681);
#4681 = CARTESIAN_POINT('',(2.85,21.067457567811,-26.2));
#4682 = SURFACE_CURVE('',#4683,(#4687,#4694),.PCURVE_S1.);
#4683 = LINE('',#4684,#4685);
#4684 = CARTESIAN_POINT('',(2.85,21.067457567811,-21.7));
#4685 = VECTOR('',#4686,1.);
#4686 = DIRECTION('',(6.305496559635E-17,-4.941768411644E-18,-1.));
#4687 = PCURVE('',#4660,#4688);
#4688 = DEFINITIONAL_REPRESENTATION('',(#4689),#4693);
#4689 = LINE('',#4690,#4691);
#4690 = CARTESIAN_POINT('',(3.14159265359,0.));
#4691 = VECTOR('',#4692,1.);
#4692 = DIRECTION('',(0.,1.));
#4693 = ( GEOMETRIC_REPRESENTATION_CONTEXT(2) 
PARAMETRIC_REPRESENTATION_CONTEXT() REPRESENTATION_CONTEXT('2D SPACE',''
  ) );
#4694 = PCURVE('',#4695,#4700);
#4695 = CYLINDRICAL_SURFACE('',#4696,2.85);
#4696 = AXIS2_PLACEMENT_3D('',#4697,#4698,#4699);
#4697 = CARTESIAN_POINT('',(5.80362351725E-17,21.067457567811,-21.7));
#4698 = DIRECTION('',(6.305496559635E-17,-4.941768411644E-18,-1.));
#4699 = DIRECTION('',(-1.,-1.734723475977E-18,-6.305496559635E-17));
#4700 = DEFINITIONAL_REPRESENTATION('',(#4701),#4705);
#4701 = LINE('',#4702,#4703);
#4702 = CARTESIAN_POINT('',(3.14159265359,0.));
#4703 = VECTOR('',#4704,1.);
#4704 = DIRECTION('',(0.,1.));
#4705 = ( GEOMETRIC_REPRESENTATION_CONTEXT(2) 
PARAMETRIC_REPRESENTATION_CONTEXT() REPRESENTATION_CONTEXT('2D SPACE',''
  ) );
#4706 = ORIENTED_EDGE('',*,*,#4707,.T.);
#4707 = EDGE_CURVE('',#4680,#4708,#4710,.T.);
#4708 = VERTEX_POINT('',#4709);
#4709 = CARTESIAN_POINT('',(-2.85,21.067457567811,-26.2));
#4710 = SURFACE_CURVE('',#4711,(#4716,#4723),.PCURVE_S1.);
#4711 = CIRCLE('',#4712,2.85);
#4712 = AXIS2_PLACEMENT_3D('',#4713,#4714,#4715);
#4713 = CARTESIAN_POINT('',(3.417835803561E-16,21.067457567811,-26.2));
#4714 = DIRECTION('',(-6.305496559635E-17,4.941768411644E-18,1.));
#4715 = DIRECTION('',(1.,1.734723475977E-18,6.305496559635E-17));
#4716 = PCURVE('',#4660,#4717);
#4717 = DEFINITIONAL_REPRESENTATION('',(#4718),#4722);
#4718 = LINE('',#4719,#4720);
#4719 = CARTESIAN_POINT('',(3.14159265359,4.5));
#4720 = VECTOR('',#4721,1.);
#4721 = DIRECTION('',(-1.,0.));
#4722 = ( GEOMETRIC_REPRESENTATION_CONTEXT(2) 
PARAMETRIC_REPRESENTATION_CONTEXT() REPRESENTATION_CONTEXT('2D SPACE',''
  ) );
#4723 = PCURVE('',#3628,#4724);
#4724 = DEFINITIONAL_REPRESENTATION('',(#4725),#4729);
#4725 = CIRCLE('',#4726,2.85);
#4726 = AXIS2_PLACEMENT_2D('',#4727,#4728);
#4727 = CARTESIAN_POINT('',(0.,21.067457567811));
#4728 = DIRECTION('',(1.,0.));
#4729 = ( GEOMETRIC_REPRESENTATION_CONTEXT(2) 
PARAMETRIC_REPRESENTATION_CONTEXT() REPRESENTATION_CONTEXT('2D SPACE',''
  ) );
#4730 = ORIENTED_EDGE('',*,*,#4731,.F.);
#4731 = EDGE_CURVE('',#4651,#4708,#4732,.T.);
#4732 = SURFACE_CURVE('',#4733,(#4737,#4744),.PCURVE_S1.);
#4733 = LINE('',#4734,#4735);
#4734 = CARTESIAN_POINT('',(-2.85,21.067457567811,-21.7));
#4735 = VECTOR('',#4736,1.);
#4736 = DIRECTION('',(6.305496559635E-17,-4.941768411644E-18,-1.));
#4737 = PCURVE('',#4660,#4738);
#4738 = DEFINITIONAL_REPRESENTATION('',(#4739),#4743);
#4739 = LINE('',#4740,#4741);
#4740 = CARTESIAN_POINT('',(0.,0.));
#4741 = VECTOR('',#4742,1.);
#4742 = DIRECTION('',(0.,1.));
#4743 = ( GEOMETRIC_REPRESENTATION_CONTEXT(2) 
PARAMETRIC_REPRESENTATION_CONTEXT() REPRESENTATION_CONTEXT('2D SPACE',''
  ) );
#4744 = PCURVE('',#4695,#4745);
#4745 = DEFINITIONAL_REPRESENTATION('',(#4746),#4750);
#4746 = LINE('',#4747,#4748);
#4747 = CARTESIAN_POINT('',(6.28318530718,0.));
#4748 = VECTOR('',#4749,1.);
#4749 = DIRECTION('',(0.,1.));
#4750 = ( GEOMETRIC_REPRESENTATION_CONTEXT(2) 
PARAMETRIC_REPRESENTATION_CONTEXT() REPRESENTATION_CONTEXT('2D SPACE',''
  ) );
#4751 = ADVANCED_FACE('',(#4752),#4766,.F.);
#4752 = FACE_BOUND('',#4753,.F.);
#4753 = EDGE_LOOP('',(#4754,#4789,#4818,#4841));
#4754 = ORIENTED_EDGE('',*,*,#4755,.T.);
#4755 = EDGE_CURVE('',#4756,#4758,#4760,.T.);
#4756 = VERTEX_POINT('',#4757);
#4757 = CARTESIAN_POINT('',(6.5,-1.985743839951E-17,-26.5));
#4758 = VERTEX_POINT('',#4759);
#4759 = CARTESIAN_POINT('',(6.5,-1.837490787602E-17,-26.2));
#4760 = SURFACE_CURVE('',#4761,(#4765,#4777),.PCURVE_S1.);
#4761 = LINE('',#4762,#4763);
#4762 = CARTESIAN_POINT('',(6.5,-1.985743839951E-17,-26.5));
#4763 = VECTOR('',#4764,1.);
#4764 = DIRECTION('',(-6.305496559635E-17,4.941768411644E-18,1.));
#4765 = PCURVE('',#4766,#4771);
#4766 = CYLINDRICAL_SURFACE('',#4767,6.5);
#4767 = AXIS2_PLACEMENT_3D('',#4768,#4769,#4770);
#4768 = CARTESIAN_POINT('',(3.97246283257E-16,-3.113314099336E-17,-26.5)
  );
#4769 = DIRECTION('',(-6.305496559635E-17,4.941768411644E-18,1.));
#4770 = DIRECTION('',(1.,1.734723475977E-18,6.305496559635E-17));
#4771 = DEFINITIONAL_REPRESENTATION('',(#4772),#4776);
#4772 = LINE('',#4773,#4774);
#4773 = CARTESIAN_POINT('',(6.28318530718,0.));
#4774 = VECTOR('',#4775,1.);
#4775 = DIRECTION('',(0.,1.));
#4776 = ( GEOMETRIC_REPRESENTATION_CONTEXT(2) 
PARAMETRIC_REPRESENTATION_CONTEXT() REPRESENTATION_CONTEXT('2D SPACE',''
  ) );
#4777 = PCURVE('',#4778,#4783);
#4778 = CYLINDRICAL_SURFACE('',#4779,6.5);
#4779 = AXIS2_PLACEMENT_3D('',#4780,#4781,#4782);
#4780 = CARTESIAN_POINT('',(3.97246283257E-16,-3.113314099336E-17,-26.5)
  );
#4781 = DIRECTION('',(-6.305496559635E-17,4.941768411644E-18,1.));
#4782 = DIRECTION('',(1.,1.734723475977E-18,6.305496559635E-17));
#4783 = DEFINITIONAL_REPRESENTATION('',(#4784),#4788);
#4784 = LINE('',#4785,#4786);
#4785 = CARTESIAN_POINT('',(0.,0.));
#4786 = VECTOR('',#4787,1.);
#4787 = DIRECTION('',(0.,1.));
#4788 = ( GEOMETRIC_REPRESENTATION_CONTEXT(2) 
PARAMETRIC_REPRESENTATION_CONTEXT() REPRESENTATION_CONTEXT('2D SPACE',''
  ) );
#4789 = ORIENTED_EDGE('',*,*,#4790,.F.);
#4790 = EDGE_CURVE('',#4791,#4758,#4793,.T.);
#4791 = VERTEX_POINT('',#4792);
#4792 = CARTESIAN_POINT('',(-6.5,7.550941063821E-16,-26.2));
#4793 = SURFACE_CURVE('',#4794,(#4799,#4806),.PCURVE_S1.);
#4794 = CIRCLE('',#4795,6.5);
#4795 = AXIS2_PLACEMENT_3D('',#4796,#4797,#4798);
#4796 = CARTESIAN_POINT('',(3.783297935781E-16,-2.965061046986E-17,-26.2
    ));
#4797 = DIRECTION('',(-6.305496559635E-17,4.941768411644E-18,1.));
#4798 = DIRECTION('',(1.,1.734723475977E-18,6.305496559635E-17));
#4799 = PCURVE('',#4766,#4800);
#4800 = DEFINITIONAL_REPRESENTATION('',(#4801),#4805);
#4801 = LINE('',#4802,#4803);
#4802 = CARTESIAN_POINT('',(0.,0.3));
#4803 = VECTOR('',#4804,1.);
#4804 = DIRECTION('',(1.,0.));
#4805 = ( GEOMETRIC_REPRESENTATION_CONTEXT(2) 
PARAMETRIC_REPRESENTATION_CONTEXT() REPRESENTATION_CONTEXT('2D SPACE',''
  ) );
#4806 = PCURVE('',#4807,#4812);
#4807 = PLANE('',#4808);
#4808 = AXIS2_PLACEMENT_3D('',#4809,#4810,#4811);
#4809 = CARTESIAN_POINT('',(3.783297935781E-16,-2.965061046986E-17,-26.2
    ));
#4810 = DIRECTION('',(-6.305496559635E-17,4.941768411644E-18,1.));
#4811 = DIRECTION('',(1.,1.734723475977E-18,6.305496559635E-17));
#4812 = DEFINITIONAL_REPRESENTATION('',(#4813),#4817);
#4813 = CIRCLE('',#4814,6.5);
#4814 = AXIS2_PLACEMENT_2D('',#4815,#4816);
#4815 = CARTESIAN_POINT('',(0.,0.));
#4816 = DIRECTION('',(1.,0.));
#4817 = ( GEOMETRIC_REPRESENTATION_CONTEXT(2) 
PARAMETRIC_REPRESENTATION_CONTEXT() REPRESENTATION_CONTEXT('2D SPACE',''
  ) );
#4818 = ORIENTED_EDGE('',*,*,#4819,.F.);
#4819 = EDGE_CURVE('',#4820,#4791,#4822,.T.);
#4820 = VERTEX_POINT('',#4821);
#4821 = CARTESIAN_POINT('',(-6.5,7.536115758586E-16,-26.5));
#4822 = SURFACE_CURVE('',#4823,(#4827,#4834),.PCURVE_S1.);
#4823 = LINE('',#4824,#4825);
#4824 = CARTESIAN_POINT('',(-6.5,7.536115758586E-16,-26.5));
#4825 = VECTOR('',#4826,1.);
#4826 = DIRECTION('',(-6.305496559635E-17,4.941768411644E-18,1.));
#4827 = PCURVE('',#4766,#4828);
#4828 = DEFINITIONAL_REPRESENTATION('',(#4829),#4833);
#4829 = LINE('',#4830,#4831);
#4830 = CARTESIAN_POINT('',(3.14159265359,0.));
#4831 = VECTOR('',#4832,1.);
#4832 = DIRECTION('',(0.,1.));
#4833 = ( GEOMETRIC_REPRESENTATION_CONTEXT(2) 
PARAMETRIC_REPRESENTATION_CONTEXT() REPRESENTATION_CONTEXT('2D SPACE',''
  ) );
#4834 = PCURVE('',#4778,#4835);
#4835 = DEFINITIONAL_REPRESENTATION('',(#4836),#4840);
#4836 = LINE('',#4837,#4838);
#4837 = CARTESIAN_POINT('',(3.14159265359,0.));
#4838 = VECTOR('',#4839,1.);
#4839 = DIRECTION('',(0.,1.));
#4840 = ( GEOMETRIC_REPRESENTATION_CONTEXT(2) 
PARAMETRIC_REPRESENTATION_CONTEXT() REPRESENTATION_CONTEXT('2D SPACE',''
  ) );
#4841 = ORIENTED_EDGE('',*,*,#4842,.T.);
#4842 = EDGE_CURVE('',#4820,#4756,#4843,.T.);
#4843 = SURFACE_CURVE('',#4844,(#4849,#4856),.PCURVE_S1.);
#4844 = CIRCLE('',#4845,6.5);
#4845 = AXIS2_PLACEMENT_3D('',#4846,#4847,#4848);
#4846 = CARTESIAN_POINT('',(3.97246283257E-16,-3.113314099336E-17,-26.5)
  );
#4847 = DIRECTION('',(-6.305496559635E-17,4.941768411644E-18,1.));
#4848 = DIRECTION('',(1.,1.734723475977E-18,6.305496559635E-17));
#4849 = PCURVE('',#4766,#4850);
#4850 = DEFINITIONAL_REPRESENTATION('',(#4851),#4855);
#4851 = LINE('',#4852,#4853);
#4852 = CARTESIAN_POINT('',(0.,0.));
#4853 = VECTOR('',#4854,1.);
#4854 = DIRECTION('',(1.,0.));
#4855 = ( GEOMETRIC_REPRESENTATION_CONTEXT(2) 
PARAMETRIC_REPRESENTATION_CONTEXT() REPRESENTATION_CONTEXT('2D SPACE',''
  ) );
#4856 = PCURVE('',#4857,#4862);
#4857 = PLANE('',#4858);
#4858 = AXIS2_PLACEMENT_3D('',#4859,#4860,#4861);
#4859 = CARTESIAN_POINT('',(3.97246283257E-16,-3.113314099336E-17,-26.5)
  );
#4860 = DIRECTION('',(-6.305496559635E-17,4.941768411644E-18,1.));
#4861 = DIRECTION('',(1.,1.734723475977E-18,6.305496559635E-17));
#4862 = DEFINITIONAL_REPRESENTATION('',(#4863),#4867);
#4863 = CIRCLE('',#4864,6.5);
#4864 = AXIS2_PLACEMENT_2D('',#4865,#4866);
#4865 = CARTESIAN_POINT('',(0.,0.));
#4866 = DIRECTION('',(1.,0.));
#4867 = ( GEOMETRIC_REPRESENTATION_CONTEXT(2) 
PARAMETRIC_REPRESENTATION_CONTEXT() REPRESENTATION_CONTEXT('2D SPACE',''
  ) );
#4868 = ADVANCED_FACE('',(#4869),#4883,.F.);
#4869 = FACE_BOUND('',#4870,.F.);
#4870 = EDGE_LOOP('',(#4871,#4906,#4934,#4957));
#4871 = ORIENTED_EDGE('',*,*,#4872,.T.);
#4872 = EDGE_CURVE('',#4873,#4875,#4877,.T.);
#4873 = VERTEX_POINT('',#4874);
#4874 = CARTESIAN_POINT('',(-9.5,-1.647987302178E-17,-20.2));
#4875 = VERTEX_POINT('',#4876);
#4876 = CARTESIAN_POINT('',(-9.5,-4.613048349164E-17,-26.2));
#4877 = SURFACE_CURVE('',#4878,(#4882,#4894),.PCURVE_S1.);
#4878 = LINE('',#4879,#4880);
#4879 = CARTESIAN_POINT('',(-9.5,-1.647987302178E-17,-20.2));
#4880 = VECTOR('',#4881,1.);
#4881 = DIRECTION('',(6.305496559635E-17,-4.941768411644E-18,-1.));
#4882 = PCURVE('',#4883,#4888);
#4883 = CYLINDRICAL_SURFACE('',#4884,9.5);
#4884 = AXIS2_PLACEMENT_3D('',#4885,#4886,#4887);
#4885 = CARTESIAN_POINT('',(2.465190328816E-32,-3.543711097673E-32,-20.2
    ));
#4886 = DIRECTION('',(6.305496559635E-17,-4.941768411644E-18,-1.));
#4887 = DIRECTION('',(-1.,-1.734723475977E-18,-6.305496559635E-17));
#4888 = DEFINITIONAL_REPRESENTATION('',(#4889),#4893);
#4889 = LINE('',#4890,#4891);
#4890 = CARTESIAN_POINT('',(6.28318530718,0.));
#4891 = VECTOR('',#4892,1.);
#4892 = DIRECTION('',(0.,1.));
#4893 = ( GEOMETRIC_REPRESENTATION_CONTEXT(2) 
PARAMETRIC_REPRESENTATION_CONTEXT() REPRESENTATION_CONTEXT('2D SPACE',''
  ) );
#4894 = PCURVE('',#4895,#4900);
#4895 = CYLINDRICAL_SURFACE('',#4896,9.5);
#4896 = AXIS2_PLACEMENT_3D('',#4897,#4898,#4899);
#4897 = CARTESIAN_POINT('',(2.465190328816E-32,-3.543711097673E-32,-20.2
    ));
#4898 = DIRECTION('',(6.305496559635E-17,-4.941768411644E-18,-1.));
#4899 = DIRECTION('',(-1.,-1.734723475977E-18,-6.305496559635E-17));
#4900 = DEFINITIONAL_REPRESENTATION('',(#4901),#4905);
#4901 = LINE('',#4902,#4903);
#4902 = CARTESIAN_POINT('',(0.,0.));
#4903 = VECTOR('',#4904,1.);
#4904 = DIRECTION('',(0.,1.));
#4905 = ( GEOMETRIC_REPRESENTATION_CONTEXT(2) 
PARAMETRIC_REPRESENTATION_CONTEXT() REPRESENTATION_CONTEXT('2D SPACE',''
  ) );
#4906 = ORIENTED_EDGE('',*,*,#4907,.F.);
#4907 = EDGE_CURVE('',#4908,#4875,#4910,.T.);
#4908 = VERTEX_POINT('',#4909);
#4909 = CARTESIAN_POINT('',(9.5,1.150243721742E-15,-26.2));
#4910 = SURFACE_CURVE('',#4911,(#4916,#4923),.PCURVE_S1.);
#4911 = CIRCLE('',#4912,9.5);
#4912 = AXIS2_PLACEMENT_3D('',#4913,#4914,#4915);
#4913 = CARTESIAN_POINT('',(3.783297935781E-16,-2.965061046986E-17,-26.2
    ));
#4914 = DIRECTION('',(6.305496559635E-17,-4.941768411644E-18,-1.));
#4915 = DIRECTION('',(1.,1.734723475977E-18,6.305496559635E-17));
#4916 = PCURVE('',#4883,#4917);
#4917 = DEFINITIONAL_REPRESENTATION('',(#4918),#4922);
#4918 = LINE('',#4919,#4920);
#4919 = CARTESIAN_POINT('',(3.14159265359,6.));
#4920 = VECTOR('',#4921,1.);
#4921 = DIRECTION('',(1.,0.));
#4922 = ( GEOMETRIC_REPRESENTATION_CONTEXT(2) 
PARAMETRIC_REPRESENTATION_CONTEXT() REPRESENTATION_CONTEXT('2D SPACE',''
  ) );
#4923 = PCURVE('',#4807,#4924);
#4924 = DEFINITIONAL_REPRESENTATION('',(#4925),#4933);
#4925 = ( BOUNDED_CURVE() B_SPLINE_CURVE(2,(#4926,#4927,#4928,#4929,
#4930,#4931,#4932),.UNSPECIFIED.,.T.,.F.) B_SPLINE_CURVE_WITH_KNOTS((1,2
    ,2,2,2,1),(-2.094395102393,0.,2.094395102393,4.188790204786,
6.28318530718,8.377580409573),.UNSPECIFIED.) CURVE() 
GEOMETRIC_REPRESENTATION_ITEM() RATIONAL_B_SPLINE_CURVE((1.,0.5,1.,0.5,
1.,0.5,1.)) REPRESENTATION_ITEM('') );
#4926 = CARTESIAN_POINT('',(9.5,0.));
#4927 = CARTESIAN_POINT('',(9.5,-16.4544826719));
#4928 = CARTESIAN_POINT('',(-4.75,-8.227241335952));
#4929 = CARTESIAN_POINT('',(-19.,-2.32682891838E-15));
#4930 = CARTESIAN_POINT('',(-4.75,8.227241335952));
#4931 = CARTESIAN_POINT('',(9.5,16.454482671904));
#4932 = CARTESIAN_POINT('',(9.5,0.));
#4933 = ( GEOMETRIC_REPRESENTATION_CONTEXT(2) 
PARAMETRIC_REPRESENTATION_CONTEXT() REPRESENTATION_CONTEXT('2D SPACE',''
  ) );
#4934 = ORIENTED_EDGE('',*,*,#4935,.F.);
#4935 = EDGE_CURVE('',#4936,#4908,#4938,.T.);
#4936 = VERTEX_POINT('',#4937);
#4937 = CARTESIAN_POINT('',(9.5,1.179894332212E-15,-20.2));
#4938 = SURFACE_CURVE('',#4939,(#4943,#4950),.PCURVE_S1.);
#4939 = LINE('',#4940,#4941);
#4940 = CARTESIAN_POINT('',(9.5,1.179894332212E-15,-20.2));
#4941 = VECTOR('',#4942,1.);
#4942 = DIRECTION('',(6.305496559635E-17,-4.941768411644E-18,-1.));
#4943 = PCURVE('',#4883,#4944);
#4944 = DEFINITIONAL_REPRESENTATION('',(#4945),#4949);
#4945 = LINE('',#4946,#4947);
#4946 = CARTESIAN_POINT('',(3.14159265359,0.));
#4947 = VECTOR('',#4948,1.);
#4948 = DIRECTION('',(0.,1.));
#4949 = ( GEOMETRIC_REPRESENTATION_CONTEXT(2) 
PARAMETRIC_REPRESENTATION_CONTEXT() REPRESENTATION_CONTEXT('2D SPACE',''
  ) );
#4950 = PCURVE('',#4895,#4951);
#4951 = DEFINITIONAL_REPRESENTATION('',(#4952),#4956);
#4952 = LINE('',#4953,#4954);
#4953 = CARTESIAN_POINT('',(3.14159265359,0.));
#4954 = VECTOR('',#4955,1.);
#4955 = DIRECTION('',(0.,1.));
#4956 = ( GEOMETRIC_REPRESENTATION_CONTEXT(2) 
PARAMETRIC_REPRESENTATION_CONTEXT() REPRESENTATION_CONTEXT('2D SPACE',''
  ) );
#4957 = ORIENTED_EDGE('',*,*,#4958,.F.);
#4958 = EDGE_CURVE('',#4873,#4936,#4959,.T.);
#4959 = SURFACE_CURVE('',#4960,(#4965,#4972),.PCURVE_S1.);
#4960 = CIRCLE('',#4961,9.5);
#4961 = AXIS2_PLACEMENT_3D('',#4962,#4963,#4964);
#4962 = CARTESIAN_POINT('',(2.465190328816E-32,-3.543711097673E-32,-20.2
    ));
#4963 = DIRECTION('',(-6.305496559635E-17,4.941768411644E-18,1.));
#4964 = DIRECTION('',(1.,1.734723475977E-18,6.305496559635E-17));
#4965 = PCURVE('',#4883,#4966);
#4966 = DEFINITIONAL_REPRESENTATION('',(#4967),#4971);
#4967 = LINE('',#4968,#4969);
#4968 = CARTESIAN_POINT('',(9.424777960769,0.));
#4969 = VECTOR('',#4970,1.);
#4970 = DIRECTION('',(-1.,0.));
#4971 = ( GEOMETRIC_REPRESENTATION_CONTEXT(2) 
PARAMETRIC_REPRESENTATION_CONTEXT() REPRESENTATION_CONTEXT('2D SPACE',''
  ) );
#4972 = PCURVE('',#4973,#4978);
#4973 = PLANE('',#4974);
#4974 = AXIS2_PLACEMENT_3D('',#4975,#4976,#4977);
#4975 = CARTESIAN_POINT('',(2.465190328816E-32,-3.543711097673E-32,-20.2
    ));
#4976 = DIRECTION('',(-6.305496559635E-17,4.941768411644E-18,1.));
#4977 = DIRECTION('',(1.,1.734723475977E-18,6.305496559635E-17));
#4978 = DEFINITIONAL_REPRESENTATION('',(#4979),#4983);
#4979 = CIRCLE('',#4980,9.5);
#4980 = AXIS2_PLACEMENT_2D('',#4981,#4982);
#4981 = CARTESIAN_POINT('',(0.,0.));
#4982 = DIRECTION('',(1.,0.));
#4983 = ( GEOMETRIC_REPRESENTATION_CONTEXT(2) 
PARAMETRIC_REPRESENTATION_CONTEXT() REPRESENTATION_CONTEXT('2D SPACE',''
  ) );
#4984 = ADVANCED_FACE('',(#4985),#5000,.T.);
#4985 = FACE_BOUND('',#4986,.T.);
#4986 = EDGE_LOOP('',(#4987,#5018,#5039,#5061));
#4987 = ORIENTED_EDGE('',*,*,#4988,.F.);
#4988 = EDGE_CURVE('',#4989,#4991,#4993,.T.);
#4989 = VERTEX_POINT('',#4990);
#4990 = CARTESIAN_POINT('',(11.5,1.428293138993E-15,-20.2));
#4991 = VERTEX_POINT('',#4992);
#4992 = CARTESIAN_POINT('',(-11.5,-1.994931997373E-17,-20.2));
#4993 = SURFACE_CURVE('',#4994,(#4999,#5011),.PCURVE_S1.);
#4994 = CIRCLE('',#4995,11.5);
#4995 = AXIS2_PLACEMENT_3D('',#4996,#4997,#4998);
#4996 = CARTESIAN_POINT('',(2.465190328816E-32,-3.543711097673E-32,-20.2
    ));
#4997 = DIRECTION('',(-6.305496559635E-17,4.941768411644E-18,1.));
#4998 = DIRECTION('',(1.,1.734723475977E-18,6.305496559635E-17));
#4999 = PCURVE('',#5000,#5005);
#5000 = CYLINDRICAL_SURFACE('',#5001,11.5);
#5001 = AXIS2_PLACEMENT_3D('',#5002,#5003,#5004);
#5002 = CARTESIAN_POINT('',(2.465190328816E-32,-3.543711097673E-32,-20.2
    ));
#5003 = DIRECTION('',(6.305496559635E-17,-4.941768411644E-18,-1.));
#5004 = DIRECTION('',(-1.,-1.734723475977E-18,-6.305496559635E-17));
#5005 = DEFINITIONAL_REPRESENTATION('',(#5006),#5010);
#5006 = LINE('',#5007,#5008);
#5007 = CARTESIAN_POINT('',(3.14159265359,0.));
#5008 = VECTOR('',#5009,1.);
#5009 = DIRECTION('',(-1.,0.));
#5010 = ( GEOMETRIC_REPRESENTATION_CONTEXT(2) 
PARAMETRIC_REPRESENTATION_CONTEXT() REPRESENTATION_CONTEXT('2D SPACE',''
  ) );
#5011 = PCURVE('',#4973,#5012);
#5012 = DEFINITIONAL_REPRESENTATION('',(#5013),#5017);
#5013 = CIRCLE('',#5014,11.5);
#5014 = AXIS2_PLACEMENT_2D('',#5015,#5016);
#5015 = CARTESIAN_POINT('',(0.,0.));
#5016 = DIRECTION('',(1.,0.));
#5017 = ( GEOMETRIC_REPRESENTATION_CONTEXT(2) 
PARAMETRIC_REPRESENTATION_CONTEXT() REPRESENTATION_CONTEXT('2D SPACE',''
  ) );
#5018 = ORIENTED_EDGE('',*,*,#5019,.T.);
#5019 = EDGE_CURVE('',#4989,#3576,#5020,.T.);
#5020 = SURFACE_CURVE('',#5021,(#5025,#5032),.PCURVE_S1.);
#5021 = LINE('',#5022,#5023);
#5022 = CARTESIAN_POINT('',(11.5,1.428293138993E-15,-20.2));
#5023 = VECTOR('',#5024,1.);
#5024 = DIRECTION('',(6.305496559635E-17,-4.941768411644E-18,-1.));
#5025 = PCURVE('',#5000,#5026);
#5026 = DEFINITIONAL_REPRESENTATION('',(#5027),#5031);
#5027 = LINE('',#5028,#5029);
#5028 = CARTESIAN_POINT('',(3.14159265359,0.));
#5029 = VECTOR('',#5030,1.);
#5030 = DIRECTION('',(0.,1.));
#5031 = ( GEOMETRIC_REPRESENTATION_CONTEXT(2) 
PARAMETRIC_REPRESENTATION_CONTEXT() REPRESENTATION_CONTEXT('2D SPACE',''
  ) );
#5032 = PCURVE('',#3683,#5033);
#5033 = DEFINITIONAL_REPRESENTATION('',(#5034),#5038);
#5034 = LINE('',#5035,#5036);
#5035 = CARTESIAN_POINT('',(3.14159265359,0.));
#5036 = VECTOR('',#5037,1.);
#5037 = DIRECTION('',(0.,1.));
#5038 = ( GEOMETRIC_REPRESENTATION_CONTEXT(2) 
PARAMETRIC_REPRESENTATION_CONTEXT() REPRESENTATION_CONTEXT('2D SPACE',''
  ) );
#5039 = ORIENTED_EDGE('',*,*,#5040,.T.);
#5040 = EDGE_CURVE('',#3576,#3645,#5041,.T.);
#5041 = SURFACE_CURVE('',#5042,(#5047,#5054),.PCURVE_S1.);
#5042 = CIRCLE('',#5043,11.5);
#5043 = AXIS2_PLACEMENT_3D('',#5044,#5045,#5046);
#5044 = CARTESIAN_POINT('',(3.152748279817E-16,-2.470884205822E-17,-25.2
    ));
#5045 = DIRECTION('',(-6.305496559635E-17,4.941768411644E-18,1.));
#5046 = DIRECTION('',(1.,1.734723475977E-18,6.305496559635E-17));
#5047 = PCURVE('',#5000,#5048);
#5048 = DEFINITIONAL_REPRESENTATION('',(#5049),#5053);
#5049 = LINE('',#5050,#5051);
#5050 = CARTESIAN_POINT('',(3.14159265359,5.));
#5051 = VECTOR('',#5052,1.);
#5052 = DIRECTION('',(-1.,0.));
#5053 = ( GEOMETRIC_REPRESENTATION_CONTEXT(2) 
PARAMETRIC_REPRESENTATION_CONTEXT() REPRESENTATION_CONTEXT('2D SPACE',''
  ) );
#5054 = PCURVE('',#3599,#5055);
#5055 = DEFINITIONAL_REPRESENTATION('',(#5056),#5060);
#5056 = LINE('',#5057,#5058);
#5057 = CARTESIAN_POINT('',(0.,3.14159265359));
#5058 = VECTOR('',#5059,1.);
#5059 = DIRECTION('',(1.,0.));
#5060 = ( GEOMETRIC_REPRESENTATION_CONTEXT(2) 
PARAMETRIC_REPRESENTATION_CONTEXT() REPRESENTATION_CONTEXT('2D SPACE',''
  ) );
#5061 = ORIENTED_EDGE('',*,*,#5062,.F.);
#5062 = EDGE_CURVE('',#4991,#3645,#5063,.T.);
#5063 = SURFACE_CURVE('',#5064,(#5068,#5075),.PCURVE_S1.);
#5064 = LINE('',#5065,#5066);
#5065 = CARTESIAN_POINT('',(-11.5,-1.994931997373E-17,-20.2));
#5066 = VECTOR('',#5067,1.);
#5067 = DIRECTION('',(6.305496559635E-17,-4.941768411644E-18,-1.));
#5068 = PCURVE('',#5000,#5069);
#5069 = DEFINITIONAL_REPRESENTATION('',(#5070),#5074);
#5070 = LINE('',#5071,#5072);
#5071 = CARTESIAN_POINT('',(0.,0.));
#5072 = VECTOR('',#5073,1.);
#5073 = DIRECTION('',(0.,1.));
#5074 = ( GEOMETRIC_REPRESENTATION_CONTEXT(2) 
PARAMETRIC_REPRESENTATION_CONTEXT() REPRESENTATION_CONTEXT('2D SPACE',''
  ) );
#5075 = PCURVE('',#3683,#5076);
#5076 = DEFINITIONAL_REPRESENTATION('',(#5077),#5081);
#5077 = LINE('',#5078,#5079);
#5078 = CARTESIAN_POINT('',(6.28318530718,0.));
#5079 = VECTOR('',#5080,1.);
#5080 = DIRECTION('',(0.,1.));
#5081 = ( GEOMETRIC_REPRESENTATION_CONTEXT(2) 
PARAMETRIC_REPRESENTATION_CONTEXT() REPRESENTATION_CONTEXT('2D SPACE',''
  ) );
#5082 = ADVANCED_FACE('',(#5083),#5098,.T.);
#5083 = FACE_BOUND('',#5084,.T.);
#5084 = EDGE_LOOP('',(#5085,#5121,#5149,#5173,#5196,#5225,#5253,#5277,
    #5305,#5334,#5362,#5386,#5414,#5443,#5471,#5495,#5523,#5552,#5580,
    #5604));
#5085 = ORIENTED_EDGE('',*,*,#5086,.T.);
#5086 = EDGE_CURVE('',#5087,#5089,#5091,.T.);
#5087 = VERTEX_POINT('',#5088);
#5088 = CARTESIAN_POINT('',(-37.52058494027,13.863827239978,-19.7));
#5089 = VERTEX_POINT('',#5090);
#5090 = CARTESIAN_POINT('',(-40.,-6.691805483325E-17,-19.7));
#5091 = SURFACE_CURVE('',#5092,(#5097,#5109),.PCURVE_S1.);
#5092 = CIRCLE('',#5093,40.);
#5093 = AXIS2_PLACEMENT_3D('',#5094,#5095,#5096);
#5094 = CARTESIAN_POINT('',(-3.152748279817E-17,2.470884205822E-18,-19.7
    ));
#5095 = DIRECTION('',(-6.305496559635E-17,4.941768411644E-18,1.));
#5096 = DIRECTION('',(-1.,7.103692634125E-15,-6.305496559635E-17));
#5097 = PCURVE('',#5098,#5103);
#5098 = CYLINDRICAL_SURFACE('',#5099,40.);
#5099 = AXIS2_PLACEMENT_3D('',#5100,#5101,#5102);
#5100 = CARTESIAN_POINT('',(2.465190328816E-31,-5.238529448733E-32,-20.2
    ));
#5101 = DIRECTION('',(-6.305496559635E-17,4.941768411644E-18,1.));
#5102 = DIRECTION('',(1.,1.734723475977E-18,6.305496559635E-17));
#5103 = DEFINITIONAL_REPRESENTATION('',(#5104),#5108);
#5104 = LINE('',#5105,#5106);
#5105 = CARTESIAN_POINT('',(-3.14159265359,0.5));
#5106 = VECTOR('',#5107,1.);
#5107 = DIRECTION('',(1.,0.));
#5108 = ( GEOMETRIC_REPRESENTATION_CONTEXT(2) 
PARAMETRIC_REPRESENTATION_CONTEXT() REPRESENTATION_CONTEXT('2D SPACE',''
  ) );
#5109 = PCURVE('',#5110,#5115);
#5110 = TOROIDAL_SURFACE('',#5111,39.5,0.5);
#5111 = AXIS2_PLACEMENT_3D('',#5112,#5113,#5114);
#5112 = CARTESIAN_POINT('',(-3.152748279817E-17,2.470884205822E-18,-19.7
    ));
#5113 = DIRECTION('',(6.305496559635E-17,-4.941768411644E-18,-1.));
#5114 = DIRECTION('',(-1.,-1.734723475977E-18,-6.305496559635E-17));
#5115 = DEFINITIONAL_REPRESENTATION('',(#5116),#5120);
#5116 = LINE('',#5117,#5118);
#5117 = CARTESIAN_POINT('',(6.28318530718,0.));
#5118 = VECTOR('',#5119,1.);
#5119 = DIRECTION('',(-1.,0.));
#5120 = ( GEOMETRIC_REPRESENTATION_CONTEXT(2) 
PARAMETRIC_REPRESENTATION_CONTEXT() REPRESENTATION_CONTEXT('2D SPACE',''
  ) );
#5121 = ORIENTED_EDGE('',*,*,#5122,.T.);
#5122 = EDGE_CURVE('',#5089,#5123,#5125,.T.);
#5123 = VERTEX_POINT('',#5124);
#5124 = CARTESIAN_POINT('',(-40.,4.839081794374E-15,-18.2));
#5125 = SURFACE_CURVE('',#5126,(#5130,#5137),.PCURVE_S1.);
#5126 = LINE('',#5127,#5128);
#5127 = CARTESIAN_POINT('',(-40.,4.82919825755E-15,-20.2));
#5128 = VECTOR('',#5129,1.);
#5129 = DIRECTION('',(-6.305496559635E-17,4.941768411644E-18,1.));
#5130 = PCURVE('',#5098,#5131);
#5131 = DEFINITIONAL_REPRESENTATION('',(#5132),#5136);
#5132 = LINE('',#5133,#5134);
#5133 = CARTESIAN_POINT('',(3.14159265359,0.));
#5134 = VECTOR('',#5135,1.);
#5135 = DIRECTION('',(0.,1.));
#5136 = ( GEOMETRIC_REPRESENTATION_CONTEXT(2) 
PARAMETRIC_REPRESENTATION_CONTEXT() REPRESENTATION_CONTEXT('2D SPACE',''
  ) );
#5137 = PCURVE('',#5138,#5143);
#5138 = CYLINDRICAL_SURFACE('',#5139,40.);
#5139 = AXIS2_PLACEMENT_3D('',#5140,#5141,#5142);
#5140 = CARTESIAN_POINT('',(2.465190328816E-31,-5.238529448733E-32,-20.2
    ));
#5141 = DIRECTION('',(-6.305496559635E-17,4.941768411644E-18,1.));
#5142 = DIRECTION('',(1.,1.734723475977E-18,6.305496559635E-17));
#5143 = DEFINITIONAL_REPRESENTATION('',(#5144),#5148);
#5144 = LINE('',#5145,#5146);
#5145 = CARTESIAN_POINT('',(3.14159265359,0.));
#5146 = VECTOR('',#5147,1.);
#5147 = DIRECTION('',(0.,1.));
#5148 = ( GEOMETRIC_REPRESENTATION_CONTEXT(2) 
PARAMETRIC_REPRESENTATION_CONTEXT() REPRESENTATION_CONTEXT('2D SPACE',''
  ) );
#5149 = ORIENTED_EDGE('',*,*,#5150,.T.);
#5150 = EDGE_CURVE('',#5123,#5151,#5153,.T.);
#5151 = VERTEX_POINT('',#5152);
#5152 = CARTESIAN_POINT('',(40.,7.927247586236E-17,-18.2));
#5153 = SURFACE_CURVE('',#5154,(#5159,#5166),.PCURVE_S1.);
#5154 = CIRCLE('',#5155,40.);
#5155 = AXIS2_PLACEMENT_3D('',#5156,#5157,#5158);
#5156 = CARTESIAN_POINT('',(-1.261099311927E-16,9.883536823288E-18,-18.2
    ));
#5157 = DIRECTION('',(6.305496559635E-17,-4.941768411644E-18,-1.));
#5158 = DIRECTION('',(-1.,-1.734723475977E-18,-6.305496559635E-17));
#5159 = PCURVE('',#5098,#5160);
#5160 = DEFINITIONAL_REPRESENTATION('',(#5161),#5165);
#5161 = LINE('',#5162,#5163);
#5162 = CARTESIAN_POINT('',(3.14159265359,2.));
#5163 = VECTOR('',#5164,1.);
#5164 = DIRECTION('',(-1.,0.));
#5165 = ( GEOMETRIC_REPRESENTATION_CONTEXT(2) 
PARAMETRIC_REPRESENTATION_CONTEXT() REPRESENTATION_CONTEXT('2D SPACE',''
  ) );
#5166 = PCURVE('',#123,#5167);
#5167 = DEFINITIONAL_REPRESENTATION('',(#5168),#5172);
#5168 = CIRCLE('',#5169,40.);
#5169 = AXIS2_PLACEMENT_2D('',#5170,#5171);
#5170 = CARTESIAN_POINT('',(0.,0.));
#5171 = DIRECTION('',(1.,0.));
#5172 = ( GEOMETRIC_REPRESENTATION_CONTEXT(2) 
PARAMETRIC_REPRESENTATION_CONTEXT() REPRESENTATION_CONTEXT('2D SPACE',''
  ) );
#5173 = ORIENTED_EDGE('',*,*,#5174,.F.);
#5174 = EDGE_CURVE('',#5175,#5151,#5177,.T.);
#5175 = VERTEX_POINT('',#5176);
#5176 = CARTESIAN_POINT('',(40.,7.185982324489E-17,-19.7));
#5177 = SURFACE_CURVE('',#5178,(#5182,#5189),.PCURVE_S1.);
#5178 = LINE('',#5179,#5180);
#5179 = CARTESIAN_POINT('',(40.,6.938893903907E-17,-20.2));
#5180 = VECTOR('',#5181,1.);
#5181 = DIRECTION('',(-6.305496559635E-17,4.941768411644E-18,1.));
#5182 = PCURVE('',#5098,#5183);
#5183 = DEFINITIONAL_REPRESENTATION('',(#5184),#5188);
#5184 = LINE('',#5185,#5186);
#5185 = CARTESIAN_POINT('',(0.,0.));
#5186 = VECTOR('',#5187,1.);
#5187 = DIRECTION('',(0.,1.));
#5188 = ( GEOMETRIC_REPRESENTATION_CONTEXT(2) 
PARAMETRIC_REPRESENTATION_CONTEXT() REPRESENTATION_CONTEXT('2D SPACE',''
  ) );
#5189 = PCURVE('',#5138,#5190);
#5190 = DEFINITIONAL_REPRESENTATION('',(#5191),#5195);
#5191 = LINE('',#5192,#5193);
#5192 = CARTESIAN_POINT('',(6.28318530718,0.));
#5193 = VECTOR('',#5194,1.);
#5194 = DIRECTION('',(0.,1.));
#5195 = ( GEOMETRIC_REPRESENTATION_CONTEXT(2) 
PARAMETRIC_REPRESENTATION_CONTEXT() REPRESENTATION_CONTEXT('2D SPACE',''
  ) );
#5196 = ORIENTED_EDGE('',*,*,#5197,.T.);
#5197 = EDGE_CURVE('',#5175,#5198,#5200,.T.);
#5198 = VERTEX_POINT('',#5199);
#5199 = CARTESIAN_POINT('',(37.52058494027,13.863827239979,-19.7));
#5200 = SURFACE_CURVE('',#5201,(#5206,#5213),.PCURVE_S1.);
#5201 = CIRCLE('',#5202,40.);
#5202 = AXIS2_PLACEMENT_3D('',#5203,#5204,#5205);
#5203 = CARTESIAN_POINT('',(-3.152748279817E-17,2.470884205822E-18,-19.7
    ));
#5204 = DIRECTION('',(-6.305496559635E-17,4.941768411644E-18,1.));
#5205 = DIRECTION('',(-1.,-1.734723475977E-18,-6.305496559635E-17));
#5206 = PCURVE('',#5098,#5207);
#5207 = DEFINITIONAL_REPRESENTATION('',(#5208),#5212);
#5208 = LINE('',#5209,#5210);
#5209 = CARTESIAN_POINT('',(-3.14159265359,0.5));
#5210 = VECTOR('',#5211,1.);
#5211 = DIRECTION('',(1.,0.));
#5212 = ( GEOMETRIC_REPRESENTATION_CONTEXT(2) 
PARAMETRIC_REPRESENTATION_CONTEXT() REPRESENTATION_CONTEXT('2D SPACE',''
  ) );
#5213 = PCURVE('',#5214,#5219);
#5214 = TOROIDAL_SURFACE('',#5215,39.5,0.5);
#5215 = AXIS2_PLACEMENT_3D('',#5216,#5217,#5218);
#5216 = CARTESIAN_POINT('',(-3.152748279817E-17,2.470884205822E-18,-19.7
    ));
#5217 = DIRECTION('',(6.305496559635E-17,-4.941768411644E-18,-1.));
#5218 = DIRECTION('',(-1.,-1.734723475977E-18,-6.305496559635E-17));
#5219 = DEFINITIONAL_REPRESENTATION('',(#5220),#5224);
#5220 = LINE('',#5221,#5222);
#5221 = CARTESIAN_POINT('',(6.28318530718,0.));
#5222 = VECTOR('',#5223,1.);
#5223 = DIRECTION('',(-1.,0.));
#5224 = ( GEOMETRIC_REPRESENTATION_CONTEXT(2) 
PARAMETRIC_REPRESENTATION_CONTEXT() REPRESENTATION_CONTEXT('2D SPACE',''
  ) );
#5225 = ORIENTED_EDGE('',*,*,#5226,.T.);
#5226 = EDGE_CURVE('',#5198,#5227,#5229,.T.);
#5227 = VERTEX_POINT('',#5228);
#5228 = CARTESIAN_POINT('',(37.52058494027,13.863827239979,-18.7));
#5229 = SURFACE_CURVE('',#5230,(#5234,#5241),.PCURVE_S1.);
#5230 = LINE('',#5231,#5232);
#5231 = CARTESIAN_POINT('',(37.52058494027,13.863827239979,-20.2));
#5232 = VECTOR('',#5233,1.);
#5233 = DIRECTION('',(-6.305496559635E-17,4.941768411644E-18,1.));
#5234 = PCURVE('',#5098,#5235);
#5235 = DEFINITIONAL_REPRESENTATION('',(#5236),#5240);
#5236 = LINE('',#5237,#5238);
#5237 = CARTESIAN_POINT('',(0.353939377549,0.));
#5238 = VECTOR('',#5239,1.);
#5239 = DIRECTION('',(0.,1.));
#5240 = ( GEOMETRIC_REPRESENTATION_CONTEXT(2) 
PARAMETRIC_REPRESENTATION_CONTEXT() REPRESENTATION_CONTEXT('2D SPACE',''
  ) );
#5241 = PCURVE('',#5242,#5247);
#5242 = PLANE('',#5243);
#5243 = AXIS2_PLACEMENT_3D('',#5244,#5245,#5246);
#5244 = CARTESIAN_POINT('',(38.934159919384,14.449349167759,-18.7));
#5245 = DIRECTION('',(0.382683432365,-0.923879532511,2.8695689352E-17));
#5246 = DIRECTION('',(-0.923879532511,-0.382683432365,
    -5.636405923995E-17));
#5247 = DEFINITIONAL_REPRESENTATION('',(#5248),#5252);
#5248 = LINE('',#5249,#5250);
#5249 = CARTESIAN_POINT('',(1.530042531922,1.5));
#5250 = VECTOR('',#5251,1.);
#5251 = DIRECTION('',(0.,-1.));
#5252 = ( GEOMETRIC_REPRESENTATION_CONTEXT(2) 
PARAMETRIC_REPRESENTATION_CONTEXT() REPRESENTATION_CONTEXT('2D SPACE',''
  ) );
#5253 = ORIENTED_EDGE('',*,*,#5254,.F.);
#5254 = EDGE_CURVE('',#5255,#5227,#5257,.T.);
#5255 = VERTEX_POINT('',#5256);
#5256 = CARTESIAN_POINT('',(36.334266299938,16.727853790764,-18.7));
#5257 = SURFACE_CURVE('',#5258,(#5263,#5270),.PCURVE_S1.);
#5258 = CIRCLE('',#5259,40.);
#5259 = AXIS2_PLACEMENT_3D('',#5260,#5261,#5262);
#5260 = CARTESIAN_POINT('',(-9.458244839452E-17,7.412652617466E-18,-18.7
    ));
#5261 = DIRECTION('',(6.305496559635E-17,-4.941768411644E-18,-1.));
#5262 = DIRECTION('',(-1.047617874001E-14,1.,-4.941768411645E-18));
#5263 = PCURVE('',#5098,#5264);
#5264 = DEFINITIONAL_REPRESENTATION('',(#5265),#5269);
#5265 = LINE('',#5266,#5267);
#5266 = CARTESIAN_POINT('',(1.570796326795,1.5));
#5267 = VECTOR('',#5268,1.);
#5268 = DIRECTION('',(-1.,0.));
#5269 = ( GEOMETRIC_REPRESENTATION_CONTEXT(2) 
PARAMETRIC_REPRESENTATION_CONTEXT() REPRESENTATION_CONTEXT('2D SPACE',''
  ) );
#5270 = PCURVE('',#190,#5271);
#5271 = DEFINITIONAL_REPRESENTATION('',(#5272),#5276);
#5272 = CIRCLE('',#5273,40.);
#5273 = AXIS2_PLACEMENT_2D('',#5274,#5275);
#5274 = CARTESIAN_POINT('',(-15.88136244315,-38.34100059921));
#5275 = DIRECTION('',(1.,0.));
#5276 = ( GEOMETRIC_REPRESENTATION_CONTEXT(2) 
PARAMETRIC_REPRESENTATION_CONTEXT() REPRESENTATION_CONTEXT('2D SPACE',''
  ) );
#5277 = ORIENTED_EDGE('',*,*,#5278,.T.);
#5278 = EDGE_CURVE('',#5255,#5279,#5281,.T.);
#5279 = VERTEX_POINT('',#5280);
#5280 = CARTESIAN_POINT('',(36.334266299938,16.727853790764,-19.7));
#5281 = SURFACE_CURVE('',#5282,(#5286,#5293),.PCURVE_S1.);
#5282 = LINE('',#5283,#5284);
#5283 = CARTESIAN_POINT('',(36.334266299938,16.727853790764,-20.2));
#5284 = VECTOR('',#5285,1.);
#5285 = DIRECTION('',(6.305496559635E-17,-4.941768411644E-18,-1.));
#5286 = PCURVE('',#5098,#5287);
#5287 = DEFINITIONAL_REPRESENTATION('',(#5288),#5292);
#5288 = LINE('',#5289,#5290);
#5289 = CARTESIAN_POINT('',(0.431458785848,0.));
#5290 = VECTOR('',#5291,1.);
#5291 = DIRECTION('',(0.,-1.));
#5292 = ( GEOMETRIC_REPRESENTATION_CONTEXT(2) 
PARAMETRIC_REPRESENTATION_CONTEXT() REPRESENTATION_CONTEXT('2D SPACE',''
  ) );
#5293 = PCURVE('',#5294,#5299);
#5294 = PLANE('',#5295);
#5295 = AXIS2_PLACEMENT_3D('',#5296,#5297,#5298);
#5296 = CARTESIAN_POINT('',(37.747841279052,17.313375718544,-18.7));
#5297 = DIRECTION('',(-0.382683432365,0.923879532511,-2.8695689352E-17)
  );
#5298 = DIRECTION('',(0.923879532511,0.382683432365,5.636405923995E-17)
  );
#5299 = DEFINITIONAL_REPRESENTATION('',(#5300),#5304);
#5300 = LINE('',#5301,#5302);
#5301 = CARTESIAN_POINT('',(-1.530042531922,1.5));
#5302 = VECTOR('',#5303,1.);
#5303 = DIRECTION('',(0.,1.));
#5304 = ( GEOMETRIC_REPRESENTATION_CONTEXT(2) 
PARAMETRIC_REPRESENTATION_CONTEXT() REPRESENTATION_CONTEXT('2D SPACE',''
  ) );
#5305 = ORIENTED_EDGE('',*,*,#5306,.T.);
#5306 = EDGE_CURVE('',#5279,#5307,#5309,.T.);
#5307 = VERTEX_POINT('',#5308);
#5308 = CARTESIAN_POINT('',(16.727853790763,36.334266299939,-19.7));
#5309 = SURFACE_CURVE('',#5310,(#5315,#5322),.PCURVE_S1.);
#5310 = CIRCLE('',#5311,40.);
#5311 = AXIS2_PLACEMENT_3D('',#5312,#5313,#5314);
#5312 = CARTESIAN_POINT('',(-3.152748279817E-17,2.470884205822E-18,-19.7
    ));
#5313 = DIRECTION('',(-6.305496559635E-17,4.941768411644E-18,1.));
#5314 = DIRECTION('',(-1.,-1.734723475977E-18,-6.305496559635E-17));
#5315 = PCURVE('',#5098,#5316);
#5316 = DEFINITIONAL_REPRESENTATION('',(#5317),#5321);
#5317 = LINE('',#5318,#5319);
#5318 = CARTESIAN_POINT('',(-3.14159265359,0.5));
#5319 = VECTOR('',#5320,1.);
#5320 = DIRECTION('',(1.,0.));
#5321 = ( GEOMETRIC_REPRESENTATION_CONTEXT(2) 
PARAMETRIC_REPRESENTATION_CONTEXT() REPRESENTATION_CONTEXT('2D SPACE',''
  ) );
#5322 = PCURVE('',#5323,#5328);
#5323 = TOROIDAL_SURFACE('',#5324,39.5,0.5);
#5324 = AXIS2_PLACEMENT_3D('',#5325,#5326,#5327);
#5325 = CARTESIAN_POINT('',(-3.152748279817E-17,2.470884205822E-18,-19.7
    ));
#5326 = DIRECTION('',(6.305496559635E-17,-4.941768411644E-18,-1.));
#5327 = DIRECTION('',(-1.,-1.734723475977E-18,-6.305496559635E-17));
#5328 = DEFINITIONAL_REPRESENTATION('',(#5329),#5333);
#5329 = LINE('',#5330,#5331);
#5330 = CARTESIAN_POINT('',(6.28318530718,0.));
#5331 = VECTOR('',#5332,1.);
#5332 = DIRECTION('',(-1.,0.));
#5333 = ( GEOMETRIC_REPRESENTATION_CONTEXT(2) 
PARAMETRIC_REPRESENTATION_CONTEXT() REPRESENTATION_CONTEXT('2D SPACE',''
  ) );
#5334 = ORIENTED_EDGE('',*,*,#5335,.T.);
#5335 = EDGE_CURVE('',#5307,#5336,#5338,.T.);
#5336 = VERTEX_POINT('',#5337);
#5337 = CARTESIAN_POINT('',(16.727853790763,36.334266299939,-18.7));
#5338 = SURFACE_CURVE('',#5339,(#5343,#5350),.PCURVE_S1.);
#5339 = LINE('',#5340,#5341);
#5340 = CARTESIAN_POINT('',(16.727853790763,36.334266299939,-20.2));
#5341 = VECTOR('',#5342,1.);
#5342 = DIRECTION('',(-6.305496559635E-17,4.941768411644E-18,1.));
#5343 = PCURVE('',#5098,#5344);
#5344 = DEFINITIONAL_REPRESENTATION('',(#5345),#5349);
#5345 = LINE('',#5346,#5347);
#5346 = CARTESIAN_POINT('',(1.139337540946,0.));
#5347 = VECTOR('',#5348,1.);
#5348 = DIRECTION('',(0.,1.));
#5349 = ( GEOMETRIC_REPRESENTATION_CONTEXT(2) 
PARAMETRIC_REPRESENTATION_CONTEXT() REPRESENTATION_CONTEXT('2D SPACE',''
  ) );
#5350 = PCURVE('',#5351,#5356);
#5351 = PLANE('',#5352);
#5352 = AXIS2_PLACEMENT_3D('',#5353,#5354,#5355);
#5353 = CARTESIAN_POINT('',(17.313375718543,37.747841279053,-18.7));
#5354 = DIRECTION('',(0.923879532511,-0.382683432365,6.014632503539E-17)
  );
#5355 = DIRECTION('',(-0.382683432365,-0.923879532511,
    -1.956449197214E-17));
#5356 = DEFINITIONAL_REPRESENTATION('',(#5357),#5361);
#5357 = LINE('',#5358,#5359);
#5358 = CARTESIAN_POINT('',(1.530042531922,1.5));
#5359 = VECTOR('',#5360,1.);
#5360 = DIRECTION('',(0.,-1.));
#5361 = ( GEOMETRIC_REPRESENTATION_CONTEXT(2) 
PARAMETRIC_REPRESENTATION_CONTEXT() REPRESENTATION_CONTEXT('2D SPACE',''
  ) );
#5362 = ORIENTED_EDGE('',*,*,#5363,.F.);
#5363 = EDGE_CURVE('',#5364,#5336,#5366,.T.);
#5364 = VERTEX_POINT('',#5365);
#5365 = CARTESIAN_POINT('',(13.863827239978,37.52058494027,-18.7));
#5366 = SURFACE_CURVE('',#5367,(#5372,#5379),.PCURVE_S1.);
#5367 = CIRCLE('',#5368,40.);
#5368 = AXIS2_PLACEMENT_3D('',#5369,#5370,#5371);
#5369 = CARTESIAN_POINT('',(-9.458244839452E-17,7.412652617466E-18,-18.7
    ));
#5370 = DIRECTION('',(6.305496559635E-17,-4.941768411644E-18,-1.));
#5371 = DIRECTION('',(-0.707106781187,0.707106781187,-4.808095171559E-17
    ));
#5372 = PCURVE('',#5098,#5373);
#5373 = DEFINITIONAL_REPRESENTATION('',(#5374),#5378);
#5374 = LINE('',#5375,#5376);
#5375 = CARTESIAN_POINT('',(2.356194490192,1.5));
#5376 = VECTOR('',#5377,1.);
#5377 = DIRECTION('',(-1.,0.));
#5378 = ( GEOMETRIC_REPRESENTATION_CONTEXT(2) 
PARAMETRIC_REPRESENTATION_CONTEXT() REPRESENTATION_CONTEXT('2D SPACE',''
  ) );
#5379 = PCURVE('',#73,#5380);
#5380 = DEFINITIONAL_REPRESENTATION('',(#5381),#5385);
#5381 = CIRCLE('',#5382,40.);
#5382 = AXIS2_PLACEMENT_2D('',#5383,#5384);
#5383 = CARTESIAN_POINT('',(-15.88136244315,-38.34100059921));
#5384 = DIRECTION('',(1.,0.));
#5385 = ( GEOMETRIC_REPRESENTATION_CONTEXT(2) 
PARAMETRIC_REPRESENTATION_CONTEXT() REPRESENTATION_CONTEXT('2D SPACE',''
  ) );
#5386 = ORIENTED_EDGE('',*,*,#5387,.T.);
#5387 = EDGE_CURVE('',#5364,#5388,#5390,.T.);
#5388 = VERTEX_POINT('',#5389);
#5389 = CARTESIAN_POINT('',(13.863827239978,37.52058494027,-19.7));
#5390 = SURFACE_CURVE('',#5391,(#5395,#5402),.PCURVE_S1.);
#5391 = LINE('',#5392,#5393);
#5392 = CARTESIAN_POINT('',(13.863827239978,37.52058494027,-20.2));
#5393 = VECTOR('',#5394,1.);
#5394 = DIRECTION('',(6.305496559635E-17,-4.941768411644E-18,-1.));
#5395 = PCURVE('',#5098,#5396);
#5396 = DEFINITIONAL_REPRESENTATION('',(#5397),#5401);
#5397 = LINE('',#5398,#5399);
#5398 = CARTESIAN_POINT('',(1.216856949246,0.));
#5399 = VECTOR('',#5400,1.);
#5400 = DIRECTION('',(0.,-1.));
#5401 = ( GEOMETRIC_REPRESENTATION_CONTEXT(2) 
PARAMETRIC_REPRESENTATION_CONTEXT() REPRESENTATION_CONTEXT('2D SPACE',''
  ) );
#5402 = PCURVE('',#5403,#5408);
#5403 = PLANE('',#5404);
#5404 = AXIS2_PLACEMENT_3D('',#5405,#5406,#5407);
#5405 = CARTESIAN_POINT('',(14.449349167758,38.934159919384,-18.7));
#5406 = DIRECTION('',(-0.923879532511,0.382683432365,-6.014632503539E-17
    ));
#5407 = DIRECTION('',(0.382683432365,0.923879532511,1.956449197214E-17)
  );
#5408 = DEFINITIONAL_REPRESENTATION('',(#5409),#5413);
#5409 = LINE('',#5410,#5411);
#5410 = CARTESIAN_POINT('',(-1.530042531922,1.5));
#5411 = VECTOR('',#5412,1.);
#5412 = DIRECTION('',(0.,1.));
#5413 = ( GEOMETRIC_REPRESENTATION_CONTEXT(2) 
PARAMETRIC_REPRESENTATION_CONTEXT() REPRESENTATION_CONTEXT('2D SPACE',''
  ) );
#5414 = ORIENTED_EDGE('',*,*,#5415,.T.);
#5415 = EDGE_CURVE('',#5388,#5416,#5418,.T.);
#5416 = VERTEX_POINT('',#5417);
#5417 = CARTESIAN_POINT('',(-13.86382723997,37.52058494027,-19.7));
#5418 = SURFACE_CURVE('',#5419,(#5424,#5431),.PCURVE_S1.);
#5419 = CIRCLE('',#5420,40.);
#5420 = AXIS2_PLACEMENT_3D('',#5421,#5422,#5423);
#5421 = CARTESIAN_POINT('',(-3.152748279817E-17,2.470884205822E-18,-19.7
    ));
#5422 = DIRECTION('',(-6.305496559635E-17,4.941768411644E-18,1.));
#5423 = DIRECTION('',(-1.,8.864436962241E-16,-6.305496559635E-17));
#5424 = PCURVE('',#5098,#5425);
#5425 = DEFINITIONAL_REPRESENTATION('',(#5426),#5430);
#5426 = LINE('',#5427,#5428);
#5427 = CARTESIAN_POINT('',(-3.14159265359,0.5));
#5428 = VECTOR('',#5429,1.);
#5429 = DIRECTION('',(1.,0.));
#5430 = ( GEOMETRIC_REPRESENTATION_CONTEXT(2) 
PARAMETRIC_REPRESENTATION_CONTEXT() REPRESENTATION_CONTEXT('2D SPACE',''
  ) );
#5431 = PCURVE('',#5432,#5437);
#5432 = TOROIDAL_SURFACE('',#5433,39.5,0.5);
#5433 = AXIS2_PLACEMENT_3D('',#5434,#5435,#5436);
#5434 = CARTESIAN_POINT('',(-3.152748279817E-17,2.470884205822E-18,-19.7
    ));
#5435 = DIRECTION('',(6.305496559635E-17,-4.941768411644E-18,-1.));
#5436 = DIRECTION('',(-1.,-1.734723475977E-18,-6.305496559635E-17));
#5437 = DEFINITIONAL_REPRESENTATION('',(#5438),#5442);
#5438 = LINE('',#5439,#5440);
#5439 = CARTESIAN_POINT('',(6.28318530718,0.));
#5440 = VECTOR('',#5441,1.);
#5441 = DIRECTION('',(-1.,0.));
#5442 = ( GEOMETRIC_REPRESENTATION_CONTEXT(2) 
PARAMETRIC_REPRESENTATION_CONTEXT() REPRESENTATION_CONTEXT('2D SPACE',''
  ) );
#5443 = ORIENTED_EDGE('',*,*,#5444,.T.);
#5444 = EDGE_CURVE('',#5416,#5445,#5447,.T.);
#5445 = VERTEX_POINT('',#5446);
#5446 = CARTESIAN_POINT('',(-13.86382723997,37.52058494027,-18.7));
#5447 = SURFACE_CURVE('',#5448,(#5452,#5459),.PCURVE_S1.);
#5448 = LINE('',#5449,#5450);
#5449 = CARTESIAN_POINT('',(-13.86382723997,37.52058494027,-20.2));
#5450 = VECTOR('',#5451,1.);
#5451 = DIRECTION('',(-6.305496559635E-17,4.941768411644E-18,1.));
#5452 = PCURVE('',#5098,#5453);
#5453 = DEFINITIONAL_REPRESENTATION('',(#5454),#5458);
#5454 = LINE('',#5455,#5456);
#5455 = CARTESIAN_POINT('',(1.924735704344,0.));
#5456 = VECTOR('',#5457,1.);
#5457 = DIRECTION('',(0.,1.));
#5458 = ( GEOMETRIC_REPRESENTATION_CONTEXT(2) 
PARAMETRIC_REPRESENTATION_CONTEXT() REPRESENTATION_CONTEXT('2D SPACE',''
  ) );
#5459 = PCURVE('',#5460,#5465);
#5460 = PLANE('',#5461);
#5461 = AXIS2_PLACEMENT_3D('',#5462,#5463,#5464);
#5462 = CARTESIAN_POINT('',(-14.44934916775,38.934159919384,-18.7));
#5463 = DIRECTION('',(0.923879532511,0.382683432365,5.636405923995E-17)
  );
#5464 = DIRECTION('',(0.382683432365,-0.923879532511,2.8695689352E-17));
#5465 = DEFINITIONAL_REPRESENTATION('',(#5466),#5470);
#5466 = LINE('',#5467,#5468);
#5467 = CARTESIAN_POINT('',(1.530042531922,1.5));
#5468 = VECTOR('',#5469,1.);
#5469 = DIRECTION('',(0.,-1.));
#5470 = ( GEOMETRIC_REPRESENTATION_CONTEXT(2) 
PARAMETRIC_REPRESENTATION_CONTEXT() REPRESENTATION_CONTEXT('2D SPACE',''
  ) );
#5471 = ORIENTED_EDGE('',*,*,#5472,.F.);
#5472 = EDGE_CURVE('',#5473,#5445,#5475,.T.);
#5473 = VERTEX_POINT('',#5474);
#5474 = CARTESIAN_POINT('',(-16.72785379076,36.334266299938,-18.7));
#5475 = SURFACE_CURVE('',#5476,(#5481,#5488),.PCURVE_S1.);
#5476 = CIRCLE('',#5477,40.);
#5477 = AXIS2_PLACEMENT_3D('',#5478,#5479,#5480);
#5478 = CARTESIAN_POINT('',(-9.458244839452E-17,7.412652617466E-18,-18.7
    ));
#5479 = DIRECTION('',(6.305496559635E-17,-4.941768411644E-18,-1.));
#5480 = DIRECTION('',(-1.,-1.734723475977E-18,-6.305496559635E-17));
#5481 = PCURVE('',#5098,#5482);
#5482 = DEFINITIONAL_REPRESENTATION('',(#5483),#5487);
#5483 = LINE('',#5484,#5485);
#5484 = CARTESIAN_POINT('',(3.14159265359,1.5));
#5485 = VECTOR('',#5486,1.);
#5486 = DIRECTION('',(-1.,0.));
#5487 = ( GEOMETRIC_REPRESENTATION_CONTEXT(2) 
PARAMETRIC_REPRESENTATION_CONTEXT() REPRESENTATION_CONTEXT('2D SPACE',''
  ) );
#5488 = PCURVE('',#862,#5489);
#5489 = DEFINITIONAL_REPRESENTATION('',(#5490),#5494);
#5490 = CIRCLE('',#5491,40.);
#5491 = AXIS2_PLACEMENT_2D('',#5492,#5493);
#5492 = CARTESIAN_POINT('',(-15.88136244315,-38.34100059921));
#5493 = DIRECTION('',(1.,0.));
#5494 = ( GEOMETRIC_REPRESENTATION_CONTEXT(2) 
PARAMETRIC_REPRESENTATION_CONTEXT() REPRESENTATION_CONTEXT('2D SPACE',''
  ) );
#5495 = ORIENTED_EDGE('',*,*,#5496,.T.);
#5496 = EDGE_CURVE('',#5473,#5497,#5499,.T.);
#5497 = VERTEX_POINT('',#5498);
#5498 = CARTESIAN_POINT('',(-16.72785379076,36.334266299938,-19.7));
#5499 = SURFACE_CURVE('',#5500,(#5504,#5511),.PCURVE_S1.);
#5500 = LINE('',#5501,#5502);
#5501 = CARTESIAN_POINT('',(-16.72785379076,36.334266299938,-20.2));
#5502 = VECTOR('',#5503,1.);
#5503 = DIRECTION('',(6.305496559635E-17,-4.941768411644E-18,-1.));
#5504 = PCURVE('',#5098,#5505);
#5505 = DEFINITIONAL_REPRESENTATION('',(#5506),#5510);
#5506 = LINE('',#5507,#5508);
#5507 = CARTESIAN_POINT('',(2.002255112643,0.));
#5508 = VECTOR('',#5509,1.);
#5509 = DIRECTION('',(0.,-1.));
#5510 = ( GEOMETRIC_REPRESENTATION_CONTEXT(2) 
PARAMETRIC_REPRESENTATION_CONTEXT() REPRESENTATION_CONTEXT('2D SPACE',''
  ) );
#5511 = PCURVE('',#5512,#5517);
#5512 = PLANE('',#5513);
#5513 = AXIS2_PLACEMENT_3D('',#5514,#5515,#5516);
#5514 = CARTESIAN_POINT('',(-17.31337571854,37.747841279053,-18.7));
#5515 = DIRECTION('',(-0.923879532511,-0.382683432365,
    -5.636405923995E-17));
#5516 = DIRECTION('',(-0.382683432365,0.923879532511,-2.8695689352E-17)
  );
#5517 = DEFINITIONAL_REPRESENTATION('',(#5518),#5522);
#5518 = LINE('',#5519,#5520);
#5519 = CARTESIAN_POINT('',(-1.530042531922,1.5));
#5520 = VECTOR('',#5521,1.);
#5521 = DIRECTION('',(0.,1.));
#5522 = ( GEOMETRIC_REPRESENTATION_CONTEXT(2) 
PARAMETRIC_REPRESENTATION_CONTEXT() REPRESENTATION_CONTEXT('2D SPACE',''
  ) );
#5523 = ORIENTED_EDGE('',*,*,#5524,.T.);
#5524 = EDGE_CURVE('',#5497,#5525,#5527,.T.);
#5525 = VERTEX_POINT('',#5526);
#5526 = CARTESIAN_POINT('',(-36.33426629993,16.727853790763,-19.7));
#5527 = SURFACE_CURVE('',#5528,(#5533,#5540),.PCURVE_S1.);
#5528 = CIRCLE('',#5529,40.);
#5529 = AXIS2_PLACEMENT_3D('',#5530,#5531,#5532);
#5530 = CARTESIAN_POINT('',(-3.152748279817E-17,2.470884205822E-18,-19.7
    ));
#5531 = DIRECTION('',(-6.305496559635E-17,4.941768411644E-18,1.));
#5532 = DIRECTION('',(-1.,-1.778091562876E-15,-6.305496559635E-17));
#5533 = PCURVE('',#5098,#5534);
#5534 = DEFINITIONAL_REPRESENTATION('',(#5535),#5539);
#5535 = LINE('',#5536,#5537);
#5536 = CARTESIAN_POINT('',(-3.14159265359,0.5));
#5537 = VECTOR('',#5538,1.);
#5538 = DIRECTION('',(1.,0.));
#5539 = ( GEOMETRIC_REPRESENTATION_CONTEXT(2) 
PARAMETRIC_REPRESENTATION_CONTEXT() REPRESENTATION_CONTEXT('2D SPACE',''
  ) );
#5540 = PCURVE('',#5541,#5546);
#5541 = TOROIDAL_SURFACE('',#5542,39.5,0.5);
#5542 = AXIS2_PLACEMENT_3D('',#5543,#5544,#5545);
#5543 = CARTESIAN_POINT('',(-3.152748279817E-17,2.470884205822E-18,-19.7
    ));
#5544 = DIRECTION('',(6.305496559635E-17,-4.941768411644E-18,-1.));
#5545 = DIRECTION('',(-1.,-1.734723475977E-18,-6.305496559635E-17));
#5546 = DEFINITIONAL_REPRESENTATION('',(#5547),#5551);
#5547 = LINE('',#5548,#5549);
#5548 = CARTESIAN_POINT('',(6.28318530718,0.));
#5549 = VECTOR('',#5550,1.);
#5550 = DIRECTION('',(-1.,0.));
#5551 = ( GEOMETRIC_REPRESENTATION_CONTEXT(2) 
PARAMETRIC_REPRESENTATION_CONTEXT() REPRESENTATION_CONTEXT('2D SPACE',''
  ) );
#5552 = ORIENTED_EDGE('',*,*,#5553,.T.);
#5553 = EDGE_CURVE('',#5525,#5554,#5556,.T.);
#5554 = VERTEX_POINT('',#5555);
#5555 = CARTESIAN_POINT('',(-36.33426629993,16.727853790763,-18.7));
#5556 = SURFACE_CURVE('',#5557,(#5561,#5568),.PCURVE_S1.);
#5557 = LINE('',#5558,#5559);
#5558 = CARTESIAN_POINT('',(-36.33426629993,16.727853790763,-20.2));
#5559 = VECTOR('',#5560,1.);
#5560 = DIRECTION('',(-6.305496559635E-17,4.941768411644E-18,1.));
#5561 = PCURVE('',#5098,#5562);
#5562 = DEFINITIONAL_REPRESENTATION('',(#5563),#5567);
#5563 = LINE('',#5564,#5565);
#5564 = CARTESIAN_POINT('',(2.710133867741,0.));
#5565 = VECTOR('',#5566,1.);
#5566 = DIRECTION('',(0.,1.));
#5567 = ( GEOMETRIC_REPRESENTATION_CONTEXT(2) 
PARAMETRIC_REPRESENTATION_CONTEXT() REPRESENTATION_CONTEXT('2D SPACE',''
  ) );
#5568 = PCURVE('',#5569,#5574);
#5569 = PLANE('',#5570);
#5570 = AXIS2_PLACEMENT_3D('',#5571,#5572,#5573);
#5571 = CARTESIAN_POINT('',(-37.74784127905,17.313375718544,-18.7));
#5572 = DIRECTION('',(0.382683432365,0.923879532511,1.956449197214E-17)
  );
#5573 = DIRECTION('',(0.923879532511,-0.382683432365,6.014632503539E-17)
  );
#5574 = DEFINITIONAL_REPRESENTATION('',(#5575),#5579);
#5575 = LINE('',#5576,#5577);
#5576 = CARTESIAN_POINT('',(1.530042531922,1.5));
#5577 = VECTOR('',#5578,1.);
#5578 = DIRECTION('',(-0.,-1.));
#5579 = ( GEOMETRIC_REPRESENTATION_CONTEXT(2) 
PARAMETRIC_REPRESENTATION_CONTEXT() REPRESENTATION_CONTEXT('2D SPACE',''
  ) );
#5580 = ORIENTED_EDGE('',*,*,#5581,.F.);
#5581 = EDGE_CURVE('',#5582,#5554,#5584,.T.);
#5582 = VERTEX_POINT('',#5583);
#5583 = CARTESIAN_POINT('',(-37.52058494027,13.863827239978,-18.7));
#5584 = SURFACE_CURVE('',#5585,(#5590,#5597),.PCURVE_S1.);
#5585 = CIRCLE('',#5586,40.);
#5586 = AXIS2_PLACEMENT_3D('',#5587,#5588,#5589);
#5587 = CARTESIAN_POINT('',(-9.458244839452E-17,7.412652617466E-18,-18.7
    ));
#5588 = DIRECTION('',(6.305496559635E-17,-4.941768411644E-18,-1.));
#5589 = DIRECTION('',(-0.707106781187,-0.707106781187,
    -4.109223580574E-17));
#5590 = PCURVE('',#5098,#5591);
#5591 = DEFINITIONAL_REPRESENTATION('',(#5592),#5596);
#5592 = LINE('',#5593,#5594);
#5593 = CARTESIAN_POINT('',(3.926990816987,1.5));
#5594 = VECTOR('',#5595,1.);
#5595 = DIRECTION('',(-1.,0.));
#5596 = ( GEOMETRIC_REPRESENTATION_CONTEXT(2) 
PARAMETRIC_REPRESENTATION_CONTEXT() REPRESENTATION_CONTEXT('2D SPACE',''
  ) );
#5597 = PCURVE('',#750,#5598);
#5598 = DEFINITIONAL_REPRESENTATION('',(#5599),#5603);
#5599 = CIRCLE('',#5600,40.);
#5600 = AXIS2_PLACEMENT_2D('',#5601,#5602);
#5601 = CARTESIAN_POINT('',(-15.88136244315,-38.34100059921));
#5602 = DIRECTION('',(1.,0.));
#5603 = ( GEOMETRIC_REPRESENTATION_CONTEXT(2) 
PARAMETRIC_REPRESENTATION_CONTEXT() REPRESENTATION_CONTEXT('2D SPACE',''
  ) );
#5604 = ORIENTED_EDGE('',*,*,#5605,.T.);
#5605 = EDGE_CURVE('',#5582,#5087,#5606,.T.);
#5606 = SURFACE_CURVE('',#5607,(#5611,#5618),.PCURVE_S1.);
#5607 = LINE('',#5608,#5609);
#5608 = CARTESIAN_POINT('',(-37.52058494027,13.863827239978,-20.2));
#5609 = VECTOR('',#5610,1.);
#5610 = DIRECTION('',(6.305496559635E-17,-4.941768411644E-18,-1.));
#5611 = PCURVE('',#5098,#5612);
#5612 = DEFINITIONAL_REPRESENTATION('',(#5613),#5617);
#5613 = LINE('',#5614,#5615);
#5614 = CARTESIAN_POINT('',(2.787653276041,0.));
#5615 = VECTOR('',#5616,1.);
#5616 = DIRECTION('',(0.,-1.));
#5617 = ( GEOMETRIC_REPRESENTATION_CONTEXT(2) 
PARAMETRIC_REPRESENTATION_CONTEXT() REPRESENTATION_CONTEXT('2D SPACE',''
  ) );
#5618 = PCURVE('',#5619,#5624);
#5619 = PLANE('',#5620);
#5620 = AXIS2_PLACEMENT_3D('',#5621,#5622,#5623);
#5621 = CARTESIAN_POINT('',(-38.93415991938,14.449349167759,-18.7));
#5622 = DIRECTION('',(-0.382683432365,-0.923879532511,
    -1.956449197214E-17));
#5623 = DIRECTION('',(-0.923879532511,0.382683432365,-6.014632503539E-17
    ));
#5624 = DEFINITIONAL_REPRESENTATION('',(#5625),#5629);
#5625 = LINE('',#5626,#5627);
#5626 = CARTESIAN_POINT('',(-1.530042531922,1.5));
#5627 = VECTOR('',#5628,1.);
#5628 = DIRECTION('',(0.,1.));
#5629 = ( GEOMETRIC_REPRESENTATION_CONTEXT(2) 
PARAMETRIC_REPRESENTATION_CONTEXT() REPRESENTATION_CONTEXT('2D SPACE',''
  ) );
#5630 = ADVANCED_FACE('',(#5631),#5648,.F.);
#5631 = FACE_BOUND('',#5632,.F.);
#5632 = EDGE_LOOP('',(#5633,#5715,#5743,#5818,#5846,#5916,#5944,#6019,
    #6043,#6071,#6099,#6122));
#5633 = ORIENTED_EDGE('',*,*,#5634,.F.);
#5634 = EDGE_CURVE('',#5635,#5637,#5639,.T.);
#5635 = VERTEX_POINT('',#5636);
#5636 = CARTESIAN_POINT('',(-9.386257964188,-25.31596653161,-25.7));
#5637 = VERTEX_POINT('',#5638);
#5638 = CARTESIAN_POINT('',(-8.886257964188,-25.49577257887,-26.2));
#5639 = SURFACE_CURVE('',#5640,(#5647,#5681),.PCURVE_S1.);
#5640 = B_SPLINE_CURVE_WITH_KNOTS('',3,(#5641,#5642,#5643,#5644,#5645,
    #5646),.UNSPECIFIED.,.F.,.F.,(4,2,4),(8.673617379884E-19,
    4.027928050946E-04,8.055856101891E-04),.UNSPECIFIED.);
#5641 = CARTESIAN_POINT('',(-9.386257964188,-25.31596653161,-25.7));
#5642 = CARTESIAN_POINT('',(-9.386257964188,-25.31596653161,
    -25.83625487078));
#5643 = CARTESIAN_POINT('',(-9.327976805384,-25.33769327803,
    -25.96795221368));
#5644 = CARTESIAN_POINT('',(-9.141435275902,-25.40559019251,
    -26.14921983824));
#5645 = CARTESIAN_POINT('',(-9.014719358988,-25.45099883887,-26.2));
#5646 = CARTESIAN_POINT('',(-8.886257964188,-25.49577257887,-26.2));
#5647 = PCURVE('',#5648,#5653);
#5648 = CYLINDRICAL_SURFACE('',#5649,27.);
#5649 = AXIS2_PLACEMENT_3D('',#5650,#5651,#5652);
#5650 = CARTESIAN_POINT('',(3.783297935781E-16,-2.965061046986E-17,-26.2
    ));
#5651 = DIRECTION('',(-6.305496559635E-17,4.941768411644E-18,1.));
#5652 = DIRECTION('',(1.,1.734723475977E-18,6.305496559635E-17));
#5653 = DEFINITIONAL_REPRESENTATION('',(#5654),#5680);
#5654 = B_SPLINE_CURVE_WITH_KNOTS('',3,(#5655,#5656,#5657,#5658,#5659,
    #5660,#5661,#5662,#5663,#5664,#5665,#5666,#5667,#5668,#5669,#5670,
    #5671,#5672,#5673,#5674,#5675,#5676,#5677,#5678,#5679),
  .UNSPECIFIED.,.F.,.F.,(4,1,1,1,1,1,1,1,1,1,1,1,1,1,1,1,1,1,1,1,1,1,4),
  (8.673617379884E-19,3.661752773587E-05,7.323505547174E-05,
    1.098525832076E-04,1.464701109435E-04,1.830876386794E-04,
    2.197051664152E-04,2.563226941511E-04,2.92940221887E-04,
    3.295577496228E-04,3.661752773587E-04,4.027928050946E-04,
    4.394103328304E-04,4.760278605663E-04,5.126453883022E-04,
    5.492629160381E-04,5.858804437739E-04,6.224979715098E-04,
    6.591154992457E-04,6.957330269815E-04,7.323505547174E-04,
    7.689680824533E-04,8.055856101891E-04),.QUASI_UNIFORM_KNOTS.);
#5655 = CARTESIAN_POINT('',(4.35733691482,0.5));
#5656 = CARTESIAN_POINT('',(4.357336914821,0.487613193565));
#5657 = CARTESIAN_POINT('',(4.357374992042,0.462914911744));
#5658 = CARTESIAN_POINT('',(4.357542141616,0.426258047071));
#5659 = CARTESIAN_POINT('',(4.357815127015,0.390156305734));
#5660 = CARTESIAN_POINT('',(4.358189750351,0.354774251721));
#5661 = CARTESIAN_POINT('',(4.35866181413,0.320276453806));
#5662 = CARTESIAN_POINT('',(4.359227120104,0.286827462912));
#5663 = CARTESIAN_POINT('',(4.359881473706,0.254591896576));
#5664 = CARTESIAN_POINT('',(4.360620667531,0.223734123737));
#5665 = CARTESIAN_POINT('',(4.361440542975,0.194419441104));
#5666 = CARTESIAN_POINT('',(4.362336760171,0.166809682909));
#5667 = CARTESIAN_POINT('',(4.363305656558,0.141079605522));
#5668 = CARTESIAN_POINT('',(4.364341042665,0.117355739237));
#5669 = CARTESIAN_POINT('',(4.365435263123,9.564930484636E-02));
#5670 = CARTESIAN_POINT('',(4.366583189674,7.601974921607E-02));
#5671 = CARTESIAN_POINT('',(4.367779016981,5.851359707495E-02));
#5672 = CARTESIAN_POINT('',(4.369017121229,4.318083562803E-02));
#5673 = CARTESIAN_POINT('',(4.37029183013,3.007052431258E-02));
#5674 = CARTESIAN_POINT('',(4.371597484655,1.923197116054E-02));
#5675 = CARTESIAN_POINT('',(4.372928422601,1.071441759298E-02));
#5676 = CARTESIAN_POINT('',(4.374278983152,4.567122879733E-03));
#5677 = CARTESIAN_POINT('',(4.375643505715,8.393415064365E-04));
#5678 = CARTESIAN_POINT('',(4.37655872238,-6.905261685901E-16));
#5679 = CARTESIAN_POINT('',(4.37701677114,0.));
#5680 = ( GEOMETRIC_REPRESENTATION_CONTEXT(2) 
PARAMETRIC_REPRESENTATION_CONTEXT() REPRESENTATION_CONTEXT('2D SPACE',''
  ) );
#5681 = PCURVE('',#5682,#5687);
#5682 = CYLINDRICAL_SURFACE('',#5683,0.5);
#5683 = AXIS2_PLACEMENT_3D('',#5684,#5685,#5686);
#5684 = CARTESIAN_POINT('',(-8.886257964188,-4.25949265681E-17,-25.7));
#5685 = DIRECTION('',(-1.734723475977E-18,1.,-4.941768411644E-18));
#5686 = DIRECTION('',(6.305496559635E-17,-4.941768411644E-18,-1.));
#5687 = DEFINITIONAL_REPRESENTATION('',(#5688),#5714);
#5688 = B_SPLINE_CURVE_WITH_KNOTS('',3,(#5689,#5690,#5691,#5692,#5693,
    #5694,#5695,#5696,#5697,#5698,#5699,#5700,#5701,#5702,#5703,#5704,
    #5705,#5706,#5707,#5708,#5709,#5710,#5711,#5712,#5713),
  .UNSPECIFIED.,.F.,.F.,(4,1,1,1,1,1,1,1,1,1,1,1,1,1,1,1,1,1,1,1,1,1,4),
  (8.673617379884E-19,3.661752773587E-05,7.323505547174E-05,
    1.098525832076E-04,1.464701109435E-04,1.830876386794E-04,
    2.197051664152E-04,2.563226941511E-04,2.92940221887E-04,
    3.295577496228E-04,3.661752773587E-04,4.027928050946E-04,
    4.394103328304E-04,4.760278605663E-04,5.126453883022E-04,
    5.492629160381E-04,5.858804437739E-04,6.224979715098E-04,
    6.591154992457E-04,6.957330269815E-04,7.323505547174E-04,
    7.689680824533E-04,8.055856101891E-04),.QUASI_UNIFORM_KNOTS.);
#5689 = CARTESIAN_POINT('',(1.570796326795,-25.31596653161));
#5690 = CARTESIAN_POINT('',(1.546026217408,-25.31596653161));
#5691 = CARTESIAN_POINT('',(1.496623214091,-25.31632565139));
#5692 = CARTESIAN_POINT('',(1.422861573965,-25.31789884271));
#5693 = CARTESIAN_POINT('',(1.349358872561,-25.3204636982));
#5694 = CARTESIAN_POINT('',(1.276084189858,-25.32397736958));
#5695 = CARTESIAN_POINT('',(1.203032911555,-25.32839701159));
#5696 = CARTESIAN_POINT('',(1.130224341451,-25.33367976773));
#5697 = CARTESIAN_POINT('',(1.057691860395,-25.3397828234));
#5698 = CARTESIAN_POINT('',(0.985474607203,-25.34666320757));
#5699 = CARTESIAN_POINT('',(0.913608020718,-25.35427853315));
#5700 = CARTESIAN_POINT('',(0.842116635108,-25.36258423368));
#5701 = CARTESIAN_POINT('',(0.770999958841,-25.37154387618));
#5702 = CARTESIAN_POINT('',(0.700246208428,-25.38109067321));
#5703 = CARTESIAN_POINT('',(0.629773709776,-25.39114616168));
#5704 = CARTESIAN_POINT('',(0.559505906095,-25.40166223287));
#5705 = CARTESIAN_POINT('',(0.489389267949,-25.41258264464));
#5706 = CARTESIAN_POINT('',(0.419383294415,-25.42385333419));
#5707 = CARTESIAN_POINT('',(0.349457521856,-25.43541965478));
#5708 = CARTESIAN_POINT('',(0.27958625355,-25.44722711612));
#5709 = CARTESIAN_POINT('',(0.209743889094,-25.45922118601));
#5710 = CARTESIAN_POINT('',(0.139899338248,-25.47134734348));
#5711 = CARTESIAN_POINT('',(7.00134469994E-02,-25.48355106455));
#5712 = CARTESIAN_POINT('',(2.335512770367E-02,-25.49170223887));
#5713 = CARTESIAN_POINT('',(0.,-25.49577257887));
#5714 = ( GEOMETRIC_REPRESENTATION_CONTEXT(2) 
PARAMETRIC_REPRESENTATION_CONTEXT() REPRESENTATION_CONTEXT('2D SPACE',''
  ) );
#5715 = ORIENTED_EDGE('',*,*,#5716,.T.);
#5716 = EDGE_CURVE('',#5635,#5717,#5719,.T.);
#5717 = VERTEX_POINT('',#5718);
#5718 = CARTESIAN_POINT('',(-9.386257964188,-25.31596653161,-20.7));
#5719 = SURFACE_CURVE('',#5720,(#5724,#5731),.PCURVE_S1.);
#5720 = LINE('',#5721,#5722);
#5721 = CARTESIAN_POINT('',(-9.386257964188,-25.31596653161,-26.2));
#5722 = VECTOR('',#5723,1.);
#5723 = DIRECTION('',(-6.305496559635E-17,4.941768411644E-18,1.));
#5724 = PCURVE('',#5648,#5725);
#5725 = DEFINITIONAL_REPRESENTATION('',(#5726),#5730);
#5726 = LINE('',#5727,#5728);
#5727 = CARTESIAN_POINT('',(4.35733691482,0.));
#5728 = VECTOR('',#5729,1.);
#5729 = DIRECTION('',(0.,1.));
#5730 = ( GEOMETRIC_REPRESENTATION_CONTEXT(2) 
PARAMETRIC_REPRESENTATION_CONTEXT() REPRESENTATION_CONTEXT('2D SPACE',''
  ) );
#5731 = PCURVE('',#5732,#5737);
#5732 = PLANE('',#5733);
#5733 = AXIS2_PLACEMENT_3D('',#5734,#5735,#5736);
#5734 = CARTESIAN_POINT('',(-9.386257964188,-20.30475739141,
    2.858890880359));
#5735 = DIRECTION('',(1.,1.734723475977E-18,6.305496559635E-17));
#5736 = DIRECTION('',(6.305496559635E-17,-4.941768411644E-18,-1.));
#5737 = DEFINITIONAL_REPRESENTATION('',(#5738),#5742);
#5738 = LINE('',#5739,#5740);
#5739 = CARTESIAN_POINT('',(29.058890880359,-5.011209140196));
#5740 = VECTOR('',#5741,1.);
#5741 = DIRECTION('',(-1.,0.));
#5742 = ( GEOMETRIC_REPRESENTATION_CONTEXT(2) 
PARAMETRIC_REPRESENTATION_CONTEXT() REPRESENTATION_CONTEXT('2D SPACE',''
  ) );
#5743 = ORIENTED_EDGE('',*,*,#5744,.F.);
#5744 = EDGE_CURVE('',#5745,#5717,#5747,.T.);
#5745 = VERTEX_POINT('',#5746);
#5746 = CARTESIAN_POINT('',(-8.886257964188,-25.49577257887,-20.2));
#5747 = SURFACE_CURVE('',#5748,(#5755,#5784),.PCURVE_S1.);
#5748 = B_SPLINE_CURVE_WITH_KNOTS('',3,(#5749,#5750,#5751,#5752,#5753,
    #5754),.UNSPECIFIED.,.F.,.F.,(4,2,4),(0.,4.028037894068E-04,
    8.056075788136E-04),.UNSPECIFIED.);
#5749 = CARTESIAN_POINT('',(-8.886257964188,-25.49577257887,-20.2));
#5750 = CARTESIAN_POINT('',(-9.014844831748,-25.45095510679,-20.2));
#5751 = CARTESIAN_POINT('',(-9.140653579497,-25.4058737122,
    -20.2501419433));
#5752 = CARTESIAN_POINT('',(-9.328281400112,-25.33758341005,
    -20.43222270007));
#5753 = CARTESIAN_POINT('',(-9.386257964188,-25.31596653161,
    -20.56357292254));
#5754 = CARTESIAN_POINT('',(-9.386257964188,-25.31596653161,-20.7));
#5755 = PCURVE('',#5648,#5756);
#5756 = DEFINITIONAL_REPRESENTATION('',(#5757),#5783);
#5757 = B_SPLINE_CURVE_WITH_KNOTS('',3,(#5758,#5759,#5760,#5761,#5762,
    #5763,#5764,#5765,#5766,#5767,#5768,#5769,#5770,#5771,#5772,#5773,
    #5774,#5775,#5776,#5777,#5778,#5779,#5780,#5781,#5782),
  .UNSPECIFIED.,.F.,.F.,(4,1,1,1,1,1,1,1,1,1,1,1,1,1,1,1,1,1,1,1,1,1,4),
  (0.,3.661852630971E-05,7.323705261942E-05,1.098555789291E-04,
    1.464741052388E-04,1.830926315485E-04,2.197111578583E-04,
    2.56329684168E-04,2.929482104777E-04,3.295667367874E-04,
    3.661852630971E-04,4.028037894068E-04,4.394223157165E-04,
    4.760408420262E-04,5.126593683359E-04,5.492778946456E-04,
    5.858964209553E-04,6.225149472651E-04,6.591334735748E-04,
    6.957519998845E-04,7.323705261942E-04,7.689890525039E-04,
    8.056075788136E-04),.QUASI_UNIFORM_KNOTS.);
#5758 = CARTESIAN_POINT('',(4.37701677114,6.));
#5759 = CARTESIAN_POINT('',(4.376558274984,6.));
#5760 = CARTESIAN_POINT('',(4.375642835232,5.999171207544));
#5761 = CARTESIAN_POINT('',(4.374279552547,5.995483310242));
#5762 = CARTESIAN_POINT('',(4.372931365764,5.989392372897));
#5763 = CARTESIAN_POINT('',(4.371603494908,5.980940064708));
#5764 = CARTESIAN_POINT('',(4.370301159847,5.970168052547));
#5765 = CARTESIAN_POINT('',(4.369029583156,5.957118011968));
#5766 = CARTESIAN_POINT('',(4.367793979254,5.941831586123));
#5767 = CARTESIAN_POINT('',(4.36659959441,5.924350539099));
#5768 = CARTESIAN_POINT('',(4.365451557038,5.904716183638));
#5769 = CARTESIAN_POINT('',(4.364355436085,5.88297151693));
#5770 = CARTESIAN_POINT('',(4.363315156841,5.859153249714));
#5771 = CARTESIAN_POINT('',(4.362340779096,5.833321554088));
#5772 = CARTESIAN_POINT('',(4.361441132798,5.805653759843));
#5773 = CARTESIAN_POINT('',(4.360618913608,5.776303735405));
#5774 = CARTESIAN_POINT('',(4.359878461078,5.745431635656));
#5775 = CARTESIAN_POINT('',(4.359223674503,5.713195931028));
#5776 = CARTESIAN_POINT('',(4.358658571379,5.679755543297));
#5777 = CARTESIAN_POINT('',(4.358187137773,5.645269273305));
#5778 = CARTESIAN_POINT('',(4.357813368421,5.609895954297));
#5779 = CARTESIAN_POINT('',(4.35754125597,5.573794410834));
#5780 = CARTESIAN_POINT('',(4.357374793823,5.537123469806));
#5781 = CARTESIAN_POINT('',(4.357336914821,5.512402461586));
#5782 = CARTESIAN_POINT('',(4.35733691482,5.5));
#5783 = ( GEOMETRIC_REPRESENTATION_CONTEXT(2) 
PARAMETRIC_REPRESENTATION_CONTEXT() REPRESENTATION_CONTEXT('2D SPACE',''
  ) );
#5784 = PCURVE('',#5785,#5790);
#5785 = CYLINDRICAL_SURFACE('',#5786,0.5);
#5786 = AXIS2_PLACEMENT_3D('',#5787,#5788,#5789);
#5787 = CARTESIAN_POINT('',(-8.886257964188,-1.788608450988E-17,-20.7));
#5788 = DIRECTION('',(1.734723475977E-18,-1.,4.941768411644E-18));
#5789 = DIRECTION('',(-6.305496559635E-17,4.941768411644E-18,1.));
#5790 = DEFINITIONAL_REPRESENTATION('',(#5791),#5817);
#5791 = B_SPLINE_CURVE_WITH_KNOTS('',3,(#5792,#5793,#5794,#5795,#5796,
    #5797,#5798,#5799,#5800,#5801,#5802,#5803,#5804,#5805,#5806,#5807,
    #5808,#5809,#5810,#5811,#5812,#5813,#5814,#5815,#5816),
  .UNSPECIFIED.,.F.,.F.,(4,1,1,1,1,1,1,1,1,1,1,1,1,1,1,1,1,1,1,1,1,1,4),
  (0.,3.661852630971E-05,7.323705261942E-05,1.098555789291E-04,
    1.464741052388E-04,1.830926315485E-04,2.197111578583E-04,
    2.56329684168E-04,2.929482104777E-04,3.295667367874E-04,
    3.661852630971E-04,4.028037894068E-04,4.394223157165E-04,
    4.760408420262E-04,5.126593683359E-04,5.492778946456E-04,
    5.858964209553E-04,6.225149472651E-04,6.591334735748E-04,
    6.957519998845E-04,7.323705261942E-04,7.689890525039E-04,
    8.056075788136E-04),.QUASI_UNIFORM_KNOTS.);
#5792 = CARTESIAN_POINT('',(0.,25.495772578879));
#5793 = CARTESIAN_POINT('',(2.33784489059E-02,25.491698263234));
#5794 = CARTESIAN_POINT('',(7.004731726984E-02,25.483545269577));
#5795 = CARTESIAN_POINT('',(0.139859077532,25.471353181208));
#5796 = CARTESIAN_POINT('',(0.209555724051,25.459248983697));
#5797 = CARTESIAN_POINT('',(0.279200096681,25.447283167479));
#5798 = CARTESIAN_POINT('',(0.34885047662,25.435506216692));
#5799 = CARTESIAN_POINT('',(0.41856257869,25.423968638962));
#5800 = CARTESIAN_POINT('',(0.488394024296,25.412720854265));
#5801 = CARTESIAN_POINT('',(0.558406191732,25.40181360969));
#5802 = CARTESIAN_POINT('',(0.628673757115,25.391296431519));
#5803 = CARTESIAN_POINT('',(0.699265186819,25.381223402157));
#5804 = CARTESIAN_POINT('',(0.770330228881,25.371631600321));
#5805 = CARTESIAN_POINT('',(0.841786340742,25.362621563348));
#5806 = CARTESIAN_POINT('',(0.913475198652,25.354284309896));
#5807 = CARTESIAN_POINT('',(0.985461991487,25.346647400004));
#5808 = CARTESIAN_POINT('',(1.057726824536,25.339755397399));
#5809 = CARTESIAN_POINT('',(1.130256966528,25.333648309683));
#5810 = CARTESIAN_POINT('',(1.203032110715,25.328367365268));
#5811 = CARTESIAN_POINT('',(1.276038601791,25.32395346545));
#5812 = CARTESIAN_POINT('',(1.349275378526,25.320447599176));
#5813 = CARTESIAN_POINT('',(1.422763219077,25.317890731908));
#5814 = CARTESIAN_POINT('',(1.496546738709,25.316323835402));
#5815 = CARTESIAN_POINT('',(1.545994567105,25.315966531612));
#5816 = CARTESIAN_POINT('',(1.570796326795,25.315966531612));
#5817 = ( GEOMETRIC_REPRESENTATION_CONTEXT(2) 
PARAMETRIC_REPRESENTATION_CONTEXT() REPRESENTATION_CONTEXT('2D SPACE',''
  ) );
#5818 = ORIENTED_EDGE('',*,*,#5819,.T.);
#5819 = EDGE_CURVE('',#5745,#5820,#5822,.T.);
#5820 = VERTEX_POINT('',#5821);
#5821 = CARTESIAN_POINT('',(8.886257964188,-25.49577257887,-20.2));
#5822 = SURFACE_CURVE('',#5823,(#5828,#5835),.PCURVE_S1.);
#5823 = CIRCLE('',#5824,27.);
#5824 = AXIS2_PLACEMENT_3D('',#5825,#5826,#5827);
#5825 = CARTESIAN_POINT('',(2.465190328816E-31,-5.238529448733E-32,-20.2
    ));
#5826 = DIRECTION('',(-6.305496559635E-17,4.941768411644E-18,1.));
#5827 = DIRECTION('',(-1.,-1.734723475977E-18,-6.305496559635E-17));
#5828 = PCURVE('',#5648,#5829);
#5829 = DEFINITIONAL_REPRESENTATION('',(#5830),#5834);
#5830 = LINE('',#5831,#5832);
#5831 = CARTESIAN_POINT('',(3.14159265359,6.));
#5832 = VECTOR('',#5833,1.);
#5833 = DIRECTION('',(1.,0.));
#5834 = ( GEOMETRIC_REPRESENTATION_CONTEXT(2) 
PARAMETRIC_REPRESENTATION_CONTEXT() REPRESENTATION_CONTEXT('2D SPACE',''
  ) );
#5835 = PCURVE('',#974,#5836);
#5836 = DEFINITIONAL_REPRESENTATION('',(#5837),#5845);
#5837 = ( BOUNDED_CURVE() B_SPLINE_CURVE(2,(#5838,#5839,#5840,#5841,
#5842,#5843,#5844),.UNSPECIFIED.,.T.,.F.) B_SPLINE_CURVE_WITH_KNOTS((1,2
    ,2,2,2,1),(-2.094395102393,0.,2.094395102393,4.188790204786,
6.28318530718,8.377580409573),.UNSPECIFIED.) CURVE() 
GEOMETRIC_REPRESENTATION_ITEM() RATIONAL_B_SPLINE_CURVE((1.,0.5,1.,0.5,
1.,0.5,1.)) REPRESENTATION_ITEM('') );
#5838 = CARTESIAN_POINT('',(27.,0.));
#5839 = CARTESIAN_POINT('',(27.,-46.76537180436));
#5840 = CARTESIAN_POINT('',(-13.5,-23.38268590218));
#5841 = CARTESIAN_POINT('',(-54.,-6.613092715396E-15));
#5842 = CARTESIAN_POINT('',(-13.5,23.38268590218));
#5843 = CARTESIAN_POINT('',(27.,46.76537180436));
#5844 = CARTESIAN_POINT('',(27.,0.));
#5845 = ( GEOMETRIC_REPRESENTATION_CONTEXT(2) 
PARAMETRIC_REPRESENTATION_CONTEXT() REPRESENTATION_CONTEXT('2D SPACE',''
  ) );
#5846 = ORIENTED_EDGE('',*,*,#5847,.F.);
#5847 = EDGE_CURVE('',#5848,#5820,#5850,.T.);
#5848 = VERTEX_POINT('',#5849);
#5849 = CARTESIAN_POINT('',(9.386257964188,-25.31596653161,-20.7));
#5850 = SURFACE_CURVE('',#5851,(#5858,#5887),.PCURVE_S1.);
#5851 = B_SPLINE_CURVE_WITH_KNOTS('',3,(#5852,#5853,#5854,#5855,#5856,
    #5857),.UNSPECIFIED.,.F.,.F.,(4,2,4),(0.,4.027928050946E-04,
    8.055856101891E-04),.UNSPECIFIED.);
#5852 = CARTESIAN_POINT('',(9.386257964188,-25.31596653161,-20.7));
#5853 = CARTESIAN_POINT('',(9.386257964188,-25.31596653161,
    -20.56374512921));
#5854 = CARTESIAN_POINT('',(9.327976805384,-25.33769327803,
    -20.43204778632));
#5855 = CARTESIAN_POINT('',(9.141435275902,-25.40559019251,
    -20.25078016175));
#5856 = CARTESIAN_POINT('',(9.014719358988,-25.45099883887,-20.2));
#5857 = CARTESIAN_POINT('',(8.886257964188,-25.49577257887,-20.2));
#5858 = PCURVE('',#5648,#5859);
#5859 = DEFINITIONAL_REPRESENTATION('',(#5860),#5886);
#5860 = B_SPLINE_CURVE_WITH_KNOTS('',3,(#5861,#5862,#5863,#5864,#5865,
    #5866,#5867,#5868,#5869,#5870,#5871,#5872,#5873,#5874,#5875,#5876,
    #5877,#5878,#5879,#5880,#5881,#5882,#5883,#5884,#5885),
  .UNSPECIFIED.,.F.,.F.,(4,1,1,1,1,1,1,1,1,1,1,1,1,1,1,1,1,1,1,1,1,1,4),
  (0.,3.661752773587E-05,7.323505547174E-05,1.098525832076E-04,
    1.464701109435E-04,1.830876386794E-04,2.197051664152E-04,
    2.563226941511E-04,2.92940221887E-04,3.295577496228E-04,
    3.661752773587E-04,4.027928050946E-04,4.394103328304E-04,
    4.760278605663E-04,5.126453883022E-04,5.492629160381E-04,
    5.858804437739E-04,6.224979715098E-04,6.591154992457E-04,
    6.957330269815E-04,7.323505547174E-04,7.689680824533E-04,
    8.055856101891E-04),.QUASI_UNIFORM_KNOTS.);
#5861 = CARTESIAN_POINT('',(5.06744104595,5.5));
#5862 = CARTESIAN_POINT('',(5.067441045948,5.512386806435));
#5863 = CARTESIAN_POINT('',(5.067402968728,5.537085088256));
#5864 = CARTESIAN_POINT('',(5.067235819153,5.573741952929));
#5865 = CARTESIAN_POINT('',(5.066962833754,5.609843694266));
#5866 = CARTESIAN_POINT('',(5.066588210419,5.645225748279));
#5867 = CARTESIAN_POINT('',(5.06611614664,5.679723546194));
#5868 = CARTESIAN_POINT('',(5.065550840665,5.713172537088));
#5869 = CARTESIAN_POINT('',(5.064896487063,5.745408103424));
#5870 = CARTESIAN_POINT('',(5.064157293238,5.776265876263));
#5871 = CARTESIAN_POINT('',(5.063337417795,5.805580558896));
#5872 = CARTESIAN_POINT('',(5.062441200598,5.833190317091));
#5873 = CARTESIAN_POINT('',(5.061472304212,5.858920394478));
#5874 = CARTESIAN_POINT('',(5.060436918104,5.882644260763));
#5875 = CARTESIAN_POINT('',(5.059342697647,5.904350695154));
#5876 = CARTESIAN_POINT('',(5.058194771096,5.923980250784));
#5877 = CARTESIAN_POINT('',(5.056998943788,5.941486402925));
#5878 = CARTESIAN_POINT('',(5.055760839541,5.956819164372));
#5879 = CARTESIAN_POINT('',(5.054486130639,5.969929475687));
#5880 = CARTESIAN_POINT('',(5.053180476114,5.980768028839));
#5881 = CARTESIAN_POINT('',(5.051849538169,5.989285582407));
#5882 = CARTESIAN_POINT('',(5.050498977618,5.99543287712));
#5883 = CARTESIAN_POINT('',(5.049134455054,5.999160658494));
#5884 = CARTESIAN_POINT('',(5.04821923839,6.));
#5885 = CARTESIAN_POINT('',(5.04776118963,6.));
#5886 = ( GEOMETRIC_REPRESENTATION_CONTEXT(2) 
PARAMETRIC_REPRESENTATION_CONTEXT() REPRESENTATION_CONTEXT('2D SPACE',''
  ) );
#5887 = PCURVE('',#3867,#5888);
#5888 = DEFINITIONAL_REPRESENTATION('',(#5889),#5915);
#5889 = B_SPLINE_CURVE_WITH_KNOTS('',3,(#5890,#5891,#5892,#5893,#5894,
    #5895,#5896,#5897,#5898,#5899,#5900,#5901,#5902,#5903,#5904,#5905,
    #5906,#5907,#5908,#5909,#5910,#5911,#5912,#5913,#5914),
  .UNSPECIFIED.,.F.,.F.,(4,1,1,1,1,1,1,1,1,1,1,1,1,1,1,1,1,1,1,1,1,1,4),
  (0.,3.661752773587E-05,7.323505547174E-05,1.098525832076E-04,
    1.464701109435E-04,1.830876386794E-04,2.197051664152E-04,
    2.563226941511E-04,2.92940221887E-04,3.295577496228E-04,
    3.661752773587E-04,4.027928050946E-04,4.394103328304E-04,
    4.760278605663E-04,5.126453883022E-04,5.492629160381E-04,
    5.858804437739E-04,6.224979715098E-04,6.591154992457E-04,
    6.957330269815E-04,7.323505547174E-04,7.689680824533E-04,
    8.055856101891E-04),.QUASI_UNIFORM_KNOTS.);
#5890 = CARTESIAN_POINT('',(4.712388980385,-25.31596653161));
#5891 = CARTESIAN_POINT('',(4.687618870998,-25.31596653161));
#5892 = CARTESIAN_POINT('',(4.638215867681,-25.31632565139));
#5893 = CARTESIAN_POINT('',(4.564454227555,-25.31789884271));
#5894 = CARTESIAN_POINT('',(4.490951526151,-25.3204636982));
#5895 = CARTESIAN_POINT('',(4.417676843448,-25.32397736958));
#5896 = CARTESIAN_POINT('',(4.344625565145,-25.32839701159));
#5897 = CARTESIAN_POINT('',(4.271816995041,-25.33367976773));
#5898 = CARTESIAN_POINT('',(4.199284513985,-25.3397828234));
#5899 = CARTESIAN_POINT('',(4.127067260793,-25.34666320757));
#5900 = CARTESIAN_POINT('',(4.055200674307,-25.35427853315));
#5901 = CARTESIAN_POINT('',(3.983709288697,-25.36258423368));
#5902 = CARTESIAN_POINT('',(3.91259261243,-25.37154387618));
#5903 = CARTESIAN_POINT('',(3.841838862018,-25.38109067321));
#5904 = CARTESIAN_POINT('',(3.771366363366,-25.39114616168));
#5905 = CARTESIAN_POINT('',(3.701098559685,-25.40166223287));
#5906 = CARTESIAN_POINT('',(3.630981921539,-25.41258264464));
#5907 = CARTESIAN_POINT('',(3.560975948005,-25.42385333419));
#5908 = CARTESIAN_POINT('',(3.491050175446,-25.43541965478));
#5909 = CARTESIAN_POINT('',(3.42117890714,-25.44722711612));
#5910 = CARTESIAN_POINT('',(3.351336542684,-25.45922118601));
#5911 = CARTESIAN_POINT('',(3.281491991838,-25.47134734348));
#5912 = CARTESIAN_POINT('',(3.211606100589,-25.48355106455));
#5913 = CARTESIAN_POINT('',(3.164947781293,-25.49170223887));
#5914 = CARTESIAN_POINT('',(3.14159265359,-25.49577257887));
#5915 = ( GEOMETRIC_REPRESENTATION_CONTEXT(2) 
PARAMETRIC_REPRESENTATION_CONTEXT() REPRESENTATION_CONTEXT('2D SPACE',''
  ) );
#5916 = ORIENTED_EDGE('',*,*,#5917,.T.);
#5917 = EDGE_CURVE('',#5848,#5918,#5920,.T.);
#5918 = VERTEX_POINT('',#5919);
#5919 = CARTESIAN_POINT('',(9.386257964188,-25.31596653161,-25.7));
#5920 = SURFACE_CURVE('',#5921,(#5925,#5932),.PCURVE_S1.);
#5921 = LINE('',#5922,#5923);
#5922 = CARTESIAN_POINT('',(9.386257964188,-25.31596653161,-26.2));
#5923 = VECTOR('',#5924,1.);
#5924 = DIRECTION('',(6.305496559635E-17,-4.941768411644E-18,-1.));
#5925 = PCURVE('',#5648,#5926);
#5926 = DEFINITIONAL_REPRESENTATION('',(#5927),#5931);
#5927 = LINE('',#5928,#5929);
#5928 = CARTESIAN_POINT('',(5.06744104595,0.));
#5929 = VECTOR('',#5930,1.);
#5930 = DIRECTION('',(0.,-1.));
#5931 = ( GEOMETRIC_REPRESENTATION_CONTEXT(2) 
PARAMETRIC_REPRESENTATION_CONTEXT() REPRESENTATION_CONTEXT('2D SPACE',''
  ) );
#5932 = PCURVE('',#5933,#5938);
#5933 = PLANE('',#5934);
#5934 = AXIS2_PLACEMENT_3D('',#5935,#5936,#5937);
#5935 = CARTESIAN_POINT('',(9.386257964188,-20.30475739141,
    2.858890880359));
#5936 = DIRECTION('',(-1.,-1.734723475977E-18,-6.305496559635E-17));
#5937 = DIRECTION('',(-6.305496559635E-17,4.941768411644E-18,1.));
#5938 = DEFINITIONAL_REPRESENTATION('',(#5939),#5943);
#5939 = LINE('',#5940,#5941);
#5940 = CARTESIAN_POINT('',(-29.05889088035,-5.011209140196));
#5941 = VECTOR('',#5942,1.);
#5942 = DIRECTION('',(-1.,0.));
#5943 = ( GEOMETRIC_REPRESENTATION_CONTEXT(2) 
PARAMETRIC_REPRESENTATION_CONTEXT() REPRESENTATION_CONTEXT('2D SPACE',''
  ) );
#5944 = ORIENTED_EDGE('',*,*,#5945,.F.);
#5945 = EDGE_CURVE('',#5946,#5918,#5948,.T.);
#5946 = VERTEX_POINT('',#5947);
#5947 = CARTESIAN_POINT('',(8.886257964188,-25.49577257887,-26.2));
#5948 = SURFACE_CURVE('',#5949,(#5956,#5985),.PCURVE_S1.);
#5949 = B_SPLINE_CURVE_WITH_KNOTS('',3,(#5950,#5951,#5952,#5953,#5954,
    #5955),.UNSPECIFIED.,.F.,.F.,(4,2,4),(0.,4.028037894068E-04,
    8.056075788136E-04),.UNSPECIFIED.);
#5950 = CARTESIAN_POINT('',(8.886257964188,-25.49577257887,-26.2));
#5951 = CARTESIAN_POINT('',(9.014844831748,-25.45095510679,-26.2));
#5952 = CARTESIAN_POINT('',(9.140653579497,-25.4058737122,
    -26.14985805669));
#5953 = CARTESIAN_POINT('',(9.328281400112,-25.33758341005,
    -25.96777729992));
#5954 = CARTESIAN_POINT('',(9.386257964188,-25.31596653161,
    -25.83642707745));
#5955 = CARTESIAN_POINT('',(9.386257964188,-25.31596653161,-25.7));
#5956 = PCURVE('',#5648,#5957);
#5957 = DEFINITIONAL_REPRESENTATION('',(#5958),#5984);
#5958 = B_SPLINE_CURVE_WITH_KNOTS('',3,(#5959,#5960,#5961,#5962,#5963,
    #5964,#5965,#5966,#5967,#5968,#5969,#5970,#5971,#5972,#5973,#5974,
    #5975,#5976,#5977,#5978,#5979,#5980,#5981,#5982,#5983),
  .UNSPECIFIED.,.F.,.F.,(4,1,1,1,1,1,1,1,1,1,1,1,1,1,1,1,1,1,1,1,1,1,4),
  (0.,3.661852630971E-05,7.323705261942E-05,1.098555789291E-04,
    1.464741052388E-04,1.830926315485E-04,2.197111578583E-04,
    2.56329684168E-04,2.929482104777E-04,3.295667367874E-04,
    3.661852630971E-04,4.028037894068E-04,4.394223157165E-04,
    4.760408420262E-04,5.126593683359E-04,5.492778946456E-04,
    5.858964209553E-04,6.225149472651E-04,6.591334735748E-04,
    6.957519998845E-04,7.323705261942E-04,7.689890525039E-04,
    8.056075788136E-04),.QUASI_UNIFORM_KNOTS.);
#5959 = CARTESIAN_POINT('',(5.04776118963,0.));
#5960 = CARTESIAN_POINT('',(5.048219685785,4.445784560961E-16));
#5961 = CARTESIAN_POINT('',(5.049135125537,8.287924562729E-04));
#5962 = CARTESIAN_POINT('',(5.050498408223,4.516689757498E-03));
#5963 = CARTESIAN_POINT('',(5.051846595006,1.060762710258E-02));
#5964 = CARTESIAN_POINT('',(5.053174465862,1.905993529192E-02));
#5965 = CARTESIAN_POINT('',(5.054476800923,2.983194745339E-02));
#5966 = CARTESIAN_POINT('',(5.055748377613,4.288198803166E-02));
#5967 = CARTESIAN_POINT('',(5.056983981515,5.816841387673E-02));
#5968 = CARTESIAN_POINT('',(5.058178366359,7.56494609005E-02));
#5969 = CARTESIAN_POINT('',(5.059326403731,9.528381636188E-02));
#5970 = CARTESIAN_POINT('',(5.060422524684,0.11702848307));
#5971 = CARTESIAN_POINT('',(5.061462803928,0.140846750286));
#5972 = CARTESIAN_POINT('',(5.062437181673,0.166678445912));
#5973 = CARTESIAN_POINT('',(5.063336827971,0.194346240157));
#5974 = CARTESIAN_POINT('',(5.064159047162,0.223696264595));
#5975 = CARTESIAN_POINT('',(5.064899499692,0.254568364344));
#5976 = CARTESIAN_POINT('',(5.065554286266,0.286804068972));
#5977 = CARTESIAN_POINT('',(5.06611938939,0.320244456702));
#5978 = CARTESIAN_POINT('',(5.066590822996,0.354730726695));
#5979 = CARTESIAN_POINT('',(5.066964592348,0.390104045703));
#5980 = CARTESIAN_POINT('',(5.0672367048,0.426205589166));
#5981 = CARTESIAN_POINT('',(5.067403166946,0.462876530194));
#5982 = CARTESIAN_POINT('',(5.067441045948,0.487597538414));
#5983 = CARTESIAN_POINT('',(5.06744104595,0.5));
#5984 = ( GEOMETRIC_REPRESENTATION_CONTEXT(2) 
PARAMETRIC_REPRESENTATION_CONTEXT() REPRESENTATION_CONTEXT('2D SPACE',''
  ) );
#5985 = PCURVE('',#5986,#5991);
#5986 = CYLINDRICAL_SURFACE('',#5987,0.5);
#5987 = AXIS2_PLACEMENT_3D('',#5988,#5989,#5990);
#5988 = CARTESIAN_POINT('',(8.886257964188,-1.176452595998E-17,-25.7));
#5989 = DIRECTION('',(1.734723475977E-18,-1.,4.941768411644E-18));
#5990 = DIRECTION('',(-6.305496559635E-17,4.941768411644E-18,1.));
#5991 = DEFINITIONAL_REPRESENTATION('',(#5992),#6018);
#5992 = B_SPLINE_CURVE_WITH_KNOTS('',3,(#5993,#5994,#5995,#5996,#5997,
    #5998,#5999,#6000,#6001,#6002,#6003,#6004,#6005,#6006,#6007,#6008,
    #6009,#6010,#6011,#6012,#6013,#6014,#6015,#6016,#6017),
  .UNSPECIFIED.,.F.,.F.,(4,1,1,1,1,1,1,1,1,1,1,1,1,1,1,1,1,1,1,1,1,1,4),
  (0.,3.661852630971E-05,7.323705261942E-05,1.098555789291E-04,
    1.464741052388E-04,1.830926315485E-04,2.197111578583E-04,
    2.56329684168E-04,2.929482104777E-04,3.295667367874E-04,
    3.661852630971E-04,4.028037894068E-04,4.394223157165E-04,
    4.760408420262E-04,5.126593683359E-04,5.492778946456E-04,
    5.858964209553E-04,6.225149472651E-04,6.591334735748E-04,
    6.957519998845E-04,7.323705261942E-04,7.689890525039E-04,
    8.056075788136E-04),.QUASI_UNIFORM_KNOTS.);
#5993 = CARTESIAN_POINT('',(3.14159265359,25.495772578879));
#5994 = CARTESIAN_POINT('',(3.164971102496,25.491698263234));
#5995 = CARTESIAN_POINT('',(3.21163997086,25.483545269577));
#5996 = CARTESIAN_POINT('',(3.281451731121,25.471353181208));
#5997 = CARTESIAN_POINT('',(3.351148377641,25.459248983697));
#5998 = CARTESIAN_POINT('',(3.420792750271,25.447283167479));
#5999 = CARTESIAN_POINT('',(3.49044313021,25.435506216692));
#6000 = CARTESIAN_POINT('',(3.56015523228,25.423968638962));
#6001 = CARTESIAN_POINT('',(3.629986677885,25.412720854265));
#6002 = CARTESIAN_POINT('',(3.699998845322,25.40181360969));
#6003 = CARTESIAN_POINT('',(3.770266410705,25.391296431519));
#6004 = CARTESIAN_POINT('',(3.840857840408,25.381223402157));
#6005 = CARTESIAN_POINT('',(3.91192288247,25.371631600321));
#6006 = CARTESIAN_POINT('',(3.983378994332,25.362621563348));
#6007 = CARTESIAN_POINT('',(4.055067852242,25.354284309896));
#6008 = CARTESIAN_POINT('',(4.127054645077,25.346647400004));
#6009 = CARTESIAN_POINT('',(4.199319478126,25.339755397399));
#6010 = CARTESIAN_POINT('',(4.271849620117,25.333648309683));
#6011 = CARTESIAN_POINT('',(4.344624764304,25.328367365268));
#6012 = CARTESIAN_POINT('',(4.417631255381,25.32395346545));
#6013 = CARTESIAN_POINT('',(4.490868032115,25.320447599176));
#6014 = CARTESIAN_POINT('',(4.564355872667,25.317890731908));
#6015 = CARTESIAN_POINT('',(4.638139392299,25.316323835402));
#6016 = CARTESIAN_POINT('',(4.687587220695,25.315966531612));
#6017 = CARTESIAN_POINT('',(4.712388980385,25.315966531612));
#6018 = ( GEOMETRIC_REPRESENTATION_CONTEXT(2) 
PARAMETRIC_REPRESENTATION_CONTEXT() REPRESENTATION_CONTEXT('2D SPACE',''
  ) );
#6019 = ORIENTED_EDGE('',*,*,#6020,.T.);
#6020 = EDGE_CURVE('',#5946,#6021,#6023,.T.);
#6021 = VERTEX_POINT('',#6022);
#6022 = CARTESIAN_POINT('',(27.,1.718692338151E-17,-26.2));
#6023 = SURFACE_CURVE('',#6024,(#6029,#6036),.PCURVE_S1.);
#6024 = CIRCLE('',#6025,27.);
#6025 = AXIS2_PLACEMENT_3D('',#6026,#6027,#6028);
#6026 = CARTESIAN_POINT('',(3.783297935781E-16,-2.965061046986E-17,-26.2
    ));
#6027 = DIRECTION('',(-6.305496559635E-17,4.941768411644E-18,1.));
#6028 = DIRECTION('',(1.,1.734723475977E-18,6.305496559635E-17));
#6029 = PCURVE('',#5648,#6030);
#6030 = DEFINITIONAL_REPRESENTATION('',(#6031),#6035);
#6031 = LINE('',#6032,#6033);
#6032 = CARTESIAN_POINT('',(0.,0.));
#6033 = VECTOR('',#6034,1.);
#6034 = DIRECTION('',(1.,0.));
#6035 = ( GEOMETRIC_REPRESENTATION_CONTEXT(2) 
PARAMETRIC_REPRESENTATION_CONTEXT() REPRESENTATION_CONTEXT('2D SPACE',''
  ) );
#6036 = PCURVE('',#3628,#6037);
#6037 = DEFINITIONAL_REPRESENTATION('',(#6038),#6042);
#6038 = CIRCLE('',#6039,27.);
#6039 = AXIS2_PLACEMENT_2D('',#6040,#6041);
#6040 = CARTESIAN_POINT('',(0.,0.));
#6041 = DIRECTION('',(1.,0.));
#6042 = ( GEOMETRIC_REPRESENTATION_CONTEXT(2) 
PARAMETRIC_REPRESENTATION_CONTEXT() REPRESENTATION_CONTEXT('2D SPACE',''
  ) );
#6043 = ORIENTED_EDGE('',*,*,#6044,.T.);
#6044 = EDGE_CURVE('',#6021,#6045,#6047,.T.);
#6045 = VERTEX_POINT('',#6046);
#6046 = CARTESIAN_POINT('',(27.,5.672107067466E-17,-18.2));
#6047 = SURFACE_CURVE('',#6048,(#6052,#6059),.PCURVE_S1.);
#6048 = LINE('',#6049,#6050);
#6049 = CARTESIAN_POINT('',(27.,1.718692338151E-17,-26.2));
#6050 = VECTOR('',#6051,1.);
#6051 = DIRECTION('',(-6.305496559635E-17,4.941768411644E-18,1.));
#6052 = PCURVE('',#5648,#6053);
#6053 = DEFINITIONAL_REPRESENTATION('',(#6054),#6058);
#6054 = LINE('',#6055,#6056);
#6055 = CARTESIAN_POINT('',(6.28318530718,0.));
#6056 = VECTOR('',#6057,1.);
#6057 = DIRECTION('',(0.,1.));
#6058 = ( GEOMETRIC_REPRESENTATION_CONTEXT(2) 
PARAMETRIC_REPRESENTATION_CONTEXT() REPRESENTATION_CONTEXT('2D SPACE',''
  ) );
#6059 = PCURVE('',#6060,#6065);
#6060 = CYLINDRICAL_SURFACE('',#6061,27.);
#6061 = AXIS2_PLACEMENT_3D('',#6062,#6063,#6064);
#6062 = CARTESIAN_POINT('',(3.783297935781E-16,-2.965061046986E-17,-26.2
    ));
#6063 = DIRECTION('',(-6.305496559635E-17,4.941768411644E-18,1.));
#6064 = DIRECTION('',(1.,1.734723475977E-18,6.305496559635E-17));
#6065 = DEFINITIONAL_REPRESENTATION('',(#6066),#6070);
#6066 = LINE('',#6067,#6068);
#6067 = CARTESIAN_POINT('',(0.,0.));
#6068 = VECTOR('',#6069,1.);
#6069 = DIRECTION('',(0.,1.));
#6070 = ( GEOMETRIC_REPRESENTATION_CONTEXT(2) 
PARAMETRIC_REPRESENTATION_CONTEXT() REPRESENTATION_CONTEXT('2D SPACE',''
  ) );
#6071 = ORIENTED_EDGE('',*,*,#6072,.F.);
#6072 = EDGE_CURVE('',#6073,#6045,#6075,.T.);
#6073 = VERTEX_POINT('',#6074);
#6074 = CARTESIAN_POINT('',(-27.,3.26959236067E-15,-18.2));
#6075 = SURFACE_CURVE('',#6076,(#6081,#6088),.PCURVE_S1.);
#6076 = CIRCLE('',#6077,27.);
#6077 = AXIS2_PLACEMENT_3D('',#6078,#6079,#6080);
#6078 = CARTESIAN_POINT('',(-1.261099311927E-16,9.883536823288E-18,-18.2
    ));
#6079 = DIRECTION('',(-6.305496559635E-17,4.941768411644E-18,1.));
#6080 = DIRECTION('',(1.,1.734723475977E-18,6.305496559635E-17));
#6081 = PCURVE('',#5648,#6082);
#6082 = DEFINITIONAL_REPRESENTATION('',(#6083),#6087);
#6083 = LINE('',#6084,#6085);
#6084 = CARTESIAN_POINT('',(0.,8.));
#6085 = VECTOR('',#6086,1.);
#6086 = DIRECTION('',(1.,0.));
#6087 = ( GEOMETRIC_REPRESENTATION_CONTEXT(2) 
PARAMETRIC_REPRESENTATION_CONTEXT() REPRESENTATION_CONTEXT('2D SPACE',''
  ) );
#6088 = PCURVE('',#123,#6089);
#6089 = DEFINITIONAL_REPRESENTATION('',(#6090),#6098);
#6090 = ( BOUNDED_CURVE() B_SPLINE_CURVE(2,(#6091,#6092,#6093,#6094,
#6095,#6096,#6097),.UNSPECIFIED.,.T.,.F.) B_SPLINE_CURVE_WITH_KNOTS((1,2
    ,2,2,2,1),(-2.094395102393,0.,2.094395102393,4.188790204786,
6.28318530718,8.377580409573),.UNSPECIFIED.) CURVE() 
GEOMETRIC_REPRESENTATION_ITEM() RATIONAL_B_SPLINE_CURVE((1.,0.5,1.,0.5,
1.,0.5,1.)) REPRESENTATION_ITEM('') );
#6091 = CARTESIAN_POINT('',(-27.,0.));
#6092 = CARTESIAN_POINT('',(-27.,46.76537180436));
#6093 = CARTESIAN_POINT('',(13.5,23.38268590218));
#6094 = CARTESIAN_POINT('',(54.,6.613092715396E-15));
#6095 = CARTESIAN_POINT('',(13.5,-23.38268590218));
#6096 = CARTESIAN_POINT('',(-27.,-46.76537180436));
#6097 = CARTESIAN_POINT('',(-27.,0.));
#6098 = ( GEOMETRIC_REPRESENTATION_CONTEXT(2) 
PARAMETRIC_REPRESENTATION_CONTEXT() REPRESENTATION_CONTEXT('2D SPACE',''
  ) );
#6099 = ORIENTED_EDGE('',*,*,#6100,.F.);
#6100 = EDGE_CURVE('',#6101,#6073,#6103,.T.);
#6101 = VERTEX_POINT('',#6102);
#6102 = CARTESIAN_POINT('',(-27.,3.230058213377E-15,-26.2));
#6103 = SURFACE_CURVE('',#6104,(#6108,#6115),.PCURVE_S1.);
#6104 = LINE('',#6105,#6106);
#6105 = CARTESIAN_POINT('',(-27.,3.230058213377E-15,-26.2));
#6106 = VECTOR('',#6107,1.);
#6107 = DIRECTION('',(-6.305496559635E-17,4.941768411644E-18,1.));
#6108 = PCURVE('',#5648,#6109);
#6109 = DEFINITIONAL_REPRESENTATION('',(#6110),#6114);
#6110 = LINE('',#6111,#6112);
#6111 = CARTESIAN_POINT('',(3.14159265359,0.));
#6112 = VECTOR('',#6113,1.);
#6113 = DIRECTION('',(0.,1.));
#6114 = ( GEOMETRIC_REPRESENTATION_CONTEXT(2) 
PARAMETRIC_REPRESENTATION_CONTEXT() REPRESENTATION_CONTEXT('2D SPACE',''
  ) );
#6115 = PCURVE('',#6060,#6116);
#6116 = DEFINITIONAL_REPRESENTATION('',(#6117),#6121);
#6117 = LINE('',#6118,#6119);
#6118 = CARTESIAN_POINT('',(3.14159265359,0.));
#6119 = VECTOR('',#6120,1.);
#6120 = DIRECTION('',(0.,1.));
#6121 = ( GEOMETRIC_REPRESENTATION_CONTEXT(2) 
PARAMETRIC_REPRESENTATION_CONTEXT() REPRESENTATION_CONTEXT('2D SPACE',''
  ) );
#6122 = ORIENTED_EDGE('',*,*,#6123,.T.);
#6123 = EDGE_CURVE('',#6101,#5637,#6124,.T.);
#6124 = SURFACE_CURVE('',#6125,(#6130,#6137),.PCURVE_S1.);
#6125 = CIRCLE('',#6126,27.);
#6126 = AXIS2_PLACEMENT_3D('',#6127,#6128,#6129);
#6127 = CARTESIAN_POINT('',(3.783297935781E-16,-2.965061046986E-17,-26.2
    ));
#6128 = DIRECTION('',(-6.305496559635E-17,4.941768411644E-18,1.));
#6129 = DIRECTION('',(1.,1.734723475977E-18,6.305496559635E-17));
#6130 = PCURVE('',#5648,#6131);
#6131 = DEFINITIONAL_REPRESENTATION('',(#6132),#6136);
#6132 = LINE('',#6133,#6134);
#6133 = CARTESIAN_POINT('',(0.,0.));
#6134 = VECTOR('',#6135,1.);
#6135 = DIRECTION('',(1.,0.));
#6136 = ( GEOMETRIC_REPRESENTATION_CONTEXT(2) 
PARAMETRIC_REPRESENTATION_CONTEXT() REPRESENTATION_CONTEXT('2D SPACE',''
  ) );
#6137 = PCURVE('',#3628,#6138);
#6138 = DEFINITIONAL_REPRESENTATION('',(#6139),#6143);
#6139 = CIRCLE('',#6140,27.);
#6140 = AXIS2_PLACEMENT_2D('',#6141,#6142);
#6141 = CARTESIAN_POINT('',(0.,0.));
#6142 = DIRECTION('',(1.,0.));
#6143 = ( GEOMETRIC_REPRESENTATION_CONTEXT(2) 
PARAMETRIC_REPRESENTATION_CONTEXT() REPRESENTATION_CONTEXT('2D SPACE',''
  ) );
#6144 = ADVANCED_FACE('',(#6145),#3722,.T.);
#6145 = FACE_BOUND('',#6146,.T.);
#6146 = EDGE_LOOP('',(#6147,#6148,#6169,#6170));
#6147 = ORIENTED_EDGE('',*,*,#3698,.T.);
#6148 = ORIENTED_EDGE('',*,*,#6149,.T.);
#6149 = EDGE_CURVE('',#3701,#4017,#6150,.T.);
#6150 = SURFACE_CURVE('',#6151,(#6155,#6162),.PCURVE_S1.);
#6151 = LINE('',#6152,#6153);
#6152 = CARTESIAN_POINT('',(-30.,3.58236454587E-15,-28.2));
#6153 = VECTOR('',#6154,1.);
#6154 = DIRECTION('',(-6.305496559635E-17,4.941768411644E-18,1.));
#6155 = PCURVE('',#3722,#6156);
#6156 = DEFINITIONAL_REPRESENTATION('',(#6157),#6161);
#6157 = LINE('',#6158,#6159);
#6158 = CARTESIAN_POINT('',(3.14159265359,0.));
#6159 = VECTOR('',#6160,1.);
#6160 = DIRECTION('',(0.,1.));
#6161 = ( GEOMETRIC_REPRESENTATION_CONTEXT(2) 
PARAMETRIC_REPRESENTATION_CONTEXT() REPRESENTATION_CONTEXT('2D SPACE',''
  ) );
#6162 = PCURVE('',#3973,#6163);
#6163 = DEFINITIONAL_REPRESENTATION('',(#6164),#6168);
#6164 = LINE('',#6165,#6166);
#6165 = CARTESIAN_POINT('',(3.14159265359,0.));
#6166 = VECTOR('',#6167,1.);
#6167 = DIRECTION('',(0.,1.));
#6168 = ( GEOMETRIC_REPRESENTATION_CONTEXT(2) 
PARAMETRIC_REPRESENTATION_CONTEXT() REPRESENTATION_CONTEXT('2D SPACE',''
  ) );
#6169 = ORIENTED_EDGE('',*,*,#4045,.T.);
#6170 = ORIENTED_EDGE('',*,*,#6171,.F.);
#6171 = EDGE_CURVE('',#3699,#3930,#6172,.T.);
#6172 = SURFACE_CURVE('',#6173,(#6177,#6184),.PCURVE_S1.);
#6173 = LINE('',#6174,#6175);
#6174 = CARTESIAN_POINT('',(30.,1.250755698615E-17,-28.2));
#6175 = VECTOR('',#6176,1.);
#6176 = DIRECTION('',(-6.305496559635E-17,4.941768411644E-18,1.));
#6177 = PCURVE('',#3722,#6178);
#6178 = DEFINITIONAL_REPRESENTATION('',(#6179),#6183);
#6179 = LINE('',#6180,#6181);
#6180 = CARTESIAN_POINT('',(0.,0.));
#6181 = VECTOR('',#6182,1.);
#6182 = DIRECTION('',(0.,1.));
#6183 = ( GEOMETRIC_REPRESENTATION_CONTEXT(2) 
PARAMETRIC_REPRESENTATION_CONTEXT() REPRESENTATION_CONTEXT('2D SPACE',''
  ) );
#6184 = PCURVE('',#3973,#6185);
#6185 = DEFINITIONAL_REPRESENTATION('',(#6186),#6190);
#6186 = LINE('',#6187,#6188);
#6187 = CARTESIAN_POINT('',(6.28318530718,0.));
#6188 = VECTOR('',#6189,1.);
#6189 = DIRECTION('',(0.,1.));
#6190 = ( GEOMETRIC_REPRESENTATION_CONTEXT(2) 
PARAMETRIC_REPRESENTATION_CONTEXT() REPRESENTATION_CONTEXT('2D SPACE',''
  ) );
#6191 = ADVANCED_FACE('',(#6192),#6205,.T.);
#6192 = FACE_BOUND('',#6193,.T.);
#6193 = EDGE_LOOP('',(#6194,#6223,#6247,#6271));
#6194 = ORIENTED_EDGE('',*,*,#6195,.F.);
#6195 = EDGE_CURVE('',#5089,#6196,#6198,.T.);
#6196 = VERTEX_POINT('',#6197);
#6197 = CARTESIAN_POINT('',(-37.52058494027,-13.86382723997,-19.7));
#6198 = SURFACE_CURVE('',#6199,(#6204,#6216),.PCURVE_S1.);
#6199 = CIRCLE('',#6200,40.);
#6200 = AXIS2_PLACEMENT_3D('',#6201,#6202,#6203);
#6201 = CARTESIAN_POINT('',(-3.152748279817E-17,2.470884205822E-18,-19.7
    ));
#6202 = DIRECTION('',(-6.305496559635E-17,4.941768411644E-18,1.));
#6203 = DIRECTION('',(-1.,-1.734723475977E-18,-6.305496559635E-17));
#6204 = PCURVE('',#6205,#6210);
#6205 = TOROIDAL_SURFACE('',#6206,39.5,0.5);
#6206 = AXIS2_PLACEMENT_3D('',#6207,#6208,#6209);
#6207 = CARTESIAN_POINT('',(-3.152748279817E-17,2.470884205822E-18,-19.7
    ));
#6208 = DIRECTION('',(6.305496559635E-17,-4.941768411644E-18,-1.));
#6209 = DIRECTION('',(-1.,-1.734723475977E-18,-6.305496559635E-17));
#6210 = DEFINITIONAL_REPRESENTATION('',(#6211),#6215);
#6211 = LINE('',#6212,#6213);
#6212 = CARTESIAN_POINT('',(6.28318530718,0.));
#6213 = VECTOR('',#6214,1.);
#6214 = DIRECTION('',(-1.,0.));
#6215 = ( GEOMETRIC_REPRESENTATION_CONTEXT(2) 
PARAMETRIC_REPRESENTATION_CONTEXT() REPRESENTATION_CONTEXT('2D SPACE',''
  ) );
#6216 = PCURVE('',#5138,#6217);
#6217 = DEFINITIONAL_REPRESENTATION('',(#6218),#6222);
#6218 = LINE('',#6219,#6220);
#6219 = CARTESIAN_POINT('',(3.14159265359,0.5));
#6220 = VECTOR('',#6221,1.);
#6221 = DIRECTION('',(1.,0.));
#6222 = ( GEOMETRIC_REPRESENTATION_CONTEXT(2) 
PARAMETRIC_REPRESENTATION_CONTEXT() REPRESENTATION_CONTEXT('2D SPACE',''
  ) );
#6223 = ORIENTED_EDGE('',*,*,#6224,.T.);
#6224 = EDGE_CURVE('',#5089,#6225,#6227,.T.);
#6225 = VERTEX_POINT('',#6226);
#6226 = CARTESIAN_POINT('',(-39.5,-6.852157730108E-17,-20.2));
#6227 = SURFACE_CURVE('',#6228,(#6233,#6240),.PCURVE_S1.);
#6228 = CIRCLE('',#6229,0.5);
#6229 = AXIS2_PLACEMENT_3D('',#6230,#6231,#6232);
#6230 = CARTESIAN_POINT('',(-39.5,-6.605069309526E-17,-19.7));
#6231 = DIRECTION('',(1.734723475977E-18,-1.,4.941768411644E-18));
#6232 = DIRECTION('',(-6.305496559635E-17,4.941768411644E-18,1.));
#6233 = PCURVE('',#6205,#6234);
#6234 = DEFINITIONAL_REPRESENTATION('',(#6235),#6239);
#6235 = LINE('',#6236,#6237);
#6236 = CARTESIAN_POINT('',(6.28318530718,-1.570796326795));
#6237 = VECTOR('',#6238,1.);
#6238 = DIRECTION('',(0.,1.));
#6239 = ( GEOMETRIC_REPRESENTATION_CONTEXT(2) 
PARAMETRIC_REPRESENTATION_CONTEXT() REPRESENTATION_CONTEXT('2D SPACE',''
  ) );
#6240 = PCURVE('',#5110,#6241);
#6241 = DEFINITIONAL_REPRESENTATION('',(#6242),#6246);
#6242 = LINE('',#6243,#6244);
#6243 = CARTESIAN_POINT('',(0.,-1.570796326795));
#6244 = VECTOR('',#6245,1.);
#6245 = DIRECTION('',(0.,1.));
#6246 = ( GEOMETRIC_REPRESENTATION_CONTEXT(2) 
PARAMETRIC_REPRESENTATION_CONTEXT() REPRESENTATION_CONTEXT('2D SPACE',''
  ) );
#6247 = ORIENTED_EDGE('',*,*,#6248,.F.);
#6248 = EDGE_CURVE('',#6249,#6225,#6251,.T.);
#6249 = VERTEX_POINT('',#6250);
#6250 = CARTESIAN_POINT('',(-37.05829356717,-13.67233988347,-20.2));
#6251 = SURFACE_CURVE('',#6252,(#6257,#6264),.PCURVE_S1.);
#6252 = CIRCLE('',#6253,39.5);
#6253 = AXIS2_PLACEMENT_3D('',#6254,#6255,#6256);
#6254 = CARTESIAN_POINT('',(2.465190328816E-31,-5.238529448733E-32,-20.2
    ));
#6255 = DIRECTION('',(6.305496559635E-17,-4.941768411644E-18,-1.));
#6256 = DIRECTION('',(-1.,-1.734723475977E-18,-6.305496559635E-17));
#6257 = PCURVE('',#6205,#6258);
#6258 = DEFINITIONAL_REPRESENTATION('',(#6259),#6263);
#6259 = LINE('',#6260,#6261);
#6260 = CARTESIAN_POINT('',(0.,1.570796326795));
#6261 = VECTOR('',#6262,1.);
#6262 = DIRECTION('',(1.,0.));
#6263 = ( GEOMETRIC_REPRESENTATION_CONTEXT(2) 
PARAMETRIC_REPRESENTATION_CONTEXT() REPRESENTATION_CONTEXT('2D SPACE',''
  ) );
#6264 = PCURVE('',#974,#6265);
#6265 = DEFINITIONAL_REPRESENTATION('',(#6266),#6270);
#6266 = CIRCLE('',#6267,39.5);
#6267 = AXIS2_PLACEMENT_2D('',#6268,#6269);
#6268 = CARTESIAN_POINT('',(0.,0.));
#6269 = DIRECTION('',(1.,0.));
#6270 = ( GEOMETRIC_REPRESENTATION_CONTEXT(2) 
PARAMETRIC_REPRESENTATION_CONTEXT() REPRESENTATION_CONTEXT('2D SPACE',''
  ) );
#6271 = ORIENTED_EDGE('',*,*,#6272,.F.);
#6272 = EDGE_CURVE('',#6196,#6249,#6273,.T.);
#6273 = SURFACE_CURVE('',#6274,(#6281,#6310),.PCURVE_S1.);
#6274 = B_SPLINE_CURVE_WITH_KNOTS('',3,(#6275,#6276,#6277,#6278,#6279,
    #6280),.UNSPECIFIED.,.F.,.F.,(4,2,4),(1.971671673737E-07,
    3.912431664418E-04,7.822891657162E-04),.UNSPECIFIED.);
#6275 = CARTESIAN_POINT('',(-37.52058494027,-13.86382723997,-19.7));
#6276 = CARTESIAN_POINT('',(-37.52058494027,-13.86382723997,
    -19.83221697622));
#6277 = CARTESIAN_POINT('',(-37.47037604611,-13.84303003506,
    -19.96151227599));
#6278 = CARTESIAN_POINT('',(-37.29963522184,-13.77230687,-20.14597979517
    ));
#6279 = CARTESIAN_POINT('',(-37.1788928043,-13.7222937231,-20.2));
#6280 = CARTESIAN_POINT('',(-37.05829356717,-13.67233988347,-20.2));
#6281 = PCURVE('',#6205,#6282);
#6282 = DEFINITIONAL_REPRESENTATION('',(#6283),#6309);
#6283 = B_SPLINE_CURVE_WITH_KNOTS('',3,(#6284,#6285,#6286,#6287,#6288,
    #6289,#6290,#6291,#6292,#6293,#6294,#6295,#6296,#6297,#6298,#6299,
    #6300,#6301,#6302,#6303,#6304,#6305,#6306,#6307,#6308),
  .UNSPECIFIED.,.F.,.F.,(4,1,1,1,1,1,1,1,1,1,1,1,1,1,1,1,1,1,1,1,1,1,4),
  (1.971671673737E-07,3.574680346505E-05,7.129643976272E-05,
    1.068460760604E-04,1.423957123581E-04,1.779453486557E-04,
    2.134949849534E-04,2.490446212511E-04,2.845942575488E-04,
    3.201438938464E-04,3.556935301441E-04,3.912431664418E-04,
    4.267928027395E-04,4.623424390371E-04,4.978920753348E-04,
    5.334417116325E-04,5.689913479302E-04,6.045409842278E-04,
    6.400906205255E-04,6.756402568232E-04,7.111898931209E-04,
    7.467395294185E-04,7.822891657162E-04),.QUASI_UNIFORM_KNOTS.);
#6284 = CARTESIAN_POINT('',(5.929245929631,0.));
#6285 = CARTESIAN_POINT('',(5.929245929709,2.403710183207E-02));
#6286 = CARTESIAN_POINT('',(5.929246799771,7.202376436485E-02));
#6287 = CARTESIAN_POINT('',(5.929250645002,0.143801046806));
#6288 = CARTESIAN_POINT('',(5.929256960448,0.215445429101));
#6289 = CARTESIAN_POINT('',(5.929265677408,0.286992075344));
#6290 = CARTESIAN_POINT('',(5.929276727867,0.35846042331));
#6291 = CARTESIAN_POINT('',(5.929290044538,0.429856708463));
#6292 = CARTESIAN_POINT('',(5.929305560733,0.501181446822));
#6293 = CARTESIAN_POINT('',(5.929323210351,0.572435485535));
#6294 = CARTESIAN_POINT('',(5.929342927584,0.643627824869));
#6295 = CARTESIAN_POINT('',(5.929364647653,0.714777703174));
#6296 = CARTESIAN_POINT('',(5.929388303716,0.785936729525));
#6297 = CARTESIAN_POINT('',(5.929413838082,0.857134544319));
#6298 = CARTESIAN_POINT('',(5.929441095573,0.928391786666));
#6299 = CARTESIAN_POINT('',(5.929469911665,0.999741238612));
#6300 = CARTESIAN_POINT('',(5.929500123627,1.071174659141));
#6301 = CARTESIAN_POINT('',(5.929531567369,1.142666297667));
#6302 = CARTESIAN_POINT('',(5.929564078138,1.214176619124));
#6303 = CARTESIAN_POINT('',(5.929597490203,1.285661987211));
#6304 = CARTESIAN_POINT('',(5.929631636835,1.357082643245));
#6305 = CARTESIAN_POINT('',(5.929666350175,1.428412379048));
#6306 = CARTESIAN_POINT('',(5.929701461339,1.499642336998));
#6307 = CARTESIAN_POINT('',(5.929725020308,1.547083644318));
#6308 = CARTESIAN_POINT('',(5.92973680933,1.570796326795));
#6309 = ( GEOMETRIC_REPRESENTATION_CONTEXT(2) 
PARAMETRIC_REPRESENTATION_CONTEXT() REPRESENTATION_CONTEXT('2D SPACE',''
  ) );
#6310 = PCURVE('',#6311,#6316);
#6311 = PLANE('',#6312);
#6312 = AXIS2_PLACEMENT_3D('',#6313,#6314,#6315);
#6313 = CARTESIAN_POINT('',(-38.93415991938,-14.44934916775,-18.7));
#6314 = DIRECTION('',(-0.382683432365,0.923879532511,-2.8695689352E-17)
  );
#6315 = DIRECTION('',(0.923879532511,0.382683432365,5.636405923995E-17)
  );
#6316 = DEFINITIONAL_REPRESENTATION('',(#6317),#6324);
#6317 = B_SPLINE_CURVE_WITH_KNOTS('',3,(#6318,#6319,#6320,#6321,#6322,
    #6323),.UNSPECIFIED.,.F.,.F.,(4,2,4),(1.971671673737E-07,
    3.912431664418E-04,7.822891657162E-04),.UNSPECIFIED.);
#6318 = CARTESIAN_POINT('',(1.530042531922,1.));
#6319 = CARTESIAN_POINT('',(1.530042531922,1.132216976224));
#6320 = CARTESIAN_POINT('',(1.584388247341,1.261512275993));
#6321 = CARTESIAN_POINT('',(1.769196783798,1.445979795171));
#6322 = CARTESIAN_POINT('',(1.899887434788,1.5));
#6323 = CARTESIAN_POINT('',(2.030423108424,1.5));
#6324 = ( GEOMETRIC_REPRESENTATION_CONTEXT(2) 
PARAMETRIC_REPRESENTATION_CONTEXT() REPRESENTATION_CONTEXT('2D SPACE',''
  ) );
#6325 = ADVANCED_FACE('',(#6326),#5432,.T.);
#6326 = FACE_BOUND('',#6327,.T.);
#6327 = EDGE_LOOP('',(#6328,#6379,#6403,#6452));
#6328 = ORIENTED_EDGE('',*,*,#6329,.F.);
#6329 = EDGE_CURVE('',#6330,#5388,#6332,.T.);
#6330 = VERTEX_POINT('',#6331);
#6331 = CARTESIAN_POINT('',(13.672339883473,37.058293567173,-20.2));
#6332 = SURFACE_CURVE('',#6333,(#6340,#6369),.PCURVE_S1.);
#6333 = B_SPLINE_CURVE_WITH_KNOTS('',3,(#6334,#6335,#6336,#6337,#6338,
    #6339),.UNSPECIFIED.,.F.,.F.,(4,2,4),(7.822956777504E-04,
    1.173007786458E-03,1.563719895165E-03),.UNSPECIFIED.);
#6334 = CARTESIAN_POINT('',(13.672339883473,37.058293567173,-20.2));
#6335 = CARTESIAN_POINT('',(13.72225106112,37.178789809162,-20.2));
#6336 = CARTESIAN_POINT('',(13.771913040995,37.298684434512,
    -20.14700008884));
#6337 = CARTESIAN_POINT('',(13.843413792933,37.47130251956,
    -19.96051824995));
#6338 = CARTESIAN_POINT('',(13.863827239978,37.520584940271,
    -19.8321102537));
#6339 = CARTESIAN_POINT('',(13.863827239978,37.52058494027,-19.7));
#6340 = PCURVE('',#5432,#6341);
#6341 = DEFINITIONAL_REPRESENTATION('',(#6342),#6368);
#6342 = B_SPLINE_CURVE_WITH_KNOTS('',3,(#6343,#6344,#6345,#6346,#6347,
    #6348,#6349,#6350,#6351,#6352,#6353,#6354,#6355,#6356,#6357,#6358,
    #6359,#6360,#6361,#6362,#6363,#6364,#6365,#6366,#6367),
  .UNSPECIFIED.,.F.,.F.,(4,1,1,1,1,1,1,1,1,1,1,1,1,1,1,1,1,1,1,1,1,1,4),
  (7.822956777504E-04,8.178149603601E-04,8.533342429699E-04,
    8.888535255796E-04,9.243728081894E-04,9.598920907991E-04,
    9.954113734089E-04,1.030930656019E-03,1.066449938628E-03,
    1.101969221238E-03,1.137488503848E-03,1.173007786458E-03,
    1.208527069067E-03,1.244046351677E-03,1.279565634287E-03,
    1.315084916897E-03,1.350604199506E-03,1.386123482116E-03,
    1.421642764726E-03,1.457162047336E-03,1.492681329945E-03,
    1.528200612555E-03,1.563719895165E-03),.QUASI_UNIFORM_KNOTS.);
#6343 = CARTESIAN_POINT('',(1.924244824645,1.570796326795));
#6344 = CARTESIAN_POINT('',(1.924256603591,1.547103148051));
#6345 = CARTESIAN_POINT('',(1.924280129236,1.499730352498));
#6346 = CARTESIAN_POINT('',(1.924315163235,1.428672834159));
#6347 = CARTESIAN_POINT('',(1.924349784604,1.357569639447));
#6348 = CARTESIAN_POINT('',(1.924383836702,1.286402608952));
#6349 = CARTESIAN_POINT('',(1.924417163848,1.215165037626));
#6350 = CARTESIAN_POINT('',(1.924449611349,1.143858541713));
#6351 = CARTESIAN_POINT('',(1.92448102564,1.072484702275));
#6352 = CARTESIAN_POINT('',(1.924511253278,1.001041816885));
#6353 = CARTESIAN_POINT('',(1.924540144377,0.929506319197));
#6354 = CARTESIAN_POINT('',(1.924567539323,0.857871396551));
#6355 = CARTESIAN_POINT('',(1.924593317874,0.78597414376));
#6356 = CARTESIAN_POINT('',(1.924617215379,0.71411420796));
#6357 = CARTESIAN_POINT('',(1.924639066582,0.642582604482));
#6358 = CARTESIAN_POINT('',(1.924658850704,0.571197935845));
#6359 = CARTESIAN_POINT('',(1.924676507733,0.499926335739));
#6360 = CARTESIAN_POINT('',(1.924691987578,0.428710047534));
#6361 = CARTESIAN_POINT('',(1.924705236823,0.35750765996));
#6362 = CARTESIAN_POINT('',(1.924716202196,0.286277316551));
#6363 = CARTESIAN_POINT('',(1.924724829567,0.214975306918));
#6364 = CARTESIAN_POINT('',(1.924731064105,0.14354983038));
#6365 = CARTESIAN_POINT('',(1.92473485026,7.193911728611E-02));
#6366 = CARTESIAN_POINT('',(1.924735704267,2.40184490563E-02));
#6367 = CARTESIAN_POINT('',(1.924735704344,0.));
#6368 = ( GEOMETRIC_REPRESENTATION_CONTEXT(2) 
PARAMETRIC_REPRESENTATION_CONTEXT() REPRESENTATION_CONTEXT('2D SPACE',''
  ) );
#6369 = PCURVE('',#5403,#6370);
#6370 = DEFINITIONAL_REPRESENTATION('',(#6371),#6378);
#6371 = B_SPLINE_CURVE_WITH_KNOTS('',3,(#6372,#6373,#6374,#6375,#6376,
    #6377),.UNSPECIFIED.,.F.,.F.,(4,2,4),(7.822956777504E-04,
    1.173007786458E-03,1.563719895165E-03),.UNSPECIFIED.);
#6372 = CARTESIAN_POINT('',(-2.030423108424,1.5));
#6373 = CARTESIAN_POINT('',(-1.899998915931,1.5));
#6374 = CARTESIAN_POINT('',(-1.770225908596,1.447000088842));
#6375 = CARTESIAN_POINT('',(-1.58338543971,1.260518249952));
#6376 = CARTESIAN_POINT('',(-1.530042531921,1.132110253704));
#6377 = CARTESIAN_POINT('',(-1.530042531922,1.));
#6378 = ( GEOMETRIC_REPRESENTATION_CONTEXT(2) 
PARAMETRIC_REPRESENTATION_CONTEXT() REPRESENTATION_CONTEXT('2D SPACE',''
  ) );
#6379 = ORIENTED_EDGE('',*,*,#6380,.F.);
#6380 = EDGE_CURVE('',#6381,#6330,#6383,.T.);
#6381 = VERTEX_POINT('',#6382);
#6382 = CARTESIAN_POINT('',(-13.67233988347,37.058293567173,-20.2));
#6383 = SURFACE_CURVE('',#6384,(#6389,#6396),.PCURVE_S1.);
#6384 = CIRCLE('',#6385,39.5);
#6385 = AXIS2_PLACEMENT_3D('',#6386,#6387,#6388);
#6386 = CARTESIAN_POINT('',(2.465190328816E-31,-5.238529448733E-32,-20.2
    ));
#6387 = DIRECTION('',(6.305496559635E-17,-4.941768411644E-18,-1.));
#6388 = DIRECTION('',(-1.,-1.734723475977E-18,-6.305496559635E-17));
#6389 = PCURVE('',#5432,#6390);
#6390 = DEFINITIONAL_REPRESENTATION('',(#6391),#6395);
#6391 = LINE('',#6392,#6393);
#6392 = CARTESIAN_POINT('',(0.,1.570796326795));
#6393 = VECTOR('',#6394,1.);
#6394 = DIRECTION('',(1.,0.));
#6395 = ( GEOMETRIC_REPRESENTATION_CONTEXT(2) 
PARAMETRIC_REPRESENTATION_CONTEXT() REPRESENTATION_CONTEXT('2D SPACE',''
  ) );
#6396 = PCURVE('',#974,#6397);
#6397 = DEFINITIONAL_REPRESENTATION('',(#6398),#6402);
#6398 = CIRCLE('',#6399,39.5);
#6399 = AXIS2_PLACEMENT_2D('',#6400,#6401);
#6400 = CARTESIAN_POINT('',(0.,0.));
#6401 = DIRECTION('',(1.,0.));
#6402 = ( GEOMETRIC_REPRESENTATION_CONTEXT(2) 
PARAMETRIC_REPRESENTATION_CONTEXT() REPRESENTATION_CONTEXT('2D SPACE',''
  ) );
#6403 = ORIENTED_EDGE('',*,*,#6404,.F.);
#6404 = EDGE_CURVE('',#5416,#6381,#6405,.T.);
#6405 = SURFACE_CURVE('',#6406,(#6413,#6442),.PCURVE_S1.);
#6406 = B_SPLINE_CURVE_WITH_KNOTS('',3,(#6407,#6408,#6409,#6410,#6411,
    #6412),.UNSPECIFIED.,.F.,.F.,(4,2,4),(1.971671673737E-07,
    3.912431664418E-04,7.822891657162E-04),.UNSPECIFIED.);
#6407 = CARTESIAN_POINT('',(-13.86382723997,37.52058494027,-19.7));
#6408 = CARTESIAN_POINT('',(-13.86382723997,37.52058494027,
    -19.83221697622));
#6409 = CARTESIAN_POINT('',(-13.84303003506,37.470376046114,
    -19.96151227599));
#6410 = CARTESIAN_POINT('',(-13.77230687,37.299635221849,-20.14597979517
    ));
#6411 = CARTESIAN_POINT('',(-13.7222937231,37.178892804308,-20.2));
#6412 = CARTESIAN_POINT('',(-13.67233988347,37.058293567173,-20.2));
#6413 = PCURVE('',#5432,#6414);
#6414 = DEFINITIONAL_REPRESENTATION('',(#6415),#6441);
#6415 = B_SPLINE_CURVE_WITH_KNOTS('',3,(#6416,#6417,#6418,#6419,#6420,
    #6421,#6422,#6423,#6424,#6425,#6426,#6427,#6428,#6429,#6430,#6431,
    #6432,#6433,#6434,#6435,#6436,#6437,#6438,#6439,#6440),
  .UNSPECIFIED.,.F.,.F.,(4,1,1,1,1,1,1,1,1,1,1,1,1,1,1,1,1,1,1,1,1,1,4),
  (1.971671673737E-07,3.574680346505E-05,7.129643976272E-05,
    1.068460760604E-04,1.423957123581E-04,1.779453486557E-04,
    2.134949849534E-04,2.490446212511E-04,2.845942575488E-04,
    3.201438938464E-04,3.556935301441E-04,3.912431664418E-04,
    4.267928027395E-04,4.623424390371E-04,4.978920753348E-04,
    5.334417116325E-04,5.689913479302E-04,6.045409842278E-04,
    6.400906205255E-04,6.756402568232E-04,7.111898931209E-04,
    7.467395294185E-04,7.822891657162E-04),.QUASI_UNIFORM_KNOTS.);
#6416 = CARTESIAN_POINT('',(1.216856949246,0.));
#6417 = CARTESIAN_POINT('',(1.216856949324,2.403710183207E-02));
#6418 = CARTESIAN_POINT('',(1.216857819386,7.202376436485E-02));
#6419 = CARTESIAN_POINT('',(1.216861664617,0.143801046806));
#6420 = CARTESIAN_POINT('',(1.216867980063,0.215445429101));
#6421 = CARTESIAN_POINT('',(1.216876697023,0.286992075344));
#6422 = CARTESIAN_POINT('',(1.216887747482,0.35846042331));
#6423 = CARTESIAN_POINT('',(1.216901064153,0.429856708463));
#6424 = CARTESIAN_POINT('',(1.216916580348,0.501181446822));
#6425 = CARTESIAN_POINT('',(1.216934229967,0.572435485535));
#6426 = CARTESIAN_POINT('',(1.216953947199,0.643627824869));
#6427 = CARTESIAN_POINT('',(1.216975667268,0.714777703174));
#6428 = CARTESIAN_POINT('',(1.216999323331,0.785936729525));
#6429 = CARTESIAN_POINT('',(1.217024857697,0.857134544319));
#6430 = CARTESIAN_POINT('',(1.217052115188,0.928391786666));
#6431 = CARTESIAN_POINT('',(1.217080931281,0.999741238612));
#6432 = CARTESIAN_POINT('',(1.217111143243,1.071174659141));
#6433 = CARTESIAN_POINT('',(1.217142586984,1.142666297667));
#6434 = CARTESIAN_POINT('',(1.217175097753,1.214176619124));
#6435 = CARTESIAN_POINT('',(1.217208509818,1.285661987211));
#6436 = CARTESIAN_POINT('',(1.21724265645,1.357082643245));
#6437 = CARTESIAN_POINT('',(1.21727736979,1.428412379048));
#6438 = CARTESIAN_POINT('',(1.217312480954,1.499642336998));
#6439 = CARTESIAN_POINT('',(1.217336039923,1.547083644318));
#6440 = CARTESIAN_POINT('',(1.217347828945,1.570796326795));
#6441 = ( GEOMETRIC_REPRESENTATION_CONTEXT(2) 
PARAMETRIC_REPRESENTATION_CONTEXT() REPRESENTATION_CONTEXT('2D SPACE',''
  ) );
#6442 = PCURVE('',#5460,#6443);
#6443 = DEFINITIONAL_REPRESENTATION('',(#6444),#6451);
#6444 = B_SPLINE_CURVE_WITH_KNOTS('',3,(#6445,#6446,#6447,#6448,#6449,
    #6450),.UNSPECIFIED.,.F.,.F.,(4,2,4),(1.971671673737E-07,
    3.912431664418E-04,7.822891657162E-04),.UNSPECIFIED.);
#6445 = CARTESIAN_POINT('',(1.530042531922,1.));
#6446 = CARTESIAN_POINT('',(1.530042531922,1.132216976224));
#6447 = CARTESIAN_POINT('',(1.584388247341,1.261512275993));
#6448 = CARTESIAN_POINT('',(1.769196783798,1.445979795171));
#6449 = CARTESIAN_POINT('',(1.899887434788,1.5));
#6450 = CARTESIAN_POINT('',(2.030423108424,1.5));
#6451 = ( GEOMETRIC_REPRESENTATION_CONTEXT(2) 
PARAMETRIC_REPRESENTATION_CONTEXT() REPRESENTATION_CONTEXT('2D SPACE',''
  ) );
#6452 = ORIENTED_EDGE('',*,*,#5415,.F.);
#6453 = ADVANCED_FACE('',(#6454),#5323,.T.);
#6454 = FACE_BOUND('',#6455,.T.);
#6455 = EDGE_LOOP('',(#6456,#6507,#6508,#6559));
#6456 = ORIENTED_EDGE('',*,*,#6457,.F.);
#6457 = EDGE_CURVE('',#5307,#6458,#6460,.T.);
#6458 = VERTEX_POINT('',#6459);
#6459 = CARTESIAN_POINT('',(16.536366434258,35.871974926842,-20.2));
#6460 = SURFACE_CURVE('',#6461,(#6468,#6497),.PCURVE_S1.);
#6461 = B_SPLINE_CURVE_WITH_KNOTS('',3,(#6462,#6463,#6464,#6465,#6466,
    #6467),.UNSPECIFIED.,.F.,.F.,(4,2,4),(1.971671673737E-07,
    3.912431664418E-04,7.822891657162E-04),.UNSPECIFIED.);
#6462 = CARTESIAN_POINT('',(16.727853790763,36.334266299939,-19.7));
#6463 = CARTESIAN_POINT('',(16.727853790763,36.334266299939,
    -19.83221697622));
#6464 = CARTESIAN_POINT('',(16.707056585852,36.284057405783,
    -19.96151227599));
#6465 = CARTESIAN_POINT('',(16.63633342079,36.113316581517,
    -20.14597979517));
#6466 = CARTESIAN_POINT('',(16.586320273891,35.992574163977,-20.2));
#6467 = CARTESIAN_POINT('',(16.536366434258,35.871974926842,-20.2));
#6468 = PCURVE('',#5323,#6469);
#6469 = DEFINITIONAL_REPRESENTATION('',(#6470),#6496);
#6470 = B_SPLINE_CURVE_WITH_KNOTS('',3,(#6471,#6472,#6473,#6474,#6475,
    #6476,#6477,#6478,#6479,#6480,#6481,#6482,#6483,#6484,#6485,#6486,
    #6487,#6488,#6489,#6490,#6491,#6492,#6493,#6494,#6495),
  .UNSPECIFIED.,.F.,.F.,(4,1,1,1,1,1,1,1,1,1,1,1,1,1,1,1,1,1,1,1,1,1,4),
  (1.971671673737E-07,3.574680346505E-05,7.129643976272E-05,
    1.068460760604E-04,1.423957123581E-04,1.779453486557E-04,
    2.134949849534E-04,2.490446212511E-04,2.845942575488E-04,
    3.201438938464E-04,3.556935301441E-04,3.912431664418E-04,
    4.267928027395E-04,4.623424390371E-04,4.978920753348E-04,
    5.334417116325E-04,5.689913479302E-04,6.045409842278E-04,
    6.400906205255E-04,6.756402568232E-04,7.111898931209E-04,
    7.467395294185E-04,7.822891657162E-04),.QUASI_UNIFORM_KNOTS.);
#6471 = CARTESIAN_POINT('',(2.002255112643,0.));
#6472 = CARTESIAN_POINT('',(2.002255112722,2.403710183207E-02));
#6473 = CARTESIAN_POINT('',(2.002255982783,7.202376436484E-02));
#6474 = CARTESIAN_POINT('',(2.002259828014,0.143801046806));
#6475 = CARTESIAN_POINT('',(2.002266143461,0.215445429101));
#6476 = CARTESIAN_POINT('',(2.002274860421,0.286992075344));
#6477 = CARTESIAN_POINT('',(2.00228591088,0.35846042331));
#6478 = CARTESIAN_POINT('',(2.002299227551,0.429856708463));
#6479 = CARTESIAN_POINT('',(2.002314743746,0.501181446822));
#6480 = CARTESIAN_POINT('',(2.002332393364,0.572435485535));
#6481 = CARTESIAN_POINT('',(2.002352110597,0.643627824869));
#6482 = CARTESIAN_POINT('',(2.002373830665,0.714777703174));
#6483 = CARTESIAN_POINT('',(2.002397486729,0.785936729525));
#6484 = CARTESIAN_POINT('',(2.002423021095,0.857134544319));
#6485 = CARTESIAN_POINT('',(2.002450278585,0.928391786666));
#6486 = CARTESIAN_POINT('',(2.002479094678,0.999741238612));
#6487 = CARTESIAN_POINT('',(2.00250930664,1.071174659141));
#6488 = CARTESIAN_POINT('',(2.002540750381,1.142666297667));
#6489 = CARTESIAN_POINT('',(2.00257326115,1.214176619124));
#6490 = CARTESIAN_POINT('',(2.002606673216,1.285661987211));
#6491 = CARTESIAN_POINT('',(2.002640819847,1.357082643245));
#6492 = CARTESIAN_POINT('',(2.002675533188,1.428412379048));
#6493 = CARTESIAN_POINT('',(2.002710644352,1.499642336999));
#6494 = CARTESIAN_POINT('',(2.002734203321,1.547083644318));
#6495 = CARTESIAN_POINT('',(2.002745992343,1.570796326795));
#6496 = ( GEOMETRIC_REPRESENTATION_CONTEXT(2) 
PARAMETRIC_REPRESENTATION_CONTEXT() REPRESENTATION_CONTEXT('2D SPACE',''
  ) );
#6497 = PCURVE('',#5351,#6498);
#6498 = DEFINITIONAL_REPRESENTATION('',(#6499),#6506);
#6499 = B_SPLINE_CURVE_WITH_KNOTS('',3,(#6500,#6501,#6502,#6503,#6504,
    #6505),.UNSPECIFIED.,.F.,.F.,(4,2,4),(1.971671673737E-07,
    3.912431664418E-04,7.822891657162E-04),.UNSPECIFIED.);
#6500 = CARTESIAN_POINT('',(1.530042531922,1.));
#6501 = CARTESIAN_POINT('',(1.530042531922,1.132216976224));
#6502 = CARTESIAN_POINT('',(1.584388247341,1.261512275993));
#6503 = CARTESIAN_POINT('',(1.769196783798,1.445979795171));
#6504 = CARTESIAN_POINT('',(1.899887434788,1.5));
#6505 = CARTESIAN_POINT('',(2.030423108424,1.5));
#6506 = ( GEOMETRIC_REPRESENTATION_CONTEXT(2) 
PARAMETRIC_REPRESENTATION_CONTEXT() REPRESENTATION_CONTEXT('2D SPACE',''
  ) );
#6507 = ORIENTED_EDGE('',*,*,#5306,.F.);
#6508 = ORIENTED_EDGE('',*,*,#6509,.F.);
#6509 = EDGE_CURVE('',#6510,#5279,#6512,.T.);
#6510 = VERTEX_POINT('',#6511);
#6511 = CARTESIAN_POINT('',(35.871974926841,16.536366434259,-20.2));
#6512 = SURFACE_CURVE('',#6513,(#6520,#6549),.PCURVE_S1.);
#6513 = B_SPLINE_CURVE_WITH_KNOTS('',3,(#6514,#6515,#6516,#6517,#6518,
    #6519),.UNSPECIFIED.,.F.,.F.,(4,2,4),(7.822956777504E-04,
    1.173007786458E-03,1.563719895165E-03),.UNSPECIFIED.);
#6514 = CARTESIAN_POINT('',(35.871974926841,16.536366434259,-20.2));
#6515 = CARTESIAN_POINT('',(35.99247116883,16.586277611906,-20.2));
#6516 = CARTESIAN_POINT('',(36.112365794179,16.635939591781,
    -20.14700008884));
#6517 = CARTESIAN_POINT('',(36.284983879227,16.707440343719,
    -19.96051824995));
#6518 = CARTESIAN_POINT('',(36.334266299939,16.727853790764,
    -19.8321102537));
#6519 = CARTESIAN_POINT('',(36.334266299938,16.727853790764,-19.7));
#6520 = PCURVE('',#5323,#6521);
#6521 = DEFINITIONAL_REPRESENTATION('',(#6522),#6548);
#6522 = B_SPLINE_CURVE_WITH_KNOTS('',3,(#6523,#6524,#6525,#6526,#6527,
    #6528,#6529,#6530,#6531,#6532,#6533,#6534,#6535,#6536,#6537,#6538,
    #6539,#6540,#6541,#6542,#6543,#6544,#6545,#6546,#6547),
  .UNSPECIFIED.,.F.,.F.,(4,1,1,1,1,1,1,1,1,1,1,1,1,1,1,1,1,1,1,1,1,1,4),
  (7.822956777504E-04,8.178149603601E-04,8.533342429699E-04,
    8.888535255796E-04,9.243728081894E-04,9.598920907991E-04,
    9.954113734089E-04,1.030930656019E-03,1.066449938628E-03,
    1.101969221238E-03,1.137488503848E-03,1.173007786458E-03,
    1.208527069067E-03,1.244046351677E-03,1.279565634287E-03,
    1.315084916897E-03,1.350604199506E-03,1.386123482116E-03,
    1.421642764726E-03,1.457162047336E-03,1.492681329945E-03,
    1.528200612555E-03,1.563719895165E-03),.QUASI_UNIFORM_KNOTS.);
#6523 = CARTESIAN_POINT('',(2.709642988042,1.570796326795));
#6524 = CARTESIAN_POINT('',(2.709654766988,1.547103148051));
#6525 = CARTESIAN_POINT('',(2.709678292634,1.499730352498));
#6526 = CARTESIAN_POINT('',(2.709713326632,1.428672834159));
#6527 = CARTESIAN_POINT('',(2.709747948002,1.357569639447));
#6528 = CARTESIAN_POINT('',(2.709782000099,1.286402608952));
#6529 = CARTESIAN_POINT('',(2.709815327246,1.215165037626));
#6530 = CARTESIAN_POINT('',(2.709847774746,1.143858541713));
#6531 = CARTESIAN_POINT('',(2.709879189038,1.072484702275));
#6532 = CARTESIAN_POINT('',(2.709909416676,1.001041816885));
#6533 = CARTESIAN_POINT('',(2.709938307774,0.929506319197));
#6534 = CARTESIAN_POINT('',(2.709965702721,0.857871396551));
#6535 = CARTESIAN_POINT('',(2.709991481272,0.78597414376));
#6536 = CARTESIAN_POINT('',(2.710015378777,0.71411420796));
#6537 = CARTESIAN_POINT('',(2.71003722998,0.642582604482));
#6538 = CARTESIAN_POINT('',(2.710057014101,0.571197935845));
#6539 = CARTESIAN_POINT('',(2.710074671131,0.499926335739));
#6540 = CARTESIAN_POINT('',(2.710090150976,0.428710047534));
#6541 = CARTESIAN_POINT('',(2.710103400221,0.357507659961));
#6542 = CARTESIAN_POINT('',(2.710114365594,0.286277316551));
#6543 = CARTESIAN_POINT('',(2.710122992965,0.214975306918));
#6544 = CARTESIAN_POINT('',(2.710129227503,0.14354983038));
#6545 = CARTESIAN_POINT('',(2.710133013657,7.193911728611E-02));
#6546 = CARTESIAN_POINT('',(2.710133867664,2.40184490563E-02));
#6547 = CARTESIAN_POINT('',(2.710133867741,0.));
#6548 = ( GEOMETRIC_REPRESENTATION_CONTEXT(2) 
PARAMETRIC_REPRESENTATION_CONTEXT() REPRESENTATION_CONTEXT('2D SPACE',''
  ) );
#6549 = PCURVE('',#5294,#6550);
#6550 = DEFINITIONAL_REPRESENTATION('',(#6551),#6558);
#6551 = B_SPLINE_CURVE_WITH_KNOTS('',3,(#6552,#6553,#6554,#6555,#6556,
    #6557),.UNSPECIFIED.,.F.,.F.,(4,2,4),(7.822956777504E-04,
    1.173007786458E-03,1.563719895165E-03),.UNSPECIFIED.);
#6552 = CARTESIAN_POINT('',(-2.030423108424,1.5));
#6553 = CARTESIAN_POINT('',(-1.899998915931,1.5));
#6554 = CARTESIAN_POINT('',(-1.770225908596,1.447000088842));
#6555 = CARTESIAN_POINT('',(-1.58338543971,1.260518249952));
#6556 = CARTESIAN_POINT('',(-1.530042531921,1.132110253704));
#6557 = CARTESIAN_POINT('',(-1.530042531922,1.));
#6558 = ( GEOMETRIC_REPRESENTATION_CONTEXT(2) 
PARAMETRIC_REPRESENTATION_CONTEXT() REPRESENTATION_CONTEXT('2D SPACE',''
  ) );
#6559 = ORIENTED_EDGE('',*,*,#6560,.F.);
#6560 = EDGE_CURVE('',#6458,#6510,#6561,.T.);
#6561 = SURFACE_CURVE('',#6562,(#6567,#6574),.PCURVE_S1.);
#6562 = CIRCLE('',#6563,39.5);
#6563 = AXIS2_PLACEMENT_3D('',#6564,#6565,#6566);
#6564 = CARTESIAN_POINT('',(2.465190328816E-31,-5.238529448733E-32,-20.2
    ));
#6565 = DIRECTION('',(6.305496559635E-17,-4.941768411644E-18,-1.));
#6566 = DIRECTION('',(-1.,-1.734723475977E-18,-6.305496559635E-17));
#6567 = PCURVE('',#5323,#6568);
#6568 = DEFINITIONAL_REPRESENTATION('',(#6569),#6573);
#6569 = LINE('',#6570,#6571);
#6570 = CARTESIAN_POINT('',(0.,1.570796326795));
#6571 = VECTOR('',#6572,1.);
#6572 = DIRECTION('',(1.,0.));
#6573 = ( GEOMETRIC_REPRESENTATION_CONTEXT(2) 
PARAMETRIC_REPRESENTATION_CONTEXT() REPRESENTATION_CONTEXT('2D SPACE',''
  ) );
#6574 = PCURVE('',#974,#6575);
#6575 = DEFINITIONAL_REPRESENTATION('',(#6576),#6580);
#6576 = CIRCLE('',#6577,39.5);
#6577 = AXIS2_PLACEMENT_2D('',#6578,#6579);
#6578 = CARTESIAN_POINT('',(0.,0.));
#6579 = DIRECTION('',(1.,0.));
#6580 = ( GEOMETRIC_REPRESENTATION_CONTEXT(2) 
PARAMETRIC_REPRESENTATION_CONTEXT() REPRESENTATION_CONTEXT('2D SPACE',''
  ) );
#6581 = ADVANCED_FACE('',(#6582),#5214,.T.);
#6582 = FACE_BOUND('',#6583,.T.);
#6583 = EDGE_LOOP('',(#6584,#6635,#6636,#6660,#6716));
#6584 = ORIENTED_EDGE('',*,*,#6585,.F.);
#6585 = EDGE_CURVE('',#5198,#6586,#6588,.T.);
#6586 = VERTEX_POINT('',#6587);
#6587 = CARTESIAN_POINT('',(37.058293567173,13.672339883474,-20.2));
#6588 = SURFACE_CURVE('',#6589,(#6596,#6625),.PCURVE_S1.);
#6589 = B_SPLINE_CURVE_WITH_KNOTS('',3,(#6590,#6591,#6592,#6593,#6594,
    #6595),.UNSPECIFIED.,.F.,.F.,(4,2,4),(1.971671673737E-07,
    3.912431664418E-04,7.822891657162E-04),.UNSPECIFIED.);
#6590 = CARTESIAN_POINT('',(37.52058494027,13.863827239979,-19.7));
#6591 = CARTESIAN_POINT('',(37.52058494027,13.863827239979,
    -19.83221697622));
#6592 = CARTESIAN_POINT('',(37.470376046114,13.843030035068,
    -19.96151227599));
#6593 = CARTESIAN_POINT('',(37.299635221849,13.772306870006,
    -20.14597979517));
#6594 = CARTESIAN_POINT('',(37.178892804308,13.722293723107,-20.2));
#6595 = CARTESIAN_POINT('',(37.058293567173,13.672339883474,-20.2));
#6596 = PCURVE('',#5214,#6597);
#6597 = DEFINITIONAL_REPRESENTATION('',(#6598),#6624);
#6598 = B_SPLINE_CURVE_WITH_KNOTS('',3,(#6599,#6600,#6601,#6602,#6603,
    #6604,#6605,#6606,#6607,#6608,#6609,#6610,#6611,#6612,#6613,#6614,
    #6615,#6616,#6617,#6618,#6619,#6620,#6621,#6622,#6623),
  .UNSPECIFIED.,.F.,.F.,(4,1,1,1,1,1,1,1,1,1,1,1,1,1,1,1,1,1,1,1,1,1,4),
  (1.971671673737E-07,3.574680346505E-05,7.129643976272E-05,
    1.068460760604E-04,1.423957123581E-04,1.779453486557E-04,
    2.134949849534E-04,2.490446212511E-04,2.845942575488E-04,
    3.201438938464E-04,3.556935301441E-04,3.912431664418E-04,
    4.267928027395E-04,4.623424390371E-04,4.978920753348E-04,
    5.334417116325E-04,5.689913479302E-04,6.045409842278E-04,
    6.400906205255E-04,6.756402568232E-04,7.111898931209E-04,
    7.467395294185E-04,7.822891657162E-04),.QUASI_UNIFORM_KNOTS.);
#6599 = CARTESIAN_POINT('',(2.787653276041,0.));
#6600 = CARTESIAN_POINT('',(2.787653276119,2.403710183207E-02));
#6601 = CARTESIAN_POINT('',(2.787654146181,7.202376436484E-02));
#6602 = CARTESIAN_POINT('',(2.787657991412,0.143801046806));
#6603 = CARTESIAN_POINT('',(2.787664306858,0.215445429101));
#6604 = CARTESIAN_POINT('',(2.787673023818,0.286992075344));
#6605 = CARTESIAN_POINT('',(2.787684074277,0.35846042331));
#6606 = CARTESIAN_POINT('',(2.787697390948,0.429856708463));
#6607 = CARTESIAN_POINT('',(2.787712907143,0.501181446822));
#6608 = CARTESIAN_POINT('',(2.787730556761,0.572435485535));
#6609 = CARTESIAN_POINT('',(2.787750273994,0.643627824869));
#6610 = CARTESIAN_POINT('',(2.787771994063,0.714777703174));
#6611 = CARTESIAN_POINT('',(2.787795650126,0.785936729525));
#6612 = CARTESIAN_POINT('',(2.787821184492,0.857134544319));
#6613 = CARTESIAN_POINT('',(2.787848441983,0.928391786666));
#6614 = CARTESIAN_POINT('',(2.787877258076,0.999741238612));
#6615 = CARTESIAN_POINT('',(2.787907470038,1.071174659141));
#6616 = CARTESIAN_POINT('',(2.787938913779,1.142666297667));
#6617 = CARTESIAN_POINT('',(2.787971424548,1.214176619124));
#6618 = CARTESIAN_POINT('',(2.788004836613,1.285661987211));
#6619 = CARTESIAN_POINT('',(2.788038983245,1.357082643245));
#6620 = CARTESIAN_POINT('',(2.788073696585,1.428412379048));
#6621 = CARTESIAN_POINT('',(2.788108807749,1.499642336999));
#6622 = CARTESIAN_POINT('',(2.788132366718,1.547083644318));
#6623 = CARTESIAN_POINT('',(2.78814415574,1.570796326795));
#6624 = ( GEOMETRIC_REPRESENTATION_CONTEXT(2) 
PARAMETRIC_REPRESENTATION_CONTEXT() REPRESENTATION_CONTEXT('2D SPACE',''
  ) );
#6625 = PCURVE('',#5242,#6626);
#6626 = DEFINITIONAL_REPRESENTATION('',(#6627),#6634);
#6627 = B_SPLINE_CURVE_WITH_KNOTS('',3,(#6628,#6629,#6630,#6631,#6632,
    #6633),.UNSPECIFIED.,.F.,.F.,(4,2,4),(1.971671673737E-07,
    3.912431664418E-04,7.822891657162E-04),.UNSPECIFIED.);
#6628 = CARTESIAN_POINT('',(1.530042531922,1.));
#6629 = CARTESIAN_POINT('',(1.530042531922,1.132216976224));
#6630 = CARTESIAN_POINT('',(1.584388247341,1.261512275993));
#6631 = CARTESIAN_POINT('',(1.769196783798,1.445979795171));
#6632 = CARTESIAN_POINT('',(1.899887434788,1.5));
#6633 = CARTESIAN_POINT('',(2.030423108424,1.5));
#6634 = ( GEOMETRIC_REPRESENTATION_CONTEXT(2) 
PARAMETRIC_REPRESENTATION_CONTEXT() REPRESENTATION_CONTEXT('2D SPACE',''
  ) );
#6635 = ORIENTED_EDGE('',*,*,#5197,.F.);
#6636 = ORIENTED_EDGE('',*,*,#6637,.F.);
#6637 = EDGE_CURVE('',#6638,#5175,#6640,.T.);
#6638 = VERTEX_POINT('',#6639);
#6639 = CARTESIAN_POINT('',(37.52058494027,-13.86382723997,-19.7));
#6640 = SURFACE_CURVE('',#6641,(#6646,#6653),.PCURVE_S1.);
#6641 = CIRCLE('',#6642,40.);
#6642 = AXIS2_PLACEMENT_3D('',#6643,#6644,#6645);
#6643 = CARTESIAN_POINT('',(-3.152748279817E-17,2.470884205822E-18,-19.7
    ));
#6644 = DIRECTION('',(-6.305496559635E-17,4.941768411644E-18,1.));
#6645 = DIRECTION('',(-1.,3.550978955325E-15,-6.305496559635E-17));
#6646 = PCURVE('',#5214,#6647);
#6647 = DEFINITIONAL_REPRESENTATION('',(#6648),#6652);
#6648 = LINE('',#6649,#6650);
#6649 = CARTESIAN_POINT('',(6.28318530718,0.));
#6650 = VECTOR('',#6651,1.);
#6651 = DIRECTION('',(-1.,0.));
#6652 = ( GEOMETRIC_REPRESENTATION_CONTEXT(2) 
PARAMETRIC_REPRESENTATION_CONTEXT() REPRESENTATION_CONTEXT('2D SPACE',''
  ) );
#6653 = PCURVE('',#5138,#6654);
#6654 = DEFINITIONAL_REPRESENTATION('',(#6655),#6659);
#6655 = LINE('',#6656,#6657);
#6656 = CARTESIAN_POINT('',(3.14159265359,0.5));
#6657 = VECTOR('',#6658,1.);
#6658 = DIRECTION('',(1.,0.));
#6659 = ( GEOMETRIC_REPRESENTATION_CONTEXT(2) 
PARAMETRIC_REPRESENTATION_CONTEXT() REPRESENTATION_CONTEXT('2D SPACE',''
  ) );
#6660 = ORIENTED_EDGE('',*,*,#6661,.F.);
#6661 = EDGE_CURVE('',#6662,#6638,#6664,.T.);
#6662 = VERTEX_POINT('',#6663);
#6663 = CARTESIAN_POINT('',(37.058293567173,-13.67233988347,-20.2));
#6664 = SURFACE_CURVE('',#6665,(#6672,#6701),.PCURVE_S1.);
#6665 = B_SPLINE_CURVE_WITH_KNOTS('',3,(#6666,#6667,#6668,#6669,#6670,
    #6671),.UNSPECIFIED.,.F.,.F.,(4,2,4),(7.822956777504E-04,
    1.173007786458E-03,1.563719895165E-03),.UNSPECIFIED.);
#6666 = CARTESIAN_POINT('',(37.058293567173,-13.67233988347,-20.2));
#6667 = CARTESIAN_POINT('',(37.178789809162,-13.72225106112,-20.2));
#6668 = CARTESIAN_POINT('',(37.298684434512,-13.77191304099,
    -20.14700008884));
#6669 = CARTESIAN_POINT('',(37.47130251956,-13.84341379293,
    -19.96051824995));
#6670 = CARTESIAN_POINT('',(37.520584940271,-13.86382723997,
    -19.8321102537));
#6671 = CARTESIAN_POINT('',(37.52058494027,-13.86382723997,-19.7));
#6672 = PCURVE('',#5214,#6673);
#6673 = DEFINITIONAL_REPRESENTATION('',(#6674),#6700);
#6674 = B_SPLINE_CURVE_WITH_KNOTS('',3,(#6675,#6676,#6677,#6678,#6679,
    #6680,#6681,#6682,#6683,#6684,#6685,#6686,#6687,#6688,#6689,#6690,
    #6691,#6692,#6693,#6694,#6695,#6696,#6697,#6698,#6699),
  .UNSPECIFIED.,.F.,.F.,(4,1,1,1,1,1,1,1,1,1,1,1,1,1,1,1,1,1,1,1,1,1,4),
  (7.822956777504E-04,8.178149603601E-04,8.533342429699E-04,
    8.888535255796E-04,9.243728081894E-04,9.598920907991E-04,
    9.954113734089E-04,1.030930656019E-03,1.066449938628E-03,
    1.101969221238E-03,1.137488503848E-03,1.173007786458E-03,
    1.208527069067E-03,1.244046351677E-03,1.279565634287E-03,
    1.315084916897E-03,1.350604199506E-03,1.386123482116E-03,
    1.421642764726E-03,1.457162047336E-03,1.492681329945E-03,
    1.528200612555E-03,1.563719895165E-03),.QUASI_UNIFORM_KNOTS.);
#6675 = CARTESIAN_POINT('',(3.49504115144,1.570796326795));
#6676 = CARTESIAN_POINT('',(3.495052930386,1.547103148051));
#6677 = CARTESIAN_POINT('',(3.495076456031,1.499730352498));
#6678 = CARTESIAN_POINT('',(3.49511149003,1.428672834159));
#6679 = CARTESIAN_POINT('',(3.495146111399,1.357569639447));
#6680 = CARTESIAN_POINT('',(3.495180163497,1.286402608952));
#6681 = CARTESIAN_POINT('',(3.495213490643,1.215165037626));
#6682 = CARTESIAN_POINT('',(3.495245938144,1.143858541713));
#6683 = CARTESIAN_POINT('',(3.495277352435,1.072484702275));
#6684 = CARTESIAN_POINT('',(3.495307580073,1.001041816885));
#6685 = CARTESIAN_POINT('',(3.495336471172,0.929506319197));
#6686 = CARTESIAN_POINT('',(3.495363866118,0.857871396551));
#6687 = CARTESIAN_POINT('',(3.495389644669,0.78597414376));
#6688 = CARTESIAN_POINT('',(3.495413542174,0.71411420796));
#6689 = CARTESIAN_POINT('',(3.495435393377,0.642582604482));
#6690 = CARTESIAN_POINT('',(3.495455177499,0.571197935845));
#6691 = CARTESIAN_POINT('',(3.495472834528,0.499926335738));
#6692 = CARTESIAN_POINT('',(3.495488314373,0.428710047534));
#6693 = CARTESIAN_POINT('',(3.495501563618,0.35750765996));
#6694 = CARTESIAN_POINT('',(3.495512528991,0.286277316551));
#6695 = CARTESIAN_POINT('',(3.495521156362,0.214975306918));
#6696 = CARTESIAN_POINT('',(3.4955273909,0.14354983038));
#6697 = CARTESIAN_POINT('',(3.495531177055,7.193911728611E-02));
#6698 = CARTESIAN_POINT('',(3.495532031062,2.40184490563E-02));
#6699 = CARTESIAN_POINT('',(3.495532031139,0.));
#6700 = ( GEOMETRIC_REPRESENTATION_CONTEXT(2) 
PARAMETRIC_REPRESENTATION_CONTEXT() REPRESENTATION_CONTEXT('2D SPACE',''
  ) );
#6701 = PCURVE('',#6702,#6707);
#6702 = PLANE('',#6703);
#6703 = AXIS2_PLACEMENT_3D('',#6704,#6705,#6706);
#6704 = CARTESIAN_POINT('',(38.934159919384,-14.44934916775,-18.7));
#6705 = DIRECTION('',(0.382683432365,0.923879532511,1.956449197214E-17)
  );
#6706 = DIRECTION('',(0.923879532511,-0.382683432365,6.014632503539E-17)
  );
#6707 = DEFINITIONAL_REPRESENTATION('',(#6708),#6715);
#6708 = B_SPLINE_CURVE_WITH_KNOTS('',3,(#6709,#6710,#6711,#6712,#6713,
    #6714),.UNSPECIFIED.,.F.,.F.,(4,2,4),(7.822956777504E-04,
    1.173007786458E-03,1.563719895165E-03),.UNSPECIFIED.);
#6709 = CARTESIAN_POINT('',(-2.030423108424,1.5));
#6710 = CARTESIAN_POINT('',(-1.899998915931,1.5));
#6711 = CARTESIAN_POINT('',(-1.770225908596,1.447000088842));
#6712 = CARTESIAN_POINT('',(-1.58338543971,1.260518249952));
#6713 = CARTESIAN_POINT('',(-1.530042531921,1.132110253704));
#6714 = CARTESIAN_POINT('',(-1.530042531922,1.));
#6715 = ( GEOMETRIC_REPRESENTATION_CONTEXT(2) 
PARAMETRIC_REPRESENTATION_CONTEXT() REPRESENTATION_CONTEXT('2D SPACE',''
  ) );
#6716 = ORIENTED_EDGE('',*,*,#6717,.F.);
#6717 = EDGE_CURVE('',#6586,#6662,#6718,.T.);
#6718 = SURFACE_CURVE('',#6719,(#6724,#6731),.PCURVE_S1.);
#6719 = CIRCLE('',#6720,39.5);
#6720 = AXIS2_PLACEMENT_3D('',#6721,#6722,#6723);
#6721 = CARTESIAN_POINT('',(2.465190328816E-31,-5.238529448733E-32,-20.2
    ));
#6722 = DIRECTION('',(6.305496559635E-17,-4.941768411644E-18,-1.));
#6723 = DIRECTION('',(-1.,-1.734723475977E-18,-6.305496559635E-17));
#6724 = PCURVE('',#5214,#6725);
#6725 = DEFINITIONAL_REPRESENTATION('',(#6726),#6730);
#6726 = LINE('',#6727,#6728);
#6727 = CARTESIAN_POINT('',(0.,1.570796326795));
#6728 = VECTOR('',#6729,1.);
#6729 = DIRECTION('',(1.,3.141116828559E-15));
#6730 = ( GEOMETRIC_REPRESENTATION_CONTEXT(2) 
PARAMETRIC_REPRESENTATION_CONTEXT() REPRESENTATION_CONTEXT('2D SPACE',''
  ) );
#6731 = PCURVE('',#974,#6732);
#6732 = DEFINITIONAL_REPRESENTATION('',(#6733),#6737);
#6733 = CIRCLE('',#6734,39.5);
#6734 = AXIS2_PLACEMENT_2D('',#6735,#6736);
#6735 = CARTESIAN_POINT('',(0.,0.));
#6736 = DIRECTION('',(1.,0.));
#6737 = ( GEOMETRIC_REPRESENTATION_CONTEXT(2) 
PARAMETRIC_REPRESENTATION_CONTEXT() REPRESENTATION_CONTEXT('2D SPACE',''
  ) );
#6738 = ADVANCED_FACE('',(#6739),#6756,.T.);
#6739 = FACE_BOUND('',#6740,.T.);
#6740 = EDGE_LOOP('',(#6741,#6804,#6828,#6884));
#6741 = ORIENTED_EDGE('',*,*,#6742,.F.);
#6742 = EDGE_CURVE('',#6743,#6745,#6747,.T.);
#6743 = VERTEX_POINT('',#6744);
#6744 = CARTESIAN_POINT('',(36.334266299939,-16.72785379076,-19.7));
#6745 = VERTEX_POINT('',#6746);
#6746 = CARTESIAN_POINT('',(35.871974926841,-16.53636643425,-20.2));
#6747 = SURFACE_CURVE('',#6748,(#6755,#6789),.PCURVE_S1.);
#6748 = B_SPLINE_CURVE_WITH_KNOTS('',3,(#6749,#6750,#6751,#6752,#6753,
    #6754),.UNSPECIFIED.,.F.,.F.,(4,2,4),(1.97167167374E-07,
    3.912431664418E-04,7.822891657162E-04),.UNSPECIFIED.);
#6749 = CARTESIAN_POINT('',(36.334266299939,-16.72785379076,-19.7));
#6750 = CARTESIAN_POINT('',(36.334266299939,-16.72785379076,
    -19.83221697622));
#6751 = CARTESIAN_POINT('',(36.284057405783,-16.70705658585,
    -19.96151227599));
#6752 = CARTESIAN_POINT('',(36.113316581517,-16.63633342079,
    -20.14597979517));
#6753 = CARTESIAN_POINT('',(35.992574163977,-16.58632027389,-20.2));
#6754 = CARTESIAN_POINT('',(35.871974926841,-16.53636643425,-20.2));
#6755 = PCURVE('',#6756,#6761);
#6756 = TOROIDAL_SURFACE('',#6757,39.5,0.5);
#6757 = AXIS2_PLACEMENT_3D('',#6758,#6759,#6760);
#6758 = CARTESIAN_POINT('',(-3.152748279817E-17,2.470884205822E-18,-19.7
    ));
#6759 = DIRECTION('',(6.305496559635E-17,-4.941768411644E-18,-1.));
#6760 = DIRECTION('',(-1.,-1.734723475977E-18,-6.305496559635E-17));
#6761 = DEFINITIONAL_REPRESENTATION('',(#6762),#6788);
#6762 = B_SPLINE_CURVE_WITH_KNOTS('',3,(#6763,#6764,#6765,#6766,#6767,
    #6768,#6769,#6770,#6771,#6772,#6773,#6774,#6775,#6776,#6777,#6778,
    #6779,#6780,#6781,#6782,#6783,#6784,#6785,#6786,#6787),
  .UNSPECIFIED.,.F.,.F.,(4,1,1,1,1,1,1,1,1,1,1,1,1,1,1,1,1,1,1,1,1,1,4),
  (1.97167167374E-07,3.574680346505E-05,7.129643976272E-05,
    1.068460760604E-04,1.423957123581E-04,1.779453486557E-04,
    2.134949849534E-04,2.490446212511E-04,2.845942575488E-04,
    3.201438938464E-04,3.556935301441E-04,3.912431664418E-04,
    4.267928027395E-04,4.623424390371E-04,4.978920753348E-04,
    5.334417116325E-04,5.689913479302E-04,6.045409842278E-04,
    6.400906205255E-04,6.756402568232E-04,7.111898931209E-04,
    7.467395294185E-04,7.822891657162E-04),.QUASI_UNIFORM_KNOTS.);
#6763 = CARTESIAN_POINT('',(3.573051439438,0.));
#6764 = CARTESIAN_POINT('',(3.573051439517,2.403710183207E-02));
#6765 = CARTESIAN_POINT('',(3.573052309578,7.202376436485E-02));
#6766 = CARTESIAN_POINT('',(3.573056154809,0.143801046806));
#6767 = CARTESIAN_POINT('',(3.573062470256,0.215445429101));
#6768 = CARTESIAN_POINT('',(3.573071187216,0.286992075344));
#6769 = CARTESIAN_POINT('',(3.573082237674,0.35846042331));
#6770 = CARTESIAN_POINT('',(3.573095554346,0.429856708463));
#6771 = CARTESIAN_POINT('',(3.573111070541,0.501181446822));
#6772 = CARTESIAN_POINT('',(3.573128720159,0.572435485535));
#6773 = CARTESIAN_POINT('',(3.573148437392,0.643627824869));
#6774 = CARTESIAN_POINT('',(3.57317015746,0.714777703174));
#6775 = CARTESIAN_POINT('',(3.573193813524,0.785936729525));
#6776 = CARTESIAN_POINT('',(3.573219347889,0.857134544319));
#6777 = CARTESIAN_POINT('',(3.57324660538,0.928391786666));
#6778 = CARTESIAN_POINT('',(3.573275421473,0.999741238612));
#6779 = CARTESIAN_POINT('',(3.573305633435,1.071174659141));
#6780 = CARTESIAN_POINT('',(3.573337077176,1.142666297667));
#6781 = CARTESIAN_POINT('',(3.573369587945,1.214176619124));
#6782 = CARTESIAN_POINT('',(3.573403000011,1.285661987211));
#6783 = CARTESIAN_POINT('',(3.573437146642,1.357082643245));
#6784 = CARTESIAN_POINT('',(3.573471859983,1.428412379048));
#6785 = CARTESIAN_POINT('',(3.573506971147,1.499642336998));
#6786 = CARTESIAN_POINT('',(3.573530530115,1.547083644318));
#6787 = CARTESIAN_POINT('',(3.573542319137,1.570796326795));
#6788 = ( GEOMETRIC_REPRESENTATION_CONTEXT(2) 
PARAMETRIC_REPRESENTATION_CONTEXT() REPRESENTATION_CONTEXT('2D SPACE',''
  ) );
#6789 = PCURVE('',#6790,#6795);
#6790 = PLANE('',#6791);
#6791 = AXIS2_PLACEMENT_3D('',#6792,#6793,#6794);
#6792 = CARTESIAN_POINT('',(37.747841279053,-17.31337571854,-18.7));
#6793 = DIRECTION('',(-0.382683432365,-0.923879532511,
    -1.956449197214E-17));
#6794 = DIRECTION('',(-0.923879532511,0.382683432365,-6.014632503539E-17
    ));
#6795 = DEFINITIONAL_REPRESENTATION('',(#6796),#6803);
#6796 = B_SPLINE_CURVE_WITH_KNOTS('',3,(#6797,#6798,#6799,#6800,#6801,
    #6802),.UNSPECIFIED.,.F.,.F.,(4,2,4),(1.97167167374E-07,
    3.912431664418E-04,7.822891657162E-04),.UNSPECIFIED.);
#6797 = CARTESIAN_POINT('',(1.530042531922,1.));
#6798 = CARTESIAN_POINT('',(1.530042531922,1.132216976224));
#6799 = CARTESIAN_POINT('',(1.584388247341,1.261512275993));
#6800 = CARTESIAN_POINT('',(1.769196783798,1.445979795171));
#6801 = CARTESIAN_POINT('',(1.899887434788,1.5));
#6802 = CARTESIAN_POINT('',(2.030423108424,1.5));
#6803 = ( GEOMETRIC_REPRESENTATION_CONTEXT(2) 
PARAMETRIC_REPRESENTATION_CONTEXT() REPRESENTATION_CONTEXT('2D SPACE',''
  ) );
#6804 = ORIENTED_EDGE('',*,*,#6805,.F.);
#6805 = EDGE_CURVE('',#6806,#6743,#6808,.T.);
#6806 = VERTEX_POINT('',#6807);
#6807 = CARTESIAN_POINT('',(16.727853790763,-36.33426629993,-19.7));
#6808 = SURFACE_CURVE('',#6809,(#6814,#6821),.PCURVE_S1.);
#6809 = CIRCLE('',#6810,40.);
#6810 = AXIS2_PLACEMENT_3D('',#6811,#6812,#6813);
#6811 = CARTESIAN_POINT('',(-3.152748279817E-17,2.470884205822E-18,-19.7
    ));
#6812 = DIRECTION('',(-6.305496559635E-17,4.941768411644E-18,1.));
#6813 = DIRECTION('',(-1.,1.774622115924E-15,-6.305496559635E-17));
#6814 = PCURVE('',#6756,#6815);
#6815 = DEFINITIONAL_REPRESENTATION('',(#6816),#6820);
#6816 = LINE('',#6817,#6818);
#6817 = CARTESIAN_POINT('',(6.28318530718,0.));
#6818 = VECTOR('',#6819,1.);
#6819 = DIRECTION('',(-1.,0.));
#6820 = ( GEOMETRIC_REPRESENTATION_CONTEXT(2) 
PARAMETRIC_REPRESENTATION_CONTEXT() REPRESENTATION_CONTEXT('2D SPACE',''
  ) );
#6821 = PCURVE('',#5138,#6822);
#6822 = DEFINITIONAL_REPRESENTATION('',(#6823),#6827);
#6823 = LINE('',#6824,#6825);
#6824 = CARTESIAN_POINT('',(3.14159265359,0.5));
#6825 = VECTOR('',#6826,1.);
#6826 = DIRECTION('',(1.,0.));
#6827 = ( GEOMETRIC_REPRESENTATION_CONTEXT(2) 
PARAMETRIC_REPRESENTATION_CONTEXT() REPRESENTATION_CONTEXT('2D SPACE',''
  ) );
#6828 = ORIENTED_EDGE('',*,*,#6829,.F.);
#6829 = EDGE_CURVE('',#6830,#6806,#6832,.T.);
#6830 = VERTEX_POINT('',#6831);
#6831 = CARTESIAN_POINT('',(16.536366434259,-35.87197492684,-20.2));
#6832 = SURFACE_CURVE('',#6833,(#6840,#6869),.PCURVE_S1.);
#6833 = B_SPLINE_CURVE_WITH_KNOTS('',3,(#6834,#6835,#6836,#6837,#6838,
    #6839),.UNSPECIFIED.,.F.,.F.,(4,2,4),(7.822956777504E-04,
    1.173007786458E-03,1.563719895165E-03),.UNSPECIFIED.);
#6834 = CARTESIAN_POINT('',(16.536366434259,-35.87197492684,-20.2));
#6835 = CARTESIAN_POINT('',(16.586277611905,-35.99247116883,-20.2));
#6836 = CARTESIAN_POINT('',(16.635939591781,-36.11236579418,
    -20.14700008884));
#6837 = CARTESIAN_POINT('',(16.707440343718,-36.28498387922,
    -19.96051824995));
#6838 = CARTESIAN_POINT('',(16.727853790764,-36.33426629993,
    -19.8321102537));
#6839 = CARTESIAN_POINT('',(16.727853790763,-36.33426629993,-19.7));
#6840 = PCURVE('',#6756,#6841);
#6841 = DEFINITIONAL_REPRESENTATION('',(#6842),#6868);
#6842 = B_SPLINE_CURVE_WITH_KNOTS('',3,(#6843,#6844,#6845,#6846,#6847,
    #6848,#6849,#6850,#6851,#6852,#6853,#6854,#6855,#6856,#6857,#6858,
    #6859,#6860,#6861,#6862,#6863,#6864,#6865,#6866,#6867),
  .UNSPECIFIED.,.F.,.F.,(4,1,1,1,1,1,1,1,1,1,1,1,1,1,1,1,1,1,1,1,1,1,4),
  (7.822956777504E-04,8.178149603601E-04,8.533342429699E-04,
    8.888535255796E-04,9.243728081894E-04,9.598920907991E-04,
    9.954113734089E-04,1.030930656019E-03,1.066449938628E-03,
    1.101969221238E-03,1.137488503848E-03,1.173007786458E-03,
    1.208527069067E-03,1.244046351677E-03,1.279565634287E-03,
    1.315084916897E-03,1.350604199506E-03,1.386123482116E-03,
    1.421642764726E-03,1.457162047336E-03,1.492681329945E-03,
    1.528200612555E-03,1.563719895165E-03),.QUASI_UNIFORM_KNOTS.);
#6843 = CARTESIAN_POINT('',(4.280439314837,1.570796326795));
#6844 = CARTESIAN_POINT('',(4.280451093783,1.547103148051));
#6845 = CARTESIAN_POINT('',(4.280474619428,1.499730352498));
#6846 = CARTESIAN_POINT('',(4.280509653427,1.428672834159));
#6847 = CARTESIAN_POINT('',(4.280544274797,1.357569639447));
#6848 = CARTESIAN_POINT('',(4.280578326894,1.286402608952));
#6849 = CARTESIAN_POINT('',(4.280611654041,1.215165037626));
#6850 = CARTESIAN_POINT('',(4.280644101541,1.143858541713));
#6851 = CARTESIAN_POINT('',(4.280675515833,1.072484702275));
#6852 = CARTESIAN_POINT('',(4.280705743471,1.001041816885));
#6853 = CARTESIAN_POINT('',(4.280734634569,0.929506319197));
#6854 = CARTESIAN_POINT('',(4.280762029516,0.857871396551));
#6855 = CARTESIAN_POINT('',(4.280787808067,0.78597414376));
#6856 = CARTESIAN_POINT('',(4.280811705572,0.71411420796));
#6857 = CARTESIAN_POINT('',(4.280833556775,0.642582604482));
#6858 = CARTESIAN_POINT('',(4.280853340896,0.571197935845));
#6859 = CARTESIAN_POINT('',(4.280870997925,0.499926335738));
#6860 = CARTESIAN_POINT('',(4.280886477771,0.428710047534));
#6861 = CARTESIAN_POINT('',(4.280899727016,0.35750765996));
#6862 = CARTESIAN_POINT('',(4.280910692389,0.286277316551));
#6863 = CARTESIAN_POINT('',(4.28091931976,0.214975306918));
#6864 = CARTESIAN_POINT('',(4.280925554298,0.14354983038));
#6865 = CARTESIAN_POINT('',(4.280929340452,7.193911728611E-02));
#6866 = CARTESIAN_POINT('',(4.280930194459,2.40184490563E-02));
#6867 = CARTESIAN_POINT('',(4.280930194536,0.));
#6868 = ( GEOMETRIC_REPRESENTATION_CONTEXT(2) 
PARAMETRIC_REPRESENTATION_CONTEXT() REPRESENTATION_CONTEXT('2D SPACE',''
  ) );
#6869 = PCURVE('',#6870,#6875);
#6870 = PLANE('',#6871);
#6871 = AXIS2_PLACEMENT_3D('',#6872,#6873,#6874);
#6872 = CARTESIAN_POINT('',(17.313375718544,-37.74784127905,-18.7));
#6873 = DIRECTION('',(0.923879532511,0.382683432365,5.636405923995E-17)
  );
#6874 = DIRECTION('',(0.382683432365,-0.923879532511,2.8695689352E-17));
#6875 = DEFINITIONAL_REPRESENTATION('',(#6876),#6883);
#6876 = B_SPLINE_CURVE_WITH_KNOTS('',3,(#6877,#6878,#6879,#6880,#6881,
    #6882),.UNSPECIFIED.,.F.,.F.,(4,2,4),(7.822956777504E-04,
    1.173007786458E-03,1.563719895165E-03),.UNSPECIFIED.);
#6877 = CARTESIAN_POINT('',(-2.030423108424,1.5));
#6878 = CARTESIAN_POINT('',(-1.899998915931,1.5));
#6879 = CARTESIAN_POINT('',(-1.770225908596,1.447000088842));
#6880 = CARTESIAN_POINT('',(-1.58338543971,1.260518249952));
#6881 = CARTESIAN_POINT('',(-1.530042531921,1.132110253704));
#6882 = CARTESIAN_POINT('',(-1.530042531922,1.));
#6883 = ( GEOMETRIC_REPRESENTATION_CONTEXT(2) 
PARAMETRIC_REPRESENTATION_CONTEXT() REPRESENTATION_CONTEXT('2D SPACE',''
  ) );
#6884 = ORIENTED_EDGE('',*,*,#6885,.F.);
#6885 = EDGE_CURVE('',#6745,#6830,#6886,.T.);
#6886 = SURFACE_CURVE('',#6887,(#6892,#6899),.PCURVE_S1.);
#6887 = CIRCLE('',#6888,39.5);
#6888 = AXIS2_PLACEMENT_3D('',#6889,#6890,#6891);
#6889 = CARTESIAN_POINT('',(2.465190328816E-31,-5.238529448733E-32,-20.2
    ));
#6890 = DIRECTION('',(6.305496559635E-17,-4.941768411644E-18,-1.));
#6891 = DIRECTION('',(-1.,-1.734723475977E-18,-6.305496559635E-17));
#6892 = PCURVE('',#6756,#6893);
#6893 = DEFINITIONAL_REPRESENTATION('',(#6894),#6898);
#6894 = LINE('',#6895,#6896);
#6895 = CARTESIAN_POINT('',(-4.440892098501E-16,1.570796326795));
#6896 = VECTOR('',#6897,1.);
#6897 = DIRECTION('',(1.,-1.85325892885E-14));
#6898 = ( GEOMETRIC_REPRESENTATION_CONTEXT(2) 
PARAMETRIC_REPRESENTATION_CONTEXT() REPRESENTATION_CONTEXT('2D SPACE',''
  ) );
#6899 = PCURVE('',#974,#6900);
#6900 = DEFINITIONAL_REPRESENTATION('',(#6901),#6905);
#6901 = CIRCLE('',#6902,39.5);
#6902 = AXIS2_PLACEMENT_2D('',#6903,#6904);
#6903 = CARTESIAN_POINT('',(0.,0.));
#6904 = DIRECTION('',(1.,0.));
#6905 = ( GEOMETRIC_REPRESENTATION_CONTEXT(2) 
PARAMETRIC_REPRESENTATION_CONTEXT() REPRESENTATION_CONTEXT('2D SPACE',''
  ) );
#6906 = ADVANCED_FACE('',(#6907),#6924,.T.);
#6907 = FACE_BOUND('',#6908,.T.);
#6908 = EDGE_LOOP('',(#6909,#6972,#6996,#7052));
#6909 = ORIENTED_EDGE('',*,*,#6910,.F.);
#6910 = EDGE_CURVE('',#6911,#6913,#6915,.T.);
#6911 = VERTEX_POINT('',#6912);
#6912 = CARTESIAN_POINT('',(13.863827239978,-37.52058494027,-19.7));
#6913 = VERTEX_POINT('',#6914);
#6914 = CARTESIAN_POINT('',(13.672339883474,-37.05829356717,-20.2));
#6915 = SURFACE_CURVE('',#6916,(#6923,#6957),.PCURVE_S1.);
#6916 = B_SPLINE_CURVE_WITH_KNOTS('',3,(#6917,#6918,#6919,#6920,#6921,
    #6922),.UNSPECIFIED.,.F.,.F.,(4,2,4),(1.971671673737E-07,
    3.912431664418E-04,7.822891657162E-04),.UNSPECIFIED.);
#6917 = CARTESIAN_POINT('',(13.863827239978,-37.52058494027,-19.7));
#6918 = CARTESIAN_POINT('',(13.863827239978,-37.52058494027,
    -19.83221697622));
#6919 = CARTESIAN_POINT('',(13.843030035067,-37.47037604611,
    -19.96151227599));
#6920 = CARTESIAN_POINT('',(13.772306870006,-37.29963522184,
    -20.14597979517));
#6921 = CARTESIAN_POINT('',(13.722293723107,-37.1788928043,-20.2));
#6922 = CARTESIAN_POINT('',(13.672339883474,-37.05829356717,-20.2));
#6923 = PCURVE('',#6924,#6929);
#6924 = TOROIDAL_SURFACE('',#6925,39.5,0.5);
#6925 = AXIS2_PLACEMENT_3D('',#6926,#6927,#6928);
#6926 = CARTESIAN_POINT('',(-3.152748279817E-17,2.470884205822E-18,-19.7
    ));
#6927 = DIRECTION('',(6.305496559635E-17,-4.941768411644E-18,-1.));
#6928 = DIRECTION('',(-1.,-1.734723475977E-18,-6.305496559635E-17));
#6929 = DEFINITIONAL_REPRESENTATION('',(#6930),#6956);
#6930 = B_SPLINE_CURVE_WITH_KNOTS('',3,(#6931,#6932,#6933,#6934,#6935,
    #6936,#6937,#6938,#6939,#6940,#6941,#6942,#6943,#6944,#6945,#6946,
    #6947,#6948,#6949,#6950,#6951,#6952,#6953,#6954,#6955),
  .UNSPECIFIED.,.F.,.F.,(4,1,1,1,1,1,1,1,1,1,1,1,1,1,1,1,1,1,1,1,1,1,4),
  (1.971671673737E-07,3.574680346505E-05,7.129643976272E-05,
    1.068460760604E-04,1.423957123581E-04,1.779453486557E-04,
    2.134949849534E-04,2.490446212511E-04,2.845942575488E-04,
    3.201438938464E-04,3.556935301441E-04,3.912431664418E-04,
    4.267928027395E-04,4.623424390371E-04,4.978920753348E-04,
    5.334417116325E-04,5.689913479302E-04,6.045409842278E-04,
    6.400906205255E-04,6.756402568232E-04,7.111898931209E-04,
    7.467395294185E-04,7.822891657162E-04),.QUASI_UNIFORM_KNOTS.);
#6931 = CARTESIAN_POINT('',(4.358449602836,0.));
#6932 = CARTESIAN_POINT('',(4.358449602914,2.403710183207E-02));
#6933 = CARTESIAN_POINT('',(4.358450472976,7.202376436484E-02));
#6934 = CARTESIAN_POINT('',(4.358454318207,0.143801046806));
#6935 = CARTESIAN_POINT('',(4.358460633653,0.215445429101));
#6936 = CARTESIAN_POINT('',(4.358469350613,0.286992075344));
#6937 = CARTESIAN_POINT('',(4.358480401072,0.35846042331));
#6938 = CARTESIAN_POINT('',(4.358493717743,0.429856708463));
#6939 = CARTESIAN_POINT('',(4.358509233938,0.501181446822));
#6940 = CARTESIAN_POINT('',(4.358526883556,0.572435485535));
#6941 = CARTESIAN_POINT('',(4.358546600789,0.643627824869));
#6942 = CARTESIAN_POINT('',(4.358568320858,0.714777703174));
#6943 = CARTESIAN_POINT('',(4.358591976921,0.785936729525));
#6944 = CARTESIAN_POINT('',(4.358617511287,0.857134544319));
#6945 = CARTESIAN_POINT('',(4.358644768778,0.928391786666));
#6946 = CARTESIAN_POINT('',(4.35867358487,0.999741238612));
#6947 = CARTESIAN_POINT('',(4.358703796832,1.071174659141));
#6948 = CARTESIAN_POINT('',(4.358735240574,1.142666297667));
#6949 = CARTESIAN_POINT('',(4.358767751343,1.214176619124));
#6950 = CARTESIAN_POINT('',(4.358801163408,1.285661987211));
#6951 = CARTESIAN_POINT('',(4.35883531004,1.357082643245));
#6952 = CARTESIAN_POINT('',(4.35887002338,1.428412379048));
#6953 = CARTESIAN_POINT('',(4.358905134544,1.499642336998));
#6954 = CARTESIAN_POINT('',(4.358928693513,1.547083644318));
#6955 = CARTESIAN_POINT('',(4.358940482535,1.570796326795));
#6956 = ( GEOMETRIC_REPRESENTATION_CONTEXT(2) 
PARAMETRIC_REPRESENTATION_CONTEXT() REPRESENTATION_CONTEXT('2D SPACE',''
  ) );
#6957 = PCURVE('',#6958,#6963);
#6958 = PLANE('',#6959);
#6959 = AXIS2_PLACEMENT_3D('',#6960,#6961,#6962);
#6960 = CARTESIAN_POINT('',(14.449349167759,-38.93415991938,-18.7));
#6961 = DIRECTION('',(-0.923879532511,-0.382683432365,
    -5.636405923995E-17));
#6962 = DIRECTION('',(-0.382683432365,0.923879532511,-2.8695689352E-17)
  );
#6963 = DEFINITIONAL_REPRESENTATION('',(#6964),#6971);
#6964 = B_SPLINE_CURVE_WITH_KNOTS('',3,(#6965,#6966,#6967,#6968,#6969,
    #6970),.UNSPECIFIED.,.F.,.F.,(4,2,4),(1.971671673737E-07,
    3.912431664418E-04,7.822891657162E-04),.UNSPECIFIED.);
#6965 = CARTESIAN_POINT('',(1.530042531922,1.));
#6966 = CARTESIAN_POINT('',(1.530042531922,1.132216976224));
#6967 = CARTESIAN_POINT('',(1.584388247341,1.261512275993));
#6968 = CARTESIAN_POINT('',(1.769196783798,1.445979795171));
#6969 = CARTESIAN_POINT('',(1.899887434788,1.5));
#6970 = CARTESIAN_POINT('',(2.030423108424,1.5));
#6971 = ( GEOMETRIC_REPRESENTATION_CONTEXT(2) 
PARAMETRIC_REPRESENTATION_CONTEXT() REPRESENTATION_CONTEXT('2D SPACE',''
  ) );
#6972 = ORIENTED_EDGE('',*,*,#6973,.F.);
#6973 = EDGE_CURVE('',#6974,#6911,#6976,.T.);
#6974 = VERTEX_POINT('',#6975);
#6975 = CARTESIAN_POINT('',(-13.86382723997,-37.52058494027,-19.7));
#6976 = SURFACE_CURVE('',#6977,(#6982,#6989),.PCURVE_S1.);
#6977 = CIRCLE('',#6978,40.);
#6978 = AXIS2_PLACEMENT_3D('',#6979,#6980,#6981);
#6979 = CARTESIAN_POINT('',(-3.152748279817E-17,2.470884205822E-18,-19.7
    ));
#6980 = DIRECTION('',(-6.305496559635E-17,4.941768411644E-18,1.));
#6981 = DIRECTION('',(-1.,-1.734723475977E-18,-6.305496559635E-17));
#6982 = PCURVE('',#6924,#6983);
#6983 = DEFINITIONAL_REPRESENTATION('',(#6984),#6988);
#6984 = LINE('',#6985,#6986);
#6985 = CARTESIAN_POINT('',(6.28318530718,0.));
#6986 = VECTOR('',#6987,1.);
#6987 = DIRECTION('',(-1.,0.));
#6988 = ( GEOMETRIC_REPRESENTATION_CONTEXT(2) 
PARAMETRIC_REPRESENTATION_CONTEXT() REPRESENTATION_CONTEXT('2D SPACE',''
  ) );
#6989 = PCURVE('',#5138,#6990);
#6990 = DEFINITIONAL_REPRESENTATION('',(#6991),#6995);
#6991 = LINE('',#6992,#6993);
#6992 = CARTESIAN_POINT('',(3.14159265359,0.5));
#6993 = VECTOR('',#6994,1.);
#6994 = DIRECTION('',(1.,0.));
#6995 = ( GEOMETRIC_REPRESENTATION_CONTEXT(2) 
PARAMETRIC_REPRESENTATION_CONTEXT() REPRESENTATION_CONTEXT('2D SPACE',''
  ) );
#6996 = ORIENTED_EDGE('',*,*,#6997,.F.);
#6997 = EDGE_CURVE('',#6998,#6974,#7000,.T.);
#6998 = VERTEX_POINT('',#6999);
#6999 = CARTESIAN_POINT('',(-13.67233988347,-37.05829356717,-20.2));
#7000 = SURFACE_CURVE('',#7001,(#7008,#7037),.PCURVE_S1.);
#7001 = B_SPLINE_CURVE_WITH_KNOTS('',3,(#7002,#7003,#7004,#7005,#7006,
    #7007),.UNSPECIFIED.,.F.,.F.,(4,2,4),(7.822956777504E-04,
    1.173007786458E-03,1.563719895165E-03),.UNSPECIFIED.);
#7002 = CARTESIAN_POINT('',(-13.67233988347,-37.05829356717,-20.2));
#7003 = CARTESIAN_POINT('',(-13.72225106112,-37.17878980916,-20.2));
#7004 = CARTESIAN_POINT('',(-13.77191304099,-37.29868443451,
    -20.14700008884));
#7005 = CARTESIAN_POINT('',(-13.84341379293,-37.47130251955,
    -19.96051824995));
#7006 = CARTESIAN_POINT('',(-13.86382723997,-37.52058494027,
    -19.8321102537));
#7007 = CARTESIAN_POINT('',(-13.86382723997,-37.52058494027,-19.7));
#7008 = PCURVE('',#6924,#7009);
#7009 = DEFINITIONAL_REPRESENTATION('',(#7010),#7036);
#7010 = B_SPLINE_CURVE_WITH_KNOTS('',3,(#7011,#7012,#7013,#7014,#7015,
    #7016,#7017,#7018,#7019,#7020,#7021,#7022,#7023,#7024,#7025,#7026,
    #7027,#7028,#7029,#7030,#7031,#7032,#7033,#7034,#7035),
  .UNSPECIFIED.,.F.,.F.,(4,1,1,1,1,1,1,1,1,1,1,1,1,1,1,1,1,1,1,1,1,1,4),
  (7.822956777504E-04,8.178149603601E-04,8.533342429699E-04,
    8.888535255796E-04,9.243728081894E-04,9.598920907991E-04,
    9.954113734089E-04,1.030930656019E-03,1.066449938628E-03,
    1.101969221238E-03,1.137488503848E-03,1.173007786458E-03,
    1.208527069067E-03,1.244046351677E-03,1.279565634287E-03,
    1.315084916897E-03,1.350604199506E-03,1.386123482116E-03,
    1.421642764726E-03,1.457162047336E-03,1.492681329945E-03,
    1.528200612555E-03,1.563719895165E-03),.QUASI_UNIFORM_KNOTS.);
#7011 = CARTESIAN_POINT('',(5.065837478235,1.570796326795));
#7012 = CARTESIAN_POINT('',(5.065849257181,1.547103148051));
#7013 = CARTESIAN_POINT('',(5.065872782826,1.499730352498));
#7014 = CARTESIAN_POINT('',(5.065907816825,1.428672834159));
#7015 = CARTESIAN_POINT('',(5.065942438194,1.357569639447));
#7016 = CARTESIAN_POINT('',(5.065976490291,1.286402608952));
#7017 = CARTESIAN_POINT('',(5.066009817438,1.215165037626));
#7018 = CARTESIAN_POINT('',(5.066042264939,1.143858541713));
#7019 = CARTESIAN_POINT('',(5.06607367923,1.072484702275));
#7020 = CARTESIAN_POINT('',(5.066103906868,1.001041816885));
#7021 = CARTESIAN_POINT('',(5.066132797967,0.929506319197));
#7022 = CARTESIAN_POINT('',(5.066160192913,0.857871396551));
#7023 = CARTESIAN_POINT('',(5.066185971464,0.78597414376));
#7024 = CARTESIAN_POINT('',(5.066209868969,0.71411420796));
#7025 = CARTESIAN_POINT('',(5.066231720172,0.642582604482));
#7026 = CARTESIAN_POINT('',(5.066251504294,0.571197935845));
#7027 = CARTESIAN_POINT('',(5.066269161323,0.499926335738));
#7028 = CARTESIAN_POINT('',(5.066284641168,0.428710047534));
#7029 = CARTESIAN_POINT('',(5.066297890413,0.357507659961));
#7030 = CARTESIAN_POINT('',(5.066308855786,0.286277316551));
#7031 = CARTESIAN_POINT('',(5.066317483157,0.214975306918));
#7032 = CARTESIAN_POINT('',(5.066323717695,0.14354983038));
#7033 = CARTESIAN_POINT('',(5.066327503849,7.193911728611E-02));
#7034 = CARTESIAN_POINT('',(5.066328357857,2.40184490563E-02));
#7035 = CARTESIAN_POINT('',(5.066328357934,0.));
#7036 = ( GEOMETRIC_REPRESENTATION_CONTEXT(2) 
PARAMETRIC_REPRESENTATION_CONTEXT() REPRESENTATION_CONTEXT('2D SPACE',''
  ) );
#7037 = PCURVE('',#7038,#7043);
#7038 = PLANE('',#7039);
#7039 = AXIS2_PLACEMENT_3D('',#7040,#7041,#7042);
#7040 = CARTESIAN_POINT('',(-14.44934916775,-38.93415991938,-18.7));
#7041 = DIRECTION('',(0.923879532511,-0.382683432365,6.014632503539E-17)
  );
#7042 = DIRECTION('',(-0.382683432365,-0.923879532511,
    -1.956449197214E-17));
#7043 = DEFINITIONAL_REPRESENTATION('',(#7044),#7051);
#7044 = B_SPLINE_CURVE_WITH_KNOTS('',3,(#7045,#7046,#7047,#7048,#7049,
    #7050),.UNSPECIFIED.,.F.,.F.,(4,2,4),(7.822956777504E-04,
    1.173007786458E-03,1.563719895165E-03),.UNSPECIFIED.);
#7045 = CARTESIAN_POINT('',(-2.030423108424,1.5));
#7046 = CARTESIAN_POINT('',(-1.899998915931,1.5));
#7047 = CARTESIAN_POINT('',(-1.770225908596,1.447000088842));
#7048 = CARTESIAN_POINT('',(-1.58338543971,1.260518249952));
#7049 = CARTESIAN_POINT('',(-1.530042531921,1.132110253704));
#7050 = CARTESIAN_POINT('',(-1.530042531922,1.));
#7051 = ( GEOMETRIC_REPRESENTATION_CONTEXT(2) 
PARAMETRIC_REPRESENTATION_CONTEXT() REPRESENTATION_CONTEXT('2D SPACE',''
  ) );
#7052 = ORIENTED_EDGE('',*,*,#7053,.F.);
#7053 = EDGE_CURVE('',#6913,#6998,#7054,.T.);
#7054 = SURFACE_CURVE('',#7055,(#7060,#7067),.PCURVE_S1.);
#7055 = CIRCLE('',#7056,39.5);
#7056 = AXIS2_PLACEMENT_3D('',#7057,#7058,#7059);
#7057 = CARTESIAN_POINT('',(2.465190328816E-31,-5.238529448733E-32,-20.2
    ));
#7058 = DIRECTION('',(6.305496559635E-17,-4.941768411644E-18,-1.));
#7059 = DIRECTION('',(-1.,-1.734723475977E-18,-6.305496559635E-17));
#7060 = PCURVE('',#6924,#7061);
#7061 = DEFINITIONAL_REPRESENTATION('',(#7062),#7066);
#7062 = LINE('',#7063,#7064);
#7063 = CARTESIAN_POINT('',(0.,1.570796326795));
#7064 = VECTOR('',#7065,1.);
#7065 = DIRECTION('',(1.,0.));
#7066 = ( GEOMETRIC_REPRESENTATION_CONTEXT(2) 
PARAMETRIC_REPRESENTATION_CONTEXT() REPRESENTATION_CONTEXT('2D SPACE',''
  ) );
#7067 = PCURVE('',#974,#7068);
#7068 = DEFINITIONAL_REPRESENTATION('',(#7069),#7073);
#7069 = CIRCLE('',#7070,39.5);
#7070 = AXIS2_PLACEMENT_2D('',#7071,#7072);
#7071 = CARTESIAN_POINT('',(0.,0.));
#7072 = DIRECTION('',(1.,0.));
#7073 = ( GEOMETRIC_REPRESENTATION_CONTEXT(2) 
PARAMETRIC_REPRESENTATION_CONTEXT() REPRESENTATION_CONTEXT('2D SPACE',''
  ) );
#7074 = ADVANCED_FACE('',(#7075),#7092,.T.);
#7075 = FACE_BOUND('',#7076,.T.);
#7076 = EDGE_LOOP('',(#7077,#7140,#7164,#7220));
#7077 = ORIENTED_EDGE('',*,*,#7078,.F.);
#7078 = EDGE_CURVE('',#7079,#7081,#7083,.T.);
#7079 = VERTEX_POINT('',#7080);
#7080 = CARTESIAN_POINT('',(-16.72785379076,-36.33426629993,-19.7));
#7081 = VERTEX_POINT('',#7082);
#7082 = CARTESIAN_POINT('',(-16.53636643425,-35.87197492684,-20.2));
#7083 = SURFACE_CURVE('',#7084,(#7091,#7125),.PCURVE_S1.);
#7084 = B_SPLINE_CURVE_WITH_KNOTS('',3,(#7085,#7086,#7087,#7088,#7089,
    #7090),.UNSPECIFIED.,.F.,.F.,(4,2,4),(1.971671673727E-07,
    3.912431664418E-04,7.822891657162E-04),.UNSPECIFIED.);
#7085 = CARTESIAN_POINT('',(-16.72785379076,-36.33426629993,-19.7));
#7086 = CARTESIAN_POINT('',(-16.72785379076,-36.33426629993,
    -19.83221697622));
#7087 = CARTESIAN_POINT('',(-16.70705658585,-36.28405740578,
    -19.96151227599));
#7088 = CARTESIAN_POINT('',(-16.63633342079,-36.11331658151,
    -20.14597979517));
#7089 = CARTESIAN_POINT('',(-16.58632027389,-35.99257416397,-20.2));
#7090 = CARTESIAN_POINT('',(-16.53636643425,-35.87197492684,-20.2));
#7091 = PCURVE('',#7092,#7097);
#7092 = TOROIDAL_SURFACE('',#7093,39.5,0.5);
#7093 = AXIS2_PLACEMENT_3D('',#7094,#7095,#7096);
#7094 = CARTESIAN_POINT('',(-3.152748279817E-17,2.470884205822E-18,-19.7
    ));
#7095 = DIRECTION('',(6.305496559635E-17,-4.941768411644E-18,-1.));
#7096 = DIRECTION('',(-1.,-1.734723475977E-18,-6.305496559635E-17));
#7097 = DEFINITIONAL_REPRESENTATION('',(#7098),#7124);
#7098 = B_SPLINE_CURVE_WITH_KNOTS('',3,(#7099,#7100,#7101,#7102,#7103,
    #7104,#7105,#7106,#7107,#7108,#7109,#7110,#7111,#7112,#7113,#7114,
    #7115,#7116,#7117,#7118,#7119,#7120,#7121,#7122,#7123),
  .UNSPECIFIED.,.F.,.F.,(4,1,1,1,1,1,1,1,1,1,1,1,1,1,1,1,1,1,1,1,1,1,4),
  (1.971671673727E-07,3.574680346505E-05,7.129643976272E-05,
    1.068460760604E-04,1.423957123581E-04,1.779453486557E-04,
    2.134949849534E-04,2.490446212511E-04,2.845942575488E-04,
    3.201438938464E-04,3.556935301441E-04,3.912431664418E-04,
    4.267928027395E-04,4.623424390371E-04,4.978920753348E-04,
    5.334417116325E-04,5.689913479302E-04,6.045409842278E-04,
    6.400906205255E-04,6.756402568232E-04,7.111898931209E-04,
    7.467395294185E-04,7.822891657162E-04),.QUASI_UNIFORM_KNOTS.);
#7099 = CARTESIAN_POINT('',(5.143847766233,0.));
#7100 = CARTESIAN_POINT('',(5.143847766312,2.403710183207E-02));
#7101 = CARTESIAN_POINT('',(5.143848636373,7.202376436484E-02));
#7102 = CARTESIAN_POINT('',(5.143852481604,0.143801046806));
#7103 = CARTESIAN_POINT('',(5.143858797051,0.215445429101));
#7104 = CARTESIAN_POINT('',(5.14386751401,0.286992075344));
#7105 = CARTESIAN_POINT('',(5.143878564469,0.35846042331));
#7106 = CARTESIAN_POINT('',(5.14389188114,0.429856708463));
#7107 = CARTESIAN_POINT('',(5.143907397336,0.501181446822));
#7108 = CARTESIAN_POINT('',(5.143925046954,0.572435485535));
#7109 = CARTESIAN_POINT('',(5.143944764186,0.643627824869));
#7110 = CARTESIAN_POINT('',(5.143966484255,0.714777703174));
#7111 = CARTESIAN_POINT('',(5.143990140319,0.785936729525));
#7112 = CARTESIAN_POINT('',(5.144015674684,0.857134544319));
#7113 = CARTESIAN_POINT('',(5.144042932175,0.928391786666));
#7114 = CARTESIAN_POINT('',(5.144071748268,0.999741238612));
#7115 = CARTESIAN_POINT('',(5.14410196023,1.071174659141));
#7116 = CARTESIAN_POINT('',(5.144133403971,1.142666297667));
#7117 = CARTESIAN_POINT('',(5.14416591474,1.214176619124));
#7118 = CARTESIAN_POINT('',(5.144199326806,1.285661987211));
#7119 = CARTESIAN_POINT('',(5.144233473437,1.357082643245));
#7120 = CARTESIAN_POINT('',(5.144268186778,1.428412379048));
#7121 = CARTESIAN_POINT('',(5.144303297942,1.499642336998));
#7122 = CARTESIAN_POINT('',(5.14432685691,1.547083644318));
#7123 = CARTESIAN_POINT('',(5.144338645932,1.570796326795));
#7124 = ( GEOMETRIC_REPRESENTATION_CONTEXT(2) 
PARAMETRIC_REPRESENTATION_CONTEXT() REPRESENTATION_CONTEXT('2D SPACE',''
  ) );
#7125 = PCURVE('',#7126,#7131);
#7126 = PLANE('',#7127);
#7127 = AXIS2_PLACEMENT_3D('',#7128,#7129,#7130);
#7128 = CARTESIAN_POINT('',(-17.31337571854,-37.74784127905,-18.7));
#7129 = DIRECTION('',(-0.923879532511,0.382683432365,-6.014632503539E-17
    ));
#7130 = DIRECTION('',(0.382683432365,0.923879532511,1.956449197214E-17)
  );
#7131 = DEFINITIONAL_REPRESENTATION('',(#7132),#7139);
#7132 = B_SPLINE_CURVE_WITH_KNOTS('',3,(#7133,#7134,#7135,#7136,#7137,
    #7138),.UNSPECIFIED.,.F.,.F.,(4,2,4),(1.971671673727E-07,
    3.912431664418E-04,7.822891657162E-04),.UNSPECIFIED.);
#7133 = CARTESIAN_POINT('',(1.530042531922,1.));
#7134 = CARTESIAN_POINT('',(1.530042531922,1.132216976224));
#7135 = CARTESIAN_POINT('',(1.584388247341,1.261512275993));
#7136 = CARTESIAN_POINT('',(1.769196783798,1.445979795171));
#7137 = CARTESIAN_POINT('',(1.899887434788,1.5));
#7138 = CARTESIAN_POINT('',(2.030423108424,1.5));
#7139 = ( GEOMETRIC_REPRESENTATION_CONTEXT(2) 
PARAMETRIC_REPRESENTATION_CONTEXT() REPRESENTATION_CONTEXT('2D SPACE',''
  ) );
#7140 = ORIENTED_EDGE('',*,*,#7141,.F.);
#7141 = EDGE_CURVE('',#7142,#7079,#7144,.T.);
#7142 = VERTEX_POINT('',#7143);
#7143 = CARTESIAN_POINT('',(-36.33426629993,-16.72785379076,-19.7));
#7144 = SURFACE_CURVE('',#7145,(#7150,#7157),.PCURVE_S1.);
#7145 = CIRCLE('',#7146,40.);
#7146 = AXIS2_PLACEMENT_3D('',#7147,#7148,#7149);
#7147 = CARTESIAN_POINT('',(-3.152748279817E-17,2.470884205822E-18,-19.7
    ));
#7148 = DIRECTION('',(-6.305496559635E-17,4.941768411644E-18,1.));
#7149 = DIRECTION('',(-1.,-1.734723475977E-18,-6.305496559635E-17));
#7150 = PCURVE('',#7092,#7151);
#7151 = DEFINITIONAL_REPRESENTATION('',(#7152),#7156);
#7152 = LINE('',#7153,#7154);
#7153 = CARTESIAN_POINT('',(6.28318530718,0.));
#7154 = VECTOR('',#7155,1.);
#7155 = DIRECTION('',(-1.,0.));
#7156 = ( GEOMETRIC_REPRESENTATION_CONTEXT(2) 
PARAMETRIC_REPRESENTATION_CONTEXT() REPRESENTATION_CONTEXT('2D SPACE',''
  ) );
#7157 = PCURVE('',#5138,#7158);
#7158 = DEFINITIONAL_REPRESENTATION('',(#7159),#7163);
#7159 = LINE('',#7160,#7161);
#7160 = CARTESIAN_POINT('',(3.14159265359,0.5));
#7161 = VECTOR('',#7162,1.);
#7162 = DIRECTION('',(1.,0.));
#7163 = ( GEOMETRIC_REPRESENTATION_CONTEXT(2) 
PARAMETRIC_REPRESENTATION_CONTEXT() REPRESENTATION_CONTEXT('2D SPACE',''
  ) );
#7164 = ORIENTED_EDGE('',*,*,#7165,.F.);
#7165 = EDGE_CURVE('',#7166,#7142,#7168,.T.);
#7166 = VERTEX_POINT('',#7167);
#7167 = CARTESIAN_POINT('',(-35.87197492684,-16.53636643425,-20.2));
#7168 = SURFACE_CURVE('',#7169,(#7176,#7205),.PCURVE_S1.);
#7169 = B_SPLINE_CURVE_WITH_KNOTS('',3,(#7170,#7171,#7172,#7173,#7174,
    #7175),.UNSPECIFIED.,.F.,.F.,(4,2,4),(7.822956777504E-04,
    1.173007786458E-03,1.563719895165E-03),.UNSPECIFIED.);
#7170 = CARTESIAN_POINT('',(-35.87197492684,-16.53636643425,-20.2));
#7171 = CARTESIAN_POINT('',(-35.99247116883,-16.5862776119,-20.2));
#7172 = CARTESIAN_POINT('',(-36.11236579418,-16.63593959178,
    -20.14700008884));
#7173 = CARTESIAN_POINT('',(-36.28498387922,-16.70744034371,
    -19.96051824995));
#7174 = CARTESIAN_POINT('',(-36.33426629993,-16.72785379076,
    -19.8321102537));
#7175 = CARTESIAN_POINT('',(-36.33426629993,-16.72785379076,-19.7));
#7176 = PCURVE('',#7092,#7177);
#7177 = DEFINITIONAL_REPRESENTATION('',(#7178),#7204);
#7178 = B_SPLINE_CURVE_WITH_KNOTS('',3,(#7179,#7180,#7181,#7182,#7183,
    #7184,#7185,#7186,#7187,#7188,#7189,#7190,#7191,#7192,#7193,#7194,
    #7195,#7196,#7197,#7198,#7199,#7200,#7201,#7202,#7203),
  .UNSPECIFIED.,.F.,.F.,(4,1,1,1,1,1,1,1,1,1,1,1,1,1,1,1,1,1,1,1,1,1,4),
  (7.822956777504E-04,8.178149603601E-04,8.533342429699E-04,
    8.888535255796E-04,9.243728081894E-04,9.598920907991E-04,
    9.954113734089E-04,1.030930656019E-03,1.066449938628E-03,
    1.101969221238E-03,1.137488503848E-03,1.173007786458E-03,
    1.208527069067E-03,1.244046351677E-03,1.279565634287E-03,
    1.315084916897E-03,1.350604199506E-03,1.386123482116E-03,
    1.421642764726E-03,1.457162047336E-03,1.492681329945E-03,
    1.528200612555E-03,1.563719895165E-03),.QUASI_UNIFORM_KNOTS.);
#7179 = CARTESIAN_POINT('',(5.851235641632,1.570796326795));
#7180 = CARTESIAN_POINT('',(5.851247420578,1.547103148051));
#7181 = CARTESIAN_POINT('',(5.851270946223,1.499730352498));
#7182 = CARTESIAN_POINT('',(5.851305980222,1.428672834159));
#7183 = CARTESIAN_POINT('',(5.851340601591,1.357569639447));
#7184 = CARTESIAN_POINT('',(5.851374653689,1.286402608952));
#7185 = CARTESIAN_POINT('',(5.851407980836,1.215165037626));
#7186 = CARTESIAN_POINT('',(5.851440428336,1.143858541713));
#7187 = CARTESIAN_POINT('',(5.851471842628,1.072484702275));
#7188 = CARTESIAN_POINT('',(5.851502070265,1.001041816885));
#7189 = CARTESIAN_POINT('',(5.851530961364,0.929506319197));
#7190 = CARTESIAN_POINT('',(5.85155835631,0.857871396551));
#7191 = CARTESIAN_POINT('',(5.851584134862,0.78597414376));
#7192 = CARTESIAN_POINT('',(5.851608032366,0.71411420796));
#7193 = CARTESIAN_POINT('',(5.85162988357,0.642582604482));
#7194 = CARTESIAN_POINT('',(5.851649667691,0.571197935845));
#7195 = CARTESIAN_POINT('',(5.85166732472,0.499926335738));
#7196 = CARTESIAN_POINT('',(5.851682804565,0.428710047534));
#7197 = CARTESIAN_POINT('',(5.851696053811,0.357507659961));
#7198 = CARTESIAN_POINT('',(5.851707019184,0.286277316551));
#7199 = CARTESIAN_POINT('',(5.851715646555,0.214975306918));
#7200 = CARTESIAN_POINT('',(5.851721881093,0.14354983038));
#7201 = CARTESIAN_POINT('',(5.851725667247,7.193911728611E-02));
#7202 = CARTESIAN_POINT('',(5.851726521254,2.40184490563E-02));
#7203 = CARTESIAN_POINT('',(5.851726521331,0.));
#7204 = ( GEOMETRIC_REPRESENTATION_CONTEXT(2) 
PARAMETRIC_REPRESENTATION_CONTEXT() REPRESENTATION_CONTEXT('2D SPACE',''
  ) );
#7205 = PCURVE('',#7206,#7211);
#7206 = PLANE('',#7207);
#7207 = AXIS2_PLACEMENT_3D('',#7208,#7209,#7210);
#7208 = CARTESIAN_POINT('',(-37.74784127905,-17.31337571854,-18.7));
#7209 = DIRECTION('',(0.382683432365,-0.923879532511,2.8695689352E-17));
#7210 = DIRECTION('',(-0.923879532511,-0.382683432365,
    -5.636405923995E-17));
#7211 = DEFINITIONAL_REPRESENTATION('',(#7212),#7219);
#7212 = B_SPLINE_CURVE_WITH_KNOTS('',3,(#7213,#7214,#7215,#7216,#7217,
    #7218),.UNSPECIFIED.,.F.,.F.,(4,2,4),(7.822956777504E-04,
    1.173007786458E-03,1.563719895165E-03),.UNSPECIFIED.);
#7213 = CARTESIAN_POINT('',(-2.030423108424,1.5));
#7214 = CARTESIAN_POINT('',(-1.899998915931,1.5));
#7215 = CARTESIAN_POINT('',(-1.770225908596,1.447000088842));
#7216 = CARTESIAN_POINT('',(-1.58338543971,1.260518249952));
#7217 = CARTESIAN_POINT('',(-1.530042531921,1.132110253704));
#7218 = CARTESIAN_POINT('',(-1.530042531922,1.));
#7219 = ( GEOMETRIC_REPRESENTATION_CONTEXT(2) 
PARAMETRIC_REPRESENTATION_CONTEXT() REPRESENTATION_CONTEXT('2D SPACE',''
  ) );
#7220 = ORIENTED_EDGE('',*,*,#7221,.F.);
#7221 = EDGE_CURVE('',#7081,#7166,#7222,.T.);
#7222 = SURFACE_CURVE('',#7223,(#7228,#7235),.PCURVE_S1.);
#7223 = CIRCLE('',#7224,39.5);
#7224 = AXIS2_PLACEMENT_3D('',#7225,#7226,#7227);
#7225 = CARTESIAN_POINT('',(2.465190328816E-31,-5.238529448733E-32,-20.2
    ));
#7226 = DIRECTION('',(6.305496559635E-17,-4.941768411644E-18,-1.));
#7227 = DIRECTION('',(-1.,-1.734723475977E-18,-6.305496559635E-17));
#7228 = PCURVE('',#7092,#7229);
#7229 = DEFINITIONAL_REPRESENTATION('',(#7230),#7234);
#7230 = LINE('',#7231,#7232);
#7231 = CARTESIAN_POINT('',(0.,1.570796326795));
#7232 = VECTOR('',#7233,1.);
#7233 = DIRECTION('',(1.,0.));
#7234 = ( GEOMETRIC_REPRESENTATION_CONTEXT(2) 
PARAMETRIC_REPRESENTATION_CONTEXT() REPRESENTATION_CONTEXT('2D SPACE',''
  ) );
#7235 = PCURVE('',#974,#7236);
#7236 = DEFINITIONAL_REPRESENTATION('',(#7237),#7241);
#7237 = CIRCLE('',#7238,39.5);
#7238 = AXIS2_PLACEMENT_2D('',#7239,#7240);
#7239 = CARTESIAN_POINT('',(0.,0.));
#7240 = DIRECTION('',(1.,0.));
#7241 = ( GEOMETRIC_REPRESENTATION_CONTEXT(2) 
PARAMETRIC_REPRESENTATION_CONTEXT() REPRESENTATION_CONTEXT('2D SPACE',''
  ) );
#7242 = ADVANCED_FACE('',(#7243),#5110,.T.);
#7243 = FACE_BOUND('',#7244,.T.);
#7244 = EDGE_LOOP('',(#7245,#7246,#7247,#7298));
#7245 = ORIENTED_EDGE('',*,*,#6224,.F.);
#7246 = ORIENTED_EDGE('',*,*,#5086,.F.);
#7247 = ORIENTED_EDGE('',*,*,#7248,.F.);
#7248 = EDGE_CURVE('',#7249,#5087,#7251,.T.);
#7249 = VERTEX_POINT('',#7250);
#7250 = CARTESIAN_POINT('',(-37.05829356717,13.672339883473,-20.2));
#7251 = SURFACE_CURVE('',#7252,(#7259,#7288),.PCURVE_S1.);
#7252 = B_SPLINE_CURVE_WITH_KNOTS('',3,(#7253,#7254,#7255,#7256,#7257,
    #7258),.UNSPECIFIED.,.F.,.F.,(4,2,4),(7.822956777504E-04,
    1.173007786458E-03,1.563719895165E-03),.UNSPECIFIED.);
#7253 = CARTESIAN_POINT('',(-37.05829356717,13.672339883473,-20.2));
#7254 = CARTESIAN_POINT('',(-37.17878980916,13.72225106112,-20.2));
#7255 = CARTESIAN_POINT('',(-37.29868443451,13.771913040996,
    -20.14700008884));
#7256 = CARTESIAN_POINT('',(-37.47130251955,13.843413792933,
    -19.96051824995));
#7257 = CARTESIAN_POINT('',(-37.52058494027,13.863827239978,
    -19.8321102537));
#7258 = CARTESIAN_POINT('',(-37.52058494027,13.863827239978,-19.7));
#7259 = PCURVE('',#5110,#7260);
#7260 = DEFINITIONAL_REPRESENTATION('',(#7261),#7287);
#7261 = B_SPLINE_CURVE_WITH_KNOTS('',3,(#7262,#7263,#7264,#7265,#7266,
    #7267,#7268,#7269,#7270,#7271,#7272,#7273,#7274,#7275,#7276,#7277,
    #7278,#7279,#7280,#7281,#7282,#7283,#7284,#7285,#7286),
  .UNSPECIFIED.,.F.,.F.,(4,1,1,1,1,1,1,1,1,1,1,1,1,1,1,1,1,1,1,1,1,1,4),
  (7.822956777504E-04,8.178149603601E-04,8.533342429699E-04,
    8.888535255796E-04,9.243728081894E-04,9.598920907991E-04,
    9.954113734089E-04,1.030930656019E-03,1.066449938628E-03,
    1.101969221238E-03,1.137488503848E-03,1.173007786458E-03,
    1.208527069067E-03,1.244046351677E-03,1.279565634287E-03,
    1.315084916897E-03,1.350604199506E-03,1.386123482116E-03,
    1.421642764726E-03,1.457162047336E-03,1.492681329945E-03,
    1.528200612555E-03,1.563719895165E-03),.QUASI_UNIFORM_KNOTS.);
#7262 = CARTESIAN_POINT('',(0.35344849785,1.570796326795));
#7263 = CARTESIAN_POINT('',(0.353460276796,1.547103148051));
#7264 = CARTESIAN_POINT('',(0.353483802441,1.499730352498));
#7265 = CARTESIAN_POINT('',(0.35351883644,1.428672834159));
#7266 = CARTESIAN_POINT('',(0.353553457809,1.357569639447));
#7267 = CARTESIAN_POINT('',(0.353587509907,1.286402608952));
#7268 = CARTESIAN_POINT('',(0.353620837054,1.215165037626));
#7269 = CARTESIAN_POINT('',(0.353653284554,1.143858541713));
#7270 = CARTESIAN_POINT('',(0.353684698846,1.072484702275));
#7271 = CARTESIAN_POINT('',(0.353714926483,1.001041816885));
#7272 = CARTESIAN_POINT('',(0.353743817582,0.929506319197));
#7273 = CARTESIAN_POINT('',(0.353771212528,0.857871396551));
#7274 = CARTESIAN_POINT('',(0.353796991079,0.78597414376));
#7275 = CARTESIAN_POINT('',(0.353820888584,0.71411420796));
#7276 = CARTESIAN_POINT('',(0.353842739788,0.642582604482));
#7277 = CARTESIAN_POINT('',(0.353862523909,0.571197935845));
#7278 = CARTESIAN_POINT('',(0.353880180938,0.499926335739));
#7279 = CARTESIAN_POINT('',(0.353895660783,0.428710047534));
#7280 = CARTESIAN_POINT('',(0.353908910028,0.35750765996));
#7281 = CARTESIAN_POINT('',(0.353919875401,0.286277316551));
#7282 = CARTESIAN_POINT('',(0.353928502772,0.214975306918));
#7283 = CARTESIAN_POINT('',(0.35393473731,0.14354983038));
#7284 = CARTESIAN_POINT('',(0.353938523465,7.193911728611E-02));
#7285 = CARTESIAN_POINT('',(0.353939377472,2.40184490563E-02));
#7286 = CARTESIAN_POINT('',(0.353939377549,0.));
#7287 = ( GEOMETRIC_REPRESENTATION_CONTEXT(2) 
PARAMETRIC_REPRESENTATION_CONTEXT() REPRESENTATION_CONTEXT('2D SPACE',''
  ) );
#7288 = PCURVE('',#5619,#7289);
#7289 = DEFINITIONAL_REPRESENTATION('',(#7290),#7297);
#7290 = B_SPLINE_CURVE_WITH_KNOTS('',3,(#7291,#7292,#7293,#7294,#7295,
    #7296),.UNSPECIFIED.,.F.,.F.,(4,2,4),(7.822956777504E-04,
    1.173007786458E-03,1.563719895165E-03),.UNSPECIFIED.);
#7291 = CARTESIAN_POINT('',(-2.030423108424,1.5));
#7292 = CARTESIAN_POINT('',(-1.899998915931,1.5));
#7293 = CARTESIAN_POINT('',(-1.770225908596,1.447000088842));
#7294 = CARTESIAN_POINT('',(-1.58338543971,1.260518249952));
#7295 = CARTESIAN_POINT('',(-1.530042531921,1.132110253704));
#7296 = CARTESIAN_POINT('',(-1.530042531922,1.));
#7297 = ( GEOMETRIC_REPRESENTATION_CONTEXT(2) 
PARAMETRIC_REPRESENTATION_CONTEXT() REPRESENTATION_CONTEXT('2D SPACE',''
  ) );
#7298 = ORIENTED_EDGE('',*,*,#7299,.F.);
#7299 = EDGE_CURVE('',#6225,#7249,#7300,.T.);
#7300 = SURFACE_CURVE('',#7301,(#7306,#7313),.PCURVE_S1.);
#7301 = CIRCLE('',#7302,39.5);
#7302 = AXIS2_PLACEMENT_3D('',#7303,#7304,#7305);
#7303 = CARTESIAN_POINT('',(2.465190328816E-31,-5.238529448733E-32,-20.2
    ));
#7304 = DIRECTION('',(6.305496559635E-17,-4.941768411644E-18,-1.));
#7305 = DIRECTION('',(-1.,-1.734723475977E-18,-6.305496559635E-17));
#7306 = PCURVE('',#5110,#7307);
#7307 = DEFINITIONAL_REPRESENTATION('',(#7308),#7312);
#7308 = LINE('',#7309,#7310);
#7309 = CARTESIAN_POINT('',(0.,1.570796326795));
#7310 = VECTOR('',#7311,1.);
#7311 = DIRECTION('',(1.,0.));
#7312 = ( GEOMETRIC_REPRESENTATION_CONTEXT(2) 
PARAMETRIC_REPRESENTATION_CONTEXT() REPRESENTATION_CONTEXT('2D SPACE',''
  ) );
#7313 = PCURVE('',#974,#7314);
#7314 = DEFINITIONAL_REPRESENTATION('',(#7315),#7319);
#7315 = CIRCLE('',#7316,39.5);
#7316 = AXIS2_PLACEMENT_2D('',#7317,#7318);
#7317 = CARTESIAN_POINT('',(0.,0.));
#7318 = DIRECTION('',(1.,0.));
#7319 = ( GEOMETRIC_REPRESENTATION_CONTEXT(2) 
PARAMETRIC_REPRESENTATION_CONTEXT() REPRESENTATION_CONTEXT('2D SPACE',''
  ) );
#7320 = ADVANCED_FACE('',(#7321),#3973,.T.);
#7321 = FACE_BOUND('',#7322,.T.);
#7322 = EDGE_LOOP('',(#7323,#7324,#7346,#7347,#7348,#7371,#7441,#7465,
    #7535,#7558));
#7323 = ORIENTED_EDGE('',*,*,#6149,.F.);
#7324 = ORIENTED_EDGE('',*,*,#7325,.T.);
#7325 = EDGE_CURVE('',#3701,#3699,#7326,.T.);
#7326 = SURFACE_CURVE('',#7327,(#7332,#7339),.PCURVE_S1.);
#7327 = CIRCLE('',#7328,30.);
#7328 = AXIS2_PLACEMENT_3D('',#7329,#7330,#7331);
#7329 = CARTESIAN_POINT('',(4.729122419726E-16,-3.706326308733E-17,-27.7
    ));
#7330 = DIRECTION('',(-6.305496559635E-17,4.941768411644E-18,1.));
#7331 = DIRECTION('',(-1.,-1.734723475977E-18,-6.305496559635E-17));
#7332 = PCURVE('',#3973,#7333);
#7333 = DEFINITIONAL_REPRESENTATION('',(#7334),#7338);
#7334 = LINE('',#7335,#7336);
#7335 = CARTESIAN_POINT('',(3.14159265359,0.5));
#7336 = VECTOR('',#7337,1.);
#7337 = DIRECTION('',(1.,0.));
#7338 = ( GEOMETRIC_REPRESENTATION_CONTEXT(2) 
PARAMETRIC_REPRESENTATION_CONTEXT() REPRESENTATION_CONTEXT('2D SPACE',''
  ) );
#7339 = PCURVE('',#3751,#7340);
#7340 = DEFINITIONAL_REPRESENTATION('',(#7341),#7345);
#7341 = LINE('',#7342,#7343);
#7342 = CARTESIAN_POINT('',(6.28318530718,0.));
#7343 = VECTOR('',#7344,1.);
#7344 = DIRECTION('',(-1.,0.));
#7345 = ( GEOMETRIC_REPRESENTATION_CONTEXT(2) 
PARAMETRIC_REPRESENTATION_CONTEXT() REPRESENTATION_CONTEXT('2D SPACE',''
  ) );
#7346 = ORIENTED_EDGE('',*,*,#6171,.T.);
#7347 = ORIENTED_EDGE('',*,*,#3958,.T.);
#7348 = ORIENTED_EDGE('',*,*,#7349,.F.);
#7349 = EDGE_CURVE('',#7350,#3820,#7352,.T.);
#7350 = VERTEX_POINT('',#7351);
#7351 = CARTESIAN_POINT('',(9.386257964188,-28.49382672491,-25.7));
#7352 = SURFACE_CURVE('',#7353,(#7357,#7364),.PCURVE_S1.);
#7353 = LINE('',#7354,#7355);
#7354 = CARTESIAN_POINT('',(9.386257964188,-28.49382672491,-28.2));
#7355 = VECTOR('',#7356,1.);
#7356 = DIRECTION('',(-6.305496559635E-17,4.941768411644E-18,1.));
#7357 = PCURVE('',#3973,#7358);
#7358 = DEFINITIONAL_REPRESENTATION('',(#7359),#7363);
#7359 = LINE('',#7360,#7361);
#7360 = CARTESIAN_POINT('',(5.030607760483,0.));
#7361 = VECTOR('',#7362,1.);
#7362 = DIRECTION('',(0.,1.));
#7363 = ( GEOMETRIC_REPRESENTATION_CONTEXT(2) 
PARAMETRIC_REPRESENTATION_CONTEXT() REPRESENTATION_CONTEXT('2D SPACE',''
  ) );
#7364 = PCURVE('',#5933,#7365);
#7365 = DEFINITIONAL_REPRESENTATION('',(#7366),#7370);
#7366 = LINE('',#7367,#7368);
#7367 = CARTESIAN_POINT('',(-31.05889088035,-8.189069333503));
#7368 = VECTOR('',#7369,1.);
#7369 = DIRECTION('',(1.,-0.));
#7370 = ( GEOMETRIC_REPRESENTATION_CONTEXT(2) 
PARAMETRIC_REPRESENTATION_CONTEXT() REPRESENTATION_CONTEXT('2D SPACE',''
  ) );
#7371 = ORIENTED_EDGE('',*,*,#7372,.T.);
#7372 = EDGE_CURVE('',#7350,#7373,#7375,.T.);
#7373 = VERTEX_POINT('',#7374);
#7374 = CARTESIAN_POINT('',(8.886257964188,-28.65369818005,-26.2));
#7375 = SURFACE_CURVE('',#7376,(#7383,#7412),.PCURVE_S1.);
#7376 = B_SPLINE_CURVE_WITH_KNOTS('',3,(#7377,#7378,#7379,#7380,#7381,
    #7382),.UNSPECIFIED.,.F.,.F.,(4,2,4),(8.673617379884E-19,
    4.00268194971E-04,8.005363899421E-04),.UNSPECIFIED.);
#7377 = CARTESIAN_POINT('',(9.386257964188,-28.49382672491,-25.7));
#7378 = CARTESIAN_POINT('',(9.386257964188,-28.49382672491,
    -25.83538865663));
#7379 = CARTESIAN_POINT('',(9.328799572447,-28.51285784238,
    -25.96661848701));
#7380 = CARTESIAN_POINT('',(9.142709533096,-28.5730716969,-26.1485098499
    ));
#7381 = CARTESIAN_POINT('',(9.01540552153,-28.61364615945,-26.2));
#7382 = CARTESIAN_POINT('',(8.886257964188,-28.65369818005,-26.2));
#7383 = PCURVE('',#3973,#7384);
#7384 = DEFINITIONAL_REPRESENTATION('',(#7385),#7411);
#7385 = B_SPLINE_CURVE_WITH_KNOTS('',3,(#7386,#7387,#7388,#7389,#7390,
    #7391,#7392,#7393,#7394,#7395,#7396,#7397,#7398,#7399,#7400,#7401,
    #7402,#7403,#7404,#7405,#7406,#7407,#7408,#7409,#7410),
  .UNSPECIFIED.,.F.,.F.,(4,1,1,1,1,1,1,1,1,1,1,1,1,1,1,1,1,1,1,1,1,1,4),
  (8.673617379884E-19,3.638801772464E-05,7.277603544928E-05,
    1.091640531739E-04,1.455520708986E-04,1.819400886232E-04,
    2.183281063478E-04,2.547161240725E-04,2.911041417971E-04,
    3.274921595218E-04,3.638801772464E-04,4.00268194971E-04,
    4.366562126957E-04,4.730442304203E-04,5.09432248145E-04,
    5.458202658696E-04,5.822082835942E-04,6.185963013189E-04,
    6.549843190435E-04,6.913723367682E-04,7.277603544928E-04,
    7.641483722174E-04,8.005363899421E-04),.QUASI_UNIFORM_KNOTS.);
#7386 = CARTESIAN_POINT('',(5.030607760483,2.5));
#7387 = CARTESIAN_POINT('',(5.030607760483,2.487691940306));
#7388 = CARTESIAN_POINT('',(5.030574411713,2.463144561855));
#7389 = CARTESIAN_POINT('',(5.030427837806,2.426692565863));
#7390 = CARTESIAN_POINT('',(5.030188208702,2.390772490684));
#7391 = CARTESIAN_POINT('',(5.02985901994,2.35554718456));
#7392 = CARTESIAN_POINT('',(5.029443766769,2.321179499014));
#7393 = CARTESIAN_POINT('',(5.028945945023,2.287832273343));
#7394 = CARTESIAN_POINT('',(5.028369047742,2.255668392463));
#7395 = CARTESIAN_POINT('',(5.027716577768,2.224850571035));
#7396 = CARTESIAN_POINT('',(5.026992000741,2.195542159127));
#7397 = CARTESIAN_POINT('',(5.026198920541,2.167904135438));
#7398 = CARTESIAN_POINT('',(5.02534042456,2.142106328727));
#7399 = CARTESIAN_POINT('',(5.024421527205,2.118285538882));
#7400 = CARTESIAN_POINT('',(5.023448889818,2.096469967578));
#7401 = CARTESIAN_POINT('',(5.022427246585,2.07672084536));
#7402 = CARTESIAN_POINT('',(5.021361848028,2.059090552712));
#7403 = CARTESIAN_POINT('',(5.020257806245,2.043633841486));
#7404 = CARTESIAN_POINT('',(5.0191202703,2.030404828129));
#7405 = CARTESIAN_POINT('',(5.017954379155,2.019457799343));
#7406 = CARTESIAN_POINT('',(5.016765274206,2.01084699621));
#7407 = CARTESIAN_POINT('',(5.015558095805,2.004626672037));
#7408 = CARTESIAN_POINT('',(5.014337984151,2.000851076854));
#7409 = CARTESIAN_POINT('',(5.013519380521,2.));
#7410 = CARTESIAN_POINT('',(5.013109636353,2.));
#7411 = ( GEOMETRIC_REPRESENTATION_CONTEXT(2) 
PARAMETRIC_REPRESENTATION_CONTEXT() REPRESENTATION_CONTEXT('2D SPACE',''
  ) );
#7412 = PCURVE('',#5986,#7413);
#7413 = DEFINITIONAL_REPRESENTATION('',(#7414),#7440);
#7414 = B_SPLINE_CURVE_WITH_KNOTS('',3,(#7415,#7416,#7417,#7418,#7419,
    #7420,#7421,#7422,#7423,#7424,#7425,#7426,#7427,#7428,#7429,#7430,
    #7431,#7432,#7433,#7434,#7435,#7436,#7437,#7438,#7439),
  .UNSPECIFIED.,.F.,.F.,(4,1,1,1,1,1,1,1,1,1,1,1,1,1,1,1,1,1,1,1,1,1,4),
  (8.673617379884E-19,3.638801772464E-05,7.277603544928E-05,
    1.091640531739E-04,1.455520708986E-04,1.819400886232E-04,
    2.183281063478E-04,2.547161240725E-04,2.911041417971E-04,
    3.274921595218E-04,3.638801772464E-04,4.00268194971E-04,
    4.366562126957E-04,4.730442304203E-04,5.09432248145E-04,
    5.458202658696E-04,5.822082835942E-04,6.185963013189E-04,
    6.549843190435E-04,6.913723367682E-04,7.277603544928E-04,
    7.641483722174E-04,8.005363899421E-04),.QUASI_UNIFORM_KNOTS.);
#7415 = CARTESIAN_POINT('',(4.712388980385,28.493826724919));
#7416 = CARTESIAN_POINT('',(4.687776139356,28.493826724919));
#7417 = CARTESIAN_POINT('',(4.638675349691,28.494141288849));
#7418 = CARTESIAN_POINT('',(4.565332982712,28.495520964846));
#7419 = CARTESIAN_POINT('',(4.492219459542,28.497772609442));
#7420 = CARTESIAN_POINT('',(4.419304205662,28.500860360484));
#7421 = CARTESIAN_POINT('',(4.346580831614,28.504748358227));
#7422 = CARTESIAN_POINT('',(4.274064694473,28.509400733952));
#7423 = CARTESIAN_POINT('',(4.201783491412,28.514781652428));
#7424 = CARTESIAN_POINT('',(4.129769382041,28.520855153442));
#7425 = CARTESIAN_POINT('',(4.058049773993,28.527585743223));
#7426 = CARTESIAN_POINT('',(3.986641324892,28.534936187217));
#7427 = CARTESIAN_POINT('',(3.915533398049,28.542875747554));
#7428 = CARTESIAN_POINT('',(3.844712814308,28.551349440413));
#7429 = CARTESIAN_POINT('',(3.774111162436,28.560288602023));
#7430 = CARTESIAN_POINT('',(3.703657909856,28.569648814559));
#7431 = CARTESIAN_POINT('',(3.633308441679,28.579379163515));
#7432 = CARTESIAN_POINT('',(3.56303075526,28.589430475167));
#7433 = CARTESIAN_POINT('',(3.492802768048,28.599753109349));
#7434 = CARTESIAN_POINT('',(3.422606384156,28.610297550877));
#7435 = CARTESIAN_POINT('',(3.352422468658,28.621014251079));
#7436 = CARTESIAN_POINT('',(3.282224768321,28.631853670255));
#7437 = CARTESIAN_POINT('',(3.211977294566,28.642766266302));
#7438 = CARTESIAN_POINT('',(3.165072337825,28.650057087276));
#7439 = CARTESIAN_POINT('',(3.14159265359,28.653698180059));
#7440 = ( GEOMETRIC_REPRESENTATION_CONTEXT(2) 
PARAMETRIC_REPRESENTATION_CONTEXT() REPRESENTATION_CONTEXT('2D SPACE',''
  ) );
#7441 = ORIENTED_EDGE('',*,*,#7442,.F.);
#7442 = EDGE_CURVE('',#7443,#7373,#7445,.T.);
#7443 = VERTEX_POINT('',#7444);
#7444 = CARTESIAN_POINT('',(-8.886257964188,-28.65369818005,-26.2));
#7445 = SURFACE_CURVE('',#7446,(#7451,#7458),.PCURVE_S1.);
#7446 = CIRCLE('',#7447,30.);
#7447 = AXIS2_PLACEMENT_3D('',#7448,#7449,#7450);
#7448 = CARTESIAN_POINT('',(3.783297935781E-16,-2.965061046986E-17,-26.2
    ));
#7449 = DIRECTION('',(-6.305496559635E-17,4.941768411644E-18,1.));
#7450 = DIRECTION('',(1.,1.734723475977E-18,6.305496559635E-17));
#7451 = PCURVE('',#3973,#7452);
#7452 = DEFINITIONAL_REPRESENTATION('',(#7453),#7457);
#7453 = LINE('',#7454,#7455);
#7454 = CARTESIAN_POINT('',(0.,2.));
#7455 = VECTOR('',#7456,1.);
#7456 = DIRECTION('',(1.,0.));
#7457 = ( GEOMETRIC_REPRESENTATION_CONTEXT(2) 
PARAMETRIC_REPRESENTATION_CONTEXT() REPRESENTATION_CONTEXT('2D SPACE',''
  ) );
#7458 = PCURVE('',#3628,#7459);
#7459 = DEFINITIONAL_REPRESENTATION('',(#7460),#7464);
#7460 = CIRCLE('',#7461,30.);
#7461 = AXIS2_PLACEMENT_2D('',#7462,#7463);
#7462 = CARTESIAN_POINT('',(0.,0.));
#7463 = DIRECTION('',(1.,0.));
#7464 = ( GEOMETRIC_REPRESENTATION_CONTEXT(2) 
PARAMETRIC_REPRESENTATION_CONTEXT() REPRESENTATION_CONTEXT('2D SPACE',''
  ) );
#7465 = ORIENTED_EDGE('',*,*,#7466,.T.);
#7466 = EDGE_CURVE('',#7443,#7467,#7469,.T.);
#7467 = VERTEX_POINT('',#7468);
#7468 = CARTESIAN_POINT('',(-9.386257964188,-28.49382672491,-25.7));
#7469 = SURFACE_CURVE('',#7470,(#7477,#7506),.PCURVE_S1.);
#7470 = B_SPLINE_CURVE_WITH_KNOTS('',3,(#7471,#7472,#7473,#7474,#7475,
    #7476),.UNSPECIFIED.,.F.,.F.,(4,2,4),(0.,4.00276805979E-04,
    8.00553611958E-04),.UNSPECIFIED.);
#7471 = CARTESIAN_POINT('',(-8.886257964188,-28.65369818005,-26.2));
#7472 = CARTESIAN_POINT('',(-9.015508318879,-28.61361427931,-26.2));
#7473 = CARTESIAN_POINT('',(-9.142028535871,-28.57329117311,
    -26.14905174047));
#7474 = CARTESIAN_POINT('',(-9.328996621542,-28.51279495681,
    -25.96654930546));
#7475 = CARTESIAN_POINT('',(-9.386257964188,-28.49382672491,
    -25.83552047535));
#7476 = CARTESIAN_POINT('',(-9.386257964188,-28.49382672491,-25.7));
#7477 = PCURVE('',#3973,#7478);
#7478 = DEFINITIONAL_REPRESENTATION('',(#7479),#7505);
#7479 = B_SPLINE_CURVE_WITH_KNOTS('',3,(#7480,#7481,#7482,#7483,#7484,
    #7485,#7486,#7487,#7488,#7489,#7490,#7491,#7492,#7493,#7494,#7495,
    #7496,#7497,#7498,#7499,#7500,#7501,#7502,#7503,#7504),
  .UNSPECIFIED.,.F.,.F.,(4,1,1,1,1,1,1,1,1,1,1,1,1,1,1,1,1,1,1,1,1,1,4),
  (0.,3.638880054354E-05,7.277760108709E-05,1.091664016306E-04,
    1.455552021742E-04,1.819440027177E-04,2.183328032613E-04,
    2.547216038048E-04,2.911104043484E-04,3.274992048919E-04,
    3.638880054354E-04,4.00276805979E-04,4.366656065225E-04,
    4.730544070661E-04,5.094432076096E-04,5.458320081532E-04,
    5.822208086967E-04,6.186096092403E-04,6.549984097838E-04,
    6.913872103273E-04,7.277760108709E-04,7.641648114144E-04,
    8.00553611958E-04),.QUASI_UNIFORM_KNOTS.);
#7480 = CARTESIAN_POINT('',(4.411668324416,2.));
#7481 = CARTESIAN_POINT('',(4.411258254103,2.));
#7482 = CARTESIAN_POINT('',(4.410439510973,2.000842119997));
#7483 = CARTESIAN_POINT('',(4.409220395637,2.004583672106));
#7484 = CARTESIAN_POINT('',(4.408015086309,2.010755608613));
#7485 = CARTESIAN_POINT('',(4.406828390416,2.019309941244));
#7486 = CARTESIAN_POINT('',(4.405665115269,2.030198683801));
#7487 = CARTESIAN_POINT('',(4.40453007017,2.043373842334));
#7488 = CARTESIAN_POINT('',(4.403428058407,2.058787451821));
#7489 = CARTESIAN_POINT('',(4.40236390674,2.076391439293));
#7490 = CARTESIAN_POINT('',(4.401342355069,2.096138134631));
#7491 = CARTESIAN_POINT('',(4.400368467963,2.117978364265));
#7492 = CARTESIAN_POINT('',(4.39944609862,2.141868565582));
#7493 = CARTESIAN_POINT('',(4.398583621344,2.16774423559));
#7494 = CARTESIAN_POINT('',(4.397787964861,2.19542979392));
#7495 = CARTESIAN_POINT('',(4.397061536939,2.224770600574));
#7496 = CARTESIAN_POINT('',(4.396407956878,2.255606404602));
#7497 = CARTESIAN_POINT('',(4.3958305195,2.287778458503));
#7498 = CARTESIAN_POINT('',(4.395332606734,2.321127611927));
#7499 = CARTESIAN_POINT('',(4.394917577336,2.355494822468));
#7500 = CARTESIAN_POINT('',(4.394588796445,2.390721018797));
#7501 = CARTESIAN_POINT('',(4.394349627652,2.426647137335));
#7502 = CARTESIAN_POINT('',(4.3942034351,2.463114112424));
#7503 = CARTESIAN_POINT('',(4.394170200287,2.487679956786));
#7504 = CARTESIAN_POINT('',(4.394170200286,2.5));
#7505 = ( GEOMETRIC_REPRESENTATION_CONTEXT(2) 
PARAMETRIC_REPRESENTATION_CONTEXT() REPRESENTATION_CONTEXT('2D SPACE',''
  ) );
#7506 = PCURVE('',#5682,#7507);
#7507 = DEFINITIONAL_REPRESENTATION('',(#7508),#7534);
#7508 = B_SPLINE_CURVE_WITH_KNOTS('',3,(#7509,#7510,#7511,#7512,#7513,
    #7514,#7515,#7516,#7517,#7518,#7519,#7520,#7521,#7522,#7523,#7524,
    #7525,#7526,#7527,#7528,#7529,#7530,#7531,#7532,#7533),
  .UNSPECIFIED.,.F.,.F.,(4,1,1,1,1,1,1,1,1,1,1,1,1,1,1,1,1,1,1,1,1,1,4),
  (0.,3.638880054354E-05,7.277760108709E-05,1.091664016306E-04,
    1.455552021742E-04,1.819440027177E-04,2.183328032613E-04,
    2.547216038048E-04,2.911104043484E-04,3.274992048919E-04,
    3.638880054354E-04,4.00276805979E-04,4.366656065225E-04,
    4.730544070661E-04,5.094432076096E-04,5.458320081532E-04,
    5.822208086967E-04,6.186096092403E-04,6.549984097838E-04,
    6.913872103273E-04,7.277760108709E-04,7.641648114144E-04,
    8.00553611958E-04),.QUASI_UNIFORM_KNOTS.);
#7509 = CARTESIAN_POINT('',(0.,-28.65369818005));
#7510 = CARTESIAN_POINT('',(2.349880291295E-02,-28.65005418908));
#7511 = CARTESIAN_POINT('',(7.041103873325E-02,-28.64276225331));
#7512 = CARTESIAN_POINT('',(0.140592032093,-28.63185898356));
#7513 = CARTESIAN_POINT('',(0.210659522105,-28.62103684274));
#7514 = CARTESIAN_POINT('',(0.280669489972,-28.61034232714));
#7515 = CARTESIAN_POINT('',(0.350671121608,-28.59982192827));
#7516 = CARTESIAN_POINT('',(0.420708924497,-28.58952215545));
#7517 = CARTESIAN_POINT('',(0.490827824516,-28.57948945163));
#7518 = CARTESIAN_POINT('',(0.561075883643,-28.56977050735));
#7519 = CARTESIAN_POINT('',(0.631513489062,-28.56041108921));
#7520 = CARTESIAN_POINT('',(0.702198318688,-28.55146041197));
#7521 = CARTESIAN_POINT('',(0.773259370353,-28.54295482168));
#7522 = CARTESIAN_POINT('',(0.844636977063,-28.53497869108));
#7523 = CARTESIAN_POINT('',(0.916210175727,-28.52760455589));
#7524 = CARTESIAN_POINT('',(0.988039301254,-28.52085692513));
#7525 = CARTESIAN_POINT('',(1.060109996933,-28.51477317652));
#7526 = CARTESIAN_POINT('',(1.13241110149,-28.50938723964));
#7527 = CARTESIAN_POINT('',(1.204923514257,-28.504733968));
#7528 = CARTESIAN_POINT('',(1.277633241859,-28.50084796751));
#7529 = CARTESIAN_POINT('',(1.350537504458,-28.49776391046));
#7530 = CARTESIAN_POINT('',(1.423653783079,-28.49551645134));
#7531 = CARTESIAN_POINT('',(1.497021995797,-28.49414024942));
#7532 = CARTESIAN_POINT('',(1.546159283314,-28.49382672491));
#7533 = CARTESIAN_POINT('',(1.570796326795,-28.49382672491));
#7534 = ( GEOMETRIC_REPRESENTATION_CONTEXT(2) 
PARAMETRIC_REPRESENTATION_CONTEXT() REPRESENTATION_CONTEXT('2D SPACE',''
  ) );
#7535 = ORIENTED_EDGE('',*,*,#7536,.F.);
#7536 = EDGE_CURVE('',#7537,#7467,#7539,.T.);
#7537 = VERTEX_POINT('',#7538);
#7538 = CARTESIAN_POINT('',(-9.386257964188,-28.49382672491,-20.7));
#7539 = SURFACE_CURVE('',#7540,(#7544,#7551),.PCURVE_S1.);
#7540 = LINE('',#7541,#7542);
#7541 = CARTESIAN_POINT('',(-9.386257964188,-28.49382672491,-28.2));
#7542 = VECTOR('',#7543,1.);
#7543 = DIRECTION('',(6.305496559635E-17,-4.941768411644E-18,-1.));
#7544 = PCURVE('',#3973,#7545);
#7545 = DEFINITIONAL_REPRESENTATION('',(#7546),#7550);
#7546 = LINE('',#7547,#7548);
#7547 = CARTESIAN_POINT('',(4.394170200286,0.));
#7548 = VECTOR('',#7549,1.);
#7549 = DIRECTION('',(0.,-1.));
#7550 = ( GEOMETRIC_REPRESENTATION_CONTEXT(2) 
PARAMETRIC_REPRESENTATION_CONTEXT() REPRESENTATION_CONTEXT('2D SPACE',''
  ) );
#7551 = PCURVE('',#5732,#7552);
#7552 = DEFINITIONAL_REPRESENTATION('',(#7553),#7557);
#7553 = LINE('',#7554,#7555);
#7554 = CARTESIAN_POINT('',(31.058890880359,-8.189069333503));
#7555 = VECTOR('',#7556,1.);
#7556 = DIRECTION('',(1.,0.));
#7557 = ( GEOMETRIC_REPRESENTATION_CONTEXT(2) 
PARAMETRIC_REPRESENTATION_CONTEXT() REPRESENTATION_CONTEXT('2D SPACE',''
  ) );
#7558 = ORIENTED_EDGE('',*,*,#7559,.T.);
#7559 = EDGE_CURVE('',#7537,#4017,#7560,.T.);
#7560 = SURFACE_CURVE('',#7561,(#7566,#7573),.PCURVE_S1.);
#7561 = CIRCLE('',#7562,30.);
#7562 = AXIS2_PLACEMENT_3D('',#7563,#7564,#7565);
#7563 = CARTESIAN_POINT('',(3.152748279817E-17,-2.470884205822E-18,-20.7
    ));
#7564 = DIRECTION('',(6.305496559635E-17,-4.941768411644E-18,-1.));
#7565 = DIRECTION('',(-1.,-1.734723475977E-18,-6.305496559635E-17));
#7566 = PCURVE('',#3973,#7567);
#7567 = DEFINITIONAL_REPRESENTATION('',(#7568),#7572);
#7568 = LINE('',#7569,#7570);
#7569 = CARTESIAN_POINT('',(9.424777960769,7.5));
#7570 = VECTOR('',#7571,1.);
#7571 = DIRECTION('',(-1.,0.));
#7572 = ( GEOMETRIC_REPRESENTATION_CONTEXT(2) 
PARAMETRIC_REPRESENTATION_CONTEXT() REPRESENTATION_CONTEXT('2D SPACE',''
  ) );
#7573 = PCURVE('',#4033,#7574);
#7574 = DEFINITIONAL_REPRESENTATION('',(#7575),#7579);
#7575 = LINE('',#7576,#7577);
#7576 = CARTESIAN_POINT('',(0.,3.14159265359));
#7577 = VECTOR('',#7578,1.);
#7578 = DIRECTION('',(1.,0.));
#7579 = ( GEOMETRIC_REPRESENTATION_CONTEXT(2) 
PARAMETRIC_REPRESENTATION_CONTEXT() REPRESENTATION_CONTEXT('2D SPACE',''
  ) );
#7580 = ADVANCED_FACE('',(#7581),#6060,.F.);
#7581 = FACE_BOUND('',#7582,.F.);
#7582 = EDGE_LOOP('',(#7583,#7609,#7610,#7632));
#7583 = ORIENTED_EDGE('',*,*,#7584,.F.);
#7584 = EDGE_CURVE('',#6045,#6073,#7585,.T.);
#7585 = SURFACE_CURVE('',#7586,(#7591,#7598),.PCURVE_S1.);
#7586 = CIRCLE('',#7587,27.);
#7587 = AXIS2_PLACEMENT_3D('',#7588,#7589,#7590);
#7588 = CARTESIAN_POINT('',(-1.261099311927E-16,9.883536823288E-18,-18.2
    ));
#7589 = DIRECTION('',(-6.305496559635E-17,4.941768411644E-18,1.));
#7590 = DIRECTION('',(1.,1.734723475977E-18,6.305496559635E-17));
#7591 = PCURVE('',#6060,#7592);
#7592 = DEFINITIONAL_REPRESENTATION('',(#7593),#7597);
#7593 = LINE('',#7594,#7595);
#7594 = CARTESIAN_POINT('',(0.,8.));
#7595 = VECTOR('',#7596,1.);
#7596 = DIRECTION('',(1.,0.));
#7597 = ( GEOMETRIC_REPRESENTATION_CONTEXT(2) 
PARAMETRIC_REPRESENTATION_CONTEXT() REPRESENTATION_CONTEXT('2D SPACE',''
  ) );
#7598 = PCURVE('',#123,#7599);
#7599 = DEFINITIONAL_REPRESENTATION('',(#7600),#7608);
#7600 = ( BOUNDED_CURVE() B_SPLINE_CURVE(2,(#7601,#7602,#7603,#7604,
#7605,#7606,#7607),.UNSPECIFIED.,.T.,.F.) B_SPLINE_CURVE_WITH_KNOTS((1,2
    ,2,2,2,1),(-2.094395102393,0.,2.094395102393,4.188790204786,
6.28318530718,8.377580409573),.UNSPECIFIED.) CURVE() 
GEOMETRIC_REPRESENTATION_ITEM() RATIONAL_B_SPLINE_CURVE((1.,0.5,1.,0.5,
1.,0.5,1.)) REPRESENTATION_ITEM('') );
#7601 = CARTESIAN_POINT('',(-27.,0.));
#7602 = CARTESIAN_POINT('',(-27.,46.76537180436));
#7603 = CARTESIAN_POINT('',(13.5,23.38268590218));
#7604 = CARTESIAN_POINT('',(54.,6.613092715396E-15));
#7605 = CARTESIAN_POINT('',(13.5,-23.38268590218));
#7606 = CARTESIAN_POINT('',(-27.,-46.76537180436));
#7607 = CARTESIAN_POINT('',(-27.,0.));
#7608 = ( GEOMETRIC_REPRESENTATION_CONTEXT(2) 
PARAMETRIC_REPRESENTATION_CONTEXT() REPRESENTATION_CONTEXT('2D SPACE',''
  ) );
#7609 = ORIENTED_EDGE('',*,*,#6044,.F.);
#7610 = ORIENTED_EDGE('',*,*,#7611,.T.);
#7611 = EDGE_CURVE('',#6021,#6101,#7612,.T.);
#7612 = SURFACE_CURVE('',#7613,(#7618,#7625),.PCURVE_S1.);
#7613 = CIRCLE('',#7614,27.);
#7614 = AXIS2_PLACEMENT_3D('',#7615,#7616,#7617);
#7615 = CARTESIAN_POINT('',(3.783297935781E-16,-2.965061046986E-17,-26.2
    ));
#7616 = DIRECTION('',(-6.305496559635E-17,4.941768411644E-18,1.));
#7617 = DIRECTION('',(1.,1.734723475977E-18,6.305496559635E-17));
#7618 = PCURVE('',#6060,#7619);
#7619 = DEFINITIONAL_REPRESENTATION('',(#7620),#7624);
#7620 = LINE('',#7621,#7622);
#7621 = CARTESIAN_POINT('',(0.,0.));
#7622 = VECTOR('',#7623,1.);
#7623 = DIRECTION('',(1.,0.));
#7624 = ( GEOMETRIC_REPRESENTATION_CONTEXT(2) 
PARAMETRIC_REPRESENTATION_CONTEXT() REPRESENTATION_CONTEXT('2D SPACE',''
  ) );
#7625 = PCURVE('',#3628,#7626);
#7626 = DEFINITIONAL_REPRESENTATION('',(#7627),#7631);
#7627 = CIRCLE('',#7628,27.);
#7628 = AXIS2_PLACEMENT_2D('',#7629,#7630);
#7629 = CARTESIAN_POINT('',(0.,0.));
#7630 = DIRECTION('',(1.,0.));
#7631 = ( GEOMETRIC_REPRESENTATION_CONTEXT(2) 
PARAMETRIC_REPRESENTATION_CONTEXT() REPRESENTATION_CONTEXT('2D SPACE',''
  ) );
#7632 = ORIENTED_EDGE('',*,*,#6100,.T.);
#7633 = ADVANCED_FACE('',(#7634),#5138,.T.);
#7634 = FACE_BOUND('',#7635,.T.);
#7635 = EDGE_LOOP('',(#7636,#7637,#7638,#7661,#7685,#7706,#7707,#7730,
    #7754,#7775,#7776,#7799,#7823,#7844,#7845,#7868,#7892,#7913,#7914,
    #7915));
#7636 = ORIENTED_EDGE('',*,*,#5122,.F.);
#7637 = ORIENTED_EDGE('',*,*,#6195,.T.);
#7638 = ORIENTED_EDGE('',*,*,#7639,.T.);
#7639 = EDGE_CURVE('',#6196,#7640,#7642,.T.);
#7640 = VERTEX_POINT('',#7641);
#7641 = CARTESIAN_POINT('',(-37.52058494027,-13.86382723997,-18.7));
#7642 = SURFACE_CURVE('',#7643,(#7647,#7654),.PCURVE_S1.);
#7643 = LINE('',#7644,#7645);
#7644 = CARTESIAN_POINT('',(-37.52058494027,-13.86382723997,-20.2));
#7645 = VECTOR('',#7646,1.);
#7646 = DIRECTION('',(-6.305496559635E-17,4.941768411644E-18,1.));
#7647 = PCURVE('',#5138,#7648);
#7648 = DEFINITIONAL_REPRESENTATION('',(#7649),#7653);
#7649 = LINE('',#7650,#7651);
#7650 = CARTESIAN_POINT('',(3.495532031139,0.));
#7651 = VECTOR('',#7652,1.);
#7652 = DIRECTION('',(0.,1.));
#7653 = ( GEOMETRIC_REPRESENTATION_CONTEXT(2) 
PARAMETRIC_REPRESENTATION_CONTEXT() REPRESENTATION_CONTEXT('2D SPACE',''
  ) );
#7654 = PCURVE('',#6311,#7655);
#7655 = DEFINITIONAL_REPRESENTATION('',(#7656),#7660);
#7656 = LINE('',#7657,#7658);
#7657 = CARTESIAN_POINT('',(1.530042531922,1.5));
#7658 = VECTOR('',#7659,1.);
#7659 = DIRECTION('',(0.,-1.));
#7660 = ( GEOMETRIC_REPRESENTATION_CONTEXT(2) 
PARAMETRIC_REPRESENTATION_CONTEXT() REPRESENTATION_CONTEXT('2D SPACE',''
  ) );
#7661 = ORIENTED_EDGE('',*,*,#7662,.F.);
#7662 = EDGE_CURVE('',#7663,#7640,#7665,.T.);
#7663 = VERTEX_POINT('',#7664);
#7664 = CARTESIAN_POINT('',(-36.33426629993,-16.72785379076,-18.7));
#7665 = SURFACE_CURVE('',#7666,(#7671,#7678),.PCURVE_S1.);
#7666 = CIRCLE('',#7667,40.);
#7667 = AXIS2_PLACEMENT_3D('',#7668,#7669,#7670);
#7668 = CARTESIAN_POINT('',(-9.458244839452E-17,7.412652617466E-18,-18.7
    ));
#7669 = DIRECTION('',(6.305496559635E-17,-4.941768411644E-18,-1.));
#7670 = DIRECTION('',(3.493216062319E-15,-1.,4.941768411644E-18));
#7671 = PCURVE('',#5138,#7672);
#7672 = DEFINITIONAL_REPRESENTATION('',(#7673),#7677);
#7673 = LINE('',#7674,#7675);
#7674 = CARTESIAN_POINT('',(4.712388980385,1.5));
#7675 = VECTOR('',#7676,1.);
#7676 = DIRECTION('',(-1.,0.));
#7677 = ( GEOMETRIC_REPRESENTATION_CONTEXT(2) 
PARAMETRIC_REPRESENTATION_CONTEXT() REPRESENTATION_CONTEXT('2D SPACE',''
  ) );
#7678 = PCURVE('',#638,#7679);
#7679 = DEFINITIONAL_REPRESENTATION('',(#7680),#7684);
#7680 = CIRCLE('',#7681,40.);
#7681 = AXIS2_PLACEMENT_2D('',#7682,#7683);
#7682 = CARTESIAN_POINT('',(-15.88136244315,-38.34100059921));
#7683 = DIRECTION('',(1.,0.));
#7684 = ( GEOMETRIC_REPRESENTATION_CONTEXT(2) 
PARAMETRIC_REPRESENTATION_CONTEXT() REPRESENTATION_CONTEXT('2D SPACE',''
  ) );
#7685 = ORIENTED_EDGE('',*,*,#7686,.T.);
#7686 = EDGE_CURVE('',#7663,#7142,#7687,.T.);
#7687 = SURFACE_CURVE('',#7688,(#7692,#7699),.PCURVE_S1.);
#7688 = LINE('',#7689,#7690);
#7689 = CARTESIAN_POINT('',(-36.33426629993,-16.72785379076,-20.2));
#7690 = VECTOR('',#7691,1.);
#7691 = DIRECTION('',(6.305496559635E-17,-4.941768411644E-18,-1.));
#7692 = PCURVE('',#5138,#7693);
#7693 = DEFINITIONAL_REPRESENTATION('',(#7694),#7698);
#7694 = LINE('',#7695,#7696);
#7695 = CARTESIAN_POINT('',(3.573051439438,0.));
#7696 = VECTOR('',#7697,1.);
#7697 = DIRECTION('',(0.,-1.));
#7698 = ( GEOMETRIC_REPRESENTATION_CONTEXT(2) 
PARAMETRIC_REPRESENTATION_CONTEXT() REPRESENTATION_CONTEXT('2D SPACE',''
  ) );
#7699 = PCURVE('',#7206,#7700);
#7700 = DEFINITIONAL_REPRESENTATION('',(#7701),#7705);
#7701 = LINE('',#7702,#7703);
#7702 = CARTESIAN_POINT('',(-1.530042531922,1.5));
#7703 = VECTOR('',#7704,1.);
#7704 = DIRECTION('',(0.,1.));
#7705 = ( GEOMETRIC_REPRESENTATION_CONTEXT(2) 
PARAMETRIC_REPRESENTATION_CONTEXT() REPRESENTATION_CONTEXT('2D SPACE',''
  ) );
#7706 = ORIENTED_EDGE('',*,*,#7141,.T.);
#7707 = ORIENTED_EDGE('',*,*,#7708,.T.);
#7708 = EDGE_CURVE('',#7079,#7709,#7711,.T.);
#7709 = VERTEX_POINT('',#7710);
#7710 = CARTESIAN_POINT('',(-16.72785379076,-36.33426629993,-18.7));
#7711 = SURFACE_CURVE('',#7712,(#7716,#7723),.PCURVE_S1.);
#7712 = LINE('',#7713,#7714);
#7713 = CARTESIAN_POINT('',(-16.72785379076,-36.33426629993,-20.2));
#7714 = VECTOR('',#7715,1.);
#7715 = DIRECTION('',(-6.305496559635E-17,4.941768411644E-18,1.));
#7716 = PCURVE('',#5138,#7717);
#7717 = DEFINITIONAL_REPRESENTATION('',(#7718),#7722);
#7718 = LINE('',#7719,#7720);
#7719 = CARTESIAN_POINT('',(4.280930194536,0.));
#7720 = VECTOR('',#7721,1.);
#7721 = DIRECTION('',(0.,1.));
#7722 = ( GEOMETRIC_REPRESENTATION_CONTEXT(2) 
PARAMETRIC_REPRESENTATION_CONTEXT() REPRESENTATION_CONTEXT('2D SPACE',''
  ) );
#7723 = PCURVE('',#7126,#7724);
#7724 = DEFINITIONAL_REPRESENTATION('',(#7725),#7729);
#7725 = LINE('',#7726,#7727);
#7726 = CARTESIAN_POINT('',(1.530042531922,1.5));
#7727 = VECTOR('',#7728,1.);
#7728 = DIRECTION('',(0.,-1.));
#7729 = ( GEOMETRIC_REPRESENTATION_CONTEXT(2) 
PARAMETRIC_REPRESENTATION_CONTEXT() REPRESENTATION_CONTEXT('2D SPACE',''
  ) );
#7730 = ORIENTED_EDGE('',*,*,#7731,.F.);
#7731 = EDGE_CURVE('',#7732,#7709,#7734,.T.);
#7732 = VERTEX_POINT('',#7733);
#7733 = CARTESIAN_POINT('',(-13.86382723997,-37.52058494027,-18.7));
#7734 = SURFACE_CURVE('',#7735,(#7740,#7747),.PCURVE_S1.);
#7735 = CIRCLE('',#7736,40.);
#7736 = AXIS2_PLACEMENT_3D('',#7737,#7738,#7739);
#7737 = CARTESIAN_POINT('',(-9.458244839452E-17,7.412652617466E-18,-18.7
    ));
#7738 = DIRECTION('',(6.305496559635E-17,-4.941768411644E-18,-1.));
#7739 = DIRECTION('',(0.707106781187,-0.707106781187,4.808095171559E-17)
  );
#7740 = PCURVE('',#5138,#7741);
#7741 = DEFINITIONAL_REPRESENTATION('',(#7742),#7746);
#7742 = LINE('',#7743,#7744);
#7743 = CARTESIAN_POINT('',(5.497787143782,1.5));
#7744 = VECTOR('',#7745,1.);
#7745 = DIRECTION('',(-1.,0.));
#7746 = ( GEOMETRIC_REPRESENTATION_CONTEXT(2) 
PARAMETRIC_REPRESENTATION_CONTEXT() REPRESENTATION_CONTEXT('2D SPACE',''
  ) );
#7747 = PCURVE('',#526,#7748);
#7748 = DEFINITIONAL_REPRESENTATION('',(#7749),#7753);
#7749 = CIRCLE('',#7750,40.);
#7750 = AXIS2_PLACEMENT_2D('',#7751,#7752);
#7751 = CARTESIAN_POINT('',(-15.88136244315,-38.34100059921));
#7752 = DIRECTION('',(1.,-1.110223024625E-16));
#7753 = ( GEOMETRIC_REPRESENTATION_CONTEXT(2) 
PARAMETRIC_REPRESENTATION_CONTEXT() REPRESENTATION_CONTEXT('2D SPACE',''
  ) );
#7754 = ORIENTED_EDGE('',*,*,#7755,.T.);
#7755 = EDGE_CURVE('',#7732,#6974,#7756,.T.);
#7756 = SURFACE_CURVE('',#7757,(#7761,#7768),.PCURVE_S1.);
#7757 = LINE('',#7758,#7759);
#7758 = CARTESIAN_POINT('',(-13.86382723997,-37.52058494027,-20.2));
#7759 = VECTOR('',#7760,1.);
#7760 = DIRECTION('',(6.305496559635E-17,-4.941768411644E-18,-1.));
#7761 = PCURVE('',#5138,#7762);
#7762 = DEFINITIONAL_REPRESENTATION('',(#7763),#7767);
#7763 = LINE('',#7764,#7765);
#7764 = CARTESIAN_POINT('',(4.358449602836,0.));
#7765 = VECTOR('',#7766,1.);
#7766 = DIRECTION('',(0.,-1.));
#7767 = ( GEOMETRIC_REPRESENTATION_CONTEXT(2) 
PARAMETRIC_REPRESENTATION_CONTEXT() REPRESENTATION_CONTEXT('2D SPACE',''
  ) );
#7768 = PCURVE('',#7038,#7769);
#7769 = DEFINITIONAL_REPRESENTATION('',(#7770),#7774);
#7770 = LINE('',#7771,#7772);
#7771 = CARTESIAN_POINT('',(-1.530042531922,1.5));
#7772 = VECTOR('',#7773,1.);
#7773 = DIRECTION('',(0.,1.));
#7774 = ( GEOMETRIC_REPRESENTATION_CONTEXT(2) 
PARAMETRIC_REPRESENTATION_CONTEXT() REPRESENTATION_CONTEXT('2D SPACE',''
  ) );
#7775 = ORIENTED_EDGE('',*,*,#6973,.T.);
#7776 = ORIENTED_EDGE('',*,*,#7777,.T.);
#7777 = EDGE_CURVE('',#6911,#7778,#7780,.T.);
#7778 = VERTEX_POINT('',#7779);
#7779 = CARTESIAN_POINT('',(13.863827239978,-37.52058494027,-18.7));
#7780 = SURFACE_CURVE('',#7781,(#7785,#7792),.PCURVE_S1.);
#7781 = LINE('',#7782,#7783);
#7782 = CARTESIAN_POINT('',(13.863827239978,-37.52058494027,-20.2));
#7783 = VECTOR('',#7784,1.);
#7784 = DIRECTION('',(-6.305496559635E-17,4.941768411644E-18,1.));
#7785 = PCURVE('',#5138,#7786);
#7786 = DEFINITIONAL_REPRESENTATION('',(#7787),#7791);
#7787 = LINE('',#7788,#7789);
#7788 = CARTESIAN_POINT('',(5.066328357934,0.));
#7789 = VECTOR('',#7790,1.);
#7790 = DIRECTION('',(0.,1.));
#7791 = ( GEOMETRIC_REPRESENTATION_CONTEXT(2) 
PARAMETRIC_REPRESENTATION_CONTEXT() REPRESENTATION_CONTEXT('2D SPACE',''
  ) );
#7792 = PCURVE('',#6958,#7793);
#7793 = DEFINITIONAL_REPRESENTATION('',(#7794),#7798);
#7794 = LINE('',#7795,#7796);
#7795 = CARTESIAN_POINT('',(1.530042531922,1.5));
#7796 = VECTOR('',#7797,1.);
#7797 = DIRECTION('',(0.,-1.));
#7798 = ( GEOMETRIC_REPRESENTATION_CONTEXT(2) 
PARAMETRIC_REPRESENTATION_CONTEXT() REPRESENTATION_CONTEXT('2D SPACE',''
  ) );
#7799 = ORIENTED_EDGE('',*,*,#7800,.F.);
#7800 = EDGE_CURVE('',#7801,#7778,#7803,.T.);
#7801 = VERTEX_POINT('',#7802);
#7802 = CARTESIAN_POINT('',(16.727853790763,-36.33426629993,-18.7));
#7803 = SURFACE_CURVE('',#7804,(#7809,#7816),.PCURVE_S1.);
#7804 = CIRCLE('',#7805,40.);
#7805 = AXIS2_PLACEMENT_3D('',#7806,#7807,#7808);
#7806 = CARTESIAN_POINT('',(-9.458244839452E-17,7.412652617466E-18,-18.7
    ));
#7807 = DIRECTION('',(6.305496559635E-17,-4.941768411644E-18,-1.));
#7808 = DIRECTION('',(1.,1.734723475977E-18,6.305496559635E-17));
#7809 = PCURVE('',#5138,#7810);
#7810 = DEFINITIONAL_REPRESENTATION('',(#7811),#7815);
#7811 = LINE('',#7812,#7813);
#7812 = CARTESIAN_POINT('',(6.28318530718,1.5));
#7813 = VECTOR('',#7814,1.);
#7814 = DIRECTION('',(-1.,0.));
#7815 = ( GEOMETRIC_REPRESENTATION_CONTEXT(2) 
PARAMETRIC_REPRESENTATION_CONTEXT() REPRESENTATION_CONTEXT('2D SPACE',''
  ) );
#7816 = PCURVE('',#414,#7817);
#7817 = DEFINITIONAL_REPRESENTATION('',(#7818),#7822);
#7818 = CIRCLE('',#7819,40.);
#7819 = AXIS2_PLACEMENT_2D('',#7820,#7821);
#7820 = CARTESIAN_POINT('',(-15.88136244315,-38.34100059921));
#7821 = DIRECTION('',(1.,0.));
#7822 = ( GEOMETRIC_REPRESENTATION_CONTEXT(2) 
PARAMETRIC_REPRESENTATION_CONTEXT() REPRESENTATION_CONTEXT('2D SPACE',''
  ) );
#7823 = ORIENTED_EDGE('',*,*,#7824,.T.);
#7824 = EDGE_CURVE('',#7801,#6806,#7825,.T.);
#7825 = SURFACE_CURVE('',#7826,(#7830,#7837),.PCURVE_S1.);
#7826 = LINE('',#7827,#7828);
#7827 = CARTESIAN_POINT('',(16.727853790763,-36.33426629993,-20.2));
#7828 = VECTOR('',#7829,1.);
#7829 = DIRECTION('',(6.305496559635E-17,-4.941768411644E-18,-1.));
#7830 = PCURVE('',#5138,#7831);
#7831 = DEFINITIONAL_REPRESENTATION('',(#7832),#7836);
#7832 = LINE('',#7833,#7834);
#7833 = CARTESIAN_POINT('',(5.143847766233,0.));
#7834 = VECTOR('',#7835,1.);
#7835 = DIRECTION('',(0.,-1.));
#7836 = ( GEOMETRIC_REPRESENTATION_CONTEXT(2) 
PARAMETRIC_REPRESENTATION_CONTEXT() REPRESENTATION_CONTEXT('2D SPACE',''
  ) );
#7837 = PCURVE('',#6870,#7838);
#7838 = DEFINITIONAL_REPRESENTATION('',(#7839),#7843);
#7839 = LINE('',#7840,#7841);
#7840 = CARTESIAN_POINT('',(-1.530042531922,1.5));
#7841 = VECTOR('',#7842,1.);
#7842 = DIRECTION('',(0.,1.));
#7843 = ( GEOMETRIC_REPRESENTATION_CONTEXT(2) 
PARAMETRIC_REPRESENTATION_CONTEXT() REPRESENTATION_CONTEXT('2D SPACE',''
  ) );
#7844 = ORIENTED_EDGE('',*,*,#6805,.T.);
#7845 = ORIENTED_EDGE('',*,*,#7846,.T.);
#7846 = EDGE_CURVE('',#6743,#7847,#7849,.T.);
#7847 = VERTEX_POINT('',#7848);
#7848 = CARTESIAN_POINT('',(36.334266299939,-16.72785379076,-18.7));
#7849 = SURFACE_CURVE('',#7850,(#7854,#7861),.PCURVE_S1.);
#7850 = LINE('',#7851,#7852);
#7851 = CARTESIAN_POINT('',(36.334266299939,-16.72785379076,-20.2));
#7852 = VECTOR('',#7853,1.);
#7853 = DIRECTION('',(-6.305496559635E-17,4.941768411644E-18,1.));
#7854 = PCURVE('',#5138,#7855);
#7855 = DEFINITIONAL_REPRESENTATION('',(#7856),#7860);
#7856 = LINE('',#7857,#7858);
#7857 = CARTESIAN_POINT('',(5.851726521331,0.));
#7858 = VECTOR('',#7859,1.);
#7859 = DIRECTION('',(0.,1.));
#7860 = ( GEOMETRIC_REPRESENTATION_CONTEXT(2) 
PARAMETRIC_REPRESENTATION_CONTEXT() REPRESENTATION_CONTEXT('2D SPACE',''
  ) );
#7861 = PCURVE('',#6790,#7862);
#7862 = DEFINITIONAL_REPRESENTATION('',(#7863),#7867);
#7863 = LINE('',#7864,#7865);
#7864 = CARTESIAN_POINT('',(1.530042531922,1.5));
#7865 = VECTOR('',#7866,1.);
#7866 = DIRECTION('',(0.,-1.));
#7867 = ( GEOMETRIC_REPRESENTATION_CONTEXT(2) 
PARAMETRIC_REPRESENTATION_CONTEXT() REPRESENTATION_CONTEXT('2D SPACE',''
  ) );
#7868 = ORIENTED_EDGE('',*,*,#7869,.F.);
#7869 = EDGE_CURVE('',#7870,#7847,#7872,.T.);
#7870 = VERTEX_POINT('',#7871);
#7871 = CARTESIAN_POINT('',(37.52058494027,-13.86382723997,-18.7));
#7872 = SURFACE_CURVE('',#7873,(#7878,#7885),.PCURVE_S1.);
#7873 = CIRCLE('',#7874,40.);
#7874 = AXIS2_PLACEMENT_3D('',#7875,#7876,#7877);
#7875 = CARTESIAN_POINT('',(-9.458244839452E-17,7.412652617466E-18,-18.7
    ));
#7876 = DIRECTION('',(6.305496559635E-17,-4.941768411644E-18,-1.));
#7877 = DIRECTION('',(0.707106781187,0.707106781187,4.109223580573E-17)
  );
#7878 = PCURVE('',#5138,#7879);
#7879 = DEFINITIONAL_REPRESENTATION('',(#7880),#7884);
#7880 = LINE('',#7881,#7882);
#7881 = CARTESIAN_POINT('',(7.068583470577,1.5));
#7882 = VECTOR('',#7883,1.);
#7883 = DIRECTION('',(-1.,0.));
#7884 = ( GEOMETRIC_REPRESENTATION_CONTEXT(2) 
PARAMETRIC_REPRESENTATION_CONTEXT() REPRESENTATION_CONTEXT('2D SPACE',''
  ) );
#7885 = PCURVE('',#302,#7886);
#7886 = DEFINITIONAL_REPRESENTATION('',(#7887),#7891);
#7887 = CIRCLE('',#7888,40.);
#7888 = AXIS2_PLACEMENT_2D('',#7889,#7890);
#7889 = CARTESIAN_POINT('',(-15.88136244315,-38.34100059921));
#7890 = DIRECTION('',(1.,-1.110223024625E-16));
#7891 = ( GEOMETRIC_REPRESENTATION_CONTEXT(2) 
PARAMETRIC_REPRESENTATION_CONTEXT() REPRESENTATION_CONTEXT('2D SPACE',''
  ) );
#7892 = ORIENTED_EDGE('',*,*,#7893,.T.);
#7893 = EDGE_CURVE('',#7870,#6638,#7894,.T.);
#7894 = SURFACE_CURVE('',#7895,(#7899,#7906),.PCURVE_S1.);
#7895 = LINE('',#7896,#7897);
#7896 = CARTESIAN_POINT('',(37.52058494027,-13.86382723997,-20.2));
#7897 = VECTOR('',#7898,1.);
#7898 = DIRECTION('',(6.305496559635E-17,-4.941768411644E-18,-1.));
#7899 = PCURVE('',#5138,#7900);
#7900 = DEFINITIONAL_REPRESENTATION('',(#7901),#7905);
#7901 = LINE('',#7902,#7903);
#7902 = CARTESIAN_POINT('',(5.929245929631,0.));
#7903 = VECTOR('',#7904,1.);
#7904 = DIRECTION('',(0.,-1.));
#7905 = ( GEOMETRIC_REPRESENTATION_CONTEXT(2) 
PARAMETRIC_REPRESENTATION_CONTEXT() REPRESENTATION_CONTEXT('2D SPACE',''
  ) );
#7906 = PCURVE('',#6702,#7907);
#7907 = DEFINITIONAL_REPRESENTATION('',(#7908),#7912);
#7908 = LINE('',#7909,#7910);
#7909 = CARTESIAN_POINT('',(-1.530042531922,1.5));
#7910 = VECTOR('',#7911,1.);
#7911 = DIRECTION('',(0.,1.));
#7912 = ( GEOMETRIC_REPRESENTATION_CONTEXT(2) 
PARAMETRIC_REPRESENTATION_CONTEXT() REPRESENTATION_CONTEXT('2D SPACE',''
  ) );
#7913 = ORIENTED_EDGE('',*,*,#6637,.T.);
#7914 = ORIENTED_EDGE('',*,*,#5174,.T.);
#7915 = ORIENTED_EDGE('',*,*,#7916,.T.);
#7916 = EDGE_CURVE('',#5151,#5123,#7917,.T.);
#7917 = SURFACE_CURVE('',#7918,(#7923,#7930),.PCURVE_S1.);
#7918 = CIRCLE('',#7919,40.);
#7919 = AXIS2_PLACEMENT_3D('',#7920,#7921,#7922);
#7920 = CARTESIAN_POINT('',(-1.261099311927E-16,9.883536823288E-18,-18.2
    ));
#7921 = DIRECTION('',(6.305496559635E-17,-4.941768411644E-18,-1.));
#7922 = DIRECTION('',(-1.,-1.734723475977E-18,-6.305496559635E-17));
#7923 = PCURVE('',#5138,#7924);
#7924 = DEFINITIONAL_REPRESENTATION('',(#7925),#7929);
#7925 = LINE('',#7926,#7927);
#7926 = CARTESIAN_POINT('',(9.424777960769,2.));
#7927 = VECTOR('',#7928,1.);
#7928 = DIRECTION('',(-1.,0.));
#7929 = ( GEOMETRIC_REPRESENTATION_CONTEXT(2) 
PARAMETRIC_REPRESENTATION_CONTEXT() REPRESENTATION_CONTEXT('2D SPACE',''
  ) );
#7930 = PCURVE('',#123,#7931);
#7931 = DEFINITIONAL_REPRESENTATION('',(#7932),#7936);
#7932 = CIRCLE('',#7933,40.);
#7933 = AXIS2_PLACEMENT_2D('',#7934,#7935);
#7934 = CARTESIAN_POINT('',(0.,0.));
#7935 = DIRECTION('',(1.,0.));
#7936 = ( GEOMETRIC_REPRESENTATION_CONTEXT(2) 
PARAMETRIC_REPRESENTATION_CONTEXT() REPRESENTATION_CONTEXT('2D SPACE',''
  ) );
#7937 = ADVANCED_FACE('',(#7938,#8558,#8583,#8608,#8633,#8658,#8683,
    #8708,#8733,#8758,#8783,#8808,#8833,#8858,#8883,#8908,#8933,#8958,
    #8983,#9008,#9033,#9058,#9083,#9108,#9133,#9158),#974,.T.);
#7938 = FACE_BOUND('',#7939,.T.);
#7939 = EDGE_LOOP('',(#7940,#7963,#7992,#8013,#8014,#8037,#8066,#8087,
    #8088,#8111,#8140,#8161,#8162,#8185,#8214,#8235,#8236,#8259,#8288,
    #8309,#8310,#8333,#8362,#8383,#8384,#8385,#8408,#8437,#8460,#8484,
    #8507,#8536,#8557));
#7940 = ORIENTED_EDGE('',*,*,#7941,.F.);
#7941 = EDGE_CURVE('',#7942,#6330,#7944,.T.);
#7942 = VERTEX_POINT('',#7943);
#7943 = CARTESIAN_POINT('',(13.301298870663,36.162521321851,-20.2));
#7944 = SURFACE_CURVE('',#7945,(#7949,#7956),.PCURVE_S1.);
#7945 = LINE('',#7946,#7947);
#7946 = CARTESIAN_POINT('',(14.449349167758,38.934159919384,-20.2));
#7947 = VECTOR('',#7948,1.);
#7948 = DIRECTION('',(0.382683432365,0.923879532511,1.956449197214E-17)
  );
#7949 = PCURVE('',#974,#7950);
#7950 = DEFINITIONAL_REPRESENTATION('',(#7951),#7955);
#7951 = LINE('',#7952,#7953);
#7952 = CARTESIAN_POINT('',(-14.44934916775,38.934159919384));
#7953 = VECTOR('',#7954,1.);
#7954 = DIRECTION('',(-0.382683432365,0.923879532511));
#7955 = ( GEOMETRIC_REPRESENTATION_CONTEXT(2) 
PARAMETRIC_REPRESENTATION_CONTEXT() REPRESENTATION_CONTEXT('2D SPACE',''
  ) );
#7956 = PCURVE('',#5403,#7957);
#7957 = DEFINITIONAL_REPRESENTATION('',(#7958),#7962);
#7958 = LINE('',#7959,#7960);
#7959 = CARTESIAN_POINT('',(0.,1.5));
#7960 = VECTOR('',#7961,1.);
#7961 = DIRECTION('',(1.,0.));
#7962 = ( GEOMETRIC_REPRESENTATION_CONTEXT(2) 
PARAMETRIC_REPRESENTATION_CONTEXT() REPRESENTATION_CONTEXT('2D SPACE',''
  ) );
#7963 = ORIENTED_EDGE('',*,*,#7964,.F.);
#7964 = EDGE_CURVE('',#7965,#7942,#7967,.T.);
#7965 = VERTEX_POINT('',#7966);
#7966 = CARTESIAN_POINT('',(16.165325421448,34.976202681519,-20.2));
#7967 = SURFACE_CURVE('',#7968,(#7973,#7980),.PCURVE_S1.);
#7968 = CIRCLE('',#7969,1.55);
#7969 = AXIS2_PLACEMENT_3D('',#7970,#7971,#7972);
#7970 = CARTESIAN_POINT('',(14.733312146055,35.569362001685,-20.2));
#7971 = DIRECTION('',(6.305496559635E-17,-4.941768411644E-18,-1.));
#7972 = DIRECTION('',(-0.707106781187,0.707106781187,-4.808095171559E-17
    ));
#7973 = PCURVE('',#974,#7974);
#7974 = DEFINITIONAL_REPRESENTATION('',(#7975),#7979);
#7975 = CIRCLE('',#7976,1.55);
#7976 = AXIS2_PLACEMENT_2D('',#7977,#7978);
#7977 = CARTESIAN_POINT('',(-14.73331214605,35.569362001685));
#7978 = DIRECTION('',(0.707106781187,0.707106781187));
#7979 = ( GEOMETRIC_REPRESENTATION_CONTEXT(2) 
PARAMETRIC_REPRESENTATION_CONTEXT() REPRESENTATION_CONTEXT('2D SPACE',''
  ) );
#7980 = PCURVE('',#7981,#7986);
#7981 = CYLINDRICAL_SURFACE('',#7982,1.55);
#7982 = AXIS2_PLACEMENT_3D('',#7983,#7984,#7985);
#7983 = CARTESIAN_POINT('',(14.733312146055,35.569362001685,-18.7));
#7984 = DIRECTION('',(6.305496559635E-17,-4.941768411644E-18,-1.));
#7985 = DIRECTION('',(-0.707106781187,0.707106781187,-4.808095171559E-17
    ));
#7986 = DEFINITIONAL_REPRESENTATION('',(#7987),#7991);
#7987 = LINE('',#7988,#7989);
#7988 = CARTESIAN_POINT('',(-2.22044604925E-15,1.5));
#7989 = VECTOR('',#7990,1.);
#7990 = DIRECTION('',(1.,0.));
#7991 = ( GEOMETRIC_REPRESENTATION_CONTEXT(2) 
PARAMETRIC_REPRESENTATION_CONTEXT() REPRESENTATION_CONTEXT('2D SPACE',''
  ) );
#7992 = ORIENTED_EDGE('',*,*,#7993,.F.);
#7993 = EDGE_CURVE('',#6458,#7965,#7994,.T.);
#7994 = SURFACE_CURVE('',#7995,(#7999,#8006),.PCURVE_S1.);
#7995 = LINE('',#7996,#7997);
#7996 = CARTESIAN_POINT('',(17.313375718543,37.747841279053,-20.2));
#7997 = VECTOR('',#7998,1.);
#7998 = DIRECTION('',(-0.382683432365,-0.923879532511,
    -1.956449197214E-17));
#7999 = PCURVE('',#974,#8000);
#8000 = DEFINITIONAL_REPRESENTATION('',(#8001),#8005);
#8001 = LINE('',#8002,#8003);
#8002 = CARTESIAN_POINT('',(-17.31337571854,37.747841279053));
#8003 = VECTOR('',#8004,1.);
#8004 = DIRECTION('',(0.382683432365,-0.923879532511));
#8005 = ( GEOMETRIC_REPRESENTATION_CONTEXT(2) 
PARAMETRIC_REPRESENTATION_CONTEXT() REPRESENTATION_CONTEXT('2D SPACE',''
  ) );
#8006 = PCURVE('',#5351,#8007);
#8007 = DEFINITIONAL_REPRESENTATION('',(#8008),#8012);
#8008 = LINE('',#8009,#8010);
#8009 = CARTESIAN_POINT('',(0.,1.5));
#8010 = VECTOR('',#8011,1.);
#8011 = DIRECTION('',(1.,0.));
#8012 = ( GEOMETRIC_REPRESENTATION_CONTEXT(2) 
PARAMETRIC_REPRESENTATION_CONTEXT() REPRESENTATION_CONTEXT('2D SPACE',''
  ) );
#8013 = ORIENTED_EDGE('',*,*,#6560,.T.);
#8014 = ORIENTED_EDGE('',*,*,#8015,.F.);
#8015 = EDGE_CURVE('',#8016,#6510,#8018,.T.);
#8016 = VERTEX_POINT('',#8017);
#8017 = CARTESIAN_POINT('',(34.976202681518,16.165325421449,-20.2));
#8018 = SURFACE_CURVE('',#8019,(#8023,#8030),.PCURVE_S1.);
#8019 = LINE('',#8020,#8021);
#8020 = CARTESIAN_POINT('',(37.747841279052,17.313375718544,-20.2));
#8021 = VECTOR('',#8022,1.);
#8022 = DIRECTION('',(0.923879532511,0.382683432365,5.636405923995E-17)
  );
#8023 = PCURVE('',#974,#8024);
#8024 = DEFINITIONAL_REPRESENTATION('',(#8025),#8029);
#8025 = LINE('',#8026,#8027);
#8026 = CARTESIAN_POINT('',(-37.74784127905,17.313375718544));
#8027 = VECTOR('',#8028,1.);
#8028 = DIRECTION('',(-0.923879532511,0.382683432365));
#8029 = ( GEOMETRIC_REPRESENTATION_CONTEXT(2) 
PARAMETRIC_REPRESENTATION_CONTEXT() REPRESENTATION_CONTEXT('2D SPACE',''
  ) );
#8030 = PCURVE('',#5294,#8031);
#8031 = DEFINITIONAL_REPRESENTATION('',(#8032),#8036);
#8032 = LINE('',#8033,#8034);
#8033 = CARTESIAN_POINT('',(0.,1.5));
#8034 = VECTOR('',#8035,1.);
#8035 = DIRECTION('',(1.,0.));
#8036 = ( GEOMETRIC_REPRESENTATION_CONTEXT(2) 
PARAMETRIC_REPRESENTATION_CONTEXT() REPRESENTATION_CONTEXT('2D SPACE',''
  ) );
#8037 = ORIENTED_EDGE('',*,*,#8038,.F.);
#8038 = EDGE_CURVE('',#8039,#8016,#8041,.T.);
#8039 = VERTEX_POINT('',#8040);
#8040 = CARTESIAN_POINT('',(36.16252132185,13.301298870664,-20.2));
#8041 = SURFACE_CURVE('',#8042,(#8047,#8054),.PCURVE_S1.);
#8042 = CIRCLE('',#8043,1.55);
#8043 = AXIS2_PLACEMENT_3D('',#8044,#8045,#8046);
#8044 = CARTESIAN_POINT('',(35.569362001684,14.733312146056,-20.2));
#8045 = DIRECTION('',(6.305496559635E-17,-4.941768411644E-18,-1.));
#8046 = DIRECTION('',(-8.955146212389E-15,1.,-4.941768411645E-18));
#8047 = PCURVE('',#974,#8048);
#8048 = DEFINITIONAL_REPRESENTATION('',(#8049),#8053);
#8049 = CIRCLE('',#8050,1.55);
#8050 = AXIS2_PLACEMENT_2D('',#8051,#8052);
#8051 = CARTESIAN_POINT('',(-35.56936200168,14.733312146056));
#8052 = DIRECTION('',(8.953411488913E-15,1.));
#8053 = ( GEOMETRIC_REPRESENTATION_CONTEXT(2) 
PARAMETRIC_REPRESENTATION_CONTEXT() REPRESENTATION_CONTEXT('2D SPACE',''
  ) );
#8054 = PCURVE('',#8055,#8060);
#8055 = CYLINDRICAL_SURFACE('',#8056,1.55);
#8056 = AXIS2_PLACEMENT_3D('',#8057,#8058,#8059);
#8057 = CARTESIAN_POINT('',(35.569362001684,14.733312146056,-18.7));
#8058 = DIRECTION('',(6.305496559635E-17,-4.941768411644E-18,-1.));
#8059 = DIRECTION('',(-8.955146212389E-15,1.,-4.941768411645E-18));
#8060 = DEFINITIONAL_REPRESENTATION('',(#8061),#8065);
#8061 = LINE('',#8062,#8063);
#8062 = CARTESIAN_POINT('',(8.881784197001E-16,1.5));
#8063 = VECTOR('',#8064,1.);
#8064 = DIRECTION('',(1.,0.));
#8065 = ( GEOMETRIC_REPRESENTATION_CONTEXT(2) 
PARAMETRIC_REPRESENTATION_CONTEXT() REPRESENTATION_CONTEXT('2D SPACE',''
  ) );
#8066 = ORIENTED_EDGE('',*,*,#8067,.F.);
#8067 = EDGE_CURVE('',#6586,#8039,#8068,.T.);
#8068 = SURFACE_CURVE('',#8069,(#8073,#8080),.PCURVE_S1.);
#8069 = LINE('',#8070,#8071);
#8070 = CARTESIAN_POINT('',(38.934159919384,14.449349167759,-20.2));
#8071 = VECTOR('',#8072,1.);
#8072 = DIRECTION('',(-0.923879532511,-0.382683432365,
    -5.636405923995E-17));
#8073 = PCURVE('',#974,#8074);
#8074 = DEFINITIONAL_REPRESENTATION('',(#8075),#8079);
#8075 = LINE('',#8076,#8077);
#8076 = CARTESIAN_POINT('',(-38.93415991938,14.449349167759));
#8077 = VECTOR('',#8078,1.);
#8078 = DIRECTION('',(0.923879532511,-0.382683432365));
#8079 = ( GEOMETRIC_REPRESENTATION_CONTEXT(2) 
PARAMETRIC_REPRESENTATION_CONTEXT() REPRESENTATION_CONTEXT('2D SPACE',''
  ) );
#8080 = PCURVE('',#5242,#8081);
#8081 = DEFINITIONAL_REPRESENTATION('',(#8082),#8086);
#8082 = LINE('',#8083,#8084);
#8083 = CARTESIAN_POINT('',(0.,1.5));
#8084 = VECTOR('',#8085,1.);
#8085 = DIRECTION('',(1.,0.));
#8086 = ( GEOMETRIC_REPRESENTATION_CONTEXT(2) 
PARAMETRIC_REPRESENTATION_CONTEXT() REPRESENTATION_CONTEXT('2D SPACE',''
  ) );
#8087 = ORIENTED_EDGE('',*,*,#6717,.T.);
#8088 = ORIENTED_EDGE('',*,*,#8089,.F.);
#8089 = EDGE_CURVE('',#8090,#6662,#8092,.T.);
#8090 = VERTEX_POINT('',#8091);
#8091 = CARTESIAN_POINT('',(36.162521321851,-13.30129887066,-20.2));
#8092 = SURFACE_CURVE('',#8093,(#8097,#8104),.PCURVE_S1.);
#8093 = LINE('',#8094,#8095);
#8094 = CARTESIAN_POINT('',(38.934159919384,-14.44934916775,-20.2));
#8095 = VECTOR('',#8096,1.);
#8096 = DIRECTION('',(0.923879532511,-0.382683432365,6.014632503539E-17)
  );
#8097 = PCURVE('',#974,#8098);
#8098 = DEFINITIONAL_REPRESENTATION('',(#8099),#8103);
#8099 = LINE('',#8100,#8101);
#8100 = CARTESIAN_POINT('',(-38.93415991938,-14.44934916775));
#8101 = VECTOR('',#8102,1.);
#8102 = DIRECTION('',(-0.923879532511,-0.382683432365));
#8103 = ( GEOMETRIC_REPRESENTATION_CONTEXT(2) 
PARAMETRIC_REPRESENTATION_CONTEXT() REPRESENTATION_CONTEXT('2D SPACE',''
  ) );
#8104 = PCURVE('',#6702,#8105);
#8105 = DEFINITIONAL_REPRESENTATION('',(#8106),#8110);
#8106 = LINE('',#8107,#8108);
#8107 = CARTESIAN_POINT('',(0.,1.5));
#8108 = VECTOR('',#8109,1.);
#8109 = DIRECTION('',(1.,0.));
#8110 = ( GEOMETRIC_REPRESENTATION_CONTEXT(2) 
PARAMETRIC_REPRESENTATION_CONTEXT() REPRESENTATION_CONTEXT('2D SPACE',''
  ) );
#8111 = ORIENTED_EDGE('',*,*,#8112,.F.);
#8112 = EDGE_CURVE('',#8113,#8090,#8115,.T.);
#8113 = VERTEX_POINT('',#8114);
#8114 = CARTESIAN_POINT('',(34.976202681519,-16.16532542144,-20.2));
#8115 = SURFACE_CURVE('',#8116,(#8121,#8128),.PCURVE_S1.);
#8116 = CIRCLE('',#8117,1.55);
#8117 = AXIS2_PLACEMENT_3D('',#8118,#8119,#8120);
#8118 = CARTESIAN_POINT('',(35.569362001685,-14.73331214605,-20.2));
#8119 = DIRECTION('',(6.305496559635E-17,-4.941768411644E-18,-1.));
#8120 = DIRECTION('',(0.707106781187,0.707106781187,4.109223580573E-17)
  );
#8121 = PCURVE('',#974,#8122);
#8122 = DEFINITIONAL_REPRESENTATION('',(#8123),#8127);
#8123 = CIRCLE('',#8124,1.55);
#8124 = AXIS2_PLACEMENT_2D('',#8125,#8126);
#8125 = CARTESIAN_POINT('',(-35.56936200168,-14.73331214605));
#8126 = DIRECTION('',(-0.707106781187,0.707106781187));
#8127 = ( GEOMETRIC_REPRESENTATION_CONTEXT(2) 
PARAMETRIC_REPRESENTATION_CONTEXT() REPRESENTATION_CONTEXT('2D SPACE',''
  ) );
#8128 = PCURVE('',#8129,#8134);
#8129 = CYLINDRICAL_SURFACE('',#8130,1.55);
#8130 = AXIS2_PLACEMENT_3D('',#8131,#8132,#8133);
#8131 = CARTESIAN_POINT('',(35.569362001685,-14.73331214605,-18.7));
#8132 = DIRECTION('',(6.305496559635E-17,-4.941768411644E-18,-1.));
#8133 = DIRECTION('',(0.707106781187,0.707106781187,4.109223580573E-17)
  );
#8134 = DEFINITIONAL_REPRESENTATION('',(#8135),#8139);
#8135 = LINE('',#8136,#8137);
#8136 = CARTESIAN_POINT('',(-1.33226762955E-15,1.5));
#8137 = VECTOR('',#8138,1.);
#8138 = DIRECTION('',(1.,0.));
#8139 = ( GEOMETRIC_REPRESENTATION_CONTEXT(2) 
PARAMETRIC_REPRESENTATION_CONTEXT() REPRESENTATION_CONTEXT('2D SPACE',''
  ) );
#8140 = ORIENTED_EDGE('',*,*,#8141,.F.);
#8141 = EDGE_CURVE('',#6745,#8113,#8142,.T.);
#8142 = SURFACE_CURVE('',#8143,(#8147,#8154),.PCURVE_S1.);
#8143 = LINE('',#8144,#8145);
#8144 = CARTESIAN_POINT('',(37.747841279053,-17.31337571854,-20.2));
#8145 = VECTOR('',#8146,1.);
#8146 = DIRECTION('',(-0.923879532511,0.382683432365,-6.014632503539E-17
    ));
#8147 = PCURVE('',#974,#8148);
#8148 = DEFINITIONAL_REPRESENTATION('',(#8149),#8153);
#8149 = LINE('',#8150,#8151);
#8150 = CARTESIAN_POINT('',(-37.74784127905,-17.31337571854));
#8151 = VECTOR('',#8152,1.);
#8152 = DIRECTION('',(0.923879532511,0.382683432365));
#8153 = ( GEOMETRIC_REPRESENTATION_CONTEXT(2) 
PARAMETRIC_REPRESENTATION_CONTEXT() REPRESENTATION_CONTEXT('2D SPACE',''
  ) );
#8154 = PCURVE('',#6790,#8155);
#8155 = DEFINITIONAL_REPRESENTATION('',(#8156),#8160);
#8156 = LINE('',#8157,#8158);
#8157 = CARTESIAN_POINT('',(0.,1.5));
#8158 = VECTOR('',#8159,1.);
#8159 = DIRECTION('',(1.,0.));
#8160 = ( GEOMETRIC_REPRESENTATION_CONTEXT(2) 
PARAMETRIC_REPRESENTATION_CONTEXT() REPRESENTATION_CONTEXT('2D SPACE',''
  ) );
#8161 = ORIENTED_EDGE('',*,*,#6885,.T.);
#8162 = ORIENTED_EDGE('',*,*,#8163,.F.);
#8163 = EDGE_CURVE('',#8164,#6830,#8166,.T.);
#8164 = VERTEX_POINT('',#8165);
#8165 = CARTESIAN_POINT('',(16.165325421448,-34.97620268151,-20.2));
#8166 = SURFACE_CURVE('',#8167,(#8171,#8178),.PCURVE_S1.);
#8167 = LINE('',#8168,#8169);
#8168 = CARTESIAN_POINT('',(17.313375718544,-37.74784127905,-20.2));
#8169 = VECTOR('',#8170,1.);
#8170 = DIRECTION('',(0.382683432365,-0.923879532511,2.8695689352E-17));
#8171 = PCURVE('',#974,#8172);
#8172 = DEFINITIONAL_REPRESENTATION('',(#8173),#8177);
#8173 = LINE('',#8174,#8175);
#8174 = CARTESIAN_POINT('',(-17.31337571854,-37.74784127905));
#8175 = VECTOR('',#8176,1.);
#8176 = DIRECTION('',(-0.382683432365,-0.923879532511));
#8177 = ( GEOMETRIC_REPRESENTATION_CONTEXT(2) 
PARAMETRIC_REPRESENTATION_CONTEXT() REPRESENTATION_CONTEXT('2D SPACE',''
  ) );
#8178 = PCURVE('',#6870,#8179);
#8179 = DEFINITIONAL_REPRESENTATION('',(#8180),#8184);
#8180 = LINE('',#8181,#8182);
#8181 = CARTESIAN_POINT('',(0.,1.5));
#8182 = VECTOR('',#8183,1.);
#8183 = DIRECTION('',(1.,0.));
#8184 = ( GEOMETRIC_REPRESENTATION_CONTEXT(2) 
PARAMETRIC_REPRESENTATION_CONTEXT() REPRESENTATION_CONTEXT('2D SPACE',''
  ) );
#8185 = ORIENTED_EDGE('',*,*,#8186,.F.);
#8186 = EDGE_CURVE('',#8187,#8164,#8189,.T.);
#8187 = VERTEX_POINT('',#8188);
#8188 = CARTESIAN_POINT('',(13.301298870663,-36.16252132185,-20.2));
#8189 = SURFACE_CURVE('',#8190,(#8195,#8202),.PCURVE_S1.);
#8190 = CIRCLE('',#8191,1.55);
#8191 = AXIS2_PLACEMENT_3D('',#8192,#8193,#8194);
#8192 = CARTESIAN_POINT('',(14.733312146056,-35.56936200168,-20.2));
#8193 = DIRECTION('',(6.305496559635E-17,-4.941768411644E-18,-1.));
#8194 = DIRECTION('',(1.,1.734723475977E-18,6.305496559635E-17));
#8195 = PCURVE('',#974,#8196);
#8196 = DEFINITIONAL_REPRESENTATION('',(#8197),#8201);
#8197 = CIRCLE('',#8198,1.55);
#8198 = AXIS2_PLACEMENT_2D('',#8199,#8200);
#8199 = CARTESIAN_POINT('',(-14.73331214605,-35.56936200168));
#8200 = DIRECTION('',(-1.,0.));
#8201 = ( GEOMETRIC_REPRESENTATION_CONTEXT(2) 
PARAMETRIC_REPRESENTATION_CONTEXT() REPRESENTATION_CONTEXT('2D SPACE',''
  ) );
#8202 = PCURVE('',#8203,#8208);
#8203 = CYLINDRICAL_SURFACE('',#8204,1.55);
#8204 = AXIS2_PLACEMENT_3D('',#8205,#8206,#8207);
#8205 = CARTESIAN_POINT('',(14.733312146056,-35.56936200168,-18.7));
#8206 = DIRECTION('',(6.305496559635E-17,-4.941768411644E-18,-1.));
#8207 = DIRECTION('',(1.,1.734723475977E-18,6.305496559635E-17));
#8208 = DEFINITIONAL_REPRESENTATION('',(#8209),#8213);
#8209 = LINE('',#8210,#8211);
#8210 = CARTESIAN_POINT('',(-4.440892098501E-16,1.5));
#8211 = VECTOR('',#8212,1.);
#8212 = DIRECTION('',(1.,0.));
#8213 = ( GEOMETRIC_REPRESENTATION_CONTEXT(2) 
PARAMETRIC_REPRESENTATION_CONTEXT() REPRESENTATION_CONTEXT('2D SPACE',''
  ) );
#8214 = ORIENTED_EDGE('',*,*,#8215,.F.);
#8215 = EDGE_CURVE('',#6913,#8187,#8216,.T.);
#8216 = SURFACE_CURVE('',#8217,(#8221,#8228),.PCURVE_S1.);
#8217 = LINE('',#8218,#8219);
#8218 = CARTESIAN_POINT('',(14.449349167759,-38.93415991938,-20.2));
#8219 = VECTOR('',#8220,1.);
#8220 = DIRECTION('',(-0.382683432365,0.923879532511,-2.8695689352E-17)
  );
#8221 = PCURVE('',#974,#8222);
#8222 = DEFINITIONAL_REPRESENTATION('',(#8223),#8227);
#8223 = LINE('',#8224,#8225);
#8224 = CARTESIAN_POINT('',(-14.44934916775,-38.93415991938));
#8225 = VECTOR('',#8226,1.);
#8226 = DIRECTION('',(0.382683432365,0.923879532511));
#8227 = ( GEOMETRIC_REPRESENTATION_CONTEXT(2) 
PARAMETRIC_REPRESENTATION_CONTEXT() REPRESENTATION_CONTEXT('2D SPACE',''
  ) );
#8228 = PCURVE('',#6958,#8229);
#8229 = DEFINITIONAL_REPRESENTATION('',(#8230),#8234);
#8230 = LINE('',#8231,#8232);
#8231 = CARTESIAN_POINT('',(0.,1.5));
#8232 = VECTOR('',#8233,1.);
#8233 = DIRECTION('',(1.,0.));
#8234 = ( GEOMETRIC_REPRESENTATION_CONTEXT(2) 
PARAMETRIC_REPRESENTATION_CONTEXT() REPRESENTATION_CONTEXT('2D SPACE',''
  ) );
#8235 = ORIENTED_EDGE('',*,*,#7053,.T.);
#8236 = ORIENTED_EDGE('',*,*,#8237,.F.);
#8237 = EDGE_CURVE('',#8238,#6998,#8240,.T.);
#8238 = VERTEX_POINT('',#8239);
#8239 = CARTESIAN_POINT('',(-13.30129887066,-36.16252132185,-20.2));
#8240 = SURFACE_CURVE('',#8241,(#8245,#8252),.PCURVE_S1.);
#8241 = LINE('',#8242,#8243);
#8242 = CARTESIAN_POINT('',(-14.44934916775,-38.93415991938,-20.2));
#8243 = VECTOR('',#8244,1.);
#8244 = DIRECTION('',(-0.382683432365,-0.923879532511,
    -1.956449197214E-17));
#8245 = PCURVE('',#974,#8246);
#8246 = DEFINITIONAL_REPRESENTATION('',(#8247),#8251);
#8247 = LINE('',#8248,#8249);
#8248 = CARTESIAN_POINT('',(14.449349167758,-38.93415991938));
#8249 = VECTOR('',#8250,1.);
#8250 = DIRECTION('',(0.382683432365,-0.923879532511));
#8251 = ( GEOMETRIC_REPRESENTATION_CONTEXT(2) 
PARAMETRIC_REPRESENTATION_CONTEXT() REPRESENTATION_CONTEXT('2D SPACE',''
  ) );
#8252 = PCURVE('',#7038,#8253);
#8253 = DEFINITIONAL_REPRESENTATION('',(#8254),#8258);
#8254 = LINE('',#8255,#8256);
#8255 = CARTESIAN_POINT('',(0.,1.5));
#8256 = VECTOR('',#8257,1.);
#8257 = DIRECTION('',(1.,0.));
#8258 = ( GEOMETRIC_REPRESENTATION_CONTEXT(2) 
PARAMETRIC_REPRESENTATION_CONTEXT() REPRESENTATION_CONTEXT('2D SPACE',''
  ) );
#8259 = ORIENTED_EDGE('',*,*,#8260,.F.);
#8260 = EDGE_CURVE('',#8261,#8238,#8263,.T.);
#8261 = VERTEX_POINT('',#8262);
#8262 = CARTESIAN_POINT('',(-16.16532542144,-34.97620268151,-20.2));
#8263 = SURFACE_CURVE('',#8264,(#8269,#8276),.PCURVE_S1.);
#8264 = CIRCLE('',#8265,1.55);
#8265 = AXIS2_PLACEMENT_3D('',#8266,#8267,#8268);
#8266 = CARTESIAN_POINT('',(-14.73331214605,-35.56936200168,-20.2));
#8267 = DIRECTION('',(6.305496559635E-17,-4.941768411644E-18,-1.));
#8268 = DIRECTION('',(0.707106781187,-0.707106781187,4.808095171559E-17)
  );
#8269 = PCURVE('',#974,#8270);
#8270 = DEFINITIONAL_REPRESENTATION('',(#8271),#8275);
#8271 = CIRCLE('',#8272,1.55);
#8272 = AXIS2_PLACEMENT_2D('',#8273,#8274);
#8273 = CARTESIAN_POINT('',(14.733312146056,-35.56936200168));
#8274 = DIRECTION('',(-0.707106781187,-0.707106781187));
#8275 = ( GEOMETRIC_REPRESENTATION_CONTEXT(2) 
PARAMETRIC_REPRESENTATION_CONTEXT() REPRESENTATION_CONTEXT('2D SPACE',''
  ) );
#8276 = PCURVE('',#8277,#8282);
#8277 = CYLINDRICAL_SURFACE('',#8278,1.55);
#8278 = AXIS2_PLACEMENT_3D('',#8279,#8280,#8281);
#8279 = CARTESIAN_POINT('',(-14.73331214605,-35.56936200168,-18.7));
#8280 = DIRECTION('',(6.305496559635E-17,-4.941768411644E-18,-1.));
#8281 = DIRECTION('',(0.707106781187,-0.707106781187,4.808095171559E-17)
  );
#8282 = DEFINITIONAL_REPRESENTATION('',(#8283),#8287);
#8283 = LINE('',#8284,#8285);
#8284 = CARTESIAN_POINT('',(-1.33226762955E-15,1.5));
#8285 = VECTOR('',#8286,1.);
#8286 = DIRECTION('',(1.,0.));
#8287 = ( GEOMETRIC_REPRESENTATION_CONTEXT(2) 
PARAMETRIC_REPRESENTATION_CONTEXT() REPRESENTATION_CONTEXT('2D SPACE',''
  ) );
#8288 = ORIENTED_EDGE('',*,*,#8289,.F.);
#8289 = EDGE_CURVE('',#7081,#8261,#8290,.T.);
#8290 = SURFACE_CURVE('',#8291,(#8295,#8302),.PCURVE_S1.);
#8291 = LINE('',#8292,#8293);
#8292 = CARTESIAN_POINT('',(-17.31337571854,-37.74784127905,-20.2));
#8293 = VECTOR('',#8294,1.);
#8294 = DIRECTION('',(0.382683432365,0.923879532511,1.956449197214E-17)
  );
#8295 = PCURVE('',#974,#8296);
#8296 = DEFINITIONAL_REPRESENTATION('',(#8297),#8301);
#8297 = LINE('',#8298,#8299);
#8298 = CARTESIAN_POINT('',(17.313375718543,-37.74784127905));
#8299 = VECTOR('',#8300,1.);
#8300 = DIRECTION('',(-0.382683432365,0.923879532511));
#8301 = ( GEOMETRIC_REPRESENTATION_CONTEXT(2) 
PARAMETRIC_REPRESENTATION_CONTEXT() REPRESENTATION_CONTEXT('2D SPACE',''
  ) );
#8302 = PCURVE('',#7126,#8303);
#8303 = DEFINITIONAL_REPRESENTATION('',(#8304),#8308);
#8304 = LINE('',#8305,#8306);
#8305 = CARTESIAN_POINT('',(0.,1.5));
#8306 = VECTOR('',#8307,1.);
#8307 = DIRECTION('',(1.,0.));
#8308 = ( GEOMETRIC_REPRESENTATION_CONTEXT(2) 
PARAMETRIC_REPRESENTATION_CONTEXT() REPRESENTATION_CONTEXT('2D SPACE',''
  ) );
#8309 = ORIENTED_EDGE('',*,*,#7221,.T.);
#8310 = ORIENTED_EDGE('',*,*,#8311,.F.);
#8311 = EDGE_CURVE('',#8312,#7166,#8314,.T.);
#8312 = VERTEX_POINT('',#8313);
#8313 = CARTESIAN_POINT('',(-34.97620268151,-16.16532542144,-20.2));
#8314 = SURFACE_CURVE('',#8315,(#8319,#8326),.PCURVE_S1.);
#8315 = LINE('',#8316,#8317);
#8316 = CARTESIAN_POINT('',(-37.74784127905,-17.31337571854,-20.2));
#8317 = VECTOR('',#8318,1.);
#8318 = DIRECTION('',(-0.923879532511,-0.382683432365,
    -5.636405923995E-17));
#8319 = PCURVE('',#974,#8320);
#8320 = DEFINITIONAL_REPRESENTATION('',(#8321),#8325);
#8321 = LINE('',#8322,#8323);
#8322 = CARTESIAN_POINT('',(37.747841279052,-17.31337571854));
#8323 = VECTOR('',#8324,1.);
#8324 = DIRECTION('',(0.923879532511,-0.382683432365));
#8325 = ( GEOMETRIC_REPRESENTATION_CONTEXT(2) 
PARAMETRIC_REPRESENTATION_CONTEXT() REPRESENTATION_CONTEXT('2D SPACE',''
  ) );
#8326 = PCURVE('',#7206,#8327);
#8327 = DEFINITIONAL_REPRESENTATION('',(#8328),#8332);
#8328 = LINE('',#8329,#8330);
#8329 = CARTESIAN_POINT('',(0.,1.5));
#8330 = VECTOR('',#8331,1.);
#8331 = DIRECTION('',(1.,0.));
#8332 = ( GEOMETRIC_REPRESENTATION_CONTEXT(2) 
PARAMETRIC_REPRESENTATION_CONTEXT() REPRESENTATION_CONTEXT('2D SPACE',''
  ) );
#8333 = ORIENTED_EDGE('',*,*,#8334,.F.);
#8334 = EDGE_CURVE('',#8335,#8312,#8337,.T.);
#8335 = VERTEX_POINT('',#8336);
#8336 = CARTESIAN_POINT('',(-36.16252132185,-13.30129887066,-20.2));
#8337 = SURFACE_CURVE('',#8338,(#8343,#8350),.PCURVE_S1.);
#8338 = CIRCLE('',#8339,1.55);
#8339 = AXIS2_PLACEMENT_3D('',#8340,#8341,#8342);
#8340 = CARTESIAN_POINT('',(-35.56936200168,-14.73331214605,-20.2));
#8341 = DIRECTION('',(6.305496559635E-17,-4.941768411644E-18,-1.));
#8342 = DIRECTION('',(4.478440467932E-15,-1.,4.941768411644E-18));
#8343 = PCURVE('',#974,#8344);
#8344 = DEFINITIONAL_REPRESENTATION('',(#8345),#8349);
#8345 = CIRCLE('',#8346,1.55);
#8346 = AXIS2_PLACEMENT_2D('',#8347,#8348);
#8347 = CARTESIAN_POINT('',(35.569362001684,-14.73331214605));
#8348 = DIRECTION('',(-4.476705744456E-15,-1.));
#8349 = ( GEOMETRIC_REPRESENTATION_CONTEXT(2) 
PARAMETRIC_REPRESENTATION_CONTEXT() REPRESENTATION_CONTEXT('2D SPACE',''
  ) );
#8350 = PCURVE('',#8351,#8356);
#8351 = CYLINDRICAL_SURFACE('',#8352,1.55);
#8352 = AXIS2_PLACEMENT_3D('',#8353,#8354,#8355);
#8353 = CARTESIAN_POINT('',(-35.56936200168,-14.73331214605,-18.7));
#8354 = DIRECTION('',(6.305496559635E-17,-4.941768411644E-18,-1.));
#8355 = DIRECTION('',(4.478440467932E-15,-1.,4.941768411644E-18));
#8356 = DEFINITIONAL_REPRESENTATION('',(#8357),#8361);
#8357 = LINE('',#8358,#8359);
#8358 = CARTESIAN_POINT('',(8.881784197001E-16,1.5));
#8359 = VECTOR('',#8360,1.);
#8360 = DIRECTION('',(1.,0.));
#8361 = ( GEOMETRIC_REPRESENTATION_CONTEXT(2) 
PARAMETRIC_REPRESENTATION_CONTEXT() REPRESENTATION_CONTEXT('2D SPACE',''
  ) );
#8362 = ORIENTED_EDGE('',*,*,#8363,.F.);
#8363 = EDGE_CURVE('',#6249,#8335,#8364,.T.);
#8364 = SURFACE_CURVE('',#8365,(#8369,#8376),.PCURVE_S1.);
#8365 = LINE('',#8366,#8367);
#8366 = CARTESIAN_POINT('',(-38.93415991938,-14.44934916775,-20.2));
#8367 = VECTOR('',#8368,1.);
#8368 = DIRECTION('',(0.923879532511,0.382683432365,5.636405923995E-17)
  );
#8369 = PCURVE('',#974,#8370);
#8370 = DEFINITIONAL_REPRESENTATION('',(#8371),#8375);
#8371 = LINE('',#8372,#8373);
#8372 = CARTESIAN_POINT('',(38.934159919384,-14.44934916775));
#8373 = VECTOR('',#8374,1.);
#8374 = DIRECTION('',(-0.923879532511,0.382683432365));
#8375 = ( GEOMETRIC_REPRESENTATION_CONTEXT(2) 
PARAMETRIC_REPRESENTATION_CONTEXT() REPRESENTATION_CONTEXT('2D SPACE',''
  ) );
#8376 = PCURVE('',#6311,#8377);
#8377 = DEFINITIONAL_REPRESENTATION('',(#8378),#8382);
#8378 = LINE('',#8379,#8380);
#8379 = CARTESIAN_POINT('',(0.,1.5));
#8380 = VECTOR('',#8381,1.);
#8381 = DIRECTION('',(1.,0.));
#8382 = ( GEOMETRIC_REPRESENTATION_CONTEXT(2) 
PARAMETRIC_REPRESENTATION_CONTEXT() REPRESENTATION_CONTEXT('2D SPACE',''
  ) );
#8383 = ORIENTED_EDGE('',*,*,#6248,.T.);
#8384 = ORIENTED_EDGE('',*,*,#7299,.T.);
#8385 = ORIENTED_EDGE('',*,*,#8386,.F.);
#8386 = EDGE_CURVE('',#8387,#7249,#8389,.T.);
#8387 = VERTEX_POINT('',#8388);
#8388 = CARTESIAN_POINT('',(-36.16252132185,13.301298870663,-20.2));
#8389 = SURFACE_CURVE('',#8390,(#8394,#8401),.PCURVE_S1.);
#8390 = LINE('',#8391,#8392);
#8391 = CARTESIAN_POINT('',(-38.93415991938,14.449349167759,-20.2));
#8392 = VECTOR('',#8393,1.);
#8393 = DIRECTION('',(-0.923879532511,0.382683432365,-6.014632503539E-17
    ));
#8394 = PCURVE('',#974,#8395);
#8395 = DEFINITIONAL_REPRESENTATION('',(#8396),#8400);
#8396 = LINE('',#8397,#8398);
#8397 = CARTESIAN_POINT('',(38.934159919384,14.449349167759));
#8398 = VECTOR('',#8399,1.);
#8399 = DIRECTION('',(0.923879532511,0.382683432365));
#8400 = ( GEOMETRIC_REPRESENTATION_CONTEXT(2) 
PARAMETRIC_REPRESENTATION_CONTEXT() REPRESENTATION_CONTEXT('2D SPACE',''
  ) );
#8401 = PCURVE('',#5619,#8402);
#8402 = DEFINITIONAL_REPRESENTATION('',(#8403),#8407);
#8403 = LINE('',#8404,#8405);
#8404 = CARTESIAN_POINT('',(0.,1.5));
#8405 = VECTOR('',#8406,1.);
#8406 = DIRECTION('',(1.,0.));
#8407 = ( GEOMETRIC_REPRESENTATION_CONTEXT(2) 
PARAMETRIC_REPRESENTATION_CONTEXT() REPRESENTATION_CONTEXT('2D SPACE',''
  ) );
#8408 = ORIENTED_EDGE('',*,*,#8409,.F.);
#8409 = EDGE_CURVE('',#8410,#8387,#8412,.T.);
#8410 = VERTEX_POINT('',#8411);
#8411 = CARTESIAN_POINT('',(-34.97620268151,16.165325421448,-20.2));
#8412 = SURFACE_CURVE('',#8413,(#8418,#8425),.PCURVE_S1.);
#8413 = CIRCLE('',#8414,1.55);
#8414 = AXIS2_PLACEMENT_3D('',#8415,#8416,#8417);
#8415 = CARTESIAN_POINT('',(-35.56936200168,14.733312146056,-20.2));
#8416 = DIRECTION('',(6.305496559635E-17,-4.941768411644E-18,-1.));
#8417 = DIRECTION('',(-0.707106781187,-0.707106781187,
    -4.109223580574E-17));
#8418 = PCURVE('',#974,#8419);
#8419 = DEFINITIONAL_REPRESENTATION('',(#8420),#8424);
#8420 = CIRCLE('',#8421,1.55);
#8421 = AXIS2_PLACEMENT_2D('',#8422,#8423);
#8422 = CARTESIAN_POINT('',(35.569362001685,14.733312146056));
#8423 = DIRECTION('',(0.707106781187,-0.707106781187));
#8424 = ( GEOMETRIC_REPRESENTATION_CONTEXT(2) 
PARAMETRIC_REPRESENTATION_CONTEXT() REPRESENTATION_CONTEXT('2D SPACE',''
  ) );
#8425 = PCURVE('',#8426,#8431);
#8426 = CYLINDRICAL_SURFACE('',#8427,1.55);
#8427 = AXIS2_PLACEMENT_3D('',#8428,#8429,#8430);
#8428 = CARTESIAN_POINT('',(-35.56936200168,14.733312146056,-18.7));
#8429 = DIRECTION('',(6.305496559635E-17,-4.941768411644E-18,-1.));
#8430 = DIRECTION('',(-0.707106781187,-0.707106781187,
    -4.109223580574E-17));
#8431 = DEFINITIONAL_REPRESENTATION('',(#8432),#8436);
#8432 = LINE('',#8433,#8434);
#8433 = CARTESIAN_POINT('',(0.,1.5));
#8434 = VECTOR('',#8435,1.);
#8435 = DIRECTION('',(1.,0.));
#8436 = ( GEOMETRIC_REPRESENTATION_CONTEXT(2) 
PARAMETRIC_REPRESENTATION_CONTEXT() REPRESENTATION_CONTEXT('2D SPACE',''
  ) );
#8437 = ORIENTED_EDGE('',*,*,#8438,.F.);
#8438 = EDGE_CURVE('',#8439,#8410,#8441,.T.);
#8439 = VERTEX_POINT('',#8440);
#8440 = CARTESIAN_POINT('',(-35.87197492684,16.536366434258,-20.2));
#8441 = SURFACE_CURVE('',#8442,(#8446,#8453),.PCURVE_S1.);
#8442 = LINE('',#8443,#8444);
#8443 = CARTESIAN_POINT('',(-37.74784127905,17.313375718544,-20.2));
#8444 = VECTOR('',#8445,1.);
#8445 = DIRECTION('',(0.923879532511,-0.382683432365,6.014632503539E-17)
  );
#8446 = PCURVE('',#974,#8447);
#8447 = DEFINITIONAL_REPRESENTATION('',(#8448),#8452);
#8448 = LINE('',#8449,#8450);
#8449 = CARTESIAN_POINT('',(37.747841279053,17.313375718544));
#8450 = VECTOR('',#8451,1.);
#8451 = DIRECTION('',(-0.923879532511,-0.382683432365));
#8452 = ( GEOMETRIC_REPRESENTATION_CONTEXT(2) 
PARAMETRIC_REPRESENTATION_CONTEXT() REPRESENTATION_CONTEXT('2D SPACE',''
  ) );
#8453 = PCURVE('',#5569,#8454);
#8454 = DEFINITIONAL_REPRESENTATION('',(#8455),#8459);
#8455 = LINE('',#8456,#8457);
#8456 = CARTESIAN_POINT('',(0.,1.5));
#8457 = VECTOR('',#8458,1.);
#8458 = DIRECTION('',(1.,0.));
#8459 = ( GEOMETRIC_REPRESENTATION_CONTEXT(2) 
PARAMETRIC_REPRESENTATION_CONTEXT() REPRESENTATION_CONTEXT('2D SPACE',''
  ) );
#8460 = ORIENTED_EDGE('',*,*,#8461,.T.);
#8461 = EDGE_CURVE('',#8439,#8462,#8464,.T.);
#8462 = VERTEX_POINT('',#8463);
#8463 = CARTESIAN_POINT('',(-16.53636643425,35.871974926841,-20.2));
#8464 = SURFACE_CURVE('',#8465,(#8470,#8477),.PCURVE_S1.);
#8465 = CIRCLE('',#8466,39.5);
#8466 = AXIS2_PLACEMENT_3D('',#8467,#8468,#8469);
#8467 = CARTESIAN_POINT('',(2.465190328816E-31,-5.238529448733E-32,-20.2
    ));
#8468 = DIRECTION('',(6.305496559635E-17,-4.941768411644E-18,-1.));
#8469 = DIRECTION('',(-1.,-1.734723475977E-18,-6.305496559635E-17));
#8470 = PCURVE('',#974,#8471);
#8471 = DEFINITIONAL_REPRESENTATION('',(#8472),#8476);
#8472 = CIRCLE('',#8473,39.5);
#8473 = AXIS2_PLACEMENT_2D('',#8474,#8475);
#8474 = CARTESIAN_POINT('',(0.,0.));
#8475 = DIRECTION('',(1.,0.));
#8476 = ( GEOMETRIC_REPRESENTATION_CONTEXT(2) 
PARAMETRIC_REPRESENTATION_CONTEXT() REPRESENTATION_CONTEXT('2D SPACE',''
  ) );
#8477 = PCURVE('',#5541,#8478);
#8478 = DEFINITIONAL_REPRESENTATION('',(#8479),#8483);
#8479 = LINE('',#8480,#8481);
#8480 = CARTESIAN_POINT('',(0.,1.570796326795));
#8481 = VECTOR('',#8482,1.);
#8482 = DIRECTION('',(1.,0.));
#8483 = ( GEOMETRIC_REPRESENTATION_CONTEXT(2) 
PARAMETRIC_REPRESENTATION_CONTEXT() REPRESENTATION_CONTEXT('2D SPACE',''
  ) );
#8484 = ORIENTED_EDGE('',*,*,#8485,.F.);
#8485 = EDGE_CURVE('',#8486,#8462,#8488,.T.);
#8486 = VERTEX_POINT('',#8487);
#8487 = CARTESIAN_POINT('',(-16.16532542144,34.976202681519,-20.2));
#8488 = SURFACE_CURVE('',#8489,(#8493,#8500),.PCURVE_S1.);
#8489 = LINE('',#8490,#8491);
#8490 = CARTESIAN_POINT('',(-17.31337571854,37.747841279053,-20.2));
#8491 = VECTOR('',#8492,1.);
#8492 = DIRECTION('',(-0.382683432365,0.923879532511,-2.8695689352E-17)
  );
#8493 = PCURVE('',#974,#8494);
#8494 = DEFINITIONAL_REPRESENTATION('',(#8495),#8499);
#8495 = LINE('',#8496,#8497);
#8496 = CARTESIAN_POINT('',(17.313375718544,37.747841279053));
#8497 = VECTOR('',#8498,1.);
#8498 = DIRECTION('',(0.382683432365,0.923879532511));
#8499 = ( GEOMETRIC_REPRESENTATION_CONTEXT(2) 
PARAMETRIC_REPRESENTATION_CONTEXT() REPRESENTATION_CONTEXT('2D SPACE',''
  ) );
#8500 = PCURVE('',#5512,#8501);
#8501 = DEFINITIONAL_REPRESENTATION('',(#8502),#8506);
#8502 = LINE('',#8503,#8504);
#8503 = CARTESIAN_POINT('',(0.,1.5));
#8504 = VECTOR('',#8505,1.);
#8505 = DIRECTION('',(1.,0.));
#8506 = ( GEOMETRIC_REPRESENTATION_CONTEXT(2) 
PARAMETRIC_REPRESENTATION_CONTEXT() REPRESENTATION_CONTEXT('2D SPACE',''
  ) );
#8507 = ORIENTED_EDGE('',*,*,#8508,.F.);
#8508 = EDGE_CURVE('',#8509,#8486,#8511,.T.);
#8509 = VERTEX_POINT('',#8510);
#8510 = CARTESIAN_POINT('',(-13.30129887066,36.16252132185,-20.2));
#8511 = SURFACE_CURVE('',#8512,(#8517,#8524),.PCURVE_S1.);
#8512 = CIRCLE('',#8513,1.55);
#8513 = AXIS2_PLACEMENT_3D('',#8514,#8515,#8516);
#8514 = CARTESIAN_POINT('',(-14.73331214605,35.569362001685,-20.2));
#8515 = DIRECTION('',(6.305496559635E-17,-4.941768411644E-18,-1.));
#8516 = DIRECTION('',(-1.,-1.734723475977E-18,-6.305496559635E-17));
#8517 = PCURVE('',#974,#8518);
#8518 = DEFINITIONAL_REPRESENTATION('',(#8519),#8523);
#8519 = CIRCLE('',#8520,1.55);
#8520 = AXIS2_PLACEMENT_2D('',#8521,#8522);
#8521 = CARTESIAN_POINT('',(14.733312146056,35.569362001685));
#8522 = DIRECTION('',(1.,0.));
#8523 = ( GEOMETRIC_REPRESENTATION_CONTEXT(2) 
PARAMETRIC_REPRESENTATION_CONTEXT() REPRESENTATION_CONTEXT('2D SPACE',''
  ) );
#8524 = PCURVE('',#8525,#8530);
#8525 = CYLINDRICAL_SURFACE('',#8526,1.55);
#8526 = AXIS2_PLACEMENT_3D('',#8527,#8528,#8529);
#8527 = CARTESIAN_POINT('',(-14.73331214605,35.569362001685,-18.7));
#8528 = DIRECTION('',(6.305496559635E-17,-4.941768411644E-18,-1.));
#8529 = DIRECTION('',(-1.,-1.734723475977E-18,-6.305496559635E-17));
#8530 = DEFINITIONAL_REPRESENTATION('',(#8531),#8535);
#8531 = LINE('',#8532,#8533);
#8532 = CARTESIAN_POINT('',(-4.440892098501E-16,1.5));
#8533 = VECTOR('',#8534,1.);
#8534 = DIRECTION('',(1.,0.));
#8535 = ( GEOMETRIC_REPRESENTATION_CONTEXT(2) 
PARAMETRIC_REPRESENTATION_CONTEXT() REPRESENTATION_CONTEXT('2D SPACE',''
  ) );
#8536 = ORIENTED_EDGE('',*,*,#8537,.F.);
#8537 = EDGE_CURVE('',#6381,#8509,#8538,.T.);
#8538 = SURFACE_CURVE('',#8539,(#8543,#8550),.PCURVE_S1.);
#8539 = LINE('',#8540,#8541);
#8540 = CARTESIAN_POINT('',(-14.44934916775,38.934159919384,-20.2));
#8541 = VECTOR('',#8542,1.);
#8542 = DIRECTION('',(0.382683432365,-0.923879532511,2.8695689352E-17));
#8543 = PCURVE('',#974,#8544);
#8544 = DEFINITIONAL_REPRESENTATION('',(#8545),#8549);
#8545 = LINE('',#8546,#8547);
#8546 = CARTESIAN_POINT('',(14.449349167759,38.934159919384));
#8547 = VECTOR('',#8548,1.);
#8548 = DIRECTION('',(-0.382683432365,-0.923879532511));
#8549 = ( GEOMETRIC_REPRESENTATION_CONTEXT(2) 
PARAMETRIC_REPRESENTATION_CONTEXT() REPRESENTATION_CONTEXT('2D SPACE',''
  ) );
#8550 = PCURVE('',#5460,#8551);
#8551 = DEFINITIONAL_REPRESENTATION('',(#8552),#8556);
#8552 = LINE('',#8553,#8554);
#8553 = CARTESIAN_POINT('',(0.,1.5));
#8554 = VECTOR('',#8555,1.);
#8555 = DIRECTION('',(1.,0.));
#8556 = ( GEOMETRIC_REPRESENTATION_CONTEXT(2) 
PARAMETRIC_REPRESENTATION_CONTEXT() REPRESENTATION_CONTEXT('2D SPACE',''
  ) );
#8557 = ORIENTED_EDGE('',*,*,#6380,.T.);
#8558 = FACE_BOUND('',#8559,.T.);
#8559 = EDGE_LOOP('',(#8560,#8582));
#8560 = ORIENTED_EDGE('',*,*,#8561,.F.);
#8561 = EDGE_CURVE('',#925,#958,#8562,.T.);
#8562 = SURFACE_CURVE('',#8563,(#8568,#8575),.PCURVE_S1.);
#8563 = CIRCLE('',#8564,2.);
#8564 = AXIS2_PLACEMENT_3D('',#8565,#8566,#8567);
#8565 = CARTESIAN_POINT('',(17.5,-30.31088913245,-20.2));
#8566 = DIRECTION('',(6.305496559635E-17,-4.941768411644E-18,-1.));
#8567 = DIRECTION('',(-0.707106781187,-0.707106781187,
    -4.109223580574E-17));
#8568 = PCURVE('',#974,#8569);
#8569 = DEFINITIONAL_REPRESENTATION('',(#8570),#8574);
#8570 = CIRCLE('',#8571,2.);
#8571 = AXIS2_PLACEMENT_2D('',#8572,#8573);
#8572 = CARTESIAN_POINT('',(-17.5,-30.31088913245));
#8573 = DIRECTION('',(0.707106781187,-0.707106781187));
#8574 = ( GEOMETRIC_REPRESENTATION_CONTEXT(2) 
PARAMETRIC_REPRESENTATION_CONTEXT() REPRESENTATION_CONTEXT('2D SPACE',''
  ) );
#8575 = PCURVE('',#945,#8576);
#8576 = DEFINITIONAL_REPRESENTATION('',(#8577),#8581);
#8577 = LINE('',#8578,#8579);
#8578 = CARTESIAN_POINT('',(-0.785398163397,0.5));
#8579 = VECTOR('',#8580,1.);
#8580 = DIRECTION('',(1.,0.));
#8581 = ( GEOMETRIC_REPRESENTATION_CONTEXT(2) 
PARAMETRIC_REPRESENTATION_CONTEXT() REPRESENTATION_CONTEXT('2D SPACE',''
  ) );
#8582 = ORIENTED_EDGE('',*,*,#957,.F.);
#8583 = FACE_BOUND('',#8584,.T.);
#8584 = EDGE_LOOP('',(#8585,#8607));
#8585 = ORIENTED_EDGE('',*,*,#8586,.F.);
#8586 = EDGE_CURVE('',#1042,#1075,#8587,.T.);
#8587 = SURFACE_CURVE('',#8588,(#8593,#8600),.PCURVE_S1.);
#8588 = CIRCLE('',#8589,2.);
#8589 = AXIS2_PLACEMENT_3D('',#8590,#8591,#8592);
#8590 = CARTESIAN_POINT('',(30.310889132455,-17.5,-20.2));
#8591 = DIRECTION('',(6.305496559635E-17,-4.941768411644E-18,-1.));
#8592 = DIRECTION('',(-0.258819045103,-0.965925826289,
    -1.154644424827E-17));
#8593 = PCURVE('',#974,#8594);
#8594 = DEFINITIONAL_REPRESENTATION('',(#8595),#8599);
#8595 = CIRCLE('',#8596,2.);
#8596 = AXIS2_PLACEMENT_2D('',#8597,#8598);
#8597 = CARTESIAN_POINT('',(-30.31088913245,-17.5));
#8598 = DIRECTION('',(0.258819045103,-0.965925826289));
#8599 = ( GEOMETRIC_REPRESENTATION_CONTEXT(2) 
PARAMETRIC_REPRESENTATION_CONTEXT() REPRESENTATION_CONTEXT('2D SPACE',''
  ) );
#8600 = PCURVE('',#1062,#8601);
#8601 = DEFINITIONAL_REPRESENTATION('',(#8602),#8606);
#8602 = LINE('',#8603,#8604);
#8603 = CARTESIAN_POINT('',(-1.308996938996,0.5));
#8604 = VECTOR('',#8605,1.);
#8605 = DIRECTION('',(1.,0.));
#8606 = ( GEOMETRIC_REPRESENTATION_CONTEXT(2) 
PARAMETRIC_REPRESENTATION_CONTEXT() REPRESENTATION_CONTEXT('2D SPACE',''
  ) );
#8607 = ORIENTED_EDGE('',*,*,#1074,.F.);
#8608 = FACE_BOUND('',#8609,.T.);
#8609 = EDGE_LOOP('',(#8610,#8632));
#8610 = ORIENTED_EDGE('',*,*,#8611,.F.);
#8611 = EDGE_CURVE('',#1154,#1187,#8612,.T.);
#8612 = SURFACE_CURVE('',#8613,(#8618,#8625),.PCURVE_S1.);
#8613 = CIRCLE('',#8614,2.);
#8614 = AXIS2_PLACEMENT_3D('',#8615,#8616,#8617);
#8615 = CARTESIAN_POINT('',(33.807403920117,-9.058666578588,-20.2));
#8616 = DIRECTION('',(6.305496559635E-17,-4.941768411644E-18,-1.));
#8617 = DIRECTION('',(3.47118167543E-15,-1.,4.941768411644E-18));
#8618 = PCURVE('',#974,#8619);
#8619 = DEFINITIONAL_REPRESENTATION('',(#8620),#8624);
#8620 = CIRCLE('',#8621,2.);
#8621 = AXIS2_PLACEMENT_2D('',#8622,#8623);
#8622 = CARTESIAN_POINT('',(-33.80740392011,-9.058666578588));
#8623 = DIRECTION('',(-3.469446951954E-15,-1.));
#8624 = ( GEOMETRIC_REPRESENTATION_CONTEXT(2) 
PARAMETRIC_REPRESENTATION_CONTEXT() REPRESENTATION_CONTEXT('2D SPACE',''
  ) );
#8625 = PCURVE('',#1174,#8626);
#8626 = DEFINITIONAL_REPRESENTATION('',(#8627),#8631);
#8627 = LINE('',#8628,#8629);
#8628 = CARTESIAN_POINT('',(-1.570796326795,0.5));
#8629 = VECTOR('',#8630,1.);
#8630 = DIRECTION('',(1.,0.));
#8631 = ( GEOMETRIC_REPRESENTATION_CONTEXT(2) 
PARAMETRIC_REPRESENTATION_CONTEXT() REPRESENTATION_CONTEXT('2D SPACE',''
  ) );
#8632 = ORIENTED_EDGE('',*,*,#1186,.F.);
#8633 = FACE_BOUND('',#8634,.T.);
#8634 = EDGE_LOOP('',(#8635,#8657));
#8635 = ORIENTED_EDGE('',*,*,#8636,.F.);
#8636 = EDGE_CURVE('',#1266,#1299,#8637,.T.);
#8637 = SURFACE_CURVE('',#8638,(#8643,#8650),.PCURVE_S1.);
#8638 = CIRCLE('',#8639,2.);
#8639 = AXIS2_PLACEMENT_3D('',#8640,#8641,#8642);
#8640 = CARTESIAN_POINT('',(33.807403920117,9.058666578588,-20.2));
#8641 = DIRECTION('',(6.305496559635E-17,-4.941768411644E-18,-1.));
#8642 = DIRECTION('',(0.5,-0.866025403784,3.580717978228E-17));
#8643 = PCURVE('',#974,#8644);
#8644 = DEFINITIONAL_REPRESENTATION('',(#8645),#8649);
#8645 = CIRCLE('',#8646,2.);
#8646 = AXIS2_PLACEMENT_2D('',#8647,#8648);
#8647 = CARTESIAN_POINT('',(-33.80740392011,9.058666578588));
#8648 = DIRECTION('',(-0.5,-0.866025403784));
#8649 = ( GEOMETRIC_REPRESENTATION_CONTEXT(2) 
PARAMETRIC_REPRESENTATION_CONTEXT() REPRESENTATION_CONTEXT('2D SPACE',''
  ) );
#8650 = PCURVE('',#1286,#8651);
#8651 = DEFINITIONAL_REPRESENTATION('',(#8652),#8656);
#8652 = LINE('',#8653,#8654);
#8653 = CARTESIAN_POINT('',(-2.094395102393,0.5));
#8654 = VECTOR('',#8655,1.);
#8655 = DIRECTION('',(1.,0.));
#8656 = ( GEOMETRIC_REPRESENTATION_CONTEXT(2) 
PARAMETRIC_REPRESENTATION_CONTEXT() REPRESENTATION_CONTEXT('2D SPACE',''
  ) );
#8657 = ORIENTED_EDGE('',*,*,#1298,.F.);
#8658 = FACE_BOUND('',#8659,.T.);
#8659 = EDGE_LOOP('',(#8660,#8682));
#8660 = ORIENTED_EDGE('',*,*,#8661,.F.);
#8661 = EDGE_CURVE('',#1378,#1411,#8662,.T.);
#8662 = SURFACE_CURVE('',#8663,(#8668,#8675),.PCURVE_S1.);
#8663 = CIRCLE('',#8664,2.);
#8664 = AXIS2_PLACEMENT_3D('',#8665,#8666,#8667);
#8665 = CARTESIAN_POINT('',(30.310889132455,17.5,-20.2));
#8666 = DIRECTION('',(6.305496559635E-17,-4.941768411644E-18,-1.));
#8667 = DIRECTION('',(0.707106781187,-0.707106781187,4.808095171559E-17)
  );
#8668 = PCURVE('',#974,#8669);
#8669 = DEFINITIONAL_REPRESENTATION('',(#8670),#8674);
#8670 = CIRCLE('',#8671,2.);
#8671 = AXIS2_PLACEMENT_2D('',#8672,#8673);
#8672 = CARTESIAN_POINT('',(-30.31088913245,17.5));
#8673 = DIRECTION('',(-0.707106781187,-0.707106781187));
#8674 = ( GEOMETRIC_REPRESENTATION_CONTEXT(2) 
PARAMETRIC_REPRESENTATION_CONTEXT() REPRESENTATION_CONTEXT('2D SPACE',''
  ) );
#8675 = PCURVE('',#1398,#8676);
#8676 = DEFINITIONAL_REPRESENTATION('',(#8677),#8681);
#8677 = LINE('',#8678,#8679);
#8678 = CARTESIAN_POINT('',(-2.356194490192,0.5));
#8679 = VECTOR('',#8680,1.);
#8680 = DIRECTION('',(1.,0.));
#8681 = ( GEOMETRIC_REPRESENTATION_CONTEXT(2) 
PARAMETRIC_REPRESENTATION_CONTEXT() REPRESENTATION_CONTEXT('2D SPACE',''
  ) );
#8682 = ORIENTED_EDGE('',*,*,#1410,.F.);
#8683 = FACE_BOUND('',#8684,.T.);
#8684 = EDGE_LOOP('',(#8685,#8707));
#8685 = ORIENTED_EDGE('',*,*,#8686,.F.);
#8686 = EDGE_CURVE('',#1490,#1523,#8687,.T.);
#8687 = SURFACE_CURVE('',#8688,(#8693,#8700),.PCURVE_S1.);
#8688 = CIRCLE('',#8689,2.);
#8689 = AXIS2_PLACEMENT_3D('',#8690,#8691,#8692);
#8690 = CARTESIAN_POINT('',(17.5,30.310889132455,-20.2));
#8691 = DIRECTION('',(6.305496559635E-17,-4.941768411644E-18,-1.));
#8692 = DIRECTION('',(0.965925826289,-0.258819045103,6.21854435267E-17)
  );
#8693 = PCURVE('',#974,#8694);
#8694 = DEFINITIONAL_REPRESENTATION('',(#8695),#8699);
#8695 = CIRCLE('',#8696,2.);
#8696 = AXIS2_PLACEMENT_2D('',#8697,#8698);
#8697 = CARTESIAN_POINT('',(-17.5,30.310889132455));
#8698 = DIRECTION('',(-0.965925826289,-0.258819045103));
#8699 = ( GEOMETRIC_REPRESENTATION_CONTEXT(2) 
PARAMETRIC_REPRESENTATION_CONTEXT() REPRESENTATION_CONTEXT('2D SPACE',''
  ) );
#8700 = PCURVE('',#1510,#8701);
#8701 = DEFINITIONAL_REPRESENTATION('',(#8702),#8706);
#8702 = LINE('',#8703,#8704);
#8703 = CARTESIAN_POINT('',(-2.879793265791,0.5));
#8704 = VECTOR('',#8705,1.);
#8705 = DIRECTION('',(1.,0.));
#8706 = ( GEOMETRIC_REPRESENTATION_CONTEXT(2) 
PARAMETRIC_REPRESENTATION_CONTEXT() REPRESENTATION_CONTEXT('2D SPACE',''
  ) );
#8707 = ORIENTED_EDGE('',*,*,#1522,.F.);
#8708 = FACE_BOUND('',#8709,.T.);
#8709 = EDGE_LOOP('',(#8710,#8732));
#8710 = ORIENTED_EDGE('',*,*,#8711,.F.);
#8711 = EDGE_CURVE('',#1602,#1635,#8712,.T.);
#8712 = SURFACE_CURVE('',#8713,(#8718,#8725),.PCURVE_S1.);
#8713 = CIRCLE('',#8714,2.);
#8714 = AXIS2_PLACEMENT_3D('',#8715,#8716,#8717);
#8715 = CARTESIAN_POINT('',(9.058666578588,33.807403920117,-20.2));
#8716 = DIRECTION('',(6.305496559635E-17,-4.941768411644E-18,-1.));
#8717 = DIRECTION('',(1.,1.734723475977E-18,6.305496559635E-17));
#8718 = PCURVE('',#974,#8719);
#8719 = DEFINITIONAL_REPRESENTATION('',(#8720),#8724);
#8720 = CIRCLE('',#8721,2.);
#8721 = AXIS2_PLACEMENT_2D('',#8722,#8723);
#8722 = CARTESIAN_POINT('',(-9.058666578588,33.807403920117));
#8723 = DIRECTION('',(-1.,0.));
#8724 = ( GEOMETRIC_REPRESENTATION_CONTEXT(2) 
PARAMETRIC_REPRESENTATION_CONTEXT() REPRESENTATION_CONTEXT('2D SPACE',''
  ) );
#8725 = PCURVE('',#1622,#8726);
#8726 = DEFINITIONAL_REPRESENTATION('',(#8727),#8731);
#8727 = LINE('',#8728,#8729);
#8728 = CARTESIAN_POINT('',(-3.14159265359,0.5));
#8729 = VECTOR('',#8730,1.);
#8730 = DIRECTION('',(1.,0.));
#8731 = ( GEOMETRIC_REPRESENTATION_CONTEXT(2) 
PARAMETRIC_REPRESENTATION_CONTEXT() REPRESENTATION_CONTEXT('2D SPACE',''
  ) );
#8732 = ORIENTED_EDGE('',*,*,#1634,.F.);
#8733 = FACE_BOUND('',#8734,.T.);
#8734 = EDGE_LOOP('',(#8735,#8757));
#8735 = ORIENTED_EDGE('',*,*,#8736,.F.);
#8736 = EDGE_CURVE('',#1714,#1747,#8737,.T.);
#8737 = SURFACE_CURVE('',#8738,(#8743,#8750),.PCURVE_S1.);
#8738 = CIRCLE('',#8739,2.);
#8739 = AXIS2_PLACEMENT_3D('',#8740,#8741,#8742);
#8740 = CARTESIAN_POINT('',(-9.058666578588,33.807403920117,-20.2));
#8741 = DIRECTION('',(6.305496559635E-17,-4.941768411644E-18,-1.));
#8742 = DIRECTION('',(0.866025403784,0.5,5.213631783537E-17));
#8743 = PCURVE('',#974,#8744);
#8744 = DEFINITIONAL_REPRESENTATION('',(#8745),#8749);
#8745 = CIRCLE('',#8746,2.);
#8746 = AXIS2_PLACEMENT_2D('',#8747,#8748);
#8747 = CARTESIAN_POINT('',(9.058666578588,33.807403920117));
#8748 = DIRECTION('',(-0.866025403784,0.5));
#8749 = ( GEOMETRIC_REPRESENTATION_CONTEXT(2) 
PARAMETRIC_REPRESENTATION_CONTEXT() REPRESENTATION_CONTEXT('2D SPACE',''
  ) );
#8750 = PCURVE('',#1734,#8751);
#8751 = DEFINITIONAL_REPRESENTATION('',(#8752),#8756);
#8752 = LINE('',#8753,#8754);
#8753 = CARTESIAN_POINT('',(-3.665191429188,0.5));
#8754 = VECTOR('',#8755,1.);
#8755 = DIRECTION('',(1.,0.));
#8756 = ( GEOMETRIC_REPRESENTATION_CONTEXT(2) 
PARAMETRIC_REPRESENTATION_CONTEXT() REPRESENTATION_CONTEXT('2D SPACE',''
  ) );
#8757 = ORIENTED_EDGE('',*,*,#1746,.F.);
#8758 = FACE_BOUND('',#8759,.T.);
#8759 = EDGE_LOOP('',(#8760,#8782));
#8760 = ORIENTED_EDGE('',*,*,#8761,.F.);
#8761 = EDGE_CURVE('',#1826,#1859,#8762,.T.);
#8762 = SURFACE_CURVE('',#8763,(#8768,#8775),.PCURVE_S1.);
#8763 = CIRCLE('',#8764,2.);
#8764 = AXIS2_PLACEMENT_3D('',#8765,#8766,#8767);
#8765 = CARTESIAN_POINT('',(-17.5,30.310889132455,-20.2));
#8766 = DIRECTION('',(6.305496559635E-17,-4.941768411644E-18,-1.));
#8767 = DIRECTION('',(0.707106781187,0.707106781187,4.109223580573E-17)
  );
#8768 = PCURVE('',#974,#8769);
#8769 = DEFINITIONAL_REPRESENTATION('',(#8770),#8774);
#8770 = CIRCLE('',#8771,2.);
#8771 = AXIS2_PLACEMENT_2D('',#8772,#8773);
#8772 = CARTESIAN_POINT('',(17.5,30.310889132455));
#8773 = DIRECTION('',(-0.707106781187,0.707106781187));
#8774 = ( GEOMETRIC_REPRESENTATION_CONTEXT(2) 
PARAMETRIC_REPRESENTATION_CONTEXT() REPRESENTATION_CONTEXT('2D SPACE',''
  ) );
#8775 = PCURVE('',#1846,#8776);
#8776 = DEFINITIONAL_REPRESENTATION('',(#8777),#8781);
#8777 = LINE('',#8778,#8779);
#8778 = CARTESIAN_POINT('',(-3.926990816987,0.5));
#8779 = VECTOR('',#8780,1.);
#8780 = DIRECTION('',(1.,0.));
#8781 = ( GEOMETRIC_REPRESENTATION_CONTEXT(2) 
PARAMETRIC_REPRESENTATION_CONTEXT() REPRESENTATION_CONTEXT('2D SPACE',''
  ) );
#8782 = ORIENTED_EDGE('',*,*,#1858,.F.);
#8783 = FACE_BOUND('',#8784,.T.);
#8784 = EDGE_LOOP('',(#8785,#8807));
#8785 = ORIENTED_EDGE('',*,*,#8786,.F.);
#8786 = EDGE_CURVE('',#1938,#1971,#8787,.T.);
#8787 = SURFACE_CURVE('',#8788,(#8793,#8800),.PCURVE_S1.);
#8788 = CIRCLE('',#8789,2.);
#8789 = AXIS2_PLACEMENT_3D('',#8790,#8791,#8792);
#8790 = CARTESIAN_POINT('',(-30.31088913245,17.5,-20.2));
#8791 = DIRECTION('',(6.305496559635E-17,-4.941768411644E-18,-1.));
#8792 = DIRECTION('',(0.258819045103,0.965925826289,1.154644424827E-17)
  );
#8793 = PCURVE('',#974,#8794);
#8794 = DEFINITIONAL_REPRESENTATION('',(#8795),#8799);
#8795 = CIRCLE('',#8796,2.);
#8796 = AXIS2_PLACEMENT_2D('',#8797,#8798);
#8797 = CARTESIAN_POINT('',(30.310889132456,17.5));
#8798 = DIRECTION('',(-0.258819045103,0.965925826289));
#8799 = ( GEOMETRIC_REPRESENTATION_CONTEXT(2) 
PARAMETRIC_REPRESENTATION_CONTEXT() REPRESENTATION_CONTEXT('2D SPACE',''
  ) );
#8800 = PCURVE('',#1958,#8801);
#8801 = DEFINITIONAL_REPRESENTATION('',(#8802),#8806);
#8802 = LINE('',#8803,#8804);
#8803 = CARTESIAN_POINT('',(-4.450589592586,0.5));
#8804 = VECTOR('',#8805,1.);
#8805 = DIRECTION('',(1.,0.));
#8806 = ( GEOMETRIC_REPRESENTATION_CONTEXT(2) 
PARAMETRIC_REPRESENTATION_CONTEXT() REPRESENTATION_CONTEXT('2D SPACE',''
  ) );
#8807 = ORIENTED_EDGE('',*,*,#1970,.F.);
#8808 = FACE_BOUND('',#8809,.T.);
#8809 = EDGE_LOOP('',(#8810,#8832));
#8810 = ORIENTED_EDGE('',*,*,#8811,.F.);
#8811 = EDGE_CURVE('',#2050,#2083,#8812,.T.);
#8812 = SURFACE_CURVE('',#8813,(#8818,#8825),.PCURVE_S1.);
#8813 = CIRCLE('',#8814,2.);
#8814 = AXIS2_PLACEMENT_3D('',#8815,#8816,#8817);
#8815 = CARTESIAN_POINT('',(-33.80740392011,9.058666578588,-20.2));
#8816 = DIRECTION('',(6.305496559635E-17,-4.941768411644E-18,-1.));
#8817 = DIRECTION('',(-1.041007557934E-14,1.,-4.941768411645E-18));
#8818 = PCURVE('',#974,#8819);
#8819 = DEFINITIONAL_REPRESENTATION('',(#8820),#8824);
#8820 = CIRCLE('',#8821,2.);
#8821 = AXIS2_PLACEMENT_2D('',#8822,#8823);
#8822 = CARTESIAN_POINT('',(33.807403920117,9.058666578588));
#8823 = DIRECTION('',(1.040834085586E-14,1.));
#8824 = ( GEOMETRIC_REPRESENTATION_CONTEXT(2) 
PARAMETRIC_REPRESENTATION_CONTEXT() REPRESENTATION_CONTEXT('2D SPACE',''
  ) );
#8825 = PCURVE('',#2070,#8826);
#8826 = DEFINITIONAL_REPRESENTATION('',(#8827),#8831);
#8827 = LINE('',#8828,#8829);
#8828 = CARTESIAN_POINT('',(-4.712388980385,0.5));
#8829 = VECTOR('',#8830,1.);
#8830 = DIRECTION('',(1.,0.));
#8831 = ( GEOMETRIC_REPRESENTATION_CONTEXT(2) 
PARAMETRIC_REPRESENTATION_CONTEXT() REPRESENTATION_CONTEXT('2D SPACE',''
  ) );
#8832 = ORIENTED_EDGE('',*,*,#2082,.F.);
#8833 = FACE_BOUND('',#8834,.T.);
#8834 = EDGE_LOOP('',(#8835,#8857));
#8835 = ORIENTED_EDGE('',*,*,#8836,.F.);
#8836 = EDGE_CURVE('',#2162,#2195,#8837,.T.);
#8837 = SURFACE_CURVE('',#8838,(#8843,#8850),.PCURVE_S1.);
#8838 = CIRCLE('',#8839,2.);
#8839 = AXIS2_PLACEMENT_3D('',#8840,#8841,#8842);
#8840 = CARTESIAN_POINT('',(-33.80740392011,-9.058666578589,-20.2));
#8841 = DIRECTION('',(6.305496559635E-17,-4.941768411644E-18,-1.));
#8842 = DIRECTION('',(-0.5,0.866025403784,-3.580717978228E-17));
#8843 = PCURVE('',#974,#8844);
#8844 = DEFINITIONAL_REPRESENTATION('',(#8845),#8849);
#8845 = CIRCLE('',#8846,2.);
#8846 = AXIS2_PLACEMENT_2D('',#8847,#8848);
#8847 = CARTESIAN_POINT('',(33.807403920117,-9.058666578589));
#8848 = DIRECTION('',(0.5,0.866025403784));
#8849 = ( GEOMETRIC_REPRESENTATION_CONTEXT(2) 
PARAMETRIC_REPRESENTATION_CONTEXT() REPRESENTATION_CONTEXT('2D SPACE',''
  ) );
#8850 = PCURVE('',#2182,#8851);
#8851 = DEFINITIONAL_REPRESENTATION('',(#8852),#8856);
#8852 = LINE('',#8853,#8854);
#8853 = CARTESIAN_POINT('',(-5.235987755983,0.5));
#8854 = VECTOR('',#8855,1.);
#8855 = DIRECTION('',(1.,0.));
#8856 = ( GEOMETRIC_REPRESENTATION_CONTEXT(2) 
PARAMETRIC_REPRESENTATION_CONTEXT() REPRESENTATION_CONTEXT('2D SPACE',''
  ) );
#8857 = ORIENTED_EDGE('',*,*,#2194,.F.);
#8858 = FACE_BOUND('',#8859,.T.);
#8859 = EDGE_LOOP('',(#8860,#8882));
#8860 = ORIENTED_EDGE('',*,*,#8861,.F.);
#8861 = EDGE_CURVE('',#2274,#2307,#8862,.T.);
#8862 = SURFACE_CURVE('',#8863,(#8868,#8875),.PCURVE_S1.);
#8863 = CIRCLE('',#8864,2.);
#8864 = AXIS2_PLACEMENT_3D('',#8865,#8866,#8867);
#8865 = CARTESIAN_POINT('',(-30.31088913245,-17.5,-20.2));
#8866 = DIRECTION('',(6.305496559635E-17,-4.941768411644E-18,-1.));
#8867 = DIRECTION('',(-0.707106781187,0.707106781187,-4.808095171559E-17
    ));
#8868 = PCURVE('',#974,#8869);
#8869 = DEFINITIONAL_REPRESENTATION('',(#8870),#8874);
#8870 = CIRCLE('',#8871,2.);
#8871 = AXIS2_PLACEMENT_2D('',#8872,#8873);
#8872 = CARTESIAN_POINT('',(30.310889132455,-17.5));
#8873 = DIRECTION('',(0.707106781187,0.707106781187));
#8874 = ( GEOMETRIC_REPRESENTATION_CONTEXT(2) 
PARAMETRIC_REPRESENTATION_CONTEXT() REPRESENTATION_CONTEXT('2D SPACE',''
  ) );
#8875 = PCURVE('',#2294,#8876);
#8876 = DEFINITIONAL_REPRESENTATION('',(#8877),#8881);
#8877 = LINE('',#8878,#8879);
#8878 = CARTESIAN_POINT('',(-5.497787143782,0.5));
#8879 = VECTOR('',#8880,1.);
#8880 = DIRECTION('',(1.,0.));
#8881 = ( GEOMETRIC_REPRESENTATION_CONTEXT(2) 
PARAMETRIC_REPRESENTATION_CONTEXT() REPRESENTATION_CONTEXT('2D SPACE',''
  ) );
#8882 = ORIENTED_EDGE('',*,*,#2306,.F.);
#8883 = FACE_BOUND('',#8884,.T.);
#8884 = EDGE_LOOP('',(#8885,#8907));
#8885 = ORIENTED_EDGE('',*,*,#8886,.F.);
#8886 = EDGE_CURVE('',#2386,#2419,#8887,.T.);
#8887 = SURFACE_CURVE('',#8888,(#8893,#8900),.PCURVE_S1.);
#8888 = CIRCLE('',#8889,2.);
#8889 = AXIS2_PLACEMENT_3D('',#8890,#8891,#8892);
#8890 = CARTESIAN_POINT('',(-17.5,-30.31088913245,-20.2));
#8891 = DIRECTION('',(6.305496559635E-17,-4.941768411644E-18,-1.));
#8892 = DIRECTION('',(-0.965925826289,0.258819045103,-6.21854435267E-17)
  );
#8893 = PCURVE('',#974,#8894);
#8894 = DEFINITIONAL_REPRESENTATION('',(#8895),#8899);
#8895 = CIRCLE('',#8896,2.);
#8896 = AXIS2_PLACEMENT_2D('',#8897,#8898);
#8897 = CARTESIAN_POINT('',(17.5,-30.31088913245));
#8898 = DIRECTION('',(0.965925826289,0.258819045103));
#8899 = ( GEOMETRIC_REPRESENTATION_CONTEXT(2) 
PARAMETRIC_REPRESENTATION_CONTEXT() REPRESENTATION_CONTEXT('2D SPACE',''
  ) );
#8900 = PCURVE('',#2406,#8901);
#8901 = DEFINITIONAL_REPRESENTATION('',(#8902),#8906);
#8902 = LINE('',#8903,#8904);
#8903 = CARTESIAN_POINT('',(-6.02138591938,0.5));
#8904 = VECTOR('',#8905,1.);
#8905 = DIRECTION('',(1.,0.));
#8906 = ( GEOMETRIC_REPRESENTATION_CONTEXT(2) 
PARAMETRIC_REPRESENTATION_CONTEXT() REPRESENTATION_CONTEXT('2D SPACE',''
  ) );
#8907 = ORIENTED_EDGE('',*,*,#2418,.F.);
#8908 = FACE_BOUND('',#8909,.T.);
#8909 = EDGE_LOOP('',(#8910,#8932));
#8910 = ORIENTED_EDGE('',*,*,#8911,.F.);
#8911 = EDGE_CURVE('',#2498,#2531,#8912,.T.);
#8912 = SURFACE_CURVE('',#8913,(#8918,#8925),.PCURVE_S1.);
#8913 = CIRCLE('',#8914,2.);
#8914 = AXIS2_PLACEMENT_3D('',#8915,#8916,#8917);
#8915 = CARTESIAN_POINT('',(9.058666578588,-33.80740392011,-20.2));
#8916 = DIRECTION('',(6.305496559635E-17,-4.941768411644E-18,-1.));
#8917 = DIRECTION('',(-0.866025403784,-0.5,-5.213631783537E-17));
#8918 = PCURVE('',#974,#8919);
#8919 = DEFINITIONAL_REPRESENTATION('',(#8920),#8924);
#8920 = CIRCLE('',#8921,2.);
#8921 = AXIS2_PLACEMENT_2D('',#8922,#8923);
#8922 = CARTESIAN_POINT('',(-9.058666578588,-33.80740392011));
#8923 = DIRECTION('',(0.866025403784,-0.5));
#8924 = ( GEOMETRIC_REPRESENTATION_CONTEXT(2) 
PARAMETRIC_REPRESENTATION_CONTEXT() REPRESENTATION_CONTEXT('2D SPACE',''
  ) );
#8925 = PCURVE('',#2518,#8926);
#8926 = DEFINITIONAL_REPRESENTATION('',(#8927),#8931);
#8927 = LINE('',#8928,#8929);
#8928 = CARTESIAN_POINT('',(-0.523598775598,0.5));
#8929 = VECTOR('',#8930,1.);
#8930 = DIRECTION('',(1.,0.));
#8931 = ( GEOMETRIC_REPRESENTATION_CONTEXT(2) 
PARAMETRIC_REPRESENTATION_CONTEXT() REPRESENTATION_CONTEXT('2D SPACE',''
  ) );
#8932 = ORIENTED_EDGE('',*,*,#2530,.F.);
#8933 = FACE_BOUND('',#8934,.T.);
#8934 = EDGE_LOOP('',(#8935,#8957));
#8935 = ORIENTED_EDGE('',*,*,#8936,.F.);
#8936 = EDGE_CURVE('',#2610,#2643,#8937,.T.);
#8937 = SURFACE_CURVE('',#8938,(#8943,#8950),.PCURVE_S1.);
#8938 = CIRCLE('',#8939,2.);
#8939 = AXIS2_PLACEMENT_3D('',#8940,#8941,#8942);
#8940 = CARTESIAN_POINT('',(-9.058666578588,-33.80740392011,-20.2));
#8941 = DIRECTION('',(6.305496559635E-17,-4.941768411644E-18,-1.));
#8942 = DIRECTION('',(-1.,-1.734723475977E-18,-6.305496559635E-17));
#8943 = PCURVE('',#974,#8944);
#8944 = DEFINITIONAL_REPRESENTATION('',(#8945),#8949);
#8945 = CIRCLE('',#8946,2.);
#8946 = AXIS2_PLACEMENT_2D('',#8947,#8948);
#8947 = CARTESIAN_POINT('',(9.058666578588,-33.80740392011));
#8948 = DIRECTION('',(1.,0.));
#8949 = ( GEOMETRIC_REPRESENTATION_CONTEXT(2) 
PARAMETRIC_REPRESENTATION_CONTEXT() REPRESENTATION_CONTEXT('2D SPACE',''
  ) );
#8950 = PCURVE('',#2630,#8951);
#8951 = DEFINITIONAL_REPRESENTATION('',(#8952),#8956);
#8952 = LINE('',#8953,#8954);
#8953 = CARTESIAN_POINT('',(0.,0.5));
#8954 = VECTOR('',#8955,1.);
#8955 = DIRECTION('',(1.,0.));
#8956 = ( GEOMETRIC_REPRESENTATION_CONTEXT(2) 
PARAMETRIC_REPRESENTATION_CONTEXT() REPRESENTATION_CONTEXT('2D SPACE',''
  ) );
#8957 = ORIENTED_EDGE('',*,*,#2642,.F.);
#8958 = FACE_BOUND('',#8959,.T.);
#8959 = EDGE_LOOP('',(#8960,#8982));
#8960 = ORIENTED_EDGE('',*,*,#8961,.F.);
#8961 = EDGE_CURVE('',#2722,#2755,#8962,.T.);
#8962 = SURFACE_CURVE('',#8963,(#8968,#8975),.PCURVE_S1.);
#8963 = CIRCLE('',#8964,1.65);
#8964 = AXIS2_PLACEMENT_3D('',#8965,#8966,#8967);
#8965 = CARTESIAN_POINT('',(24.748737341529,24.748737341529,-20.2));
#8966 = DIRECTION('',(6.305496559635E-17,-4.941768411644E-18,-1.));
#8967 = DIRECTION('',(-1.,-1.734723475977E-18,-6.305496559635E-17));
#8968 = PCURVE('',#974,#8969);
#8969 = DEFINITIONAL_REPRESENTATION('',(#8970),#8974);
#8970 = CIRCLE('',#8971,1.65);
#8971 = AXIS2_PLACEMENT_2D('',#8972,#8973);
#8972 = CARTESIAN_POINT('',(-24.74873734152,24.748737341529));
#8973 = DIRECTION('',(1.,0.));
#8974 = ( GEOMETRIC_REPRESENTATION_CONTEXT(2) 
PARAMETRIC_REPRESENTATION_CONTEXT() REPRESENTATION_CONTEXT('2D SPACE',''
  ) );
#8975 = PCURVE('',#2742,#8976);
#8976 = DEFINITIONAL_REPRESENTATION('',(#8977),#8981);
#8977 = LINE('',#8978,#8979);
#8978 = CARTESIAN_POINT('',(0.,1.33226762955E-15));
#8979 = VECTOR('',#8980,1.);
#8980 = DIRECTION('',(1.,0.));
#8981 = ( GEOMETRIC_REPRESENTATION_CONTEXT(2) 
PARAMETRIC_REPRESENTATION_CONTEXT() REPRESENTATION_CONTEXT('2D SPACE',''
  ) );
#8982 = ORIENTED_EDGE('',*,*,#2754,.F.);
#8983 = FACE_BOUND('',#8984,.T.);
#8984 = EDGE_LOOP('',(#8985,#9007));
#8985 = ORIENTED_EDGE('',*,*,#8986,.F.);
#8986 = EDGE_CURVE('',#2829,#2862,#8987,.T.);
#8987 = SURFACE_CURVE('',#8988,(#8993,#9000),.PCURVE_S1.);
#8988 = CIRCLE('',#8989,1.65);
#8989 = AXIS2_PLACEMENT_3D('',#8990,#8991,#8992);
#8990 = CARTESIAN_POINT('',(35.,3.666662559002E-13,-20.2));
#8991 = DIRECTION('',(6.305496559635E-17,-4.941768411644E-18,-1.));
#8992 = DIRECTION('',(-1.,-1.734723475977E-18,-6.305496559635E-17));
#8993 = PCURVE('',#974,#8994);
#8994 = DEFINITIONAL_REPRESENTATION('',(#8995),#8999);
#8995 = CIRCLE('',#8996,1.65);
#8996 = AXIS2_PLACEMENT_2D('',#8997,#8998);
#8997 = CARTESIAN_POINT('',(-35.,3.666055405785E-13));
#8998 = DIRECTION('',(1.,0.));
#8999 = ( GEOMETRIC_REPRESENTATION_CONTEXT(2) 
PARAMETRIC_REPRESENTATION_CONTEXT() REPRESENTATION_CONTEXT('2D SPACE',''
  ) );
#9000 = PCURVE('',#2849,#9001);
#9001 = DEFINITIONAL_REPRESENTATION('',(#9002),#9006);
#9002 = LINE('',#9003,#9004);
#9003 = CARTESIAN_POINT('',(0.,1.33226762955E-15));
#9004 = VECTOR('',#9005,1.);
#9005 = DIRECTION('',(1.,0.));
#9006 = ( GEOMETRIC_REPRESENTATION_CONTEXT(2) 
PARAMETRIC_REPRESENTATION_CONTEXT() REPRESENTATION_CONTEXT('2D SPACE',''
  ) );
#9007 = ORIENTED_EDGE('',*,*,#2861,.F.);
#9008 = FACE_BOUND('',#9009,.T.);
#9009 = EDGE_LOOP('',(#9010,#9032));
#9010 = ORIENTED_EDGE('',*,*,#9011,.F.);
#9011 = EDGE_CURVE('',#2936,#2969,#9012,.T.);
#9012 = SURFACE_CURVE('',#9013,(#9018,#9025),.PCURVE_S1.);
#9013 = CIRCLE('',#9014,1.65);
#9014 = AXIS2_PLACEMENT_3D('',#9015,#9016,#9017);
#9015 = CARTESIAN_POINT('',(24.748737341529,-24.74873734152,-20.2));
#9016 = DIRECTION('',(6.305496559635E-17,-4.941768411644E-18,-1.));
#9017 = DIRECTION('',(-1.,-1.734723475977E-18,-6.305496559635E-17));
#9018 = PCURVE('',#974,#9019);
#9019 = DEFINITIONAL_REPRESENTATION('',(#9020),#9024);
#9020 = CIRCLE('',#9021,1.65);
#9021 = AXIS2_PLACEMENT_2D('',#9022,#9023);
#9022 = CARTESIAN_POINT('',(-24.74873734152,-24.74873734152));
#9023 = DIRECTION('',(1.,0.));
#9024 = ( GEOMETRIC_REPRESENTATION_CONTEXT(2) 
PARAMETRIC_REPRESENTATION_CONTEXT() REPRESENTATION_CONTEXT('2D SPACE',''
  ) );
#9025 = PCURVE('',#2956,#9026);
#9026 = DEFINITIONAL_REPRESENTATION('',(#9027),#9031);
#9027 = LINE('',#9028,#9029);
#9028 = CARTESIAN_POINT('',(0.,1.33226762955E-15));
#9029 = VECTOR('',#9030,1.);
#9030 = DIRECTION('',(1.,0.));
#9031 = ( GEOMETRIC_REPRESENTATION_CONTEXT(2) 
PARAMETRIC_REPRESENTATION_CONTEXT() REPRESENTATION_CONTEXT('2D SPACE',''
  ) );
#9032 = ORIENTED_EDGE('',*,*,#2968,.F.);
#9033 = FACE_BOUND('',#9034,.T.);
#9034 = EDGE_LOOP('',(#9035,#9057));
#9035 = ORIENTED_EDGE('',*,*,#9036,.F.);
#9036 = EDGE_CURVE('',#3043,#3076,#9037,.T.);
#9037 = SURFACE_CURVE('',#9038,(#9043,#9050),.PCURVE_S1.);
#9038 = CIRCLE('',#9039,1.65);
#9039 = AXIS2_PLACEMENT_3D('',#9040,#9041,#9042);
#9040 = CARTESIAN_POINT('',(6.071532165919E-17,-35.,-20.2));
#9041 = DIRECTION('',(6.305496559635E-17,-4.941768411644E-18,-1.));
#9042 = DIRECTION('',(-1.,-1.734723475977E-18,-6.305496559635E-17));
#9043 = PCURVE('',#974,#9044);
#9044 = DEFINITIONAL_REPRESENTATION('',(#9045),#9049);
#9045 = CIRCLE('',#9046,1.65);
#9046 = AXIS2_PLACEMENT_2D('',#9047,#9048);
#9047 = CARTESIAN_POINT('',(0.,-35.));
#9048 = DIRECTION('',(1.,0.));
#9049 = ( GEOMETRIC_REPRESENTATION_CONTEXT(2) 
PARAMETRIC_REPRESENTATION_CONTEXT() REPRESENTATION_CONTEXT('2D SPACE',''
  ) );
#9050 = PCURVE('',#3063,#9051);
#9051 = DEFINITIONAL_REPRESENTATION('',(#9052),#9056);
#9052 = LINE('',#9053,#9054);
#9053 = CARTESIAN_POINT('',(0.,1.33226762955E-15));
#9054 = VECTOR('',#9055,1.);
#9055 = DIRECTION('',(1.,0.));
#9056 = ( GEOMETRIC_REPRESENTATION_CONTEXT(2) 
PARAMETRIC_REPRESENTATION_CONTEXT() REPRESENTATION_CONTEXT('2D SPACE',''
  ) );
#9057 = ORIENTED_EDGE('',*,*,#3075,.F.);
#9058 = FACE_BOUND('',#9059,.T.);
#9059 = EDGE_LOOP('',(#9060,#9082));
#9060 = ORIENTED_EDGE('',*,*,#9061,.F.);
#9061 = EDGE_CURVE('',#3150,#3183,#9062,.T.);
#9062 = SURFACE_CURVE('',#9063,(#9068,#9075),.PCURVE_S1.);
#9063 = CIRCLE('',#9064,1.65);
#9064 = AXIS2_PLACEMENT_3D('',#9065,#9066,#9067);
#9065 = CARTESIAN_POINT('',(-24.74873734152,-24.74873734152,-20.2));
#9066 = DIRECTION('',(6.305496559635E-17,-4.941768411644E-18,-1.));
#9067 = DIRECTION('',(-1.,-1.734723475977E-18,-6.305496559635E-17));
#9068 = PCURVE('',#974,#9069);
#9069 = DEFINITIONAL_REPRESENTATION('',(#9070),#9074);
#9070 = CIRCLE('',#9071,1.65);
#9071 = AXIS2_PLACEMENT_2D('',#9072,#9073);
#9072 = CARTESIAN_POINT('',(24.748737341529,-24.74873734152));
#9073 = DIRECTION('',(1.,0.));
#9074 = ( GEOMETRIC_REPRESENTATION_CONTEXT(2) 
PARAMETRIC_REPRESENTATION_CONTEXT() REPRESENTATION_CONTEXT('2D SPACE',''
  ) );
#9075 = PCURVE('',#3170,#9076);
#9076 = DEFINITIONAL_REPRESENTATION('',(#9077),#9081);
#9077 = LINE('',#9078,#9079);
#9078 = CARTESIAN_POINT('',(0.,1.33226762955E-15));
#9079 = VECTOR('',#9080,1.);
#9080 = DIRECTION('',(1.,0.));
#9081 = ( GEOMETRIC_REPRESENTATION_CONTEXT(2) 
PARAMETRIC_REPRESENTATION_CONTEXT() REPRESENTATION_CONTEXT('2D SPACE',''
  ) );
#9082 = ORIENTED_EDGE('',*,*,#3182,.F.);
#9083 = FACE_BOUND('',#9084,.T.);
#9084 = EDGE_LOOP('',(#9085,#9107));
#9085 = ORIENTED_EDGE('',*,*,#9086,.F.);
#9086 = EDGE_CURVE('',#3257,#3290,#9087,.T.);
#9087 = SURFACE_CURVE('',#9088,(#9093,#9100),.PCURVE_S1.);
#9088 = CIRCLE('',#9089,1.65);
#9089 = AXIS2_PLACEMENT_3D('',#9090,#9091,#9092);
#9090 = CARTESIAN_POINT('',(-35.,-1.222625621812E-13,-20.2));
#9091 = DIRECTION('',(6.305496559635E-17,-4.941768411644E-18,-1.));
#9092 = DIRECTION('',(-1.,-1.734723475977E-18,-6.305496559635E-17));
#9093 = PCURVE('',#974,#9094);
#9094 = DEFINITIONAL_REPRESENTATION('',(#9095),#9099);
#9095 = CIRCLE('',#9096,1.65);
#9096 = AXIS2_PLACEMENT_2D('',#9097,#9098);
#9097 = CARTESIAN_POINT('',(35.,-1.222018468595E-13));
#9098 = DIRECTION('',(1.,0.));
#9099 = ( GEOMETRIC_REPRESENTATION_CONTEXT(2) 
PARAMETRIC_REPRESENTATION_CONTEXT() REPRESENTATION_CONTEXT('2D SPACE',''
  ) );
#9100 = PCURVE('',#3277,#9101);
#9101 = DEFINITIONAL_REPRESENTATION('',(#9102),#9106);
#9102 = LINE('',#9103,#9104);
#9103 = CARTESIAN_POINT('',(0.,1.33226762955E-15));
#9104 = VECTOR('',#9105,1.);
#9105 = DIRECTION('',(1.,0.));
#9106 = ( GEOMETRIC_REPRESENTATION_CONTEXT(2) 
PARAMETRIC_REPRESENTATION_CONTEXT() REPRESENTATION_CONTEXT('2D SPACE',''
  ) );
#9107 = ORIENTED_EDGE('',*,*,#3289,.F.);
#9108 = FACE_BOUND('',#9109,.T.);
#9109 = EDGE_LOOP('',(#9110,#9132));
#9110 = ORIENTED_EDGE('',*,*,#9111,.F.);
#9111 = EDGE_CURVE('',#3364,#3397,#9112,.T.);
#9112 = SURFACE_CURVE('',#9113,(#9118,#9125),.PCURVE_S1.);
#9113 = CIRCLE('',#9114,1.65);
#9114 = AXIS2_PLACEMENT_3D('',#9115,#9116,#9117);
#9115 = CARTESIAN_POINT('',(-24.74873734152,24.748737341529,-20.2));
#9116 = DIRECTION('',(6.305496559635E-17,-4.941768411644E-18,-1.));
#9117 = DIRECTION('',(-1.,-1.734723475977E-18,-6.305496559635E-17));
#9118 = PCURVE('',#974,#9119);
#9119 = DEFINITIONAL_REPRESENTATION('',(#9120),#9124);
#9120 = CIRCLE('',#9121,1.65);
#9121 = AXIS2_PLACEMENT_2D('',#9122,#9123);
#9122 = CARTESIAN_POINT('',(24.748737341529,24.748737341529));
#9123 = DIRECTION('',(1.,0.));
#9124 = ( GEOMETRIC_REPRESENTATION_CONTEXT(2) 
PARAMETRIC_REPRESENTATION_CONTEXT() REPRESENTATION_CONTEXT('2D SPACE',''
  ) );
#9125 = PCURVE('',#3384,#9126);
#9126 = DEFINITIONAL_REPRESENTATION('',(#9127),#9131);
#9127 = LINE('',#9128,#9129);
#9128 = CARTESIAN_POINT('',(0.,1.33226762955E-15));
#9129 = VECTOR('',#9130,1.);
#9130 = DIRECTION('',(1.,0.));
#9131 = ( GEOMETRIC_REPRESENTATION_CONTEXT(2) 
PARAMETRIC_REPRESENTATION_CONTEXT() REPRESENTATION_CONTEXT('2D SPACE',''
  ) );
#9132 = ORIENTED_EDGE('',*,*,#3396,.F.);
#9133 = FACE_BOUND('',#9134,.T.);
#9134 = EDGE_LOOP('',(#9135,#9157));
#9135 = ORIENTED_EDGE('',*,*,#9136,.F.);
#9136 = EDGE_CURVE('',#3471,#3504,#9137,.T.);
#9137 = SURFACE_CURVE('',#9138,(#9143,#9150),.PCURVE_S1.);
#9138 = CIRCLE('',#9139,1.65);
#9139 = AXIS2_PLACEMENT_3D('',#9140,#9141,#9142);
#9140 = CARTESIAN_POINT('',(-6.071532165919E-17,35.,-20.2));
#9141 = DIRECTION('',(6.305496559635E-17,-4.941768411644E-18,-1.));
#9142 = DIRECTION('',(-1.,-1.734723475977E-18,-6.305496559635E-17));
#9143 = PCURVE('',#974,#9144);
#9144 = DEFINITIONAL_REPRESENTATION('',(#9145),#9149);
#9145 = CIRCLE('',#9146,1.65);
#9146 = AXIS2_PLACEMENT_2D('',#9147,#9148);
#9147 = CARTESIAN_POINT('',(0.,35.));
#9148 = DIRECTION('',(1.,0.));
#9149 = ( GEOMETRIC_REPRESENTATION_CONTEXT(2) 
PARAMETRIC_REPRESENTATION_CONTEXT() REPRESENTATION_CONTEXT('2D SPACE',''
  ) );
#9150 = PCURVE('',#3491,#9151);
#9151 = DEFINITIONAL_REPRESENTATION('',(#9152),#9156);
#9152 = LINE('',#9153,#9154);
#9153 = CARTESIAN_POINT('',(0.,1.33226762955E-15));
#9154 = VECTOR('',#9155,1.);
#9155 = DIRECTION('',(1.,0.));
#9156 = ( GEOMETRIC_REPRESENTATION_CONTEXT(2) 
PARAMETRIC_REPRESENTATION_CONTEXT() REPRESENTATION_CONTEXT('2D SPACE',''
  ) );
#9157 = ORIENTED_EDGE('',*,*,#3503,.F.);
#9158 = FACE_BOUND('',#9159,.T.);
#9159 = EDGE_LOOP('',(#9160,#9161,#9162,#9190,#9211,#9212));
#9160 = ORIENTED_EDGE('',*,*,#3901,.T.);
#9161 = ORIENTED_EDGE('',*,*,#3988,.T.);
#9162 = ORIENTED_EDGE('',*,*,#9163,.T.);
#9163 = EDGE_CURVE('',#3989,#9164,#9166,.T.);
#9164 = VERTEX_POINT('',#9165);
#9165 = CARTESIAN_POINT('',(-8.886257964188,-29.17677877,-20.2));
#9166 = SURFACE_CURVE('',#9167,(#9172,#9183),.PCURVE_S1.);
#9167 = CIRCLE('',#9168,30.5);
#9168 = AXIS2_PLACEMENT_3D('',#9169,#9170,#9171);
#9169 = CARTESIAN_POINT('',(2.465190328816E-31,-5.238529448733E-32,-20.2
    ));
#9170 = DIRECTION('',(-6.305496559635E-17,4.941768411644E-18,1.));
#9171 = DIRECTION('',(-1.,-1.734723475977E-18,-6.305496559635E-17));
#9172 = PCURVE('',#974,#9173);
#9173 = DEFINITIONAL_REPRESENTATION('',(#9174),#9182);
#9174 = ( BOUNDED_CURVE() B_SPLINE_CURVE(2,(#9175,#9176,#9177,#9178,
#9179,#9180,#9181),.UNSPECIFIED.,.T.,.F.) B_SPLINE_CURVE_WITH_KNOTS((1,2
    ,2,2,2,1),(-2.094395102393,0.,2.094395102393,4.188790204786,
6.28318530718,8.377580409573),.UNSPECIFIED.) CURVE() 
GEOMETRIC_REPRESENTATION_ITEM() RATIONAL_B_SPLINE_CURVE((1.,0.5,1.,0.5,
1.,0.5,1.)) REPRESENTATION_ITEM('') );
#9175 = CARTESIAN_POINT('',(30.5,0.));
#9176 = CARTESIAN_POINT('',(30.5,-52.82754963085));
#9177 = CARTESIAN_POINT('',(-15.25,-26.41377481542));
#9178 = CARTESIAN_POINT('',(-61.,-7.470345474799E-15));
#9179 = CARTESIAN_POINT('',(-15.25,26.413774815425));
#9180 = CARTESIAN_POINT('',(30.5,52.827549630851));
#9181 = CARTESIAN_POINT('',(30.5,0.));
#9182 = ( GEOMETRIC_REPRESENTATION_CONTEXT(2) 
PARAMETRIC_REPRESENTATION_CONTEXT() REPRESENTATION_CONTEXT('2D SPACE',''
  ) );
#9183 = PCURVE('',#4033,#9184);
#9184 = DEFINITIONAL_REPRESENTATION('',(#9185),#9189);
#9185 = LINE('',#9186,#9187);
#9186 = CARTESIAN_POINT('',(6.28318530718,4.712388980385));
#9187 = VECTOR('',#9188,1.);
#9188 = DIRECTION('',(-1.,-1.393050907715E-15));
#9189 = ( GEOMETRIC_REPRESENTATION_CONTEXT(2) 
PARAMETRIC_REPRESENTATION_CONTEXT() REPRESENTATION_CONTEXT('2D SPACE',''
  ) );
#9190 = ORIENTED_EDGE('',*,*,#9191,.T.);
#9191 = EDGE_CURVE('',#9164,#5745,#9192,.T.);
#9192 = SURFACE_CURVE('',#9193,(#9197,#9204),.PCURVE_S1.);
#9193 = LINE('',#9194,#9195);
#9194 = CARTESIAN_POINT('',(-8.886257964188,-25.31596653161,-20.2));
#9195 = VECTOR('',#9196,1.);
#9196 = DIRECTION('',(-1.734723475977E-18,1.,-4.941768411644E-18));
#9197 = PCURVE('',#974,#9198);
#9198 = DEFINITIONAL_REPRESENTATION('',(#9199),#9203);
#9199 = LINE('',#9200,#9201);
#9200 = CARTESIAN_POINT('',(8.886257964188,-25.31596653161));
#9201 = VECTOR('',#9202,1.);
#9202 = DIRECTION('',(0.,1.));
#9203 = ( GEOMETRIC_REPRESENTATION_CONTEXT(2) 
PARAMETRIC_REPRESENTATION_CONTEXT() REPRESENTATION_CONTEXT('2D SPACE',''
  ) );
#9204 = PCURVE('',#5785,#9205);
#9205 = DEFINITIONAL_REPRESENTATION('',(#9206),#9210);
#9206 = LINE('',#9207,#9208);
#9207 = CARTESIAN_POINT('',(0.,25.315966531612));
#9208 = VECTOR('',#9209,1.);
#9209 = DIRECTION('',(0.,-1.));
#9210 = ( GEOMETRIC_REPRESENTATION_CONTEXT(2) 
PARAMETRIC_REPRESENTATION_CONTEXT() REPRESENTATION_CONTEXT('2D SPACE',''
  ) );
#9211 = ORIENTED_EDGE('',*,*,#5819,.T.);
#9212 = ORIENTED_EDGE('',*,*,#9213,.T.);
#9213 = EDGE_CURVE('',#5820,#3818,#9214,.T.);
#9214 = SURFACE_CURVE('',#9215,(#9219,#9226),.PCURVE_S1.);
#9215 = LINE('',#9216,#9217);
#9216 = CARTESIAN_POINT('',(8.886257964188,-29.01978913482,-20.2));
#9217 = VECTOR('',#9218,1.);
#9218 = DIRECTION('',(1.734723475977E-18,-1.,4.941768411644E-18));
#9219 = PCURVE('',#974,#9220);
#9220 = DEFINITIONAL_REPRESENTATION('',(#9221),#9225);
#9221 = LINE('',#9222,#9223);
#9222 = CARTESIAN_POINT('',(-8.886257964188,-29.01978913482));
#9223 = VECTOR('',#9224,1.);
#9224 = DIRECTION('',(0.,-1.));
#9225 = ( GEOMETRIC_REPRESENTATION_CONTEXT(2) 
PARAMETRIC_REPRESENTATION_CONTEXT() REPRESENTATION_CONTEXT('2D SPACE',''
  ) );
#9226 = PCURVE('',#3867,#9227);
#9227 = DEFINITIONAL_REPRESENTATION('',(#9228),#9232);
#9228 = LINE('',#9229,#9230);
#9229 = CARTESIAN_POINT('',(3.14159265359,-29.01978913482));
#9230 = VECTOR('',#9231,1.);
#9231 = DIRECTION('',(0.,-1.));
#9232 = ( GEOMETRIC_REPRESENTATION_CONTEXT(2) 
PARAMETRIC_REPRESENTATION_CONTEXT() REPRESENTATION_CONTEXT('2D SPACE',''
  ) );
#9233 = ADVANCED_FACE('',(#9234,#9259,#9284,#9309,#9334,#9359,#9384,
    #9409,#9434,#9459,#9484,#9509,#9534,#9559,#9584,#9609,#9634,#9638),
  #123,.F.);
#9234 = FACE_BOUND('',#9235,.T.);
#9235 = EDGE_LOOP('',(#9236,#9258));
#9236 = ORIENTED_EDGE('',*,*,#9237,.T.);
#9237 = EDGE_CURVE('',#22,#86,#9238,.T.);
#9238 = SURFACE_CURVE('',#9239,(#9244,#9251),.PCURVE_S1.);
#9239 = CIRCLE('',#9240,0.85);
#9240 = AXIS2_PLACEMENT_3D('',#9241,#9242,#9243);
#9241 = CARTESIAN_POINT('',(14.733312146055,35.569362001685,-18.2));
#9242 = DIRECTION('',(6.305496559635E-17,-4.941768411644E-18,-1.));
#9243 = DIRECTION('',(-0.707106781187,0.707106781187,-4.808095171559E-17
    ));
#9244 = PCURVE('',#123,#9245);
#9245 = DEFINITIONAL_REPRESENTATION('',(#9246),#9250);
#9246 = CIRCLE('',#9247,0.85);
#9247 = AXIS2_PLACEMENT_2D('',#9248,#9249);
#9248 = CARTESIAN_POINT('',(-14.73331214605,35.569362001685));
#9249 = DIRECTION('',(0.707106781187,0.707106781187));
#9250 = ( GEOMETRIC_REPRESENTATION_CONTEXT(2) 
PARAMETRIC_REPRESENTATION_CONTEXT() REPRESENTATION_CONTEXT('2D SPACE',''
  ) );
#9251 = PCURVE('',#44,#9252);
#9252 = DEFINITIONAL_REPRESENTATION('',(#9253),#9257);
#9253 = LINE('',#9254,#9255);
#9254 = CARTESIAN_POINT('',(0.,2.));
#9255 = VECTOR('',#9256,1.);
#9256 = DIRECTION('',(1.,0.));
#9257 = ( GEOMETRIC_REPRESENTATION_CONTEXT(2) 
PARAMETRIC_REPRESENTATION_CONTEXT() REPRESENTATION_CONTEXT('2D SPACE',''
  ) );
#9258 = ORIENTED_EDGE('',*,*,#108,.T.);
#9259 = FACE_BOUND('',#9260,.T.);
#9260 = EDGE_LOOP('',(#9261,#9283));
#9261 = ORIENTED_EDGE('',*,*,#9262,.T.);
#9262 = EDGE_CURVE('',#139,#203,#9263,.T.);
#9263 = SURFACE_CURVE('',#9264,(#9269,#9276),.PCURVE_S1.);
#9264 = CIRCLE('',#9265,0.85);
#9265 = AXIS2_PLACEMENT_3D('',#9266,#9267,#9268);
#9266 = CARTESIAN_POINT('',(35.569362001684,14.733312146056,-18.2));
#9267 = DIRECTION('',(6.305496559635E-17,-4.941768411644E-18,-1.));
#9268 = DIRECTION('',(-8.165139316308E-15,1.,-4.941768411645E-18));
#9269 = PCURVE('',#123,#9270);
#9270 = DEFINITIONAL_REPRESENTATION('',(#9271),#9275);
#9271 = CIRCLE('',#9272,0.85);
#9272 = AXIS2_PLACEMENT_2D('',#9273,#9274);
#9273 = CARTESIAN_POINT('',(-35.56936200168,14.733312146056));
#9274 = DIRECTION('',(8.163404592832E-15,1.));
#9275 = ( GEOMETRIC_REPRESENTATION_CONTEXT(2) 
PARAMETRIC_REPRESENTATION_CONTEXT() REPRESENTATION_CONTEXT('2D SPACE',''
  ) );
#9276 = PCURVE('',#161,#9277);
#9277 = DEFINITIONAL_REPRESENTATION('',(#9278),#9282);
#9278 = LINE('',#9279,#9280);
#9279 = CARTESIAN_POINT('',(0.,2.));
#9280 = VECTOR('',#9281,1.);
#9281 = DIRECTION('',(1.,0.));
#9282 = ( GEOMETRIC_REPRESENTATION_CONTEXT(2) 
PARAMETRIC_REPRESENTATION_CONTEXT() REPRESENTATION_CONTEXT('2D SPACE',''
  ) );
#9283 = ORIENTED_EDGE('',*,*,#225,.T.);
#9284 = FACE_BOUND('',#9285,.T.);
#9285 = EDGE_LOOP('',(#9286,#9308));
#9286 = ORIENTED_EDGE('',*,*,#9287,.T.);
#9287 = EDGE_CURVE('',#251,#315,#9288,.T.);
#9288 = SURFACE_CURVE('',#9289,(#9294,#9301),.PCURVE_S1.);
#9289 = CIRCLE('',#9290,0.85);
#9290 = AXIS2_PLACEMENT_3D('',#9291,#9292,#9293);
#9291 = CARTESIAN_POINT('',(35.569362001685,-14.73331214605,-18.2));
#9292 = DIRECTION('',(6.305496559635E-17,-4.941768411644E-18,-1.));
#9293 = DIRECTION('',(0.707106781187,0.707106781187,4.109223580573E-17)
  );
#9294 = PCURVE('',#123,#9295);
#9295 = DEFINITIONAL_REPRESENTATION('',(#9296),#9300);
#9296 = CIRCLE('',#9297,0.85);
#9297 = AXIS2_PLACEMENT_2D('',#9298,#9299);
#9298 = CARTESIAN_POINT('',(-35.56936200168,-14.73331214605));
#9299 = DIRECTION('',(-0.707106781187,0.707106781187));
#9300 = ( GEOMETRIC_REPRESENTATION_CONTEXT(2) 
PARAMETRIC_REPRESENTATION_CONTEXT() REPRESENTATION_CONTEXT('2D SPACE',''
  ) );
#9301 = PCURVE('',#273,#9302);
#9302 = DEFINITIONAL_REPRESENTATION('',(#9303),#9307);
#9303 = LINE('',#9304,#9305);
#9304 = CARTESIAN_POINT('',(0.,2.));
#9305 = VECTOR('',#9306,1.);
#9306 = DIRECTION('',(1.,0.));
#9307 = ( GEOMETRIC_REPRESENTATION_CONTEXT(2) 
PARAMETRIC_REPRESENTATION_CONTEXT() REPRESENTATION_CONTEXT('2D SPACE',''
  ) );
#9308 = ORIENTED_EDGE('',*,*,#337,.T.);
#9309 = FACE_BOUND('',#9310,.T.);
#9310 = EDGE_LOOP('',(#9311,#9333));
#9311 = ORIENTED_EDGE('',*,*,#9312,.T.);
#9312 = EDGE_CURVE('',#363,#427,#9313,.T.);
#9313 = SURFACE_CURVE('',#9314,(#9319,#9326),.PCURVE_S1.);
#9314 = CIRCLE('',#9315,0.85);
#9315 = AXIS2_PLACEMENT_3D('',#9316,#9317,#9318);
#9316 = CARTESIAN_POINT('',(14.733312146056,-35.56936200168,-18.2));
#9317 = DIRECTION('',(6.305496559635E-17,-4.941768411644E-18,-1.));
#9318 = DIRECTION('',(1.,1.734723475977E-18,6.305496559635E-17));
#9319 = PCURVE('',#123,#9320);
#9320 = DEFINITIONAL_REPRESENTATION('',(#9321),#9325);
#9321 = CIRCLE('',#9322,0.85);
#9322 = AXIS2_PLACEMENT_2D('',#9323,#9324);
#9323 = CARTESIAN_POINT('',(-14.73331214605,-35.56936200168));
#9324 = DIRECTION('',(-1.,0.));
#9325 = ( GEOMETRIC_REPRESENTATION_CONTEXT(2) 
PARAMETRIC_REPRESENTATION_CONTEXT() REPRESENTATION_CONTEXT('2D SPACE',''
  ) );
#9326 = PCURVE('',#385,#9327);
#9327 = DEFINITIONAL_REPRESENTATION('',(#9328),#9332);
#9328 = LINE('',#9329,#9330);
#9329 = CARTESIAN_POINT('',(0.,2.));
#9330 = VECTOR('',#9331,1.);
#9331 = DIRECTION('',(1.,0.));
#9332 = ( GEOMETRIC_REPRESENTATION_CONTEXT(2) 
PARAMETRIC_REPRESENTATION_CONTEXT() REPRESENTATION_CONTEXT('2D SPACE',''
  ) );
#9333 = ORIENTED_EDGE('',*,*,#449,.T.);
#9334 = FACE_BOUND('',#9335,.T.);
#9335 = EDGE_LOOP('',(#9336,#9358));
#9336 = ORIENTED_EDGE('',*,*,#9337,.T.);
#9337 = EDGE_CURVE('',#475,#539,#9338,.T.);
#9338 = SURFACE_CURVE('',#9339,(#9344,#9351),.PCURVE_S1.);
#9339 = CIRCLE('',#9340,0.85);
#9340 = AXIS2_PLACEMENT_3D('',#9341,#9342,#9343);
#9341 = CARTESIAN_POINT('',(-14.73331214605,-35.56936200168,-18.2));
#9342 = DIRECTION('',(6.305496559635E-17,-4.941768411644E-18,-1.));
#9343 = DIRECTION('',(0.707106781187,-0.707106781187,4.808095171559E-17)
  );
#9344 = PCURVE('',#123,#9345);
#9345 = DEFINITIONAL_REPRESENTATION('',(#9346),#9350);
#9346 = CIRCLE('',#9347,0.85);
#9347 = AXIS2_PLACEMENT_2D('',#9348,#9349);
#9348 = CARTESIAN_POINT('',(14.733312146056,-35.56936200168));
#9349 = DIRECTION('',(-0.707106781187,-0.707106781187));
#9350 = ( GEOMETRIC_REPRESENTATION_CONTEXT(2) 
PARAMETRIC_REPRESENTATION_CONTEXT() REPRESENTATION_CONTEXT('2D SPACE',''
  ) );
#9351 = PCURVE('',#497,#9352);
#9352 = DEFINITIONAL_REPRESENTATION('',(#9353),#9357);
#9353 = LINE('',#9354,#9355);
#9354 = CARTESIAN_POINT('',(0.,2.));
#9355 = VECTOR('',#9356,1.);
#9356 = DIRECTION('',(1.,0.));
#9357 = ( GEOMETRIC_REPRESENTATION_CONTEXT(2) 
PARAMETRIC_REPRESENTATION_CONTEXT() REPRESENTATION_CONTEXT('2D SPACE',''
  ) );
#9358 = ORIENTED_EDGE('',*,*,#561,.T.);
#9359 = FACE_BOUND('',#9360,.T.);
#9360 = EDGE_LOOP('',(#9361,#9383));
#9361 = ORIENTED_EDGE('',*,*,#9362,.T.);
#9362 = EDGE_CURVE('',#587,#651,#9363,.T.);
#9363 = SURFACE_CURVE('',#9364,(#9369,#9376),.PCURVE_S1.);
#9364 = CIRCLE('',#9365,0.85);
#9365 = AXIS2_PLACEMENT_3D('',#9366,#9367,#9368);
#9366 = CARTESIAN_POINT('',(-35.56936200168,-14.73331214605,-18.2));
#9367 = DIRECTION('',(6.305496559635E-17,-4.941768411644E-18,-1.));
#9368 = DIRECTION('',(1.734723475977E-18,-1.,4.941768411644E-18));
#9369 = PCURVE('',#123,#9370);
#9370 = DEFINITIONAL_REPRESENTATION('',(#9371),#9375);
#9371 = CIRCLE('',#9372,0.85);
#9372 = AXIS2_PLACEMENT_2D('',#9373,#9374);
#9373 = CARTESIAN_POINT('',(35.569362001684,-14.73331214605));
#9374 = DIRECTION('',(0.,-1.));
#9375 = ( GEOMETRIC_REPRESENTATION_CONTEXT(2) 
PARAMETRIC_REPRESENTATION_CONTEXT() REPRESENTATION_CONTEXT('2D SPACE',''
  ) );
#9376 = PCURVE('',#609,#9377);
#9377 = DEFINITIONAL_REPRESENTATION('',(#9378),#9382);
#9378 = LINE('',#9379,#9380);
#9379 = CARTESIAN_POINT('',(0.,2.));
#9380 = VECTOR('',#9381,1.);
#9381 = DIRECTION('',(1.,0.));
#9382 = ( GEOMETRIC_REPRESENTATION_CONTEXT(2) 
PARAMETRIC_REPRESENTATION_CONTEXT() REPRESENTATION_CONTEXT('2D SPACE',''
  ) );
#9383 = ORIENTED_EDGE('',*,*,#673,.T.);
#9384 = FACE_BOUND('',#9385,.T.);
#9385 = EDGE_LOOP('',(#9386,#9408));
#9386 = ORIENTED_EDGE('',*,*,#9387,.T.);
#9387 = EDGE_CURVE('',#699,#763,#9388,.T.);
#9388 = SURFACE_CURVE('',#9389,(#9394,#9401),.PCURVE_S1.);
#9389 = CIRCLE('',#9390,0.85);
#9390 = AXIS2_PLACEMENT_3D('',#9391,#9392,#9393);
#9391 = CARTESIAN_POINT('',(-35.56936200168,14.733312146056,-18.2));
#9392 = DIRECTION('',(6.305496559635E-17,-4.941768411644E-18,-1.));
#9393 = DIRECTION('',(-0.707106781187,-0.707106781187,
    -4.109223580574E-17));
#9394 = PCURVE('',#123,#9395);
#9395 = DEFINITIONAL_REPRESENTATION('',(#9396),#9400);
#9396 = CIRCLE('',#9397,0.85);
#9397 = AXIS2_PLACEMENT_2D('',#9398,#9399);
#9398 = CARTESIAN_POINT('',(35.569362001685,14.733312146056));
#9399 = DIRECTION('',(0.707106781187,-0.707106781187));
#9400 = ( GEOMETRIC_REPRESENTATION_CONTEXT(2) 
PARAMETRIC_REPRESENTATION_CONTEXT() REPRESENTATION_CONTEXT('2D SPACE',''
  ) );
#9401 = PCURVE('',#721,#9402);
#9402 = DEFINITIONAL_REPRESENTATION('',(#9403),#9407);
#9403 = LINE('',#9404,#9405);
#9404 = CARTESIAN_POINT('',(0.,2.));
#9405 = VECTOR('',#9406,1.);
#9406 = DIRECTION('',(1.,0.));
#9407 = ( GEOMETRIC_REPRESENTATION_CONTEXT(2) 
PARAMETRIC_REPRESENTATION_CONTEXT() REPRESENTATION_CONTEXT('2D SPACE',''
  ) );
#9408 = ORIENTED_EDGE('',*,*,#785,.T.);
#9409 = FACE_BOUND('',#9410,.T.);
#9410 = EDGE_LOOP('',(#9411,#9433));
#9411 = ORIENTED_EDGE('',*,*,#9412,.T.);
#9412 = EDGE_CURVE('',#811,#875,#9413,.T.);
#9413 = SURFACE_CURVE('',#9414,(#9419,#9426),.PCURVE_S1.);
#9414 = CIRCLE('',#9415,0.85);
#9415 = AXIS2_PLACEMENT_3D('',#9416,#9417,#9418);
#9416 = CARTESIAN_POINT('',(-14.73331214605,35.569362001685,-18.2));
#9417 = DIRECTION('',(6.305496559635E-17,-4.941768411644E-18,-1.));
#9418 = DIRECTION('',(-1.,-1.734723475977E-18,-6.305496559635E-17));
#9419 = PCURVE('',#123,#9420);
#9420 = DEFINITIONAL_REPRESENTATION('',(#9421),#9425);
#9421 = CIRCLE('',#9422,0.85);
#9422 = AXIS2_PLACEMENT_2D('',#9423,#9424);
#9423 = CARTESIAN_POINT('',(14.733312146056,35.569362001685));
#9424 = DIRECTION('',(1.,0.));
#9425 = ( GEOMETRIC_REPRESENTATION_CONTEXT(2) 
PARAMETRIC_REPRESENTATION_CONTEXT() REPRESENTATION_CONTEXT('2D SPACE',''
  ) );
#9426 = PCURVE('',#833,#9427);
#9427 = DEFINITIONAL_REPRESENTATION('',(#9428),#9432);
#9428 = LINE('',#9429,#9430);
#9429 = CARTESIAN_POINT('',(0.,2.));
#9430 = VECTOR('',#9431,1.);
#9431 = DIRECTION('',(1.,0.));
#9432 = ( GEOMETRIC_REPRESENTATION_CONTEXT(2) 
PARAMETRIC_REPRESENTATION_CONTEXT() REPRESENTATION_CONTEXT('2D SPACE',''
  ) );
#9433 = ORIENTED_EDGE('',*,*,#897,.T.);
#9434 = FACE_BOUND('',#9435,.T.);
#9435 = EDGE_LOOP('',(#9436,#9458));
#9436 = ORIENTED_EDGE('',*,*,#9437,.T.);
#9437 = EDGE_CURVE('',#2720,#2779,#9438,.T.);
#9438 = SURFACE_CURVE('',#9439,(#9444,#9451),.PCURVE_S1.);
#9439 = CIRCLE('',#9440,1.65);
#9440 = AXIS2_PLACEMENT_3D('',#9441,#9442,#9443);
#9441 = CARTESIAN_POINT('',(24.748737341529,24.748737341529,-18.2));
#9442 = DIRECTION('',(6.305496559635E-17,-4.941768411644E-18,-1.));
#9443 = DIRECTION('',(-1.,-1.734723475977E-18,-6.305496559635E-17));
#9444 = PCURVE('',#123,#9445);
#9445 = DEFINITIONAL_REPRESENTATION('',(#9446),#9450);
#9446 = CIRCLE('',#9447,1.65);
#9447 = AXIS2_PLACEMENT_2D('',#9448,#9449);
#9448 = CARTESIAN_POINT('',(-24.74873734152,24.748737341529));
#9449 = DIRECTION('',(1.,0.));
#9450 = ( GEOMETRIC_REPRESENTATION_CONTEXT(2) 
PARAMETRIC_REPRESENTATION_CONTEXT() REPRESENTATION_CONTEXT('2D SPACE',''
  ) );
#9451 = PCURVE('',#2742,#9452);
#9452 = DEFINITIONAL_REPRESENTATION('',(#9453),#9457);
#9453 = LINE('',#9454,#9455);
#9454 = CARTESIAN_POINT('',(0.,-2.));
#9455 = VECTOR('',#9456,1.);
#9456 = DIRECTION('',(1.,0.));
#9457 = ( GEOMETRIC_REPRESENTATION_CONTEXT(2) 
PARAMETRIC_REPRESENTATION_CONTEXT() REPRESENTATION_CONTEXT('2D SPACE',''
  ) );
#9458 = ORIENTED_EDGE('',*,*,#2801,.T.);
#9459 = FACE_BOUND('',#9460,.T.);
#9460 = EDGE_LOOP('',(#9461,#9483));
#9461 = ORIENTED_EDGE('',*,*,#9462,.T.);
#9462 = EDGE_CURVE('',#2827,#2886,#9463,.T.);
#9463 = SURFACE_CURVE('',#9464,(#9469,#9476),.PCURVE_S1.);
#9464 = CIRCLE('',#9465,1.65);
#9465 = AXIS2_PLACEMENT_3D('',#9466,#9467,#9468);
#9466 = CARTESIAN_POINT('',(35.,3.66676139437E-13,-18.2));
#9467 = DIRECTION('',(6.305496559635E-17,-4.941768411644E-18,-1.));
#9468 = DIRECTION('',(-1.,-1.734723475977E-18,-6.305496559635E-17));
#9469 = PCURVE('',#123,#9470);
#9470 = DEFINITIONAL_REPRESENTATION('',(#9471),#9475);
#9471 = CIRCLE('',#9472,1.65);
#9472 = AXIS2_PLACEMENT_2D('',#9473,#9474);
#9473 = CARTESIAN_POINT('',(-35.,3.666055405785E-13));
#9474 = DIRECTION('',(1.,0.));
#9475 = ( GEOMETRIC_REPRESENTATION_CONTEXT(2) 
PARAMETRIC_REPRESENTATION_CONTEXT() REPRESENTATION_CONTEXT('2D SPACE',''
  ) );
#9476 = PCURVE('',#2849,#9477);
#9477 = DEFINITIONAL_REPRESENTATION('',(#9478),#9482);
#9478 = LINE('',#9479,#9480);
#9479 = CARTESIAN_POINT('',(0.,-2.));
#9480 = VECTOR('',#9481,1.);
#9481 = DIRECTION('',(1.,0.));
#9482 = ( GEOMETRIC_REPRESENTATION_CONTEXT(2) 
PARAMETRIC_REPRESENTATION_CONTEXT() REPRESENTATION_CONTEXT('2D SPACE',''
  ) );
#9483 = ORIENTED_EDGE('',*,*,#2908,.T.);
#9484 = FACE_BOUND('',#9485,.T.);
#9485 = EDGE_LOOP('',(#9486,#9508));
#9486 = ORIENTED_EDGE('',*,*,#9487,.T.);
#9487 = EDGE_CURVE('',#2934,#2993,#9488,.T.);
#9488 = SURFACE_CURVE('',#9489,(#9494,#9501),.PCURVE_S1.);
#9489 = CIRCLE('',#9490,1.65);
#9490 = AXIS2_PLACEMENT_3D('',#9491,#9492,#9493);
#9491 = CARTESIAN_POINT('',(24.748737341529,-24.74873734152,-18.2));
#9492 = DIRECTION('',(6.305496559635E-17,-4.941768411644E-18,-1.));
#9493 = DIRECTION('',(-1.,-1.734723475977E-18,-6.305496559635E-17));
#9494 = PCURVE('',#123,#9495);
#9495 = DEFINITIONAL_REPRESENTATION('',(#9496),#9500);
#9496 = CIRCLE('',#9497,1.65);
#9497 = AXIS2_PLACEMENT_2D('',#9498,#9499);
#9498 = CARTESIAN_POINT('',(-24.74873734152,-24.74873734152));
#9499 = DIRECTION('',(1.,0.));
#9500 = ( GEOMETRIC_REPRESENTATION_CONTEXT(2) 
PARAMETRIC_REPRESENTATION_CONTEXT() REPRESENTATION_CONTEXT('2D SPACE',''
  ) );
#9501 = PCURVE('',#2956,#9502);
#9502 = DEFINITIONAL_REPRESENTATION('',(#9503),#9507);
#9503 = LINE('',#9504,#9505);
#9504 = CARTESIAN_POINT('',(0.,-2.));
#9505 = VECTOR('',#9506,1.);
#9506 = DIRECTION('',(1.,0.));
#9507 = ( GEOMETRIC_REPRESENTATION_CONTEXT(2) 
PARAMETRIC_REPRESENTATION_CONTEXT() REPRESENTATION_CONTEXT('2D SPACE',''
  ) );
#9508 = ORIENTED_EDGE('',*,*,#3015,.T.);
#9509 = FACE_BOUND('',#9510,.T.);
#9510 = EDGE_LOOP('',(#9511,#9533));
#9511 = ORIENTED_EDGE('',*,*,#9512,.T.);
#9512 = EDGE_CURVE('',#3041,#3100,#9513,.T.);
#9513 = SURFACE_CURVE('',#9514,(#9519,#9526),.PCURVE_S1.);
#9514 = CIRCLE('',#9515,1.65);
#9515 = AXIS2_PLACEMENT_3D('',#9516,#9517,#9518);
#9516 = CARTESIAN_POINT('',(-6.539460953351E-17,-35.,-18.2));
#9517 = DIRECTION('',(6.305496559635E-17,-4.941768411644E-18,-1.));
#9518 = DIRECTION('',(-1.,-1.734723475977E-18,-6.305496559635E-17));
#9519 = PCURVE('',#123,#9520);
#9520 = DEFINITIONAL_REPRESENTATION('',(#9521),#9525);
#9521 = CIRCLE('',#9522,1.65);
#9522 = AXIS2_PLACEMENT_2D('',#9523,#9524);
#9523 = CARTESIAN_POINT('',(0.,-35.));
#9524 = DIRECTION('',(1.,0.));
#9525 = ( GEOMETRIC_REPRESENTATION_CONTEXT(2) 
PARAMETRIC_REPRESENTATION_CONTEXT() REPRESENTATION_CONTEXT('2D SPACE',''
  ) );
#9526 = PCURVE('',#3063,#9527);
#9527 = DEFINITIONAL_REPRESENTATION('',(#9528),#9532);
#9528 = LINE('',#9529,#9530);
#9529 = CARTESIAN_POINT('',(0.,-2.));
#9530 = VECTOR('',#9531,1.);
#9531 = DIRECTION('',(1.,0.));
#9532 = ( GEOMETRIC_REPRESENTATION_CONTEXT(2) 
PARAMETRIC_REPRESENTATION_CONTEXT() REPRESENTATION_CONTEXT('2D SPACE',''
  ) );
#9533 = ORIENTED_EDGE('',*,*,#3122,.T.);
#9534 = FACE_BOUND('',#9535,.T.);
#9535 = EDGE_LOOP('',(#9536,#9558));
#9536 = ORIENTED_EDGE('',*,*,#9537,.T.);
#9537 = EDGE_CURVE('',#3148,#3207,#9538,.T.);
#9538 = SURFACE_CURVE('',#9539,(#9544,#9551),.PCURVE_S1.);
#9539 = CIRCLE('',#9540,1.65);
#9540 = AXIS2_PLACEMENT_3D('',#9541,#9542,#9543);
#9541 = CARTESIAN_POINT('',(-24.74873734152,-24.74873734152,-18.2));
#9542 = DIRECTION('',(6.305496559635E-17,-4.941768411644E-18,-1.));
#9543 = DIRECTION('',(-1.,-1.734723475977E-18,-6.305496559635E-17));
#9544 = PCURVE('',#123,#9545);
#9545 = DEFINITIONAL_REPRESENTATION('',(#9546),#9550);
#9546 = CIRCLE('',#9547,1.65);
#9547 = AXIS2_PLACEMENT_2D('',#9548,#9549);
#9548 = CARTESIAN_POINT('',(24.748737341529,-24.74873734152));
#9549 = DIRECTION('',(1.,0.));
#9550 = ( GEOMETRIC_REPRESENTATION_CONTEXT(2) 
PARAMETRIC_REPRESENTATION_CONTEXT() REPRESENTATION_CONTEXT('2D SPACE',''
  ) );
#9551 = PCURVE('',#3170,#9552);
#9552 = DEFINITIONAL_REPRESENTATION('',(#9553),#9557);
#9553 = LINE('',#9554,#9555);
#9554 = CARTESIAN_POINT('',(0.,-2.));
#9555 = VECTOR('',#9556,1.);
#9556 = DIRECTION('',(1.,0.));
#9557 = ( GEOMETRIC_REPRESENTATION_CONTEXT(2) 
PARAMETRIC_REPRESENTATION_CONTEXT() REPRESENTATION_CONTEXT('2D SPACE',''
  ) );
#9558 = ORIENTED_EDGE('',*,*,#3229,.T.);
#9559 = FACE_BOUND('',#9560,.T.);
#9560 = EDGE_LOOP('',(#9561,#9583));
#9561 = ORIENTED_EDGE('',*,*,#9562,.T.);
#9562 = EDGE_CURVE('',#3255,#3314,#9563,.T.);
#9563 = SURFACE_CURVE('',#9564,(#9569,#9576),.PCURVE_S1.);
#9564 = CIRCLE('',#9565,1.65);
#9565 = AXIS2_PLACEMENT_3D('',#9566,#9567,#9568);
#9566 = CARTESIAN_POINT('',(-35.,-1.222526786443E-13,-18.2));
#9567 = DIRECTION('',(6.305496559635E-17,-4.941768411644E-18,-1.));
#9568 = DIRECTION('',(-1.,-1.734723475977E-18,-6.305496559635E-17));
#9569 = PCURVE('',#123,#9570);
#9570 = DEFINITIONAL_REPRESENTATION('',(#9571),#9575);
#9571 = CIRCLE('',#9572,1.65);
#9572 = AXIS2_PLACEMENT_2D('',#9573,#9574);
#9573 = CARTESIAN_POINT('',(35.,-1.222018468595E-13));
#9574 = DIRECTION('',(1.,0.));
#9575 = ( GEOMETRIC_REPRESENTATION_CONTEXT(2) 
PARAMETRIC_REPRESENTATION_CONTEXT() REPRESENTATION_CONTEXT('2D SPACE',''
  ) );
#9576 = PCURVE('',#3277,#9577);
#9577 = DEFINITIONAL_REPRESENTATION('',(#9578),#9582);
#9578 = LINE('',#9579,#9580);
#9579 = CARTESIAN_POINT('',(0.,-2.));
#9580 = VECTOR('',#9581,1.);
#9581 = DIRECTION('',(1.,0.));
#9582 = ( GEOMETRIC_REPRESENTATION_CONTEXT(2) 
PARAMETRIC_REPRESENTATION_CONTEXT() REPRESENTATION_CONTEXT('2D SPACE',''
  ) );
#9583 = ORIENTED_EDGE('',*,*,#3336,.T.);
#9584 = FACE_BOUND('',#9585,.T.);
#9585 = EDGE_LOOP('',(#9586,#9608));
#9586 = ORIENTED_EDGE('',*,*,#9587,.T.);
#9587 = EDGE_CURVE('',#3362,#3421,#9588,.T.);
#9588 = SURFACE_CURVE('',#9589,(#9594,#9601),.PCURVE_S1.);
#9589 = CIRCLE('',#9590,1.65);
#9590 = AXIS2_PLACEMENT_3D('',#9591,#9592,#9593);
#9591 = CARTESIAN_POINT('',(-24.74873734152,24.748737341529,-18.2));
#9592 = DIRECTION('',(6.305496559635E-17,-4.941768411644E-18,-1.));
#9593 = DIRECTION('',(-1.,-1.734723475977E-18,-6.305496559635E-17));
#9594 = PCURVE('',#123,#9595);
#9595 = DEFINITIONAL_REPRESENTATION('',(#9596),#9600);
#9596 = CIRCLE('',#9597,1.65);
#9597 = AXIS2_PLACEMENT_2D('',#9598,#9599);
#9598 = CARTESIAN_POINT('',(24.748737341529,24.748737341529));
#9599 = DIRECTION('',(1.,0.));
#9600 = ( GEOMETRIC_REPRESENTATION_CONTEXT(2) 
PARAMETRIC_REPRESENTATION_CONTEXT() REPRESENTATION_CONTEXT('2D SPACE',''
  ) );
#9601 = PCURVE('',#3384,#9602);
#9602 = DEFINITIONAL_REPRESENTATION('',(#9603),#9607);
#9603 = LINE('',#9604,#9605);
#9604 = CARTESIAN_POINT('',(0.,-2.));
#9605 = VECTOR('',#9606,1.);
#9606 = DIRECTION('',(1.,0.));
#9607 = ( GEOMETRIC_REPRESENTATION_CONTEXT(2) 
PARAMETRIC_REPRESENTATION_CONTEXT() REPRESENTATION_CONTEXT('2D SPACE',''
  ) );
#9608 = ORIENTED_EDGE('',*,*,#3443,.T.);
#9609 = FACE_BOUND('',#9610,.T.);
#9610 = EDGE_LOOP('',(#9611,#9633));
#9611 = ORIENTED_EDGE('',*,*,#9612,.T.);
#9612 = EDGE_CURVE('',#3469,#3528,#9613,.T.);
#9613 = SURFACE_CURVE('',#9614,(#9619,#9626),.PCURVE_S1.);
#9614 = CIRCLE('',#9615,1.65);
#9615 = AXIS2_PLACEMENT_3D('',#9616,#9617,#9618);
#9616 = CARTESIAN_POINT('',(-1.868252528519E-16,35.,-18.2));
#9617 = DIRECTION('',(6.305496559635E-17,-4.941768411644E-18,-1.));
#9618 = DIRECTION('',(-1.,-1.734723475977E-18,-6.305496559635E-17));
#9619 = PCURVE('',#123,#9620);
#9620 = DEFINITIONAL_REPRESENTATION('',(#9621),#9625);
#9621 = CIRCLE('',#9622,1.65);
#9622 = AXIS2_PLACEMENT_2D('',#9623,#9624);
#9623 = CARTESIAN_POINT('',(0.,35.));
#9624 = DIRECTION('',(1.,0.));
#9625 = ( GEOMETRIC_REPRESENTATION_CONTEXT(2) 
PARAMETRIC_REPRESENTATION_CONTEXT() REPRESENTATION_CONTEXT('2D SPACE',''
  ) );
#9626 = PCURVE('',#3491,#9627);
#9627 = DEFINITIONAL_REPRESENTATION('',(#9628),#9632);
#9628 = LINE('',#9629,#9630);
#9629 = CARTESIAN_POINT('',(0.,-2.));
#9630 = VECTOR('',#9631,1.);
#9631 = DIRECTION('',(1.,0.));
#9632 = ( GEOMETRIC_REPRESENTATION_CONTEXT(2) 
PARAMETRIC_REPRESENTATION_CONTEXT() REPRESENTATION_CONTEXT('2D SPACE',''
  ) );
#9633 = ORIENTED_EDGE('',*,*,#3550,.T.);
#9634 = FACE_BOUND('',#9635,.T.);
#9635 = EDGE_LOOP('',(#9636,#9637));
#9636 = ORIENTED_EDGE('',*,*,#7584,.F.);
#9637 = ORIENTED_EDGE('',*,*,#6072,.F.);
#9638 = FACE_BOUND('',#9639,.T.);
#9639 = EDGE_LOOP('',(#9640,#9641));
#9640 = ORIENTED_EDGE('',*,*,#7916,.F.);
#9641 = ORIENTED_EDGE('',*,*,#5150,.F.);
#9642 = ADVANCED_FACE('',(#9643),#3780,.T.);
#9643 = FACE_BOUND('',#9644,.T.);
#9644 = EDGE_LOOP('',(#9645,#9646));
#9645 = ORIENTED_EDGE('',*,*,#3763,.T.);
#9646 = ORIENTED_EDGE('',*,*,#9647,.T.);
#9647 = EDGE_CURVE('',#3735,#3764,#9648,.T.);
#9648 = SURFACE_CURVE('',#9649,(#9654,#9661),.PCURVE_S1.);
#9649 = CIRCLE('',#9650,29.5);
#9650 = AXIS2_PLACEMENT_3D('',#9651,#9652,#9653);
#9651 = CARTESIAN_POINT('',(5.044397247708E-16,-3.953414729315E-17,-28.2
    ));
#9652 = DIRECTION('',(6.305496559635E-17,-4.941768411644E-18,-1.));
#9653 = DIRECTION('',(-1.,-1.734723475977E-18,-6.305496559635E-17));
#9654 = PCURVE('',#3780,#9655);
#9655 = DEFINITIONAL_REPRESENTATION('',(#9656),#9660);
#9656 = CIRCLE('',#9657,29.5);
#9657 = AXIS2_PLACEMENT_2D('',#9658,#9659);
#9658 = CARTESIAN_POINT('',(0.,0.));
#9659 = DIRECTION('',(1.,0.));
#9660 = ( GEOMETRIC_REPRESENTATION_CONTEXT(2) 
PARAMETRIC_REPRESENTATION_CONTEXT() REPRESENTATION_CONTEXT('2D SPACE',''
  ) );
#9661 = PCURVE('',#3751,#9662);
#9662 = DEFINITIONAL_REPRESENTATION('',(#9663),#9667);
#9663 = LINE('',#9664,#9665);
#9664 = CARTESIAN_POINT('',(0.,1.570796326795));
#9665 = VECTOR('',#9666,1.);
#9666 = DIRECTION('',(1.,0.));
#9667 = ( GEOMETRIC_REPRESENTATION_CONTEXT(2) 
PARAMETRIC_REPRESENTATION_CONTEXT() REPRESENTATION_CONTEXT('2D SPACE',''
  ) );
#9668 = ADVANCED_FACE('',(#9669,#9698,#9746,#9771,#9796),#3628,.T.);
#9669 = FACE_BOUND('',#9670,.T.);
#9670 = EDGE_LOOP('',(#9671,#9672));
#9671 = ORIENTED_EDGE('',*,*,#3611,.T.);
#9672 = ORIENTED_EDGE('',*,*,#9673,.T.);
#9673 = EDGE_CURVE('',#3612,#3578,#9674,.T.);
#9674 = SURFACE_CURVE('',#9675,(#9680,#9691),.PCURVE_S1.);
#9675 = CIRCLE('',#9676,12.5);
#9676 = AXIS2_PLACEMENT_3D('',#9677,#9678,#9679);
#9677 = CARTESIAN_POINT('',(3.783297935781E-16,-2.965061046986E-17,-26.2
    ));
#9678 = DIRECTION('',(6.305496559635E-17,-4.941768411644E-18,-1.));
#9679 = DIRECTION('',(1.,1.734723475977E-18,6.305496559635E-17));
#9680 = PCURVE('',#3628,#9681);
#9681 = DEFINITIONAL_REPRESENTATION('',(#9682),#9690);
#9682 = ( BOUNDED_CURVE() B_SPLINE_CURVE(2,(#9683,#9684,#9685,#9686,
#9687,#9688,#9689),.UNSPECIFIED.,.T.,.F.) B_SPLINE_CURVE_WITH_KNOTS((1,2
    ,2,2,2,1),(-2.094395102393,0.,2.094395102393,4.188790204786,
6.28318530718,8.377580409573),.UNSPECIFIED.) CURVE() 
GEOMETRIC_REPRESENTATION_ITEM() RATIONAL_B_SPLINE_CURVE((1.,0.5,1.,0.5,
1.,0.5,1.)) REPRESENTATION_ITEM('') );
#9683 = CARTESIAN_POINT('',(12.5,0.));
#9684 = CARTESIAN_POINT('',(12.5,-21.65063509461));
#9685 = CARTESIAN_POINT('',(-6.25,-10.8253175473));
#9686 = CARTESIAN_POINT('',(-25.,-3.061616997868E-15));
#9687 = CARTESIAN_POINT('',(-6.25,10.825317547305));
#9688 = CARTESIAN_POINT('',(12.5,21.650635094611));
#9689 = CARTESIAN_POINT('',(12.5,0.));
#9690 = ( GEOMETRIC_REPRESENTATION_CONTEXT(2) 
PARAMETRIC_REPRESENTATION_CONTEXT() REPRESENTATION_CONTEXT('2D SPACE',''
  ) );
#9691 = PCURVE('',#3599,#9692);
#9692 = DEFINITIONAL_REPRESENTATION('',(#9693),#9697);
#9693 = LINE('',#9694,#9695);
#9694 = CARTESIAN_POINT('',(6.28318530718,4.712388980385));
#9695 = VECTOR('',#9696,1.);
#9696 = DIRECTION('',(-1.,0.));
#9697 = ( GEOMETRIC_REPRESENTATION_CONTEXT(2) 
PARAMETRIC_REPRESENTATION_CONTEXT() REPRESENTATION_CONTEXT('2D SPACE',''
  ) );
#9698 = FACE_BOUND('',#9699,.T.);
#9699 = EDGE_LOOP('',(#9700,#9701,#9702,#9703,#9724,#9725));
#9700 = ORIENTED_EDGE('',*,*,#6020,.T.);
#9701 = ORIENTED_EDGE('',*,*,#7611,.T.);
#9702 = ORIENTED_EDGE('',*,*,#6123,.T.);
#9703 = ORIENTED_EDGE('',*,*,#9704,.T.);
#9704 = EDGE_CURVE('',#5637,#7443,#9705,.T.);
#9705 = SURFACE_CURVE('',#9706,(#9710,#9717),.PCURVE_S1.);
#9706 = LINE('',#9707,#9708);
#9707 = CARTESIAN_POINT('',(-8.886257964188,-28.49382672491,-26.2));
#9708 = VECTOR('',#9709,1.);
#9709 = DIRECTION('',(1.734723475977E-18,-1.,4.941768411644E-18));
#9710 = PCURVE('',#3628,#9711);
#9711 = DEFINITIONAL_REPRESENTATION('',(#9712),#9716);
#9712 = LINE('',#9713,#9714);
#9713 = CARTESIAN_POINT('',(-8.886257964188,-28.49382672491));
#9714 = VECTOR('',#9715,1.);
#9715 = DIRECTION('',(-0.,-1.));
#9716 = ( GEOMETRIC_REPRESENTATION_CONTEXT(2) 
PARAMETRIC_REPRESENTATION_CONTEXT() REPRESENTATION_CONTEXT('2D SPACE',''
  ) );
#9717 = PCURVE('',#5682,#9718);
#9718 = DEFINITIONAL_REPRESENTATION('',(#9719),#9723);
#9719 = LINE('',#9720,#9721);
#9720 = CARTESIAN_POINT('',(0.,-28.49382672491));
#9721 = VECTOR('',#9722,1.);
#9722 = DIRECTION('',(0.,-1.));
#9723 = ( GEOMETRIC_REPRESENTATION_CONTEXT(2) 
PARAMETRIC_REPRESENTATION_CONTEXT() REPRESENTATION_CONTEXT('2D SPACE',''
  ) );
#9724 = ORIENTED_EDGE('',*,*,#7442,.T.);
#9725 = ORIENTED_EDGE('',*,*,#9726,.T.);
#9726 = EDGE_CURVE('',#7373,#5946,#9727,.T.);
#9727 = SURFACE_CURVE('',#9728,(#9732,#9739),.PCURVE_S1.);
#9728 = LINE('',#9729,#9730);
#9729 = CARTESIAN_POINT('',(8.886257964188,-25.31596653161,-26.2));
#9730 = VECTOR('',#9731,1.);
#9731 = DIRECTION('',(-1.734723475977E-18,1.,-4.941768411644E-18));
#9732 = PCURVE('',#3628,#9733);
#9733 = DEFINITIONAL_REPRESENTATION('',(#9734),#9738);
#9734 = LINE('',#9735,#9736);
#9735 = CARTESIAN_POINT('',(8.886257964188,-25.31596653161));
#9736 = VECTOR('',#9737,1.);
#9737 = DIRECTION('',(0.,1.));
#9738 = ( GEOMETRIC_REPRESENTATION_CONTEXT(2) 
PARAMETRIC_REPRESENTATION_CONTEXT() REPRESENTATION_CONTEXT('2D SPACE',''
  ) );
#9739 = PCURVE('',#5986,#9740);
#9740 = DEFINITIONAL_REPRESENTATION('',(#9741),#9745);
#9741 = LINE('',#9742,#9743);
#9742 = CARTESIAN_POINT('',(3.14159265359,25.315966531612));
#9743 = VECTOR('',#9744,1.);
#9744 = DIRECTION('',(0.,-1.));
#9745 = ( GEOMETRIC_REPRESENTATION_CONTEXT(2) 
PARAMETRIC_REPRESENTATION_CONTEXT() REPRESENTATION_CONTEXT('2D SPACE',''
  ) );
#9746 = FACE_BOUND('',#9747,.T.);
#9747 = EDGE_LOOP('',(#9748,#9770));
#9748 = ORIENTED_EDGE('',*,*,#9749,.F.);
#9749 = EDGE_CURVE('',#4252,#4224,#9750,.T.);
#9750 = SURFACE_CURVE('',#9751,(#9756,#9763),.PCURVE_S1.);
#9751 = CIRCLE('',#9752,2.85);
#9752 = AXIS2_PLACEMENT_3D('',#9753,#9754,#9755);
#9753 = CARTESIAN_POINT('',(-18.24495344687,-10.5337287839,-26.2));
#9754 = DIRECTION('',(-6.305496559635E-17,4.941768411644E-18,1.));
#9755 = DIRECTION('',(1.,1.734723475977E-18,6.305496559635E-17));
#9756 = PCURVE('',#3628,#9757);
#9757 = DEFINITIONAL_REPRESENTATION('',(#9758),#9762);
#9758 = CIRCLE('',#9759,2.85);
#9759 = AXIS2_PLACEMENT_2D('',#9760,#9761);
#9760 = CARTESIAN_POINT('',(-18.24495344687,-10.5337287839));
#9761 = DIRECTION('',(1.,0.));
#9762 = ( GEOMETRIC_REPRESENTATION_CONTEXT(2) 
PARAMETRIC_REPRESENTATION_CONTEXT() REPRESENTATION_CONTEXT('2D SPACE',''
  ) );
#9763 = PCURVE('',#4239,#9764);
#9764 = DEFINITIONAL_REPRESENTATION('',(#9765),#9769);
#9765 = LINE('',#9766,#9767);
#9766 = CARTESIAN_POINT('',(9.424777960769,4.5));
#9767 = VECTOR('',#9768,1.);
#9768 = DIRECTION('',(-1.,0.));
#9769 = ( GEOMETRIC_REPRESENTATION_CONTEXT(2) 
PARAMETRIC_REPRESENTATION_CONTEXT() REPRESENTATION_CONTEXT('2D SPACE',''
  ) );
#9770 = ORIENTED_EDGE('',*,*,#4251,.F.);
#9771 = FACE_BOUND('',#9772,.T.);
#9772 = EDGE_LOOP('',(#9773,#9795));
#9773 = ORIENTED_EDGE('',*,*,#9774,.F.);
#9774 = EDGE_CURVE('',#4480,#4452,#9775,.T.);
#9775 = SURFACE_CURVE('',#9776,(#9781,#9788),.PCURVE_S1.);
#9776 = CIRCLE('',#9777,2.85);
#9777 = AXIS2_PLACEMENT_3D('',#9778,#9779,#9780);
#9778 = CARTESIAN_POINT('',(18.244953446875,-10.5337287839,-26.2));
#9779 = DIRECTION('',(-6.305496559635E-17,4.941768411644E-18,1.));
#9780 = DIRECTION('',(1.,1.734723475977E-18,6.305496559635E-17));
#9781 = PCURVE('',#3628,#9782);
#9782 = DEFINITIONAL_REPRESENTATION('',(#9783),#9787);
#9783 = CIRCLE('',#9784,2.85);
#9784 = AXIS2_PLACEMENT_2D('',#9785,#9786);
#9785 = CARTESIAN_POINT('',(18.244953446875,-10.5337287839));
#9786 = DIRECTION('',(1.,0.));
#9787 = ( GEOMETRIC_REPRESENTATION_CONTEXT(2) 
PARAMETRIC_REPRESENTATION_CONTEXT() REPRESENTATION_CONTEXT('2D SPACE',''
  ) );
#9788 = PCURVE('',#4467,#9789);
#9789 = DEFINITIONAL_REPRESENTATION('',(#9790),#9794);
#9790 = LINE('',#9791,#9792);
#9791 = CARTESIAN_POINT('',(9.424777960769,4.5));
#9792 = VECTOR('',#9793,1.);
#9793 = DIRECTION('',(-1.,0.));
#9794 = ( GEOMETRIC_REPRESENTATION_CONTEXT(2) 
PARAMETRIC_REPRESENTATION_CONTEXT() REPRESENTATION_CONTEXT('2D SPACE',''
  ) );
#9795 = ORIENTED_EDGE('',*,*,#4479,.F.);
#9796 = FACE_BOUND('',#9797,.T.);
#9797 = EDGE_LOOP('',(#9798,#9820));
#9798 = ORIENTED_EDGE('',*,*,#9799,.F.);
#9799 = EDGE_CURVE('',#4708,#4680,#9800,.T.);
#9800 = SURFACE_CURVE('',#9801,(#9806,#9813),.PCURVE_S1.);
#9801 = CIRCLE('',#9802,2.85);
#9802 = AXIS2_PLACEMENT_3D('',#9803,#9804,#9805);
#9803 = CARTESIAN_POINT('',(3.417835803561E-16,21.067457567811,-26.2));
#9804 = DIRECTION('',(-6.305496559635E-17,4.941768411644E-18,1.));
#9805 = DIRECTION('',(1.,1.734723475977E-18,6.305496559635E-17));
#9806 = PCURVE('',#3628,#9807);
#9807 = DEFINITIONAL_REPRESENTATION('',(#9808),#9812);
#9808 = CIRCLE('',#9809,2.85);
#9809 = AXIS2_PLACEMENT_2D('',#9810,#9811);
#9810 = CARTESIAN_POINT('',(0.,21.067457567811));
#9811 = DIRECTION('',(1.,0.));
#9812 = ( GEOMETRIC_REPRESENTATION_CONTEXT(2) 
PARAMETRIC_REPRESENTATION_CONTEXT() REPRESENTATION_CONTEXT('2D SPACE',''
  ) );
#9813 = PCURVE('',#4695,#9814);
#9814 = DEFINITIONAL_REPRESENTATION('',(#9815),#9819);
#9815 = LINE('',#9816,#9817);
#9816 = CARTESIAN_POINT('',(9.424777960769,4.5));
#9817 = VECTOR('',#9818,1.);
#9818 = DIRECTION('',(-1.,0.));
#9819 = ( GEOMETRIC_REPRESENTATION_CONTEXT(2) 
PARAMETRIC_REPRESENTATION_CONTEXT() REPRESENTATION_CONTEXT('2D SPACE',''
  ) );
#9820 = ORIENTED_EDGE('',*,*,#4707,.F.);
#9821 = ADVANCED_FACE('',(#9822,#9847),#4973,.T.);
#9822 = FACE_BOUND('',#9823,.T.);
#9823 = EDGE_LOOP('',(#9824,#9846));
#9824 = ORIENTED_EDGE('',*,*,#9825,.T.);
#9825 = EDGE_CURVE('',#4991,#4989,#9826,.T.);
#9826 = SURFACE_CURVE('',#9827,(#9832,#9839),.PCURVE_S1.);
#9827 = CIRCLE('',#9828,11.5);
#9828 = AXIS2_PLACEMENT_3D('',#9829,#9830,#9831);
#9829 = CARTESIAN_POINT('',(2.465190328816E-32,-3.543711097673E-32,-20.2
    ));
#9830 = DIRECTION('',(-6.305496559635E-17,4.941768411644E-18,1.));
#9831 = DIRECTION('',(1.,1.734723475977E-18,6.305496559635E-17));
#9832 = PCURVE('',#4973,#9833);
#9833 = DEFINITIONAL_REPRESENTATION('',(#9834),#9838);
#9834 = CIRCLE('',#9835,11.5);
#9835 = AXIS2_PLACEMENT_2D('',#9836,#9837);
#9836 = CARTESIAN_POINT('',(0.,0.));
#9837 = DIRECTION('',(1.,0.));
#9838 = ( GEOMETRIC_REPRESENTATION_CONTEXT(2) 
PARAMETRIC_REPRESENTATION_CONTEXT() REPRESENTATION_CONTEXT('2D SPACE',''
  ) );
#9839 = PCURVE('',#3683,#9840);
#9840 = DEFINITIONAL_REPRESENTATION('',(#9841),#9845);
#9841 = LINE('',#9842,#9843);
#9842 = CARTESIAN_POINT('',(9.424777960769,0.));
#9843 = VECTOR('',#9844,1.);
#9844 = DIRECTION('',(-1.,0.));
#9845 = ( GEOMETRIC_REPRESENTATION_CONTEXT(2) 
PARAMETRIC_REPRESENTATION_CONTEXT() REPRESENTATION_CONTEXT('2D SPACE',''
  ) );
#9846 = ORIENTED_EDGE('',*,*,#4988,.T.);
#9847 = FACE_BOUND('',#9848,.T.);
#9848 = EDGE_LOOP('',(#9849,#9850));
#9849 = ORIENTED_EDGE('',*,*,#4958,.F.);
#9850 = ORIENTED_EDGE('',*,*,#9851,.F.);
#9851 = EDGE_CURVE('',#4936,#4873,#9852,.T.);
#9852 = SURFACE_CURVE('',#9853,(#9858,#9865),.PCURVE_S1.);
#9853 = CIRCLE('',#9854,9.5);
#9854 = AXIS2_PLACEMENT_3D('',#9855,#9856,#9857);
#9855 = CARTESIAN_POINT('',(2.465190328816E-32,-3.543711097673E-32,-20.2
    ));
#9856 = DIRECTION('',(-6.305496559635E-17,4.941768411644E-18,1.));
#9857 = DIRECTION('',(1.,1.734723475977E-18,6.305496559635E-17));
#9858 = PCURVE('',#4973,#9859);
#9859 = DEFINITIONAL_REPRESENTATION('',(#9860),#9864);
#9860 = CIRCLE('',#9861,9.5);
#9861 = AXIS2_PLACEMENT_2D('',#9862,#9863);
#9862 = CARTESIAN_POINT('',(0.,0.));
#9863 = DIRECTION('',(1.,0.));
#9864 = ( GEOMETRIC_REPRESENTATION_CONTEXT(2) 
PARAMETRIC_REPRESENTATION_CONTEXT() REPRESENTATION_CONTEXT('2D SPACE',''
  ) );
#9865 = PCURVE('',#4895,#9866);
#9866 = DEFINITIONAL_REPRESENTATION('',(#9867),#9871);
#9867 = LINE('',#9868,#9869);
#9868 = CARTESIAN_POINT('',(3.14159265359,0.));
#9869 = VECTOR('',#9870,1.);
#9870 = DIRECTION('',(-1.,0.));
#9871 = ( GEOMETRIC_REPRESENTATION_CONTEXT(2) 
PARAMETRIC_REPRESENTATION_CONTEXT() REPRESENTATION_CONTEXT('2D SPACE',''
  ) );
#9872 = ADVANCED_FACE('',(#9873),#3683,.T.);
#9873 = FACE_BOUND('',#9874,.T.);
#9874 = EDGE_LOOP('',(#9875,#9876,#9877,#9878));
#9875 = ORIENTED_EDGE('',*,*,#5019,.F.);
#9876 = ORIENTED_EDGE('',*,*,#9825,.F.);
#9877 = ORIENTED_EDGE('',*,*,#5062,.T.);
#9878 = ORIENTED_EDGE('',*,*,#3668,.T.);
#9879 = ADVANCED_FACE('',(#9880),#4895,.F.);
#9880 = FACE_BOUND('',#9881,.F.);
#9881 = EDGE_LOOP('',(#9882,#9908,#9909,#9910));
#9882 = ORIENTED_EDGE('',*,*,#9883,.F.);
#9883 = EDGE_CURVE('',#4875,#4908,#9884,.T.);
#9884 = SURFACE_CURVE('',#9885,(#9890,#9897),.PCURVE_S1.);
#9885 = CIRCLE('',#9886,9.5);
#9886 = AXIS2_PLACEMENT_3D('',#9887,#9888,#9889);
#9887 = CARTESIAN_POINT('',(3.783297935781E-16,-2.965061046986E-17,-26.2
    ));
#9888 = DIRECTION('',(6.305496559635E-17,-4.941768411644E-18,-1.));
#9889 = DIRECTION('',(1.,1.734723475977E-18,6.305496559635E-17));
#9890 = PCURVE('',#4895,#9891);
#9891 = DEFINITIONAL_REPRESENTATION('',(#9892),#9896);
#9892 = LINE('',#9893,#9894);
#9893 = CARTESIAN_POINT('',(-3.14159265359,6.));
#9894 = VECTOR('',#9895,1.);
#9895 = DIRECTION('',(1.,0.));
#9896 = ( GEOMETRIC_REPRESENTATION_CONTEXT(2) 
PARAMETRIC_REPRESENTATION_CONTEXT() REPRESENTATION_CONTEXT('2D SPACE',''
  ) );
#9897 = PCURVE('',#4807,#9898);
#9898 = DEFINITIONAL_REPRESENTATION('',(#9899),#9907);
#9899 = ( BOUNDED_CURVE() B_SPLINE_CURVE(2,(#9900,#9901,#9902,#9903,
#9904,#9905,#9906),.UNSPECIFIED.,.T.,.F.) B_SPLINE_CURVE_WITH_KNOTS((1,2
    ,2,2,2,1),(-2.094395102393,0.,2.094395102393,4.188790204786,
6.28318530718,8.377580409573),.UNSPECIFIED.) CURVE() 
GEOMETRIC_REPRESENTATION_ITEM() RATIONAL_B_SPLINE_CURVE((1.,0.5,1.,0.5,
1.,0.5,1.)) REPRESENTATION_ITEM('') );
#9900 = CARTESIAN_POINT('',(9.5,0.));
#9901 = CARTESIAN_POINT('',(9.5,-16.4544826719));
#9902 = CARTESIAN_POINT('',(-4.75,-8.227241335952));
#9903 = CARTESIAN_POINT('',(-19.,-2.32682891838E-15));
#9904 = CARTESIAN_POINT('',(-4.75,8.227241335952));
#9905 = CARTESIAN_POINT('',(9.5,16.454482671904));
#9906 = CARTESIAN_POINT('',(9.5,0.));
#9907 = ( GEOMETRIC_REPRESENTATION_CONTEXT(2) 
PARAMETRIC_REPRESENTATION_CONTEXT() REPRESENTATION_CONTEXT('2D SPACE',''
  ) );
#9908 = ORIENTED_EDGE('',*,*,#4872,.F.);
#9909 = ORIENTED_EDGE('',*,*,#9851,.F.);
#9910 = ORIENTED_EDGE('',*,*,#4935,.T.);
#9911 = ADVANCED_FACE('',(#9912,#9937),#4807,.T.);
#9912 = FACE_BOUND('',#9913,.T.);
#9913 = EDGE_LOOP('',(#9914,#9936));
#9914 = ORIENTED_EDGE('',*,*,#9915,.F.);
#9915 = EDGE_CURVE('',#4758,#4791,#9916,.T.);
#9916 = SURFACE_CURVE('',#9917,(#9922,#9929),.PCURVE_S1.);
#9917 = CIRCLE('',#9918,6.5);
#9918 = AXIS2_PLACEMENT_3D('',#9919,#9920,#9921);
#9919 = CARTESIAN_POINT('',(3.783297935781E-16,-2.965061046986E-17,-26.2
    ));
#9920 = DIRECTION('',(-6.305496559635E-17,4.941768411644E-18,1.));
#9921 = DIRECTION('',(1.,1.734723475977E-18,6.305496559635E-17));
#9922 = PCURVE('',#4807,#9923);
#9923 = DEFINITIONAL_REPRESENTATION('',(#9924),#9928);
#9924 = CIRCLE('',#9925,6.5);
#9925 = AXIS2_PLACEMENT_2D('',#9926,#9927);
#9926 = CARTESIAN_POINT('',(0.,0.));
#9927 = DIRECTION('',(1.,0.));
#9928 = ( GEOMETRIC_REPRESENTATION_CONTEXT(2) 
PARAMETRIC_REPRESENTATION_CONTEXT() REPRESENTATION_CONTEXT('2D SPACE',''
  ) );
#9929 = PCURVE('',#4778,#9930);
#9930 = DEFINITIONAL_REPRESENTATION('',(#9931),#9935);
#9931 = LINE('',#9932,#9933);
#9932 = CARTESIAN_POINT('',(0.,0.3));
#9933 = VECTOR('',#9934,1.);
#9934 = DIRECTION('',(1.,0.));
#9935 = ( GEOMETRIC_REPRESENTATION_CONTEXT(2) 
PARAMETRIC_REPRESENTATION_CONTEXT() REPRESENTATION_CONTEXT('2D SPACE',''
  ) );
#9936 = ORIENTED_EDGE('',*,*,#4790,.F.);
#9937 = FACE_BOUND('',#9938,.T.);
#9938 = EDGE_LOOP('',(#9939,#9940));
#9939 = ORIENTED_EDGE('',*,*,#9883,.F.);
#9940 = ORIENTED_EDGE('',*,*,#4907,.F.);
#9941 = ADVANCED_FACE('',(#9942),#4778,.F.);
#9942 = FACE_BOUND('',#9943,.F.);
#9943 = EDGE_LOOP('',(#9944,#9945,#9946,#9968));
#9944 = ORIENTED_EDGE('',*,*,#9915,.F.);
#9945 = ORIENTED_EDGE('',*,*,#4755,.F.);
#9946 = ORIENTED_EDGE('',*,*,#9947,.T.);
#9947 = EDGE_CURVE('',#4756,#4820,#9948,.T.);
#9948 = SURFACE_CURVE('',#9949,(#9954,#9961),.PCURVE_S1.);
#9949 = CIRCLE('',#9950,6.5);
#9950 = AXIS2_PLACEMENT_3D('',#9951,#9952,#9953);
#9951 = CARTESIAN_POINT('',(3.97246283257E-16,-3.113314099336E-17,-26.5)
  );
#9952 = DIRECTION('',(-6.305496559635E-17,4.941768411644E-18,1.));
#9953 = DIRECTION('',(1.,1.734723475977E-18,6.305496559635E-17));
#9954 = PCURVE('',#4778,#9955);
#9955 = DEFINITIONAL_REPRESENTATION('',(#9956),#9960);
#9956 = LINE('',#9957,#9958);
#9957 = CARTESIAN_POINT('',(0.,0.));
#9958 = VECTOR('',#9959,1.);
#9959 = DIRECTION('',(1.,0.));
#9960 = ( GEOMETRIC_REPRESENTATION_CONTEXT(2) 
PARAMETRIC_REPRESENTATION_CONTEXT() REPRESENTATION_CONTEXT('2D SPACE',''
  ) );
#9961 = PCURVE('',#4857,#9962);
#9962 = DEFINITIONAL_REPRESENTATION('',(#9963),#9967);
#9963 = CIRCLE('',#9964,6.5);
#9964 = AXIS2_PLACEMENT_2D('',#9965,#9966);
#9965 = CARTESIAN_POINT('',(0.,0.));
#9966 = DIRECTION('',(1.,0.));
#9967 = ( GEOMETRIC_REPRESENTATION_CONTEXT(2) 
PARAMETRIC_REPRESENTATION_CONTEXT() REPRESENTATION_CONTEXT('2D SPACE',''
  ) );
#9968 = ORIENTED_EDGE('',*,*,#4819,.T.);
#9969 = ADVANCED_FACE('',(#9970),#4857,.T.);
#9970 = FACE_BOUND('',#9971,.T.);
#9971 = EDGE_LOOP('',(#9972,#9973));
#9972 = ORIENTED_EDGE('',*,*,#9947,.T.);
#9973 = ORIENTED_EDGE('',*,*,#4842,.T.);
#9974 = ADVANCED_FACE('',(#9975,#10000),#4633,.T.);
#9975 = FACE_BOUND('',#9976,.T.);
#9976 = EDGE_LOOP('',(#9977,#9999));
#9977 = ORIENTED_EDGE('',*,*,#9978,.T.);
#9978 = EDGE_CURVE('',#4651,#4649,#9979,.T.);
#9979 = SURFACE_CURVE('',#9980,(#9985,#9992),.PCURVE_S1.);
#9980 = CIRCLE('',#9981,2.85);
#9981 = AXIS2_PLACEMENT_3D('',#9982,#9983,#9984);
#9982 = CARTESIAN_POINT('',(5.80362351725E-17,21.067457567811,-21.7));
#9983 = DIRECTION('',(-6.305496559635E-17,4.941768411644E-18,1.));
#9984 = DIRECTION('',(1.,1.734723475977E-18,6.305496559635E-17));
#9985 = PCURVE('',#4633,#9986);
#9986 = DEFINITIONAL_REPRESENTATION('',(#9987),#9991);
#9987 = CIRCLE('',#9988,2.85);
#9988 = AXIS2_PLACEMENT_2D('',#9989,#9990);
#9989 = CARTESIAN_POINT('',(0.,0.));
#9990 = DIRECTION('',(1.,0.));
#9991 = ( GEOMETRIC_REPRESENTATION_CONTEXT(2) 
PARAMETRIC_REPRESENTATION_CONTEXT() REPRESENTATION_CONTEXT('2D SPACE',''
  ) );
#9992 = PCURVE('',#4695,#9993);
#9993 = DEFINITIONAL_REPRESENTATION('',(#9994),#9998);
#9994 = LINE('',#9995,#9996);
#9995 = CARTESIAN_POINT('',(9.424777960769,0.));
#9996 = VECTOR('',#9997,1.);
#9997 = DIRECTION('',(-1.,0.));
#9998 = ( GEOMETRIC_REPRESENTATION_CONTEXT(2) 
PARAMETRIC_REPRESENTATION_CONTEXT() REPRESENTATION_CONTEXT('2D SPACE',''
  ) );
#9999 = ORIENTED_EDGE('',*,*,#4648,.T.);
#10000 = FACE_BOUND('',#10001,.T.);
#10001 = EDGE_LOOP('',(#10002,#10003));
#10002 = ORIENTED_EDGE('',*,*,#4618,.F.);
#10003 = ORIENTED_EDGE('',*,*,#10004,.F.);
#10004 = EDGE_CURVE('',#4596,#4528,#10005,.T.);
#10005 = SURFACE_CURVE('',#10006,(#10011,#10018),.PCURVE_S1.);
#10006 = CIRCLE('',#10007,1.35);
#10007 = AXIS2_PLACEMENT_3D('',#10008,#10009,#10010);
#10008 = CARTESIAN_POINT('',(5.80362351725E-17,21.067457567811,-21.7));
#10009 = DIRECTION('',(-6.305496559635E-17,4.941768411644E-18,1.));
#10010 = DIRECTION('',(1.,1.734723475977E-18,6.305496559635E-17));
#10011 = PCURVE('',#4633,#10012);
#10012 = DEFINITIONAL_REPRESENTATION('',(#10013),#10017);
#10013 = CIRCLE('',#10014,1.35);
#10014 = AXIS2_PLACEMENT_2D('',#10015,#10016);
#10015 = CARTESIAN_POINT('',(0.,0.));
#10016 = DIRECTION('',(1.,0.));
#10017 = ( GEOMETRIC_REPRESENTATION_CONTEXT(2) 
PARAMETRIC_REPRESENTATION_CONTEXT() REPRESENTATION_CONTEXT('2D SPACE',''
  ) );
#10018 = PCURVE('',#4550,#10019);
#10019 = DEFINITIONAL_REPRESENTATION('',(#10020),#10024);
#10020 = LINE('',#10021,#10022);
#10021 = CARTESIAN_POINT('',(3.14159265359,0.));
#10022 = VECTOR('',#10023,1.);
#10023 = DIRECTION('',(-1.,0.));
#10024 = ( GEOMETRIC_REPRESENTATION_CONTEXT(2) 
PARAMETRIC_REPRESENTATION_CONTEXT() REPRESENTATION_CONTEXT('2D SPACE',''
  ) );
#10025 = ADVANCED_FACE('',(#10026),#4695,.T.);
#10026 = FACE_BOUND('',#10027,.T.);
#10027 = EDGE_LOOP('',(#10028,#10029,#10030,#10031));
#10028 = ORIENTED_EDGE('',*,*,#4679,.F.);
#10029 = ORIENTED_EDGE('',*,*,#9978,.F.);
#10030 = ORIENTED_EDGE('',*,*,#4731,.T.);
#10031 = ORIENTED_EDGE('',*,*,#9799,.T.);
#10032 = ADVANCED_FACE('',(#10033),#4550,.F.);
#10033 = FACE_BOUND('',#10034,.F.);
#10034 = EDGE_LOOP('',(#10035,#10061,#10062,#10063));
#10035 = ORIENTED_EDGE('',*,*,#10036,.F.);
#10036 = EDGE_CURVE('',#4530,#4563,#10037,.T.);
#10037 = SURFACE_CURVE('',#10038,(#10043,#10050),.PCURVE_S1.);
#10038 = CIRCLE('',#10039,1.35);
#10039 = AXIS2_PLACEMENT_3D('',#10040,#10041,#10042);
#10040 = CARTESIAN_POINT('',(3.417835803561E-16,21.067457567811,-26.2));
#10041 = DIRECTION('',(6.305496559635E-17,-4.941768411644E-18,-1.));
#10042 = DIRECTION('',(1.,1.734723475977E-18,6.305496559635E-17));
#10043 = PCURVE('',#4550,#10044);
#10044 = DEFINITIONAL_REPRESENTATION('',(#10045),#10049);
#10045 = LINE('',#10046,#10047);
#10046 = CARTESIAN_POINT('',(-3.14159265359,4.5));
#10047 = VECTOR('',#10048,1.);
#10048 = DIRECTION('',(1.,0.));
#10049 = ( GEOMETRIC_REPRESENTATION_CONTEXT(2) 
PARAMETRIC_REPRESENTATION_CONTEXT() REPRESENTATION_CONTEXT('2D SPACE',''
  ) );
#10050 = PCURVE('',#4579,#10051);
#10051 = DEFINITIONAL_REPRESENTATION('',(#10052),#10060);
#10052 = ( BOUNDED_CURVE() B_SPLINE_CURVE(2,(#10053,#10054,#10055,#10056
    ,#10057,#10058,#10059),.UNSPECIFIED.,.T.,.F.) 
B_SPLINE_CURVE_WITH_KNOTS((1,2,2,2,2,1),(-2.094395102393,0.,
    2.094395102393,4.188790204786,6.28318530718,8.377580409573),
.UNSPECIFIED.) CURVE() GEOMETRIC_REPRESENTATION_ITEM() 
RATIONAL_B_SPLINE_CURVE((1.,0.5,1.,0.5,1.,0.5,1.)) REPRESENTATION_ITEM(
  '') );
#10053 = CARTESIAN_POINT('',(1.35,21.067457567811));
#10054 = CARTESIAN_POINT('',(1.35,18.729188977593));
#10055 = CARTESIAN_POINT('',(-0.675,19.898323272702));
#10056 = CARTESIAN_POINT('',(-2.7,21.067457567811));
#10057 = CARTESIAN_POINT('',(-0.675,22.23659186292));
#10058 = CARTESIAN_POINT('',(1.35,23.405726158029));
#10059 = CARTESIAN_POINT('',(1.35,21.067457567811));
#10060 = ( GEOMETRIC_REPRESENTATION_CONTEXT(2) 
PARAMETRIC_REPRESENTATION_CONTEXT() REPRESENTATION_CONTEXT('2D SPACE',''
  ) );
#10061 = ORIENTED_EDGE('',*,*,#4527,.F.);
#10062 = ORIENTED_EDGE('',*,*,#10004,.F.);
#10063 = ORIENTED_EDGE('',*,*,#4595,.T.);
#10064 = ADVANCED_FACE('',(#10065),#4579,.T.);
#10065 = FACE_BOUND('',#10066,.T.);
#10066 = EDGE_LOOP('',(#10067,#10068));
#10067 = ORIENTED_EDGE('',*,*,#10036,.F.);
#10068 = ORIENTED_EDGE('',*,*,#4562,.F.);
#10069 = ADVANCED_FACE('',(#10070,#10095),#4405,.T.);
#10070 = FACE_BOUND('',#10071,.T.);
#10071 = EDGE_LOOP('',(#10072,#10094));
#10072 = ORIENTED_EDGE('',*,*,#10073,.T.);
#10073 = EDGE_CURVE('',#4423,#4421,#10074,.T.);
#10074 = SURFACE_CURVE('',#10075,(#10080,#10087),.PCURVE_S1.);
#10075 = CIRCLE('',#10076,2.85);
#10076 = AXIS2_PLACEMENT_3D('',#10077,#10078,#10079);
#10077 = CARTESIAN_POINT('',(18.244953446875,-10.5337287839,-21.7));
#10078 = DIRECTION('',(-6.305496559635E-17,4.941768411644E-18,1.));
#10079 = DIRECTION('',(1.,1.734723475977E-18,6.305496559635E-17));
#10080 = PCURVE('',#4405,#10081);
#10081 = DEFINITIONAL_REPRESENTATION('',(#10082),#10086);
#10082 = CIRCLE('',#10083,2.85);
#10083 = AXIS2_PLACEMENT_2D('',#10084,#10085);
#10084 = CARTESIAN_POINT('',(0.,0.));
#10085 = DIRECTION('',(1.,0.));
#10086 = ( GEOMETRIC_REPRESENTATION_CONTEXT(2) 
PARAMETRIC_REPRESENTATION_CONTEXT() REPRESENTATION_CONTEXT('2D SPACE',''
  ) );
#10087 = PCURVE('',#4467,#10088);
#10088 = DEFINITIONAL_REPRESENTATION('',(#10089),#10093);
#10089 = LINE('',#10090,#10091);
#10090 = CARTESIAN_POINT('',(9.424777960769,0.));
#10091 = VECTOR('',#10092,1.);
#10092 = DIRECTION('',(-1.,0.));
#10093 = ( GEOMETRIC_REPRESENTATION_CONTEXT(2) 
PARAMETRIC_REPRESENTATION_CONTEXT() REPRESENTATION_CONTEXT('2D SPACE',''
  ) );
#10094 = ORIENTED_EDGE('',*,*,#4420,.T.);
#10095 = FACE_BOUND('',#10096,.T.);
#10096 = EDGE_LOOP('',(#10097,#10098));
#10097 = ORIENTED_EDGE('',*,*,#4390,.F.);
#10098 = ORIENTED_EDGE('',*,*,#10099,.F.);
#10099 = EDGE_CURVE('',#4368,#4300,#10100,.T.);
#10100 = SURFACE_CURVE('',#10101,(#10106,#10113),.PCURVE_S1.);
#10101 = CIRCLE('',#10102,1.35);
#10102 = AXIS2_PLACEMENT_3D('',#10103,#10104,#10105);
#10103 = CARTESIAN_POINT('',(18.244953446875,-10.5337287839,-21.7));
#10104 = DIRECTION('',(-6.305496559635E-17,4.941768411644E-18,1.));
#10105 = DIRECTION('',(1.,1.734723475977E-18,6.305496559635E-17));
#10106 = PCURVE('',#4405,#10107);
#10107 = DEFINITIONAL_REPRESENTATION('',(#10108),#10112);
#10108 = CIRCLE('',#10109,1.35);
#10109 = AXIS2_PLACEMENT_2D('',#10110,#10111);
#10110 = CARTESIAN_POINT('',(0.,0.));
#10111 = DIRECTION('',(1.,0.));
#10112 = ( GEOMETRIC_REPRESENTATION_CONTEXT(2) 
PARAMETRIC_REPRESENTATION_CONTEXT() REPRESENTATION_CONTEXT('2D SPACE',''
  ) );
#10113 = PCURVE('',#4322,#10114);
#10114 = DEFINITIONAL_REPRESENTATION('',(#10115),#10119);
#10115 = LINE('',#10116,#10117);
#10116 = CARTESIAN_POINT('',(3.14159265359,0.));
#10117 = VECTOR('',#10118,1.);
#10118 = DIRECTION('',(-1.,0.));
#10119 = ( GEOMETRIC_REPRESENTATION_CONTEXT(2) 
PARAMETRIC_REPRESENTATION_CONTEXT() REPRESENTATION_CONTEXT('2D SPACE',''
  ) );
#10120 = ADVANCED_FACE('',(#10121),#4467,.T.);
#10121 = FACE_BOUND('',#10122,.T.);
#10122 = EDGE_LOOP('',(#10123,#10124,#10125,#10126));
#10123 = ORIENTED_EDGE('',*,*,#4451,.F.);
#10124 = ORIENTED_EDGE('',*,*,#10073,.F.);
#10125 = ORIENTED_EDGE('',*,*,#4503,.T.);
#10126 = ORIENTED_EDGE('',*,*,#9774,.T.);
#10127 = ADVANCED_FACE('',(#10128),#4322,.F.);
#10128 = FACE_BOUND('',#10129,.F.);
#10129 = EDGE_LOOP('',(#10130,#10156,#10157,#10158));
#10130 = ORIENTED_EDGE('',*,*,#10131,.F.);
#10131 = EDGE_CURVE('',#4302,#4335,#10132,.T.);
#10132 = SURFACE_CURVE('',#10133,(#10138,#10145),.PCURVE_S1.);
#10133 = CIRCLE('',#10134,1.35);
#10134 = AXIS2_PLACEMENT_3D('',#10135,#10136,#10137);
#10135 = CARTESIAN_POINT('',(18.244953446875,-10.5337287839,-26.2));
#10136 = DIRECTION('',(6.305496559635E-17,-4.941768411644E-18,-1.));
#10137 = DIRECTION('',(1.,1.734723475977E-18,6.305496559635E-17));
#10138 = PCURVE('',#4322,#10139);
#10139 = DEFINITIONAL_REPRESENTATION('',(#10140),#10144);
#10140 = LINE('',#10141,#10142);
#10141 = CARTESIAN_POINT('',(-3.14159265359,4.5));
#10142 = VECTOR('',#10143,1.);
#10143 = DIRECTION('',(1.,0.));
#10144 = ( GEOMETRIC_REPRESENTATION_CONTEXT(2) 
PARAMETRIC_REPRESENTATION_CONTEXT() REPRESENTATION_CONTEXT('2D SPACE',''
  ) );
#10145 = PCURVE('',#4351,#10146);
#10146 = DEFINITIONAL_REPRESENTATION('',(#10147),#10155);
#10147 = ( BOUNDED_CURVE() B_SPLINE_CURVE(2,(#10148,#10149,#10150,#10151
    ,#10152,#10153,#10154),.UNSPECIFIED.,.T.,.F.) 
B_SPLINE_CURVE_WITH_KNOTS((1,2,2,2,2,1),(-2.094395102393,0.,
    2.094395102393,4.188790204786,6.28318530718,8.377580409573),
.UNSPECIFIED.) CURVE() GEOMETRIC_REPRESENTATION_ITEM() 
RATIONAL_B_SPLINE_CURVE((1.,0.5,1.,0.5,1.,0.5,1.)) REPRESENTATION_ITEM(
  '') );
#10148 = CARTESIAN_POINT('',(19.594953446875,-10.5337287839));
#10149 = CARTESIAN_POINT('',(19.594953446875,-12.87199737412));
#10150 = CARTESIAN_POINT('',(17.569953446875,-11.70286307901));
#10151 = CARTESIAN_POINT('',(15.544953446875,-10.5337287839));
#10152 = CARTESIAN_POINT('',(17.569953446875,-9.364594488796));
#10153 = CARTESIAN_POINT('',(19.594953446875,-8.195460193687));
#10154 = CARTESIAN_POINT('',(19.594953446875,-10.5337287839));
#10155 = ( GEOMETRIC_REPRESENTATION_CONTEXT(2) 
PARAMETRIC_REPRESENTATION_CONTEXT() REPRESENTATION_CONTEXT('2D SPACE',''
  ) );
#10156 = ORIENTED_EDGE('',*,*,#4299,.F.);
#10157 = ORIENTED_EDGE('',*,*,#10099,.F.);
#10158 = ORIENTED_EDGE('',*,*,#4367,.T.);
#10159 = ADVANCED_FACE('',(#10160),#4351,.T.);
#10160 = FACE_BOUND('',#10161,.T.);
#10161 = EDGE_LOOP('',(#10162,#10163));
#10162 = ORIENTED_EDGE('',*,*,#10131,.F.);
#10163 = ORIENTED_EDGE('',*,*,#4334,.F.);
#10164 = ADVANCED_FACE('',(#10165,#10190),#4177,.T.);
#10165 = FACE_BOUND('',#10166,.T.);
#10166 = EDGE_LOOP('',(#10167,#10189));
#10167 = ORIENTED_EDGE('',*,*,#10168,.T.);
#10168 = EDGE_CURVE('',#4195,#4193,#10169,.T.);
#10169 = SURFACE_CURVE('',#10170,(#10175,#10182),.PCURVE_S1.);
#10170 = CIRCLE('',#10171,2.85);
#10171 = AXIS2_PLACEMENT_3D('',#10172,#10173,#10174);
#10172 = CARTESIAN_POINT('',(-18.24495344687,-10.5337287839,-21.7));
#10173 = DIRECTION('',(-6.305496559635E-17,4.941768411644E-18,1.));
#10174 = DIRECTION('',(1.,1.734723475977E-18,6.305496559635E-17));
#10175 = PCURVE('',#4177,#10176);
#10176 = DEFINITIONAL_REPRESENTATION('',(#10177),#10181);
#10177 = CIRCLE('',#10178,2.85);
#10178 = AXIS2_PLACEMENT_2D('',#10179,#10180);
#10179 = CARTESIAN_POINT('',(0.,0.));
#10180 = DIRECTION('',(1.,0.));
#10181 = ( GEOMETRIC_REPRESENTATION_CONTEXT(2) 
PARAMETRIC_REPRESENTATION_CONTEXT() REPRESENTATION_CONTEXT('2D SPACE',''
  ) );
#10182 = PCURVE('',#4239,#10183);
#10183 = DEFINITIONAL_REPRESENTATION('',(#10184),#10188);
#10184 = LINE('',#10185,#10186);
#10185 = CARTESIAN_POINT('',(9.424777960769,0.));
#10186 = VECTOR('',#10187,1.);
#10187 = DIRECTION('',(-1.,0.));
#10188 = ( GEOMETRIC_REPRESENTATION_CONTEXT(2) 
PARAMETRIC_REPRESENTATION_CONTEXT() REPRESENTATION_CONTEXT('2D SPACE',''
  ) );
#10189 = ORIENTED_EDGE('',*,*,#4192,.T.);
#10190 = FACE_BOUND('',#10191,.T.);
#10191 = EDGE_LOOP('',(#10192,#10193));
#10192 = ORIENTED_EDGE('',*,*,#4162,.F.);
#10193 = ORIENTED_EDGE('',*,*,#10194,.F.);
#10194 = EDGE_CURVE('',#4140,#4072,#10195,.T.);
#10195 = SURFACE_CURVE('',#10196,(#10201,#10208),.PCURVE_S1.);
#10196 = CIRCLE('',#10197,1.35);
#10197 = AXIS2_PLACEMENT_3D('',#10198,#10199,#10200);
#10198 = CARTESIAN_POINT('',(-18.24495344687,-10.5337287839,-21.7));
#10199 = DIRECTION('',(-6.305496559635E-17,4.941768411644E-18,1.));
#10200 = DIRECTION('',(1.,1.734723475977E-18,6.305496559635E-17));
#10201 = PCURVE('',#4177,#10202);
#10202 = DEFINITIONAL_REPRESENTATION('',(#10203),#10207);
#10203 = CIRCLE('',#10204,1.35);
#10204 = AXIS2_PLACEMENT_2D('',#10205,#10206);
#10205 = CARTESIAN_POINT('',(0.,0.));
#10206 = DIRECTION('',(1.,0.));
#10207 = ( GEOMETRIC_REPRESENTATION_CONTEXT(2) 
PARAMETRIC_REPRESENTATION_CONTEXT() REPRESENTATION_CONTEXT('2D SPACE',''
  ) );
#10208 = PCURVE('',#4094,#10209);
#10209 = DEFINITIONAL_REPRESENTATION('',(#10210),#10214);
#10210 = LINE('',#10211,#10212);
#10211 = CARTESIAN_POINT('',(3.14159265359,0.));
#10212 = VECTOR('',#10213,1.);
#10213 = DIRECTION('',(-1.,0.));
#10214 = ( GEOMETRIC_REPRESENTATION_CONTEXT(2) 
PARAMETRIC_REPRESENTATION_CONTEXT() REPRESENTATION_CONTEXT('2D SPACE',''
  ) );
#10215 = ADVANCED_FACE('',(#10216),#4239,.T.);
#10216 = FACE_BOUND('',#10217,.T.);
#10217 = EDGE_LOOP('',(#10218,#10219,#10220,#10221));
#10218 = ORIENTED_EDGE('',*,*,#4223,.F.);
#10219 = ORIENTED_EDGE('',*,*,#10168,.F.);
#10220 = ORIENTED_EDGE('',*,*,#4275,.T.);
#10221 = ORIENTED_EDGE('',*,*,#9749,.T.);
#10222 = ADVANCED_FACE('',(#10223),#4094,.F.);
#10223 = FACE_BOUND('',#10224,.F.);
#10224 = EDGE_LOOP('',(#10225,#10251,#10252,#10253));
#10225 = ORIENTED_EDGE('',*,*,#10226,.F.);
#10226 = EDGE_CURVE('',#4074,#4107,#10227,.T.);
#10227 = SURFACE_CURVE('',#10228,(#10233,#10240),.PCURVE_S1.);
#10228 = CIRCLE('',#10229,1.35);
#10229 = AXIS2_PLACEMENT_3D('',#10230,#10231,#10232);
#10230 = CARTESIAN_POINT('',(-18.24495344687,-10.5337287839,-26.2));
#10231 = DIRECTION('',(6.305496559635E-17,-4.941768411644E-18,-1.));
#10232 = DIRECTION('',(1.,1.734723475977E-18,6.305496559635E-17));
#10233 = PCURVE('',#4094,#10234);
#10234 = DEFINITIONAL_REPRESENTATION('',(#10235),#10239);
#10235 = LINE('',#10236,#10237);
#10236 = CARTESIAN_POINT('',(-3.14159265359,4.5));
#10237 = VECTOR('',#10238,1.);
#10238 = DIRECTION('',(1.,0.));
#10239 = ( GEOMETRIC_REPRESENTATION_CONTEXT(2) 
PARAMETRIC_REPRESENTATION_CONTEXT() REPRESENTATION_CONTEXT('2D SPACE',''
  ) );
#10240 = PCURVE('',#4123,#10241);
#10241 = DEFINITIONAL_REPRESENTATION('',(#10242),#10250);
#10242 = ( BOUNDED_CURVE() B_SPLINE_CURVE(2,(#10243,#10244,#10245,#10246
    ,#10247,#10248,#10249),.UNSPECIFIED.,.T.,.F.) 
B_SPLINE_CURVE_WITH_KNOTS((1,2,2,2,2,1),(-2.094395102393,0.,
    2.094395102393,4.188790204786,6.28318530718,8.377580409573),
.UNSPECIFIED.) CURVE() GEOMETRIC_REPRESENTATION_ITEM() 
RATIONAL_B_SPLINE_CURVE((1.,0.5,1.,0.5,1.,0.5,1.)) REPRESENTATION_ITEM(
  '') );
#10243 = CARTESIAN_POINT('',(-16.89495344687,-10.5337287839));
#10244 = CARTESIAN_POINT('',(-16.89495344687,-12.87199737412));
#10245 = CARTESIAN_POINT('',(-18.91995344687,-11.70286307901));
#10246 = CARTESIAN_POINT('',(-20.94495344687,-10.5337287839));
#10247 = CARTESIAN_POINT('',(-18.91995344687,-9.364594488796));
#10248 = CARTESIAN_POINT('',(-16.89495344687,-8.195460193687));
#10249 = CARTESIAN_POINT('',(-16.89495344687,-10.5337287839));
#10250 = ( GEOMETRIC_REPRESENTATION_CONTEXT(2) 
PARAMETRIC_REPRESENTATION_CONTEXT() REPRESENTATION_CONTEXT('2D SPACE',''
  ) );
#10251 = ORIENTED_EDGE('',*,*,#4071,.F.);
#10252 = ORIENTED_EDGE('',*,*,#10194,.F.);
#10253 = ORIENTED_EDGE('',*,*,#4139,.T.);
#10254 = ADVANCED_FACE('',(#10255),#4123,.T.);
#10255 = FACE_BOUND('',#10256,.T.);
#10256 = EDGE_LOOP('',(#10257,#10258));
#10257 = ORIENTED_EDGE('',*,*,#10226,.F.);
#10258 = ORIENTED_EDGE('',*,*,#4106,.F.);
#10259 = ADVANCED_FACE('',(#10260),#5732,.T.);
#10260 = FACE_BOUND('',#10261,.T.);
#10261 = EDGE_LOOP('',(#10262,#10263,#10284,#10285));
#10262 = ORIENTED_EDGE('',*,*,#7536,.T.);
#10263 = ORIENTED_EDGE('',*,*,#10264,.T.);
#10264 = EDGE_CURVE('',#7467,#5635,#10265,.T.);
#10265 = SURFACE_CURVE('',#10266,(#10270,#10277),.PCURVE_S1.);
#10266 = LINE('',#10267,#10268);
#10267 = CARTESIAN_POINT('',(-9.386257964188,-25.31596653161,-25.7));
#10268 = VECTOR('',#10269,1.);
#10269 = DIRECTION('',(-1.734723475977E-18,1.,-4.941768411644E-18));
#10270 = PCURVE('',#5732,#10271);
#10271 = DEFINITIONAL_REPRESENTATION('',(#10272),#10276);
#10272 = LINE('',#10273,#10274);
#10273 = CARTESIAN_POINT('',(28.558890880359,-5.011209140196));
#10274 = VECTOR('',#10275,1.);
#10275 = DIRECTION('',(0.,1.));
#10276 = ( GEOMETRIC_REPRESENTATION_CONTEXT(2) 
PARAMETRIC_REPRESENTATION_CONTEXT() REPRESENTATION_CONTEXT('2D SPACE',''
  ) );
#10277 = PCURVE('',#5682,#10278);
#10278 = DEFINITIONAL_REPRESENTATION('',(#10279),#10283);
#10279 = LINE('',#10280,#10281);
#10280 = CARTESIAN_POINT('',(1.570796326795,-25.31596653161));
#10281 = VECTOR('',#10282,1.);
#10282 = DIRECTION('',(0.,1.));
#10283 = ( GEOMETRIC_REPRESENTATION_CONTEXT(2) 
PARAMETRIC_REPRESENTATION_CONTEXT() REPRESENTATION_CONTEXT('2D SPACE',''
  ) );
#10284 = ORIENTED_EDGE('',*,*,#5716,.T.);
#10285 = ORIENTED_EDGE('',*,*,#10286,.T.);
#10286 = EDGE_CURVE('',#5717,#7537,#10287,.T.);
#10287 = SURFACE_CURVE('',#10288,(#10292,#10299),.PCURVE_S1.);
#10288 = LINE('',#10289,#10290);
#10289 = CARTESIAN_POINT('',(-9.386257964188,-29.01978913482,-20.7));
#10290 = VECTOR('',#10291,1.);
#10291 = DIRECTION('',(1.734723475977E-18,-1.,4.941768411644E-18));
#10292 = PCURVE('',#5732,#10293);
#10293 = DEFINITIONAL_REPRESENTATION('',(#10294),#10298);
#10294 = LINE('',#10295,#10296);
#10295 = CARTESIAN_POINT('',(23.558890880359,-8.715031743409));
#10296 = VECTOR('',#10297,1.);
#10297 = DIRECTION('',(0.,-1.));
#10298 = ( GEOMETRIC_REPRESENTATION_CONTEXT(2) 
PARAMETRIC_REPRESENTATION_CONTEXT() REPRESENTATION_CONTEXT('2D SPACE',''
  ) );
#10299 = PCURVE('',#5785,#10300);
#10300 = DEFINITIONAL_REPRESENTATION('',(#10301),#10305);
#10301 = LINE('',#10302,#10303);
#10302 = CARTESIAN_POINT('',(1.570796326795,29.019789134825));
#10303 = VECTOR('',#10304,1.);
#10304 = DIRECTION('',(0.,1.));
#10305 = ( GEOMETRIC_REPRESENTATION_CONTEXT(2) 
PARAMETRIC_REPRESENTATION_CONTEXT() REPRESENTATION_CONTEXT('2D SPACE',''
  ) );
#10306 = ADVANCED_FACE('',(#10307),#5933,.T.);
#10307 = FACE_BOUND('',#10308,.T.);
#10308 = EDGE_LOOP('',(#10309,#10310,#10331,#10332));
#10309 = ORIENTED_EDGE('',*,*,#5917,.T.);
#10310 = ORIENTED_EDGE('',*,*,#10311,.T.);
#10311 = EDGE_CURVE('',#5918,#7350,#10312,.T.);
#10312 = SURFACE_CURVE('',#10313,(#10317,#10324),.PCURVE_S1.);
#10313 = LINE('',#10314,#10315);
#10314 = CARTESIAN_POINT('',(9.386257964188,-28.49382672491,-25.7));
#10315 = VECTOR('',#10316,1.);
#10316 = DIRECTION('',(1.734723475977E-18,-1.,4.941768411644E-18));
#10317 = PCURVE('',#5933,#10318);
#10318 = DEFINITIONAL_REPRESENTATION('',(#10319),#10323);
#10319 = LINE('',#10320,#10321);
#10320 = CARTESIAN_POINT('',(-28.55889088035,-8.189069333503));
#10321 = VECTOR('',#10322,1.);
#10322 = DIRECTION('',(-0.,-1.));
#10323 = ( GEOMETRIC_REPRESENTATION_CONTEXT(2) 
PARAMETRIC_REPRESENTATION_CONTEXT() REPRESENTATION_CONTEXT('2D SPACE',''
  ) );
#10324 = PCURVE('',#5986,#10325);
#10325 = DEFINITIONAL_REPRESENTATION('',(#10326),#10330);
#10326 = LINE('',#10327,#10328);
#10327 = CARTESIAN_POINT('',(4.712388980385,28.493826724919));
#10328 = VECTOR('',#10329,1.);
#10329 = DIRECTION('',(0.,1.));
#10330 = ( GEOMETRIC_REPRESENTATION_CONTEXT(2) 
PARAMETRIC_REPRESENTATION_CONTEXT() REPRESENTATION_CONTEXT('2D SPACE',''
  ) );
#10331 = ORIENTED_EDGE('',*,*,#7349,.T.);
#10332 = ORIENTED_EDGE('',*,*,#10333,.T.);
#10333 = EDGE_CURVE('',#3820,#5848,#10334,.T.);
#10334 = SURFACE_CURVE('',#10335,(#10339,#10346),.PCURVE_S1.);
#10335 = LINE('',#10336,#10337);
#10336 = CARTESIAN_POINT('',(9.386257964188,-25.31596653161,-20.7));
#10337 = VECTOR('',#10338,1.);
#10338 = DIRECTION('',(-1.734723475977E-18,1.,-4.941768411644E-18));
#10339 = PCURVE('',#5933,#10340);
#10340 = DEFINITIONAL_REPRESENTATION('',(#10341),#10345);
#10341 = LINE('',#10342,#10343);
#10342 = CARTESIAN_POINT('',(-23.55889088035,-5.011209140196));
#10343 = VECTOR('',#10344,1.);
#10344 = DIRECTION('',(0.,1.));
#10345 = ( GEOMETRIC_REPRESENTATION_CONTEXT(2) 
PARAMETRIC_REPRESENTATION_CONTEXT() REPRESENTATION_CONTEXT('2D SPACE',''
  ) );
#10346 = PCURVE('',#3867,#10347);
#10347 = DEFINITIONAL_REPRESENTATION('',(#10348),#10352);
#10348 = LINE('',#10349,#10350);
#10349 = CARTESIAN_POINT('',(4.712388980385,-25.31596653161));
#10350 = VECTOR('',#10351,1.);
#10351 = DIRECTION('',(0.,1.));
#10352 = ( GEOMETRIC_REPRESENTATION_CONTEXT(2) 
PARAMETRIC_REPRESENTATION_CONTEXT() REPRESENTATION_CONTEXT('2D SPACE',''
  ) );
#10353 = ADVANCED_FACE('',(#10354),#4033,.F.);
#10354 = FACE_BOUND('',#10355,.F.);
#10355 = EDGE_LOOP('',(#10356,#10357,#10427,#10428));
#10356 = ORIENTED_EDGE('',*,*,#9163,.T.);
#10357 = ORIENTED_EDGE('',*,*,#10358,.F.);
#10358 = EDGE_CURVE('',#7537,#9164,#10359,.T.);
#10359 = SURFACE_CURVE('',#10360,(#10369,#10398),.PCURVE_S1.);
#10360 = B_SPLINE_CURVE_WITH_KNOTS('',3,(#10361,#10362,#10363,#10364,
    #10365,#10366,#10367,#10368),.UNSPECIFIED.,.F.,.F.,(4,2,2,4),(0.,
    2.675586250634E-04,5.351172501268E-04,1.070234500254E-03),
  .UNSPECIFIED.);
#10361 = CARTESIAN_POINT('',(-9.386257964188,-28.49382672491,-20.7));
#10362 = CARTESIAN_POINT('',(-9.386257964188,-28.49382672491,
    -20.60897258209));
#10363 = CARTESIAN_POINT('',(-9.360339018918,-28.52967468319,
    -20.52436256257));
#10364 = CARTESIAN_POINT('',(-9.288132489702,-28.62918489063,
    -20.39324566568));
#10365 = CARTESIAN_POINT('',(-9.242706336631,-28.69164239705,
    -20.34416989444));
#10366 = CARTESIAN_POINT('',(-9.099757791403,-28.88742870909,
    -20.23191897203));
#10367 = CARTESIAN_POINT('',(-8.99243012943,-29.0334460317,-20.2));
#10368 = CARTESIAN_POINT('',(-8.886257964188,-29.17677877,-20.2));
#10369 = PCURVE('',#4033,#10370);
#10370 = DEFINITIONAL_REPRESENTATION('',(#10371),#10397);
#10371 = B_SPLINE_CURVE_WITH_KNOTS('',3,(#10372,#10373,#10374,#10375,
    #10376,#10377,#10378,#10379,#10380,#10381,#10382,#10383,#10384,
    #10385,#10386,#10387,#10388,#10389,#10390,#10391,#10392,#10393,
    #10394,#10395,#10396),.UNSPECIFIED.,.F.,.F.,(4,1,1,1,1,1,1,1,1,1,1,1
    ,1,1,1,1,1,1,1,1,1,1,4),(0.,4.86470227388E-05,9.729404547761E-05,
    1.459410682164E-04,1.945880909552E-04,2.43235113694E-04,
    2.918821364328E-04,3.405291591716E-04,3.891761819104E-04,
    4.378232046492E-04,4.86470227388E-04,5.351172501268E-04,
    5.837642728656E-04,6.324112956044E-04,6.810583183433E-04,
    7.297053410821E-04,7.783523638209E-04,8.269993865597E-04,
    8.756464092985E-04,9.242934320373E-04,9.729404547761E-04,
    1.021587477515E-03,1.070234500254E-03),.QUASI_UNIFORM_KNOTS.);
#10372 = CARTESIAN_POINT('',(5.030607760483,3.14159265359));
#10373 = CARTESIAN_POINT('',(5.030607772456,3.174672615799));
#10374 = CARTESIAN_POINT('',(5.03052877623,3.240064961764));
#10375 = CARTESIAN_POINT('',(5.030199711906,3.335618210762));
#10376 = CARTESIAN_POINT('',(5.029686515509,3.428494188601));
#10377 = CARTESIAN_POINT('',(5.029015809089,3.518234027254));
#10378 = CARTESIAN_POINT('',(5.028214038898,3.604332189328));
#10379 = CARTESIAN_POINT('',(5.027308286341,3.685934820294));
#10380 = CARTESIAN_POINT('',(5.026327160481,3.763828133561));
#10381 = CARTESIAN_POINT('',(5.025280352057,3.838536670779));
#10382 = CARTESIAN_POINT('',(5.024180597983,3.910449718244));
#10383 = CARTESIAN_POINT('',(5.023039366238,3.979902417269));
#10384 = CARTESIAN_POINT('',(5.021869787876,4.047025814033));
#10385 = CARTESIAN_POINT('',(5.020679194948,4.112220582833));
#10386 = CARTESIAN_POINT('',(5.019465946945,4.175984906204));
#10387 = CARTESIAN_POINT('',(5.018234048001,4.238445214539));
#10388 = CARTESIAN_POINT('',(5.016985967461,4.299820376063));
#10389 = CARTESIAN_POINT('',(5.015724562673,4.360290937754));
#10390 = CARTESIAN_POINT('',(5.014452563003,4.420029484505));
#10391 = CARTESIAN_POINT('',(5.013172707401,4.479189054181));
#10392 = CARTESIAN_POINT('',(5.011887707204,4.537904000279));
#10393 = CARTESIAN_POINT('',(5.010600255095,4.596287404358));
#10394 = CARTESIAN_POINT('',(5.009313024869,4.654433241895));
#10395 = CARTESIAN_POINT('',(5.008456783263,4.693081578726));
#10396 = CARTESIAN_POINT('',(5.008029582746,4.712388980385));
#10397 = ( GEOMETRIC_REPRESENTATION_CONTEXT(2) 
PARAMETRIC_REPRESENTATION_CONTEXT() REPRESENTATION_CONTEXT('2D SPACE',''
  ) );
#10398 = PCURVE('',#5785,#10399);
#10399 = DEFINITIONAL_REPRESENTATION('',(#10400),#10426);
#10400 = B_SPLINE_CURVE_WITH_KNOTS('',3,(#10401,#10402,#10403,#10404,
    #10405,#10406,#10407,#10408,#10409,#10410,#10411,#10412,#10413,
    #10414,#10415,#10416,#10417,#10418,#10419,#10420,#10421,#10422,
    #10423,#10424,#10425),.UNSPECIFIED.,.F.,.F.,(4,1,1,1,1,1,1,1,1,1,1,1
    ,1,1,1,1,1,1,1,1,1,1,4),(0.,4.86470227388E-05,9.729404547761E-05,
    1.459410682164E-04,1.945880909552E-04,2.43235113694E-04,
    2.918821364328E-04,3.405291591716E-04,3.891761819104E-04,
    4.378232046492E-04,4.86470227388E-04,5.351172501268E-04,
    5.837642728656E-04,6.324112956044E-04,6.810583183433E-04,
    7.297053410821E-04,7.783523638209E-04,8.269993865597E-04,
    8.756464092985E-04,9.242934320373E-04,9.729404547761E-04,
    1.021587477515E-03,1.070234500254E-03),.QUASI_UNIFORM_KNOTS.);
#10401 = CARTESIAN_POINT('',(1.570796326795,28.493826724919));
#10402 = CARTESIAN_POINT('',(1.537716291823,28.493826724919));
#10403 = CARTESIAN_POINT('',(1.472324164258,28.496196849385));
#10404 = CARTESIAN_POINT('',(1.376771627506,28.50607105183));
#10405 = CARTESIAN_POINT('',(1.283895889957,28.521473327144));
#10406 = CARTESIAN_POINT('',(1.19415548621,28.54161128075));
#10407 = CARTESIAN_POINT('',(1.10805671947,28.565697910091));
#10408 = CARTESIAN_POINT('',(1.026454250364,28.59292609623));
#10409 = CARTESIAN_POINT('',(0.948558606385,28.622438864343));
#10410 = CARTESIAN_POINT('',(0.873848106031,28.653951326319));
#10411 = CARTESIAN_POINT('',(0.801935136941,28.687084829121));
#10412 = CARTESIAN_POINT('',(0.732484799702,28.721497199173));
#10413 = CARTESIAN_POINT('',(0.665364175445,28.756794109987));
#10414 = CARTESIAN_POINT('',(0.600166124594,28.792753367259));
#10415 = CARTESIAN_POINT('',(0.536393927771,28.829427312839));
#10416 = CARTESIAN_POINT('',(0.47392412344,28.866698022152));
#10417 = CARTESIAN_POINT('',(0.412540201908,28.904493193375));
#10418 = CARTESIAN_POINT('',(0.352063610936,28.942728300105));
#10419 = CARTESIAN_POINT('',(0.292323080846,28.981322091504));
#10420 = CARTESIAN_POINT('',(0.233166103566,29.020192439051));
#10421 = CARTESIAN_POINT('',(0.174457972966,29.0592574494));
#10422 = CARTESIAN_POINT('',(0.116084293409,29.098435166186));
#10423 = CARTESIAN_POINT('',(5.794891094507E-02,29.137643649938));
#10424 = CARTESIAN_POINT('',(1.930576210684E-02,29.16374852107));
#10425 = CARTESIAN_POINT('',(0.,29.176778770007));
#10426 = ( GEOMETRIC_REPRESENTATION_CONTEXT(2) 
PARAMETRIC_REPRESENTATION_CONTEXT() REPRESENTATION_CONTEXT('2D SPACE',''
  ) );
#10427 = ORIENTED_EDGE('',*,*,#7559,.T.);
#10428 = ORIENTED_EDGE('',*,*,#4016,.T.);
#10429 = ADVANCED_FACE('',(#10430),#5541,.T.);
#10430 = FACE_BOUND('',#10431,.T.);
#10431 = EDGE_LOOP('',(#10432,#10481,#10482,#10531));
#10432 = ORIENTED_EDGE('',*,*,#10433,.F.);
#10433 = EDGE_CURVE('',#5525,#8439,#10434,.T.);
#10434 = SURFACE_CURVE('',#10435,(#10442,#10471),.PCURVE_S1.);
#10435 = B_SPLINE_CURVE_WITH_KNOTS('',3,(#10436,#10437,#10438,#10439,
    #10440,#10441),.UNSPECIFIED.,.F.,.F.,(4,2,4),(1.971671673737E-07,
    3.912431664418E-04,7.822891657162E-04),.UNSPECIFIED.);
#10436 = CARTESIAN_POINT('',(-36.33426629993,16.727853790763,-19.7));
#10437 = CARTESIAN_POINT('',(-36.33426629993,16.727853790763,
    -19.83221697622));
#10438 = CARTESIAN_POINT('',(-36.28405740578,16.707056585852,
    -19.96151227599));
#10439 = CARTESIAN_POINT('',(-36.11331658151,16.636333420791,
    -20.14597979517));
#10440 = CARTESIAN_POINT('',(-35.99257416397,16.586320273892,-20.2));
#10441 = CARTESIAN_POINT('',(-35.87197492684,16.536366434258,-20.2));
#10442 = PCURVE('',#5541,#10443);
#10443 = DEFINITIONAL_REPRESENTATION('',(#10444),#10470);
#10444 = B_SPLINE_CURVE_WITH_KNOTS('',3,(#10445,#10446,#10447,#10448,
    #10449,#10450,#10451,#10452,#10453,#10454,#10455,#10456,#10457,
    #10458,#10459,#10460,#10461,#10462,#10463,#10464,#10465,#10466,
    #10467,#10468,#10469),.UNSPECIFIED.,.F.,.F.,(4,1,1,1,1,1,1,1,1,1,1,1
    ,1,1,1,1,1,1,1,1,1,1,4),(1.971671673737E-07,3.574680346505E-05,
    7.129643976272E-05,1.068460760604E-04,1.423957123581E-04,
    1.779453486557E-04,2.134949849534E-04,2.490446212511E-04,
    2.845942575488E-04,3.201438938464E-04,3.556935301441E-04,
    3.912431664418E-04,4.267928027395E-04,4.623424390371E-04,
    4.978920753348E-04,5.334417116325E-04,5.689913479302E-04,
    6.045409842278E-04,6.400906205255E-04,6.756402568232E-04,
    7.111898931209E-04,7.467395294185E-04,7.822891657162E-04),
  .QUASI_UNIFORM_KNOTS.);
#10445 = CARTESIAN_POINT('',(0.431458785848,0.));
#10446 = CARTESIAN_POINT('',(0.431458785927,2.403710183207E-02));
#10447 = CARTESIAN_POINT('',(0.431459655988,7.202376436484E-02));
#10448 = CARTESIAN_POINT('',(0.431463501219,0.143801046806));
#10449 = CARTESIAN_POINT('',(0.431469816666,0.215445429101));
#10450 = CARTESIAN_POINT('',(0.431478533626,0.286992075344));
#10451 = CARTESIAN_POINT('',(0.431489584085,0.35846042331));
#10452 = CARTESIAN_POINT('',(0.431502900756,0.429856708463));
#10453 = CARTESIAN_POINT('',(0.431518416951,0.501181446822));
#10454 = CARTESIAN_POINT('',(0.431536066569,0.572435485535));
#10455 = CARTESIAN_POINT('',(0.431555783802,0.643627824869));
#10456 = CARTESIAN_POINT('',(0.431577503871,0.714777703174));
#10457 = CARTESIAN_POINT('',(0.431601159934,0.785936729525));
#10458 = CARTESIAN_POINT('',(0.4316266943,0.857134544319));
#10459 = CARTESIAN_POINT('',(0.431653951791,0.928391786666));
#10460 = CARTESIAN_POINT('',(0.431682767883,0.999741238612));
#10461 = CARTESIAN_POINT('',(0.431712979845,1.071174659141));
#10462 = CARTESIAN_POINT('',(0.431744423586,1.142666297667));
#10463 = CARTESIAN_POINT('',(0.431776934356,1.214176619124));
#10464 = CARTESIAN_POINT('',(0.431810346421,1.285661987211));
#10465 = CARTESIAN_POINT('',(0.431844493053,1.357082643245));
#10466 = CARTESIAN_POINT('',(0.431879206393,1.428412379048));
#10467 = CARTESIAN_POINT('',(0.431914317557,1.499642336999));
#10468 = CARTESIAN_POINT('',(0.431937876526,1.547083644318));
#10469 = CARTESIAN_POINT('',(0.431949665548,1.570796326795));
#10470 = ( GEOMETRIC_REPRESENTATION_CONTEXT(2) 
PARAMETRIC_REPRESENTATION_CONTEXT() REPRESENTATION_CONTEXT('2D SPACE',''
  ) );
#10471 = PCURVE('',#5569,#10472);
#10472 = DEFINITIONAL_REPRESENTATION('',(#10473),#10480);
#10473 = B_SPLINE_CURVE_WITH_KNOTS('',3,(#10474,#10475,#10476,#10477,
    #10478,#10479),.UNSPECIFIED.,.F.,.F.,(4,2,4),(1.971671673737E-07,
    3.912431664418E-04,7.822891657162E-04),.UNSPECIFIED.);
#10474 = CARTESIAN_POINT('',(1.530042531922,1.));
#10475 = CARTESIAN_POINT('',(1.530042531922,1.132216976224));
#10476 = CARTESIAN_POINT('',(1.584388247341,1.261512275993));
#10477 = CARTESIAN_POINT('',(1.769196783798,1.445979795171));
#10478 = CARTESIAN_POINT('',(1.899887434788,1.5));
#10479 = CARTESIAN_POINT('',(2.030423108424,1.5));
#10480 = ( GEOMETRIC_REPRESENTATION_CONTEXT(2) 
PARAMETRIC_REPRESENTATION_CONTEXT() REPRESENTATION_CONTEXT('2D SPACE',''
  ) );
#10481 = ORIENTED_EDGE('',*,*,#5524,.F.);
#10482 = ORIENTED_EDGE('',*,*,#10483,.F.);
#10483 = EDGE_CURVE('',#8462,#5497,#10484,.T.);
#10484 = SURFACE_CURVE('',#10485,(#10492,#10521),.PCURVE_S1.);
#10485 = B_SPLINE_CURVE_WITH_KNOTS('',3,(#10486,#10487,#10488,#10489,
    #10490,#10491),.UNSPECIFIED.,.F.,.F.,(4,2,4),(7.822956777504E-04,
    1.173007786458E-03,1.563719895165E-03),.UNSPECIFIED.);
#10486 = CARTESIAN_POINT('',(-16.53636643425,35.871974926841,-20.2));
#10487 = CARTESIAN_POINT('',(-16.5862776119,35.99247116883,-20.2));
#10488 = CARTESIAN_POINT('',(-16.63593959178,36.11236579418,
    -20.14700008884));
#10489 = CARTESIAN_POINT('',(-16.70744034371,36.284983879228,
    -19.96051824995));
#10490 = CARTESIAN_POINT('',(-16.72785379076,36.334266299939,
    -19.8321102537));
#10491 = CARTESIAN_POINT('',(-16.72785379076,36.334266299938,-19.7));
#10492 = PCURVE('',#5541,#10493);
#10493 = DEFINITIONAL_REPRESENTATION('',(#10494),#10520);
#10494 = B_SPLINE_CURVE_WITH_KNOTS('',3,(#10495,#10496,#10497,#10498,
    #10499,#10500,#10501,#10502,#10503,#10504,#10505,#10506,#10507,
    #10508,#10509,#10510,#10511,#10512,#10513,#10514,#10515,#10516,
    #10517,#10518,#10519),.UNSPECIFIED.,.F.,.F.,(4,1,1,1,1,1,1,1,1,1,1,1
    ,1,1,1,1,1,1,1,1,1,1,4),(7.822956777504E-04,8.178149603601E-04,
    8.533342429699E-04,8.888535255796E-04,9.243728081894E-04,
    9.598920907991E-04,9.954113734089E-04,1.030930656019E-03,
    1.066449938628E-03,1.101969221238E-03,1.137488503848E-03,
    1.173007786458E-03,1.208527069067E-03,1.244046351677E-03,
    1.279565634287E-03,1.315084916897E-03,1.350604199506E-03,
    1.386123482116E-03,1.421642764726E-03,1.457162047336E-03,
    1.492681329945E-03,1.528200612555E-03,1.563719895165E-03),
  .QUASI_UNIFORM_KNOTS.);
#10495 = CARTESIAN_POINT('',(1.138846661247,1.570796326795));
#10496 = CARTESIAN_POINT('',(1.138858440193,1.547103148051));
#10497 = CARTESIAN_POINT('',(1.138881965839,1.499730352498));
#10498 = CARTESIAN_POINT('',(1.138916999838,1.428672834159));
#10499 = CARTESIAN_POINT('',(1.138951621207,1.357569639447));
#10500 = CARTESIAN_POINT('',(1.138985673304,1.286402608952));
#10501 = CARTESIAN_POINT('',(1.139019000451,1.215165037626));
#10502 = CARTESIAN_POINT('',(1.139051447952,1.143858541713));
#10503 = CARTESIAN_POINT('',(1.139082862243,1.072484702275));
#10504 = CARTESIAN_POINT('',(1.139113089881,1.001041816885));
#10505 = CARTESIAN_POINT('',(1.139141980979,0.929506319197));
#10506 = CARTESIAN_POINT('',(1.139169375926,0.857871396551));
#10507 = CARTESIAN_POINT('',(1.139195154477,0.78597414376));
#10508 = CARTESIAN_POINT('',(1.139219051982,0.71411420796));
#10509 = CARTESIAN_POINT('',(1.139240903185,0.642582604482));
#10510 = CARTESIAN_POINT('',(1.139260687307,0.571197935845));
#10511 = CARTESIAN_POINT('',(1.139278344336,0.499926335738));
#10512 = CARTESIAN_POINT('',(1.139293824181,0.428710047534));
#10513 = CARTESIAN_POINT('',(1.139307073426,0.35750765996));
#10514 = CARTESIAN_POINT('',(1.139318038799,0.286277316551));
#10515 = CARTESIAN_POINT('',(1.13932666617,0.214975306918));
#10516 = CARTESIAN_POINT('',(1.139332900708,0.14354983038));
#10517 = CARTESIAN_POINT('',(1.139336686862,7.193911728611E-02));
#10518 = CARTESIAN_POINT('',(1.139337540869,2.40184490563E-02));
#10519 = CARTESIAN_POINT('',(1.139337540946,0.));
#10520 = ( GEOMETRIC_REPRESENTATION_CONTEXT(2) 
PARAMETRIC_REPRESENTATION_CONTEXT() REPRESENTATION_CONTEXT('2D SPACE',''
  ) );
#10521 = PCURVE('',#5512,#10522);
#10522 = DEFINITIONAL_REPRESENTATION('',(#10523),#10530);
#10523 = B_SPLINE_CURVE_WITH_KNOTS('',3,(#10524,#10525,#10526,#10527,
    #10528,#10529),.UNSPECIFIED.,.F.,.F.,(4,2,4),(7.822956777504E-04,
    1.173007786458E-03,1.563719895165E-03),.UNSPECIFIED.);
#10524 = CARTESIAN_POINT('',(-2.030423108424,1.5));
#10525 = CARTESIAN_POINT('',(-1.899998915931,1.5));
#10526 = CARTESIAN_POINT('',(-1.770225908596,1.447000088842));
#10527 = CARTESIAN_POINT('',(-1.58338543971,1.260518249952));
#10528 = CARTESIAN_POINT('',(-1.530042531921,1.132110253704));
#10529 = CARTESIAN_POINT('',(-1.530042531922,1.));
#10530 = ( GEOMETRIC_REPRESENTATION_CONTEXT(2) 
PARAMETRIC_REPRESENTATION_CONTEXT() REPRESENTATION_CONTEXT('2D SPACE',''
  ) );
#10531 = ORIENTED_EDGE('',*,*,#8461,.F.);
#10532 = ADVANCED_FACE('',(#10533),#3751,.T.);
#10533 = FACE_BOUND('',#10534,.T.);
#10534 = EDGE_LOOP('',(#10535,#10536,#10537,#10538));
#10535 = ORIENTED_EDGE('',*,*,#3734,.F.);
#10536 = ORIENTED_EDGE('',*,*,#7325,.F.);
#10537 = ORIENTED_EDGE('',*,*,#3792,.T.);
#10538 = ORIENTED_EDGE('',*,*,#9647,.F.);
#10539 = ADVANCED_FACE('',(#10540),#5682,.F.);
#10540 = FACE_BOUND('',#10541,.F.);
#10541 = EDGE_LOOP('',(#10542,#10543,#10544,#10545));
#10542 = ORIENTED_EDGE('',*,*,#9704,.T.);
#10543 = ORIENTED_EDGE('',*,*,#7466,.T.);
#10544 = ORIENTED_EDGE('',*,*,#10264,.T.);
#10545 = ORIENTED_EDGE('',*,*,#5634,.T.);
#10546 = ADVANCED_FACE('',(#10547),#5986,.F.);
#10547 = FACE_BOUND('',#10548,.F.);
#10548 = EDGE_LOOP('',(#10549,#10550,#10551,#10552));
#10549 = ORIENTED_EDGE('',*,*,#9726,.T.);
#10550 = ORIENTED_EDGE('',*,*,#5945,.T.);
#10551 = ORIENTED_EDGE('',*,*,#10311,.T.);
#10552 = ORIENTED_EDGE('',*,*,#7372,.T.);
#10553 = ADVANCED_FACE('',(#10554),#5785,.F.);
#10554 = FACE_BOUND('',#10555,.F.);
#10555 = EDGE_LOOP('',(#10556,#10557,#10558,#10559));
#10556 = ORIENTED_EDGE('',*,*,#9191,.T.);
#10557 = ORIENTED_EDGE('',*,*,#5744,.T.);
#10558 = ORIENTED_EDGE('',*,*,#10286,.T.);
#10559 = ORIENTED_EDGE('',*,*,#10358,.T.);
#10560 = ADVANCED_FACE('',(#10561),#3867,.F.);
#10561 = FACE_BOUND('',#10562,.F.);
#10562 = EDGE_LOOP('',(#10563,#10564,#10565,#10566));
#10563 = ORIENTED_EDGE('',*,*,#9213,.T.);
#10564 = ORIENTED_EDGE('',*,*,#3817,.T.);
#10565 = ORIENTED_EDGE('',*,*,#10333,.T.);
#10566 = ORIENTED_EDGE('',*,*,#5847,.T.);
#10567 = ADVANCED_FACE('',(#10568),#3599,.F.);
#10568 = FACE_BOUND('',#10569,.F.);
#10569 = EDGE_LOOP('',(#10570,#10571,#10572,#10573));
#10570 = ORIENTED_EDGE('',*,*,#9673,.T.);
#10571 = ORIENTED_EDGE('',*,*,#3575,.F.);
#10572 = ORIENTED_EDGE('',*,*,#5040,.T.);
#10573 = ORIENTED_EDGE('',*,*,#3644,.T.);
#10574 = ADVANCED_FACE('',(#10575),#3491,.F.);
#10575 = FACE_BOUND('',#10576,.F.);
#10576 = EDGE_LOOP('',(#10577,#10578,#10579,#10580));
#10577 = ORIENTED_EDGE('',*,*,#9136,.F.);
#10578 = ORIENTED_EDGE('',*,*,#3468,.F.);
#10579 = ORIENTED_EDGE('',*,*,#9612,.T.);
#10580 = ORIENTED_EDGE('',*,*,#3527,.T.);
#10581 = ADVANCED_FACE('',(#10582),#3384,.F.);
#10582 = FACE_BOUND('',#10583,.F.);
#10583 = EDGE_LOOP('',(#10584,#10585,#10586,#10587));
#10584 = ORIENTED_EDGE('',*,*,#9111,.F.);
#10585 = ORIENTED_EDGE('',*,*,#3361,.F.);
#10586 = ORIENTED_EDGE('',*,*,#9587,.T.);
#10587 = ORIENTED_EDGE('',*,*,#3420,.T.);
#10588 = ADVANCED_FACE('',(#10589),#3277,.F.);
#10589 = FACE_BOUND('',#10590,.F.);
#10590 = EDGE_LOOP('',(#10591,#10592,#10593,#10594));
#10591 = ORIENTED_EDGE('',*,*,#9086,.F.);
#10592 = ORIENTED_EDGE('',*,*,#3254,.F.);
#10593 = ORIENTED_EDGE('',*,*,#9562,.T.);
#10594 = ORIENTED_EDGE('',*,*,#3313,.T.);
#10595 = ADVANCED_FACE('',(#10596),#3170,.F.);
#10596 = FACE_BOUND('',#10597,.F.);
#10597 = EDGE_LOOP('',(#10598,#10599,#10600,#10601));
#10598 = ORIENTED_EDGE('',*,*,#9061,.F.);
#10599 = ORIENTED_EDGE('',*,*,#3147,.F.);
#10600 = ORIENTED_EDGE('',*,*,#9537,.T.);
#10601 = ORIENTED_EDGE('',*,*,#3206,.T.);
#10602 = ADVANCED_FACE('',(#10603),#3063,.F.);
#10603 = FACE_BOUND('',#10604,.F.);
#10604 = EDGE_LOOP('',(#10605,#10606,#10607,#10608));
#10605 = ORIENTED_EDGE('',*,*,#9036,.F.);
#10606 = ORIENTED_EDGE('',*,*,#3040,.F.);
#10607 = ORIENTED_EDGE('',*,*,#9512,.T.);
#10608 = ORIENTED_EDGE('',*,*,#3099,.T.);
#10609 = ADVANCED_FACE('',(#10610),#2956,.F.);
#10610 = FACE_BOUND('',#10611,.F.);
#10611 = EDGE_LOOP('',(#10612,#10613,#10614,#10615));
#10612 = ORIENTED_EDGE('',*,*,#9011,.F.);
#10613 = ORIENTED_EDGE('',*,*,#2933,.F.);
#10614 = ORIENTED_EDGE('',*,*,#9487,.T.);
#10615 = ORIENTED_EDGE('',*,*,#2992,.T.);
#10616 = ADVANCED_FACE('',(#10617),#2849,.F.);
#10617 = FACE_BOUND('',#10618,.F.);
#10618 = EDGE_LOOP('',(#10619,#10620,#10621,#10622));
#10619 = ORIENTED_EDGE('',*,*,#8986,.F.);
#10620 = ORIENTED_EDGE('',*,*,#2826,.F.);
#10621 = ORIENTED_EDGE('',*,*,#9462,.T.);
#10622 = ORIENTED_EDGE('',*,*,#2885,.T.);
#10623 = ADVANCED_FACE('',(#10624),#2742,.F.);
#10624 = FACE_BOUND('',#10625,.F.);
#10625 = EDGE_LOOP('',(#10626,#10627,#10628,#10629));
#10626 = ORIENTED_EDGE('',*,*,#8961,.F.);
#10627 = ORIENTED_EDGE('',*,*,#2719,.F.);
#10628 = ORIENTED_EDGE('',*,*,#9437,.T.);
#10629 = ORIENTED_EDGE('',*,*,#2778,.T.);
#10630 = ADVANCED_FACE('',(#10631),#2630,.F.);
#10631 = FACE_BOUND('',#10632,.F.);
#10632 = EDGE_LOOP('',(#10633,#10634,#10635,#10657));
#10633 = ORIENTED_EDGE('',*,*,#8936,.F.);
#10634 = ORIENTED_EDGE('',*,*,#2607,.F.);
#10635 = ORIENTED_EDGE('',*,*,#10636,.T.);
#10636 = EDGE_CURVE('',#2608,#2667,#10637,.T.);
#10637 = SURFACE_CURVE('',#10638,(#10643,#10650),.PCURVE_S1.);
#10638 = CIRCLE('',#10639,2.);
#10639 = AXIS2_PLACEMENT_3D('',#10640,#10641,#10642);
#10640 = CARTESIAN_POINT('',(-9.058666578588,-33.80740392011,-19.7));
#10641 = DIRECTION('',(6.305496559635E-17,-4.941768411644E-18,-1.));
#10642 = DIRECTION('',(-1.,-1.734723475977E-18,-6.305496559635E-17));
#10643 = PCURVE('',#2630,#10644);
#10644 = DEFINITIONAL_REPRESENTATION('',(#10645),#10649);
#10645 = LINE('',#10646,#10647);
#10646 = CARTESIAN_POINT('',(0.,0.));
#10647 = VECTOR('',#10648,1.);
#10648 = DIRECTION('',(1.,0.));
#10649 = ( GEOMETRIC_REPRESENTATION_CONTEXT(2) 
PARAMETRIC_REPRESENTATION_CONTEXT() REPRESENTATION_CONTEXT('2D SPACE',''
  ) );
#10650 = PCURVE('',#2704,#10651);
#10651 = DEFINITIONAL_REPRESENTATION('',(#10652),#10656);
#10652 = CIRCLE('',#10653,2.);
#10653 = AXIS2_PLACEMENT_2D('',#10654,#10655);
#10654 = CARTESIAN_POINT('',(0.,0.));
#10655 = DIRECTION('',(1.,0.));
#10656 = ( GEOMETRIC_REPRESENTATION_CONTEXT(2) 
PARAMETRIC_REPRESENTATION_CONTEXT() REPRESENTATION_CONTEXT('2D SPACE',''
  ) );
#10657 = ORIENTED_EDGE('',*,*,#2666,.T.);
#10658 = ADVANCED_FACE('',(#10659),#2704,.T.);
#10659 = FACE_BOUND('',#10660,.T.);
#10660 = EDGE_LOOP('',(#10661,#10662));
#10661 = ORIENTED_EDGE('',*,*,#10636,.T.);
#10662 = ORIENTED_EDGE('',*,*,#2689,.T.);
#10663 = ADVANCED_FACE('',(#10664),#2518,.F.);
#10664 = FACE_BOUND('',#10665,.F.);
#10665 = EDGE_LOOP('',(#10666,#10667,#10668,#10690));
#10666 = ORIENTED_EDGE('',*,*,#8911,.F.);
#10667 = ORIENTED_EDGE('',*,*,#2495,.F.);
#10668 = ORIENTED_EDGE('',*,*,#10669,.T.);
#10669 = EDGE_CURVE('',#2496,#2555,#10670,.T.);
#10670 = SURFACE_CURVE('',#10671,(#10676,#10683),.PCURVE_S1.);
#10671 = CIRCLE('',#10672,2.);
#10672 = AXIS2_PLACEMENT_3D('',#10673,#10674,#10675);
#10673 = CARTESIAN_POINT('',(9.058666578588,-33.80740392011,-19.7));
#10674 = DIRECTION('',(6.305496559635E-17,-4.941768411644E-18,-1.));
#10675 = DIRECTION('',(-0.866025403784,-0.5,-5.213631783537E-17));
#10676 = PCURVE('',#2518,#10677);
#10677 = DEFINITIONAL_REPRESENTATION('',(#10678),#10682);
#10678 = LINE('',#10679,#10680);
#10679 = CARTESIAN_POINT('',(-0.523598775598,0.));
#10680 = VECTOR('',#10681,1.);
#10681 = DIRECTION('',(1.,0.));
#10682 = ( GEOMETRIC_REPRESENTATION_CONTEXT(2) 
PARAMETRIC_REPRESENTATION_CONTEXT() REPRESENTATION_CONTEXT('2D SPACE',''
  ) );
#10683 = PCURVE('',#2592,#10684);
#10684 = DEFINITIONAL_REPRESENTATION('',(#10685),#10689);
#10685 = CIRCLE('',#10686,2.);
#10686 = AXIS2_PLACEMENT_2D('',#10687,#10688);
#10687 = CARTESIAN_POINT('',(0.,0.));
#10688 = DIRECTION('',(1.,4.996003610813E-16));
#10689 = ( GEOMETRIC_REPRESENTATION_CONTEXT(2) 
PARAMETRIC_REPRESENTATION_CONTEXT() REPRESENTATION_CONTEXT('2D SPACE',''
  ) );
#10690 = ORIENTED_EDGE('',*,*,#2554,.T.);
#10691 = ADVANCED_FACE('',(#10692),#2592,.T.);
#10692 = FACE_BOUND('',#10693,.T.);
#10693 = EDGE_LOOP('',(#10694,#10695));
#10694 = ORIENTED_EDGE('',*,*,#10669,.T.);
#10695 = ORIENTED_EDGE('',*,*,#2577,.T.);
#10696 = ADVANCED_FACE('',(#10697),#2406,.F.);
#10697 = FACE_BOUND('',#10698,.F.);
#10698 = EDGE_LOOP('',(#10699,#10700,#10701,#10723));
#10699 = ORIENTED_EDGE('',*,*,#8886,.F.);
#10700 = ORIENTED_EDGE('',*,*,#2383,.F.);
#10701 = ORIENTED_EDGE('',*,*,#10702,.T.);
#10702 = EDGE_CURVE('',#2384,#2443,#10703,.T.);
#10703 = SURFACE_CURVE('',#10704,(#10709,#10716),.PCURVE_S1.);
#10704 = CIRCLE('',#10705,2.);
#10705 = AXIS2_PLACEMENT_3D('',#10706,#10707,#10708);
#10706 = CARTESIAN_POINT('',(-17.5,-30.31088913245,-19.7));
#10707 = DIRECTION('',(6.305496559635E-17,-4.941768411644E-18,-1.));
#10708 = DIRECTION('',(-0.965925826289,0.258819045103,-6.21854435267E-17
    ));
#10709 = PCURVE('',#2406,#10710);
#10710 = DEFINITIONAL_REPRESENTATION('',(#10711),#10715);
#10711 = LINE('',#10712,#10713);
#10712 = CARTESIAN_POINT('',(-6.02138591938,0.));
#10713 = VECTOR('',#10714,1.);
#10714 = DIRECTION('',(1.,0.));
#10715 = ( GEOMETRIC_REPRESENTATION_CONTEXT(2) 
PARAMETRIC_REPRESENTATION_CONTEXT() REPRESENTATION_CONTEXT('2D SPACE',''
  ) );
#10716 = PCURVE('',#2480,#10717);
#10717 = DEFINITIONAL_REPRESENTATION('',(#10718),#10722);
#10718 = CIRCLE('',#10719,2.);
#10719 = AXIS2_PLACEMENT_2D('',#10720,#10721);
#10720 = CARTESIAN_POINT('',(0.,0.));
#10721 = DIRECTION('',(1.,-4.718447854657E-16));
#10722 = ( GEOMETRIC_REPRESENTATION_CONTEXT(2) 
PARAMETRIC_REPRESENTATION_CONTEXT() REPRESENTATION_CONTEXT('2D SPACE',''
  ) );
#10723 = ORIENTED_EDGE('',*,*,#2442,.T.);
#10724 = ADVANCED_FACE('',(#10725),#2480,.T.);
#10725 = FACE_BOUND('',#10726,.T.);
#10726 = EDGE_LOOP('',(#10727,#10728));
#10727 = ORIENTED_EDGE('',*,*,#10702,.T.);
#10728 = ORIENTED_EDGE('',*,*,#2465,.T.);
#10729 = ADVANCED_FACE('',(#10730),#2294,.F.);
#10730 = FACE_BOUND('',#10731,.F.);
#10731 = EDGE_LOOP('',(#10732,#10733,#10734,#10756));
#10732 = ORIENTED_EDGE('',*,*,#8861,.F.);
#10733 = ORIENTED_EDGE('',*,*,#2271,.F.);
#10734 = ORIENTED_EDGE('',*,*,#10735,.T.);
#10735 = EDGE_CURVE('',#2272,#2331,#10736,.T.);
#10736 = SURFACE_CURVE('',#10737,(#10742,#10749),.PCURVE_S1.);
#10737 = CIRCLE('',#10738,2.);
#10738 = AXIS2_PLACEMENT_3D('',#10739,#10740,#10741);
#10739 = CARTESIAN_POINT('',(-30.31088913245,-17.5,-19.7));
#10740 = DIRECTION('',(6.305496559635E-17,-4.941768411644E-18,-1.));
#10741 = DIRECTION('',(-0.707106781187,0.707106781187,
    -4.808095171559E-17));
#10742 = PCURVE('',#2294,#10743);
#10743 = DEFINITIONAL_REPRESENTATION('',(#10744),#10748);
#10744 = LINE('',#10745,#10746);
#10745 = CARTESIAN_POINT('',(-5.497787143782,0.));
#10746 = VECTOR('',#10747,1.);
#10747 = DIRECTION('',(1.,0.));
#10748 = ( GEOMETRIC_REPRESENTATION_CONTEXT(2) 
PARAMETRIC_REPRESENTATION_CONTEXT() REPRESENTATION_CONTEXT('2D SPACE',''
  ) );
#10749 = PCURVE('',#2368,#10750);
#10750 = DEFINITIONAL_REPRESENTATION('',(#10751),#10755);
#10751 = CIRCLE('',#10752,2.);
#10752 = AXIS2_PLACEMENT_2D('',#10753,#10754);
#10753 = CARTESIAN_POINT('',(0.,0.));
#10754 = DIRECTION('',(1.,1.165734175856E-15));
#10755 = ( GEOMETRIC_REPRESENTATION_CONTEXT(2) 
PARAMETRIC_REPRESENTATION_CONTEXT() REPRESENTATION_CONTEXT('2D SPACE',''
  ) );
#10756 = ORIENTED_EDGE('',*,*,#2330,.T.);
#10757 = ADVANCED_FACE('',(#10758),#2368,.T.);
#10758 = FACE_BOUND('',#10759,.T.);
#10759 = EDGE_LOOP('',(#10760,#10761));
#10760 = ORIENTED_EDGE('',*,*,#10735,.T.);
#10761 = ORIENTED_EDGE('',*,*,#2353,.T.);
#10762 = ADVANCED_FACE('',(#10763),#2182,.F.);
#10763 = FACE_BOUND('',#10764,.F.);
#10764 = EDGE_LOOP('',(#10765,#10766,#10767,#10789));
#10765 = ORIENTED_EDGE('',*,*,#8836,.F.);
#10766 = ORIENTED_EDGE('',*,*,#2159,.F.);
#10767 = ORIENTED_EDGE('',*,*,#10768,.T.);
#10768 = EDGE_CURVE('',#2160,#2219,#10769,.T.);
#10769 = SURFACE_CURVE('',#10770,(#10775,#10782),.PCURVE_S1.);
#10770 = CIRCLE('',#10771,2.);
#10771 = AXIS2_PLACEMENT_3D('',#10772,#10773,#10774);
#10772 = CARTESIAN_POINT('',(-33.80740392011,-9.058666578589,-19.7));
#10773 = DIRECTION('',(6.305496559635E-17,-4.941768411644E-18,-1.));
#10774 = DIRECTION('',(-0.5,0.866025403784,-3.580717978228E-17));
#10775 = PCURVE('',#2182,#10776);
#10776 = DEFINITIONAL_REPRESENTATION('',(#10777),#10781);
#10777 = LINE('',#10778,#10779);
#10778 = CARTESIAN_POINT('',(-5.235987755983,0.));
#10779 = VECTOR('',#10780,1.);
#10780 = DIRECTION('',(1.,0.));
#10781 = ( GEOMETRIC_REPRESENTATION_CONTEXT(2) 
PARAMETRIC_REPRESENTATION_CONTEXT() REPRESENTATION_CONTEXT('2D SPACE',''
  ) );
#10782 = PCURVE('',#2256,#10783);
#10783 = DEFINITIONAL_REPRESENTATION('',(#10784),#10788);
#10784 = CIRCLE('',#10785,2.);
#10785 = AXIS2_PLACEMENT_2D('',#10786,#10787);
#10786 = CARTESIAN_POINT('',(0.,0.));
#10787 = DIRECTION('',(1.,-6.106226635438E-16));
#10788 = ( GEOMETRIC_REPRESENTATION_CONTEXT(2) 
PARAMETRIC_REPRESENTATION_CONTEXT() REPRESENTATION_CONTEXT('2D SPACE',''
  ) );
#10789 = ORIENTED_EDGE('',*,*,#2218,.T.);
#10790 = ADVANCED_FACE('',(#10791),#2256,.T.);
#10791 = FACE_BOUND('',#10792,.T.);
#10792 = EDGE_LOOP('',(#10793,#10794));
#10793 = ORIENTED_EDGE('',*,*,#10768,.T.);
#10794 = ORIENTED_EDGE('',*,*,#2241,.T.);
#10795 = ADVANCED_FACE('',(#10796),#2070,.F.);
#10796 = FACE_BOUND('',#10797,.F.);
#10797 = EDGE_LOOP('',(#10798,#10799,#10800,#10822));
#10798 = ORIENTED_EDGE('',*,*,#8811,.F.);
#10799 = ORIENTED_EDGE('',*,*,#2047,.F.);
#10800 = ORIENTED_EDGE('',*,*,#10801,.T.);
#10801 = EDGE_CURVE('',#2048,#2107,#10802,.T.);
#10802 = SURFACE_CURVE('',#10803,(#10808,#10815),.PCURVE_S1.);
#10803 = CIRCLE('',#10804,2.);
#10804 = AXIS2_PLACEMENT_3D('',#10805,#10806,#10807);
#10805 = CARTESIAN_POINT('',(-33.80740392011,9.058666578588,-19.7));
#10806 = DIRECTION('',(6.305496559635E-17,-4.941768411644E-18,-1.));
#10807 = DIRECTION('',(-1.041007557934E-14,1.,-4.941768411645E-18));
#10808 = PCURVE('',#2070,#10809);
#10809 = DEFINITIONAL_REPRESENTATION('',(#10810),#10814);
#10810 = LINE('',#10811,#10812);
#10811 = CARTESIAN_POINT('',(-4.712388980385,0.));
#10812 = VECTOR('',#10813,1.);
#10813 = DIRECTION('',(1.,0.));
#10814 = ( GEOMETRIC_REPRESENTATION_CONTEXT(2) 
PARAMETRIC_REPRESENTATION_CONTEXT() REPRESENTATION_CONTEXT('2D SPACE',''
  ) );
#10815 = PCURVE('',#2144,#10816);
#10816 = DEFINITIONAL_REPRESENTATION('',(#10817),#10821);
#10817 = CIRCLE('',#10818,2.);
#10818 = AXIS2_PLACEMENT_2D('',#10819,#10820);
#10819 = CARTESIAN_POINT('',(0.,0.));
#10820 = DIRECTION('',(1.,6.610316066856E-17));
#10821 = ( GEOMETRIC_REPRESENTATION_CONTEXT(2) 
PARAMETRIC_REPRESENTATION_CONTEXT() REPRESENTATION_CONTEXT('2D SPACE',''
  ) );
#10822 = ORIENTED_EDGE('',*,*,#2106,.T.);
#10823 = ADVANCED_FACE('',(#10824),#2144,.T.);
#10824 = FACE_BOUND('',#10825,.T.);
#10825 = EDGE_LOOP('',(#10826,#10827));
#10826 = ORIENTED_EDGE('',*,*,#10801,.T.);
#10827 = ORIENTED_EDGE('',*,*,#2129,.T.);
#10828 = ADVANCED_FACE('',(#10829),#1958,.F.);
#10829 = FACE_BOUND('',#10830,.F.);
#10830 = EDGE_LOOP('',(#10831,#10832,#10833,#10855));
#10831 = ORIENTED_EDGE('',*,*,#8786,.F.);
#10832 = ORIENTED_EDGE('',*,*,#1935,.F.);
#10833 = ORIENTED_EDGE('',*,*,#10834,.T.);
#10834 = EDGE_CURVE('',#1936,#1995,#10835,.T.);
#10835 = SURFACE_CURVE('',#10836,(#10841,#10848),.PCURVE_S1.);
#10836 = CIRCLE('',#10837,2.);
#10837 = AXIS2_PLACEMENT_3D('',#10838,#10839,#10840);
#10838 = CARTESIAN_POINT('',(-30.31088913245,17.5,-19.7));
#10839 = DIRECTION('',(6.305496559635E-17,-4.941768411644E-18,-1.));
#10840 = DIRECTION('',(0.258819045103,0.965925826289,1.154644424827E-17)
  );
#10841 = PCURVE('',#1958,#10842);
#10842 = DEFINITIONAL_REPRESENTATION('',(#10843),#10847);
#10843 = LINE('',#10844,#10845);
#10844 = CARTESIAN_POINT('',(-4.450589592586,0.));
#10845 = VECTOR('',#10846,1.);
#10846 = DIRECTION('',(1.,0.));
#10847 = ( GEOMETRIC_REPRESENTATION_CONTEXT(2) 
PARAMETRIC_REPRESENTATION_CONTEXT() REPRESENTATION_CONTEXT('2D SPACE',''
  ) );
#10848 = PCURVE('',#2032,#10849);
#10849 = DEFINITIONAL_REPRESENTATION('',(#10850),#10854);
#10850 = CIRCLE('',#10851,2.);
#10851 = AXIS2_PLACEMENT_2D('',#10852,#10853);
#10852 = CARTESIAN_POINT('',(0.,0.));
#10853 = DIRECTION('',(1.,-5.828670879282E-16));
#10854 = ( GEOMETRIC_REPRESENTATION_CONTEXT(2) 
PARAMETRIC_REPRESENTATION_CONTEXT() REPRESENTATION_CONTEXT('2D SPACE',''
  ) );
#10855 = ORIENTED_EDGE('',*,*,#1994,.T.);
#10856 = ADVANCED_FACE('',(#10857),#2032,.T.);
#10857 = FACE_BOUND('',#10858,.T.);
#10858 = EDGE_LOOP('',(#10859,#10860));
#10859 = ORIENTED_EDGE('',*,*,#10834,.T.);
#10860 = ORIENTED_EDGE('',*,*,#2017,.T.);
#10861 = ADVANCED_FACE('',(#10862),#1846,.F.);
#10862 = FACE_BOUND('',#10863,.F.);
#10863 = EDGE_LOOP('',(#10864,#10865,#10866,#10888));
#10864 = ORIENTED_EDGE('',*,*,#8761,.F.);
#10865 = ORIENTED_EDGE('',*,*,#1823,.F.);
#10866 = ORIENTED_EDGE('',*,*,#10867,.T.);
#10867 = EDGE_CURVE('',#1824,#1883,#10868,.T.);
#10868 = SURFACE_CURVE('',#10869,(#10874,#10881),.PCURVE_S1.);
#10869 = CIRCLE('',#10870,2.);
#10870 = AXIS2_PLACEMENT_3D('',#10871,#10872,#10873);
#10871 = CARTESIAN_POINT('',(-17.5,30.310889132455,-19.7));
#10872 = DIRECTION('',(6.305496559635E-17,-4.941768411644E-18,-1.));
#10873 = DIRECTION('',(0.707106781187,0.707106781187,4.109223580573E-17)
  );
#10874 = PCURVE('',#1846,#10875);
#10875 = DEFINITIONAL_REPRESENTATION('',(#10876),#10880);
#10876 = LINE('',#10877,#10878);
#10877 = CARTESIAN_POINT('',(-3.926990816987,0.));
#10878 = VECTOR('',#10879,1.);
#10879 = DIRECTION('',(1.,0.));
#10880 = ( GEOMETRIC_REPRESENTATION_CONTEXT(2) 
PARAMETRIC_REPRESENTATION_CONTEXT() REPRESENTATION_CONTEXT('2D SPACE',''
  ) );
#10881 = PCURVE('',#1920,#10882);
#10882 = DEFINITIONAL_REPRESENTATION('',(#10883),#10887);
#10883 = CIRCLE('',#10884,2.);
#10884 = AXIS2_PLACEMENT_2D('',#10885,#10886);
#10885 = CARTESIAN_POINT('',(0.,0.));
#10886 = DIRECTION('',(1.,1.276756478319E-15));
#10887 = ( GEOMETRIC_REPRESENTATION_CONTEXT(2) 
PARAMETRIC_REPRESENTATION_CONTEXT() REPRESENTATION_CONTEXT('2D SPACE',''
  ) );
#10888 = ORIENTED_EDGE('',*,*,#1882,.T.);
#10889 = ADVANCED_FACE('',(#10890),#1920,.T.);
#10890 = FACE_BOUND('',#10891,.T.);
#10891 = EDGE_LOOP('',(#10892,#10893));
#10892 = ORIENTED_EDGE('',*,*,#10867,.T.);
#10893 = ORIENTED_EDGE('',*,*,#1905,.T.);
#10894 = ADVANCED_FACE('',(#10895),#1734,.F.);
#10895 = FACE_BOUND('',#10896,.F.);
#10896 = EDGE_LOOP('',(#10897,#10898,#10899,#10921));
#10897 = ORIENTED_EDGE('',*,*,#8736,.F.);
#10898 = ORIENTED_EDGE('',*,*,#1711,.F.);
#10899 = ORIENTED_EDGE('',*,*,#10900,.T.);
#10900 = EDGE_CURVE('',#1712,#1771,#10901,.T.);
#10901 = SURFACE_CURVE('',#10902,(#10907,#10914),.PCURVE_S1.);
#10902 = CIRCLE('',#10903,2.);
#10903 = AXIS2_PLACEMENT_3D('',#10904,#10905,#10906);
#10904 = CARTESIAN_POINT('',(-9.058666578588,33.807403920117,-19.7));
#10905 = DIRECTION('',(6.305496559635E-17,-4.941768411644E-18,-1.));
#10906 = DIRECTION('',(0.866025403784,0.5,5.213631783537E-17));
#10907 = PCURVE('',#1734,#10908);
#10908 = DEFINITIONAL_REPRESENTATION('',(#10909),#10913);
#10909 = LINE('',#10910,#10911);
#10910 = CARTESIAN_POINT('',(-3.665191429188,0.));
#10911 = VECTOR('',#10912,1.);
#10912 = DIRECTION('',(1.,0.));
#10913 = ( GEOMETRIC_REPRESENTATION_CONTEXT(2) 
PARAMETRIC_REPRESENTATION_CONTEXT() REPRESENTATION_CONTEXT('2D SPACE',''
  ) );
#10914 = PCURVE('',#1808,#10915);
#10915 = DEFINITIONAL_REPRESENTATION('',(#10916),#10920);
#10916 = CIRCLE('',#10917,2.);
#10917 = AXIS2_PLACEMENT_2D('',#10918,#10919);
#10918 = CARTESIAN_POINT('',(0.,0.));
#10919 = DIRECTION('',(1.,-2.22044604925E-16));
#10920 = ( GEOMETRIC_REPRESENTATION_CONTEXT(2) 
PARAMETRIC_REPRESENTATION_CONTEXT() REPRESENTATION_CONTEXT('2D SPACE',''
  ) );
#10921 = ORIENTED_EDGE('',*,*,#1770,.T.);
#10922 = ADVANCED_FACE('',(#10923),#1808,.T.);
#10923 = FACE_BOUND('',#10924,.T.);
#10924 = EDGE_LOOP('',(#10925,#10926));
#10925 = ORIENTED_EDGE('',*,*,#10900,.T.);
#10926 = ORIENTED_EDGE('',*,*,#1793,.T.);
#10927 = ADVANCED_FACE('',(#10928),#1622,.F.);
#10928 = FACE_BOUND('',#10929,.F.);
#10929 = EDGE_LOOP('',(#10930,#10931,#10932,#10954));
#10930 = ORIENTED_EDGE('',*,*,#8711,.F.);
#10931 = ORIENTED_EDGE('',*,*,#1599,.F.);
#10932 = ORIENTED_EDGE('',*,*,#10933,.T.);
#10933 = EDGE_CURVE('',#1600,#1659,#10934,.T.);
#10934 = SURFACE_CURVE('',#10935,(#10940,#10947),.PCURVE_S1.);
#10935 = CIRCLE('',#10936,2.);
#10936 = AXIS2_PLACEMENT_3D('',#10937,#10938,#10939);
#10937 = CARTESIAN_POINT('',(9.058666578588,33.807403920117,-19.7));
#10938 = DIRECTION('',(6.305496559635E-17,-4.941768411644E-18,-1.));
#10939 = DIRECTION('',(1.,1.734723475977E-18,6.305496559635E-17));
#10940 = PCURVE('',#1622,#10941);
#10941 = DEFINITIONAL_REPRESENTATION('',(#10942),#10946);
#10942 = LINE('',#10943,#10944);
#10943 = CARTESIAN_POINT('',(-3.14159265359,0.));
#10944 = VECTOR('',#10945,1.);
#10945 = DIRECTION('',(1.,0.));
#10946 = ( GEOMETRIC_REPRESENTATION_CONTEXT(2) 
PARAMETRIC_REPRESENTATION_CONTEXT() REPRESENTATION_CONTEXT('2D SPACE',''
  ) );
#10947 = PCURVE('',#1696,#10948);
#10948 = DEFINITIONAL_REPRESENTATION('',(#10949),#10953);
#10949 = CIRCLE('',#10950,2.);
#10950 = AXIS2_PLACEMENT_2D('',#10951,#10952);
#10951 = CARTESIAN_POINT('',(0.,0.));
#10952 = DIRECTION('',(1.,0.));
#10953 = ( GEOMETRIC_REPRESENTATION_CONTEXT(2) 
PARAMETRIC_REPRESENTATION_CONTEXT() REPRESENTATION_CONTEXT('2D SPACE',''
  ) );
#10954 = ORIENTED_EDGE('',*,*,#1658,.T.);
#10955 = ADVANCED_FACE('',(#10956),#1696,.T.);
#10956 = FACE_BOUND('',#10957,.T.);
#10957 = EDGE_LOOP('',(#10958,#10959));
#10958 = ORIENTED_EDGE('',*,*,#10933,.T.);
#10959 = ORIENTED_EDGE('',*,*,#1681,.T.);
#10960 = ADVANCED_FACE('',(#10961),#1510,.F.);
#10961 = FACE_BOUND('',#10962,.F.);
#10962 = EDGE_LOOP('',(#10963,#10964,#10965,#10987));
#10963 = ORIENTED_EDGE('',*,*,#8686,.F.);
#10964 = ORIENTED_EDGE('',*,*,#1487,.F.);
#10965 = ORIENTED_EDGE('',*,*,#10966,.T.);
#10966 = EDGE_CURVE('',#1488,#1547,#10967,.T.);
#10967 = SURFACE_CURVE('',#10968,(#10973,#10980),.PCURVE_S1.);
#10968 = CIRCLE('',#10969,2.);
#10969 = AXIS2_PLACEMENT_3D('',#10970,#10971,#10972);
#10970 = CARTESIAN_POINT('',(17.5,30.310889132455,-19.7));
#10971 = DIRECTION('',(6.305496559635E-17,-4.941768411644E-18,-1.));
#10972 = DIRECTION('',(0.965925826289,-0.258819045103,6.21854435267E-17)
  );
#10973 = PCURVE('',#1510,#10974);
#10974 = DEFINITIONAL_REPRESENTATION('',(#10975),#10979);
#10975 = LINE('',#10976,#10977);
#10976 = CARTESIAN_POINT('',(-2.879793265791,0.));
#10977 = VECTOR('',#10978,1.);
#10978 = DIRECTION('',(1.,0.));
#10979 = ( GEOMETRIC_REPRESENTATION_CONTEXT(2) 
PARAMETRIC_REPRESENTATION_CONTEXT() REPRESENTATION_CONTEXT('2D SPACE',''
  ) );
#10980 = PCURVE('',#1584,#10981);
#10981 = DEFINITIONAL_REPRESENTATION('',(#10982),#10986);
#10982 = CIRCLE('',#10983,2.);
#10983 = AXIS2_PLACEMENT_2D('',#10984,#10985);
#10984 = CARTESIAN_POINT('',(0.,0.));
#10985 = DIRECTION('',(1.,-3.053113317719E-16));
#10986 = ( GEOMETRIC_REPRESENTATION_CONTEXT(2) 
PARAMETRIC_REPRESENTATION_CONTEXT() REPRESENTATION_CONTEXT('2D SPACE',''
  ) );
#10987 = ORIENTED_EDGE('',*,*,#1546,.T.);
#10988 = ADVANCED_FACE('',(#10989),#1584,.T.);
#10989 = FACE_BOUND('',#10990,.T.);
#10990 = EDGE_LOOP('',(#10991,#10992));
#10991 = ORIENTED_EDGE('',*,*,#10966,.T.);
#10992 = ORIENTED_EDGE('',*,*,#1569,.T.);
#10993 = ADVANCED_FACE('',(#10994),#1398,.F.);
#10994 = FACE_BOUND('',#10995,.F.);
#10995 = EDGE_LOOP('',(#10996,#10997,#10998,#11020));
#10996 = ORIENTED_EDGE('',*,*,#8661,.F.);
#10997 = ORIENTED_EDGE('',*,*,#1375,.F.);
#10998 = ORIENTED_EDGE('',*,*,#10999,.T.);
#10999 = EDGE_CURVE('',#1376,#1435,#11000,.T.);
#11000 = SURFACE_CURVE('',#11001,(#11006,#11013),.PCURVE_S1.);
#11001 = CIRCLE('',#11002,2.);
#11002 = AXIS2_PLACEMENT_3D('',#11003,#11004,#11005);
#11003 = CARTESIAN_POINT('',(30.310889132455,17.5,-19.7));
#11004 = DIRECTION('',(6.305496559635E-17,-4.941768411644E-18,-1.));
#11005 = DIRECTION('',(0.707106781187,-0.707106781187,4.808095171559E-17
    ));
#11006 = PCURVE('',#1398,#11007);
#11007 = DEFINITIONAL_REPRESENTATION('',(#11008),#11012);
#11008 = LINE('',#11009,#11010);
#11009 = CARTESIAN_POINT('',(-2.356194490192,0.));
#11010 = VECTOR('',#11011,1.);
#11011 = DIRECTION('',(1.,0.));
#11012 = ( GEOMETRIC_REPRESENTATION_CONTEXT(2) 
PARAMETRIC_REPRESENTATION_CONTEXT() REPRESENTATION_CONTEXT('2D SPACE',''
  ) );
#11013 = PCURVE('',#1472,#11014);
#11014 = DEFINITIONAL_REPRESENTATION('',(#11015),#11019);
#11015 = CIRCLE('',#11016,2.);
#11016 = AXIS2_PLACEMENT_2D('',#11017,#11018);
#11017 = CARTESIAN_POINT('',(0.,0.));
#11018 = DIRECTION('',(1.,2.22044604925E-16));
#11019 = ( GEOMETRIC_REPRESENTATION_CONTEXT(2) 
PARAMETRIC_REPRESENTATION_CONTEXT() REPRESENTATION_CONTEXT('2D SPACE',''
  ) );
#11020 = ORIENTED_EDGE('',*,*,#1434,.T.);
#11021 = ADVANCED_FACE('',(#11022),#1472,.T.);
#11022 = FACE_BOUND('',#11023,.T.);
#11023 = EDGE_LOOP('',(#11024,#11025));
#11024 = ORIENTED_EDGE('',*,*,#10999,.T.);
#11025 = ORIENTED_EDGE('',*,*,#1457,.T.);
#11026 = ADVANCED_FACE('',(#11027),#1286,.F.);
#11027 = FACE_BOUND('',#11028,.F.);
#11028 = EDGE_LOOP('',(#11029,#11030,#11031,#11053));
#11029 = ORIENTED_EDGE('',*,*,#8636,.F.);
#11030 = ORIENTED_EDGE('',*,*,#1263,.F.);
#11031 = ORIENTED_EDGE('',*,*,#11032,.T.);
#11032 = EDGE_CURVE('',#1264,#1323,#11033,.T.);
#11033 = SURFACE_CURVE('',#11034,(#11039,#11046),.PCURVE_S1.);
#11034 = CIRCLE('',#11035,2.);
#11035 = AXIS2_PLACEMENT_3D('',#11036,#11037,#11038);
#11036 = CARTESIAN_POINT('',(33.807403920117,9.058666578588,-19.7));
#11037 = DIRECTION('',(6.305496559635E-17,-4.941768411644E-18,-1.));
#11038 = DIRECTION('',(0.5,-0.866025403784,3.580717978228E-17));
#11039 = PCURVE('',#1286,#11040);
#11040 = DEFINITIONAL_REPRESENTATION('',(#11041),#11045);
#11041 = LINE('',#11042,#11043);
#11042 = CARTESIAN_POINT('',(-2.094395102393,0.));
#11043 = VECTOR('',#11044,1.);
#11044 = DIRECTION('',(1.,0.));
#11045 = ( GEOMETRIC_REPRESENTATION_CONTEXT(2) 
PARAMETRIC_REPRESENTATION_CONTEXT() REPRESENTATION_CONTEXT('2D SPACE',''
  ) );
#11046 = PCURVE('',#1360,#11047);
#11047 = DEFINITIONAL_REPRESENTATION('',(#11048),#11052);
#11048 = CIRCLE('',#11049,2.);
#11049 = AXIS2_PLACEMENT_2D('',#11050,#11051);
#11050 = CARTESIAN_POINT('',(0.,0.));
#11051 = DIRECTION('',(1.,2.22044604925E-16));
#11052 = ( GEOMETRIC_REPRESENTATION_CONTEXT(2) 
PARAMETRIC_REPRESENTATION_CONTEXT() REPRESENTATION_CONTEXT('2D SPACE',''
  ) );
#11053 = ORIENTED_EDGE('',*,*,#1322,.T.);
#11054 = ADVANCED_FACE('',(#11055),#1360,.T.);
#11055 = FACE_BOUND('',#11056,.T.);
#11056 = EDGE_LOOP('',(#11057,#11058));
#11057 = ORIENTED_EDGE('',*,*,#11032,.T.);
#11058 = ORIENTED_EDGE('',*,*,#1345,.T.);
#11059 = ADVANCED_FACE('',(#11060),#1174,.F.);
#11060 = FACE_BOUND('',#11061,.F.);
#11061 = EDGE_LOOP('',(#11062,#11063,#11064,#11086));
#11062 = ORIENTED_EDGE('',*,*,#8611,.F.);
#11063 = ORIENTED_EDGE('',*,*,#1151,.F.);
#11064 = ORIENTED_EDGE('',*,*,#11065,.T.);
#11065 = EDGE_CURVE('',#1152,#1211,#11066,.T.);
#11066 = SURFACE_CURVE('',#11067,(#11072,#11079),.PCURVE_S1.);
#11067 = CIRCLE('',#11068,2.);
#11068 = AXIS2_PLACEMENT_3D('',#11069,#11070,#11071);
#11069 = CARTESIAN_POINT('',(33.807403920117,-9.058666578588,-19.7));
#11070 = DIRECTION('',(6.305496559635E-17,-4.941768411644E-18,-1.));
#11071 = DIRECTION('',(3.47118167543E-15,-1.,4.941768411644E-18));
#11072 = PCURVE('',#1174,#11073);
#11073 = DEFINITIONAL_REPRESENTATION('',(#11074),#11078);
#11074 = LINE('',#11075,#11076);
#11075 = CARTESIAN_POINT('',(-1.570796326795,0.));
#11076 = VECTOR('',#11077,1.);
#11077 = DIRECTION('',(1.,0.));
#11078 = ( GEOMETRIC_REPRESENTATION_CONTEXT(2) 
PARAMETRIC_REPRESENTATION_CONTEXT() REPRESENTATION_CONTEXT('2D SPACE',''
  ) );
#11079 = PCURVE('',#1248,#11080);
#11080 = DEFINITIONAL_REPRESENTATION('',(#11081),#11085);
#11081 = CIRCLE('',#11082,2.);
#11082 = AXIS2_PLACEMENT_2D('',#11083,#11084);
#11083 = CARTESIAN_POINT('',(0.,0.));
#11084 = DIRECTION('',(1.,2.203438688952E-17));
#11085 = ( GEOMETRIC_REPRESENTATION_CONTEXT(2) 
PARAMETRIC_REPRESENTATION_CONTEXT() REPRESENTATION_CONTEXT('2D SPACE',''
  ) );
#11086 = ORIENTED_EDGE('',*,*,#1210,.T.);
#11087 = ADVANCED_FACE('',(#11088),#1248,.T.);
#11088 = FACE_BOUND('',#11089,.T.);
#11089 = EDGE_LOOP('',(#11090,#11091));
#11090 = ORIENTED_EDGE('',*,*,#11065,.T.);
#11091 = ORIENTED_EDGE('',*,*,#1233,.T.);
#11092 = ADVANCED_FACE('',(#11093),#1062,.F.);
#11093 = FACE_BOUND('',#11094,.F.);
#11094 = EDGE_LOOP('',(#11095,#11096,#11097,#11119));
#11095 = ORIENTED_EDGE('',*,*,#8586,.F.);
#11096 = ORIENTED_EDGE('',*,*,#1039,.F.);
#11097 = ORIENTED_EDGE('',*,*,#11098,.T.);
#11098 = EDGE_CURVE('',#1040,#1099,#11099,.T.);
#11099 = SURFACE_CURVE('',#11100,(#11105,#11112),.PCURVE_S1.);
#11100 = CIRCLE('',#11101,2.);
#11101 = AXIS2_PLACEMENT_3D('',#11102,#11103,#11104);
#11102 = CARTESIAN_POINT('',(30.310889132455,-17.5,-19.7));
#11103 = DIRECTION('',(6.305496559635E-17,-4.941768411644E-18,-1.));
#11104 = DIRECTION('',(-0.258819045103,-0.965925826289,
    -1.154644424827E-17));
#11105 = PCURVE('',#1062,#11106);
#11106 = DEFINITIONAL_REPRESENTATION('',(#11107),#11111);
#11107 = LINE('',#11108,#11109);
#11108 = CARTESIAN_POINT('',(-1.308996938996,0.));
#11109 = VECTOR('',#11110,1.);
#11110 = DIRECTION('',(1.,0.));
#11111 = ( GEOMETRIC_REPRESENTATION_CONTEXT(2) 
PARAMETRIC_REPRESENTATION_CONTEXT() REPRESENTATION_CONTEXT('2D SPACE',''
  ) );
#11112 = PCURVE('',#1136,#11113);
#11113 = DEFINITIONAL_REPRESENTATION('',(#11114),#11118);
#11114 = CIRCLE('',#11115,2.);
#11115 = AXIS2_PLACEMENT_2D('',#11116,#11117);
#11116 = CARTESIAN_POINT('',(0.,0.));
#11117 = DIRECTION('',(1.,-3.885780586188E-16));
#11118 = ( GEOMETRIC_REPRESENTATION_CONTEXT(2) 
PARAMETRIC_REPRESENTATION_CONTEXT() REPRESENTATION_CONTEXT('2D SPACE',''
  ) );
#11119 = ORIENTED_EDGE('',*,*,#1098,.T.);
#11120 = ADVANCED_FACE('',(#11121),#1136,.T.);
#11121 = FACE_BOUND('',#11122,.T.);
#11122 = EDGE_LOOP('',(#11123,#11124));
#11123 = ORIENTED_EDGE('',*,*,#11098,.T.);
#11124 = ORIENTED_EDGE('',*,*,#1121,.T.);
#11125 = ADVANCED_FACE('',(#11126),#945,.F.);
#11126 = FACE_BOUND('',#11127,.F.);
#11127 = EDGE_LOOP('',(#11128,#11129,#11130,#11152));
#11128 = ORIENTED_EDGE('',*,*,#8561,.F.);
#11129 = ORIENTED_EDGE('',*,*,#922,.F.);
#11130 = ORIENTED_EDGE('',*,*,#11131,.T.);
#11131 = EDGE_CURVE('',#923,#987,#11132,.T.);
#11132 = SURFACE_CURVE('',#11133,(#11138,#11145),.PCURVE_S1.);
#11133 = CIRCLE('',#11134,2.);
#11134 = AXIS2_PLACEMENT_3D('',#11135,#11136,#11137);
#11135 = CARTESIAN_POINT('',(17.5,-30.31088913245,-19.7));
#11136 = DIRECTION('',(6.305496559635E-17,-4.941768411644E-18,-1.));
#11137 = DIRECTION('',(-0.707106781187,-0.707106781187,
    -4.109223580574E-17));
#11138 = PCURVE('',#945,#11139);
#11139 = DEFINITIONAL_REPRESENTATION('',(#11140),#11144);
#11140 = LINE('',#11141,#11142);
#11141 = CARTESIAN_POINT('',(-0.785398163397,0.));
#11142 = VECTOR('',#11143,1.);
#11143 = DIRECTION('',(1.,0.));
#11144 = ( GEOMETRIC_REPRESENTATION_CONTEXT(2) 
PARAMETRIC_REPRESENTATION_CONTEXT() REPRESENTATION_CONTEXT('2D SPACE',''
  ) );
#11145 = PCURVE('',#1024,#11146);
#11146 = DEFINITIONAL_REPRESENTATION('',(#11147),#11151);
#11147 = CIRCLE('',#11148,2.);
#11148 = AXIS2_PLACEMENT_2D('',#11149,#11150);
#11149 = CARTESIAN_POINT('',(0.,0.));
#11150 = DIRECTION('',(1.,4.996003610813E-16));
#11151 = ( GEOMETRIC_REPRESENTATION_CONTEXT(2) 
PARAMETRIC_REPRESENTATION_CONTEXT() REPRESENTATION_CONTEXT('2D SPACE',''
  ) );
#11152 = ORIENTED_EDGE('',*,*,#986,.T.);
#11153 = ADVANCED_FACE('',(#11154),#1024,.T.);
#11154 = FACE_BOUND('',#11155,.T.);
#11155 = EDGE_LOOP('',(#11156,#11157));
#11156 = ORIENTED_EDGE('',*,*,#11131,.T.);
#11157 = ORIENTED_EDGE('',*,*,#1009,.T.);
#11158 = ADVANCED_FACE('',(#11159,#11184),#862,.T.);
#11159 = FACE_BOUND('',#11160,.T.);
#11160 = EDGE_LOOP('',(#11161,#11183));
#11161 = ORIENTED_EDGE('',*,*,#11162,.F.);
#11162 = EDGE_CURVE('',#813,#846,#11163,.T.);
#11163 = SURFACE_CURVE('',#11164,(#11169,#11176),.PCURVE_S1.);
#11164 = CIRCLE('',#11165,0.85);
#11165 = AXIS2_PLACEMENT_3D('',#11166,#11167,#11168);
#11166 = CARTESIAN_POINT('',(-14.73331214605,35.569362001685,-18.7));
#11167 = DIRECTION('',(6.305496559635E-17,-4.941768411644E-18,-1.));
#11168 = DIRECTION('',(-1.,-1.734723475977E-18,-6.305496559635E-17));
#11169 = PCURVE('',#862,#11170);
#11170 = DEFINITIONAL_REPRESENTATION('',(#11171),#11175);
#11171 = CIRCLE('',#11172,0.85);
#11172 = AXIS2_PLACEMENT_2D('',#11173,#11174);
#11173 = CARTESIAN_POINT('',(-1.148050297095,-2.771638597534));
#11174 = DIRECTION('',(1.,0.));
#11175 = ( GEOMETRIC_REPRESENTATION_CONTEXT(2) 
PARAMETRIC_REPRESENTATION_CONTEXT() REPRESENTATION_CONTEXT('2D SPACE',''
  ) );
#11176 = PCURVE('',#833,#11177);
#11177 = DEFINITIONAL_REPRESENTATION('',(#11178),#11182);
#11178 = LINE('',#11179,#11180);
#11179 = CARTESIAN_POINT('',(0.,2.5));
#11180 = VECTOR('',#11181,1.);
#11181 = DIRECTION('',(1.,0.));
#11182 = ( GEOMETRIC_REPRESENTATION_CONTEXT(2) 
PARAMETRIC_REPRESENTATION_CONTEXT() REPRESENTATION_CONTEXT('2D SPACE',''
  ) );
#11183 = ORIENTED_EDGE('',*,*,#845,.F.);
#11184 = FACE_BOUND('',#11185,.T.);
#11185 = EDGE_LOOP('',(#11186,#11187,#11210,#11234));
#11186 = ORIENTED_EDGE('',*,*,#5472,.T.);
#11187 = ORIENTED_EDGE('',*,*,#11188,.T.);
#11188 = EDGE_CURVE('',#5445,#11189,#11191,.T.);
#11189 = VERTEX_POINT('',#11190);
#11190 = CARTESIAN_POINT('',(-13.30129887066,36.16252132185,-18.7));
#11191 = SURFACE_CURVE('',#11192,(#11196,#11203),.PCURVE_S1.);
#11192 = LINE('',#11193,#11194);
#11193 = CARTESIAN_POINT('',(-14.44934916775,38.934159919384,-18.7));
#11194 = VECTOR('',#11195,1.);
#11195 = DIRECTION('',(0.382683432365,-0.923879532511,2.8695689352E-17)
  );
#11196 = PCURVE('',#862,#11197);
#11197 = DEFINITIONAL_REPRESENTATION('',(#11198),#11202);
#11198 = LINE('',#11199,#11200);
#11199 = CARTESIAN_POINT('',(-1.432013275392,0.593159320166));
#11200 = VECTOR('',#11201,1.);
#11201 = DIRECTION('',(-0.382683432365,-0.923879532511));
#11202 = ( GEOMETRIC_REPRESENTATION_CONTEXT(2) 
PARAMETRIC_REPRESENTATION_CONTEXT() REPRESENTATION_CONTEXT('2D SPACE',''
  ) );
#11203 = PCURVE('',#5460,#11204);
#11204 = DEFINITIONAL_REPRESENTATION('',(#11205),#11209);
#11205 = LINE('',#11206,#11207);
#11206 = CARTESIAN_POINT('',(0.,0.));
#11207 = VECTOR('',#11208,1.);
#11208 = DIRECTION('',(1.,0.));
#11209 = ( GEOMETRIC_REPRESENTATION_CONTEXT(2) 
PARAMETRIC_REPRESENTATION_CONTEXT() REPRESENTATION_CONTEXT('2D SPACE',''
  ) );
#11210 = ORIENTED_EDGE('',*,*,#11211,.T.);
#11211 = EDGE_CURVE('',#11189,#11212,#11214,.T.);
#11212 = VERTEX_POINT('',#11213);
#11213 = CARTESIAN_POINT('',(-16.16532542144,34.976202681519,-18.7));
#11214 = SURFACE_CURVE('',#11215,(#11220,#11227),.PCURVE_S1.);
#11215 = CIRCLE('',#11216,1.55);
#11216 = AXIS2_PLACEMENT_3D('',#11217,#11218,#11219);
#11217 = CARTESIAN_POINT('',(-14.73331214605,35.569362001685,-18.7));
#11218 = DIRECTION('',(6.305496559635E-17,-4.941768411644E-18,-1.));
#11219 = DIRECTION('',(-1.,-1.734723475977E-18,-6.305496559635E-17));
#11220 = PCURVE('',#862,#11221);
#11221 = DEFINITIONAL_REPRESENTATION('',(#11222),#11226);
#11222 = CIRCLE('',#11223,1.55);
#11223 = AXIS2_PLACEMENT_2D('',#11224,#11225);
#11224 = CARTESIAN_POINT('',(-1.148050297095,-2.771638597534));
#11225 = DIRECTION('',(1.,0.));
#11226 = ( GEOMETRIC_REPRESENTATION_CONTEXT(2) 
PARAMETRIC_REPRESENTATION_CONTEXT() REPRESENTATION_CONTEXT('2D SPACE',''
  ) );
#11227 = PCURVE('',#8525,#11228);
#11228 = DEFINITIONAL_REPRESENTATION('',(#11229),#11233);
#11229 = LINE('',#11230,#11231);
#11230 = CARTESIAN_POINT('',(-4.440892098501E-16,0.));
#11231 = VECTOR('',#11232,1.);
#11232 = DIRECTION('',(1.,0.));
#11233 = ( GEOMETRIC_REPRESENTATION_CONTEXT(2) 
PARAMETRIC_REPRESENTATION_CONTEXT() REPRESENTATION_CONTEXT('2D SPACE',''
  ) );
#11234 = ORIENTED_EDGE('',*,*,#11235,.T.);
#11235 = EDGE_CURVE('',#11212,#5473,#11236,.T.);
#11236 = SURFACE_CURVE('',#11237,(#11241,#11248),.PCURVE_S1.);
#11237 = LINE('',#11238,#11239);
#11238 = CARTESIAN_POINT('',(-17.31337571854,37.747841279053,-18.7));
#11239 = VECTOR('',#11240,1.);
#11240 = DIRECTION('',(-0.382683432365,0.923879532511,-2.8695689352E-17)
  );
#11241 = PCURVE('',#862,#11242);
#11242 = DEFINITIONAL_REPRESENTATION('',(#11243),#11247);
#11243 = LINE('',#11244,#11245);
#11244 = CARTESIAN_POINT('',(1.432013275392,-0.593159320166));
#11245 = VECTOR('',#11246,1.);
#11246 = DIRECTION('',(0.382683432365,0.923879532511));
#11247 = ( GEOMETRIC_REPRESENTATION_CONTEXT(2) 
PARAMETRIC_REPRESENTATION_CONTEXT() REPRESENTATION_CONTEXT('2D SPACE',''
  ) );
#11248 = PCURVE('',#5512,#11249);
#11249 = DEFINITIONAL_REPRESENTATION('',(#11250),#11254);
#11250 = LINE('',#11251,#11252);
#11251 = CARTESIAN_POINT('',(0.,0.));
#11252 = VECTOR('',#11253,1.);
#11253 = DIRECTION('',(1.,0.));
#11254 = ( GEOMETRIC_REPRESENTATION_CONTEXT(2) 
PARAMETRIC_REPRESENTATION_CONTEXT() REPRESENTATION_CONTEXT('2D SPACE',''
  ) );
#11255 = ADVANCED_FACE('',(#11256),#5512,.F.);
#11256 = FACE_BOUND('',#11257,.T.);
#11257 = EDGE_LOOP('',(#11258,#11259,#11280,#11281,#11282));
#11258 = ORIENTED_EDGE('',*,*,#11235,.F.);
#11259 = ORIENTED_EDGE('',*,*,#11260,.T.);
#11260 = EDGE_CURVE('',#11212,#8486,#11261,.T.);
#11261 = SURFACE_CURVE('',#11262,(#11266,#11273),.PCURVE_S1.);
#11262 = LINE('',#11263,#11264);
#11263 = CARTESIAN_POINT('',(-16.16532542144,34.976202681519,-18.7));
#11264 = VECTOR('',#11265,1.);
#11265 = DIRECTION('',(6.305496559635E-17,-4.941768411644E-18,-1.));
#11266 = PCURVE('',#5512,#11267);
#11267 = DEFINITIONAL_REPRESENTATION('',(#11268),#11272);
#11268 = LINE('',#11269,#11270);
#11269 = CARTESIAN_POINT('',(-3.,0.));
#11270 = VECTOR('',#11271,1.);
#11271 = DIRECTION('',(0.,1.));
#11272 = ( GEOMETRIC_REPRESENTATION_CONTEXT(2) 
PARAMETRIC_REPRESENTATION_CONTEXT() REPRESENTATION_CONTEXT('2D SPACE',''
  ) );
#11273 = PCURVE('',#8525,#11274);
#11274 = DEFINITIONAL_REPRESENTATION('',(#11275),#11279);
#11275 = LINE('',#11276,#11277);
#11276 = CARTESIAN_POINT('',(5.890486225481,0.));
#11277 = VECTOR('',#11278,1.);
#11278 = DIRECTION('',(0.,1.));
#11279 = ( GEOMETRIC_REPRESENTATION_CONTEXT(2) 
PARAMETRIC_REPRESENTATION_CONTEXT() REPRESENTATION_CONTEXT('2D SPACE',''
  ) );
#11280 = ORIENTED_EDGE('',*,*,#8485,.T.);
#11281 = ORIENTED_EDGE('',*,*,#10483,.T.);
#11282 = ORIENTED_EDGE('',*,*,#5496,.F.);
#11283 = ADVANCED_FACE('',(#11284),#5460,.F.);
#11284 = FACE_BOUND('',#11285,.T.);
#11285 = EDGE_LOOP('',(#11286,#11287,#11288,#11309,#11310));
#11286 = ORIENTED_EDGE('',*,*,#6404,.T.);
#11287 = ORIENTED_EDGE('',*,*,#8537,.T.);
#11288 = ORIENTED_EDGE('',*,*,#11289,.F.);
#11289 = EDGE_CURVE('',#11189,#8509,#11290,.T.);
#11290 = SURFACE_CURVE('',#11291,(#11295,#11302),.PCURVE_S1.);
#11291 = LINE('',#11292,#11293);
#11292 = CARTESIAN_POINT('',(-13.30129887066,36.16252132185,-18.7));
#11293 = VECTOR('',#11294,1.);
#11294 = DIRECTION('',(6.305496559635E-17,-4.941768411644E-18,-1.));
#11295 = PCURVE('',#5460,#11296);
#11296 = DEFINITIONAL_REPRESENTATION('',(#11297),#11301);
#11297 = LINE('',#11298,#11299);
#11298 = CARTESIAN_POINT('',(3.,0.));
#11299 = VECTOR('',#11300,1.);
#11300 = DIRECTION('',(0.,1.));
#11301 = ( GEOMETRIC_REPRESENTATION_CONTEXT(2) 
PARAMETRIC_REPRESENTATION_CONTEXT() REPRESENTATION_CONTEXT('2D SPACE',''
  ) );
#11302 = PCURVE('',#8525,#11303);
#11303 = DEFINITIONAL_REPRESENTATION('',(#11304),#11308);
#11304 = LINE('',#11305,#11306);
#11305 = CARTESIAN_POINT('',(2.748893571891,0.));
#11306 = VECTOR('',#11307,1.);
#11307 = DIRECTION('',(0.,1.));
#11308 = ( GEOMETRIC_REPRESENTATION_CONTEXT(2) 
PARAMETRIC_REPRESENTATION_CONTEXT() REPRESENTATION_CONTEXT('2D SPACE',''
  ) );
#11309 = ORIENTED_EDGE('',*,*,#11188,.F.);
#11310 = ORIENTED_EDGE('',*,*,#5444,.F.);
#11311 = ADVANCED_FACE('',(#11312),#8525,.F.);
#11312 = FACE_BOUND('',#11313,.F.);
#11313 = EDGE_LOOP('',(#11314,#11315,#11316,#11317));
#11314 = ORIENTED_EDGE('',*,*,#11289,.F.);
#11315 = ORIENTED_EDGE('',*,*,#11211,.T.);
#11316 = ORIENTED_EDGE('',*,*,#11260,.T.);
#11317 = ORIENTED_EDGE('',*,*,#8508,.F.);
#11318 = ADVANCED_FACE('',(#11319),#833,.F.);
#11319 = FACE_BOUND('',#11320,.F.);
#11320 = EDGE_LOOP('',(#11321,#11322,#11323,#11324));
#11321 = ORIENTED_EDGE('',*,*,#11162,.F.);
#11322 = ORIENTED_EDGE('',*,*,#810,.F.);
#11323 = ORIENTED_EDGE('',*,*,#9412,.T.);
#11324 = ORIENTED_EDGE('',*,*,#874,.T.);
#11325 = ADVANCED_FACE('',(#11326),#5619,.F.);
#11326 = FACE_BOUND('',#11327,.T.);
#11327 = EDGE_LOOP('',(#11328,#11351,#11372,#11373,#11374));
#11328 = ORIENTED_EDGE('',*,*,#11329,.F.);
#11329 = EDGE_CURVE('',#11330,#5582,#11332,.T.);
#11330 = VERTEX_POINT('',#11331);
#11331 = CARTESIAN_POINT('',(-36.16252132185,13.301298870663,-18.7));
#11332 = SURFACE_CURVE('',#11333,(#11337,#11344),.PCURVE_S1.);
#11333 = LINE('',#11334,#11335);
#11334 = CARTESIAN_POINT('',(-38.93415991938,14.449349167759,-18.7));
#11335 = VECTOR('',#11336,1.);
#11336 = DIRECTION('',(-0.923879532511,0.382683432365,
    -6.014632503539E-17));
#11337 = PCURVE('',#5619,#11338);
#11338 = DEFINITIONAL_REPRESENTATION('',(#11339),#11343);
#11339 = LINE('',#11340,#11341);
#11340 = CARTESIAN_POINT('',(0.,0.));
#11341 = VECTOR('',#11342,1.);
#11342 = DIRECTION('',(1.,0.));
#11343 = ( GEOMETRIC_REPRESENTATION_CONTEXT(2) 
PARAMETRIC_REPRESENTATION_CONTEXT() REPRESENTATION_CONTEXT('2D SPACE',''
  ) );
#11344 = PCURVE('',#750,#11345);
#11345 = DEFINITIONAL_REPRESENTATION('',(#11346),#11350);
#11346 = LINE('',#11347,#11348);
#11347 = CARTESIAN_POINT('',(1.432013275392,-0.593159320166));
#11348 = VECTOR('',#11349,1.);
#11349 = DIRECTION('',(0.382683432365,0.923879532511));
#11350 = ( GEOMETRIC_REPRESENTATION_CONTEXT(2) 
PARAMETRIC_REPRESENTATION_CONTEXT() REPRESENTATION_CONTEXT('2D SPACE',''
  ) );
#11351 = ORIENTED_EDGE('',*,*,#11352,.T.);
#11352 = EDGE_CURVE('',#11330,#8387,#11353,.T.);
#11353 = SURFACE_CURVE('',#11354,(#11358,#11365),.PCURVE_S1.);
#11354 = LINE('',#11355,#11356);
#11355 = CARTESIAN_POINT('',(-36.16252132185,13.301298870663,-18.7));
#11356 = VECTOR('',#11357,1.);
#11357 = DIRECTION('',(6.305496559635E-17,-4.941768411644E-18,-1.));
#11358 = PCURVE('',#5619,#11359);
#11359 = DEFINITIONAL_REPRESENTATION('',(#11360),#11364);
#11360 = LINE('',#11361,#11362);
#11361 = CARTESIAN_POINT('',(-3.,0.));
#11362 = VECTOR('',#11363,1.);
#11363 = DIRECTION('',(0.,1.));
#11364 = ( GEOMETRIC_REPRESENTATION_CONTEXT(2) 
PARAMETRIC_REPRESENTATION_CONTEXT() REPRESENTATION_CONTEXT('2D SPACE',''
  ) );
#11365 = PCURVE('',#8426,#11366);
#11366 = DEFINITIONAL_REPRESENTATION('',(#11367),#11371);
#11367 = LINE('',#11368,#11369);
#11368 = CARTESIAN_POINT('',(5.890486225481,0.));
#11369 = VECTOR('',#11370,1.);
#11370 = DIRECTION('',(0.,1.));
#11371 = ( GEOMETRIC_REPRESENTATION_CONTEXT(2) 
PARAMETRIC_REPRESENTATION_CONTEXT() REPRESENTATION_CONTEXT('2D SPACE',''
  ) );
#11372 = ORIENTED_EDGE('',*,*,#8386,.T.);
#11373 = ORIENTED_EDGE('',*,*,#7248,.T.);
#11374 = ORIENTED_EDGE('',*,*,#5605,.F.);
#11375 = ADVANCED_FACE('',(#11376),#5569,.F.);
#11376 = FACE_BOUND('',#11377,.T.);
#11377 = EDGE_LOOP('',(#11378,#11379,#11380,#11403,#11424));
#11378 = ORIENTED_EDGE('',*,*,#10433,.T.);
#11379 = ORIENTED_EDGE('',*,*,#8438,.T.);
#11380 = ORIENTED_EDGE('',*,*,#11381,.F.);
#11381 = EDGE_CURVE('',#11382,#8410,#11384,.T.);
#11382 = VERTEX_POINT('',#11383);
#11383 = CARTESIAN_POINT('',(-34.97620268151,16.165325421448,-18.7));
#11384 = SURFACE_CURVE('',#11385,(#11389,#11396),.PCURVE_S1.);
#11385 = LINE('',#11386,#11387);
#11386 = CARTESIAN_POINT('',(-34.97620268151,16.165325421448,-18.7));
#11387 = VECTOR('',#11388,1.);
#11388 = DIRECTION('',(6.305496559635E-17,-4.941768411644E-18,-1.));
#11389 = PCURVE('',#5569,#11390);
#11390 = DEFINITIONAL_REPRESENTATION('',(#11391),#11395);
#11391 = LINE('',#11392,#11393);
#11392 = CARTESIAN_POINT('',(3.,0.));
#11393 = VECTOR('',#11394,1.);
#11394 = DIRECTION('',(0.,1.));
#11395 = ( GEOMETRIC_REPRESENTATION_CONTEXT(2) 
PARAMETRIC_REPRESENTATION_CONTEXT() REPRESENTATION_CONTEXT('2D SPACE',''
  ) );
#11396 = PCURVE('',#8426,#11397);
#11397 = DEFINITIONAL_REPRESENTATION('',(#11398),#11402);
#11398 = LINE('',#11399,#11400);
#11399 = CARTESIAN_POINT('',(2.748893571891,0.));
#11400 = VECTOR('',#11401,1.);
#11401 = DIRECTION('',(0.,1.));
#11402 = ( GEOMETRIC_REPRESENTATION_CONTEXT(2) 
PARAMETRIC_REPRESENTATION_CONTEXT() REPRESENTATION_CONTEXT('2D SPACE',''
  ) );
#11403 = ORIENTED_EDGE('',*,*,#11404,.F.);
#11404 = EDGE_CURVE('',#5554,#11382,#11405,.T.);
#11405 = SURFACE_CURVE('',#11406,(#11410,#11417),.PCURVE_S1.);
#11406 = LINE('',#11407,#11408);
#11407 = CARTESIAN_POINT('',(-37.74784127905,17.313375718544,-18.7));
#11408 = VECTOR('',#11409,1.);
#11409 = DIRECTION('',(0.923879532511,-0.382683432365,6.014632503539E-17
    ));
#11410 = PCURVE('',#5569,#11411);
#11411 = DEFINITIONAL_REPRESENTATION('',(#11412),#11416);
#11412 = LINE('',#11413,#11414);
#11413 = CARTESIAN_POINT('',(0.,0.));
#11414 = VECTOR('',#11415,1.);
#11415 = DIRECTION('',(1.,0.));
#11416 = ( GEOMETRIC_REPRESENTATION_CONTEXT(2) 
PARAMETRIC_REPRESENTATION_CONTEXT() REPRESENTATION_CONTEXT('2D SPACE',''
  ) );
#11417 = PCURVE('',#750,#11418);
#11418 = DEFINITIONAL_REPRESENTATION('',(#11419),#11423);
#11419 = LINE('',#11420,#11421);
#11420 = CARTESIAN_POINT('',(-1.432013275392,0.593159320166));
#11421 = VECTOR('',#11422,1.);
#11422 = DIRECTION('',(-0.382683432365,-0.923879532511));
#11423 = ( GEOMETRIC_REPRESENTATION_CONTEXT(2) 
PARAMETRIC_REPRESENTATION_CONTEXT() REPRESENTATION_CONTEXT('2D SPACE',''
  ) );
#11424 = ORIENTED_EDGE('',*,*,#5553,.F.);
#11425 = ADVANCED_FACE('',(#11426),#8426,.F.);
#11426 = FACE_BOUND('',#11427,.F.);
#11427 = EDGE_LOOP('',(#11428,#11429,#11451,#11452));
#11428 = ORIENTED_EDGE('',*,*,#11381,.F.);
#11429 = ORIENTED_EDGE('',*,*,#11430,.T.);
#11430 = EDGE_CURVE('',#11382,#11330,#11431,.T.);
#11431 = SURFACE_CURVE('',#11432,(#11437,#11444),.PCURVE_S1.);
#11432 = CIRCLE('',#11433,1.55);
#11433 = AXIS2_PLACEMENT_3D('',#11434,#11435,#11436);
#11434 = CARTESIAN_POINT('',(-35.56936200168,14.733312146056,-18.7));
#11435 = DIRECTION('',(6.305496559635E-17,-4.941768411644E-18,-1.));
#11436 = DIRECTION('',(-0.707106781187,-0.707106781187,
    -4.109223580574E-17));
#11437 = PCURVE('',#8426,#11438);
#11438 = DEFINITIONAL_REPRESENTATION('',(#11439),#11443);
#11439 = LINE('',#11440,#11441);
#11440 = CARTESIAN_POINT('',(0.,0.));
#11441 = VECTOR('',#11442,1.);
#11442 = DIRECTION('',(1.,0.));
#11443 = ( GEOMETRIC_REPRESENTATION_CONTEXT(2) 
PARAMETRIC_REPRESENTATION_CONTEXT() REPRESENTATION_CONTEXT('2D SPACE',''
  ) );
#11444 = PCURVE('',#750,#11445);
#11445 = DEFINITIONAL_REPRESENTATION('',(#11446),#11450);
#11446 = CIRCLE('',#11447,1.55);
#11447 = AXIS2_PLACEMENT_2D('',#11448,#11449);
#11448 = CARTESIAN_POINT('',(-1.148050297095,-2.771638597534));
#11449 = DIRECTION('',(1.,-1.387778780781E-15));
#11450 = ( GEOMETRIC_REPRESENTATION_CONTEXT(2) 
PARAMETRIC_REPRESENTATION_CONTEXT() REPRESENTATION_CONTEXT('2D SPACE',''
  ) );
#11451 = ORIENTED_EDGE('',*,*,#11352,.T.);
#11452 = ORIENTED_EDGE('',*,*,#8409,.F.);
#11453 = ADVANCED_FACE('',(#11454,#11479),#750,.T.);
#11454 = FACE_BOUND('',#11455,.T.);
#11455 = EDGE_LOOP('',(#11456,#11478));
#11456 = ORIENTED_EDGE('',*,*,#11457,.F.);
#11457 = EDGE_CURVE('',#701,#734,#11458,.T.);
#11458 = SURFACE_CURVE('',#11459,(#11464,#11471),.PCURVE_S1.);
#11459 = CIRCLE('',#11460,0.85);
#11460 = AXIS2_PLACEMENT_3D('',#11461,#11462,#11463);
#11461 = CARTESIAN_POINT('',(-35.56936200168,14.733312146056,-18.7));
#11462 = DIRECTION('',(6.305496559635E-17,-4.941768411644E-18,-1.));
#11463 = DIRECTION('',(-0.707106781187,-0.707106781187,
    -4.109223580574E-17));
#11464 = PCURVE('',#750,#11465);
#11465 = DEFINITIONAL_REPRESENTATION('',(#11466),#11470);
#11466 = CIRCLE('',#11467,0.85);
#11467 = AXIS2_PLACEMENT_2D('',#11468,#11469);
#11468 = CARTESIAN_POINT('',(-1.148050297095,-2.771638597534));
#11469 = DIRECTION('',(1.,-2.609024107869E-15));
#11470 = ( GEOMETRIC_REPRESENTATION_CONTEXT(2) 
PARAMETRIC_REPRESENTATION_CONTEXT() REPRESENTATION_CONTEXT('2D SPACE',''
  ) );
#11471 = PCURVE('',#721,#11472);
#11472 = DEFINITIONAL_REPRESENTATION('',(#11473),#11477);
#11473 = LINE('',#11474,#11475);
#11474 = CARTESIAN_POINT('',(0.,2.5));
#11475 = VECTOR('',#11476,1.);
#11476 = DIRECTION('',(1.,0.));
#11477 = ( GEOMETRIC_REPRESENTATION_CONTEXT(2) 
PARAMETRIC_REPRESENTATION_CONTEXT() REPRESENTATION_CONTEXT('2D SPACE',''
  ) );
#11478 = ORIENTED_EDGE('',*,*,#733,.F.);
#11479 = FACE_BOUND('',#11480,.T.);
#11480 = EDGE_LOOP('',(#11481,#11482,#11483,#11484));
#11481 = ORIENTED_EDGE('',*,*,#5581,.T.);
#11482 = ORIENTED_EDGE('',*,*,#11404,.T.);
#11483 = ORIENTED_EDGE('',*,*,#11430,.T.);
#11484 = ORIENTED_EDGE('',*,*,#11329,.T.);
#11485 = ADVANCED_FACE('',(#11486),#721,.F.);
#11486 = FACE_BOUND('',#11487,.F.);
#11487 = EDGE_LOOP('',(#11488,#11489,#11490,#11491));
#11488 = ORIENTED_EDGE('',*,*,#11457,.F.);
#11489 = ORIENTED_EDGE('',*,*,#698,.F.);
#11490 = ORIENTED_EDGE('',*,*,#9387,.T.);
#11491 = ORIENTED_EDGE('',*,*,#762,.T.);
#11492 = ADVANCED_FACE('',(#11493),#7206,.F.);
#11493 = FACE_BOUND('',#11494,.T.);
#11494 = EDGE_LOOP('',(#11495,#11518,#11539,#11540,#11541));
#11495 = ORIENTED_EDGE('',*,*,#11496,.F.);
#11496 = EDGE_CURVE('',#11497,#7663,#11499,.T.);
#11497 = VERTEX_POINT('',#11498);
#11498 = CARTESIAN_POINT('',(-34.97620268151,-16.16532542144,-18.7));
#11499 = SURFACE_CURVE('',#11500,(#11504,#11511),.PCURVE_S1.);
#11500 = LINE('',#11501,#11502);
#11501 = CARTESIAN_POINT('',(-37.74784127905,-17.31337571854,-18.7));
#11502 = VECTOR('',#11503,1.);
#11503 = DIRECTION('',(-0.923879532511,-0.382683432365,
    -5.636405923995E-17));
#11504 = PCURVE('',#7206,#11505);
#11505 = DEFINITIONAL_REPRESENTATION('',(#11506),#11510);
#11506 = LINE('',#11507,#11508);
#11507 = CARTESIAN_POINT('',(0.,0.));
#11508 = VECTOR('',#11509,1.);
#11509 = DIRECTION('',(1.,0.));
#11510 = ( GEOMETRIC_REPRESENTATION_CONTEXT(2) 
PARAMETRIC_REPRESENTATION_CONTEXT() REPRESENTATION_CONTEXT('2D SPACE',''
  ) );
#11511 = PCURVE('',#638,#11512);
#11512 = DEFINITIONAL_REPRESENTATION('',(#11513),#11517);
#11513 = LINE('',#11514,#11515);
#11514 = CARTESIAN_POINT('',(1.432013275392,-0.593159320166));
#11515 = VECTOR('',#11516,1.);
#11516 = DIRECTION('',(0.382683432365,0.923879532511));
#11517 = ( GEOMETRIC_REPRESENTATION_CONTEXT(2) 
PARAMETRIC_REPRESENTATION_CONTEXT() REPRESENTATION_CONTEXT('2D SPACE',''
  ) );
#11518 = ORIENTED_EDGE('',*,*,#11519,.T.);
#11519 = EDGE_CURVE('',#11497,#8312,#11520,.T.);
#11520 = SURFACE_CURVE('',#11521,(#11525,#11532),.PCURVE_S1.);
#11521 = LINE('',#11522,#11523);
#11522 = CARTESIAN_POINT('',(-34.97620268151,-16.16532542144,-18.7));
#11523 = VECTOR('',#11524,1.);
#11524 = DIRECTION('',(6.305496559635E-17,-4.941768411644E-18,-1.));
#11525 = PCURVE('',#7206,#11526);
#11526 = DEFINITIONAL_REPRESENTATION('',(#11527),#11531);
#11527 = LINE('',#11528,#11529);
#11528 = CARTESIAN_POINT('',(-3.,0.));
#11529 = VECTOR('',#11530,1.);
#11530 = DIRECTION('',(0.,1.));
#11531 = ( GEOMETRIC_REPRESENTATION_CONTEXT(2) 
PARAMETRIC_REPRESENTATION_CONTEXT() REPRESENTATION_CONTEXT('2D SPACE',''
  ) );
#11532 = PCURVE('',#8351,#11533);
#11533 = DEFINITIONAL_REPRESENTATION('',(#11534),#11538);
#11534 = LINE('',#11535,#11536);
#11535 = CARTESIAN_POINT('',(5.890486225481,0.));
#11536 = VECTOR('',#11537,1.);
#11537 = DIRECTION('',(0.,1.));
#11538 = ( GEOMETRIC_REPRESENTATION_CONTEXT(2) 
PARAMETRIC_REPRESENTATION_CONTEXT() REPRESENTATION_CONTEXT('2D SPACE',''
  ) );
#11539 = ORIENTED_EDGE('',*,*,#8311,.T.);
#11540 = ORIENTED_EDGE('',*,*,#7165,.T.);
#11541 = ORIENTED_EDGE('',*,*,#7686,.F.);
#11542 = ADVANCED_FACE('',(#11543),#6311,.F.);
#11543 = FACE_BOUND('',#11544,.T.);
#11544 = EDGE_LOOP('',(#11545,#11546,#11547,#11570,#11591));
#11545 = ORIENTED_EDGE('',*,*,#6272,.T.);
#11546 = ORIENTED_EDGE('',*,*,#8363,.T.);
#11547 = ORIENTED_EDGE('',*,*,#11548,.F.);
#11548 = EDGE_CURVE('',#11549,#8335,#11551,.T.);
#11549 = VERTEX_POINT('',#11550);
#11550 = CARTESIAN_POINT('',(-36.16252132185,-13.30129887066,-18.7));
#11551 = SURFACE_CURVE('',#11552,(#11556,#11563),.PCURVE_S1.);
#11552 = LINE('',#11553,#11554);
#11553 = CARTESIAN_POINT('',(-36.16252132185,-13.30129887066,-18.7));
#11554 = VECTOR('',#11555,1.);
#11555 = DIRECTION('',(6.305496559635E-17,-4.941768411644E-18,-1.));
#11556 = PCURVE('',#6311,#11557);
#11557 = DEFINITIONAL_REPRESENTATION('',(#11558),#11562);
#11558 = LINE('',#11559,#11560);
#11559 = CARTESIAN_POINT('',(3.,0.));
#11560 = VECTOR('',#11561,1.);
#11561 = DIRECTION('',(0.,1.));
#11562 = ( GEOMETRIC_REPRESENTATION_CONTEXT(2) 
PARAMETRIC_REPRESENTATION_CONTEXT() REPRESENTATION_CONTEXT('2D SPACE',''
  ) );
#11563 = PCURVE('',#8351,#11564);
#11564 = DEFINITIONAL_REPRESENTATION('',(#11565),#11569);
#11565 = LINE('',#11566,#11567);
#11566 = CARTESIAN_POINT('',(2.748893571891,0.));
#11567 = VECTOR('',#11568,1.);
#11568 = DIRECTION('',(0.,1.));
#11569 = ( GEOMETRIC_REPRESENTATION_CONTEXT(2) 
PARAMETRIC_REPRESENTATION_CONTEXT() REPRESENTATION_CONTEXT('2D SPACE',''
  ) );
#11570 = ORIENTED_EDGE('',*,*,#11571,.F.);
#11571 = EDGE_CURVE('',#7640,#11549,#11572,.T.);
#11572 = SURFACE_CURVE('',#11573,(#11577,#11584),.PCURVE_S1.);
#11573 = LINE('',#11574,#11575);
#11574 = CARTESIAN_POINT('',(-38.93415991938,-14.44934916775,-18.7));
#11575 = VECTOR('',#11576,1.);
#11576 = DIRECTION('',(0.923879532511,0.382683432365,5.636405923995E-17)
  );
#11577 = PCURVE('',#6311,#11578);
#11578 = DEFINITIONAL_REPRESENTATION('',(#11579),#11583);
#11579 = LINE('',#11580,#11581);
#11580 = CARTESIAN_POINT('',(0.,0.));
#11581 = VECTOR('',#11582,1.);
#11582 = DIRECTION('',(1.,0.));
#11583 = ( GEOMETRIC_REPRESENTATION_CONTEXT(2) 
PARAMETRIC_REPRESENTATION_CONTEXT() REPRESENTATION_CONTEXT('2D SPACE',''
  ) );
#11584 = PCURVE('',#638,#11585);
#11585 = DEFINITIONAL_REPRESENTATION('',(#11586),#11590);
#11586 = LINE('',#11587,#11588);
#11587 = CARTESIAN_POINT('',(-1.432013275392,0.593159320166));
#11588 = VECTOR('',#11589,1.);
#11589 = DIRECTION('',(-0.382683432365,-0.923879532511));
#11590 = ( GEOMETRIC_REPRESENTATION_CONTEXT(2) 
PARAMETRIC_REPRESENTATION_CONTEXT() REPRESENTATION_CONTEXT('2D SPACE',''
  ) );
#11591 = ORIENTED_EDGE('',*,*,#7639,.F.);
#11592 = ADVANCED_FACE('',(#11593),#8351,.F.);
#11593 = FACE_BOUND('',#11594,.F.);
#11594 = EDGE_LOOP('',(#11595,#11596,#11618,#11619));
#11595 = ORIENTED_EDGE('',*,*,#11548,.F.);
#11596 = ORIENTED_EDGE('',*,*,#11597,.T.);
#11597 = EDGE_CURVE('',#11549,#11497,#11598,.T.);
#11598 = SURFACE_CURVE('',#11599,(#11604,#11611),.PCURVE_S1.);
#11599 = CIRCLE('',#11600,1.55);
#11600 = AXIS2_PLACEMENT_3D('',#11601,#11602,#11603);
#11601 = CARTESIAN_POINT('',(-35.56936200168,-14.73331214605,-18.7));
#11602 = DIRECTION('',(6.305496559635E-17,-4.941768411644E-18,-1.));
#11603 = DIRECTION('',(4.478440467932E-15,-1.,4.941768411644E-18));
#11604 = PCURVE('',#8351,#11605);
#11605 = DEFINITIONAL_REPRESENTATION('',(#11606),#11610);
#11606 = LINE('',#11607,#11608);
#11607 = CARTESIAN_POINT('',(1.33226762955E-15,0.));
#11608 = VECTOR('',#11609,1.);
#11609 = DIRECTION('',(1.,0.));
#11610 = ( GEOMETRIC_REPRESENTATION_CONTEXT(2) 
PARAMETRIC_REPRESENTATION_CONTEXT() REPRESENTATION_CONTEXT('2D SPACE',''
  ) );
#11611 = PCURVE('',#638,#11612);
#11612 = DEFINITIONAL_REPRESENTATION('',(#11613),#11617);
#11613 = CIRCLE('',#11614,1.55);
#11614 = AXIS2_PLACEMENT_2D('',#11615,#11616);
#11615 = CARTESIAN_POINT('',(-1.148050297095,-2.771638597534));
#11616 = DIRECTION('',(1.,-9.852244056132E-16));
#11617 = ( GEOMETRIC_REPRESENTATION_CONTEXT(2) 
PARAMETRIC_REPRESENTATION_CONTEXT() REPRESENTATION_CONTEXT('2D SPACE',''
  ) );
#11618 = ORIENTED_EDGE('',*,*,#11519,.T.);
#11619 = ORIENTED_EDGE('',*,*,#8334,.F.);
#11620 = ADVANCED_FACE('',(#11621,#11646),#638,.T.);
#11621 = FACE_BOUND('',#11622,.T.);
#11622 = EDGE_LOOP('',(#11623,#11645));
#11623 = ORIENTED_EDGE('',*,*,#11624,.F.);
#11624 = EDGE_CURVE('',#589,#622,#11625,.T.);
#11625 = SURFACE_CURVE('',#11626,(#11631,#11638),.PCURVE_S1.);
#11626 = CIRCLE('',#11627,0.85);
#11627 = AXIS2_PLACEMENT_3D('',#11628,#11629,#11630);
#11628 = CARTESIAN_POINT('',(-35.56936200168,-14.73331214605,-18.7));
#11629 = DIRECTION('',(6.305496559635E-17,-4.941768411644E-18,-1.));
#11630 = DIRECTION('',(1.734723475977E-18,-1.,4.941768411644E-18));
#11631 = PCURVE('',#638,#11632);
#11632 = DEFINITIONAL_REPRESENTATION('',(#11633),#11637);
#11633 = CIRCLE('',#11634,0.85);
#11634 = AXIS2_PLACEMENT_2D('',#11635,#11636);
#11635 = CARTESIAN_POINT('',(-1.148050297095,-2.771638597534));
#11636 = DIRECTION('',(1.,3.491481338843E-15));
#11637 = ( GEOMETRIC_REPRESENTATION_CONTEXT(2) 
PARAMETRIC_REPRESENTATION_CONTEXT() REPRESENTATION_CONTEXT('2D SPACE',''
  ) );
#11638 = PCURVE('',#609,#11639);
#11639 = DEFINITIONAL_REPRESENTATION('',(#11640),#11644);
#11640 = LINE('',#11641,#11642);
#11641 = CARTESIAN_POINT('',(0.,2.5));
#11642 = VECTOR('',#11643,1.);
#11643 = DIRECTION('',(1.,0.));
#11644 = ( GEOMETRIC_REPRESENTATION_CONTEXT(2) 
PARAMETRIC_REPRESENTATION_CONTEXT() REPRESENTATION_CONTEXT('2D SPACE',''
  ) );
#11645 = ORIENTED_EDGE('',*,*,#621,.F.);
#11646 = FACE_BOUND('',#11647,.T.);
#11647 = EDGE_LOOP('',(#11648,#11649,#11650,#11651));
#11648 = ORIENTED_EDGE('',*,*,#7662,.T.);
#11649 = ORIENTED_EDGE('',*,*,#11571,.T.);
#11650 = ORIENTED_EDGE('',*,*,#11597,.T.);
#11651 = ORIENTED_EDGE('',*,*,#11496,.T.);
#11652 = ADVANCED_FACE('',(#11653),#609,.F.);
#11653 = FACE_BOUND('',#11654,.F.);
#11654 = EDGE_LOOP('',(#11655,#11656,#11657,#11658));
#11655 = ORIENTED_EDGE('',*,*,#11624,.F.);
#11656 = ORIENTED_EDGE('',*,*,#586,.F.);
#11657 = ORIENTED_EDGE('',*,*,#9362,.T.);
#11658 = ORIENTED_EDGE('',*,*,#650,.T.);
#11659 = ADVANCED_FACE('',(#11660),#7038,.F.);
#11660 = FACE_BOUND('',#11661,.T.);
#11661 = EDGE_LOOP('',(#11662,#11685,#11706,#11707,#11708));
#11662 = ORIENTED_EDGE('',*,*,#11663,.F.);
#11663 = EDGE_CURVE('',#11664,#7732,#11666,.T.);
#11664 = VERTEX_POINT('',#11665);
#11665 = CARTESIAN_POINT('',(-13.30129887066,-36.16252132185,-18.7));
#11666 = SURFACE_CURVE('',#11667,(#11671,#11678),.PCURVE_S1.);
#11667 = LINE('',#11668,#11669);
#11668 = CARTESIAN_POINT('',(-14.44934916775,-38.93415991938,-18.7));
#11669 = VECTOR('',#11670,1.);
#11670 = DIRECTION('',(-0.382683432365,-0.923879532511,
    -1.956449197214E-17));
#11671 = PCURVE('',#7038,#11672);
#11672 = DEFINITIONAL_REPRESENTATION('',(#11673),#11677);
#11673 = LINE('',#11674,#11675);
#11674 = CARTESIAN_POINT('',(0.,0.));
#11675 = VECTOR('',#11676,1.);
#11676 = DIRECTION('',(1.,0.));
#11677 = ( GEOMETRIC_REPRESENTATION_CONTEXT(2) 
PARAMETRIC_REPRESENTATION_CONTEXT() REPRESENTATION_CONTEXT('2D SPACE',''
  ) );
#11678 = PCURVE('',#526,#11679);
#11679 = DEFINITIONAL_REPRESENTATION('',(#11680),#11684);
#11680 = LINE('',#11681,#11682);
#11681 = CARTESIAN_POINT('',(1.432013275392,-0.593159320166));
#11682 = VECTOR('',#11683,1.);
#11683 = DIRECTION('',(0.382683432365,0.923879532511));
#11684 = ( GEOMETRIC_REPRESENTATION_CONTEXT(2) 
PARAMETRIC_REPRESENTATION_CONTEXT() REPRESENTATION_CONTEXT('2D SPACE',''
  ) );
#11685 = ORIENTED_EDGE('',*,*,#11686,.T.);
#11686 = EDGE_CURVE('',#11664,#8238,#11687,.T.);
#11687 = SURFACE_CURVE('',#11688,(#11692,#11699),.PCURVE_S1.);
#11688 = LINE('',#11689,#11690);
#11689 = CARTESIAN_POINT('',(-13.30129887066,-36.16252132185,-18.7));
#11690 = VECTOR('',#11691,1.);
#11691 = DIRECTION('',(6.305496559635E-17,-4.941768411644E-18,-1.));
#11692 = PCURVE('',#7038,#11693);
#11693 = DEFINITIONAL_REPRESENTATION('',(#11694),#11698);
#11694 = LINE('',#11695,#11696);
#11695 = CARTESIAN_POINT('',(-3.,0.));
#11696 = VECTOR('',#11697,1.);
#11697 = DIRECTION('',(0.,1.));
#11698 = ( GEOMETRIC_REPRESENTATION_CONTEXT(2) 
PARAMETRIC_REPRESENTATION_CONTEXT() REPRESENTATION_CONTEXT('2D SPACE',''
  ) );
#11699 = PCURVE('',#8277,#11700);
#11700 = DEFINITIONAL_REPRESENTATION('',(#11701),#11705);
#11701 = LINE('',#11702,#11703);
#11702 = CARTESIAN_POINT('',(5.890486225481,0.));
#11703 = VECTOR('',#11704,1.);
#11704 = DIRECTION('',(0.,1.));
#11705 = ( GEOMETRIC_REPRESENTATION_CONTEXT(2) 
PARAMETRIC_REPRESENTATION_CONTEXT() REPRESENTATION_CONTEXT('2D SPACE',''
  ) );
#11706 = ORIENTED_EDGE('',*,*,#8237,.T.);
#11707 = ORIENTED_EDGE('',*,*,#6997,.T.);
#11708 = ORIENTED_EDGE('',*,*,#7755,.F.);
#11709 = ADVANCED_FACE('',(#11710),#7126,.F.);
#11710 = FACE_BOUND('',#11711,.T.);
#11711 = EDGE_LOOP('',(#11712,#11713,#11714,#11737,#11758));
#11712 = ORIENTED_EDGE('',*,*,#7078,.T.);
#11713 = ORIENTED_EDGE('',*,*,#8289,.T.);
#11714 = ORIENTED_EDGE('',*,*,#11715,.F.);
#11715 = EDGE_CURVE('',#11716,#8261,#11718,.T.);
#11716 = VERTEX_POINT('',#11717);
#11717 = CARTESIAN_POINT('',(-16.16532542144,-34.97620268151,-18.7));
#11718 = SURFACE_CURVE('',#11719,(#11723,#11730),.PCURVE_S1.);
#11719 = LINE('',#11720,#11721);
#11720 = CARTESIAN_POINT('',(-16.16532542144,-34.97620268151,-18.7));
#11721 = VECTOR('',#11722,1.);
#11722 = DIRECTION('',(6.305496559635E-17,-4.941768411644E-18,-1.));
#11723 = PCURVE('',#7126,#11724);
#11724 = DEFINITIONAL_REPRESENTATION('',(#11725),#11729);
#11725 = LINE('',#11726,#11727);
#11726 = CARTESIAN_POINT('',(3.,0.));
#11727 = VECTOR('',#11728,1.);
#11728 = DIRECTION('',(0.,1.));
#11729 = ( GEOMETRIC_REPRESENTATION_CONTEXT(2) 
PARAMETRIC_REPRESENTATION_CONTEXT() REPRESENTATION_CONTEXT('2D SPACE',''
  ) );
#11730 = PCURVE('',#8277,#11731);
#11731 = DEFINITIONAL_REPRESENTATION('',(#11732),#11736);
#11732 = LINE('',#11733,#11734);
#11733 = CARTESIAN_POINT('',(2.748893571891,0.));
#11734 = VECTOR('',#11735,1.);
#11735 = DIRECTION('',(0.,1.));
#11736 = ( GEOMETRIC_REPRESENTATION_CONTEXT(2) 
PARAMETRIC_REPRESENTATION_CONTEXT() REPRESENTATION_CONTEXT('2D SPACE',''
  ) );
#11737 = ORIENTED_EDGE('',*,*,#11738,.F.);
#11738 = EDGE_CURVE('',#7709,#11716,#11739,.T.);
#11739 = SURFACE_CURVE('',#11740,(#11744,#11751),.PCURVE_S1.);
#11740 = LINE('',#11741,#11742);
#11741 = CARTESIAN_POINT('',(-17.31337571854,-37.74784127905,-18.7));
#11742 = VECTOR('',#11743,1.);
#11743 = DIRECTION('',(0.382683432365,0.923879532511,1.956449197214E-17)
  );
#11744 = PCURVE('',#7126,#11745);
#11745 = DEFINITIONAL_REPRESENTATION('',(#11746),#11750);
#11746 = LINE('',#11747,#11748);
#11747 = CARTESIAN_POINT('',(0.,0.));
#11748 = VECTOR('',#11749,1.);
#11749 = DIRECTION('',(1.,0.));
#11750 = ( GEOMETRIC_REPRESENTATION_CONTEXT(2) 
PARAMETRIC_REPRESENTATION_CONTEXT() REPRESENTATION_CONTEXT('2D SPACE',''
  ) );
#11751 = PCURVE('',#526,#11752);
#11752 = DEFINITIONAL_REPRESENTATION('',(#11753),#11757);
#11753 = LINE('',#11754,#11755);
#11754 = CARTESIAN_POINT('',(-1.432013275392,0.593159320166));
#11755 = VECTOR('',#11756,1.);
#11756 = DIRECTION('',(-0.382683432365,-0.923879532511));
#11757 = ( GEOMETRIC_REPRESENTATION_CONTEXT(2) 
PARAMETRIC_REPRESENTATION_CONTEXT() REPRESENTATION_CONTEXT('2D SPACE',''
  ) );
#11758 = ORIENTED_EDGE('',*,*,#7708,.F.);
#11759 = ADVANCED_FACE('',(#11760),#8277,.F.);
#11760 = FACE_BOUND('',#11761,.F.);
#11761 = EDGE_LOOP('',(#11762,#11763,#11785,#11786));
#11762 = ORIENTED_EDGE('',*,*,#11715,.F.);
#11763 = ORIENTED_EDGE('',*,*,#11764,.T.);
#11764 = EDGE_CURVE('',#11716,#11664,#11765,.T.);
#11765 = SURFACE_CURVE('',#11766,(#11771,#11778),.PCURVE_S1.);
#11766 = CIRCLE('',#11767,1.55);
#11767 = AXIS2_PLACEMENT_3D('',#11768,#11769,#11770);
#11768 = CARTESIAN_POINT('',(-14.73331214605,-35.56936200168,-18.7));
#11769 = DIRECTION('',(6.305496559635E-17,-4.941768411644E-18,-1.));
#11770 = DIRECTION('',(0.707106781187,-0.707106781187,4.808095171559E-17
    ));
#11771 = PCURVE('',#8277,#11772);
#11772 = DEFINITIONAL_REPRESENTATION('',(#11773),#11777);
#11773 = LINE('',#11774,#11775);
#11774 = CARTESIAN_POINT('',(-1.33226762955E-15,0.));
#11775 = VECTOR('',#11776,1.);
#11776 = DIRECTION('',(1.,0.));
#11777 = ( GEOMETRIC_REPRESENTATION_CONTEXT(2) 
PARAMETRIC_REPRESENTATION_CONTEXT() REPRESENTATION_CONTEXT('2D SPACE',''
  ) );
#11778 = PCURVE('',#526,#11779);
#11779 = DEFINITIONAL_REPRESENTATION('',(#11780),#11784);
#11780 = CIRCLE('',#11781,1.55);
#11781 = AXIS2_PLACEMENT_2D('',#11782,#11783);
#11782 = CARTESIAN_POINT('',(-1.148050297095,-2.771638597534));
#11783 = DIRECTION('',(1.,5.551115123126E-16));
#11784 = ( GEOMETRIC_REPRESENTATION_CONTEXT(2) 
PARAMETRIC_REPRESENTATION_CONTEXT() REPRESENTATION_CONTEXT('2D SPACE',''
  ) );
#11785 = ORIENTED_EDGE('',*,*,#11686,.T.);
#11786 = ORIENTED_EDGE('',*,*,#8260,.F.);
#11787 = ADVANCED_FACE('',(#11788,#11813),#526,.T.);
#11788 = FACE_BOUND('',#11789,.T.);
#11789 = EDGE_LOOP('',(#11790,#11812));
#11790 = ORIENTED_EDGE('',*,*,#11791,.F.);
#11791 = EDGE_CURVE('',#477,#510,#11792,.T.);
#11792 = SURFACE_CURVE('',#11793,(#11798,#11805),.PCURVE_S1.);
#11793 = CIRCLE('',#11794,0.85);
#11794 = AXIS2_PLACEMENT_3D('',#11795,#11796,#11797);
#11795 = CARTESIAN_POINT('',(-14.73331214605,-35.56936200168,-18.7));
#11796 = DIRECTION('',(6.305496559635E-17,-4.941768411644E-18,-1.));
#11797 = DIRECTION('',(0.707106781187,-0.707106781187,4.808095171559E-17
    ));
#11798 = PCURVE('',#526,#11799);
#11799 = DEFINITIONAL_REPRESENTATION('',(#11800),#11804);
#11800 = CIRCLE('',#11801,0.85);
#11801 = AXIS2_PLACEMENT_2D('',#11802,#11803);
#11802 = CARTESIAN_POINT('',(-1.148050297095,-2.771638597534));
#11803 = DIRECTION('',(1.,-6.661338147751E-16));
#11804 = ( GEOMETRIC_REPRESENTATION_CONTEXT(2) 
PARAMETRIC_REPRESENTATION_CONTEXT() REPRESENTATION_CONTEXT('2D SPACE',''
  ) );
#11805 = PCURVE('',#497,#11806);
#11806 = DEFINITIONAL_REPRESENTATION('',(#11807),#11811);
#11807 = LINE('',#11808,#11809);
#11808 = CARTESIAN_POINT('',(0.,2.5));
#11809 = VECTOR('',#11810,1.);
#11810 = DIRECTION('',(1.,0.));
#11811 = ( GEOMETRIC_REPRESENTATION_CONTEXT(2) 
PARAMETRIC_REPRESENTATION_CONTEXT() REPRESENTATION_CONTEXT('2D SPACE',''
  ) );
#11812 = ORIENTED_EDGE('',*,*,#509,.F.);
#11813 = FACE_BOUND('',#11814,.T.);
#11814 = EDGE_LOOP('',(#11815,#11816,#11817,#11818));
#11815 = ORIENTED_EDGE('',*,*,#7731,.T.);
#11816 = ORIENTED_EDGE('',*,*,#11738,.T.);
#11817 = ORIENTED_EDGE('',*,*,#11764,.T.);
#11818 = ORIENTED_EDGE('',*,*,#11663,.T.);
#11819 = ADVANCED_FACE('',(#11820),#497,.F.);
#11820 = FACE_BOUND('',#11821,.F.);
#11821 = EDGE_LOOP('',(#11822,#11823,#11824,#11825));
#11822 = ORIENTED_EDGE('',*,*,#11791,.F.);
#11823 = ORIENTED_EDGE('',*,*,#474,.F.);
#11824 = ORIENTED_EDGE('',*,*,#9337,.T.);
#11825 = ORIENTED_EDGE('',*,*,#538,.T.);
#11826 = ADVANCED_FACE('',(#11827),#6870,.F.);
#11827 = FACE_BOUND('',#11828,.T.);
#11828 = EDGE_LOOP('',(#11829,#11852,#11873,#11874,#11875));
#11829 = ORIENTED_EDGE('',*,*,#11830,.F.);
#11830 = EDGE_CURVE('',#11831,#7801,#11833,.T.);
#11831 = VERTEX_POINT('',#11832);
#11832 = CARTESIAN_POINT('',(16.165325421448,-34.97620268151,-18.7));
#11833 = SURFACE_CURVE('',#11834,(#11838,#11845),.PCURVE_S1.);
#11834 = LINE('',#11835,#11836);
#11835 = CARTESIAN_POINT('',(17.313375718544,-37.74784127905,-18.7));
#11836 = VECTOR('',#11837,1.);
#11837 = DIRECTION('',(0.382683432365,-0.923879532511,2.8695689352E-17)
  );
#11838 = PCURVE('',#6870,#11839);
#11839 = DEFINITIONAL_REPRESENTATION('',(#11840),#11844);
#11840 = LINE('',#11841,#11842);
#11841 = CARTESIAN_POINT('',(0.,0.));
#11842 = VECTOR('',#11843,1.);
#11843 = DIRECTION('',(1.,0.));
#11844 = ( GEOMETRIC_REPRESENTATION_CONTEXT(2) 
PARAMETRIC_REPRESENTATION_CONTEXT() REPRESENTATION_CONTEXT('2D SPACE',''
  ) );
#11845 = PCURVE('',#414,#11846);
#11846 = DEFINITIONAL_REPRESENTATION('',(#11847),#11851);
#11847 = LINE('',#11848,#11849);
#11848 = CARTESIAN_POINT('',(1.432013275392,-0.593159320166));
#11849 = VECTOR('',#11850,1.);
#11850 = DIRECTION('',(0.382683432365,0.923879532511));
#11851 = ( GEOMETRIC_REPRESENTATION_CONTEXT(2) 
PARAMETRIC_REPRESENTATION_CONTEXT() REPRESENTATION_CONTEXT('2D SPACE',''
  ) );
#11852 = ORIENTED_EDGE('',*,*,#11853,.T.);
#11853 = EDGE_CURVE('',#11831,#8164,#11854,.T.);
#11854 = SURFACE_CURVE('',#11855,(#11859,#11866),.PCURVE_S1.);
#11855 = LINE('',#11856,#11857);
#11856 = CARTESIAN_POINT('',(16.165325421448,-34.97620268151,-18.7));
#11857 = VECTOR('',#11858,1.);
#11858 = DIRECTION('',(6.305496559635E-17,-4.941768411644E-18,-1.));
#11859 = PCURVE('',#6870,#11860);
#11860 = DEFINITIONAL_REPRESENTATION('',(#11861),#11865);
#11861 = LINE('',#11862,#11863);
#11862 = CARTESIAN_POINT('',(-3.,0.));
#11863 = VECTOR('',#11864,1.);
#11864 = DIRECTION('',(0.,1.));
#11865 = ( GEOMETRIC_REPRESENTATION_CONTEXT(2) 
PARAMETRIC_REPRESENTATION_CONTEXT() REPRESENTATION_CONTEXT('2D SPACE',''
  ) );
#11866 = PCURVE('',#8203,#11867);
#11867 = DEFINITIONAL_REPRESENTATION('',(#11868),#11872);
#11868 = LINE('',#11869,#11870);
#11869 = CARTESIAN_POINT('',(5.890486225481,0.));
#11870 = VECTOR('',#11871,1.);
#11871 = DIRECTION('',(0.,1.));
#11872 = ( GEOMETRIC_REPRESENTATION_CONTEXT(2) 
PARAMETRIC_REPRESENTATION_CONTEXT() REPRESENTATION_CONTEXT('2D SPACE',''
  ) );
#11873 = ORIENTED_EDGE('',*,*,#8163,.T.);
#11874 = ORIENTED_EDGE('',*,*,#6829,.T.);
#11875 = ORIENTED_EDGE('',*,*,#7824,.F.);
#11876 = ADVANCED_FACE('',(#11877),#6958,.F.);
#11877 = FACE_BOUND('',#11878,.T.);
#11878 = EDGE_LOOP('',(#11879,#11880,#11881,#11904,#11925));
#11879 = ORIENTED_EDGE('',*,*,#6910,.T.);
#11880 = ORIENTED_EDGE('',*,*,#8215,.T.);
#11881 = ORIENTED_EDGE('',*,*,#11882,.F.);
#11882 = EDGE_CURVE('',#11883,#8187,#11885,.T.);
#11883 = VERTEX_POINT('',#11884);
#11884 = CARTESIAN_POINT('',(13.301298870663,-36.16252132185,-18.7));
#11885 = SURFACE_CURVE('',#11886,(#11890,#11897),.PCURVE_S1.);
#11886 = LINE('',#11887,#11888);
#11887 = CARTESIAN_POINT('',(13.301298870663,-36.16252132185,-18.7));
#11888 = VECTOR('',#11889,1.);
#11889 = DIRECTION('',(6.305496559635E-17,-4.941768411644E-18,-1.));
#11890 = PCURVE('',#6958,#11891);
#11891 = DEFINITIONAL_REPRESENTATION('',(#11892),#11896);
#11892 = LINE('',#11893,#11894);
#11893 = CARTESIAN_POINT('',(3.,0.));
#11894 = VECTOR('',#11895,1.);
#11895 = DIRECTION('',(0.,1.));
#11896 = ( GEOMETRIC_REPRESENTATION_CONTEXT(2) 
PARAMETRIC_REPRESENTATION_CONTEXT() REPRESENTATION_CONTEXT('2D SPACE',''
  ) );
#11897 = PCURVE('',#8203,#11898);
#11898 = DEFINITIONAL_REPRESENTATION('',(#11899),#11903);
#11899 = LINE('',#11900,#11901);
#11900 = CARTESIAN_POINT('',(2.748893571891,0.));
#11901 = VECTOR('',#11902,1.);
#11902 = DIRECTION('',(0.,1.));
#11903 = ( GEOMETRIC_REPRESENTATION_CONTEXT(2) 
PARAMETRIC_REPRESENTATION_CONTEXT() REPRESENTATION_CONTEXT('2D SPACE',''
  ) );
#11904 = ORIENTED_EDGE('',*,*,#11905,.F.);
#11905 = EDGE_CURVE('',#7778,#11883,#11906,.T.);
#11906 = SURFACE_CURVE('',#11907,(#11911,#11918),.PCURVE_S1.);
#11907 = LINE('',#11908,#11909);
#11908 = CARTESIAN_POINT('',(14.449349167759,-38.93415991938,-18.7));
#11909 = VECTOR('',#11910,1.);
#11910 = DIRECTION('',(-0.382683432365,0.923879532511,-2.8695689352E-17)
  );
#11911 = PCURVE('',#6958,#11912);
#11912 = DEFINITIONAL_REPRESENTATION('',(#11913),#11917);
#11913 = LINE('',#11914,#11915);
#11914 = CARTESIAN_POINT('',(0.,0.));
#11915 = VECTOR('',#11916,1.);
#11916 = DIRECTION('',(1.,0.));
#11917 = ( GEOMETRIC_REPRESENTATION_CONTEXT(2) 
PARAMETRIC_REPRESENTATION_CONTEXT() REPRESENTATION_CONTEXT('2D SPACE',''
  ) );
#11918 = PCURVE('',#414,#11919);
#11919 = DEFINITIONAL_REPRESENTATION('',(#11920),#11924);
#11920 = LINE('',#11921,#11922);
#11921 = CARTESIAN_POINT('',(-1.432013275392,0.593159320166));
#11922 = VECTOR('',#11923,1.);
#11923 = DIRECTION('',(-0.382683432365,-0.923879532511));
#11924 = ( GEOMETRIC_REPRESENTATION_CONTEXT(2) 
PARAMETRIC_REPRESENTATION_CONTEXT() REPRESENTATION_CONTEXT('2D SPACE',''
  ) );
#11925 = ORIENTED_EDGE('',*,*,#7777,.F.);
#11926 = ADVANCED_FACE('',(#11927),#8203,.F.);
#11927 = FACE_BOUND('',#11928,.F.);
#11928 = EDGE_LOOP('',(#11929,#11930,#11952,#11953));
#11929 = ORIENTED_EDGE('',*,*,#11882,.F.);
#11930 = ORIENTED_EDGE('',*,*,#11931,.T.);
#11931 = EDGE_CURVE('',#11883,#11831,#11932,.T.);
#11932 = SURFACE_CURVE('',#11933,(#11938,#11945),.PCURVE_S1.);
#11933 = CIRCLE('',#11934,1.55);
#11934 = AXIS2_PLACEMENT_3D('',#11935,#11936,#11937);
#11935 = CARTESIAN_POINT('',(14.733312146056,-35.56936200168,-18.7));
#11936 = DIRECTION('',(6.305496559635E-17,-4.941768411644E-18,-1.));
#11937 = DIRECTION('',(1.,1.734723475977E-18,6.305496559635E-17));
#11938 = PCURVE('',#8203,#11939);
#11939 = DEFINITIONAL_REPRESENTATION('',(#11940),#11944);
#11940 = LINE('',#11941,#11942);
#11941 = CARTESIAN_POINT('',(-4.440892098501E-16,0.));
#11942 = VECTOR('',#11943,1.);
#11943 = DIRECTION('',(1.,0.));
#11944 = ( GEOMETRIC_REPRESENTATION_CONTEXT(2) 
PARAMETRIC_REPRESENTATION_CONTEXT() REPRESENTATION_CONTEXT('2D SPACE',''
  ) );
#11945 = PCURVE('',#414,#11946);
#11946 = DEFINITIONAL_REPRESENTATION('',(#11947),#11951);
#11947 = CIRCLE('',#11948,1.55);
#11948 = AXIS2_PLACEMENT_2D('',#11949,#11950);
#11949 = CARTESIAN_POINT('',(-1.148050297095,-2.771638597534));
#11950 = DIRECTION('',(1.,0.));
#11951 = ( GEOMETRIC_REPRESENTATION_CONTEXT(2) 
PARAMETRIC_REPRESENTATION_CONTEXT() REPRESENTATION_CONTEXT('2D SPACE',''
  ) );
#11952 = ORIENTED_EDGE('',*,*,#11853,.T.);
#11953 = ORIENTED_EDGE('',*,*,#8186,.F.);
#11954 = ADVANCED_FACE('',(#11955,#11980),#414,.T.);
#11955 = FACE_BOUND('',#11956,.T.);
#11956 = EDGE_LOOP('',(#11957,#11979));
#11957 = ORIENTED_EDGE('',*,*,#11958,.F.);
#11958 = EDGE_CURVE('',#365,#398,#11959,.T.);
#11959 = SURFACE_CURVE('',#11960,(#11965,#11972),.PCURVE_S1.);
#11960 = CIRCLE('',#11961,0.85);
#11961 = AXIS2_PLACEMENT_3D('',#11962,#11963,#11964);
#11962 = CARTESIAN_POINT('',(14.733312146056,-35.56936200168,-18.7));
#11963 = DIRECTION('',(6.305496559635E-17,-4.941768411644E-18,-1.));
#11964 = DIRECTION('',(1.,1.734723475977E-18,6.305496559635E-17));
#11965 = PCURVE('',#414,#11966);
#11966 = DEFINITIONAL_REPRESENTATION('',(#11967),#11971);
#11967 = CIRCLE('',#11968,0.85);
#11968 = AXIS2_PLACEMENT_2D('',#11969,#11970);
#11969 = CARTESIAN_POINT('',(-1.148050297095,-2.771638597534));
#11970 = DIRECTION('',(1.,0.));
#11971 = ( GEOMETRIC_REPRESENTATION_CONTEXT(2) 
PARAMETRIC_REPRESENTATION_CONTEXT() REPRESENTATION_CONTEXT('2D SPACE',''
  ) );
#11972 = PCURVE('',#385,#11973);
#11973 = DEFINITIONAL_REPRESENTATION('',(#11974),#11978);
#11974 = LINE('',#11975,#11976);
#11975 = CARTESIAN_POINT('',(0.,2.5));
#11976 = VECTOR('',#11977,1.);
#11977 = DIRECTION('',(1.,0.));
#11978 = ( GEOMETRIC_REPRESENTATION_CONTEXT(2) 
PARAMETRIC_REPRESENTATION_CONTEXT() REPRESENTATION_CONTEXT('2D SPACE',''
  ) );
#11979 = ORIENTED_EDGE('',*,*,#397,.F.);
#11980 = FACE_BOUND('',#11981,.T.);
#11981 = EDGE_LOOP('',(#11982,#11983,#11984,#11985));
#11982 = ORIENTED_EDGE('',*,*,#7800,.T.);
#11983 = ORIENTED_EDGE('',*,*,#11905,.T.);
#11984 = ORIENTED_EDGE('',*,*,#11931,.T.);
#11985 = ORIENTED_EDGE('',*,*,#11830,.T.);
#11986 = ADVANCED_FACE('',(#11987),#385,.F.);
#11987 = FACE_BOUND('',#11988,.F.);
#11988 = EDGE_LOOP('',(#11989,#11990,#11991,#11992));
#11989 = ORIENTED_EDGE('',*,*,#11958,.F.);
#11990 = ORIENTED_EDGE('',*,*,#362,.F.);
#11991 = ORIENTED_EDGE('',*,*,#9312,.T.);
#11992 = ORIENTED_EDGE('',*,*,#426,.T.);
#11993 = ADVANCED_FACE('',(#11994),#6702,.F.);
#11994 = FACE_BOUND('',#11995,.T.);
#11995 = EDGE_LOOP('',(#11996,#12019,#12040,#12041,#12042));
#11996 = ORIENTED_EDGE('',*,*,#11997,.F.);
#11997 = EDGE_CURVE('',#11998,#7870,#12000,.T.);
#11998 = VERTEX_POINT('',#11999);
#11999 = CARTESIAN_POINT('',(36.162521321851,-13.30129887066,-18.7));
#12000 = SURFACE_CURVE('',#12001,(#12005,#12012),.PCURVE_S1.);
#12001 = LINE('',#12002,#12003);
#12002 = CARTESIAN_POINT('',(38.934159919384,-14.44934916775,-18.7));
#12003 = VECTOR('',#12004,1.);
#12004 = DIRECTION('',(0.923879532511,-0.382683432365,6.014632503539E-17
    ));
#12005 = PCURVE('',#6702,#12006);
#12006 = DEFINITIONAL_REPRESENTATION('',(#12007),#12011);
#12007 = LINE('',#12008,#12009);
#12008 = CARTESIAN_POINT('',(0.,0.));
#12009 = VECTOR('',#12010,1.);
#12010 = DIRECTION('',(1.,0.));
#12011 = ( GEOMETRIC_REPRESENTATION_CONTEXT(2) 
PARAMETRIC_REPRESENTATION_CONTEXT() REPRESENTATION_CONTEXT('2D SPACE',''
  ) );
#12012 = PCURVE('',#302,#12013);
#12013 = DEFINITIONAL_REPRESENTATION('',(#12014),#12018);
#12014 = LINE('',#12015,#12016);
#12015 = CARTESIAN_POINT('',(1.432013275392,-0.593159320166));
#12016 = VECTOR('',#12017,1.);
#12017 = DIRECTION('',(0.382683432365,0.923879532511));
#12018 = ( GEOMETRIC_REPRESENTATION_CONTEXT(2) 
PARAMETRIC_REPRESENTATION_CONTEXT() REPRESENTATION_CONTEXT('2D SPACE',''
  ) );
#12019 = ORIENTED_EDGE('',*,*,#12020,.T.);
#12020 = EDGE_CURVE('',#11998,#8090,#12021,.T.);
#12021 = SURFACE_CURVE('',#12022,(#12026,#12033),.PCURVE_S1.);
#12022 = LINE('',#12023,#12024);
#12023 = CARTESIAN_POINT('',(36.162521321851,-13.30129887066,-18.7));
#12024 = VECTOR('',#12025,1.);
#12025 = DIRECTION('',(6.305496559635E-17,-4.941768411644E-18,-1.));
#12026 = PCURVE('',#6702,#12027);
#12027 = DEFINITIONAL_REPRESENTATION('',(#12028),#12032);
#12028 = LINE('',#12029,#12030);
#12029 = CARTESIAN_POINT('',(-3.,0.));
#12030 = VECTOR('',#12031,1.);
#12031 = DIRECTION('',(0.,1.));
#12032 = ( GEOMETRIC_REPRESENTATION_CONTEXT(2) 
PARAMETRIC_REPRESENTATION_CONTEXT() REPRESENTATION_CONTEXT('2D SPACE',''
  ) );
#12033 = PCURVE('',#8129,#12034);
#12034 = DEFINITIONAL_REPRESENTATION('',(#12035),#12039);
#12035 = LINE('',#12036,#12037);
#12036 = CARTESIAN_POINT('',(5.890486225481,0.));
#12037 = VECTOR('',#12038,1.);
#12038 = DIRECTION('',(0.,1.));
#12039 = ( GEOMETRIC_REPRESENTATION_CONTEXT(2) 
PARAMETRIC_REPRESENTATION_CONTEXT() REPRESENTATION_CONTEXT('2D SPACE',''
  ) );
#12040 = ORIENTED_EDGE('',*,*,#8089,.T.);
#12041 = ORIENTED_EDGE('',*,*,#6661,.T.);
#12042 = ORIENTED_EDGE('',*,*,#7893,.F.);
#12043 = ADVANCED_FACE('',(#12044),#6790,.F.);
#12044 = FACE_BOUND('',#12045,.T.);
#12045 = EDGE_LOOP('',(#12046,#12047,#12048,#12071,#12092));
#12046 = ORIENTED_EDGE('',*,*,#6742,.T.);
#12047 = ORIENTED_EDGE('',*,*,#8141,.T.);
#12048 = ORIENTED_EDGE('',*,*,#12049,.F.);
#12049 = EDGE_CURVE('',#12050,#8113,#12052,.T.);
#12050 = VERTEX_POINT('',#12051);
#12051 = CARTESIAN_POINT('',(34.976202681519,-16.16532542144,-18.7));
#12052 = SURFACE_CURVE('',#12053,(#12057,#12064),.PCURVE_S1.);
#12053 = LINE('',#12054,#12055);
#12054 = CARTESIAN_POINT('',(34.976202681519,-16.16532542144,-18.7));
#12055 = VECTOR('',#12056,1.);
#12056 = DIRECTION('',(6.305496559635E-17,-4.941768411644E-18,-1.));
#12057 = PCURVE('',#6790,#12058);
#12058 = DEFINITIONAL_REPRESENTATION('',(#12059),#12063);
#12059 = LINE('',#12060,#12061);
#12060 = CARTESIAN_POINT('',(3.,0.));
#12061 = VECTOR('',#12062,1.);
#12062 = DIRECTION('',(0.,1.));
#12063 = ( GEOMETRIC_REPRESENTATION_CONTEXT(2) 
PARAMETRIC_REPRESENTATION_CONTEXT() REPRESENTATION_CONTEXT('2D SPACE',''
  ) );
#12064 = PCURVE('',#8129,#12065);
#12065 = DEFINITIONAL_REPRESENTATION('',(#12066),#12070);
#12066 = LINE('',#12067,#12068);
#12067 = CARTESIAN_POINT('',(2.748893571891,0.));
#12068 = VECTOR('',#12069,1.);
#12069 = DIRECTION('',(0.,1.));
#12070 = ( GEOMETRIC_REPRESENTATION_CONTEXT(2) 
PARAMETRIC_REPRESENTATION_CONTEXT() REPRESENTATION_CONTEXT('2D SPACE',''
  ) );
#12071 = ORIENTED_EDGE('',*,*,#12072,.F.);
#12072 = EDGE_CURVE('',#7847,#12050,#12073,.T.);
#12073 = SURFACE_CURVE('',#12074,(#12078,#12085),.PCURVE_S1.);
#12074 = LINE('',#12075,#12076);
#12075 = CARTESIAN_POINT('',(37.747841279053,-17.31337571854,-18.7));
#12076 = VECTOR('',#12077,1.);
#12077 = DIRECTION('',(-0.923879532511,0.382683432365,
    -6.014632503539E-17));
#12078 = PCURVE('',#6790,#12079);
#12079 = DEFINITIONAL_REPRESENTATION('',(#12080),#12084);
#12080 = LINE('',#12081,#12082);
#12081 = CARTESIAN_POINT('',(0.,0.));
#12082 = VECTOR('',#12083,1.);
#12083 = DIRECTION('',(1.,0.));
#12084 = ( GEOMETRIC_REPRESENTATION_CONTEXT(2) 
PARAMETRIC_REPRESENTATION_CONTEXT() REPRESENTATION_CONTEXT('2D SPACE',''
  ) );
#12085 = PCURVE('',#302,#12086);
#12086 = DEFINITIONAL_REPRESENTATION('',(#12087),#12091);
#12087 = LINE('',#12088,#12089);
#12088 = CARTESIAN_POINT('',(-1.432013275392,0.593159320166));
#12089 = VECTOR('',#12090,1.);
#12090 = DIRECTION('',(-0.382683432365,-0.923879532511));
#12091 = ( GEOMETRIC_REPRESENTATION_CONTEXT(2) 
PARAMETRIC_REPRESENTATION_CONTEXT() REPRESENTATION_CONTEXT('2D SPACE',''
  ) );
#12092 = ORIENTED_EDGE('',*,*,#7846,.F.);
#12093 = ADVANCED_FACE('',(#12094),#8129,.F.);
#12094 = FACE_BOUND('',#12095,.F.);
#12095 = EDGE_LOOP('',(#12096,#12097,#12119,#12120));
#12096 = ORIENTED_EDGE('',*,*,#12049,.F.);
#12097 = ORIENTED_EDGE('',*,*,#12098,.T.);
#12098 = EDGE_CURVE('',#12050,#11998,#12099,.T.);
#12099 = SURFACE_CURVE('',#12100,(#12105,#12112),.PCURVE_S1.);
#12100 = CIRCLE('',#12101,1.55);
#12101 = AXIS2_PLACEMENT_3D('',#12102,#12103,#12104);
#12102 = CARTESIAN_POINT('',(35.569362001685,-14.73331214605,-18.7));
#12103 = DIRECTION('',(6.305496559635E-17,-4.941768411644E-18,-1.));
#12104 = DIRECTION('',(0.707106781187,0.707106781187,4.109223580573E-17)
  );
#12105 = PCURVE('',#8129,#12106);
#12106 = DEFINITIONAL_REPRESENTATION('',(#12107),#12111);
#12107 = LINE('',#12108,#12109);
#12108 = CARTESIAN_POINT('',(-1.33226762955E-15,0.));
#12109 = VECTOR('',#12110,1.);
#12110 = DIRECTION('',(1.,0.));
#12111 = ( GEOMETRIC_REPRESENTATION_CONTEXT(2) 
PARAMETRIC_REPRESENTATION_CONTEXT() REPRESENTATION_CONTEXT('2D SPACE',''
  ) );
#12112 = PCURVE('',#302,#12113);
#12113 = DEFINITIONAL_REPRESENTATION('',(#12114),#12118);
#12114 = CIRCLE('',#12115,1.55);
#12115 = AXIS2_PLACEMENT_2D('',#12116,#12117);
#12116 = CARTESIAN_POINT('',(-1.148050297095,-2.771638597534));
#12117 = DIRECTION('',(1.,-9.436895709314E-16));
#12118 = ( GEOMETRIC_REPRESENTATION_CONTEXT(2) 
PARAMETRIC_REPRESENTATION_CONTEXT() REPRESENTATION_CONTEXT('2D SPACE',''
  ) );
#12119 = ORIENTED_EDGE('',*,*,#12020,.T.);
#12120 = ORIENTED_EDGE('',*,*,#8112,.F.);
#12121 = ADVANCED_FACE('',(#12122,#12147),#302,.T.);
#12122 = FACE_BOUND('',#12123,.T.);
#12123 = EDGE_LOOP('',(#12124,#12146));
#12124 = ORIENTED_EDGE('',*,*,#12125,.F.);
#12125 = EDGE_CURVE('',#253,#286,#12126,.T.);
#12126 = SURFACE_CURVE('',#12127,(#12132,#12139),.PCURVE_S1.);
#12127 = CIRCLE('',#12128,0.85);
#12128 = AXIS2_PLACEMENT_3D('',#12129,#12130,#12131);
#12129 = CARTESIAN_POINT('',(35.569362001685,-14.73331214605,-18.7));
#12130 = DIRECTION('',(6.305496559635E-17,-4.941768411644E-18,-1.));
#12131 = DIRECTION('',(0.707106781187,0.707106781187,4.109223580573E-17)
  );
#12132 = PCURVE('',#302,#12133);
#12133 = DEFINITIONAL_REPRESENTATION('',(#12134),#12138);
#12134 = CIRCLE('',#12135,0.85);
#12135 = AXIS2_PLACEMENT_2D('',#12136,#12137);
#12136 = CARTESIAN_POINT('',(-1.148050297095,-2.771638597534));
#12137 = DIRECTION('',(1.,1.387778780781E-15));
#12138 = ( GEOMETRIC_REPRESENTATION_CONTEXT(2) 
PARAMETRIC_REPRESENTATION_CONTEXT() REPRESENTATION_CONTEXT('2D SPACE',''
  ) );
#12139 = PCURVE('',#273,#12140);
#12140 = DEFINITIONAL_REPRESENTATION('',(#12141),#12145);
#12141 = LINE('',#12142,#12143);
#12142 = CARTESIAN_POINT('',(0.,2.5));
#12143 = VECTOR('',#12144,1.);
#12144 = DIRECTION('',(1.,0.));
#12145 = ( GEOMETRIC_REPRESENTATION_CONTEXT(2) 
PARAMETRIC_REPRESENTATION_CONTEXT() REPRESENTATION_CONTEXT('2D SPACE',''
  ) );
#12146 = ORIENTED_EDGE('',*,*,#285,.F.);
#12147 = FACE_BOUND('',#12148,.T.);
#12148 = EDGE_LOOP('',(#12149,#12150,#12151,#12152));
#12149 = ORIENTED_EDGE('',*,*,#7869,.T.);
#12150 = ORIENTED_EDGE('',*,*,#12072,.T.);
#12151 = ORIENTED_EDGE('',*,*,#12098,.T.);
#12152 = ORIENTED_EDGE('',*,*,#11997,.T.);
#12153 = ADVANCED_FACE('',(#12154),#273,.F.);
#12154 = FACE_BOUND('',#12155,.F.);
#12155 = EDGE_LOOP('',(#12156,#12157,#12158,#12159));
#12156 = ORIENTED_EDGE('',*,*,#12125,.F.);
#12157 = ORIENTED_EDGE('',*,*,#250,.F.);
#12158 = ORIENTED_EDGE('',*,*,#9287,.T.);
#12159 = ORIENTED_EDGE('',*,*,#314,.T.);
#12160 = ADVANCED_FACE('',(#12161),#5294,.F.);
#12161 = FACE_BOUND('',#12162,.T.);
#12162 = EDGE_LOOP('',(#12163,#12186,#12207,#12208,#12209));
#12163 = ORIENTED_EDGE('',*,*,#12164,.F.);
#12164 = EDGE_CURVE('',#12165,#5255,#12167,.T.);
#12165 = VERTEX_POINT('',#12166);
#12166 = CARTESIAN_POINT('',(34.976202681518,16.165325421449,-18.7));
#12167 = SURFACE_CURVE('',#12168,(#12172,#12179),.PCURVE_S1.);
#12168 = LINE('',#12169,#12170);
#12169 = CARTESIAN_POINT('',(37.747841279052,17.313375718544,-18.7));
#12170 = VECTOR('',#12171,1.);
#12171 = DIRECTION('',(0.923879532511,0.382683432365,5.636405923995E-17)
  );
#12172 = PCURVE('',#5294,#12173);
#12173 = DEFINITIONAL_REPRESENTATION('',(#12174),#12178);
#12174 = LINE('',#12175,#12176);
#12175 = CARTESIAN_POINT('',(0.,0.));
#12176 = VECTOR('',#12177,1.);
#12177 = DIRECTION('',(1.,0.));
#12178 = ( GEOMETRIC_REPRESENTATION_CONTEXT(2) 
PARAMETRIC_REPRESENTATION_CONTEXT() REPRESENTATION_CONTEXT('2D SPACE',''
  ) );
#12179 = PCURVE('',#190,#12180);
#12180 = DEFINITIONAL_REPRESENTATION('',(#12181),#12185);
#12181 = LINE('',#12182,#12183);
#12182 = CARTESIAN_POINT('',(1.432013275392,-0.593159320166));
#12183 = VECTOR('',#12184,1.);
#12184 = DIRECTION('',(0.382683432365,0.923879532511));
#12185 = ( GEOMETRIC_REPRESENTATION_CONTEXT(2) 
PARAMETRIC_REPRESENTATION_CONTEXT() REPRESENTATION_CONTEXT('2D SPACE',''
  ) );
#12186 = ORIENTED_EDGE('',*,*,#12187,.T.);
#12187 = EDGE_CURVE('',#12165,#8016,#12188,.T.);
#12188 = SURFACE_CURVE('',#12189,(#12193,#12200),.PCURVE_S1.);
#12189 = LINE('',#12190,#12191);
#12190 = CARTESIAN_POINT('',(34.976202681518,16.165325421449,-18.7));
#12191 = VECTOR('',#12192,1.);
#12192 = DIRECTION('',(6.305496559635E-17,-4.941768411644E-18,-1.));
#12193 = PCURVE('',#5294,#12194);
#12194 = DEFINITIONAL_REPRESENTATION('',(#12195),#12199);
#12195 = LINE('',#12196,#12197);
#12196 = CARTESIAN_POINT('',(-3.,0.));
#12197 = VECTOR('',#12198,1.);
#12198 = DIRECTION('',(0.,1.));
#12199 = ( GEOMETRIC_REPRESENTATION_CONTEXT(2) 
PARAMETRIC_REPRESENTATION_CONTEXT() REPRESENTATION_CONTEXT('2D SPACE',''
  ) );
#12200 = PCURVE('',#8055,#12201);
#12201 = DEFINITIONAL_REPRESENTATION('',(#12202),#12206);
#12202 = LINE('',#12203,#12204);
#12203 = CARTESIAN_POINT('',(5.890486225481,0.));
#12204 = VECTOR('',#12205,1.);
#12205 = DIRECTION('',(0.,1.));
#12206 = ( GEOMETRIC_REPRESENTATION_CONTEXT(2) 
PARAMETRIC_REPRESENTATION_CONTEXT() REPRESENTATION_CONTEXT('2D SPACE',''
  ) );
#12207 = ORIENTED_EDGE('',*,*,#8015,.T.);
#12208 = ORIENTED_EDGE('',*,*,#6509,.T.);
#12209 = ORIENTED_EDGE('',*,*,#5278,.F.);
#12210 = ADVANCED_FACE('',(#12211),#5242,.F.);
#12211 = FACE_BOUND('',#12212,.T.);
#12212 = EDGE_LOOP('',(#12213,#12214,#12215,#12238,#12259));
#12213 = ORIENTED_EDGE('',*,*,#6585,.T.);
#12214 = ORIENTED_EDGE('',*,*,#8067,.T.);
#12215 = ORIENTED_EDGE('',*,*,#12216,.F.);
#12216 = EDGE_CURVE('',#12217,#8039,#12219,.T.);
#12217 = VERTEX_POINT('',#12218);
#12218 = CARTESIAN_POINT('',(36.16252132185,13.301298870664,-18.7));
#12219 = SURFACE_CURVE('',#12220,(#12224,#12231),.PCURVE_S1.);
#12220 = LINE('',#12221,#12222);
#12221 = CARTESIAN_POINT('',(36.16252132185,13.301298870664,-18.7));
#12222 = VECTOR('',#12223,1.);
#12223 = DIRECTION('',(6.305496559635E-17,-4.941768411644E-18,-1.));
#12224 = PCURVE('',#5242,#12225);
#12225 = DEFINITIONAL_REPRESENTATION('',(#12226),#12230);
#12226 = LINE('',#12227,#12228);
#12227 = CARTESIAN_POINT('',(3.,0.));
#12228 = VECTOR('',#12229,1.);
#12229 = DIRECTION('',(0.,1.));
#12230 = ( GEOMETRIC_REPRESENTATION_CONTEXT(2) 
PARAMETRIC_REPRESENTATION_CONTEXT() REPRESENTATION_CONTEXT('2D SPACE',''
  ) );
#12231 = PCURVE('',#8055,#12232);
#12232 = DEFINITIONAL_REPRESENTATION('',(#12233),#12237);
#12233 = LINE('',#12234,#12235);
#12234 = CARTESIAN_POINT('',(2.748893571891,0.));
#12235 = VECTOR('',#12236,1.);
#12236 = DIRECTION('',(0.,1.));
#12237 = ( GEOMETRIC_REPRESENTATION_CONTEXT(2) 
PARAMETRIC_REPRESENTATION_CONTEXT() REPRESENTATION_CONTEXT('2D SPACE',''
  ) );
#12238 = ORIENTED_EDGE('',*,*,#12239,.F.);
#12239 = EDGE_CURVE('',#5227,#12217,#12240,.T.);
#12240 = SURFACE_CURVE('',#12241,(#12245,#12252),.PCURVE_S1.);
#12241 = LINE('',#12242,#12243);
#12242 = CARTESIAN_POINT('',(38.934159919384,14.449349167759,-18.7));
#12243 = VECTOR('',#12244,1.);
#12244 = DIRECTION('',(-0.923879532511,-0.382683432365,
    -5.636405923995E-17));
#12245 = PCURVE('',#5242,#12246);
#12246 = DEFINITIONAL_REPRESENTATION('',(#12247),#12251);
#12247 = LINE('',#12248,#12249);
#12248 = CARTESIAN_POINT('',(0.,0.));
#12249 = VECTOR('',#12250,1.);
#12250 = DIRECTION('',(1.,0.));
#12251 = ( GEOMETRIC_REPRESENTATION_CONTEXT(2) 
PARAMETRIC_REPRESENTATION_CONTEXT() REPRESENTATION_CONTEXT('2D SPACE',''
  ) );
#12252 = PCURVE('',#190,#12253);
#12253 = DEFINITIONAL_REPRESENTATION('',(#12254),#12258);
#12254 = LINE('',#12255,#12256);
#12255 = CARTESIAN_POINT('',(-1.432013275392,0.593159320166));
#12256 = VECTOR('',#12257,1.);
#12257 = DIRECTION('',(-0.382683432365,-0.923879532511));
#12258 = ( GEOMETRIC_REPRESENTATION_CONTEXT(2) 
PARAMETRIC_REPRESENTATION_CONTEXT() REPRESENTATION_CONTEXT('2D SPACE',''
  ) );
#12259 = ORIENTED_EDGE('',*,*,#5226,.F.);
#12260 = ADVANCED_FACE('',(#12261),#8055,.F.);
#12261 = FACE_BOUND('',#12262,.F.);
#12262 = EDGE_LOOP('',(#12263,#12264,#12286,#12287));
#12263 = ORIENTED_EDGE('',*,*,#12216,.F.);
#12264 = ORIENTED_EDGE('',*,*,#12265,.T.);
#12265 = EDGE_CURVE('',#12217,#12165,#12266,.T.);
#12266 = SURFACE_CURVE('',#12267,(#12272,#12279),.PCURVE_S1.);
#12267 = CIRCLE('',#12268,1.55);
#12268 = AXIS2_PLACEMENT_3D('',#12269,#12270,#12271);
#12269 = CARTESIAN_POINT('',(35.569362001684,14.733312146056,-18.7));
#12270 = DIRECTION('',(6.305496559635E-17,-4.941768411644E-18,-1.));
#12271 = DIRECTION('',(-8.955146212389E-15,1.,-4.941768411645E-18));
#12272 = PCURVE('',#8055,#12273);
#12273 = DEFINITIONAL_REPRESENTATION('',(#12274),#12278);
#12274 = LINE('',#12275,#12276);
#12275 = CARTESIAN_POINT('',(8.881784197001E-16,0.));
#12276 = VECTOR('',#12277,1.);
#12277 = DIRECTION('',(1.,0.));
#12278 = ( GEOMETRIC_REPRESENTATION_CONTEXT(2) 
PARAMETRIC_REPRESENTATION_CONTEXT() REPRESENTATION_CONTEXT('2D SPACE',''
  ) );
#12279 = PCURVE('',#190,#12280);
#12280 = DEFINITIONAL_REPRESENTATION('',(#12281),#12285);
#12281 = CIRCLE('',#12282,1.55);
#12282 = AXIS2_PLACEMENT_2D('',#12283,#12284);
#12283 = CARTESIAN_POINT('',(-1.148050297095,-2.771638597534));
#12284 = DIRECTION('',(1.,1.521032527617E-15));
#12285 = ( GEOMETRIC_REPRESENTATION_CONTEXT(2) 
PARAMETRIC_REPRESENTATION_CONTEXT() REPRESENTATION_CONTEXT('2D SPACE',''
  ) );
#12286 = ORIENTED_EDGE('',*,*,#12187,.T.);
#12287 = ORIENTED_EDGE('',*,*,#8038,.F.);
#12288 = ADVANCED_FACE('',(#12289,#12314),#190,.T.);
#12289 = FACE_BOUND('',#12290,.T.);
#12290 = EDGE_LOOP('',(#12291,#12313));
#12291 = ORIENTED_EDGE('',*,*,#12292,.F.);
#12292 = EDGE_CURVE('',#141,#174,#12293,.T.);
#12293 = SURFACE_CURVE('',#12294,(#12299,#12306),.PCURVE_S1.);
#12294 = CIRCLE('',#12295,0.85);
#12295 = AXIS2_PLACEMENT_3D('',#12296,#12297,#12298);
#12296 = CARTESIAN_POINT('',(35.569362001684,14.733312146056,-18.7));
#12297 = DIRECTION('',(6.305496559635E-17,-4.941768411644E-18,-1.));
#12298 = DIRECTION('',(-8.165139316308E-15,1.,-4.941768411645E-18));
#12299 = PCURVE('',#190,#12300);
#12300 = DEFINITIONAL_REPRESENTATION('',(#12301),#12305);
#12301 = CIRCLE('',#12302,0.85);
#12302 = AXIS2_PLACEMENT_2D('',#12303,#12304);
#12303 = CARTESIAN_POINT('',(-1.148050297095,-2.771638597534));
#12304 = DIRECTION('',(1.,2.311039423697E-15));
#12305 = ( GEOMETRIC_REPRESENTATION_CONTEXT(2) 
PARAMETRIC_REPRESENTATION_CONTEXT() REPRESENTATION_CONTEXT('2D SPACE',''
  ) );
#12306 = PCURVE('',#161,#12307);
#12307 = DEFINITIONAL_REPRESENTATION('',(#12308),#12312);
#12308 = LINE('',#12309,#12310);
#12309 = CARTESIAN_POINT('',(0.,2.5));
#12310 = VECTOR('',#12311,1.);
#12311 = DIRECTION('',(1.,0.));
#12312 = ( GEOMETRIC_REPRESENTATION_CONTEXT(2) 
PARAMETRIC_REPRESENTATION_CONTEXT() REPRESENTATION_CONTEXT('2D SPACE',''
  ) );
#12313 = ORIENTED_EDGE('',*,*,#173,.F.);
#12314 = FACE_BOUND('',#12315,.T.);
#12315 = EDGE_LOOP('',(#12316,#12317,#12318,#12319));
#12316 = ORIENTED_EDGE('',*,*,#5254,.T.);
#12317 = ORIENTED_EDGE('',*,*,#12239,.T.);
#12318 = ORIENTED_EDGE('',*,*,#12265,.T.);
#12319 = ORIENTED_EDGE('',*,*,#12164,.T.);
#12320 = ADVANCED_FACE('',(#12321),#161,.F.);
#12321 = FACE_BOUND('',#12322,.F.);
#12322 = EDGE_LOOP('',(#12323,#12324,#12325,#12326));
#12323 = ORIENTED_EDGE('',*,*,#12292,.F.);
#12324 = ORIENTED_EDGE('',*,*,#138,.F.);
#12325 = ORIENTED_EDGE('',*,*,#9262,.T.);
#12326 = ORIENTED_EDGE('',*,*,#202,.T.);
#12327 = ADVANCED_FACE('',(#12328),#5403,.F.);
#12328 = FACE_BOUND('',#12329,.T.);
#12329 = EDGE_LOOP('',(#12330,#12353,#12374,#12375,#12376));
#12330 = ORIENTED_EDGE('',*,*,#12331,.F.);
#12331 = EDGE_CURVE('',#12332,#5364,#12334,.T.);
#12332 = VERTEX_POINT('',#12333);
#12333 = CARTESIAN_POINT('',(13.301298870663,36.162521321851,-18.7));
#12334 = SURFACE_CURVE('',#12335,(#12339,#12346),.PCURVE_S1.);
#12335 = LINE('',#12336,#12337);
#12336 = CARTESIAN_POINT('',(14.449349167758,38.934159919384,-18.7));
#12337 = VECTOR('',#12338,1.);
#12338 = DIRECTION('',(0.382683432365,0.923879532511,1.956449197214E-17)
  );
#12339 = PCURVE('',#5403,#12340);
#12340 = DEFINITIONAL_REPRESENTATION('',(#12341),#12345);
#12341 = LINE('',#12342,#12343);
#12342 = CARTESIAN_POINT('',(0.,0.));
#12343 = VECTOR('',#12344,1.);
#12344 = DIRECTION('',(1.,0.));
#12345 = ( GEOMETRIC_REPRESENTATION_CONTEXT(2) 
PARAMETRIC_REPRESENTATION_CONTEXT() REPRESENTATION_CONTEXT('2D SPACE',''
  ) );
#12346 = PCURVE('',#73,#12347);
#12347 = DEFINITIONAL_REPRESENTATION('',(#12348),#12352);
#12348 = LINE('',#12349,#12350);
#12349 = CARTESIAN_POINT('',(1.432013275392,-0.593159320166));
#12350 = VECTOR('',#12351,1.);
#12351 = DIRECTION('',(0.382683432365,0.923879532511));
#12352 = ( GEOMETRIC_REPRESENTATION_CONTEXT(2) 
PARAMETRIC_REPRESENTATION_CONTEXT() REPRESENTATION_CONTEXT('2D SPACE',''
  ) );
#12353 = ORIENTED_EDGE('',*,*,#12354,.T.);
#12354 = EDGE_CURVE('',#12332,#7942,#12355,.T.);
#12355 = SURFACE_CURVE('',#12356,(#12360,#12367),.PCURVE_S1.);
#12356 = LINE('',#12357,#12358);
#12357 = CARTESIAN_POINT('',(13.301298870663,36.162521321851,-18.7));
#12358 = VECTOR('',#12359,1.);
#12359 = DIRECTION('',(6.305496559635E-17,-4.941768411644E-18,-1.));
#12360 = PCURVE('',#5403,#12361);
#12361 = DEFINITIONAL_REPRESENTATION('',(#12362),#12366);
#12362 = LINE('',#12363,#12364);
#12363 = CARTESIAN_POINT('',(-3.,0.));
#12364 = VECTOR('',#12365,1.);
#12365 = DIRECTION('',(0.,1.));
#12366 = ( GEOMETRIC_REPRESENTATION_CONTEXT(2) 
PARAMETRIC_REPRESENTATION_CONTEXT() REPRESENTATION_CONTEXT('2D SPACE',''
  ) );
#12367 = PCURVE('',#7981,#12368);
#12368 = DEFINITIONAL_REPRESENTATION('',(#12369),#12373);
#12369 = LINE('',#12370,#12371);
#12370 = CARTESIAN_POINT('',(5.890486225481,0.));
#12371 = VECTOR('',#12372,1.);
#12372 = DIRECTION('',(0.,1.));
#12373 = ( GEOMETRIC_REPRESENTATION_CONTEXT(2) 
PARAMETRIC_REPRESENTATION_CONTEXT() REPRESENTATION_CONTEXT('2D SPACE',''
  ) );
#12374 = ORIENTED_EDGE('',*,*,#7941,.T.);
#12375 = ORIENTED_EDGE('',*,*,#6329,.T.);
#12376 = ORIENTED_EDGE('',*,*,#5387,.F.);
#12377 = ADVANCED_FACE('',(#12378),#5351,.F.);
#12378 = FACE_BOUND('',#12379,.T.);
#12379 = EDGE_LOOP('',(#12380,#12381,#12382,#12405,#12426));
#12380 = ORIENTED_EDGE('',*,*,#6457,.T.);
#12381 = ORIENTED_EDGE('',*,*,#7993,.T.);
#12382 = ORIENTED_EDGE('',*,*,#12383,.F.);
#12383 = EDGE_CURVE('',#12384,#7965,#12386,.T.);
#12384 = VERTEX_POINT('',#12385);
#12385 = CARTESIAN_POINT('',(16.165325421448,34.976202681519,-18.7));
#12386 = SURFACE_CURVE('',#12387,(#12391,#12398),.PCURVE_S1.);
#12387 = LINE('',#12388,#12389);
#12388 = CARTESIAN_POINT('',(16.165325421448,34.976202681519,-18.7));
#12389 = VECTOR('',#12390,1.);
#12390 = DIRECTION('',(6.305496559635E-17,-4.941768411644E-18,-1.));
#12391 = PCURVE('',#5351,#12392);
#12392 = DEFINITIONAL_REPRESENTATION('',(#12393),#12397);
#12393 = LINE('',#12394,#12395);
#12394 = CARTESIAN_POINT('',(3.,0.));
#12395 = VECTOR('',#12396,1.);
#12396 = DIRECTION('',(0.,1.));
#12397 = ( GEOMETRIC_REPRESENTATION_CONTEXT(2) 
PARAMETRIC_REPRESENTATION_CONTEXT() REPRESENTATION_CONTEXT('2D SPACE',''
  ) );
#12398 = PCURVE('',#7981,#12399);
#12399 = DEFINITIONAL_REPRESENTATION('',(#12400),#12404);
#12400 = LINE('',#12401,#12402);
#12401 = CARTESIAN_POINT('',(2.748893571891,0.));
#12402 = VECTOR('',#12403,1.);
#12403 = DIRECTION('',(0.,1.));
#12404 = ( GEOMETRIC_REPRESENTATION_CONTEXT(2) 
PARAMETRIC_REPRESENTATION_CONTEXT() REPRESENTATION_CONTEXT('2D SPACE',''
  ) );
#12405 = ORIENTED_EDGE('',*,*,#12406,.F.);
#12406 = EDGE_CURVE('',#5336,#12384,#12407,.T.);
#12407 = SURFACE_CURVE('',#12408,(#12412,#12419),.PCURVE_S1.);
#12408 = LINE('',#12409,#12410);
#12409 = CARTESIAN_POINT('',(17.313375718543,37.747841279053,-18.7));
#12410 = VECTOR('',#12411,1.);
#12411 = DIRECTION('',(-0.382683432365,-0.923879532511,
    -1.956449197214E-17));
#12412 = PCURVE('',#5351,#12413);
#12413 = DEFINITIONAL_REPRESENTATION('',(#12414),#12418);
#12414 = LINE('',#12415,#12416);
#12415 = CARTESIAN_POINT('',(0.,0.));
#12416 = VECTOR('',#12417,1.);
#12417 = DIRECTION('',(1.,0.));
#12418 = ( GEOMETRIC_REPRESENTATION_CONTEXT(2) 
PARAMETRIC_REPRESENTATION_CONTEXT() REPRESENTATION_CONTEXT('2D SPACE',''
  ) );
#12419 = PCURVE('',#73,#12420);
#12420 = DEFINITIONAL_REPRESENTATION('',(#12421),#12425);
#12421 = LINE('',#12422,#12423);
#12422 = CARTESIAN_POINT('',(-1.432013275392,0.593159320166));
#12423 = VECTOR('',#12424,1.);
#12424 = DIRECTION('',(-0.382683432365,-0.923879532511));
#12425 = ( GEOMETRIC_REPRESENTATION_CONTEXT(2) 
PARAMETRIC_REPRESENTATION_CONTEXT() REPRESENTATION_CONTEXT('2D SPACE',''
  ) );
#12426 = ORIENTED_EDGE('',*,*,#5335,.F.);
#12427 = ADVANCED_FACE('',(#12428),#7981,.F.);
#12428 = FACE_BOUND('',#12429,.F.);
#12429 = EDGE_LOOP('',(#12430,#12431,#12453,#12454));
#12430 = ORIENTED_EDGE('',*,*,#12383,.F.);
#12431 = ORIENTED_EDGE('',*,*,#12432,.T.);
#12432 = EDGE_CURVE('',#12384,#12332,#12433,.T.);
#12433 = SURFACE_CURVE('',#12434,(#12439,#12446),.PCURVE_S1.);
#12434 = CIRCLE('',#12435,1.55);
#12435 = AXIS2_PLACEMENT_3D('',#12436,#12437,#12438);
#12436 = CARTESIAN_POINT('',(14.733312146055,35.569362001685,-18.7));
#12437 = DIRECTION('',(6.305496559635E-17,-4.941768411644E-18,-1.));
#12438 = DIRECTION('',(-0.707106781187,0.707106781187,
    -4.808095171559E-17));
#12439 = PCURVE('',#7981,#12440);
#12440 = DEFINITIONAL_REPRESENTATION('',(#12441),#12445);
#12441 = LINE('',#12442,#12443);
#12442 = CARTESIAN_POINT('',(-3.10862446895E-15,0.));
#12443 = VECTOR('',#12444,1.);
#12444 = DIRECTION('',(1.,0.));
#12445 = ( GEOMETRIC_REPRESENTATION_CONTEXT(2) 
PARAMETRIC_REPRESENTATION_CONTEXT() REPRESENTATION_CONTEXT('2D SPACE',''
  ) );
#12446 = PCURVE('',#73,#12447);
#12447 = DEFINITIONAL_REPRESENTATION('',(#12448),#12452);
#12448 = CIRCLE('',#12449,1.55);
#12449 = AXIS2_PLACEMENT_2D('',#12450,#12451);
#12450 = CARTESIAN_POINT('',(-1.148050297095,-2.771638597534));
#12451 = DIRECTION('',(1.,1.054711873394E-15));
#12452 = ( GEOMETRIC_REPRESENTATION_CONTEXT(2) 
PARAMETRIC_REPRESENTATION_CONTEXT() REPRESENTATION_CONTEXT('2D SPACE',''
  ) );
#12453 = ORIENTED_EDGE('',*,*,#12354,.T.);
#12454 = ORIENTED_EDGE('',*,*,#7964,.F.);
#12455 = ADVANCED_FACE('',(#12456,#12481),#73,.T.);
#12456 = FACE_BOUND('',#12457,.T.);
#12457 = EDGE_LOOP('',(#12458,#12480));
#12458 = ORIENTED_EDGE('',*,*,#12459,.F.);
#12459 = EDGE_CURVE('',#24,#57,#12460,.T.);
#12460 = SURFACE_CURVE('',#12461,(#12466,#12473),.PCURVE_S1.);
#12461 = CIRCLE('',#12462,0.85);
#12462 = AXIS2_PLACEMENT_3D('',#12463,#12464,#12465);
#12463 = CARTESIAN_POINT('',(14.733312146055,35.569362001685,-18.7));
#12464 = DIRECTION('',(6.305496559635E-17,-4.941768411644E-18,-1.));
#12465 = DIRECTION('',(-0.707106781187,0.707106781187,
    -4.808095171559E-17));
#12466 = PCURVE('',#73,#12467);
#12467 = DEFINITIONAL_REPRESENTATION('',(#12468),#12472);
#12468 = CIRCLE('',#12469,0.85);
#12469 = AXIS2_PLACEMENT_2D('',#12470,#12471);
#12470 = CARTESIAN_POINT('',(-1.148050297095,-2.771638597534));
#12471 = DIRECTION('',(1.,3.386180225107E-15));
#12472 = ( GEOMETRIC_REPRESENTATION_CONTEXT(2) 
PARAMETRIC_REPRESENTATION_CONTEXT() REPRESENTATION_CONTEXT('2D SPACE',''
  ) );
#12473 = PCURVE('',#44,#12474);
#12474 = DEFINITIONAL_REPRESENTATION('',(#12475),#12479);
#12475 = LINE('',#12476,#12477);
#12476 = CARTESIAN_POINT('',(0.,2.5));
#12477 = VECTOR('',#12478,1.);
#12478 = DIRECTION('',(1.,0.));
#12479 = ( GEOMETRIC_REPRESENTATION_CONTEXT(2) 
PARAMETRIC_REPRESENTATION_CONTEXT() REPRESENTATION_CONTEXT('2D SPACE',''
  ) );
#12480 = ORIENTED_EDGE('',*,*,#56,.F.);
#12481 = FACE_BOUND('',#12482,.T.);
#12482 = EDGE_LOOP('',(#12483,#12484,#12485,#12486));
#12483 = ORIENTED_EDGE('',*,*,#5363,.T.);
#12484 = ORIENTED_EDGE('',*,*,#12406,.T.);
#12485 = ORIENTED_EDGE('',*,*,#12432,.T.);
#12486 = ORIENTED_EDGE('',*,*,#12331,.T.);
#12487 = ADVANCED_FACE('',(#12488),#44,.F.);
#12488 = FACE_BOUND('',#12489,.F.);
#12489 = EDGE_LOOP('',(#12490,#12491,#12492,#12493));
#12490 = ORIENTED_EDGE('',*,*,#12459,.F.);
#12491 = ORIENTED_EDGE('',*,*,#21,.F.);
#12492 = ORIENTED_EDGE('',*,*,#9237,.T.);
#12493 = ORIENTED_EDGE('',*,*,#85,.T.);
#12494 = ( GEOMETRIC_REPRESENTATION_CONTEXT(3) 
GLOBAL_UNCERTAINTY_ASSIGNED_CONTEXT((#12498)) 
GLOBAL_UNIT_ASSIGNED_CONTEXT((#12495,#12496,#12497)) 
REPRESENTATION_CONTEXT('Context #1',
  '3D Context with UNIT and UNCERTAINTY') );
#12495 = ( LENGTH_UNIT() NAMED_UNIT(*) SI_UNIT(.MILLI.,.METRE.) );
#12496 = ( NAMED_UNIT(*) PLANE_ANGLE_UNIT() SI_UNIT($,.RADIAN.) );
#12497 = ( NAMED_UNIT(*) SI_UNIT($,.STERADIAN.) SOLID_ANGLE_UNIT() );
#12498 = UNCERTAINTY_MEASURE_WITH_UNIT(LENGTH_MEASURE(5.E-05),#12495,
  'distance_accuracy_value','confusion accuracy');
#12499 = PRODUCT_RELATED_PRODUCT_CATEGORY('part',$,(#7));
ENDSEC;
END-ISO-10303-21;
