ISO-10303-21;
HEADER;
FILE_DESCRIPTION(('Open CASCADE Model'),'2;1');
FILE_NAME('Open CASCADE Shape Model','2026-09-01T16:22:56',('Author'),(
    'Open CASCADE'),'Open CASCADE STEP processor 7.9','Open CASCADE 7.9'
  ,'Unknown');
FILE_SCHEMA(('AUTOMOTIVE_DESIGN { 1 0 10303 214 1 1 1 1 }'));
ENDSEC;
DATA;
#1 = APPLICATION_PROTOCOL_DEFINITION('international standard',
  'automotive_design',2000,#2);
#2 = APPLICATION_CONTEXT(
  'core data for automotive mechanical design processes');
#3 = SHAPE_DEFINITION_REPRESENTATION(#4,#10);
#4 = PRODUCT_DEFINITION_SHAPE('','',#5);
#5 = PRODUCT_DEFINITION('design','',#6,#9);
#6 = PRODUCT_DEFINITION_FORMATION('','',#7);
#7 = PRODUCT('Open CASCADE STEP translator 7.9 3',
  'Open CASCADE STEP translator 7.9 3','',(#8));
#8 = PRODUCT_CONTEXT('',#2,'mechanical');
#9 = PRODUCT_DEFINITION_CONTEXT('part definition',#2,'design');
#10 = ADVANCED_BREP_SHAPE_REPRESENTATION('',(#11,#15),#8989);
#11 = AXIS2_PLACEMENT_3D('',#12,#13,#14);
#12 = CARTESIAN_POINT('',(0.,0.,0.));
#13 = DIRECTION('',(0.,0.,1.));
#14 = DIRECTION('',(1.,0.,-0.));
#15 = MANIFOLD_SOLID_BREP('',#16);
#16 = CLOSED_SHELL('',(#17,#134,#246,#358,#470,#586,#698,#775,#852,#929,
    #1006,#1129,#1246,#1358,#1470,#1582,#1694,#1806,#1918,#2030,#2150,
    #2270,#2381,#2488,#2570,#2677,#2832,#2881,#2911,#5020,#5048,#5076,
    #6875,#6903,#7033,#7060,#7107,#7134,#7181,#7188,#7195,#7202,#7209,
    #7256,#7303,#7330,#7377,#7424,#7451,#7498,#7545,#7592,#7619,#7666,
    #7713,#7740,#7787,#7834,#7881,#7908,#7955,#8002,#8049,#8096,#8143,
    #8190,#8217,#8264,#8311,#8358,#8385,#8432,#8479,#8506,#8553,#8560,
    #8567,#8574,#8581,#8588,#8595,#8602,#8609,#8616,#8623,#8630,#8637,
    #8644,#8651,#8658,#8665,#8672,#8679,#8686,#8693,#8700,#8707,#8714,
    #8721,#8728,#8735,#8742,#8749,#8756,#8763,#8770,#8777,#8784,#8812,
    #8840,#8868,#8896,#8924,#8954,#8961,#8968,#8975,#8982));
#17 = ADVANCED_FACE('',(#18),#32,.F.);
#18 = FACE_BOUND('',#19,.F.);
#19 = EDGE_LOOP('',(#20,#55,#84,#107));
#20 = ORIENTED_EDGE('',*,*,#21,.T.);
#21 = EDGE_CURVE('',#22,#24,#26,.T.);
#22 = VERTEX_POINT('',#23);
#23 = CARTESIAN_POINT('',(6.099221993788,4.699945858251,-17.8));
#24 = VERTEX_POINT('',#25);
#25 = CARTESIAN_POINT('',(5.307115241348,4.089563279257,-16.8));
#26 = SURFACE_CURVE('',#27,(#31,#43),.PCURVE_S1.);
#27 = LINE('',#28,#29);
#28 = CARTESIAN_POINT('',(5.307115241348,4.089563279257,-16.8));
#29 = VECTOR('',#30,1.);
#30 = DIRECTION('',(-0.560104056074,-0.431605660725,0.707106781187));
#31 = PCURVE('',#32,#37);
#32 = CONICAL_SURFACE('',#33,2.3,0.785398163397);
#33 = AXIS2_PLACEMENT_3D('',#34,#35,#36);
#34 = CARTESIAN_POINT('',(7.12896077196,5.493443210943,-16.8));
#35 = DIRECTION('',(1.508208300054E-15,-1.684502993918E-15,1.));
#36 = DIRECTION('',(-0.79210675244,-0.610382578994,1.664706968084E-16));
#37 = DEFINITIONAL_REPRESENTATION('',(#38),#42);
#38 = LINE('',#39,#40);
#39 = CARTESIAN_POINT('',(6.28318530718,3.140184917368E-16));
#40 = VECTOR('',#41,1.);
#41 = DIRECTION('',(0.,1.));
#42 = ( GEOMETRIC_REPRESENTATION_CONTEXT(2) 
PARAMETRIC_REPRESENTATION_CONTEXT() REPRESENTATION_CONTEXT('2D SPACE',''
  ) );
#43 = PCURVE('',#44,#49);
#44 = CONICAL_SURFACE('',#45,2.3,0.785398163397);
#45 = AXIS2_PLACEMENT_3D('',#46,#47,#48);
#46 = CARTESIAN_POINT('',(7.12896077196,5.493443210943,-16.8));
#47 = DIRECTION('',(1.508208300054E-15,-1.684502993918E-15,1.));
#48 = DIRECTION('',(-0.79210675244,-0.610382578994,1.664706968084E-16));
#49 = DEFINITIONAL_REPRESENTATION('',(#50),#54);
#50 = LINE('',#51,#52);
#51 = CARTESIAN_POINT('',(0.,3.140184917368E-16));
#52 = VECTOR('',#53,1.);
#53 = DIRECTION('',(0.,1.));
#54 = ( GEOMETRIC_REPRESENTATION_CONTEXT(2) 
PARAMETRIC_REPRESENTATION_CONTEXT() REPRESENTATION_CONTEXT('2D SPACE',''
  ) );
#55 = ORIENTED_EDGE('',*,*,#56,.T.);
#56 = EDGE_CURVE('',#24,#57,#59,.T.);
#57 = VERTEX_POINT('',#58);
#58 = CARTESIAN_POINT('',(8.950806302572,6.897323142629,-16.8));
#59 = SURFACE_CURVE('',#60,(#65,#72),.PCURVE_S1.);
#60 = CIRCLE('',#61,2.3);
#61 = AXIS2_PLACEMENT_3D('',#62,#63,#64);
#62 = CARTESIAN_POINT('',(7.12896077196,5.493443210943,-16.8));
#63 = DIRECTION('',(-1.508208300054E-15,1.684502993918E-15,-1.));
#64 = DIRECTION('',(0.79210675244,0.610382578994,-1.664706968084E-16));
#65 = PCURVE('',#32,#66);
#66 = DEFINITIONAL_REPRESENTATION('',(#67),#71);
#67 = LINE('',#68,#69);
#68 = CARTESIAN_POINT('',(9.424777960769,4.440892098501E-16));
#69 = VECTOR('',#70,1.);
#70 = DIRECTION('',(-1.,0.));
#71 = ( GEOMETRIC_REPRESENTATION_CONTEXT(2) 
PARAMETRIC_REPRESENTATION_CONTEXT() REPRESENTATION_CONTEXT('2D SPACE',''
  ) );
#72 = PCURVE('',#73,#78);
#73 = PLANE('',#74);
#74 = AXIS2_PLACEMENT_3D('',#75,#76,#77);
#75 = CARTESIAN_POINT('',(12.207651579873,-15.8421350488,-16.8));
#76 = DIRECTION('',(-1.508208300054E-15,1.684502993918E-15,-1.));
#77 = DIRECTION('',(0.79210675244,0.610382578994,-1.664706968084E-16));
#78 = DEFINITIONAL_REPRESENTATION('',(#79),#83);
#79 = CIRCLE('',#80,2.3);
#80 = AXIS2_PLACEMENT_2D('',#81,#82);
#81 = CARTESIAN_POINT('',(9.,-20.));
#82 = DIRECTION('',(1.,0.));
#83 = ( GEOMETRIC_REPRESENTATION_CONTEXT(2) 
PARAMETRIC_REPRESENTATION_CONTEXT() REPRESENTATION_CONTEXT('2D SPACE',''
  ) );
#84 = ORIENTED_EDGE('',*,*,#85,.F.);
#85 = EDGE_CURVE('',#86,#57,#88,.T.);
#86 = VERTEX_POINT('',#87);
#87 = CARTESIAN_POINT('',(8.158699550132,6.286940563635,-17.8));
#88 = SURFACE_CURVE('',#89,(#93,#100),.PCURVE_S1.);
#89 = LINE('',#90,#91);
#90 = CARTESIAN_POINT('',(8.950806302572,6.897323142629,-16.8));
#91 = VECTOR('',#92,1.);
#92 = DIRECTION('',(0.560104056074,0.431605660725,0.707106781187));
#93 = PCURVE('',#32,#94);
#94 = DEFINITIONAL_REPRESENTATION('',(#95),#99);
#95 = LINE('',#96,#97);
#96 = CARTESIAN_POINT('',(3.14159265359,0.));
#97 = VECTOR('',#98,1.);
#98 = DIRECTION('',(0.,1.));
#99 = ( GEOMETRIC_REPRESENTATION_CONTEXT(2) 
PARAMETRIC_REPRESENTATION_CONTEXT() REPRESENTATION_CONTEXT('2D SPACE',''
  ) );
#100 = PCURVE('',#44,#101);
#101 = DEFINITIONAL_REPRESENTATION('',(#102),#106);
#102 = LINE('',#103,#104);
#103 = CARTESIAN_POINT('',(3.14159265359,0.));
#104 = VECTOR('',#105,1.);
#105 = DIRECTION('',(0.,1.));
#106 = ( GEOMETRIC_REPRESENTATION_CONTEXT(2) 
PARAMETRIC_REPRESENTATION_CONTEXT() REPRESENTATION_CONTEXT('2D SPACE',''
  ) );
#107 = ORIENTED_EDGE('',*,*,#108,.T.);
#108 = EDGE_CURVE('',#86,#22,#109,.T.);
#109 = SURFACE_CURVE('',#110,(#115,#122),.PCURVE_S1.);
#110 = CIRCLE('',#111,1.3);
#111 = AXIS2_PLACEMENT_3D('',#112,#113,#114);
#112 = CARTESIAN_POINT('',(7.12896077196,5.493443210943,-17.8));
#113 = DIRECTION('',(1.508208300054E-15,-1.684502993918E-15,1.));
#114 = DIRECTION('',(0.79210675244,0.610382578994,-1.664706968084E-16));
#115 = PCURVE('',#32,#116);
#116 = DEFINITIONAL_REPRESENTATION('',(#117),#121);
#117 = LINE('',#118,#119);
#118 = CARTESIAN_POINT('',(3.14159265359,-1.));
#119 = VECTOR('',#120,1.);
#120 = DIRECTION('',(1.,1.999103807287E-16));
#121 = ( GEOMETRIC_REPRESENTATION_CONTEXT(2) 
PARAMETRIC_REPRESENTATION_CONTEXT() REPRESENTATION_CONTEXT('2D SPACE',''
  ) );
#122 = PCURVE('',#123,#128);
#123 = CYLINDRICAL_SURFACE('',#124,1.3);
#124 = AXIS2_PLACEMENT_3D('',#125,#126,#127);
#125 = CARTESIAN_POINT('',(7.12896077196,5.493443210943,-8.));
#126 = DIRECTION('',(-1.508208300054E-15,1.684502993918E-15,-1.));
#127 = DIRECTION('',(0.79210675244,0.610382578994,-1.664706968084E-16));
#128 = DEFINITIONAL_REPRESENTATION('',(#129),#133);
#129 = LINE('',#130,#131);
#130 = CARTESIAN_POINT('',(6.28318530718,9.8));
#131 = VECTOR('',#132,1.);
#132 = DIRECTION('',(-1.,0.));
#133 = ( GEOMETRIC_REPRESENTATION_CONTEXT(2) 
PARAMETRIC_REPRESENTATION_CONTEXT() REPRESENTATION_CONTEXT('2D SPACE',''
  ) );
#134 = ADVANCED_FACE('',(#135),#149,.F.);
#135 = FACE_BOUND('',#136,.F.);
#136 = EDGE_LOOP('',(#137,#172,#196,#219));
#137 = ORIENTED_EDGE('',*,*,#138,.T.);
#138 = EDGE_CURVE('',#139,#141,#143,.T.);
#139 = VERTEX_POINT('',#140);
#140 = CARTESIAN_POINT('',(4.463704432771,-7.922458124652,-17.8));
#141 = VERTEX_POINT('',#142);
#142 = CARTESIAN_POINT('',(3.671597680331,-8.532840703646,-16.8));
#143 = SURFACE_CURVE('',#144,(#148,#160),.PCURVE_S1.);
#144 = LINE('',#145,#146);
#145 = CARTESIAN_POINT('',(3.671597680331,-8.532840703646,-16.8));
#146 = VECTOR('',#147,1.);
#147 = DIRECTION('',(-0.560104056074,-0.431605660725,0.707106781187));
#148 = PCURVE('',#149,#154);
#149 = CONICAL_SURFACE('',#150,2.3,0.785398163397);
#150 = AXIS2_PLACEMENT_3D('',#151,#152,#153);
#151 = CARTESIAN_POINT('',(5.493443210943,-7.12896077196,-16.8));
#152 = DIRECTION('',(1.508208300054E-15,-1.684502993918E-15,1.));
#153 = DIRECTION('',(-0.79210675244,-0.610382578994,1.664706968084E-16)
  );
#154 = DEFINITIONAL_REPRESENTATION('',(#155),#159);
#155 = LINE('',#156,#157);
#156 = CARTESIAN_POINT('',(6.28318530718,1.570092458684E-16));
#157 = VECTOR('',#158,1.);
#158 = DIRECTION('',(0.,1.));
#159 = ( GEOMETRIC_REPRESENTATION_CONTEXT(2) 
PARAMETRIC_REPRESENTATION_CONTEXT() REPRESENTATION_CONTEXT('2D SPACE',''
  ) );
#160 = PCURVE('',#161,#166);
#161 = CONICAL_SURFACE('',#162,2.3,0.785398163397);
#162 = AXIS2_PLACEMENT_3D('',#163,#164,#165);
#163 = CARTESIAN_POINT('',(5.493443210943,-7.12896077196,-16.8));
#164 = DIRECTION('',(1.508208300054E-15,-1.684502993918E-15,1.));
#165 = DIRECTION('',(-0.79210675244,-0.610382578994,1.664706968084E-16)
  );
#166 = DEFINITIONAL_REPRESENTATION('',(#167),#171);
#167 = LINE('',#168,#169);
#168 = CARTESIAN_POINT('',(0.,1.570092458684E-16));
#169 = VECTOR('',#170,1.);
#170 = DIRECTION('',(0.,1.));
#171 = ( GEOMETRIC_REPRESENTATION_CONTEXT(2) 
PARAMETRIC_REPRESENTATION_CONTEXT() REPRESENTATION_CONTEXT('2D SPACE',''
  ) );
#172 = ORIENTED_EDGE('',*,*,#173,.T.);
#173 = EDGE_CURVE('',#141,#174,#176,.T.);
#174 = VERTEX_POINT('',#175);
#175 = CARTESIAN_POINT('',(7.315288741555,-5.725080840274,-16.8));
#176 = SURFACE_CURVE('',#177,(#182,#189),.PCURVE_S1.);
#177 = CIRCLE('',#178,2.3);
#178 = AXIS2_PLACEMENT_3D('',#179,#180,#181);
#179 = CARTESIAN_POINT('',(5.493443210943,-7.12896077196,-16.8));
#180 = DIRECTION('',(-1.508208300054E-15,1.684502993918E-15,-1.));
#181 = DIRECTION('',(0.79210675244,0.610382578994,-1.664706968084E-16));
#182 = PCURVE('',#149,#183);
#183 = DEFINITIONAL_REPRESENTATION('',(#184),#188);
#184 = LINE('',#185,#186);
#185 = CARTESIAN_POINT('',(9.424777960769,4.440892098501E-16));
#186 = VECTOR('',#187,1.);
#187 = DIRECTION('',(-1.,0.));
#188 = ( GEOMETRIC_REPRESENTATION_CONTEXT(2) 
PARAMETRIC_REPRESENTATION_CONTEXT() REPRESENTATION_CONTEXT('2D SPACE',''
  ) );
#189 = PCURVE('',#73,#190);
#190 = DEFINITIONAL_REPRESENTATION('',(#191),#195);
#191 = CIRCLE('',#192,2.3);
#192 = AXIS2_PLACEMENT_2D('',#193,#194);
#193 = CARTESIAN_POINT('',(-7.837206309112E-15,-11.));
#194 = DIRECTION('',(1.,0.));
#195 = ( GEOMETRIC_REPRESENTATION_CONTEXT(2) 
PARAMETRIC_REPRESENTATION_CONTEXT() REPRESENTATION_CONTEXT('2D SPACE',''
  ) );
#196 = ORIENTED_EDGE('',*,*,#197,.F.);
#197 = EDGE_CURVE('',#198,#174,#200,.T.);
#198 = VERTEX_POINT('',#199);
#199 = CARTESIAN_POINT('',(6.523181989115,-6.335463419268,-17.8));
#200 = SURFACE_CURVE('',#201,(#205,#212),.PCURVE_S1.);
#201 = LINE('',#202,#203);
#202 = CARTESIAN_POINT('',(7.315288741555,-5.725080840274,-16.8));
#203 = VECTOR('',#204,1.);
#204 = DIRECTION('',(0.560104056074,0.431605660725,0.707106781187));
#205 = PCURVE('',#149,#206);
#206 = DEFINITIONAL_REPRESENTATION('',(#207),#211);
#207 = LINE('',#208,#209);
#208 = CARTESIAN_POINT('',(3.14159265359,1.570092458684E-16));
#209 = VECTOR('',#210,1.);
#210 = DIRECTION('',(0.,1.));
#211 = ( GEOMETRIC_REPRESENTATION_CONTEXT(2) 
PARAMETRIC_REPRESENTATION_CONTEXT() REPRESENTATION_CONTEXT('2D SPACE',''
  ) );
#212 = PCURVE('',#161,#213);
#213 = DEFINITIONAL_REPRESENTATION('',(#214),#218);
#214 = LINE('',#215,#216);
#215 = CARTESIAN_POINT('',(3.14159265359,1.570092458684E-16));
#216 = VECTOR('',#217,1.);
#217 = DIRECTION('',(0.,1.));
#218 = ( GEOMETRIC_REPRESENTATION_CONTEXT(2) 
PARAMETRIC_REPRESENTATION_CONTEXT() REPRESENTATION_CONTEXT('2D SPACE',''
  ) );
#219 = ORIENTED_EDGE('',*,*,#220,.T.);
#220 = EDGE_CURVE('',#198,#139,#221,.T.);
#221 = SURFACE_CURVE('',#222,(#227,#234),.PCURVE_S1.);
#222 = CIRCLE('',#223,1.3);
#223 = AXIS2_PLACEMENT_3D('',#224,#225,#226);
#224 = CARTESIAN_POINT('',(5.493443210943,-7.12896077196,-17.8));
#225 = DIRECTION('',(1.508208300054E-15,-1.684502993918E-15,1.));
#226 = DIRECTION('',(0.79210675244,0.610382578994,-1.664706968084E-16));
#227 = PCURVE('',#149,#228);
#228 = DEFINITIONAL_REPRESENTATION('',(#229),#233);
#229 = LINE('',#230,#231);
#230 = CARTESIAN_POINT('',(3.14159265359,-1.));
#231 = VECTOR('',#232,1.);
#232 = DIRECTION('',(1.,0.));
#233 = ( GEOMETRIC_REPRESENTATION_CONTEXT(2) 
PARAMETRIC_REPRESENTATION_CONTEXT() REPRESENTATION_CONTEXT('2D SPACE',''
  ) );
#234 = PCURVE('',#235,#240);
#235 = CYLINDRICAL_SURFACE('',#236,1.3);
#236 = AXIS2_PLACEMENT_3D('',#237,#238,#239);
#237 = CARTESIAN_POINT('',(5.493443210943,-7.12896077196,-8.));
#238 = DIRECTION('',(-1.508208300054E-15,1.684502993918E-15,-1.));
#239 = DIRECTION('',(0.79210675244,0.610382578994,-1.664706968084E-16));
#240 = DEFINITIONAL_REPRESENTATION('',(#241),#245);
#241 = LINE('',#242,#243);
#242 = CARTESIAN_POINT('',(6.28318530718,9.8));
#243 = VECTOR('',#244,1.);
#244 = DIRECTION('',(-1.,0.));
#245 = ( GEOMETRIC_REPRESENTATION_CONTEXT(2) 
PARAMETRIC_REPRESENTATION_CONTEXT() REPRESENTATION_CONTEXT('2D SPACE',''
  ) );
#246 = ADVANCED_FACE('',(#247),#261,.F.);
#247 = FACE_BOUND('',#248,.F.);
#248 = EDGE_LOOP('',(#249,#284,#308,#331));
#249 = ORIENTED_EDGE('',*,*,#250,.T.);
#250 = EDGE_CURVE('',#251,#253,#255,.T.);
#251 = VERTEX_POINT('',#252);
#252 = CARTESIAN_POINT('',(-6.523181989115,6.335463419268,-17.8));
#253 = VERTEX_POINT('',#254);
#254 = CARTESIAN_POINT('',(-7.315288741555,5.725080840275,-16.8));
#255 = SURFACE_CURVE('',#256,(#260,#272),.PCURVE_S1.);
#256 = LINE('',#257,#258);
#257 = CARTESIAN_POINT('',(-7.315288741555,5.725080840275,-16.8));
#258 = VECTOR('',#259,1.);
#259 = DIRECTION('',(-0.560104056074,-0.431605660725,0.707106781187));
#260 = PCURVE('',#261,#266);
#261 = CONICAL_SURFACE('',#262,2.3,0.785398163397);
#262 = AXIS2_PLACEMENT_3D('',#263,#264,#265);
#263 = CARTESIAN_POINT('',(-5.493443210943,7.12896077196,-16.8));
#264 = DIRECTION('',(1.508208300054E-15,-1.684502993918E-15,1.));
#265 = DIRECTION('',(-0.79210675244,-0.610382578994,1.664706968084E-16)
  );
#266 = DEFINITIONAL_REPRESENTATION('',(#267),#271);
#267 = LINE('',#268,#269);
#268 = CARTESIAN_POINT('',(6.28318530718,-1.570092458684E-16));
#269 = VECTOR('',#270,1.);
#270 = DIRECTION('',(0.,1.));
#271 = ( GEOMETRIC_REPRESENTATION_CONTEXT(2) 
PARAMETRIC_REPRESENTATION_CONTEXT() REPRESENTATION_CONTEXT('2D SPACE',''
  ) );
#272 = PCURVE('',#273,#278);
#273 = CONICAL_SURFACE('',#274,2.3,0.785398163397);
#274 = AXIS2_PLACEMENT_3D('',#275,#276,#277);
#275 = CARTESIAN_POINT('',(-5.493443210943,7.12896077196,-16.8));
#276 = DIRECTION('',(1.508208300054E-15,-1.684502993918E-15,1.));
#277 = DIRECTION('',(-0.79210675244,-0.610382578994,1.664706968084E-16)
  );
#278 = DEFINITIONAL_REPRESENTATION('',(#279),#283);
#279 = LINE('',#280,#281);
#280 = CARTESIAN_POINT('',(0.,-1.570092458684E-16));
#281 = VECTOR('',#282,1.);
#282 = DIRECTION('',(0.,1.));
#283 = ( GEOMETRIC_REPRESENTATION_CONTEXT(2) 
PARAMETRIC_REPRESENTATION_CONTEXT() REPRESENTATION_CONTEXT('2D SPACE',''
  ) );
#284 = ORIENTED_EDGE('',*,*,#285,.T.);
#285 = EDGE_CURVE('',#253,#286,#288,.T.);
#286 = VERTEX_POINT('',#287);
#287 = CARTESIAN_POINT('',(-3.671597680331,8.532840703646,-16.8));
#288 = SURFACE_CURVE('',#289,(#294,#301),.PCURVE_S1.);
#289 = CIRCLE('',#290,2.3);
#290 = AXIS2_PLACEMENT_3D('',#291,#292,#293);
#291 = CARTESIAN_POINT('',(-5.493443210943,7.12896077196,-16.8));
#292 = DIRECTION('',(-1.508208300054E-15,1.684502993918E-15,-1.));
#293 = DIRECTION('',(0.79210675244,0.610382578994,-1.664706968084E-16));
#294 = PCURVE('',#261,#295);
#295 = DEFINITIONAL_REPRESENTATION('',(#296),#300);
#296 = LINE('',#297,#298);
#297 = CARTESIAN_POINT('',(9.424777960769,4.440892098501E-16));
#298 = VECTOR('',#299,1.);
#299 = DIRECTION('',(-1.,0.));
#300 = ( GEOMETRIC_REPRESENTATION_CONTEXT(2) 
PARAMETRIC_REPRESENTATION_CONTEXT() REPRESENTATION_CONTEXT('2D SPACE',''
  ) );
#301 = PCURVE('',#73,#302);
#302 = DEFINITIONAL_REPRESENTATION('',(#303),#307);
#303 = CIRCLE('',#304,2.3);
#304 = AXIS2_PLACEMENT_2D('',#305,#306);
#305 = CARTESIAN_POINT('',(-5.632842070646E-15,-29.));
#306 = DIRECTION('',(1.,0.));
#307 = ( GEOMETRIC_REPRESENTATION_CONTEXT(2) 
PARAMETRIC_REPRESENTATION_CONTEXT() REPRESENTATION_CONTEXT('2D SPACE',''
  ) );
#308 = ORIENTED_EDGE('',*,*,#309,.F.);
#309 = EDGE_CURVE('',#310,#286,#312,.T.);
#310 = VERTEX_POINT('',#311);
#311 = CARTESIAN_POINT('',(-4.463704432771,7.922458124652,-17.8));
#312 = SURFACE_CURVE('',#313,(#317,#324),.PCURVE_S1.);
#313 = LINE('',#314,#315);
#314 = CARTESIAN_POINT('',(-3.671597680331,8.532840703646,-16.8));
#315 = VECTOR('',#316,1.);
#316 = DIRECTION('',(0.560104056074,0.431605660725,0.707106781187));
#317 = PCURVE('',#261,#318);
#318 = DEFINITIONAL_REPRESENTATION('',(#319),#323);
#319 = LINE('',#320,#321);
#320 = CARTESIAN_POINT('',(3.14159265359,-1.570092458684E-16));
#321 = VECTOR('',#322,1.);
#322 = DIRECTION('',(0.,1.));
#323 = ( GEOMETRIC_REPRESENTATION_CONTEXT(2) 
PARAMETRIC_REPRESENTATION_CONTEXT() REPRESENTATION_CONTEXT('2D SPACE',''
  ) );
#324 = PCURVE('',#273,#325);
#325 = DEFINITIONAL_REPRESENTATION('',(#326),#330);
#326 = LINE('',#327,#328);
#327 = CARTESIAN_POINT('',(3.14159265359,-1.570092458684E-16));
#328 = VECTOR('',#329,1.);
#329 = DIRECTION('',(0.,1.));
#330 = ( GEOMETRIC_REPRESENTATION_CONTEXT(2) 
PARAMETRIC_REPRESENTATION_CONTEXT() REPRESENTATION_CONTEXT('2D SPACE',''
  ) );
#331 = ORIENTED_EDGE('',*,*,#332,.T.);
#332 = EDGE_CURVE('',#310,#251,#333,.T.);
#333 = SURFACE_CURVE('',#334,(#339,#346),.PCURVE_S1.);
#334 = CIRCLE('',#335,1.3);
#335 = AXIS2_PLACEMENT_3D('',#336,#337,#338);
#336 = CARTESIAN_POINT('',(-5.493443210943,7.12896077196,-17.8));
#337 = DIRECTION('',(1.508208300054E-15,-1.684502993918E-15,1.));
#338 = DIRECTION('',(0.79210675244,0.610382578994,-1.664706968084E-16));
#339 = PCURVE('',#261,#340);
#340 = DEFINITIONAL_REPRESENTATION('',(#341),#345);
#341 = LINE('',#342,#343);
#342 = CARTESIAN_POINT('',(3.14159265359,-1.));
#343 = VECTOR('',#344,1.);
#344 = DIRECTION('',(1.,0.));
#345 = ( GEOMETRIC_REPRESENTATION_CONTEXT(2) 
PARAMETRIC_REPRESENTATION_CONTEXT() REPRESENTATION_CONTEXT('2D SPACE',''
  ) );
#346 = PCURVE('',#347,#352);
#347 = CYLINDRICAL_SURFACE('',#348,1.3);
#348 = AXIS2_PLACEMENT_3D('',#349,#350,#351);
#349 = CARTESIAN_POINT('',(-5.493443210943,7.12896077196,-8.));
#350 = DIRECTION('',(-1.508208300054E-15,1.684502993918E-15,-1.));
#351 = DIRECTION('',(0.79210675244,0.610382578994,-1.664706968084E-16));
#352 = DEFINITIONAL_REPRESENTATION('',(#353),#357);
#353 = LINE('',#354,#355);
#354 = CARTESIAN_POINT('',(6.28318530718,9.8));
#355 = VECTOR('',#356,1.);
#356 = DIRECTION('',(-1.,0.));
#357 = ( GEOMETRIC_REPRESENTATION_CONTEXT(2) 
PARAMETRIC_REPRESENTATION_CONTEXT() REPRESENTATION_CONTEXT('2D SPACE',''
  ) );
#358 = ADVANCED_FACE('',(#359),#373,.F.);
#359 = FACE_BOUND('',#360,.F.);
#360 = EDGE_LOOP('',(#361,#396,#420,#443));
#361 = ORIENTED_EDGE('',*,*,#362,.T.);
#362 = EDGE_CURVE('',#363,#365,#367,.T.);
#363 = VERTEX_POINT('',#364);
#364 = CARTESIAN_POINT('',(-8.158699550132,-6.286940563635,-17.8));
#365 = VERTEX_POINT('',#366);
#366 = CARTESIAN_POINT('',(-8.950806302572,-6.897323142628,-16.8));
#367 = SURFACE_CURVE('',#368,(#372,#384),.PCURVE_S1.);
#368 = LINE('',#369,#370);
#369 = CARTESIAN_POINT('',(-8.950806302572,-6.897323142628,-16.8));
#370 = VECTOR('',#371,1.);
#371 = DIRECTION('',(-0.560104056074,-0.431605660725,0.707106781187));
#372 = PCURVE('',#373,#378);
#373 = CONICAL_SURFACE('',#374,2.3,0.785398163397);
#374 = AXIS2_PLACEMENT_3D('',#375,#376,#377);
#375 = CARTESIAN_POINT('',(-7.12896077196,-5.493443210943,-16.8));
#376 = DIRECTION('',(1.508208300054E-15,-1.684502993918E-15,1.));
#377 = DIRECTION('',(-0.79210675244,-0.610382578994,1.664706968084E-16)
  );
#378 = DEFINITIONAL_REPRESENTATION('',(#379),#383);
#379 = LINE('',#380,#381);
#380 = CARTESIAN_POINT('',(6.28318530718,-3.140184917368E-16));
#381 = VECTOR('',#382,1.);
#382 = DIRECTION('',(0.,1.));
#383 = ( GEOMETRIC_REPRESENTATION_CONTEXT(2) 
PARAMETRIC_REPRESENTATION_CONTEXT() REPRESENTATION_CONTEXT('2D SPACE',''
  ) );
#384 = PCURVE('',#385,#390);
#385 = CONICAL_SURFACE('',#386,2.3,0.785398163397);
#386 = AXIS2_PLACEMENT_3D('',#387,#388,#389);
#387 = CARTESIAN_POINT('',(-7.12896077196,-5.493443210943,-16.8));
#388 = DIRECTION('',(1.508208300054E-15,-1.684502993918E-15,1.));
#389 = DIRECTION('',(-0.79210675244,-0.610382578994,1.664706968084E-16)
  );
#390 = DEFINITIONAL_REPRESENTATION('',(#391),#395);
#391 = LINE('',#392,#393);
#392 = CARTESIAN_POINT('',(0.,-3.140184917368E-16));
#393 = VECTOR('',#394,1.);
#394 = DIRECTION('',(0.,1.));
#395 = ( GEOMETRIC_REPRESENTATION_CONTEXT(2) 
PARAMETRIC_REPRESENTATION_CONTEXT() REPRESENTATION_CONTEXT('2D SPACE',''
  ) );
#396 = ORIENTED_EDGE('',*,*,#397,.T.);
#397 = EDGE_CURVE('',#365,#398,#400,.T.);
#398 = VERTEX_POINT('',#399);
#399 = CARTESIAN_POINT('',(-5.307115241348,-4.089563279257,-16.8));
#400 = SURFACE_CURVE('',#401,(#406,#413),.PCURVE_S1.);
#401 = CIRCLE('',#402,2.3);
#402 = AXIS2_PLACEMENT_3D('',#403,#404,#405);
#403 = CARTESIAN_POINT('',(-7.12896077196,-5.493443210943,-16.8));
#404 = DIRECTION('',(-1.508208300054E-15,1.684502993918E-15,-1.));
#405 = DIRECTION('',(0.79210675244,0.610382578994,-1.664706968084E-16));
#406 = PCURVE('',#373,#407);
#407 = DEFINITIONAL_REPRESENTATION('',(#408),#412);
#408 = LINE('',#409,#410);
#409 = CARTESIAN_POINT('',(9.424777960769,6.661338147751E-16));
#410 = VECTOR('',#411,1.);
#411 = DIRECTION('',(-1.,0.));
#412 = ( GEOMETRIC_REPRESENTATION_CONTEXT(2) 
PARAMETRIC_REPRESENTATION_CONTEXT() REPRESENTATION_CONTEXT('2D SPACE',''
  ) );
#413 = PCURVE('',#73,#414);
#414 = DEFINITIONAL_REPRESENTATION('',(#415),#419);
#415 = CIRCLE('',#416,2.3);
#416 = AXIS2_PLACEMENT_2D('',#417,#418);
#417 = CARTESIAN_POINT('',(-9.,-20.));
#418 = DIRECTION('',(1.,0.));
#419 = ( GEOMETRIC_REPRESENTATION_CONTEXT(2) 
PARAMETRIC_REPRESENTATION_CONTEXT() REPRESENTATION_CONTEXT('2D SPACE',''
  ) );
#420 = ORIENTED_EDGE('',*,*,#421,.F.);
#421 = EDGE_CURVE('',#422,#398,#424,.T.);
#422 = VERTEX_POINT('',#423);
#423 = CARTESIAN_POINT('',(-6.099221993788,-4.699945858251,-17.8));
#424 = SURFACE_CURVE('',#425,(#429,#436),.PCURVE_S1.);
#425 = LINE('',#426,#427);
#426 = CARTESIAN_POINT('',(-5.307115241348,-4.089563279257,-16.8));
#427 = VECTOR('',#428,1.);
#428 = DIRECTION('',(0.560104056074,0.431605660725,0.707106781187));
#429 = PCURVE('',#373,#430);
#430 = DEFINITIONAL_REPRESENTATION('',(#431),#435);
#431 = LINE('',#432,#433);
#432 = CARTESIAN_POINT('',(3.14159265359,3.140184917368E-16));
#433 = VECTOR('',#434,1.);
#434 = DIRECTION('',(0.,1.));
#435 = ( GEOMETRIC_REPRESENTATION_CONTEXT(2) 
PARAMETRIC_REPRESENTATION_CONTEXT() REPRESENTATION_CONTEXT('2D SPACE',''
  ) );
#436 = PCURVE('',#385,#437);
#437 = DEFINITIONAL_REPRESENTATION('',(#438),#442);
#438 = LINE('',#439,#440);
#439 = CARTESIAN_POINT('',(3.14159265359,3.140184917368E-16));
#440 = VECTOR('',#441,1.);
#441 = DIRECTION('',(0.,1.));
#442 = ( GEOMETRIC_REPRESENTATION_CONTEXT(2) 
PARAMETRIC_REPRESENTATION_CONTEXT() REPRESENTATION_CONTEXT('2D SPACE',''
  ) );
#443 = ORIENTED_EDGE('',*,*,#444,.T.);
#444 = EDGE_CURVE('',#422,#363,#445,.T.);
#445 = SURFACE_CURVE('',#446,(#451,#458),.PCURVE_S1.);
#446 = CIRCLE('',#447,1.3);
#447 = AXIS2_PLACEMENT_3D('',#448,#449,#450);
#448 = CARTESIAN_POINT('',(-7.12896077196,-5.493443210943,-17.8));
#449 = DIRECTION('',(1.508208300054E-15,-1.684502993918E-15,1.));
#450 = DIRECTION('',(0.79210675244,0.610382578994,-1.664706968084E-16));
#451 = PCURVE('',#373,#452);
#452 = DEFINITIONAL_REPRESENTATION('',(#453),#457);
#453 = LINE('',#454,#455);
#454 = CARTESIAN_POINT('',(3.14159265359,-1.));
#455 = VECTOR('',#456,1.);
#456 = DIRECTION('',(1.,0.));
#457 = ( GEOMETRIC_REPRESENTATION_CONTEXT(2) 
PARAMETRIC_REPRESENTATION_CONTEXT() REPRESENTATION_CONTEXT('2D SPACE',''
  ) );
#458 = PCURVE('',#459,#464);
#459 = CYLINDRICAL_SURFACE('',#460,1.3);
#460 = AXIS2_PLACEMENT_3D('',#461,#462,#463);
#461 = CARTESIAN_POINT('',(-7.12896077196,-5.493443210943,-8.));
#462 = DIRECTION('',(-1.508208300054E-15,1.684502993918E-15,-1.));
#463 = DIRECTION('',(0.79210675244,0.610382578994,-1.664706968084E-16));
#464 = DEFINITIONAL_REPRESENTATION('',(#465),#469);
#465 = LINE('',#466,#467);
#466 = CARTESIAN_POINT('',(6.28318530718,9.8));
#467 = VECTOR('',#468,1.);
#468 = DIRECTION('',(-1.,0.));
#469 = ( GEOMETRIC_REPRESENTATION_CONTEXT(2) 
PARAMETRIC_REPRESENTATION_CONTEXT() REPRESENTATION_CONTEXT('2D SPACE',''
  ) );
#470 = ADVANCED_FACE('',(#471),#486,.T.);
#471 = FACE_BOUND('',#472,.T.);
#472 = EDGE_LOOP('',(#473,#509,#537,#565));
#473 = ORIENTED_EDGE('',*,*,#474,.F.);
#474 = EDGE_CURVE('',#475,#477,#479,.T.);
#475 = VERTEX_POINT('',#476);
#476 = CARTESIAN_POINT('',(-4.95066720275,-3.81489111871,-14.8));
#477 = VERTEX_POINT('',#478);
#478 = CARTESIAN_POINT('',(4.95066720275,3.81489111871,-14.8));
#479 = SURFACE_CURVE('',#480,(#485,#497),.PCURVE_S1.);
#480 = CIRCLE('',#481,6.25);
#481 = AXIS2_PLACEMENT_3D('',#482,#483,#484);
#482 = CARTESIAN_POINT('',(-7.775564492609E-14,1.051632853267E-14,-14.8)
  );
#483 = DIRECTION('',(1.508208300054E-15,-1.684502993918E-15,1.));
#484 = DIRECTION('',(0.610382578994,-0.79210675244,-2.254890267834E-15)
  );
#485 = PCURVE('',#486,#491);
#486 = CYLINDRICAL_SURFACE('',#487,6.25);
#487 = AXIS2_PLACEMENT_3D('',#488,#489,#490);
#488 = CARTESIAN_POINT('',(-7.775564492609E-14,1.051632853267E-14,-14.8)
  );
#489 = DIRECTION('',(-1.508208300054E-15,1.684502993918E-15,-1.));
#490 = DIRECTION('',(0.79210675244,0.610382578994,-1.664706968084E-16));
#491 = DEFINITIONAL_REPRESENTATION('',(#492),#496);
#492 = LINE('',#493,#494);
#493 = CARTESIAN_POINT('',(7.853981633974,0.));
#494 = VECTOR('',#495,1.);
#495 = DIRECTION('',(-1.,0.));
#496 = ( GEOMETRIC_REPRESENTATION_CONTEXT(2) 
PARAMETRIC_REPRESENTATION_CONTEXT() REPRESENTATION_CONTEXT('2D SPACE',''
  ) );
#497 = PCURVE('',#498,#503);
#498 = PLANE('',#499);
#499 = AXIS2_PLACEMENT_3D('',#500,#501,#502);
#500 = CARTESIAN_POINT('',(-7.775564492609E-14,1.051632853267E-14,-14.8)
  );
#501 = DIRECTION('',(1.508208300054E-15,-1.684502993918E-15,1.));
#502 = DIRECTION('',(-0.79210675244,-0.610382578994,1.664706968084E-16)
  );
#503 = DEFINITIONAL_REPRESENTATION('',(#504),#508);
#504 = CIRCLE('',#505,6.25);
#505 = AXIS2_PLACEMENT_2D('',#506,#507);
#506 = CARTESIAN_POINT('',(0.,0.));
#507 = DIRECTION('',(0.,1.));
#508 = ( GEOMETRIC_REPRESENTATION_CONTEXT(2) 
PARAMETRIC_REPRESENTATION_CONTEXT() REPRESENTATION_CONTEXT('2D SPACE',''
  ) );
#509 = ORIENTED_EDGE('',*,*,#510,.T.);
#510 = EDGE_CURVE('',#475,#511,#513,.T.);
#511 = VERTEX_POINT('',#512);
#512 = CARTESIAN_POINT('',(-4.95066720275,-3.81489111871,-16.8));
#513 = SURFACE_CURVE('',#514,(#518,#525),.PCURVE_S1.);
#514 = LINE('',#515,#516);
#515 = CARTESIAN_POINT('',(-4.95066720275,-3.81489111871,-14.8));
#516 = VECTOR('',#517,1.);
#517 = DIRECTION('',(-1.508208300054E-15,1.684502993918E-15,-1.));
#518 = PCURVE('',#486,#519);
#519 = DEFINITIONAL_REPRESENTATION('',(#520),#524);
#520 = LINE('',#521,#522);
#521 = CARTESIAN_POINT('',(3.14159265359,0.));
#522 = VECTOR('',#523,1.);
#523 = DIRECTION('',(0.,1.));
#524 = ( GEOMETRIC_REPRESENTATION_CONTEXT(2) 
PARAMETRIC_REPRESENTATION_CONTEXT() REPRESENTATION_CONTEXT('2D SPACE',''
  ) );
#525 = PCURVE('',#526,#531);
#526 = CYLINDRICAL_SURFACE('',#527,6.25);
#527 = AXIS2_PLACEMENT_3D('',#528,#529,#530);
#528 = CARTESIAN_POINT('',(-7.775564492609E-14,1.051632853267E-14,-14.8)
  );
#529 = DIRECTION('',(-1.508208300054E-15,1.684502993918E-15,-1.));
#530 = DIRECTION('',(0.79210675244,0.610382578994,-1.664706968084E-16));
#531 = DEFINITIONAL_REPRESENTATION('',(#532),#536);
#532 = LINE('',#533,#534);
#533 = CARTESIAN_POINT('',(3.14159265359,0.));
#534 = VECTOR('',#535,1.);
#535 = DIRECTION('',(0.,1.));
#536 = ( GEOMETRIC_REPRESENTATION_CONTEXT(2) 
PARAMETRIC_REPRESENTATION_CONTEXT() REPRESENTATION_CONTEXT('2D SPACE',''
  ) );
#537 = ORIENTED_EDGE('',*,*,#538,.T.);
#538 = EDGE_CURVE('',#511,#539,#541,.T.);
#539 = VERTEX_POINT('',#540);
#540 = CARTESIAN_POINT('',(4.95066720275,3.81489111871,-16.8));
#541 = SURFACE_CURVE('',#542,(#547,#554),.PCURVE_S1.);
#542 = CIRCLE('',#543,6.25);
#543 = AXIS2_PLACEMENT_3D('',#544,#545,#546);
#544 = CARTESIAN_POINT('',(-8.07720615262E-14,1.388533452051E-14,-16.8)
  );
#545 = DIRECTION('',(1.508208300054E-15,-1.684502993918E-15,1.));
#546 = DIRECTION('',(0.79210675244,0.610382578994,-1.664706968084E-16));
#547 = PCURVE('',#486,#548);
#548 = DEFINITIONAL_REPRESENTATION('',(#549),#553);
#549 = LINE('',#550,#551);
#550 = CARTESIAN_POINT('',(6.28318530718,2.));
#551 = VECTOR('',#552,1.);
#552 = DIRECTION('',(-1.,0.));
#553 = ( GEOMETRIC_REPRESENTATION_CONTEXT(2) 
PARAMETRIC_REPRESENTATION_CONTEXT() REPRESENTATION_CONTEXT('2D SPACE',''
  ) );
#554 = PCURVE('',#73,#555);
#555 = DEFINITIONAL_REPRESENTATION('',(#556),#564);
#556 = ( BOUNDED_CURVE() B_SPLINE_CURVE(2,(#557,#558,#559,#560,#561,#562
,#563),.UNSPECIFIED.,.T.,.F.) B_SPLINE_CURVE_WITH_KNOTS((1,2,2,2,2,1),(
    -2.094395102393,0.,2.094395102393,4.188790204786,6.28318530718,
8.377580409573),.UNSPECIFIED.) CURVE() GEOMETRIC_REPRESENTATION_ITEM() 
RATIONAL_B_SPLINE_CURVE((1.,0.5,1.,0.5,1.,0.5,1.)) REPRESENTATION_ITEM(
  '') );
#557 = CARTESIAN_POINT('',(6.25,-20.));
#558 = CARTESIAN_POINT('',(6.25,-30.8253175473));
#559 = CARTESIAN_POINT('',(-3.125,-25.41265877365));
#560 = CARTESIAN_POINT('',(-12.5,-20.));
#561 = CARTESIAN_POINT('',(-3.125,-14.58734122634));
#562 = CARTESIAN_POINT('',(6.25,-9.174682452695));
#563 = CARTESIAN_POINT('',(6.25,-20.));
#564 = ( GEOMETRIC_REPRESENTATION_CONTEXT(2) 
PARAMETRIC_REPRESENTATION_CONTEXT() REPRESENTATION_CONTEXT('2D SPACE',''
  ) );
#565 = ORIENTED_EDGE('',*,*,#566,.F.);
#566 = EDGE_CURVE('',#477,#539,#567,.T.);
#567 = SURFACE_CURVE('',#568,(#572,#579),.PCURVE_S1.);
#568 = LINE('',#569,#570);
#569 = CARTESIAN_POINT('',(4.95066720275,3.81489111871,-14.8));
#570 = VECTOR('',#571,1.);
#571 = DIRECTION('',(-1.508208300054E-15,1.684502993918E-15,-1.));
#572 = PCURVE('',#486,#573);
#573 = DEFINITIONAL_REPRESENTATION('',(#574),#578);
#574 = LINE('',#575,#576);
#575 = CARTESIAN_POINT('',(0.,0.));
#576 = VECTOR('',#577,1.);
#577 = DIRECTION('',(0.,1.));
#578 = ( GEOMETRIC_REPRESENTATION_CONTEXT(2) 
PARAMETRIC_REPRESENTATION_CONTEXT() REPRESENTATION_CONTEXT('2D SPACE',''
  ) );
#579 = PCURVE('',#526,#580);
#580 = DEFINITIONAL_REPRESENTATION('',(#581),#585);
#581 = LINE('',#582,#583);
#582 = CARTESIAN_POINT('',(6.28318530718,0.));
#583 = VECTOR('',#584,1.);
#584 = DIRECTION('',(0.,1.));
#585 = ( GEOMETRIC_REPRESENTATION_CONTEXT(2) 
PARAMETRIC_REPRESENTATION_CONTEXT() REPRESENTATION_CONTEXT('2D SPACE',''
  ) );
#586 = ADVANCED_FACE('',(#587),#601,.F.);
#587 = FACE_BOUND('',#588,.F.);
#588 = EDGE_LOOP('',(#589,#624,#648,#671));
#589 = ORIENTED_EDGE('',*,*,#590,.T.);
#590 = EDGE_CURVE('',#591,#593,#595,.T.);
#591 = VERTEX_POINT('',#592);
#592 = CARTESIAN_POINT('',(-4.15856045031,-3.204508539717,-18.));
#593 = VERTEX_POINT('',#594);
#594 = CARTESIAN_POINT('',(-4.15856045031,-3.204508539717,-14.8));
#595 = SURFACE_CURVE('',#596,(#600,#612),.PCURVE_S1.);
#596 = LINE('',#597,#598);
#597 = CARTESIAN_POINT('',(-4.15856045031,-3.204508539717,-26.8));
#598 = VECTOR('',#599,1.);
#599 = DIRECTION('',(1.508208300054E-15,-1.684502993918E-15,1.));
#600 = PCURVE('',#601,#606);
#601 = CYLINDRICAL_SURFACE('',#602,5.25);
#602 = AXIS2_PLACEMENT_3D('',#603,#604,#605);
#603 = CARTESIAN_POINT('',(-9.585414452673E-14,3.073036445968E-14,-26.8)
  );
#604 = DIRECTION('',(1.508208300054E-15,-1.684502993918E-15,1.));
#605 = DIRECTION('',(-0.79210675244,-0.610382578994,1.664706968084E-16)
  );
#606 = DEFINITIONAL_REPRESENTATION('',(#607),#611);
#607 = LINE('',#608,#609);
#608 = CARTESIAN_POINT('',(6.28318530718,0.));
#609 = VECTOR('',#610,1.);
#610 = DIRECTION('',(0.,1.));
#611 = ( GEOMETRIC_REPRESENTATION_CONTEXT(2) 
PARAMETRIC_REPRESENTATION_CONTEXT() REPRESENTATION_CONTEXT('2D SPACE',''
  ) );
#612 = PCURVE('',#613,#618);
#613 = CYLINDRICAL_SURFACE('',#614,5.25);
#614 = AXIS2_PLACEMENT_3D('',#615,#616,#617);
#615 = CARTESIAN_POINT('',(-9.585414452673E-14,3.073036445968E-14,-26.8)
  );
#616 = DIRECTION('',(1.508208300054E-15,-1.684502993918E-15,1.));
#617 = DIRECTION('',(-0.79210675244,-0.610382578994,1.664706968084E-16)
  );
#618 = DEFINITIONAL_REPRESENTATION('',(#619),#623);
#619 = LINE('',#620,#621);
#620 = CARTESIAN_POINT('',(0.,0.));
#621 = VECTOR('',#622,1.);
#622 = DIRECTION('',(0.,1.));
#623 = ( GEOMETRIC_REPRESENTATION_CONTEXT(2) 
PARAMETRIC_REPRESENTATION_CONTEXT() REPRESENTATION_CONTEXT('2D SPACE',''
  ) );
#624 = ORIENTED_EDGE('',*,*,#625,.F.);
#625 = EDGE_CURVE('',#626,#593,#628,.T.);
#626 = VERTEX_POINT('',#627);
#627 = CARTESIAN_POINT('',(4.15856045031,3.204508539717,-14.8));
#628 = SURFACE_CURVE('',#629,(#634,#641),.PCURVE_S1.);
#629 = CIRCLE('',#630,5.25);
#630 = AXIS2_PLACEMENT_3D('',#631,#632,#633);
#631 = CARTESIAN_POINT('',(-7.775564492609E-14,1.051632853267E-14,-14.8)
  );
#632 = DIRECTION('',(1.508208300054E-15,-1.684502993918E-15,1.));
#633 = DIRECTION('',(-0.79210675244,-0.610382578994,1.664706968084E-16)
  );
#634 = PCURVE('',#601,#635);
#635 = DEFINITIONAL_REPRESENTATION('',(#636),#640);
#636 = LINE('',#637,#638);
#637 = CARTESIAN_POINT('',(0.,12.));
#638 = VECTOR('',#639,1.);
#639 = DIRECTION('',(1.,0.));
#640 = ( GEOMETRIC_REPRESENTATION_CONTEXT(2) 
PARAMETRIC_REPRESENTATION_CONTEXT() REPRESENTATION_CONTEXT('2D SPACE',''
  ) );
#641 = PCURVE('',#498,#642);
#642 = DEFINITIONAL_REPRESENTATION('',(#643),#647);
#643 = CIRCLE('',#644,5.25);
#644 = AXIS2_PLACEMENT_2D('',#645,#646);
#645 = CARTESIAN_POINT('',(0.,0.));
#646 = DIRECTION('',(1.,0.));
#647 = ( GEOMETRIC_REPRESENTATION_CONTEXT(2) 
PARAMETRIC_REPRESENTATION_CONTEXT() REPRESENTATION_CONTEXT('2D SPACE',''
  ) );
#648 = ORIENTED_EDGE('',*,*,#649,.F.);
#649 = EDGE_CURVE('',#650,#626,#652,.T.);
#650 = VERTEX_POINT('',#651);
#651 = CARTESIAN_POINT('',(4.15856045031,3.204508539717,-18.));
#652 = SURFACE_CURVE('',#653,(#657,#664),.PCURVE_S1.);
#653 = LINE('',#654,#655);
#654 = CARTESIAN_POINT('',(4.15856045031,3.204508539717,-26.8));
#655 = VECTOR('',#656,1.);
#656 = DIRECTION('',(1.508208300054E-15,-1.684502993918E-15,1.));
#657 = PCURVE('',#601,#658);
#658 = DEFINITIONAL_REPRESENTATION('',(#659),#663);
#659 = LINE('',#660,#661);
#660 = CARTESIAN_POINT('',(3.14159265359,0.));
#661 = VECTOR('',#662,1.);
#662 = DIRECTION('',(0.,1.));
#663 = ( GEOMETRIC_REPRESENTATION_CONTEXT(2) 
PARAMETRIC_REPRESENTATION_CONTEXT() REPRESENTATION_CONTEXT('2D SPACE',''
  ) );
#664 = PCURVE('',#613,#665);
#665 = DEFINITIONAL_REPRESENTATION('',(#666),#670);
#666 = LINE('',#667,#668);
#667 = CARTESIAN_POINT('',(3.14159265359,0.));
#668 = VECTOR('',#669,1.);
#669 = DIRECTION('',(0.,1.));
#670 = ( GEOMETRIC_REPRESENTATION_CONTEXT(2) 
PARAMETRIC_REPRESENTATION_CONTEXT() REPRESENTATION_CONTEXT('2D SPACE',''
  ) );
#671 = ORIENTED_EDGE('',*,*,#672,.F.);
#672 = EDGE_CURVE('',#591,#650,#673,.T.);
#673 = SURFACE_CURVE('',#674,(#679,#686),.PCURVE_S1.);
#674 = CIRCLE('',#675,5.25);
#675 = AXIS2_PLACEMENT_3D('',#676,#677,#678);
#676 = CARTESIAN_POINT('',(-8.258191148626E-14,1.590673811321E-14,-18.)
  );
#677 = DIRECTION('',(-1.508208300054E-15,1.684502993918E-15,-1.));
#678 = DIRECTION('',(0.79210675244,0.610382578994,-1.664706968084E-16));
#679 = PCURVE('',#601,#680);
#680 = DEFINITIONAL_REPRESENTATION('',(#681),#685);
#681 = LINE('',#682,#683);
#682 = CARTESIAN_POINT('',(9.424777960769,8.8));
#683 = VECTOR('',#684,1.);
#684 = DIRECTION('',(-1.,0.));
#685 = ( GEOMETRIC_REPRESENTATION_CONTEXT(2) 
PARAMETRIC_REPRESENTATION_CONTEXT() REPRESENTATION_CONTEXT('2D SPACE',''
  ) );
#686 = PCURVE('',#687,#692);
#687 = PLANE('',#688);
#688 = AXIS2_PLACEMENT_3D('',#689,#690,#691);
#689 = CARTESIAN_POINT('',(12.207651579873,-15.8421350488,-18.));
#690 = DIRECTION('',(-1.508208300054E-15,1.684502993918E-15,-1.));
#691 = DIRECTION('',(0.79210675244,0.610382578994,-1.664706968084E-16));
#692 = DEFINITIONAL_REPRESENTATION('',(#693),#697);
#693 = CIRCLE('',#694,5.25);
#694 = AXIS2_PLACEMENT_2D('',#695,#696);
#695 = CARTESIAN_POINT('',(0.,-20.));
#696 = DIRECTION('',(1.,0.));
#697 = ( GEOMETRIC_REPRESENTATION_CONTEXT(2) 
PARAMETRIC_REPRESENTATION_CONTEXT() REPRESENTATION_CONTEXT('2D SPACE',''
  ) );
#698 = ADVANCED_FACE('',(#699),#123,.F.);
#699 = FACE_BOUND('',#700,.F.);
#700 = EDGE_LOOP('',(#701,#729,#753,#774));
#701 = ORIENTED_EDGE('',*,*,#702,.T.);
#702 = EDGE_CURVE('',#86,#703,#705,.T.);
#703 = VERTEX_POINT('',#704);
#704 = CARTESIAN_POINT('',(8.158699550132,6.286940563635,-18.));
#705 = SURFACE_CURVE('',#706,(#710,#717),.PCURVE_S1.);
#706 = LINE('',#707,#708);
#707 = CARTESIAN_POINT('',(8.158699550132,6.286940563635,-8.));
#708 = VECTOR('',#709,1.);
#709 = DIRECTION('',(-1.508208300054E-15,1.684502993918E-15,-1.));
#710 = PCURVE('',#123,#711);
#711 = DEFINITIONAL_REPRESENTATION('',(#712),#716);
#712 = LINE('',#713,#714);
#713 = CARTESIAN_POINT('',(6.28318530718,0.));
#714 = VECTOR('',#715,1.);
#715 = DIRECTION('',(0.,1.));
#716 = ( GEOMETRIC_REPRESENTATION_CONTEXT(2) 
PARAMETRIC_REPRESENTATION_CONTEXT() REPRESENTATION_CONTEXT('2D SPACE',''
  ) );
#717 = PCURVE('',#718,#723);
#718 = CYLINDRICAL_SURFACE('',#719,1.3);
#719 = AXIS2_PLACEMENT_3D('',#720,#721,#722);
#720 = CARTESIAN_POINT('',(7.12896077196,5.493443210943,-8.));
#721 = DIRECTION('',(-1.508208300054E-15,1.684502993918E-15,-1.));
#722 = DIRECTION('',(0.79210675244,0.610382578994,-1.664706968084E-16));
#723 = DEFINITIONAL_REPRESENTATION('',(#724),#728);
#724 = LINE('',#725,#726);
#725 = CARTESIAN_POINT('',(0.,0.));
#726 = VECTOR('',#727,1.);
#727 = DIRECTION('',(0.,1.));
#728 = ( GEOMETRIC_REPRESENTATION_CONTEXT(2) 
PARAMETRIC_REPRESENTATION_CONTEXT() REPRESENTATION_CONTEXT('2D SPACE',''
  ) );
#729 = ORIENTED_EDGE('',*,*,#730,.F.);
#730 = EDGE_CURVE('',#731,#703,#733,.T.);
#731 = VERTEX_POINT('',#732);
#732 = CARTESIAN_POINT('',(6.099221993788,4.699945858251,-18.));
#733 = SURFACE_CURVE('',#734,(#739,#746),.PCURVE_S1.);
#734 = CIRCLE('',#735,1.3);
#735 = AXIS2_PLACEMENT_3D('',#736,#737,#738);
#736 = CARTESIAN_POINT('',(7.12896077196,5.493443210943,-18.));
#737 = DIRECTION('',(-1.508208300054E-15,1.684502993918E-15,-1.));
#738 = DIRECTION('',(0.79210675244,0.610382578994,-1.664706968084E-16));
#739 = PCURVE('',#123,#740);
#740 = DEFINITIONAL_REPRESENTATION('',(#741),#745);
#741 = LINE('',#742,#743);
#742 = CARTESIAN_POINT('',(0.,10.));
#743 = VECTOR('',#744,1.);
#744 = DIRECTION('',(1.,0.));
#745 = ( GEOMETRIC_REPRESENTATION_CONTEXT(2) 
PARAMETRIC_REPRESENTATION_CONTEXT() REPRESENTATION_CONTEXT('2D SPACE',''
  ) );
#746 = PCURVE('',#687,#747);
#747 = DEFINITIONAL_REPRESENTATION('',(#748),#752);
#748 = CIRCLE('',#749,1.3);
#749 = AXIS2_PLACEMENT_2D('',#750,#751);
#750 = CARTESIAN_POINT('',(9.,-20.));
#751 = DIRECTION('',(1.,0.));
#752 = ( GEOMETRIC_REPRESENTATION_CONTEXT(2) 
PARAMETRIC_REPRESENTATION_CONTEXT() REPRESENTATION_CONTEXT('2D SPACE',''
  ) );
#753 = ORIENTED_EDGE('',*,*,#754,.F.);
#754 = EDGE_CURVE('',#22,#731,#755,.T.);
#755 = SURFACE_CURVE('',#756,(#760,#767),.PCURVE_S1.);
#756 = LINE('',#757,#758);
#757 = CARTESIAN_POINT('',(6.099221993788,4.699945858251,-8.));
#758 = VECTOR('',#759,1.);
#759 = DIRECTION('',(-1.508208300054E-15,1.684502993918E-15,-1.));
#760 = PCURVE('',#123,#761);
#761 = DEFINITIONAL_REPRESENTATION('',(#762),#766);
#762 = LINE('',#763,#764);
#763 = CARTESIAN_POINT('',(3.14159265359,0.));
#764 = VECTOR('',#765,1.);
#765 = DIRECTION('',(0.,1.));
#766 = ( GEOMETRIC_REPRESENTATION_CONTEXT(2) 
PARAMETRIC_REPRESENTATION_CONTEXT() REPRESENTATION_CONTEXT('2D SPACE',''
  ) );
#767 = PCURVE('',#718,#768);
#768 = DEFINITIONAL_REPRESENTATION('',(#769),#773);
#769 = LINE('',#770,#771);
#770 = CARTESIAN_POINT('',(3.14159265359,0.));
#771 = VECTOR('',#772,1.);
#772 = DIRECTION('',(0.,1.));
#773 = ( GEOMETRIC_REPRESENTATION_CONTEXT(2) 
PARAMETRIC_REPRESENTATION_CONTEXT() REPRESENTATION_CONTEXT('2D SPACE',''
  ) );
#774 = ORIENTED_EDGE('',*,*,#108,.F.);
#775 = ADVANCED_FACE('',(#776),#235,.F.);
#776 = FACE_BOUND('',#777,.F.);
#777 = EDGE_LOOP('',(#778,#806,#830,#851));
#778 = ORIENTED_EDGE('',*,*,#779,.T.);
#779 = EDGE_CURVE('',#198,#780,#782,.T.);
#780 = VERTEX_POINT('',#781);
#781 = CARTESIAN_POINT('',(6.523181989115,-6.335463419268,-18.));
#782 = SURFACE_CURVE('',#783,(#787,#794),.PCURVE_S1.);
#783 = LINE('',#784,#785);
#784 = CARTESIAN_POINT('',(6.523181989115,-6.335463419268,-8.));
#785 = VECTOR('',#786,1.);
#786 = DIRECTION('',(-1.508208300054E-15,1.684502993918E-15,-1.));
#787 = PCURVE('',#235,#788);
#788 = DEFINITIONAL_REPRESENTATION('',(#789),#793);
#789 = LINE('',#790,#791);
#790 = CARTESIAN_POINT('',(6.28318530718,0.));
#791 = VECTOR('',#792,1.);
#792 = DIRECTION('',(0.,1.));
#793 = ( GEOMETRIC_REPRESENTATION_CONTEXT(2) 
PARAMETRIC_REPRESENTATION_CONTEXT() REPRESENTATION_CONTEXT('2D SPACE',''
  ) );
#794 = PCURVE('',#795,#800);
#795 = CYLINDRICAL_SURFACE('',#796,1.3);
#796 = AXIS2_PLACEMENT_3D('',#797,#798,#799);
#797 = CARTESIAN_POINT('',(5.493443210943,-7.12896077196,-8.));
#798 = DIRECTION('',(-1.508208300054E-15,1.684502993918E-15,-1.));
#799 = DIRECTION('',(0.79210675244,0.610382578994,-1.664706968084E-16));
#800 = DEFINITIONAL_REPRESENTATION('',(#801),#805);
#801 = LINE('',#802,#803);
#802 = CARTESIAN_POINT('',(0.,0.));
#803 = VECTOR('',#804,1.);
#804 = DIRECTION('',(0.,1.));
#805 = ( GEOMETRIC_REPRESENTATION_CONTEXT(2) 
PARAMETRIC_REPRESENTATION_CONTEXT() REPRESENTATION_CONTEXT('2D SPACE',''
  ) );
#806 = ORIENTED_EDGE('',*,*,#807,.F.);
#807 = EDGE_CURVE('',#808,#780,#810,.T.);
#808 = VERTEX_POINT('',#809);
#809 = CARTESIAN_POINT('',(4.463704432771,-7.922458124652,-18.));
#810 = SURFACE_CURVE('',#811,(#816,#823),.PCURVE_S1.);
#811 = CIRCLE('',#812,1.3);
#812 = AXIS2_PLACEMENT_3D('',#813,#814,#815);
#813 = CARTESIAN_POINT('',(5.493443210943,-7.12896077196,-18.));
#814 = DIRECTION('',(-1.508208300054E-15,1.684502993918E-15,-1.));
#815 = DIRECTION('',(0.79210675244,0.610382578994,-1.664706968084E-16));
#816 = PCURVE('',#235,#817);
#817 = DEFINITIONAL_REPRESENTATION('',(#818),#822);
#818 = LINE('',#819,#820);
#819 = CARTESIAN_POINT('',(0.,10.));
#820 = VECTOR('',#821,1.);
#821 = DIRECTION('',(1.,0.));
#822 = ( GEOMETRIC_REPRESENTATION_CONTEXT(2) 
PARAMETRIC_REPRESENTATION_CONTEXT() REPRESENTATION_CONTEXT('2D SPACE',''
  ) );
#823 = PCURVE('',#687,#824);
#824 = DEFINITIONAL_REPRESENTATION('',(#825),#829);
#825 = CIRCLE('',#826,1.3);
#826 = AXIS2_PLACEMENT_2D('',#827,#828);
#827 = CARTESIAN_POINT('',(-7.837206309112E-15,-11.));
#828 = DIRECTION('',(1.,0.));
#829 = ( GEOMETRIC_REPRESENTATION_CONTEXT(2) 
PARAMETRIC_REPRESENTATION_CONTEXT() REPRESENTATION_CONTEXT('2D SPACE',''
  ) );
#830 = ORIENTED_EDGE('',*,*,#831,.F.);
#831 = EDGE_CURVE('',#139,#808,#832,.T.);
#832 = SURFACE_CURVE('',#833,(#837,#844),.PCURVE_S1.);
#833 = LINE('',#834,#835);
#834 = CARTESIAN_POINT('',(4.463704432771,-7.922458124652,-8.));
#835 = VECTOR('',#836,1.);
#836 = DIRECTION('',(-1.508208300054E-15,1.684502993918E-15,-1.));
#837 = PCURVE('',#235,#838);
#838 = DEFINITIONAL_REPRESENTATION('',(#839),#843);
#839 = LINE('',#840,#841);
#840 = CARTESIAN_POINT('',(3.14159265359,0.));
#841 = VECTOR('',#842,1.);
#842 = DIRECTION('',(0.,1.));
#843 = ( GEOMETRIC_REPRESENTATION_CONTEXT(2) 
PARAMETRIC_REPRESENTATION_CONTEXT() REPRESENTATION_CONTEXT('2D SPACE',''
  ) );
#844 = PCURVE('',#795,#845);
#845 = DEFINITIONAL_REPRESENTATION('',(#846),#850);
#846 = LINE('',#847,#848);
#847 = CARTESIAN_POINT('',(3.14159265359,0.));
#848 = VECTOR('',#849,1.);
#849 = DIRECTION('',(0.,1.));
#850 = ( GEOMETRIC_REPRESENTATION_CONTEXT(2) 
PARAMETRIC_REPRESENTATION_CONTEXT() REPRESENTATION_CONTEXT('2D SPACE',''
  ) );
#851 = ORIENTED_EDGE('',*,*,#220,.F.);
#852 = ADVANCED_FACE('',(#853),#459,.F.);
#853 = FACE_BOUND('',#854,.F.);
#854 = EDGE_LOOP('',(#855,#883,#907,#928));
#855 = ORIENTED_EDGE('',*,*,#856,.T.);
#856 = EDGE_CURVE('',#422,#857,#859,.T.);
#857 = VERTEX_POINT('',#858);
#858 = CARTESIAN_POINT('',(-6.099221993788,-4.699945858251,-18.));
#859 = SURFACE_CURVE('',#860,(#864,#871),.PCURVE_S1.);
#860 = LINE('',#861,#862);
#861 = CARTESIAN_POINT('',(-6.099221993788,-4.699945858251,-8.));
#862 = VECTOR('',#863,1.);
#863 = DIRECTION('',(-1.508208300054E-15,1.684502993918E-15,-1.));
#864 = PCURVE('',#459,#865);
#865 = DEFINITIONAL_REPRESENTATION('',(#866),#870);
#866 = LINE('',#867,#868);
#867 = CARTESIAN_POINT('',(6.28318530718,0.));
#868 = VECTOR('',#869,1.);
#869 = DIRECTION('',(0.,1.));
#870 = ( GEOMETRIC_REPRESENTATION_CONTEXT(2) 
PARAMETRIC_REPRESENTATION_CONTEXT() REPRESENTATION_CONTEXT('2D SPACE',''
  ) );
#871 = PCURVE('',#872,#877);
#872 = CYLINDRICAL_SURFACE('',#873,1.3);
#873 = AXIS2_PLACEMENT_3D('',#874,#875,#876);
#874 = CARTESIAN_POINT('',(-7.12896077196,-5.493443210943,-8.));
#875 = DIRECTION('',(-1.508208300054E-15,1.684502993918E-15,-1.));
#876 = DIRECTION('',(0.79210675244,0.610382578994,-1.664706968084E-16));
#877 = DEFINITIONAL_REPRESENTATION('',(#878),#882);
#878 = LINE('',#879,#880);
#879 = CARTESIAN_POINT('',(0.,0.));
#880 = VECTOR('',#881,1.);
#881 = DIRECTION('',(0.,1.));
#882 = ( GEOMETRIC_REPRESENTATION_CONTEXT(2) 
PARAMETRIC_REPRESENTATION_CONTEXT() REPRESENTATION_CONTEXT('2D SPACE',''
  ) );
#883 = ORIENTED_EDGE('',*,*,#884,.F.);
#884 = EDGE_CURVE('',#885,#857,#887,.T.);
#885 = VERTEX_POINT('',#886);
#886 = CARTESIAN_POINT('',(-8.158699550132,-6.286940563635,-18.));
#887 = SURFACE_CURVE('',#888,(#893,#900),.PCURVE_S1.);
#888 = CIRCLE('',#889,1.3);
#889 = AXIS2_PLACEMENT_3D('',#890,#891,#892);
#890 = CARTESIAN_POINT('',(-7.12896077196,-5.493443210943,-18.));
#891 = DIRECTION('',(-1.508208300054E-15,1.684502993918E-15,-1.));
#892 = DIRECTION('',(0.79210675244,0.610382578994,-1.664706968084E-16));
#893 = PCURVE('',#459,#894);
#894 = DEFINITIONAL_REPRESENTATION('',(#895),#899);
#895 = LINE('',#896,#897);
#896 = CARTESIAN_POINT('',(0.,10.));
#897 = VECTOR('',#898,1.);
#898 = DIRECTION('',(1.,0.));
#899 = ( GEOMETRIC_REPRESENTATION_CONTEXT(2) 
PARAMETRIC_REPRESENTATION_CONTEXT() REPRESENTATION_CONTEXT('2D SPACE',''
  ) );
#900 = PCURVE('',#687,#901);
#901 = DEFINITIONAL_REPRESENTATION('',(#902),#906);
#902 = CIRCLE('',#903,1.3);
#903 = AXIS2_PLACEMENT_2D('',#904,#905);
#904 = CARTESIAN_POINT('',(-9.,-20.));
#905 = DIRECTION('',(1.,0.));
#906 = ( GEOMETRIC_REPRESENTATION_CONTEXT(2) 
PARAMETRIC_REPRESENTATION_CONTEXT() REPRESENTATION_CONTEXT('2D SPACE',''
  ) );
#907 = ORIENTED_EDGE('',*,*,#908,.F.);
#908 = EDGE_CURVE('',#363,#885,#909,.T.);
#909 = SURFACE_CURVE('',#910,(#914,#921),.PCURVE_S1.);
#910 = LINE('',#911,#912);
#911 = CARTESIAN_POINT('',(-8.158699550132,-6.286940563635,-8.));
#912 = VECTOR('',#913,1.);
#913 = DIRECTION('',(-1.508208300054E-15,1.684502993918E-15,-1.));
#914 = PCURVE('',#459,#915);
#915 = DEFINITIONAL_REPRESENTATION('',(#916),#920);
#916 = LINE('',#917,#918);
#917 = CARTESIAN_POINT('',(3.14159265359,0.));
#918 = VECTOR('',#919,1.);
#919 = DIRECTION('',(0.,1.));
#920 = ( GEOMETRIC_REPRESENTATION_CONTEXT(2) 
PARAMETRIC_REPRESENTATION_CONTEXT() REPRESENTATION_CONTEXT('2D SPACE',''
  ) );
#921 = PCURVE('',#872,#922);
#922 = DEFINITIONAL_REPRESENTATION('',(#923),#927);
#923 = LINE('',#924,#925);
#924 = CARTESIAN_POINT('',(3.14159265359,0.));
#925 = VECTOR('',#926,1.);
#926 = DIRECTION('',(0.,1.));
#927 = ( GEOMETRIC_REPRESENTATION_CONTEXT(2) 
PARAMETRIC_REPRESENTATION_CONTEXT() REPRESENTATION_CONTEXT('2D SPACE',''
  ) );
#928 = ORIENTED_EDGE('',*,*,#444,.F.);
#929 = ADVANCED_FACE('',(#930),#347,.F.);
#930 = FACE_BOUND('',#931,.F.);
#931 = EDGE_LOOP('',(#932,#960,#984,#1005));
#932 = ORIENTED_EDGE('',*,*,#933,.T.);
#933 = EDGE_CURVE('',#310,#934,#936,.T.);
#934 = VERTEX_POINT('',#935);
#935 = CARTESIAN_POINT('',(-4.463704432771,7.922458124652,-18.));
#936 = SURFACE_CURVE('',#937,(#941,#948),.PCURVE_S1.);
#937 = LINE('',#938,#939);
#938 = CARTESIAN_POINT('',(-4.463704432771,7.922458124652,-8.));
#939 = VECTOR('',#940,1.);
#940 = DIRECTION('',(-1.508208300054E-15,1.684502993918E-15,-1.));
#941 = PCURVE('',#347,#942);
#942 = DEFINITIONAL_REPRESENTATION('',(#943),#947);
#943 = LINE('',#944,#945);
#944 = CARTESIAN_POINT('',(6.28318530718,0.));
#945 = VECTOR('',#946,1.);
#946 = DIRECTION('',(0.,1.));
#947 = ( GEOMETRIC_REPRESENTATION_CONTEXT(2) 
PARAMETRIC_REPRESENTATION_CONTEXT() REPRESENTATION_CONTEXT('2D SPACE',''
  ) );
#948 = PCURVE('',#949,#954);
#949 = CYLINDRICAL_SURFACE('',#950,1.3);
#950 = AXIS2_PLACEMENT_3D('',#951,#952,#953);
#951 = CARTESIAN_POINT('',(-5.493443210943,7.12896077196,-8.));
#952 = DIRECTION('',(-1.508208300054E-15,1.684502993918E-15,-1.));
#953 = DIRECTION('',(0.79210675244,0.610382578994,-1.664706968084E-16));
#954 = DEFINITIONAL_REPRESENTATION('',(#955),#959);
#955 = LINE('',#956,#957);
#956 = CARTESIAN_POINT('',(0.,0.));
#957 = VECTOR('',#958,1.);
#958 = DIRECTION('',(0.,1.));
#959 = ( GEOMETRIC_REPRESENTATION_CONTEXT(2) 
PARAMETRIC_REPRESENTATION_CONTEXT() REPRESENTATION_CONTEXT('2D SPACE',''
  ) );
#960 = ORIENTED_EDGE('',*,*,#961,.F.);
#961 = EDGE_CURVE('',#962,#934,#964,.T.);
#962 = VERTEX_POINT('',#963);
#963 = CARTESIAN_POINT('',(-6.523181989115,6.335463419268,-18.));
#964 = SURFACE_CURVE('',#965,(#970,#977),.PCURVE_S1.);
#965 = CIRCLE('',#966,1.3);
#966 = AXIS2_PLACEMENT_3D('',#967,#968,#969);
#967 = CARTESIAN_POINT('',(-5.493443210943,7.12896077196,-18.));
#968 = DIRECTION('',(-1.508208300054E-15,1.684502993918E-15,-1.));
#969 = DIRECTION('',(0.79210675244,0.610382578994,-1.664706968084E-16));
#970 = PCURVE('',#347,#971);
#971 = DEFINITIONAL_REPRESENTATION('',(#972),#976);
#972 = LINE('',#973,#974);
#973 = CARTESIAN_POINT('',(0.,10.));
#974 = VECTOR('',#975,1.);
#975 = DIRECTION('',(1.,0.));
#976 = ( GEOMETRIC_REPRESENTATION_CONTEXT(2) 
PARAMETRIC_REPRESENTATION_CONTEXT() REPRESENTATION_CONTEXT('2D SPACE',''
  ) );
#977 = PCURVE('',#687,#978);
#978 = DEFINITIONAL_REPRESENTATION('',(#979),#983);
#979 = CIRCLE('',#980,1.3);
#980 = AXIS2_PLACEMENT_2D('',#981,#982);
#981 = CARTESIAN_POINT('',(-5.632842070646E-15,-29.));
#982 = DIRECTION('',(1.,0.));
#983 = ( GEOMETRIC_REPRESENTATION_CONTEXT(2) 
PARAMETRIC_REPRESENTATION_CONTEXT() REPRESENTATION_CONTEXT('2D SPACE',''
  ) );
#984 = ORIENTED_EDGE('',*,*,#985,.F.);
#985 = EDGE_CURVE('',#251,#962,#986,.T.);
#986 = SURFACE_CURVE('',#987,(#991,#998),.PCURVE_S1.);
#987 = LINE('',#988,#989);
#988 = CARTESIAN_POINT('',(-6.523181989115,6.335463419268,-8.));
#989 = VECTOR('',#990,1.);
#990 = DIRECTION('',(-1.508208300054E-15,1.684502993918E-15,-1.));
#991 = PCURVE('',#347,#992);
#992 = DEFINITIONAL_REPRESENTATION('',(#993),#997);
#993 = LINE('',#994,#995);
#994 = CARTESIAN_POINT('',(3.14159265359,0.));
#995 = VECTOR('',#996,1.);
#996 = DIRECTION('',(0.,1.));
#997 = ( GEOMETRIC_REPRESENTATION_CONTEXT(2) 
PARAMETRIC_REPRESENTATION_CONTEXT() REPRESENTATION_CONTEXT('2D SPACE',''
  ) );
#998 = PCURVE('',#949,#999);
#999 = DEFINITIONAL_REPRESENTATION('',(#1000),#1004);
#1000 = LINE('',#1001,#1002);
#1001 = CARTESIAN_POINT('',(3.14159265359,0.));
#1002 = VECTOR('',#1003,1.);
#1003 = DIRECTION('',(0.,1.));
#1004 = ( GEOMETRIC_REPRESENTATION_CONTEXT(2) 
PARAMETRIC_REPRESENTATION_CONTEXT() REPRESENTATION_CONTEXT('2D SPACE',''
  ) );
#1005 = ORIENTED_EDGE('',*,*,#332,.F.);
#1006 = ADVANCED_FACE('',(#1007),#1022,.T.);
#1007 = FACE_BOUND('',#1008,.T.);
#1008 = EDGE_LOOP('',(#1009,#1049,#1078,#1107));
#1009 = ORIENTED_EDGE('',*,*,#1010,.F.);
#1010 = EDGE_CURVE('',#1011,#1013,#1015,.T.);
#1011 = VERTEX_POINT('',#1012);
#1012 = CARTESIAN_POINT('',(26.93162958296,20.753007685784,-16.5));
#1013 = VERTEX_POINT('',#1014);
#1014 = CARTESIAN_POINT('',(-26.93162958296,-20.75300768578,-16.5));
#1015 = SURFACE_CURVE('',#1016,(#1021,#1033),.PCURVE_S1.);
#1016 = CIRCLE('',#1017,34.);
#1017 = AXIS2_PLACEMENT_3D('',#1018,#1019,#1020);
#1018 = CARTESIAN_POINT('',(-8.031959903618E-14,1.337998362233E-14,-16.5
    ));
#1019 = DIRECTION('',(-1.508208300054E-15,1.684502993918E-15,-1.));
#1020 = DIRECTION('',(-0.79210675244,-0.610382578994,1.664706968084E-16)
  );
#1021 = PCURVE('',#1022,#1027);
#1022 = TOROIDAL_SURFACE('',#1023,34.,1.);
#1023 = AXIS2_PLACEMENT_3D('',#1024,#1025,#1026);
#1024 = CARTESIAN_POINT('',(-7.881139073613E-14,1.169548062841E-14,-15.5
    ));
#1025 = DIRECTION('',(1.508208300054E-15,-1.684502993918E-15,1.));
#1026 = DIRECTION('',(-0.79210675244,-0.610382578994,1.664706968084E-16)
  );
#1027 = DEFINITIONAL_REPRESENTATION('',(#1028),#1032);
#1028 = LINE('',#1029,#1030);
#1029 = CARTESIAN_POINT('',(6.28318530718,4.712388980385));
#1030 = VECTOR('',#1031,1.);
#1031 = DIRECTION('',(-1.,0.));
#1032 = ( GEOMETRIC_REPRESENTATION_CONTEXT(2) 
PARAMETRIC_REPRESENTATION_CONTEXT() REPRESENTATION_CONTEXT('2D SPACE',''
  ) );
#1033 = PCURVE('',#1034,#1039);
#1034 = PLANE('',#1035);
#1035 = AXIS2_PLACEMENT_3D('',#1036,#1037,#1038);
#1036 = CARTESIAN_POINT('',(-8.031959903618E-14,1.337998362233E-14,-16.5
    ));
#1037 = DIRECTION('',(1.508208300054E-15,-1.684502993918E-15,1.));
#1038 = DIRECTION('',(-0.79210675244,-0.610382578994,1.664706968084E-16)
  );
#1039 = DEFINITIONAL_REPRESENTATION('',(#1040),#1048);
#1040 = ( BOUNDED_CURVE() B_SPLINE_CURVE(2,(#1041,#1042,#1043,#1044,
#1045,#1046,#1047),.UNSPECIFIED.,.T.,.F.) B_SPLINE_CURVE_WITH_KNOTS((1,2
    ,2,2,2,1),(-2.094395102393,0.,2.094395102393,4.188790204786,
6.28318530718,8.377580409573),.UNSPECIFIED.) CURVE() 
GEOMETRIC_REPRESENTATION_ITEM() RATIONAL_B_SPLINE_CURVE((1.,0.5,1.,0.5,
1.,0.5,1.)) REPRESENTATION_ITEM('') );
#1041 = CARTESIAN_POINT('',(34.,0.));
#1042 = CARTESIAN_POINT('',(34.,-58.88972745734));
#1043 = CARTESIAN_POINT('',(-17.,-29.44486372867));
#1044 = CARTESIAN_POINT('',(-68.,-8.327598234202E-15));
#1045 = CARTESIAN_POINT('',(-17.,29.444863728671));
#1046 = CARTESIAN_POINT('',(34.,58.889727457342));
#1047 = CARTESIAN_POINT('',(34.,0.));
#1048 = ( GEOMETRIC_REPRESENTATION_CONTEXT(2) 
PARAMETRIC_REPRESENTATION_CONTEXT() REPRESENTATION_CONTEXT('2D SPACE',''
  ) );
#1049 = ORIENTED_EDGE('',*,*,#1050,.T.);
#1050 = EDGE_CURVE('',#1011,#1051,#1053,.T.);
#1051 = VERTEX_POINT('',#1052);
#1052 = CARTESIAN_POINT('',(27.7237363354,21.363390264778,-15.5));
#1053 = SURFACE_CURVE('',#1054,(#1059,#1066),.PCURVE_S1.);
#1054 = CIRCLE('',#1055,1.);
#1055 = AXIS2_PLACEMENT_3D('',#1056,#1057,#1058);
#1056 = CARTESIAN_POINT('',(26.93162958296,20.753007685784,-15.5));
#1057 = DIRECTION('',(0.610382578994,-0.79210675244,-2.254890267834E-15)
  );
#1058 = DIRECTION('',(0.79210675244,0.610382578994,-1.664706968084E-16)
  );
#1059 = PCURVE('',#1022,#1060);
#1060 = DEFINITIONAL_REPRESENTATION('',(#1061),#1065);
#1061 = LINE('',#1062,#1063);
#1062 = CARTESIAN_POINT('',(3.14159265359,0.));
#1063 = VECTOR('',#1064,1.);
#1064 = DIRECTION('',(0.,1.));
#1065 = ( GEOMETRIC_REPRESENTATION_CONTEXT(2) 
PARAMETRIC_REPRESENTATION_CONTEXT() REPRESENTATION_CONTEXT('2D SPACE',''
  ) );
#1066 = PCURVE('',#1067,#1072);
#1067 = TOROIDAL_SURFACE('',#1068,34.,1.);
#1068 = AXIS2_PLACEMENT_3D('',#1069,#1070,#1071);
#1069 = CARTESIAN_POINT('',(-7.881139073613E-14,1.169548062841E-14,-15.5
    ));
#1070 = DIRECTION('',(1.508208300054E-15,-1.684502993918E-15,1.));
#1071 = DIRECTION('',(-0.79210675244,-0.610382578994,1.664706968084E-16)
  );
#1072 = DEFINITIONAL_REPRESENTATION('',(#1073),#1077);
#1073 = LINE('',#1074,#1075);
#1074 = CARTESIAN_POINT('',(3.14159265359,0.));
#1075 = VECTOR('',#1076,1.);
#1076 = DIRECTION('',(0.,1.));
#1077 = ( GEOMETRIC_REPRESENTATION_CONTEXT(2) 
PARAMETRIC_REPRESENTATION_CONTEXT() REPRESENTATION_CONTEXT('2D SPACE',''
  ) );
#1078 = ORIENTED_EDGE('',*,*,#1079,.F.);
#1079 = EDGE_CURVE('',#1080,#1051,#1082,.T.);
#1080 = VERTEX_POINT('',#1081);
#1081 = CARTESIAN_POINT('',(-27.7237363354,-21.36339026477,-15.5));
#1082 = SURFACE_CURVE('',#1083,(#1088,#1095),.PCURVE_S1.);
#1083 = CIRCLE('',#1084,35.);
#1084 = AXIS2_PLACEMENT_3D('',#1085,#1086,#1087);
#1085 = CARTESIAN_POINT('',(-7.881139073613E-14,1.169548062841E-14,-15.5
    ));
#1086 = DIRECTION('',(1.508208300054E-15,-1.684502993918E-15,1.));
#1087 = DIRECTION('',(-0.79210675244,-0.610382578994,1.664706968084E-16)
  );
#1088 = PCURVE('',#1022,#1089);
#1089 = DEFINITIONAL_REPRESENTATION('',(#1090),#1094);
#1090 = LINE('',#1091,#1092);
#1091 = CARTESIAN_POINT('',(0.,6.28318530718));
#1092 = VECTOR('',#1093,1.);
#1093 = DIRECTION('',(1.,0.));
#1094 = ( GEOMETRIC_REPRESENTATION_CONTEXT(2) 
PARAMETRIC_REPRESENTATION_CONTEXT() REPRESENTATION_CONTEXT('2D SPACE',''
  ) );
#1095 = PCURVE('',#1096,#1101);
#1096 = CYLINDRICAL_SURFACE('',#1097,35.);
#1097 = AXIS2_PLACEMENT_3D('',#1098,#1099,#1100);
#1098 = CARTESIAN_POINT('',(-6.071289113548E-14,-8.518555298601E-15,-3.5
    ));
#1099 = DIRECTION('',(-1.508208300054E-15,1.684502993918E-15,-1.));
#1100 = DIRECTION('',(0.79210675244,0.610382578994,-1.664706968084E-16)
  );
#1101 = DEFINITIONAL_REPRESENTATION('',(#1102),#1106);
#1102 = LINE('',#1103,#1104);
#1103 = CARTESIAN_POINT('',(3.14159265359,12.));
#1104 = VECTOR('',#1105,1.);
#1105 = DIRECTION('',(-1.,0.));
#1106 = ( GEOMETRIC_REPRESENTATION_CONTEXT(2) 
PARAMETRIC_REPRESENTATION_CONTEXT() REPRESENTATION_CONTEXT('2D SPACE',''
  ) );
#1107 = ORIENTED_EDGE('',*,*,#1108,.F.);
#1108 = EDGE_CURVE('',#1013,#1080,#1109,.T.);
#1109 = SURFACE_CURVE('',#1110,(#1115,#1122),.PCURVE_S1.);
#1110 = CIRCLE('',#1111,1.);
#1111 = AXIS2_PLACEMENT_3D('',#1112,#1113,#1114);
#1112 = CARTESIAN_POINT('',(-26.93162958296,-20.75300768578,-15.5));
#1113 = DIRECTION('',(-0.610382578994,0.79210675244,2.254890267834E-15)
  );
#1114 = DIRECTION('',(-0.79210675244,-0.610382578994,1.664706968084E-16)
  );
#1115 = PCURVE('',#1022,#1116);
#1116 = DEFINITIONAL_REPRESENTATION('',(#1117),#1121);
#1117 = LINE('',#1118,#1119);
#1118 = CARTESIAN_POINT('',(0.,0.));
#1119 = VECTOR('',#1120,1.);
#1120 = DIRECTION('',(0.,1.));
#1121 = ( GEOMETRIC_REPRESENTATION_CONTEXT(2) 
PARAMETRIC_REPRESENTATION_CONTEXT() REPRESENTATION_CONTEXT('2D SPACE',''
  ) );
#1122 = PCURVE('',#1067,#1123);
#1123 = DEFINITIONAL_REPRESENTATION('',(#1124),#1128);
#1124 = LINE('',#1125,#1126);
#1125 = CARTESIAN_POINT('',(6.28318530718,0.));
#1126 = VECTOR('',#1127,1.);
#1127 = DIRECTION('',(0.,1.));
#1128 = ( GEOMETRIC_REPRESENTATION_CONTEXT(2) 
PARAMETRIC_REPRESENTATION_CONTEXT() REPRESENTATION_CONTEXT('2D SPACE',''
  ) );
#1129 = ADVANCED_FACE('',(#1130),#1144,.F.);
#1130 = FACE_BOUND('',#1131,.F.);
#1131 = EDGE_LOOP('',(#1132,#1167,#1191,#1219));
#1132 = ORIENTED_EDGE('',*,*,#1133,.T.);
#1133 = EDGE_CURVE('',#1134,#1136,#1138,.T.);
#1134 = VERTEX_POINT('',#1135);
#1135 = CARTESIAN_POINT('',(12.80401213604,24.719572674707,-15.3));
#1136 = VERTEX_POINT('',#1137);
#1137 = CARTESIAN_POINT('',(12.80401213604,24.719572674707,-16.5));
#1138 = SURFACE_CURVE('',#1139,(#1143,#1155),.PCURVE_S1.);
#1139 = LINE('',#1140,#1141);
#1140 = CARTESIAN_POINT('',(12.80401213604,24.719572674707,-16.5));
#1141 = VECTOR('',#1142,1.);
#1142 = DIRECTION('',(-1.508208300054E-15,1.684502993918E-15,-1.));
#1143 = PCURVE('',#1144,#1149);
#1144 = CYLINDRICAL_SURFACE('',#1145,3.);
#1145 = AXIS2_PLACEMENT_3D('',#1146,#1147,#1148);
#1146 = CARTESIAN_POINT('',(10.140152346312,26.099373754816,11.));
#1147 = DIRECTION('',(-1.508208300054E-15,1.684502993918E-15,-1.));
#1148 = DIRECTION('',(0.79210675244,0.610382578994,-1.664706968084E-16)
  );
#1149 = DEFINITIONAL_REPRESENTATION('',(#1150),#1154);
#1150 = LINE('',#1151,#1152);
#1151 = CARTESIAN_POINT('',(1.134464013796,27.5));
#1152 = VECTOR('',#1153,1.);
#1153 = DIRECTION('',(0.,1.));
#1154 = ( GEOMETRIC_REPRESENTATION_CONTEXT(2) 
PARAMETRIC_REPRESENTATION_CONTEXT() REPRESENTATION_CONTEXT('2D SPACE',''
  ) );
#1155 = PCURVE('',#1156,#1161);
#1156 = PLANE('',#1157);
#1157 = AXIS2_PLACEMENT_3D('',#1158,#1159,#1160);
#1158 = CARTESIAN_POINT('',(-3.884387078471E-14,-3.294384871041E-14,11.)
  );
#1159 = DIRECTION('',(-0.887953263243,0.45993369337,2.113978165167E-15)
  );
#1160 = DIRECTION('',(-0.45993369337,-0.887953263243,-8.020841165772E-16
    ));
#1161 = DEFINITIONAL_REPRESENTATION('',(#1162),#1166);
#1162 = LINE('',#1163,#1164);
#1163 = CARTESIAN_POINT('',(-27.83882181415,-27.5));
#1164 = VECTOR('',#1165,1.);
#1165 = DIRECTION('',(0.,-1.));
#1166 = ( GEOMETRIC_REPRESENTATION_CONTEXT(2) 
PARAMETRIC_REPRESENTATION_CONTEXT() REPRESENTATION_CONTEXT('2D SPACE',''
  ) );
#1167 = ORIENTED_EDGE('',*,*,#1168,.T.);
#1168 = EDGE_CURVE('',#1136,#1169,#1171,.T.);
#1169 = VERTEX_POINT('',#1170);
#1170 = CARTESIAN_POINT('',(12.516472603632,27.930521491797,-16.5));
#1171 = SURFACE_CURVE('',#1172,(#1177,#1184),.PCURVE_S1.);
#1172 = CIRCLE('',#1173,3.);
#1173 = AXIS2_PLACEMENT_3D('',#1174,#1175,#1176);
#1174 = CARTESIAN_POINT('',(10.140152346312,26.099373754816,-16.5));
#1175 = DIRECTION('',(1.508208300054E-15,-1.684502993918E-15,1.));
#1176 = DIRECTION('',(-0.79210675244,-0.610382578994,1.664706968084E-16)
  );
#1177 = PCURVE('',#1144,#1178);
#1178 = DEFINITIONAL_REPRESENTATION('',(#1179),#1183);
#1179 = LINE('',#1180,#1181);
#1180 = CARTESIAN_POINT('',(3.14159265359,27.5));
#1181 = VECTOR('',#1182,1.);
#1182 = DIRECTION('',(-1.,0.));
#1183 = ( GEOMETRIC_REPRESENTATION_CONTEXT(2) 
PARAMETRIC_REPRESENTATION_CONTEXT() REPRESENTATION_CONTEXT('2D SPACE',''
  ) );
#1184 = PCURVE('',#1034,#1185);
#1185 = DEFINITIONAL_REPRESENTATION('',(#1186),#1190);
#1186 = CIRCLE('',#1187,3.);
#1187 = AXIS2_PLACEMENT_2D('',#1188,#1189);
#1188 = CARTESIAN_POINT('',(-23.96268620686,-14.48411784511));
#1189 = DIRECTION('',(1.,0.));
#1190 = ( GEOMETRIC_REPRESENTATION_CONTEXT(2) 
PARAMETRIC_REPRESENTATION_CONTEXT() REPRESENTATION_CONTEXT('2D SPACE',''
  ) );
#1191 = ORIENTED_EDGE('',*,*,#1192,.F.);
#1192 = EDGE_CURVE('',#1193,#1169,#1195,.T.);
#1193 = VERTEX_POINT('',#1194);
#1194 = CARTESIAN_POINT('',(12.516472603632,27.930521491797,-15.3));
#1195 = SURFACE_CURVE('',#1196,(#1200,#1207),.PCURVE_S1.);
#1196 = LINE('',#1197,#1198);
#1197 = CARTESIAN_POINT('',(12.516472603632,27.930521491797,11.));
#1198 = VECTOR('',#1199,1.);
#1199 = DIRECTION('',(-1.508208300054E-15,1.684502993918E-15,-1.));
#1200 = PCURVE('',#1144,#1201);
#1201 = DEFINITIONAL_REPRESENTATION('',(#1202),#1206);
#1202 = LINE('',#1203,#1204);
#1203 = CARTESIAN_POINT('',(0.,0.));
#1204 = VECTOR('',#1205,1.);
#1205 = DIRECTION('',(0.,1.));
#1206 = ( GEOMETRIC_REPRESENTATION_CONTEXT(2) 
PARAMETRIC_REPRESENTATION_CONTEXT() REPRESENTATION_CONTEXT('2D SPACE',''
  ) );
#1207 = PCURVE('',#1208,#1213);
#1208 = CYLINDRICAL_SURFACE('',#1209,3.);
#1209 = AXIS2_PLACEMENT_3D('',#1210,#1211,#1212);
#1210 = CARTESIAN_POINT('',(10.140152346312,26.099373754816,11.));
#1211 = DIRECTION('',(-1.508208300054E-15,1.684502993918E-15,-1.));
#1212 = DIRECTION('',(0.79210675244,0.610382578994,-1.664706968084E-16)
  );
#1213 = DEFINITIONAL_REPRESENTATION('',(#1214),#1218);
#1214 = LINE('',#1215,#1216);
#1215 = CARTESIAN_POINT('',(6.28318530718,0.));
#1216 = VECTOR('',#1217,1.);
#1217 = DIRECTION('',(0.,1.));
#1218 = ( GEOMETRIC_REPRESENTATION_CONTEXT(2) 
PARAMETRIC_REPRESENTATION_CONTEXT() REPRESENTATION_CONTEXT('2D SPACE',''
  ) );
#1219 = ORIENTED_EDGE('',*,*,#1220,.T.);
#1220 = EDGE_CURVE('',#1193,#1134,#1221,.T.);
#1221 = SURFACE_CURVE('',#1222,(#1227,#1234),.PCURVE_S1.);
#1222 = CIRCLE('',#1223,3.);
#1223 = AXIS2_PLACEMENT_3D('',#1224,#1225,#1226);
#1224 = CARTESIAN_POINT('',(10.140152346312,26.099373754816,-15.3));
#1225 = DIRECTION('',(-1.508208300054E-15,1.684502993918E-15,-1.));
#1226 = DIRECTION('',(0.79210675244,0.610382578994,-1.664706968084E-16)
  );
#1227 = PCURVE('',#1144,#1228);
#1228 = DEFINITIONAL_REPRESENTATION('',(#1229),#1233);
#1229 = LINE('',#1230,#1231);
#1230 = CARTESIAN_POINT('',(0.,26.3));
#1231 = VECTOR('',#1232,1.);
#1232 = DIRECTION('',(1.,0.));
#1233 = ( GEOMETRIC_REPRESENTATION_CONTEXT(2) 
PARAMETRIC_REPRESENTATION_CONTEXT() REPRESENTATION_CONTEXT('2D SPACE',''
  ) );
#1234 = PCURVE('',#1235,#1240);
#1235 = PLANE('',#1236);
#1236 = AXIS2_PLACEMENT_3D('',#1237,#1238,#1239);
#1237 = CARTESIAN_POINT('',(12.207651579873,-15.8421350488,-15.3));
#1238 = DIRECTION('',(-1.508208300054E-15,1.684502993918E-15,-1.));
#1239 = DIRECTION('',(0.79210675244,0.610382578994,-1.664706968084E-16)
  );
#1240 = DEFINITIONAL_REPRESENTATION('',(#1241),#1245);
#1241 = CIRCLE('',#1242,3.);
#1242 = AXIS2_PLACEMENT_2D('',#1243,#1244);
#1243 = CARTESIAN_POINT('',(23.962686206868,-34.48411784511));
#1244 = DIRECTION('',(1.,0.));
#1245 = ( GEOMETRIC_REPRESENTATION_CONTEXT(2) 
PARAMETRIC_REPRESENTATION_CONTEXT() REPRESENTATION_CONTEXT('2D SPACE',''
  ) );
#1246 = ADVANCED_FACE('',(#1247),#1261,.F.);
#1247 = FACE_BOUND('',#1248,.F.);
#1248 = EDGE_LOOP('',(#1249,#1284,#1308,#1336));
#1249 = ORIENTED_EDGE('',*,*,#1250,.T.);
#1250 = EDGE_CURVE('',#1251,#1253,#1255,.T.);
#1251 = VERTEX_POINT('',#1252);
#1252 = CARTESIAN_POINT('',(-6.080992685606,27.166551639058,-15.3));
#1253 = VERTEX_POINT('',#1254);
#1254 = CARTESIAN_POINT('',(-6.080992685606,27.166551639058,-16.5));
#1255 = SURFACE_CURVE('',#1256,(#1260,#1272),.PCURVE_S1.);
#1256 = LINE('',#1257,#1258);
#1257 = CARTESIAN_POINT('',(-6.080992685606,27.166551639058,-16.5));
#1258 = VECTOR('',#1259,1.);
#1259 = DIRECTION('',(-1.508208300054E-15,1.684502993918E-15,-1.));
#1260 = PCURVE('',#1261,#1266);
#1261 = CYLINDRICAL_SURFACE('',#1262,3.);
#1262 = AXIS2_PLACEMENT_3D('',#1263,#1264,#1265);
#1263 = CARTESIAN_POINT('',(-9.008546712902,26.511244522305,11.));
#1264 = DIRECTION('',(-1.508208300054E-15,1.684502993918E-15,-1.));
#1265 = DIRECTION('',(0.79210675244,0.610382578994,-1.664706968084E-16)
  );
#1266 = DEFINITIONAL_REPRESENTATION('',(#1267),#1271);
#1267 = LINE('',#1268,#1269);
#1268 = CARTESIAN_POINT('',(0.436332312999,27.5));
#1269 = VECTOR('',#1270,1.);
#1270 = DIRECTION('',(0.,1.));
#1271 = ( GEOMETRIC_REPRESENTATION_CONTEXT(2) 
PARAMETRIC_REPRESENTATION_CONTEXT() REPRESENTATION_CONTEXT('2D SPACE',''
  ) );
#1272 = PCURVE('',#1273,#1278);
#1273 = PLANE('',#1274);
#1274 = AXIS2_PLACEMENT_3D('',#1275,#1276,#1277);
#1275 = CARTESIAN_POINT('',(-3.884387078471E-14,-3.294384871041E-14,11.)
  );
#1276 = DIRECTION('',(-0.975851342432,-0.218435705584,1.103831494239E-15
    ));
#1277 = DIRECTION('',(0.218435705584,-0.975851342432,-1.973271052135E-15
    ));
#1278 = DEFINITIONAL_REPRESENTATION('',(#1279),#1283);
#1279 = LINE('',#1280,#1281);
#1280 = CARTESIAN_POINT('',(-27.83882181415,-27.5));
#1281 = VECTOR('',#1282,1.);
#1282 = DIRECTION('',(0.,-1.));
#1283 = ( GEOMETRIC_REPRESENTATION_CONTEXT(2) 
PARAMETRIC_REPRESENTATION_CONTEXT() REPRESENTATION_CONTEXT('2D SPACE',''
  ) );
#1284 = ORIENTED_EDGE('',*,*,#1285,.T.);
#1285 = EDGE_CURVE('',#1253,#1286,#1288,.T.);
#1286 = VERTEX_POINT('',#1287);
#1287 = CARTESIAN_POINT('',(-6.632226455582,28.342392259286,-16.5));
#1288 = SURFACE_CURVE('',#1289,(#1294,#1301),.PCURVE_S1.);
#1289 = CIRCLE('',#1290,3.);
#1290 = AXIS2_PLACEMENT_3D('',#1291,#1292,#1293);
#1291 = CARTESIAN_POINT('',(-9.008546712902,26.511244522305,-16.5));
#1292 = DIRECTION('',(1.508208300054E-15,-1.684502993918E-15,1.));
#1293 = DIRECTION('',(-0.79210675244,-0.610382578994,1.664706968084E-16)
  );
#1294 = PCURVE('',#1261,#1295);
#1295 = DEFINITIONAL_REPRESENTATION('',(#1296),#1300);
#1296 = LINE('',#1297,#1298);
#1297 = CARTESIAN_POINT('',(3.14159265359,27.5));
#1298 = VECTOR('',#1299,1.);
#1299 = DIRECTION('',(-1.,0.));
#1300 = ( GEOMETRIC_REPRESENTATION_CONTEXT(2) 
PARAMETRIC_REPRESENTATION_CONTEXT() REPRESENTATION_CONTEXT('2D SPACE',''
  ) );
#1301 = PCURVE('',#1034,#1302);
#1302 = DEFINITIONAL_REPRESENTATION('',(#1303),#1307);
#1303 = CIRCLE('',#1304,3.);
#1304 = AXIS2_PLACEMENT_2D('',#1305,#1306);
#1305 = CARTESIAN_POINT('',(-9.046271122896,-26.49839577731));
#1306 = DIRECTION('',(1.,0.));
#1307 = ( GEOMETRIC_REPRESENTATION_CONTEXT(2) 
PARAMETRIC_REPRESENTATION_CONTEXT() REPRESENTATION_CONTEXT('2D SPACE',''
  ) );
#1308 = ORIENTED_EDGE('',*,*,#1309,.F.);
#1309 = EDGE_CURVE('',#1310,#1286,#1312,.T.);
#1310 = VERTEX_POINT('',#1311);
#1311 = CARTESIAN_POINT('',(-6.632226455582,28.342392259286,-15.3));
#1312 = SURFACE_CURVE('',#1313,(#1317,#1324),.PCURVE_S1.);
#1313 = LINE('',#1314,#1315);
#1314 = CARTESIAN_POINT('',(-6.632226455582,28.342392259286,11.));
#1315 = VECTOR('',#1316,1.);
#1316 = DIRECTION('',(-1.508208300054E-15,1.684502993918E-15,-1.));
#1317 = PCURVE('',#1261,#1318);
#1318 = DEFINITIONAL_REPRESENTATION('',(#1319),#1323);
#1319 = LINE('',#1320,#1321);
#1320 = CARTESIAN_POINT('',(0.,0.));
#1321 = VECTOR('',#1322,1.);
#1322 = DIRECTION('',(0.,1.));
#1323 = ( GEOMETRIC_REPRESENTATION_CONTEXT(2) 
PARAMETRIC_REPRESENTATION_CONTEXT() REPRESENTATION_CONTEXT('2D SPACE',''
  ) );
#1324 = PCURVE('',#1325,#1330);
#1325 = CYLINDRICAL_SURFACE('',#1326,3.);
#1326 = AXIS2_PLACEMENT_3D('',#1327,#1328,#1329);
#1327 = CARTESIAN_POINT('',(-9.008546712902,26.511244522305,11.));
#1328 = DIRECTION('',(-1.508208300054E-15,1.684502993918E-15,-1.));
#1329 = DIRECTION('',(0.79210675244,0.610382578994,-1.664706968084E-16)
  );
#1330 = DEFINITIONAL_REPRESENTATION('',(#1331),#1335);
#1331 = LINE('',#1332,#1333);
#1332 = CARTESIAN_POINT('',(6.28318530718,0.));
#1333 = VECTOR('',#1334,1.);
#1334 = DIRECTION('',(0.,1.));
#1335 = ( GEOMETRIC_REPRESENTATION_CONTEXT(2) 
PARAMETRIC_REPRESENTATION_CONTEXT() REPRESENTATION_CONTEXT('2D SPACE',''
  ) );
#1336 = ORIENTED_EDGE('',*,*,#1337,.T.);
#1337 = EDGE_CURVE('',#1310,#1251,#1338,.T.);
#1338 = SURFACE_CURVE('',#1339,(#1344,#1351),.PCURVE_S1.);
#1339 = CIRCLE('',#1340,3.);
#1340 = AXIS2_PLACEMENT_3D('',#1341,#1342,#1343);
#1341 = CARTESIAN_POINT('',(-9.008546712902,26.511244522305,-15.3));
#1342 = DIRECTION('',(-1.508208300054E-15,1.684502993918E-15,-1.));
#1343 = DIRECTION('',(0.79210675244,0.610382578994,-1.664706968084E-16)
  );
#1344 = PCURVE('',#1261,#1345);
#1345 = DEFINITIONAL_REPRESENTATION('',(#1346),#1350);
#1346 = LINE('',#1347,#1348);
#1347 = CARTESIAN_POINT('',(0.,26.3));
#1348 = VECTOR('',#1349,1.);
#1349 = DIRECTION('',(1.,0.));
#1350 = ( GEOMETRIC_REPRESENTATION_CONTEXT(2) 
PARAMETRIC_REPRESENTATION_CONTEXT() REPRESENTATION_CONTEXT('2D SPACE',''
  ) );
#1351 = PCURVE('',#1235,#1352);
#1352 = DEFINITIONAL_REPRESENTATION('',(#1353),#1357);
#1353 = CIRCLE('',#1354,3.);
#1354 = AXIS2_PLACEMENT_2D('',#1355,#1356);
#1355 = CARTESIAN_POINT('',(9.046271122896,-46.49839577731));
#1356 = DIRECTION('',(1.,0.));
#1357 = ( GEOMETRIC_REPRESENTATION_CONTEXT(2) 
PARAMETRIC_REPRESENTATION_CONTEXT() REPRESENTATION_CONTEXT('2D SPACE',''
  ) );
#1358 = ADVANCED_FACE('',(#1359),#1373,.F.);
#1359 = FACE_BOUND('',#1360,.F.);
#1360 = EDGE_LOOP('',(#1361,#1396,#1420,#1448));
#1361 = ORIENTED_EDGE('',*,*,#1362,.T.);
#1362 = EDGE_CURVE('',#1363,#1365,#1367,.T.);
#1363 = VERTEX_POINT('',#1364);
#1364 = CARTESIAN_POINT('',(-18.14938860826,10.56407559355,-15.3));
#1365 = VERTEX_POINT('',#1366);
#1366 = CARTESIAN_POINT('',(-18.14938860826,10.56407559355,-16.5));
#1367 = SURFACE_CURVE('',#1368,(#1372,#1384),.PCURVE_S1.);
#1368 = LINE('',#1369,#1370);
#1369 = CARTESIAN_POINT('',(-18.14938860826,10.56407559355,11.));
#1370 = VECTOR('',#1371,1.);
#1371 = DIRECTION('',(-1.508208300054E-15,1.684502993918E-15,-1.));
#1372 = PCURVE('',#1373,#1378);
#1373 = CYLINDRICAL_SURFACE('',#1374,3.);
#1374 = AXIS2_PLACEMENT_3D('',#1375,#1376,#1377);
#1375 = CARTESIAN_POINT('',(-20.74215840944,12.073229249772,11.));
#1376 = DIRECTION('',(-1.508208300054E-15,1.684502993918E-15,-1.));
#1377 = DIRECTION('',(0.79210675244,0.610382578994,-1.664706968084E-16)
  );
#1378 = DEFINITIONAL_REPRESENTATION('',(#1379),#1383);
#1379 = LINE('',#1380,#1381);
#1380 = CARTESIAN_POINT('',(1.183669107828,0.));
#1381 = VECTOR('',#1382,1.);
#1382 = DIRECTION('',(0.,1.));
#1383 = ( GEOMETRIC_REPRESENTATION_CONTEXT(2) 
PARAMETRIC_REPRESENTATION_CONTEXT() REPRESENTATION_CONTEXT('2D SPACE',''
  ) );
#1384 = PCURVE('',#1385,#1390);
#1385 = CYLINDRICAL_SURFACE('',#1386,21.);
#1386 = AXIS2_PLACEMENT_3D('',#1387,#1388,#1389);
#1387 = CARTESIAN_POINT('',(-3.884387078471E-14,-3.294384871041E-14,11.)
  );
#1388 = DIRECTION('',(-1.508208300054E-15,1.684502993918E-15,-1.));
#1389 = DIRECTION('',(0.79210675244,0.610382578994,-1.664706968084E-16)
  );
#1390 = DEFINITIONAL_REPRESENTATION('',(#1391),#1395);
#1391 = LINE('',#1392,#1393);
#1392 = CARTESIAN_POINT('',(4.325261761417,0.));
#1393 = VECTOR('',#1394,1.);
#1394 = DIRECTION('',(0.,1.));
#1395 = ( GEOMETRIC_REPRESENTATION_CONTEXT(2) 
PARAMETRIC_REPRESENTATION_CONTEXT() REPRESENTATION_CONTEXT('2D SPACE',''
  ) );
#1396 = ORIENTED_EDGE('',*,*,#1397,.T.);
#1397 = EDGE_CURVE('',#1365,#1398,#1400,.T.);
#1398 = VERTEX_POINT('',#1399);
#1399 = CARTESIAN_POINT('',(-18.36583815212,13.904376986753,-16.5));
#1400 = SURFACE_CURVE('',#1401,(#1406,#1413),.PCURVE_S1.);
#1401 = CIRCLE('',#1402,3.);
#1402 = AXIS2_PLACEMENT_3D('',#1403,#1404,#1405);
#1403 = CARTESIAN_POINT('',(-20.74215840944,12.073229249772,-16.5));
#1404 = DIRECTION('',(1.508208300054E-15,-1.684502993918E-15,1.));
#1405 = DIRECTION('',(-0.79210675244,-0.610382578994,1.664706968084E-16)
  );
#1406 = PCURVE('',#1373,#1407);
#1407 = DEFINITIONAL_REPRESENTATION('',(#1408),#1412);
#1408 = LINE('',#1409,#1410);
#1409 = CARTESIAN_POINT('',(3.14159265359,27.5));
#1410 = VECTOR('',#1411,1.);
#1411 = DIRECTION('',(-1.,0.));
#1412 = ( GEOMETRIC_REPRESENTATION_CONTEXT(2) 
PARAMETRIC_REPRESENTATION_CONTEXT() REPRESENTATION_CONTEXT('2D SPACE',''
  ) );
#1413 = PCURVE('',#1034,#1414);
#1414 = DEFINITIONAL_REPRESENTATION('',(#1415),#1419);
#1415 = CIRCLE('',#1416,3.);
#1416 = AXIS2_PLACEMENT_2D('',#1417,#1418);
#1417 = CARTESIAN_POINT('',(9.060714930043,-22.22393855635));
#1418 = DIRECTION('',(1.,0.));
#1419 = ( GEOMETRIC_REPRESENTATION_CONTEXT(2) 
PARAMETRIC_REPRESENTATION_CONTEXT() REPRESENTATION_CONTEXT('2D SPACE',''
  ) );
#1420 = ORIENTED_EDGE('',*,*,#1421,.F.);
#1421 = EDGE_CURVE('',#1422,#1398,#1424,.T.);
#1422 = VERTEX_POINT('',#1423);
#1423 = CARTESIAN_POINT('',(-18.36583815212,13.904376986753,-15.3));
#1424 = SURFACE_CURVE('',#1425,(#1429,#1436),.PCURVE_S1.);
#1425 = LINE('',#1426,#1427);
#1426 = CARTESIAN_POINT('',(-18.36583815212,13.904376986753,11.));
#1427 = VECTOR('',#1428,1.);
#1428 = DIRECTION('',(-1.508208300054E-15,1.684502993918E-15,-1.));
#1429 = PCURVE('',#1373,#1430);
#1430 = DEFINITIONAL_REPRESENTATION('',(#1431),#1435);
#1431 = LINE('',#1432,#1433);
#1432 = CARTESIAN_POINT('',(0.,0.));
#1433 = VECTOR('',#1434,1.);
#1434 = DIRECTION('',(0.,1.));
#1435 = ( GEOMETRIC_REPRESENTATION_CONTEXT(2) 
PARAMETRIC_REPRESENTATION_CONTEXT() REPRESENTATION_CONTEXT('2D SPACE',''
  ) );
#1436 = PCURVE('',#1437,#1442);
#1437 = CYLINDRICAL_SURFACE('',#1438,3.);
#1438 = AXIS2_PLACEMENT_3D('',#1439,#1440,#1441);
#1439 = CARTESIAN_POINT('',(-20.74215840944,12.073229249772,11.));
#1440 = DIRECTION('',(-1.508208300054E-15,1.684502993918E-15,-1.));
#1441 = DIRECTION('',(0.79210675244,0.610382578994,-1.664706968084E-16)
  );
#1442 = DEFINITIONAL_REPRESENTATION('',(#1443),#1447);
#1443 = LINE('',#1444,#1445);
#1444 = CARTESIAN_POINT('',(6.28318530718,0.));
#1445 = VECTOR('',#1446,1.);
#1446 = DIRECTION('',(0.,1.));
#1447 = ( GEOMETRIC_REPRESENTATION_CONTEXT(2) 
PARAMETRIC_REPRESENTATION_CONTEXT() REPRESENTATION_CONTEXT('2D SPACE',''
  ) );
#1448 = ORIENTED_EDGE('',*,*,#1449,.T.);
#1449 = EDGE_CURVE('',#1422,#1363,#1450,.T.);
#1450 = SURFACE_CURVE('',#1451,(#1456,#1463),.PCURVE_S1.);
#1451 = CIRCLE('',#1452,3.);
#1452 = AXIS2_PLACEMENT_3D('',#1453,#1454,#1455);
#1453 = CARTESIAN_POINT('',(-20.74215840944,12.073229249772,-15.3));
#1454 = DIRECTION('',(-1.508208300054E-15,1.684502993918E-15,-1.));
#1455 = DIRECTION('',(0.79210675244,0.610382578994,-1.664706968084E-16)
  );
#1456 = PCURVE('',#1373,#1457);
#1457 = DEFINITIONAL_REPRESENTATION('',(#1458),#1462);
#1458 = LINE('',#1459,#1460);
#1459 = CARTESIAN_POINT('',(0.,26.3));
#1460 = VECTOR('',#1461,1.);
#1461 = DIRECTION('',(1.,0.));
#1462 = ( GEOMETRIC_REPRESENTATION_CONTEXT(2) 
PARAMETRIC_REPRESENTATION_CONTEXT() REPRESENTATION_CONTEXT('2D SPACE',''
  ) );
#1463 = PCURVE('',#1235,#1464);
#1464 = DEFINITIONAL_REPRESENTATION('',(#1465),#1469);
#1465 = CIRCLE('',#1466,3.);
#1466 = AXIS2_PLACEMENT_2D('',#1467,#1468);
#1467 = CARTESIAN_POINT('',(-9.060714930043,-42.22393855635));
#1468 = DIRECTION('',(1.,0.));
#1469 = ( GEOMETRIC_REPRESENTATION_CONTEXT(2) 
PARAMETRIC_REPRESENTATION_CONTEXT() REPRESENTATION_CONTEXT('2D SPACE',''
  ) );
#1470 = ADVANCED_FACE('',(#1471),#1485,.F.);
#1471 = FACE_BOUND('',#1472,.F.);
#1472 = EDGE_LOOP('',(#1473,#1508,#1532,#1560));
#1473 = ORIENTED_EDGE('',*,*,#1474,.T.);
#1474 = EDGE_CURVE('',#1475,#1477,#1479,.T.);
#1475 = VERTEX_POINT('',#1476);
#1476 = CARTESIAN_POINT('',(-20.69369518869,-3.57365071565,-15.3));
#1477 = VERTEX_POINT('',#1478);
#1478 = CARTESIAN_POINT('',(-20.69369518869,-3.57365071565,-16.5));
#1479 = SURFACE_CURVE('',#1480,(#1484,#1496),.PCURVE_S1.);
#1480 = LINE('',#1481,#1482);
#1481 = CARTESIAN_POINT('',(-20.69369518869,-3.57365071565,11.));
#1482 = VECTOR('',#1483,1.);
#1483 = DIRECTION('',(-1.508208300054E-15,1.684502993918E-15,-1.));
#1484 = PCURVE('',#1485,#1490);
#1485 = CYLINDRICAL_SURFACE('',#1486,3.);
#1486 = AXIS2_PLACEMENT_3D('',#1487,#1488,#1489);
#1487 = CARTESIAN_POINT('',(-23.6499373585,-4.084172246457,11.));
#1488 = DIRECTION('',(-1.508208300054E-15,1.684502993918E-15,-1.));
#1489 = DIRECTION('',(0.79210675244,0.610382578994,-1.664706968084E-16)
  );
#1490 = DEFINITIONAL_REPRESENTATION('',(#1491),#1495);
#1491 = LINE('',#1492,#1493);
#1492 = CARTESIAN_POINT('',(0.48553740703,0.));
#1493 = VECTOR('',#1494,1.);
#1494 = DIRECTION('',(0.,1.));
#1495 = ( GEOMETRIC_REPRESENTATION_CONTEXT(2) 
PARAMETRIC_REPRESENTATION_CONTEXT() REPRESENTATION_CONTEXT('2D SPACE',''
  ) );
#1496 = PCURVE('',#1497,#1502);
#1497 = CYLINDRICAL_SURFACE('',#1498,21.);
#1498 = AXIS2_PLACEMENT_3D('',#1499,#1500,#1501);
#1499 = CARTESIAN_POINT('',(-3.884387078471E-14,-3.294384871041E-14,11.)
  );
#1500 = DIRECTION('',(-1.508208300054E-15,1.684502993918E-15,-1.));
#1501 = DIRECTION('',(0.79210675244,0.610382578994,-1.664706968084E-16)
  );
#1502 = DEFINITIONAL_REPRESENTATION('',(#1503),#1507);
#1503 = LINE('',#1504,#1505);
#1504 = CARTESIAN_POINT('',(3.62713006062,0.));
#1505 = VECTOR('',#1506,1.);
#1506 = DIRECTION('',(0.,1.));
#1507 = ( GEOMETRIC_REPRESENTATION_CONTEXT(2) 
PARAMETRIC_REPRESENTATION_CONTEXT() REPRESENTATION_CONTEXT('2D SPACE',''
  ) );
#1508 = ORIENTED_EDGE('',*,*,#1509,.T.);
#1509 = EDGE_CURVE('',#1477,#1510,#1512,.T.);
#1510 = VERTEX_POINT('',#1511);
#1511 = CARTESIAN_POINT('',(-21.27361710118,-2.253024509476,-16.5));
#1512 = SURFACE_CURVE('',#1513,(#1518,#1525),.PCURVE_S1.);
#1513 = CIRCLE('',#1514,3.);
#1514 = AXIS2_PLACEMENT_3D('',#1515,#1516,#1517);
#1515 = CARTESIAN_POINT('',(-23.6499373585,-4.084172246457,-16.5));
#1516 = DIRECTION('',(1.508208300054E-15,-1.684502993918E-15,1.));
#1517 = DIRECTION('',(-0.79210675244,-0.610382578994,1.664706968084E-16)
  );
#1518 = PCURVE('',#1485,#1519);
#1519 = DEFINITIONAL_REPRESENTATION('',(#1520),#1524);
#1520 = LINE('',#1521,#1522);
#1521 = CARTESIAN_POINT('',(3.14159265359,27.5));
#1522 = VECTOR('',#1523,1.);
#1523 = DIRECTION('',(-1.,0.));
#1524 = ( GEOMETRIC_REPRESENTATION_CONTEXT(2) 
PARAMETRIC_REPRESENTATION_CONTEXT() REPRESENTATION_CONTEXT('2D SPACE',''
  ) );
#1525 = PCURVE('',#1034,#1526);
#1526 = DEFINITIONAL_REPRESENTATION('',(#1527),#1531);
#1527 = CIRCLE('',#1528,3.);
#1528 = AXIS2_PLACEMENT_2D('',#1529,#1530);
#1529 = CARTESIAN_POINT('',(21.226182665303,-11.20040934337));
#1530 = DIRECTION('',(1.,0.));
#1531 = ( GEOMETRIC_REPRESENTATION_CONTEXT(2) 
PARAMETRIC_REPRESENTATION_CONTEXT() REPRESENTATION_CONTEXT('2D SPACE',''
  ) );
#1532 = ORIENTED_EDGE('',*,*,#1533,.F.);
#1533 = EDGE_CURVE('',#1534,#1510,#1536,.T.);
#1534 = VERTEX_POINT('',#1535);
#1535 = CARTESIAN_POINT('',(-21.27361710118,-2.253024509476,-15.3));
#1536 = SURFACE_CURVE('',#1537,(#1541,#1548),.PCURVE_S1.);
#1537 = LINE('',#1538,#1539);
#1538 = CARTESIAN_POINT('',(-21.27361710118,-2.253024509476,11.));
#1539 = VECTOR('',#1540,1.);
#1540 = DIRECTION('',(-1.508208300054E-15,1.684502993918E-15,-1.));
#1541 = PCURVE('',#1485,#1542);
#1542 = DEFINITIONAL_REPRESENTATION('',(#1543),#1547);
#1543 = LINE('',#1544,#1545);
#1544 = CARTESIAN_POINT('',(0.,0.));
#1545 = VECTOR('',#1546,1.);
#1546 = DIRECTION('',(0.,1.));
#1547 = ( GEOMETRIC_REPRESENTATION_CONTEXT(2) 
PARAMETRIC_REPRESENTATION_CONTEXT() REPRESENTATION_CONTEXT('2D SPACE',''
  ) );
#1548 = PCURVE('',#1549,#1554);
#1549 = CYLINDRICAL_SURFACE('',#1550,3.);
#1550 = AXIS2_PLACEMENT_3D('',#1551,#1552,#1553);
#1551 = CARTESIAN_POINT('',(-23.6499373585,-4.084172246457,11.));
#1552 = DIRECTION('',(-1.508208300054E-15,1.684502993918E-15,-1.));
#1553 = DIRECTION('',(0.79210675244,0.610382578994,-1.664706968084E-16)
  );
#1554 = DEFINITIONAL_REPRESENTATION('',(#1555),#1559);
#1555 = LINE('',#1556,#1557);
#1556 = CARTESIAN_POINT('',(6.28318530718,0.));
#1557 = VECTOR('',#1558,1.);
#1558 = DIRECTION('',(0.,1.));
#1559 = ( GEOMETRIC_REPRESENTATION_CONTEXT(2) 
PARAMETRIC_REPRESENTATION_CONTEXT() REPRESENTATION_CONTEXT('2D SPACE',''
  ) );
#1560 = ORIENTED_EDGE('',*,*,#1561,.T.);
#1561 = EDGE_CURVE('',#1534,#1475,#1562,.T.);
#1562 = SURFACE_CURVE('',#1563,(#1568,#1575),.PCURVE_S1.);
#1563 = CIRCLE('',#1564,3.);
#1564 = AXIS2_PLACEMENT_3D('',#1565,#1566,#1567);
#1565 = CARTESIAN_POINT('',(-23.6499373585,-4.084172246457,-15.3));
#1566 = DIRECTION('',(-1.508208300054E-15,1.684502993918E-15,-1.));
#1567 = DIRECTION('',(0.79210675244,0.610382578994,-1.664706968084E-16)
  );
#1568 = PCURVE('',#1485,#1569);
#1569 = DEFINITIONAL_REPRESENTATION('',(#1570),#1574);
#1570 = LINE('',#1571,#1572);
#1571 = CARTESIAN_POINT('',(0.,26.3));
#1572 = VECTOR('',#1573,1.);
#1573 = DIRECTION('',(1.,0.));
#1574 = ( GEOMETRIC_REPRESENTATION_CONTEXT(2) 
PARAMETRIC_REPRESENTATION_CONTEXT() REPRESENTATION_CONTEXT('2D SPACE',''
  ) );
#1575 = PCURVE('',#1235,#1576);
#1576 = DEFINITIONAL_REPRESENTATION('',(#1577),#1581);
#1577 = CIRCLE('',#1578,3.);
#1578 = AXIS2_PLACEMENT_2D('',#1579,#1580);
#1579 = CARTESIAN_POINT('',(-21.2261826653,-31.20040934337));
#1580 = DIRECTION('',(1.,0.));
#1581 = ( GEOMETRIC_REPRESENTATION_CONTEXT(2) 
PARAMETRIC_REPRESENTATION_CONTEXT() REPRESENTATION_CONTEXT('2D SPACE',''
  ) );
#1582 = ADVANCED_FACE('',(#1583),#1597,.F.);
#1583 = FACE_BOUND('',#1584,.F.);
#1584 = EDGE_LOOP('',(#1585,#1620,#1644,#1672));
#1585 = ORIENTED_EDGE('',*,*,#1586,.T.);
#1586 = EDGE_CURVE('',#1587,#1589,#1591,.T.);
#1587 = VERTEX_POINT('',#1588);
#1588 = CARTESIAN_POINT('',(-7.113878159951,-22.72427639167,-15.3));
#1589 = VERTEX_POINT('',#1590);
#1590 = CARTESIAN_POINT('',(-7.113878159951,-22.72427639167,-16.5));
#1591 = SURFACE_CURVE('',#1592,(#1596,#1608),.PCURVE_S1.);
#1592 = LINE('',#1593,#1594);
#1593 = CARTESIAN_POINT('',(-7.113878159951,-22.72427639167,-16.5));
#1594 = VECTOR('',#1595,1.);
#1595 = DIRECTION('',(-1.508208300054E-15,1.684502993918E-15,-1.));
#1596 = PCURVE('',#1597,#1602);
#1597 = CYLINDRICAL_SURFACE('',#1598,3.);
#1598 = AXIS2_PLACEMENT_3D('',#1599,#1600,#1601);
#1599 = CARTESIAN_POINT('',(-9.976867876916,-21.82801198841,11.));
#1600 = DIRECTION('',(-1.508208300054E-15,1.684502993918E-15,-1.));
#1601 = DIRECTION('',(0.79210675244,0.610382578994,-1.664706968084E-16)
  );
#1602 = DEFINITIONAL_REPRESENTATION('',(#1603),#1607);
#1603 = LINE('',#1604,#1605);
#1604 = CARTESIAN_POINT('',(0.959931088597,27.5));
#1605 = VECTOR('',#1606,1.);
#1606 = DIRECTION('',(0.,1.));
#1607 = ( GEOMETRIC_REPRESENTATION_CONTEXT(2) 
PARAMETRIC_REPRESENTATION_CONTEXT() REPRESENTATION_CONTEXT('2D SPACE',''
  ) );
#1608 = PCURVE('',#1609,#1614);
#1609 = PLANE('',#1610);
#1610 = AXIS2_PLACEMENT_3D('',#1611,#1612,#1613);
#1611 = CARTESIAN_POINT('',(-3.884387078471E-14,-3.294384871041E-14,11.)
  );
#1612 = DIRECTION('',(0.954329905655,-0.298754801086,-1.942581641576E-15
    ));
#1613 = DIRECTION('',(0.298754801086,0.954329905655,1.156987112582E-15)
  );
#1614 = DEFINITIONAL_REPRESENTATION('',(#1615),#1619);
#1615 = LINE('',#1616,#1617);
#1616 = CARTESIAN_POINT('',(-23.81176179958,-27.5));
#1617 = VECTOR('',#1618,1.);
#1618 = DIRECTION('',(-0.,-1.));
#1619 = ( GEOMETRIC_REPRESENTATION_CONTEXT(2) 
PARAMETRIC_REPRESENTATION_CONTEXT() REPRESENTATION_CONTEXT('2D SPACE',''
  ) );
#1620 = ORIENTED_EDGE('',*,*,#1621,.T.);
#1621 = EDGE_CURVE('',#1589,#1622,#1624,.T.);
#1622 = VERTEX_POINT('',#1623);
#1623 = CARTESIAN_POINT('',(-7.600547619596,-19.99686425143,-16.5));
#1624 = SURFACE_CURVE('',#1625,(#1630,#1637),.PCURVE_S1.);
#1625 = CIRCLE('',#1626,3.);
#1626 = AXIS2_PLACEMENT_3D('',#1627,#1628,#1629);
#1627 = CARTESIAN_POINT('',(-9.976867876916,-21.82801198841,-16.5));
#1628 = DIRECTION('',(1.508208300054E-15,-1.684502993918E-15,1.));
#1629 = DIRECTION('',(-0.79210675244,-0.610382578994,1.664706968084E-16)
  );
#1630 = PCURVE('',#1597,#1631);
#1631 = DEFINITIONAL_REPRESENTATION('',(#1632),#1636);
#1632 = LINE('',#1633,#1634);
#1633 = CARTESIAN_POINT('',(3.14159265359,27.5));
#1634 = VECTOR('',#1635,1.);
#1635 = DIRECTION('',(-1.,0.));
#1636 = ( GEOMETRIC_REPRESENTATION_CONTEXT(2) 
PARAMETRIC_REPRESENTATION_CONTEXT() REPRESENTATION_CONTEXT('2D SPACE',''
  ) );
#1637 = PCURVE('',#1034,#1638);
#1638 = DEFINITIONAL_REPRESENTATION('',(#1639),#1643);
#1639 = CIRCLE('',#1640,3.);
#1640 = AXIS2_PLACEMENT_2D('',#1641,#1642);
#1641 = CARTESIAN_POINT('',(21.226182665303,11.200409343377));
#1642 = DIRECTION('',(1.,0.));
#1643 = ( GEOMETRIC_REPRESENTATION_CONTEXT(2) 
PARAMETRIC_REPRESENTATION_CONTEXT() REPRESENTATION_CONTEXT('2D SPACE',''
  ) );
#1644 = ORIENTED_EDGE('',*,*,#1645,.F.);
#1645 = EDGE_CURVE('',#1646,#1622,#1648,.T.);
#1646 = VERTEX_POINT('',#1647);
#1647 = CARTESIAN_POINT('',(-7.600547619596,-19.99686425143,-15.3));
#1648 = SURFACE_CURVE('',#1649,(#1653,#1660),.PCURVE_S1.);
#1649 = LINE('',#1650,#1651);
#1650 = CARTESIAN_POINT('',(-7.600547619596,-19.99686425143,11.));
#1651 = VECTOR('',#1652,1.);
#1652 = DIRECTION('',(-1.508208300054E-15,1.684502993918E-15,-1.));
#1653 = PCURVE('',#1597,#1654);
#1654 = DEFINITIONAL_REPRESENTATION('',(#1655),#1659);
#1655 = LINE('',#1656,#1657);
#1656 = CARTESIAN_POINT('',(0.,0.));
#1657 = VECTOR('',#1658,1.);
#1658 = DIRECTION('',(0.,1.));
#1659 = ( GEOMETRIC_REPRESENTATION_CONTEXT(2) 
PARAMETRIC_REPRESENTATION_CONTEXT() REPRESENTATION_CONTEXT('2D SPACE',''
  ) );
#1660 = PCURVE('',#1661,#1666);
#1661 = CYLINDRICAL_SURFACE('',#1662,3.);
#1662 = AXIS2_PLACEMENT_3D('',#1663,#1664,#1665);
#1663 = CARTESIAN_POINT('',(-9.976867876916,-21.82801198841,11.));
#1664 = DIRECTION('',(-1.508208300054E-15,1.684502993918E-15,-1.));
#1665 = DIRECTION('',(0.79210675244,0.610382578994,-1.664706968084E-16)
  );
#1666 = DEFINITIONAL_REPRESENTATION('',(#1667),#1671);
#1667 = LINE('',#1668,#1669);
#1668 = CARTESIAN_POINT('',(6.28318530718,0.));
#1669 = VECTOR('',#1670,1.);
#1670 = DIRECTION('',(0.,1.));
#1671 = ( GEOMETRIC_REPRESENTATION_CONTEXT(2) 
PARAMETRIC_REPRESENTATION_CONTEXT() REPRESENTATION_CONTEXT('2D SPACE',''
  ) );
#1672 = ORIENTED_EDGE('',*,*,#1673,.T.);
#1673 = EDGE_CURVE('',#1646,#1587,#1674,.T.);
#1674 = SURFACE_CURVE('',#1675,(#1680,#1687),.PCURVE_S1.);
#1675 = CIRCLE('',#1676,3.);
#1676 = AXIS2_PLACEMENT_3D('',#1677,#1678,#1679);
#1677 = CARTESIAN_POINT('',(-9.976867876916,-21.82801198841,-15.3));
#1678 = DIRECTION('',(-1.508208300054E-15,1.684502993918E-15,-1.));
#1679 = DIRECTION('',(0.79210675244,0.610382578994,-1.664706968084E-16)
  );
#1680 = PCURVE('',#1597,#1681);
#1681 = DEFINITIONAL_REPRESENTATION('',(#1682),#1686);
#1682 = LINE('',#1683,#1684);
#1683 = CARTESIAN_POINT('',(0.,26.3));
#1684 = VECTOR('',#1685,1.);
#1685 = DIRECTION('',(1.,0.));
#1686 = ( GEOMETRIC_REPRESENTATION_CONTEXT(2) 
PARAMETRIC_REPRESENTATION_CONTEXT() REPRESENTATION_CONTEXT('2D SPACE',''
  ) );
#1687 = PCURVE('',#1235,#1688);
#1688 = DEFINITIONAL_REPRESENTATION('',(#1689),#1693);
#1689 = CIRCLE('',#1690,3.);
#1690 = AXIS2_PLACEMENT_2D('',#1691,#1692);
#1691 = CARTESIAN_POINT('',(-21.2261826653,-8.799590656623));
#1692 = DIRECTION('',(1.,0.));
#1693 = ( GEOMETRIC_REPRESENTATION_CONTEXT(2) 
PARAMETRIC_REPRESENTATION_CONTEXT() REPRESENTATION_CONTEXT('2D SPACE',''
  ) );
#1694 = ADVANCED_FACE('',(#1695),#1709,.F.);
#1695 = FACE_BOUND('',#1696,.F.);
#1696 = EDGE_LOOP('',(#1697,#1732,#1756,#1784));
#1697 = ORIENTED_EDGE('',*,*,#1698,.T.);
#1698 = EDGE_CURVE('',#1699,#1701,#1703,.T.);
#1699 = VERTEX_POINT('',#1700);
#1700 = CARTESIAN_POINT('',(9.157336470207,-21.98051839178,-15.3));
#1701 = VERTEX_POINT('',#1702);
#1702 = CARTESIAN_POINT('',(9.157336470207,-21.98051839178,-16.5));
#1703 = SURFACE_CURVE('',#1704,(#1708,#1720),.PCURVE_S1.);
#1704 = LINE('',#1705,#1706);
#1705 = CARTESIAN_POINT('',(9.157336470207,-21.98051839178,-16.5));
#1706 = VECTOR('',#1707,1.);
#1707 = DIRECTION('',(-1.508208300054E-15,1.684502993918E-15,-1.));
#1708 = PCURVE('',#1709,#1714);
#1709 = CYLINDRICAL_SURFACE('',#1710,3.);
#1710 = AXIS2_PLACEMENT_3D('',#1711,#1712,#1713);
#1711 = CARTESIAN_POINT('',(6.388051453401,-23.13423434282,11.));
#1712 = DIRECTION('',(-1.508208300054E-15,1.684502993918E-15,-1.));
#1713 = DIRECTION('',(0.79210675244,0.610382578994,-1.664706968084E-16)
  );
#1714 = DEFINITIONAL_REPRESENTATION('',(#1715),#1719);
#1715 = LINE('',#1716,#1717);
#1716 = CARTESIAN_POINT('',(0.261799387799,27.5));
#1717 = VECTOR('',#1718,1.);
#1718 = DIRECTION('',(0.,1.));
#1719 = ( GEOMETRIC_REPRESENTATION_CONTEXT(2) 
PARAMETRIC_REPRESENTATION_CONTEXT() REPRESENTATION_CONTEXT('2D SPACE',''
  ) );
#1720 = PCURVE('',#1721,#1726);
#1721 = PLANE('',#1722);
#1722 = AXIS2_PLACEMENT_3D('',#1723,#1724,#1725);
#1723 = CARTESIAN_POINT('',(-3.884387078471E-14,-3.294384871041E-14,11.)
  );
#1724 = DIRECTION('',(0.923095005602,0.384571983681,-7.444068912994E-16)
  );
#1725 = DIRECTION('',(-0.384571983681,0.923095005602,2.134970958363E-15)
  );
#1726 = DEFINITIONAL_REPRESENTATION('',(#1727),#1731);
#1727 = LINE('',#1728,#1729);
#1728 = CARTESIAN_POINT('',(-23.81176179958,-27.5));
#1729 = VECTOR('',#1730,1.);
#1730 = DIRECTION('',(-0.,-1.));
#1731 = ( GEOMETRIC_REPRESENTATION_CONTEXT(2) 
PARAMETRIC_REPRESENTATION_CONTEXT() REPRESENTATION_CONTEXT('2D SPACE',''
  ) );
#1732 = ORIENTED_EDGE('',*,*,#1733,.T.);
#1733 = EDGE_CURVE('',#1701,#1734,#1736,.T.);
#1734 = VERTEX_POINT('',#1735);
#1735 = CARTESIAN_POINT('',(8.764371710721,-21.30308660584,-16.5));
#1736 = SURFACE_CURVE('',#1737,(#1742,#1749),.PCURVE_S1.);
#1737 = CIRCLE('',#1738,3.);
#1738 = AXIS2_PLACEMENT_3D('',#1739,#1740,#1741);
#1739 = CARTESIAN_POINT('',(6.388051453401,-23.13423434282,-16.5));
#1740 = DIRECTION('',(1.508208300054E-15,-1.684502993918E-15,1.));
#1741 = DIRECTION('',(-0.79210675244,-0.610382578994,1.664706968084E-16)
  );
#1742 = PCURVE('',#1709,#1743);
#1743 = DEFINITIONAL_REPRESENTATION('',(#1744),#1748);
#1744 = LINE('',#1745,#1746);
#1745 = CARTESIAN_POINT('',(3.14159265359,27.5));
#1746 = VECTOR('',#1747,1.);
#1747 = DIRECTION('',(-1.,0.));
#1748 = ( GEOMETRIC_REPRESENTATION_CONTEXT(2) 
PARAMETRIC_REPRESENTATION_CONTEXT() REPRESENTATION_CONTEXT('2D SPACE',''
  ) );
#1749 = PCURVE('',#1034,#1750);
#1750 = DEFINITIONAL_REPRESENTATION('',(#1751),#1755);
#1751 = CIRCLE('',#1752,3.);
#1752 = AXIS2_PLACEMENT_2D('',#1753,#1754);
#1753 = CARTESIAN_POINT('',(9.060714930044,22.223938556351));
#1754 = DIRECTION('',(1.,0.));
#1755 = ( GEOMETRIC_REPRESENTATION_CONTEXT(2) 
PARAMETRIC_REPRESENTATION_CONTEXT() REPRESENTATION_CONTEXT('2D SPACE',''
  ) );
#1756 = ORIENTED_EDGE('',*,*,#1757,.F.);
#1757 = EDGE_CURVE('',#1758,#1734,#1760,.T.);
#1758 = VERTEX_POINT('',#1759);
#1759 = CARTESIAN_POINT('',(8.764371710721,-21.30308660584,-15.3));
#1760 = SURFACE_CURVE('',#1761,(#1765,#1772),.PCURVE_S1.);
#1761 = LINE('',#1762,#1763);
#1762 = CARTESIAN_POINT('',(8.764371710721,-21.30308660584,11.));
#1763 = VECTOR('',#1764,1.);
#1764 = DIRECTION('',(-1.508208300054E-15,1.684502993918E-15,-1.));
#1765 = PCURVE('',#1709,#1766);
#1766 = DEFINITIONAL_REPRESENTATION('',(#1767),#1771);
#1767 = LINE('',#1768,#1769);
#1768 = CARTESIAN_POINT('',(0.,0.));
#1769 = VECTOR('',#1770,1.);
#1770 = DIRECTION('',(0.,1.));
#1771 = ( GEOMETRIC_REPRESENTATION_CONTEXT(2) 
PARAMETRIC_REPRESENTATION_CONTEXT() REPRESENTATION_CONTEXT('2D SPACE',''
  ) );
#1772 = PCURVE('',#1773,#1778);
#1773 = CYLINDRICAL_SURFACE('',#1774,3.);
#1774 = AXIS2_PLACEMENT_3D('',#1775,#1776,#1777);
#1775 = CARTESIAN_POINT('',(6.388051453401,-23.13423434282,11.));
#1776 = DIRECTION('',(-1.508208300054E-15,1.684502993918E-15,-1.));
#1777 = DIRECTION('',(0.79210675244,0.610382578994,-1.664706968084E-16)
  );
#1778 = DEFINITIONAL_REPRESENTATION('',(#1779),#1783);
#1779 = LINE('',#1780,#1781);
#1780 = CARTESIAN_POINT('',(6.28318530718,0.));
#1781 = VECTOR('',#1782,1.);
#1782 = DIRECTION('',(0.,1.));
#1783 = ( GEOMETRIC_REPRESENTATION_CONTEXT(2) 
PARAMETRIC_REPRESENTATION_CONTEXT() REPRESENTATION_CONTEXT('2D SPACE',''
  ) );
#1784 = ORIENTED_EDGE('',*,*,#1785,.T.);
#1785 = EDGE_CURVE('',#1758,#1699,#1786,.T.);
#1786 = SURFACE_CURVE('',#1787,(#1792,#1799),.PCURVE_S1.);
#1787 = CIRCLE('',#1788,3.);
#1788 = AXIS2_PLACEMENT_3D('',#1789,#1790,#1791);
#1789 = CARTESIAN_POINT('',(6.388051453401,-23.13423434282,-15.3));
#1790 = DIRECTION('',(-1.508208300054E-15,1.684502993918E-15,-1.));
#1791 = DIRECTION('',(0.79210675244,0.610382578994,-1.664706968084E-16)
  );
#1792 = PCURVE('',#1709,#1793);
#1793 = DEFINITIONAL_REPRESENTATION('',(#1794),#1798);
#1794 = LINE('',#1795,#1796);
#1795 = CARTESIAN_POINT('',(0.,26.3));
#1796 = VECTOR('',#1797,1.);
#1797 = DIRECTION('',(1.,0.));
#1798 = ( GEOMETRIC_REPRESENTATION_CONTEXT(2) 
PARAMETRIC_REPRESENTATION_CONTEXT() REPRESENTATION_CONTEXT('2D SPACE',''
  ) );
#1799 = PCURVE('',#1235,#1800);
#1800 = DEFINITIONAL_REPRESENTATION('',(#1801),#1805);
#1801 = CIRCLE('',#1802,3.);
#1802 = AXIS2_PLACEMENT_2D('',#1803,#1804);
#1803 = CARTESIAN_POINT('',(-9.060714930044,2.223938556351));
#1804 = DIRECTION('',(1.,0.));
#1805 = ( GEOMETRIC_REPRESENTATION_CONTEXT(2) 
PARAMETRIC_REPRESENTATION_CONTEXT() REPRESENTATION_CONTEXT('2D SPACE',''
  ) );
#1806 = ADVANCED_FACE('',(#1807),#1821,.F.);
#1807 = FACE_BOUND('',#1808,.F.);
#1808 = EDGE_LOOP('',(#1809,#1844,#1868,#1896));
#1809 = ORIENTED_EDGE('',*,*,#1810,.T.);
#1810 = EDGE_CURVE('',#1811,#1813,#1815,.T.);
#1811 = VERTEX_POINT('',#1812);
#1812 = CARTESIAN_POINT('',(25.840461408306,-17.12514391781,-15.3));
#1813 = VERTEX_POINT('',#1814);
#1814 = CARTESIAN_POINT('',(25.840461408306,-17.12514391781,-16.5));
#1815 = SURFACE_CURVE('',#1816,(#1820,#1832),.PCURVE_S1.);
#1816 = LINE('',#1817,#1818);
#1817 = CARTESIAN_POINT('',(25.840461408306,-17.12514391781,11.));
#1818 = VECTOR('',#1819,1.);
#1819 = DIRECTION('',(-1.508208300054E-15,1.684502993918E-15,-1.));
#1820 = PCURVE('',#1821,#1826);
#1821 = CYLINDRICAL_SURFACE('',#1822,3.);
#1822 = AXIS2_PLACEMENT_3D('',#1823,#1824,#1825);
#1823 = CARTESIAN_POINT('',(23.339771594599,-15.46787192576,11.));
#1824 = DIRECTION('',(-1.508208300054E-15,1.684502993918E-15,-1.));
#1825 = DIRECTION('',(0.79210675244,0.610382578994,-1.664706968084E-16)
  );
#1826 = DEFINITIONAL_REPRESENTATION('',(#1827),#1831);
#1827 = LINE('',#1828,#1829);
#1828 = CARTESIAN_POINT('',(1.241812929898,0.));
#1829 = VECTOR('',#1830,1.);
#1830 = DIRECTION('',(0.,1.));
#1831 = ( GEOMETRIC_REPRESENTATION_CONTEXT(2) 
PARAMETRIC_REPRESENTATION_CONTEXT() REPRESENTATION_CONTEXT('2D SPACE',''
  ) );
#1832 = PCURVE('',#1833,#1838);
#1833 = CYLINDRICAL_SURFACE('',#1834,31.);
#1834 = AXIS2_PLACEMENT_3D('',#1835,#1836,#1837);
#1835 = CARTESIAN_POINT('',(-3.884387078471E-14,-3.294384871041E-14,11.)
  );
#1836 = DIRECTION('',(-1.508208300054E-15,1.684502993918E-15,-1.));
#1837 = DIRECTION('',(0.79210675244,0.610382578994,-1.664706968084E-16)
  );
#1838 = DEFINITIONAL_REPRESENTATION('',(#1839),#1843);
#1839 = LINE('',#1840,#1841);
#1840 = CARTESIAN_POINT('',(1.241812929898,0.));
#1841 = VECTOR('',#1842,1.);
#1842 = DIRECTION('',(0.,1.));
#1843 = ( GEOMETRIC_REPRESENTATION_CONTEXT(2) 
PARAMETRIC_REPRESENTATION_CONTEXT() REPRESENTATION_CONTEXT('2D SPACE',''
  ) );
#1844 = ORIENTED_EDGE('',*,*,#1845,.T.);
#1845 = EDGE_CURVE('',#1813,#1846,#1848,.T.);
#1846 = VERTEX_POINT('',#1847);
#1847 = CARTESIAN_POINT('',(25.716091851919,-13.63672418878,-16.5));
#1848 = SURFACE_CURVE('',#1849,(#1854,#1861),.PCURVE_S1.);
#1849 = CIRCLE('',#1850,3.);
#1850 = AXIS2_PLACEMENT_3D('',#1851,#1852,#1853);
#1851 = CARTESIAN_POINT('',(23.339771594599,-15.46787192576,-16.5));
#1852 = DIRECTION('',(1.508208300054E-15,-1.684502993918E-15,1.));
#1853 = DIRECTION('',(-0.79210675244,-0.610382578994,1.664706968084E-16)
  );
#1854 = PCURVE('',#1821,#1855);
#1855 = DEFINITIONAL_REPRESENTATION('',(#1856),#1860);
#1856 = LINE('',#1857,#1858);
#1857 = CARTESIAN_POINT('',(3.14159265359,27.5));
#1858 = VECTOR('',#1859,1.);
#1859 = DIRECTION('',(-1.,0.));
#1860 = ( GEOMETRIC_REPRESENTATION_CONTEXT(2) 
PARAMETRIC_REPRESENTATION_CONTEXT() REPRESENTATION_CONTEXT('2D SPACE',''
  ) );
#1861 = PCURVE('',#1034,#1862);
#1862 = DEFINITIONAL_REPRESENTATION('',(#1863),#1867);
#1863 = CIRCLE('',#1864,3.);
#1864 = AXIS2_PLACEMENT_2D('',#1865,#1866);
#1865 = CARTESIAN_POINT('',(-9.046271122895,26.498395777312));
#1866 = DIRECTION('',(1.,0.));
#1867 = ( GEOMETRIC_REPRESENTATION_CONTEXT(2) 
PARAMETRIC_REPRESENTATION_CONTEXT() REPRESENTATION_CONTEXT('2D SPACE',''
  ) );
#1868 = ORIENTED_EDGE('',*,*,#1869,.F.);
#1869 = EDGE_CURVE('',#1870,#1846,#1872,.T.);
#1870 = VERTEX_POINT('',#1871);
#1871 = CARTESIAN_POINT('',(25.716091851919,-13.63672418878,-15.3));
#1872 = SURFACE_CURVE('',#1873,(#1877,#1884),.PCURVE_S1.);
#1873 = LINE('',#1874,#1875);
#1874 = CARTESIAN_POINT('',(25.716091851919,-13.63672418878,11.));
#1875 = VECTOR('',#1876,1.);
#1876 = DIRECTION('',(-1.508208300054E-15,1.684502993918E-15,-1.));
#1877 = PCURVE('',#1821,#1878);
#1878 = DEFINITIONAL_REPRESENTATION('',(#1879),#1883);
#1879 = LINE('',#1880,#1881);
#1880 = CARTESIAN_POINT('',(0.,0.));
#1881 = VECTOR('',#1882,1.);
#1882 = DIRECTION('',(0.,1.));
#1883 = ( GEOMETRIC_REPRESENTATION_CONTEXT(2) 
PARAMETRIC_REPRESENTATION_CONTEXT() REPRESENTATION_CONTEXT('2D SPACE',''
  ) );
#1884 = PCURVE('',#1885,#1890);
#1885 = CYLINDRICAL_SURFACE('',#1886,3.);
#1886 = AXIS2_PLACEMENT_3D('',#1887,#1888,#1889);
#1887 = CARTESIAN_POINT('',(23.339771594599,-15.46787192576,11.));
#1888 = DIRECTION('',(-1.508208300054E-15,1.684502993918E-15,-1.));
#1889 = DIRECTION('',(0.79210675244,0.610382578994,-1.664706968084E-16)
  );
#1890 = DEFINITIONAL_REPRESENTATION('',(#1891),#1895);
#1891 = LINE('',#1892,#1893);
#1892 = CARTESIAN_POINT('',(6.28318530718,0.));
#1893 = VECTOR('',#1894,1.);
#1894 = DIRECTION('',(0.,1.));
#1895 = ( GEOMETRIC_REPRESENTATION_CONTEXT(2) 
PARAMETRIC_REPRESENTATION_CONTEXT() REPRESENTATION_CONTEXT('2D SPACE',''
  ) );
#1896 = ORIENTED_EDGE('',*,*,#1897,.T.);
#1897 = EDGE_CURVE('',#1870,#1811,#1898,.T.);
#1898 = SURFACE_CURVE('',#1899,(#1904,#1911),.PCURVE_S1.);
#1899 = CIRCLE('',#1900,3.);
#1900 = AXIS2_PLACEMENT_3D('',#1901,#1902,#1903);
#1901 = CARTESIAN_POINT('',(23.339771594599,-15.46787192576,-15.3));
#1902 = DIRECTION('',(-1.508208300054E-15,1.684502993918E-15,-1.));
#1903 = DIRECTION('',(0.79210675244,0.610382578994,-1.664706968084E-16)
  );
#1904 = PCURVE('',#1821,#1905);
#1905 = DEFINITIONAL_REPRESENTATION('',(#1906),#1910);
#1906 = LINE('',#1907,#1908);
#1907 = CARTESIAN_POINT('',(0.,26.3));
#1908 = VECTOR('',#1909,1.);
#1909 = DIRECTION('',(1.,0.));
#1910 = ( GEOMETRIC_REPRESENTATION_CONTEXT(2) 
PARAMETRIC_REPRESENTATION_CONTEXT() REPRESENTATION_CONTEXT('2D SPACE',''
  ) );
#1911 = PCURVE('',#1235,#1912);
#1912 = DEFINITIONAL_REPRESENTATION('',(#1913),#1917);
#1913 = CIRCLE('',#1914,3.);
#1914 = AXIS2_PLACEMENT_2D('',#1915,#1916);
#1915 = CARTESIAN_POINT('',(9.046271122895,6.498395777312));
#1916 = DIRECTION('',(1.,0.));
#1917 = ( GEOMETRIC_REPRESENTATION_CONTEXT(2) 
PARAMETRIC_REPRESENTATION_CONTEXT() REPRESENTATION_CONTEXT('2D SPACE',''
  ) );
#1918 = ADVANCED_FACE('',(#1919),#1933,.F.);
#1919 = FACE_BOUND('',#1920,.F.);
#1920 = EDGE_LOOP('',(#1921,#1956,#1980,#2008));
#1921 = ORIENTED_EDGE('',*,*,#1922,.T.);
#1922 = EDGE_CURVE('',#1923,#1925,#1927,.T.);
#1923 = VERTEX_POINT('',#1924);
#1924 = CARTESIAN_POINT('',(30.802772193933,3.491307085987,-15.3));
#1925 = VERTEX_POINT('',#1926);
#1926 = CARTESIAN_POINT('',(30.802772193933,3.491307085987,-16.5));
#1927 = SURFACE_CURVE('',#1928,(#1932,#1944),.PCURVE_S1.);
#1928 = LINE('',#1929,#1930);
#1929 = CARTESIAN_POINT('',(30.802772193933,3.491307085987,11.));
#1930 = VECTOR('',#1931,1.);
#1931 = DIRECTION('',(-1.508208300054E-15,1.684502993918E-15,-1.));
#1932 = PCURVE('',#1933,#1938);
#1933 = CYLINDRICAL_SURFACE('',#1934,3.);
#1934 = AXIS2_PLACEMENT_3D('',#1935,#1936,#1937);
#1935 = CARTESIAN_POINT('',(27.82185875581,3.153438658311,11.));
#1936 = DIRECTION('',(-1.508208300054E-15,1.684502993918E-15,-1.));
#1937 = DIRECTION('',(0.79210675244,0.610382578994,-1.664706968084E-16)
  );
#1938 = DEFINITIONAL_REPRESENTATION('',(#1939),#1943);
#1939 = LINE('',#1940,#1941);
#1940 = CARTESIAN_POINT('',(0.5436812291,0.));
#1941 = VECTOR('',#1942,1.);
#1942 = DIRECTION('',(0.,1.));
#1943 = ( GEOMETRIC_REPRESENTATION_CONTEXT(2) 
PARAMETRIC_REPRESENTATION_CONTEXT() REPRESENTATION_CONTEXT('2D SPACE',''
  ) );
#1944 = PCURVE('',#1945,#1950);
#1945 = CYLINDRICAL_SURFACE('',#1946,31.);
#1946 = AXIS2_PLACEMENT_3D('',#1947,#1948,#1949);
#1947 = CARTESIAN_POINT('',(-3.884387078471E-14,-3.294384871041E-14,11.)
  );
#1948 = DIRECTION('',(-1.508208300054E-15,1.684502993918E-15,-1.));
#1949 = DIRECTION('',(0.79210675244,0.610382578994,-1.664706968084E-16)
  );
#1950 = DEFINITIONAL_REPRESENTATION('',(#1951),#1955);
#1951 = LINE('',#1952,#1953);
#1952 = CARTESIAN_POINT('',(0.5436812291,0.));
#1953 = VECTOR('',#1954,1.);
#1954 = DIRECTION('',(0.,1.));
#1955 = ( GEOMETRIC_REPRESENTATION_CONTEXT(2) 
PARAMETRIC_REPRESENTATION_CONTEXT() REPRESENTATION_CONTEXT('2D SPACE',''
  ) );
#1956 = ORIENTED_EDGE('',*,*,#1957,.T.);
#1957 = EDGE_CURVE('',#1925,#1958,#1960,.T.);
#1958 = VERTEX_POINT('',#1959);
#1959 = CARTESIAN_POINT('',(30.19817901313,4.984586395292,-16.5));
#1960 = SURFACE_CURVE('',#1961,(#1966,#1973),.PCURVE_S1.);
#1961 = CIRCLE('',#1962,3.);
#1962 = AXIS2_PLACEMENT_3D('',#1963,#1964,#1965);
#1963 = CARTESIAN_POINT('',(27.82185875581,3.153438658311,-16.5));
#1964 = DIRECTION('',(1.508208300054E-15,-1.684502993918E-15,1.));
#1965 = DIRECTION('',(-0.79210675244,-0.610382578994,1.664706968084E-16)
  );
#1966 = PCURVE('',#1933,#1967);
#1967 = DEFINITIONAL_REPRESENTATION('',(#1968),#1972);
#1968 = LINE('',#1969,#1970);
#1969 = CARTESIAN_POINT('',(3.14159265359,27.5));
#1970 = VECTOR('',#1971,1.);
#1971 = DIRECTION('',(-1.,0.));
#1972 = ( GEOMETRIC_REPRESENTATION_CONTEXT(2) 
PARAMETRIC_REPRESENTATION_CONTEXT() REPRESENTATION_CONTEXT('2D SPACE',''
  ) );
#1973 = PCURVE('',#1034,#1974);
#1974 = DEFINITIONAL_REPRESENTATION('',(#1975),#1979);
#1975 = CIRCLE('',#1976,3.);
#1976 = AXIS2_PLACEMENT_2D('',#1977,#1978);
#1977 = CARTESIAN_POINT('',(-23.96268620686,14.484117845115));
#1978 = DIRECTION('',(1.,0.));
#1979 = ( GEOMETRIC_REPRESENTATION_CONTEXT(2) 
PARAMETRIC_REPRESENTATION_CONTEXT() REPRESENTATION_CONTEXT('2D SPACE',''
  ) );
#1980 = ORIENTED_EDGE('',*,*,#1981,.F.);
#1981 = EDGE_CURVE('',#1982,#1958,#1984,.T.);
#1982 = VERTEX_POINT('',#1983);
#1983 = CARTESIAN_POINT('',(30.19817901313,4.984586395292,-15.3));
#1984 = SURFACE_CURVE('',#1985,(#1989,#1996),.PCURVE_S1.);
#1985 = LINE('',#1986,#1987);
#1986 = CARTESIAN_POINT('',(30.19817901313,4.984586395292,11.));
#1987 = VECTOR('',#1988,1.);
#1988 = DIRECTION('',(-1.508208300054E-15,1.684502993918E-15,-1.));
#1989 = PCURVE('',#1933,#1990);
#1990 = DEFINITIONAL_REPRESENTATION('',(#1991),#1995);
#1991 = LINE('',#1992,#1993);
#1992 = CARTESIAN_POINT('',(0.,0.));
#1993 = VECTOR('',#1994,1.);
#1994 = DIRECTION('',(0.,1.));
#1995 = ( GEOMETRIC_REPRESENTATION_CONTEXT(2) 
PARAMETRIC_REPRESENTATION_CONTEXT() REPRESENTATION_CONTEXT('2D SPACE',''
  ) );
#1996 = PCURVE('',#1997,#2002);
#1997 = CYLINDRICAL_SURFACE('',#1998,3.);
#1998 = AXIS2_PLACEMENT_3D('',#1999,#2000,#2001);
#1999 = CARTESIAN_POINT('',(27.82185875581,3.153438658311,11.));
#2000 = DIRECTION('',(-1.508208300054E-15,1.684502993918E-15,-1.));
#2001 = DIRECTION('',(0.79210675244,0.610382578994,-1.664706968084E-16)
  );
#2002 = DEFINITIONAL_REPRESENTATION('',(#2003),#2007);
#2003 = LINE('',#2004,#2005);
#2004 = CARTESIAN_POINT('',(6.28318530718,0.));
#2005 = VECTOR('',#2006,1.);
#2006 = DIRECTION('',(0.,1.));
#2007 = ( GEOMETRIC_REPRESENTATION_CONTEXT(2) 
PARAMETRIC_REPRESENTATION_CONTEXT() REPRESENTATION_CONTEXT('2D SPACE',''
  ) );
#2008 = ORIENTED_EDGE('',*,*,#2009,.T.);
#2009 = EDGE_CURVE('',#1982,#1923,#2010,.T.);
#2010 = SURFACE_CURVE('',#2011,(#2016,#2023),.PCURVE_S1.);
#2011 = CIRCLE('',#2012,3.);
#2012 = AXIS2_PLACEMENT_3D('',#2013,#2014,#2015);
#2013 = CARTESIAN_POINT('',(27.82185875581,3.153438658311,-15.3));
#2014 = DIRECTION('',(-1.508208300054E-15,1.684502993918E-15,-1.));
#2015 = DIRECTION('',(0.79210675244,0.610382578994,-1.664706968084E-16)
  );
#2016 = PCURVE('',#1933,#2017);
#2017 = DEFINITIONAL_REPRESENTATION('',(#2018),#2022);
#2018 = LINE('',#2019,#2020);
#2019 = CARTESIAN_POINT('',(0.,26.3));
#2020 = VECTOR('',#2021,1.);
#2021 = DIRECTION('',(1.,0.));
#2022 = ( GEOMETRIC_REPRESENTATION_CONTEXT(2) 
PARAMETRIC_REPRESENTATION_CONTEXT() REPRESENTATION_CONTEXT('2D SPACE',''
  ) );
#2023 = PCURVE('',#1235,#2024);
#2024 = DEFINITIONAL_REPRESENTATION('',(#2025),#2029);
#2025 = CIRCLE('',#2026,3.);
#2026 = AXIS2_PLACEMENT_2D('',#2027,#2028);
#2027 = CARTESIAN_POINT('',(23.962686206868,-5.515882154885));
#2028 = DIRECTION('',(1.,0.));
#2029 = ( GEOMETRIC_REPRESENTATION_CONTEXT(2) 
PARAMETRIC_REPRESENTATION_CONTEXT() REPRESENTATION_CONTEXT('2D SPACE',''
  ) );
#2030 = ADVANCED_FACE('',(#2031),#2045,.F.);
#2031 = FACE_BOUND('',#2032,.F.);
#2032 = EDGE_LOOP('',(#2033,#2068,#2096,#2124));
#2033 = ORIENTED_EDGE('',*,*,#2034,.F.);
#2034 = EDGE_CURVE('',#2035,#2037,#2039,.T.);
#2035 = VERTEX_POINT('',#2036);
#2036 = CARTESIAN_POINT('',(27.173893008958,14.919099796493,-16.5));
#2037 = VERTEX_POINT('',#2038);
#2038 = CARTESIAN_POINT('',(27.173893008958,14.919099796493,-15.3));
#2039 = SURFACE_CURVE('',#2040,(#2044,#2056),.PCURVE_S1.);
#2040 = LINE('',#2041,#2042);
#2041 = CARTESIAN_POINT('',(27.173893008958,14.919099796493,11.));
#2042 = VECTOR('',#2043,1.);
#2043 = DIRECTION('',(1.508208300054E-15,-1.684502993918E-15,1.));
#2044 = PCURVE('',#2045,#2050);
#2045 = CYLINDRICAL_SURFACE('',#2046,31.);
#2046 = AXIS2_PLACEMENT_3D('',#2047,#2048,#2049);
#2047 = CARTESIAN_POINT('',(-3.884387078471E-14,-3.294384871041E-14,11.)
  );
#2048 = DIRECTION('',(-1.508208300054E-15,1.684502993918E-15,-1.));
#2049 = DIRECTION('',(0.79210675244,0.610382578994,-1.664706968084E-16)
  );
#2050 = DEFINITIONAL_REPRESENTATION('',(#2051),#2055);
#2051 = LINE('',#2052,#2053);
#2052 = CARTESIAN_POINT('',(0.154450471697,0.));
#2053 = VECTOR('',#2054,1.);
#2054 = DIRECTION('',(0.,-1.));
#2055 = ( GEOMETRIC_REPRESENTATION_CONTEXT(2) 
PARAMETRIC_REPRESENTATION_CONTEXT() REPRESENTATION_CONTEXT('2D SPACE',''
  ) );
#2056 = PCURVE('',#2057,#2062);
#2057 = CYLINDRICAL_SURFACE('',#2058,3.);
#2058 = AXIS2_PLACEMENT_3D('',#2059,#2060,#2061);
#2059 = CARTESIAN_POINT('',(24.544161427446,13.475315945219,11.));
#2060 = DIRECTION('',(-1.508208300054E-15,1.684502993918E-15,-1.));
#2061 = DIRECTION('',(0.79210675244,0.610382578994,-1.664706968084E-16)
  );
#2062 = DEFINITIONAL_REPRESENTATION('',(#2063),#2067);
#2063 = LINE('',#2064,#2065);
#2064 = CARTESIAN_POINT('',(0.154450471697,0.));
#2065 = VECTOR('',#2066,1.);
#2066 = DIRECTION('',(0.,-1.));
#2067 = ( GEOMETRIC_REPRESENTATION_CONTEXT(2) 
PARAMETRIC_REPRESENTATION_CONTEXT() REPRESENTATION_CONTEXT('2D SPACE',''
  ) );
#2068 = ORIENTED_EDGE('',*,*,#2069,.F.);
#2069 = EDGE_CURVE('',#2070,#2035,#2072,.T.);
#2070 = VERTEX_POINT('',#2071);
#2071 = CARTESIAN_POINT('',(24.55530932564,18.921859948803,-16.5));
#2072 = SURFACE_CURVE('',#2073,(#2078,#2085),.PCURVE_S1.);
#2073 = CIRCLE('',#2074,31.);
#2074 = AXIS2_PLACEMENT_3D('',#2075,#2076,#2077);
#2075 = CARTESIAN_POINT('',(-8.031959903618E-14,1.337998362233E-14,-16.5
    ));
#2076 = DIRECTION('',(-1.508208300054E-15,1.684502993918E-15,-1.));
#2077 = DIRECTION('',(-0.79210675244,-0.610382578994,1.664706968084E-16)
  );
#2078 = PCURVE('',#2045,#2079);
#2079 = DEFINITIONAL_REPRESENTATION('',(#2080),#2084);
#2080 = LINE('',#2081,#2082);
#2081 = CARTESIAN_POINT('',(-3.14159265359,27.5));
#2082 = VECTOR('',#2083,1.);
#2083 = DIRECTION('',(1.,0.));
#2084 = ( GEOMETRIC_REPRESENTATION_CONTEXT(2) 
PARAMETRIC_REPRESENTATION_CONTEXT() REPRESENTATION_CONTEXT('2D SPACE',''
  ) );
#2085 = PCURVE('',#1034,#2086);
#2086 = DEFINITIONAL_REPRESENTATION('',(#2087),#2095);
#2087 = ( BOUNDED_CURVE() B_SPLINE_CURVE(2,(#2088,#2089,#2090,#2091,
#2092,#2093,#2094),.UNSPECIFIED.,.T.,.F.) B_SPLINE_CURVE_WITH_KNOTS((1,2
    ,2,2,2,1),(-2.094395102393,0.,2.094395102393,4.188790204786,
6.28318530718,8.377580409573),.UNSPECIFIED.) CURVE() 
GEOMETRIC_REPRESENTATION_ITEM() RATIONAL_B_SPLINE_CURVE((1.,0.5,1.,0.5,
1.,0.5,1.)) REPRESENTATION_ITEM('') );
#2088 = CARTESIAN_POINT('',(31.,0.));
#2089 = CARTESIAN_POINT('',(31.,-53.69357503463));
#2090 = CARTESIAN_POINT('',(-15.5,-26.84678751731));
#2091 = CARTESIAN_POINT('',(-62.,-7.592810154714E-15));
#2092 = CARTESIAN_POINT('',(-15.5,26.846787517318));
#2093 = CARTESIAN_POINT('',(31.,53.693575034635));
#2094 = CARTESIAN_POINT('',(31.,0.));
#2095 = ( GEOMETRIC_REPRESENTATION_CONTEXT(2) 
PARAMETRIC_REPRESENTATION_CONTEXT() REPRESENTATION_CONTEXT('2D SPACE',''
  ) );
#2096 = ORIENTED_EDGE('',*,*,#2097,.F.);
#2097 = EDGE_CURVE('',#2098,#2070,#2100,.T.);
#2098 = VERTEX_POINT('',#2099);
#2099 = CARTESIAN_POINT('',(24.55530932564,18.921859948803,-15.3));
#2100 = SURFACE_CURVE('',#2101,(#2105,#2112),.PCURVE_S1.);
#2101 = LINE('',#2102,#2103);
#2102 = CARTESIAN_POINT('',(24.55530932564,18.921859948803,11.));
#2103 = VECTOR('',#2104,1.);
#2104 = DIRECTION('',(-1.508208300054E-15,1.684502993918E-15,-1.));
#2105 = PCURVE('',#2045,#2106);
#2106 = DEFINITIONAL_REPRESENTATION('',(#2107),#2111);
#2107 = LINE('',#2108,#2109);
#2108 = CARTESIAN_POINT('',(0.,0.));
#2109 = VECTOR('',#2110,1.);
#2110 = DIRECTION('',(0.,1.));
#2111 = ( GEOMETRIC_REPRESENTATION_CONTEXT(2) 
PARAMETRIC_REPRESENTATION_CONTEXT() REPRESENTATION_CONTEXT('2D SPACE',''
  ) );
#2112 = PCURVE('',#2113,#2118);
#2113 = CYLINDRICAL_SURFACE('',#2114,31.);
#2114 = AXIS2_PLACEMENT_3D('',#2115,#2116,#2117);
#2115 = CARTESIAN_POINT('',(-3.884387078471E-14,-3.294384871041E-14,11.)
  );
#2116 = DIRECTION('',(-1.508208300054E-15,1.684502993918E-15,-1.));
#2117 = DIRECTION('',(0.79210675244,0.610382578994,-1.664706968084E-16)
  );
#2118 = DEFINITIONAL_REPRESENTATION('',(#2119),#2123);
#2119 = LINE('',#2120,#2121);
#2120 = CARTESIAN_POINT('',(6.28318530718,0.));
#2121 = VECTOR('',#2122,1.);
#2122 = DIRECTION('',(0.,1.));
#2123 = ( GEOMETRIC_REPRESENTATION_CONTEXT(2) 
PARAMETRIC_REPRESENTATION_CONTEXT() REPRESENTATION_CONTEXT('2D SPACE',''
  ) );
#2124 = ORIENTED_EDGE('',*,*,#2125,.F.);
#2125 = EDGE_CURVE('',#2037,#2098,#2126,.T.);
#2126 = SURFACE_CURVE('',#2127,(#2132,#2139),.PCURVE_S1.);
#2127 = CIRCLE('',#2128,31.);
#2128 = AXIS2_PLACEMENT_3D('',#2129,#2130,#2131);
#2129 = CARTESIAN_POINT('',(-7.850974907612E-14,1.135858002963E-14,-15.3
    ));
#2130 = DIRECTION('',(1.508208300054E-15,-1.684502993918E-15,1.));
#2131 = DIRECTION('',(0.79210675244,0.610382578994,-1.664706968084E-16)
  );
#2132 = PCURVE('',#2045,#2133);
#2133 = DEFINITIONAL_REPRESENTATION('',(#2134),#2138);
#2134 = LINE('',#2135,#2136);
#2135 = CARTESIAN_POINT('',(6.28318530718,26.3));
#2136 = VECTOR('',#2137,1.);
#2137 = DIRECTION('',(-1.,0.));
#2138 = ( GEOMETRIC_REPRESENTATION_CONTEXT(2) 
PARAMETRIC_REPRESENTATION_CONTEXT() REPRESENTATION_CONTEXT('2D SPACE',''
  ) );
#2139 = PCURVE('',#1235,#2140);
#2140 = DEFINITIONAL_REPRESENTATION('',(#2141),#2149);
#2141 = ( BOUNDED_CURVE() B_SPLINE_CURVE(2,(#2142,#2143,#2144,#2145,
#2146,#2147,#2148),.UNSPECIFIED.,.T.,.F.) B_SPLINE_CURVE_WITH_KNOTS((1,2
    ,2,2,2,1),(-2.094395102393,0.,2.094395102393,4.188790204786,
6.28318530718,8.377580409573),.UNSPECIFIED.) CURVE() 
GEOMETRIC_REPRESENTATION_ITEM() RATIONAL_B_SPLINE_CURVE((1.,0.5,1.,0.5,
1.,0.5,1.)) REPRESENTATION_ITEM('') );
#2142 = CARTESIAN_POINT('',(31.,-19.99999999999));
#2143 = CARTESIAN_POINT('',(31.000000000001,-73.69357503463));
#2144 = CARTESIAN_POINT('',(-15.5,-46.84678751731));
#2145 = CARTESIAN_POINT('',(-62.,-20.));
#2146 = CARTESIAN_POINT('',(-15.5,6.846787517317));
#2147 = CARTESIAN_POINT('',(30.999999999999,33.693575034636));
#2148 = CARTESIAN_POINT('',(31.,-19.99999999999));
#2149 = ( GEOMETRIC_REPRESENTATION_CONTEXT(2) 
PARAMETRIC_REPRESENTATION_CONTEXT() REPRESENTATION_CONTEXT('2D SPACE',''
  ) );
#2150 = ADVANCED_FACE('',(#2151),#2166,.T.);
#2151 = FACE_BOUND('',#2152,.T.);
#2152 = EDGE_LOOP('',(#2153,#2188,#2216,#2244));
#2153 = ORIENTED_EDGE('',*,*,#2154,.F.);
#2154 = EDGE_CURVE('',#2155,#2157,#2159,.T.);
#2155 = VERTEX_POINT('',#2156);
#2156 = CARTESIAN_POINT('',(16.63424180124,12.818034158867,-15.3));
#2157 = VERTEX_POINT('',#2158);
#2158 = CARTESIAN_POINT('',(14.735707797377,14.961915509397,-15.3));
#2159 = SURFACE_CURVE('',#2160,(#2165,#2177),.PCURVE_S1.);
#2160 = CIRCLE('',#2161,21.);
#2161 = AXIS2_PLACEMENT_3D('',#2162,#2163,#2164);
#2162 = CARTESIAN_POINT('',(-7.850974907612E-14,1.135858002963E-14,-15.3
    ));
#2163 = DIRECTION('',(1.508208300054E-15,-1.684502993918E-15,1.));
#2164 = DIRECTION('',(0.79210675244,0.610382578994,-1.664706968084E-16)
  );
#2165 = PCURVE('',#2166,#2171);
#2166 = CYLINDRICAL_SURFACE('',#2167,21.);
#2167 = AXIS2_PLACEMENT_3D('',#2168,#2169,#2170);
#2168 = CARTESIAN_POINT('',(-3.884387078471E-14,-3.294384871041E-14,11.)
  );
#2169 = DIRECTION('',(-1.508208300054E-15,1.684502993918E-15,-1.));
#2170 = DIRECTION('',(0.79210675244,0.610382578994,-1.664706968084E-16)
  );
#2171 = DEFINITIONAL_REPRESENTATION('',(#2172),#2176);
#2172 = LINE('',#2173,#2174);
#2173 = CARTESIAN_POINT('',(6.28318530718,26.3));
#2174 = VECTOR('',#2175,1.);
#2175 = DIRECTION('',(-1.,0.));
#2176 = ( GEOMETRIC_REPRESENTATION_CONTEXT(2) 
PARAMETRIC_REPRESENTATION_CONTEXT() REPRESENTATION_CONTEXT('2D SPACE',''
  ) );
#2177 = PCURVE('',#1235,#2178);
#2178 = DEFINITIONAL_REPRESENTATION('',(#2179),#2187);
#2179 = ( BOUNDED_CURVE() B_SPLINE_CURVE(2,(#2180,#2181,#2182,#2183,
#2184,#2185,#2186),.UNSPECIFIED.,.T.,.F.) B_SPLINE_CURVE_WITH_KNOTS((1,2
    ,2,2,2,1),(-2.094395102393,0.,2.094395102393,4.188790204786,
6.28318530718,8.377580409573),.UNSPECIFIED.) CURVE() 
GEOMETRIC_REPRESENTATION_ITEM() RATIONAL_B_SPLINE_CURVE((1.,0.5,1.,0.5,
1.,0.5,1.)) REPRESENTATION_ITEM('') );
#2180 = CARTESIAN_POINT('',(21.,-20.));
#2181 = CARTESIAN_POINT('',(21.,-56.37306695894));
#2182 = CARTESIAN_POINT('',(-10.5,-38.18653347947));
#2183 = CARTESIAN_POINT('',(-42.,-20.));
#2184 = CARTESIAN_POINT('',(-10.5,-1.813466520527));
#2185 = CARTESIAN_POINT('',(21.,16.373066958946));
#2186 = CARTESIAN_POINT('',(21.,-20.));
#2187 = ( GEOMETRIC_REPRESENTATION_CONTEXT(2) 
PARAMETRIC_REPRESENTATION_CONTEXT() REPRESENTATION_CONTEXT('2D SPACE',''
  ) );
#2188 = ORIENTED_EDGE('',*,*,#2189,.T.);
#2189 = EDGE_CURVE('',#2155,#2190,#2192,.T.);
#2190 = VERTEX_POINT('',#2191);
#2191 = CARTESIAN_POINT('',(16.63424180124,12.818034158867,-16.5));
#2192 = SURFACE_CURVE('',#2193,(#2197,#2204),.PCURVE_S1.);
#2193 = LINE('',#2194,#2195);
#2194 = CARTESIAN_POINT('',(16.63424180124,12.818034158867,11.));
#2195 = VECTOR('',#2196,1.);
#2196 = DIRECTION('',(-1.508208300054E-15,1.684502993918E-15,-1.));
#2197 = PCURVE('',#2166,#2198);
#2198 = DEFINITIONAL_REPRESENTATION('',(#2199),#2203);
#2199 = LINE('',#2200,#2201);
#2200 = CARTESIAN_POINT('',(6.28318530718,0.));
#2201 = VECTOR('',#2202,1.);
#2202 = DIRECTION('',(0.,1.));
#2203 = ( GEOMETRIC_REPRESENTATION_CONTEXT(2) 
PARAMETRIC_REPRESENTATION_CONTEXT() REPRESENTATION_CONTEXT('2D SPACE',''
  ) );
#2204 = PCURVE('',#2205,#2210);
#2205 = CYLINDRICAL_SURFACE('',#2206,21.);
#2206 = AXIS2_PLACEMENT_3D('',#2207,#2208,#2209);
#2207 = CARTESIAN_POINT('',(-3.884387078471E-14,-3.294384871041E-14,11.)
  );
#2208 = DIRECTION('',(-1.508208300054E-15,1.684502993918E-15,-1.));
#2209 = DIRECTION('',(0.79210675244,0.610382578994,-1.664706968084E-16)
  );
#2210 = DEFINITIONAL_REPRESENTATION('',(#2211),#2215);
#2211 = LINE('',#2212,#2213);
#2212 = CARTESIAN_POINT('',(0.,0.));
#2213 = VECTOR('',#2214,1.);
#2214 = DIRECTION('',(0.,1.));
#2215 = ( GEOMETRIC_REPRESENTATION_CONTEXT(2) 
PARAMETRIC_REPRESENTATION_CONTEXT() REPRESENTATION_CONTEXT('2D SPACE',''
  ) );
#2216 = ORIENTED_EDGE('',*,*,#2217,.F.);
#2217 = EDGE_CURVE('',#2218,#2190,#2220,.T.);
#2218 = VERTEX_POINT('',#2219);
#2219 = CARTESIAN_POINT('',(14.735707797377,14.961915509397,-16.5));
#2220 = SURFACE_CURVE('',#2221,(#2226,#2233),.PCURVE_S1.);
#2221 = CIRCLE('',#2222,21.);
#2222 = AXIS2_PLACEMENT_3D('',#2223,#2224,#2225);
#2223 = CARTESIAN_POINT('',(-8.031959903618E-14,1.337998362233E-14,-16.5
    ));
#2224 = DIRECTION('',(-1.508208300054E-15,1.684502993918E-15,-1.));
#2225 = DIRECTION('',(-0.79210675244,-0.610382578994,1.664706968084E-16)
  );
#2226 = PCURVE('',#2166,#2227);
#2227 = DEFINITIONAL_REPRESENTATION('',(#2228),#2232);
#2228 = LINE('',#2229,#2230);
#2229 = CARTESIAN_POINT('',(3.14159265359,27.5));
#2230 = VECTOR('',#2231,1.);
#2231 = DIRECTION('',(1.,0.));
#2232 = ( GEOMETRIC_REPRESENTATION_CONTEXT(2) 
PARAMETRIC_REPRESENTATION_CONTEXT() REPRESENTATION_CONTEXT('2D SPACE',''
  ) );
#2233 = PCURVE('',#1034,#2234);
#2234 = DEFINITIONAL_REPRESENTATION('',(#2235),#2243);
#2235 = ( BOUNDED_CURVE() B_SPLINE_CURVE(2,(#2236,#2237,#2238,#2239,
#2240,#2241,#2242),.UNSPECIFIED.,.T.,.F.) B_SPLINE_CURVE_WITH_KNOTS((1,2
    ,2,2,2,1),(-2.094395102393,0.,2.094395102393,4.188790204786,
6.28318530718,8.377580409573),.UNSPECIFIED.) CURVE() 
GEOMETRIC_REPRESENTATION_ITEM() RATIONAL_B_SPLINE_CURVE((1.,0.5,1.,0.5,
1.,0.5,1.)) REPRESENTATION_ITEM('') );
#2236 = CARTESIAN_POINT('',(21.,2.238209617644E-13));
#2237 = CARTESIAN_POINT('',(21.,-36.37306695894));
#2238 = CARTESIAN_POINT('',(-10.5,-18.18653347947));
#2239 = CARTESIAN_POINT('',(-42.,-4.527854400853E-13));
#2240 = CARTESIAN_POINT('',(-10.5,18.186533479473));
#2241 = CARTESIAN_POINT('',(21.,36.373066958947));
#2242 = CARTESIAN_POINT('',(21.,2.238209617644E-13));
#2243 = ( GEOMETRIC_REPRESENTATION_CONTEXT(2) 
PARAMETRIC_REPRESENTATION_CONTEXT() REPRESENTATION_CONTEXT('2D SPACE',''
  ) );
#2244 = ORIENTED_EDGE('',*,*,#2245,.T.);
#2245 = EDGE_CURVE('',#2218,#2157,#2246,.T.);
#2246 = SURFACE_CURVE('',#2247,(#2251,#2258),.PCURVE_S1.);
#2247 = LINE('',#2248,#2249);
#2248 = CARTESIAN_POINT('',(14.735707797377,14.961915509397,11.));
#2249 = VECTOR('',#2250,1.);
#2250 = DIRECTION('',(1.508208300054E-15,-1.684502993918E-15,1.));
#2251 = PCURVE('',#2166,#2252);
#2252 = DEFINITIONAL_REPRESENTATION('',(#2253),#2257);
#2253 = LINE('',#2254,#2255);
#2254 = CARTESIAN_POINT('',(6.146713750549,0.));
#2255 = VECTOR('',#2256,1.);
#2256 = DIRECTION('',(0.,-1.));
#2257 = ( GEOMETRIC_REPRESENTATION_CONTEXT(2) 
PARAMETRIC_REPRESENTATION_CONTEXT() REPRESENTATION_CONTEXT('2D SPACE',''
  ) );
#2258 = PCURVE('',#2259,#2264);
#2259 = CYLINDRICAL_SURFACE('',#2260,3.);
#2260 = AXIS2_PLACEMENT_3D('',#2261,#2262,#2263);
#2261 = CARTESIAN_POINT('',(16.840808911288,17.099332010739,11.));
#2262 = DIRECTION('',(-1.508208300054E-15,1.684502993918E-15,-1.));
#2263 = DIRECTION('',(0.79210675244,0.610382578994,-1.664706968084E-16)
  );
#2264 = DEFINITIONAL_REPRESENTATION('',(#2265),#2269);
#2265 = LINE('',#2266,#2267);
#2266 = CARTESIAN_POINT('',(3.005121096959,0.));
#2267 = VECTOR('',#2268,1.);
#2268 = DIRECTION('',(0.,-1.));
#2269 = ( GEOMETRIC_REPRESENTATION_CONTEXT(2) 
PARAMETRIC_REPRESENTATION_CONTEXT() REPRESENTATION_CONTEXT('2D SPACE',''
  ) );
#2270 = ADVANCED_FACE('',(#2271),#2286,.T.);
#2271 = FACE_BOUND('',#2272,.T.);
#2272 = EDGE_LOOP('',(#2273,#2308,#2336,#2360));
#2273 = ORIENTED_EDGE('',*,*,#2274,.T.);
#2274 = EDGE_CURVE('',#2275,#2277,#2279,.T.);
#2275 = VERTEX_POINT('',#2276);
#2276 = CARTESIAN_POINT('',(15.8421350488,12.207651579873,-16.5));
#2277 = VERTEX_POINT('',#2278);
#2278 = CARTESIAN_POINT('',(-15.8421350488,-12.20765157987,-16.5));
#2279 = SURFACE_CURVE('',#2280,(#2285,#2297),.PCURVE_S1.);
#2280 = CIRCLE('',#2281,20.);
#2281 = AXIS2_PLACEMENT_3D('',#2282,#2283,#2284);
#2282 = CARTESIAN_POINT('',(-8.031959903618E-14,1.337998362233E-14,-16.5
    ));
#2283 = DIRECTION('',(-1.508208300054E-15,1.684502993918E-15,-1.));
#2284 = DIRECTION('',(0.79210675244,0.610382578994,-1.664706968084E-16)
  );
#2285 = PCURVE('',#2286,#2291);
#2286 = CYLINDRICAL_SURFACE('',#2287,20.);
#2287 = AXIS2_PLACEMENT_3D('',#2288,#2289,#2290);
#2288 = CARTESIAN_POINT('',(-8.258191148626E-14,1.590673811321E-14,-18.)
  );
#2289 = DIRECTION('',(-1.508208300054E-15,1.684502993918E-15,-1.));
#2290 = DIRECTION('',(0.79210675244,0.610382578994,-1.664706968084E-16)
  );
#2291 = DEFINITIONAL_REPRESENTATION('',(#2292),#2296);
#2292 = LINE('',#2293,#2294);
#2293 = CARTESIAN_POINT('',(0.,-1.5));
#2294 = VECTOR('',#2295,1.);
#2295 = DIRECTION('',(1.,0.));
#2296 = ( GEOMETRIC_REPRESENTATION_CONTEXT(2) 
PARAMETRIC_REPRESENTATION_CONTEXT() REPRESENTATION_CONTEXT('2D SPACE',''
  ) );
#2297 = PCURVE('',#1034,#2298);
#2298 = DEFINITIONAL_REPRESENTATION('',(#2299),#2307);
#2299 = ( BOUNDED_CURVE() B_SPLINE_CURVE(2,(#2300,#2301,#2302,#2303,
#2304,#2305,#2306),.UNSPECIFIED.,.T.,.F.) B_SPLINE_CURVE_WITH_KNOTS((1,2
    ,2,2,2,1),(-2.094395102393,0.,2.094395102393,4.188790204786,
6.28318530718,8.377580409573),.UNSPECIFIED.) CURVE() 
GEOMETRIC_REPRESENTATION_ITEM() RATIONAL_B_SPLINE_CURVE((1.,0.5,1.,0.5,
1.,0.5,1.)) REPRESENTATION_ITEM('') );
#2300 = CARTESIAN_POINT('',(-20.,0.));
#2301 = CARTESIAN_POINT('',(-20.,34.641016151378));
#2302 = CARTESIAN_POINT('',(10.,17.320508075689));
#2303 = CARTESIAN_POINT('',(40.,4.898587196589E-15));
#2304 = CARTESIAN_POINT('',(10.,-17.32050807568));
#2305 = CARTESIAN_POINT('',(-20.,-34.64101615137));
#2306 = CARTESIAN_POINT('',(-20.,0.));
#2307 = ( GEOMETRIC_REPRESENTATION_CONTEXT(2) 
PARAMETRIC_REPRESENTATION_CONTEXT() REPRESENTATION_CONTEXT('2D SPACE',''
  ) );
#2308 = ORIENTED_EDGE('',*,*,#2309,.T.);
#2309 = EDGE_CURVE('',#2277,#2310,#2312,.T.);
#2310 = VERTEX_POINT('',#2311);
#2311 = CARTESIAN_POINT('',(-15.8421350488,-12.20765157987,-18.));
#2312 = SURFACE_CURVE('',#2313,(#2317,#2324),.PCURVE_S1.);
#2313 = LINE('',#2314,#2315);
#2314 = CARTESIAN_POINT('',(-15.8421350488,-12.20765157987,-18.));
#2315 = VECTOR('',#2316,1.);
#2316 = DIRECTION('',(-1.508208300054E-15,1.684502993918E-15,-1.));
#2317 = PCURVE('',#2286,#2318);
#2318 = DEFINITIONAL_REPRESENTATION('',(#2319),#2323);
#2319 = LINE('',#2320,#2321);
#2320 = CARTESIAN_POINT('',(3.14159265359,0.));
#2321 = VECTOR('',#2322,1.);
#2322 = DIRECTION('',(0.,1.));
#2323 = ( GEOMETRIC_REPRESENTATION_CONTEXT(2) 
PARAMETRIC_REPRESENTATION_CONTEXT() REPRESENTATION_CONTEXT('2D SPACE',''
  ) );
#2324 = PCURVE('',#2325,#2330);
#2325 = CYLINDRICAL_SURFACE('',#2326,20.);
#2326 = AXIS2_PLACEMENT_3D('',#2327,#2328,#2329);
#2327 = CARTESIAN_POINT('',(-8.258191148626E-14,1.590673811321E-14,-18.)
  );
#2328 = DIRECTION('',(-1.508208300054E-15,1.684502993918E-15,-1.));
#2329 = DIRECTION('',(0.79210675244,0.610382578994,-1.664706968084E-16)
  );
#2330 = DEFINITIONAL_REPRESENTATION('',(#2331),#2335);
#2331 = LINE('',#2332,#2333);
#2332 = CARTESIAN_POINT('',(3.14159265359,0.));
#2333 = VECTOR('',#2334,1.);
#2334 = DIRECTION('',(0.,1.));
#2335 = ( GEOMETRIC_REPRESENTATION_CONTEXT(2) 
PARAMETRIC_REPRESENTATION_CONTEXT() REPRESENTATION_CONTEXT('2D SPACE',''
  ) );
#2336 = ORIENTED_EDGE('',*,*,#2337,.F.);
#2337 = EDGE_CURVE('',#2338,#2310,#2340,.T.);
#2338 = VERTEX_POINT('',#2339);
#2339 = CARTESIAN_POINT('',(15.8421350488,12.207651579873,-18.));
#2340 = SURFACE_CURVE('',#2341,(#2346,#2353),.PCURVE_S1.);
#2341 = CIRCLE('',#2342,20.);
#2342 = AXIS2_PLACEMENT_3D('',#2343,#2344,#2345);
#2343 = CARTESIAN_POINT('',(-8.258191148626E-14,1.590673811321E-14,-18.)
  );
#2344 = DIRECTION('',(-1.508208300054E-15,1.684502993918E-15,-1.));
#2345 = DIRECTION('',(0.79210675244,0.610382578994,-1.664706968084E-16)
  );
#2346 = PCURVE('',#2286,#2347);
#2347 = DEFINITIONAL_REPRESENTATION('',(#2348),#2352);
#2348 = LINE('',#2349,#2350);
#2349 = CARTESIAN_POINT('',(0.,-2.442490654175E-15));
#2350 = VECTOR('',#2351,1.);
#2351 = DIRECTION('',(1.,0.));
#2352 = ( GEOMETRIC_REPRESENTATION_CONTEXT(2) 
PARAMETRIC_REPRESENTATION_CONTEXT() REPRESENTATION_CONTEXT('2D SPACE',''
  ) );
#2353 = PCURVE('',#687,#2354);
#2354 = DEFINITIONAL_REPRESENTATION('',(#2355),#2359);
#2355 = CIRCLE('',#2356,20.);
#2356 = AXIS2_PLACEMENT_2D('',#2357,#2358);
#2357 = CARTESIAN_POINT('',(0.,-20.));
#2358 = DIRECTION('',(1.,0.));
#2359 = ( GEOMETRIC_REPRESENTATION_CONTEXT(2) 
PARAMETRIC_REPRESENTATION_CONTEXT() REPRESENTATION_CONTEXT('2D SPACE',''
  ) );
#2360 = ORIENTED_EDGE('',*,*,#2361,.F.);
#2361 = EDGE_CURVE('',#2275,#2338,#2362,.T.);
#2362 = SURFACE_CURVE('',#2363,(#2367,#2374),.PCURVE_S1.);
#2363 = LINE('',#2364,#2365);
#2364 = CARTESIAN_POINT('',(15.8421350488,12.207651579873,-18.));
#2365 = VECTOR('',#2366,1.);
#2366 = DIRECTION('',(-1.508208300054E-15,1.684502993918E-15,-1.));
#2367 = PCURVE('',#2286,#2368);
#2368 = DEFINITIONAL_REPRESENTATION('',(#2369),#2373);
#2369 = LINE('',#2370,#2371);
#2370 = CARTESIAN_POINT('',(0.,0.));
#2371 = VECTOR('',#2372,1.);
#2372 = DIRECTION('',(0.,1.));
#2373 = ( GEOMETRIC_REPRESENTATION_CONTEXT(2) 
PARAMETRIC_REPRESENTATION_CONTEXT() REPRESENTATION_CONTEXT('2D SPACE',''
  ) );
#2374 = PCURVE('',#2325,#2375);
#2375 = DEFINITIONAL_REPRESENTATION('',(#2376),#2380);
#2376 = LINE('',#2377,#2378);
#2377 = CARTESIAN_POINT('',(6.28318530718,0.));
#2378 = VECTOR('',#2379,1.);
#2379 = DIRECTION('',(0.,1.));
#2380 = ( GEOMETRIC_REPRESENTATION_CONTEXT(2) 
PARAMETRIC_REPRESENTATION_CONTEXT() REPRESENTATION_CONTEXT('2D SPACE',''
  ) );
#2381 = ADVANCED_FACE('',(#2382),#2396,.F.);
#2382 = FACE_BOUND('',#2383,.F.);
#2383 = EDGE_LOOP('',(#2384,#2419,#2443,#2466));
#2384 = ORIENTED_EDGE('',*,*,#2385,.T.);
#2385 = EDGE_CURVE('',#2386,#2388,#2390,.T.);
#2386 = VERTEX_POINT('',#2387);
#2387 = CARTESIAN_POINT('',(14.891606945872,11.475192485081,-15.3));
#2388 = VERTEX_POINT('',#2389);
#2389 = CARTESIAN_POINT('',(14.891606945872,11.475192485081,-16.8));
#2390 = SURFACE_CURVE('',#2391,(#2395,#2407),.PCURVE_S1.);
#2391 = LINE('',#2392,#2393);
#2392 = CARTESIAN_POINT('',(14.891606945872,11.475192485081,-18.));
#2393 = VECTOR('',#2394,1.);
#2394 = DIRECTION('',(-1.508208300054E-15,1.684502993918E-15,-1.));
#2395 = PCURVE('',#2396,#2401);
#2396 = CYLINDRICAL_SURFACE('',#2397,18.8);
#2397 = AXIS2_PLACEMENT_3D('',#2398,#2399,#2400);
#2398 = CARTESIAN_POINT('',(-8.258191148626E-14,1.590673811321E-14,-18.)
  );
#2399 = DIRECTION('',(-1.508208300054E-15,1.684502993918E-15,-1.));
#2400 = DIRECTION('',(0.79210675244,0.610382578994,-1.664706968084E-16)
  );
#2401 = DEFINITIONAL_REPRESENTATION('',(#2402),#2406);
#2402 = LINE('',#2403,#2404);
#2403 = CARTESIAN_POINT('',(6.28318530718,0.));
#2404 = VECTOR('',#2405,1.);
#2405 = DIRECTION('',(0.,1.));
#2406 = ( GEOMETRIC_REPRESENTATION_CONTEXT(2) 
PARAMETRIC_REPRESENTATION_CONTEXT() REPRESENTATION_CONTEXT('2D SPACE',''
  ) );
#2407 = PCURVE('',#2408,#2413);
#2408 = CYLINDRICAL_SURFACE('',#2409,18.8);
#2409 = AXIS2_PLACEMENT_3D('',#2410,#2411,#2412);
#2410 = CARTESIAN_POINT('',(-8.258191148626E-14,1.590673811321E-14,-18.)
  );
#2411 = DIRECTION('',(-1.508208300054E-15,1.684502993918E-15,-1.));
#2412 = DIRECTION('',(0.79210675244,0.610382578994,-1.664706968084E-16)
  );
#2413 = DEFINITIONAL_REPRESENTATION('',(#2414),#2418);
#2414 = LINE('',#2415,#2416);
#2415 = CARTESIAN_POINT('',(0.,0.));
#2416 = VECTOR('',#2417,1.);
#2417 = DIRECTION('',(0.,1.));
#2418 = ( GEOMETRIC_REPRESENTATION_CONTEXT(2) 
PARAMETRIC_REPRESENTATION_CONTEXT() REPRESENTATION_CONTEXT('2D SPACE',''
  ) );
#2419 = ORIENTED_EDGE('',*,*,#2420,.F.);
#2420 = EDGE_CURVE('',#2421,#2388,#2423,.T.);
#2421 = VERTEX_POINT('',#2422);
#2422 = CARTESIAN_POINT('',(-14.89160694587,-11.47519248508,-16.8));
#2423 = SURFACE_CURVE('',#2424,(#2429,#2436),.PCURVE_S1.);
#2424 = CIRCLE('',#2425,18.8);
#2425 = AXIS2_PLACEMENT_3D('',#2426,#2427,#2428);
#2426 = CARTESIAN_POINT('',(-8.07720615262E-14,1.388533452051E-14,-16.8)
  );
#2427 = DIRECTION('',(-1.508208300054E-15,1.684502993918E-15,-1.));
#2428 = DIRECTION('',(0.79210675244,0.610382578994,-1.664706968084E-16)
  );
#2429 = PCURVE('',#2396,#2430);
#2430 = DEFINITIONAL_REPRESENTATION('',(#2431),#2435);
#2431 = LINE('',#2432,#2433);
#2432 = CARTESIAN_POINT('',(0.,-1.2));
#2433 = VECTOR('',#2434,1.);
#2434 = DIRECTION('',(1.,0.));
#2435 = ( GEOMETRIC_REPRESENTATION_CONTEXT(2) 
PARAMETRIC_REPRESENTATION_CONTEXT() REPRESENTATION_CONTEXT('2D SPACE',''
  ) );
#2436 = PCURVE('',#73,#2437);
#2437 = DEFINITIONAL_REPRESENTATION('',(#2438),#2442);
#2438 = CIRCLE('',#2439,18.8);
#2439 = AXIS2_PLACEMENT_2D('',#2440,#2441);
#2440 = CARTESIAN_POINT('',(0.,-20.));
#2441 = DIRECTION('',(1.,0.));
#2442 = ( GEOMETRIC_REPRESENTATION_CONTEXT(2) 
PARAMETRIC_REPRESENTATION_CONTEXT() REPRESENTATION_CONTEXT('2D SPACE',''
  ) );
#2443 = ORIENTED_EDGE('',*,*,#2444,.F.);
#2444 = EDGE_CURVE('',#2445,#2421,#2447,.T.);
#2445 = VERTEX_POINT('',#2446);
#2446 = CARTESIAN_POINT('',(-14.89160694587,-11.47519248508,-15.3));
#2447 = SURFACE_CURVE('',#2448,(#2452,#2459),.PCURVE_S1.);
#2448 = LINE('',#2449,#2450);
#2449 = CARTESIAN_POINT('',(-14.89160694587,-11.47519248508,-18.));
#2450 = VECTOR('',#2451,1.);
#2451 = DIRECTION('',(-1.508208300054E-15,1.684502993918E-15,-1.));
#2452 = PCURVE('',#2396,#2453);
#2453 = DEFINITIONAL_REPRESENTATION('',(#2454),#2458);
#2454 = LINE('',#2455,#2456);
#2455 = CARTESIAN_POINT('',(3.14159265359,0.));
#2456 = VECTOR('',#2457,1.);
#2457 = DIRECTION('',(0.,1.));
#2458 = ( GEOMETRIC_REPRESENTATION_CONTEXT(2) 
PARAMETRIC_REPRESENTATION_CONTEXT() REPRESENTATION_CONTEXT('2D SPACE',''
  ) );
#2459 = PCURVE('',#2408,#2460);
#2460 = DEFINITIONAL_REPRESENTATION('',(#2461),#2465);
#2461 = LINE('',#2462,#2463);
#2462 = CARTESIAN_POINT('',(3.14159265359,0.));
#2463 = VECTOR('',#2464,1.);
#2464 = DIRECTION('',(0.,1.));
#2465 = ( GEOMETRIC_REPRESENTATION_CONTEXT(2) 
PARAMETRIC_REPRESENTATION_CONTEXT() REPRESENTATION_CONTEXT('2D SPACE',''
  ) );
#2466 = ORIENTED_EDGE('',*,*,#2467,.T.);
#2467 = EDGE_CURVE('',#2445,#2386,#2468,.T.);
#2468 = SURFACE_CURVE('',#2469,(#2474,#2481),.PCURVE_S1.);
#2469 = CIRCLE('',#2470,18.8);
#2470 = AXIS2_PLACEMENT_3D('',#2471,#2472,#2473);
#2471 = CARTESIAN_POINT('',(-7.850974907612E-14,1.135858002963E-14,-15.3
    ));
#2472 = DIRECTION('',(-1.508208300054E-15,1.684502993918E-15,-1.));
#2473 = DIRECTION('',(0.79210675244,0.610382578994,-1.664706968084E-16)
  );
#2474 = PCURVE('',#2396,#2475);
#2475 = DEFINITIONAL_REPRESENTATION('',(#2476),#2480);
#2476 = LINE('',#2477,#2478);
#2477 = CARTESIAN_POINT('',(0.,-2.7));
#2478 = VECTOR('',#2479,1.);
#2479 = DIRECTION('',(1.,0.));
#2480 = ( GEOMETRIC_REPRESENTATION_CONTEXT(2) 
PARAMETRIC_REPRESENTATION_CONTEXT() REPRESENTATION_CONTEXT('2D SPACE',''
  ) );
#2481 = PCURVE('',#1235,#2482);
#2482 = DEFINITIONAL_REPRESENTATION('',(#2483),#2487);
#2483 = CIRCLE('',#2484,18.8);
#2484 = AXIS2_PLACEMENT_2D('',#2485,#2486);
#2485 = CARTESIAN_POINT('',(0.,-20.));
#2486 = DIRECTION('',(1.,0.));
#2487 = ( GEOMETRIC_REPRESENTATION_CONTEXT(2) 
PARAMETRIC_REPRESENTATION_CONTEXT() REPRESENTATION_CONTEXT('2D SPACE',''
  ) );
#2488 = ADVANCED_FACE('',(#2489),#1096,.T.);
#2489 = FACE_BOUND('',#2490,.T.);
#2490 = EDGE_LOOP('',(#2491,#2522,#2548,#2549));
#2491 = ORIENTED_EDGE('',*,*,#2492,.F.);
#2492 = EDGE_CURVE('',#2493,#2495,#2497,.T.);
#2493 = VERTEX_POINT('',#2494);
#2494 = CARTESIAN_POINT('',(-27.7237363354,-21.36339026477,-3.5));
#2495 = VERTEX_POINT('',#2496);
#2496 = CARTESIAN_POINT('',(27.7237363354,21.363390264778,-3.5));
#2497 = SURFACE_CURVE('',#2498,(#2503,#2510),.PCURVE_S1.);
#2498 = CIRCLE('',#2499,35.);
#2499 = AXIS2_PLACEMENT_3D('',#2500,#2501,#2502);
#2500 = CARTESIAN_POINT('',(-6.071289113548E-14,-8.518555298601E-15,-3.5
    ));
#2501 = DIRECTION('',(1.508208300054E-15,-1.684502993918E-15,1.));
#2502 = DIRECTION('',(-0.79210675244,-0.610382578994,1.664706968084E-16)
  );
#2503 = PCURVE('',#1096,#2504);
#2504 = DEFINITIONAL_REPRESENTATION('',(#2505),#2509);
#2505 = LINE('',#2506,#2507);
#2506 = CARTESIAN_POINT('',(3.14159265359,0.));
#2507 = VECTOR('',#2508,1.);
#2508 = DIRECTION('',(-1.,0.));
#2509 = ( GEOMETRIC_REPRESENTATION_CONTEXT(2) 
PARAMETRIC_REPRESENTATION_CONTEXT() REPRESENTATION_CONTEXT('2D SPACE',''
  ) );
#2510 = PCURVE('',#2511,#2516);
#2511 = PLANE('',#2512);
#2512 = AXIS2_PLACEMENT_3D('',#2513,#2514,#2515);
#2513 = CARTESIAN_POINT('',(-6.071289113548E-14,-8.518555298601E-15,-3.5
    ));
#2514 = DIRECTION('',(1.508208300054E-15,-1.684502993918E-15,1.));
#2515 = DIRECTION('',(-0.79210675244,-0.610382578994,1.664706968084E-16)
  );
#2516 = DEFINITIONAL_REPRESENTATION('',(#2517),#2521);
#2517 = CIRCLE('',#2518,35.);
#2518 = AXIS2_PLACEMENT_2D('',#2519,#2520);
#2519 = CARTESIAN_POINT('',(0.,0.));
#2520 = DIRECTION('',(1.,0.));
#2521 = ( GEOMETRIC_REPRESENTATION_CONTEXT(2) 
PARAMETRIC_REPRESENTATION_CONTEXT() REPRESENTATION_CONTEXT('2D SPACE',''
  ) );
#2522 = ORIENTED_EDGE('',*,*,#2523,.T.);
#2523 = EDGE_CURVE('',#2493,#1080,#2524,.T.);
#2524 = SURFACE_CURVE('',#2525,(#2529,#2536),.PCURVE_S1.);
#2525 = LINE('',#2526,#2527);
#2526 = CARTESIAN_POINT('',(-27.7237363354,-21.36339026477,-3.5));
#2527 = VECTOR('',#2528,1.);
#2528 = DIRECTION('',(-1.508208300054E-15,1.684502993918E-15,-1.));
#2529 = PCURVE('',#1096,#2530);
#2530 = DEFINITIONAL_REPRESENTATION('',(#2531),#2535);
#2531 = LINE('',#2532,#2533);
#2532 = CARTESIAN_POINT('',(3.14159265359,0.));
#2533 = VECTOR('',#2534,1.);
#2534 = DIRECTION('',(0.,1.));
#2535 = ( GEOMETRIC_REPRESENTATION_CONTEXT(2) 
PARAMETRIC_REPRESENTATION_CONTEXT() REPRESENTATION_CONTEXT('2D SPACE',''
  ) );
#2536 = PCURVE('',#2537,#2542);
#2537 = CYLINDRICAL_SURFACE('',#2538,35.);
#2538 = AXIS2_PLACEMENT_3D('',#2539,#2540,#2541);
#2539 = CARTESIAN_POINT('',(-6.071289113548E-14,-8.518555298601E-15,-3.5
    ));
#2540 = DIRECTION('',(-1.508208300054E-15,1.684502993918E-15,-1.));
#2541 = DIRECTION('',(0.79210675244,0.610382578994,-1.664706968084E-16)
  );
#2542 = DEFINITIONAL_REPRESENTATION('',(#2543),#2547);
#2543 = LINE('',#2544,#2545);
#2544 = CARTESIAN_POINT('',(3.14159265359,0.));
#2545 = VECTOR('',#2546,1.);
#2546 = DIRECTION('',(0.,1.));
#2547 = ( GEOMETRIC_REPRESENTATION_CONTEXT(2) 
PARAMETRIC_REPRESENTATION_CONTEXT() REPRESENTATION_CONTEXT('2D SPACE',''
  ) );
#2548 = ORIENTED_EDGE('',*,*,#1079,.T.);
#2549 = ORIENTED_EDGE('',*,*,#2550,.F.);
#2550 = EDGE_CURVE('',#2495,#1051,#2551,.T.);
#2551 = SURFACE_CURVE('',#2552,(#2556,#2563),.PCURVE_S1.);
#2552 = LINE('',#2553,#2554);
#2553 = CARTESIAN_POINT('',(27.7237363354,21.363390264778,-3.5));
#2554 = VECTOR('',#2555,1.);
#2555 = DIRECTION('',(-1.508208300054E-15,1.684502993918E-15,-1.));
#2556 = PCURVE('',#1096,#2557);
#2557 = DEFINITIONAL_REPRESENTATION('',(#2558),#2562);
#2558 = LINE('',#2559,#2560);
#2559 = CARTESIAN_POINT('',(0.,0.));
#2560 = VECTOR('',#2561,1.);
#2561 = DIRECTION('',(0.,1.));
#2562 = ( GEOMETRIC_REPRESENTATION_CONTEXT(2) 
PARAMETRIC_REPRESENTATION_CONTEXT() REPRESENTATION_CONTEXT('2D SPACE',''
  ) );
#2563 = PCURVE('',#2537,#2564);
#2564 = DEFINITIONAL_REPRESENTATION('',(#2565),#2569);
#2565 = LINE('',#2566,#2567);
#2566 = CARTESIAN_POINT('',(6.28318530718,0.));
#2567 = VECTOR('',#2568,1.);
#2568 = DIRECTION('',(0.,1.));
#2569 = ( GEOMETRIC_REPRESENTATION_CONTEXT(2) 
PARAMETRIC_REPRESENTATION_CONTEXT() REPRESENTATION_CONTEXT('2D SPACE',''
  ) );
#2570 = ADVANCED_FACE('',(#2571),#2585,.F.);
#2571 = FACE_BOUND('',#2572,.F.);
#2572 = EDGE_LOOP('',(#2573,#2608,#2632,#2655));
#2573 = ORIENTED_EDGE('',*,*,#2574,.T.);
#2574 = EDGE_CURVE('',#2575,#2577,#2579,.T.);
#2575 = VERTEX_POINT('',#2576);
#2576 = CARTESIAN_POINT('',(26.773208232472,20.630931169986,-3.5));
#2577 = VERTEX_POINT('',#2578);
#2578 = CARTESIAN_POINT('',(26.773208232472,20.630931169986,-15.3));
#2579 = SURFACE_CURVE('',#2580,(#2584,#2596),.PCURVE_S1.);
#2580 = LINE('',#2581,#2582);
#2581 = CARTESIAN_POINT('',(26.773208232472,20.630931169986,-3.5));
#2582 = VECTOR('',#2583,1.);
#2583 = DIRECTION('',(-1.508208300054E-15,1.684502993918E-15,-1.));
#2584 = PCURVE('',#2585,#2590);
#2585 = CYLINDRICAL_SURFACE('',#2586,33.8);
#2586 = AXIS2_PLACEMENT_3D('',#2587,#2588,#2589);
#2587 = CARTESIAN_POINT('',(-6.071289113548E-14,-8.518555298601E-15,-3.5
    ));
#2588 = DIRECTION('',(-1.508208300054E-15,1.684502993918E-15,-1.));
#2589 = DIRECTION('',(0.79210675244,0.610382578994,-1.664706968084E-16)
  );
#2590 = DEFINITIONAL_REPRESENTATION('',(#2591),#2595);
#2591 = LINE('',#2592,#2593);
#2592 = CARTESIAN_POINT('',(6.28318530718,0.));
#2593 = VECTOR('',#2594,1.);
#2594 = DIRECTION('',(0.,1.));
#2595 = ( GEOMETRIC_REPRESENTATION_CONTEXT(2) 
PARAMETRIC_REPRESENTATION_CONTEXT() REPRESENTATION_CONTEXT('2D SPACE',''
  ) );
#2596 = PCURVE('',#2597,#2602);
#2597 = CYLINDRICAL_SURFACE('',#2598,33.8);
#2598 = AXIS2_PLACEMENT_3D('',#2599,#2600,#2601);
#2599 = CARTESIAN_POINT('',(-6.071289113548E-14,-8.518555298601E-15,-3.5
    ));
#2600 = DIRECTION('',(-1.508208300054E-15,1.684502993918E-15,-1.));
#2601 = DIRECTION('',(0.79210675244,0.610382578994,-1.664706968084E-16)
  );
#2602 = DEFINITIONAL_REPRESENTATION('',(#2603),#2607);
#2603 = LINE('',#2604,#2605);
#2604 = CARTESIAN_POINT('',(0.,0.));
#2605 = VECTOR('',#2606,1.);
#2606 = DIRECTION('',(0.,1.));
#2607 = ( GEOMETRIC_REPRESENTATION_CONTEXT(2) 
PARAMETRIC_REPRESENTATION_CONTEXT() REPRESENTATION_CONTEXT('2D SPACE',''
  ) );
#2608 = ORIENTED_EDGE('',*,*,#2609,.F.);
#2609 = EDGE_CURVE('',#2610,#2577,#2612,.T.);
#2610 = VERTEX_POINT('',#2611);
#2611 = CARTESIAN_POINT('',(-26.77320823247,-20.63093116998,-15.3));
#2612 = SURFACE_CURVE('',#2613,(#2618,#2625),.PCURVE_S1.);
#2613 = CIRCLE('',#2614,33.8);
#2614 = AXIS2_PLACEMENT_3D('',#2615,#2616,#2617);
#2615 = CARTESIAN_POINT('',(-7.850974907612E-14,1.135858002963E-14,-15.3
    ));
#2616 = DIRECTION('',(-1.508208300054E-15,1.684502993918E-15,-1.));
#2617 = DIRECTION('',(0.79210675244,0.610382578994,-1.664706968084E-16)
  );
#2618 = PCURVE('',#2585,#2619);
#2619 = DEFINITIONAL_REPRESENTATION('',(#2620),#2624);
#2620 = LINE('',#2621,#2622);
#2621 = CARTESIAN_POINT('',(0.,11.8));
#2622 = VECTOR('',#2623,1.);
#2623 = DIRECTION('',(1.,0.));
#2624 = ( GEOMETRIC_REPRESENTATION_CONTEXT(2) 
PARAMETRIC_REPRESENTATION_CONTEXT() REPRESENTATION_CONTEXT('2D SPACE',''
  ) );
#2625 = PCURVE('',#1235,#2626);
#2626 = DEFINITIONAL_REPRESENTATION('',(#2627),#2631);
#2627 = CIRCLE('',#2628,33.8);
#2628 = AXIS2_PLACEMENT_2D('',#2629,#2630);
#2629 = CARTESIAN_POINT('',(0.,-20.));
#2630 = DIRECTION('',(1.,0.));
#2631 = ( GEOMETRIC_REPRESENTATION_CONTEXT(2) 
PARAMETRIC_REPRESENTATION_CONTEXT() REPRESENTATION_CONTEXT('2D SPACE',''
  ) );
#2632 = ORIENTED_EDGE('',*,*,#2633,.F.);
#2633 = EDGE_CURVE('',#2634,#2610,#2636,.T.);
#2634 = VERTEX_POINT('',#2635);
#2635 = CARTESIAN_POINT('',(-26.77320823247,-20.63093116998,-3.5));
#2636 = SURFACE_CURVE('',#2637,(#2641,#2648),.PCURVE_S1.);
#2637 = LINE('',#2638,#2639);
#2638 = CARTESIAN_POINT('',(-26.77320823247,-20.63093116998,-3.5));
#2639 = VECTOR('',#2640,1.);
#2640 = DIRECTION('',(-1.508208300054E-15,1.684502993918E-15,-1.));
#2641 = PCURVE('',#2585,#2642);
#2642 = DEFINITIONAL_REPRESENTATION('',(#2643),#2647);
#2643 = LINE('',#2644,#2645);
#2644 = CARTESIAN_POINT('',(3.14159265359,0.));
#2645 = VECTOR('',#2646,1.);
#2646 = DIRECTION('',(0.,1.));
#2647 = ( GEOMETRIC_REPRESENTATION_CONTEXT(2) 
PARAMETRIC_REPRESENTATION_CONTEXT() REPRESENTATION_CONTEXT('2D SPACE',''
  ) );
#2648 = PCURVE('',#2597,#2649);
#2649 = DEFINITIONAL_REPRESENTATION('',(#2650),#2654);
#2650 = LINE('',#2651,#2652);
#2651 = CARTESIAN_POINT('',(3.14159265359,0.));
#2652 = VECTOR('',#2653,1.);
#2653 = DIRECTION('',(0.,1.));
#2654 = ( GEOMETRIC_REPRESENTATION_CONTEXT(2) 
PARAMETRIC_REPRESENTATION_CONTEXT() REPRESENTATION_CONTEXT('2D SPACE',''
  ) );
#2655 = ORIENTED_EDGE('',*,*,#2656,.F.);
#2656 = EDGE_CURVE('',#2575,#2634,#2657,.T.);
#2657 = SURFACE_CURVE('',#2658,(#2663,#2670),.PCURVE_S1.);
#2658 = CIRCLE('',#2659,33.8);
#2659 = AXIS2_PLACEMENT_3D('',#2660,#2661,#2662);
#2660 = CARTESIAN_POINT('',(-6.071289113548E-14,-8.518555298601E-15,-3.5
    ));
#2661 = DIRECTION('',(1.508208300054E-15,-1.684502993918E-15,1.));
#2662 = DIRECTION('',(0.610382578994,-0.79210675244,-2.254890267834E-15)
  );
#2663 = PCURVE('',#2585,#2664);
#2664 = DEFINITIONAL_REPRESENTATION('',(#2665),#2669);
#2665 = LINE('',#2666,#2667);
#2666 = CARTESIAN_POINT('',(7.853981633974,0.));
#2667 = VECTOR('',#2668,1.);
#2668 = DIRECTION('',(-1.,0.));
#2669 = ( GEOMETRIC_REPRESENTATION_CONTEXT(2) 
PARAMETRIC_REPRESENTATION_CONTEXT() REPRESENTATION_CONTEXT('2D SPACE',''
  ) );
#2670 = PCURVE('',#2511,#2671);
#2671 = DEFINITIONAL_REPRESENTATION('',(#2672),#2676);
#2672 = CIRCLE('',#2673,33.8);
#2673 = AXIS2_PLACEMENT_2D('',#2674,#2675);
#2674 = CARTESIAN_POINT('',(0.,0.));
#2675 = DIRECTION('',(0.,1.));
#2676 = ( GEOMETRIC_REPRESENTATION_CONTEXT(2) 
PARAMETRIC_REPRESENTATION_CONTEXT() REPRESENTATION_CONTEXT('2D SPACE',''
  ) );
#2677 = ADVANCED_FACE('',(#2678,#2703,#2728,#2753,#2778,#2803),#73,.F.);
#2678 = FACE_BOUND('',#2679,.T.);
#2679 = EDGE_LOOP('',(#2680,#2681));
#2680 = ORIENTED_EDGE('',*,*,#397,.T.);
#2681 = ORIENTED_EDGE('',*,*,#2682,.T.);
#2682 = EDGE_CURVE('',#398,#365,#2683,.T.);
#2683 = SURFACE_CURVE('',#2684,(#2689,#2696),.PCURVE_S1.);
#2684 = CIRCLE('',#2685,2.3);
#2685 = AXIS2_PLACEMENT_3D('',#2686,#2687,#2688);
#2686 = CARTESIAN_POINT('',(-7.12896077196,-5.493443210943,-16.8));
#2687 = DIRECTION('',(-1.508208300054E-15,1.684502993918E-15,-1.));
#2688 = DIRECTION('',(0.79210675244,0.610382578994,-1.664706968084E-16)
  );
#2689 = PCURVE('',#73,#2690);
#2690 = DEFINITIONAL_REPRESENTATION('',(#2691),#2695);
#2691 = CIRCLE('',#2692,2.3);
#2692 = AXIS2_PLACEMENT_2D('',#2693,#2694);
#2693 = CARTESIAN_POINT('',(-9.,-20.));
#2694 = DIRECTION('',(1.,0.));
#2695 = ( GEOMETRIC_REPRESENTATION_CONTEXT(2) 
PARAMETRIC_REPRESENTATION_CONTEXT() REPRESENTATION_CONTEXT('2D SPACE',''
  ) );
#2696 = PCURVE('',#385,#2697);
#2697 = DEFINITIONAL_REPRESENTATION('',(#2698),#2702);
#2698 = LINE('',#2699,#2700);
#2699 = CARTESIAN_POINT('',(3.14159265359,6.661338147751E-16));
#2700 = VECTOR('',#2701,1.);
#2701 = DIRECTION('',(-1.,0.));
#2702 = ( GEOMETRIC_REPRESENTATION_CONTEXT(2) 
PARAMETRIC_REPRESENTATION_CONTEXT() REPRESENTATION_CONTEXT('2D SPACE',''
  ) );
#2703 = FACE_BOUND('',#2704,.T.);
#2704 = EDGE_LOOP('',(#2705,#2706));
#2705 = ORIENTED_EDGE('',*,*,#285,.T.);
#2706 = ORIENTED_EDGE('',*,*,#2707,.T.);
#2707 = EDGE_CURVE('',#286,#253,#2708,.T.);
#2708 = SURFACE_CURVE('',#2709,(#2714,#2721),.PCURVE_S1.);
#2709 = CIRCLE('',#2710,2.3);
#2710 = AXIS2_PLACEMENT_3D('',#2711,#2712,#2713);
#2711 = CARTESIAN_POINT('',(-5.493443210943,7.12896077196,-16.8));
#2712 = DIRECTION('',(-1.508208300054E-15,1.684502993918E-15,-1.));
#2713 = DIRECTION('',(0.79210675244,0.610382578994,-1.664706968084E-16)
  );
#2714 = PCURVE('',#73,#2715);
#2715 = DEFINITIONAL_REPRESENTATION('',(#2716),#2720);
#2716 = CIRCLE('',#2717,2.3);
#2717 = AXIS2_PLACEMENT_2D('',#2718,#2719);
#2718 = CARTESIAN_POINT('',(-5.632842070646E-15,-29.));
#2719 = DIRECTION('',(1.,0.));
#2720 = ( GEOMETRIC_REPRESENTATION_CONTEXT(2) 
PARAMETRIC_REPRESENTATION_CONTEXT() REPRESENTATION_CONTEXT('2D SPACE',''
  ) );
#2721 = PCURVE('',#273,#2722);
#2722 = DEFINITIONAL_REPRESENTATION('',(#2723),#2727);
#2723 = LINE('',#2724,#2725);
#2724 = CARTESIAN_POINT('',(3.14159265359,4.440892098501E-16));
#2725 = VECTOR('',#2726,1.);
#2726 = DIRECTION('',(-1.,0.));
#2727 = ( GEOMETRIC_REPRESENTATION_CONTEXT(2) 
PARAMETRIC_REPRESENTATION_CONTEXT() REPRESENTATION_CONTEXT('2D SPACE',''
  ) );
#2728 = FACE_BOUND('',#2729,.T.);
#2729 = EDGE_LOOP('',(#2730,#2731));
#2730 = ORIENTED_EDGE('',*,*,#173,.T.);
#2731 = ORIENTED_EDGE('',*,*,#2732,.T.);
#2732 = EDGE_CURVE('',#174,#141,#2733,.T.);
#2733 = SURFACE_CURVE('',#2734,(#2739,#2746),.PCURVE_S1.);
#2734 = CIRCLE('',#2735,2.3);
#2735 = AXIS2_PLACEMENT_3D('',#2736,#2737,#2738);
#2736 = CARTESIAN_POINT('',(5.493443210943,-7.12896077196,-16.8));
#2737 = DIRECTION('',(-1.508208300054E-15,1.684502993918E-15,-1.));
#2738 = DIRECTION('',(0.79210675244,0.610382578994,-1.664706968084E-16)
  );
#2739 = PCURVE('',#73,#2740);
#2740 = DEFINITIONAL_REPRESENTATION('',(#2741),#2745);
#2741 = CIRCLE('',#2742,2.3);
#2742 = AXIS2_PLACEMENT_2D('',#2743,#2744);
#2743 = CARTESIAN_POINT('',(-7.837206309112E-15,-11.));
#2744 = DIRECTION('',(1.,0.));
#2745 = ( GEOMETRIC_REPRESENTATION_CONTEXT(2) 
PARAMETRIC_REPRESENTATION_CONTEXT() REPRESENTATION_CONTEXT('2D SPACE',''
  ) );
#2746 = PCURVE('',#161,#2747);
#2747 = DEFINITIONAL_REPRESENTATION('',(#2748),#2752);
#2748 = LINE('',#2749,#2750);
#2749 = CARTESIAN_POINT('',(3.14159265359,4.440892098501E-16));
#2750 = VECTOR('',#2751,1.);
#2751 = DIRECTION('',(-1.,0.));
#2752 = ( GEOMETRIC_REPRESENTATION_CONTEXT(2) 
PARAMETRIC_REPRESENTATION_CONTEXT() REPRESENTATION_CONTEXT('2D SPACE',''
  ) );
#2753 = FACE_BOUND('',#2754,.T.);
#2754 = EDGE_LOOP('',(#2755,#2756));
#2755 = ORIENTED_EDGE('',*,*,#56,.T.);
#2756 = ORIENTED_EDGE('',*,*,#2757,.T.);
#2757 = EDGE_CURVE('',#57,#24,#2758,.T.);
#2758 = SURFACE_CURVE('',#2759,(#2764,#2771),.PCURVE_S1.);
#2759 = CIRCLE('',#2760,2.3);
#2760 = AXIS2_PLACEMENT_3D('',#2761,#2762,#2763);
#2761 = CARTESIAN_POINT('',(7.12896077196,5.493443210943,-16.8));
#2762 = DIRECTION('',(-1.508208300054E-15,1.684502993918E-15,-1.));
#2763 = DIRECTION('',(0.79210675244,0.610382578994,-1.664706968084E-16)
  );
#2764 = PCURVE('',#73,#2765);
#2765 = DEFINITIONAL_REPRESENTATION('',(#2766),#2770);
#2766 = CIRCLE('',#2767,2.3);
#2767 = AXIS2_PLACEMENT_2D('',#2768,#2769);
#2768 = CARTESIAN_POINT('',(9.,-20.));
#2769 = DIRECTION('',(1.,0.));
#2770 = ( GEOMETRIC_REPRESENTATION_CONTEXT(2) 
PARAMETRIC_REPRESENTATION_CONTEXT() REPRESENTATION_CONTEXT('2D SPACE',''
  ) );
#2771 = PCURVE('',#44,#2772);
#2772 = DEFINITIONAL_REPRESENTATION('',(#2773),#2777);
#2773 = LINE('',#2774,#2775);
#2774 = CARTESIAN_POINT('',(3.14159265359,4.440892098501E-16));
#2775 = VECTOR('',#2776,1.);
#2776 = DIRECTION('',(-1.,0.));
#2777 = ( GEOMETRIC_REPRESENTATION_CONTEXT(2) 
PARAMETRIC_REPRESENTATION_CONTEXT() REPRESENTATION_CONTEXT('2D SPACE',''
  ) );
#2778 = FACE_BOUND('',#2779,.T.);
#2779 = EDGE_LOOP('',(#2780,#2802));
#2780 = ORIENTED_EDGE('',*,*,#2781,.F.);
#2781 = EDGE_CURVE('',#2388,#2421,#2782,.T.);
#2782 = SURFACE_CURVE('',#2783,(#2788,#2795),.PCURVE_S1.);
#2783 = CIRCLE('',#2784,18.8);
#2784 = AXIS2_PLACEMENT_3D('',#2785,#2786,#2787);
#2785 = CARTESIAN_POINT('',(-8.07720615262E-14,1.388533452051E-14,-16.8)
  );
#2786 = DIRECTION('',(-1.508208300054E-15,1.684502993918E-15,-1.));
#2787 = DIRECTION('',(0.79210675244,0.610382578994,-1.664706968084E-16)
  );
#2788 = PCURVE('',#73,#2789);
#2789 = DEFINITIONAL_REPRESENTATION('',(#2790),#2794);
#2790 = CIRCLE('',#2791,18.8);
#2791 = AXIS2_PLACEMENT_2D('',#2792,#2793);
#2792 = CARTESIAN_POINT('',(0.,-20.));
#2793 = DIRECTION('',(1.,0.));
#2794 = ( GEOMETRIC_REPRESENTATION_CONTEXT(2) 
PARAMETRIC_REPRESENTATION_CONTEXT() REPRESENTATION_CONTEXT('2D SPACE',''
  ) );
#2795 = PCURVE('',#2408,#2796);
#2796 = DEFINITIONAL_REPRESENTATION('',(#2797),#2801);
#2797 = LINE('',#2798,#2799);
#2798 = CARTESIAN_POINT('',(0.,-1.2));
#2799 = VECTOR('',#2800,1.);
#2800 = DIRECTION('',(1.,0.));
#2801 = ( GEOMETRIC_REPRESENTATION_CONTEXT(2) 
PARAMETRIC_REPRESENTATION_CONTEXT() REPRESENTATION_CONTEXT('2D SPACE',''
  ) );
#2802 = ORIENTED_EDGE('',*,*,#2420,.F.);
#2803 = FACE_BOUND('',#2804,.T.);
#2804 = EDGE_LOOP('',(#2805,#2831));
#2805 = ORIENTED_EDGE('',*,*,#2806,.F.);
#2806 = EDGE_CURVE('',#539,#511,#2807,.T.);
#2807 = SURFACE_CURVE('',#2808,(#2813,#2824),.PCURVE_S1.);
#2808 = CIRCLE('',#2809,6.25);
#2809 = AXIS2_PLACEMENT_3D('',#2810,#2811,#2812);
#2810 = CARTESIAN_POINT('',(-8.07720615262E-14,1.388533452051E-14,-16.8)
  );
#2811 = DIRECTION('',(1.508208300054E-15,-1.684502993918E-15,1.));
#2812 = DIRECTION('',(0.79210675244,0.610382578994,-1.664706968084E-16)
  );
#2813 = PCURVE('',#73,#2814);
#2814 = DEFINITIONAL_REPRESENTATION('',(#2815),#2823);
#2815 = ( BOUNDED_CURVE() B_SPLINE_CURVE(2,(#2816,#2817,#2818,#2819,
#2820,#2821,#2822),.UNSPECIFIED.,.T.,.F.) B_SPLINE_CURVE_WITH_KNOTS((1,2
    ,2,2,2,1),(-2.094395102393,0.,2.094395102393,4.188790204786,
6.28318530718,8.377580409573),.UNSPECIFIED.) CURVE() 
GEOMETRIC_REPRESENTATION_ITEM() RATIONAL_B_SPLINE_CURVE((1.,0.5,1.,0.5,
1.,0.5,1.)) REPRESENTATION_ITEM('') );
#2816 = CARTESIAN_POINT('',(6.25,-20.));
#2817 = CARTESIAN_POINT('',(6.25,-30.8253175473));
#2818 = CARTESIAN_POINT('',(-3.125,-25.41265877365));
#2819 = CARTESIAN_POINT('',(-12.5,-20.));
#2820 = CARTESIAN_POINT('',(-3.125,-14.58734122634));
#2821 = CARTESIAN_POINT('',(6.25,-9.174682452695));
#2822 = CARTESIAN_POINT('',(6.25,-20.));
#2823 = ( GEOMETRIC_REPRESENTATION_CONTEXT(2) 
PARAMETRIC_REPRESENTATION_CONTEXT() REPRESENTATION_CONTEXT('2D SPACE',''
  ) );
#2824 = PCURVE('',#526,#2825);
#2825 = DEFINITIONAL_REPRESENTATION('',(#2826),#2830);
#2826 = LINE('',#2827,#2828);
#2827 = CARTESIAN_POINT('',(6.28318530718,2.));
#2828 = VECTOR('',#2829,1.);
#2829 = DIRECTION('',(-1.,0.));
#2830 = ( GEOMETRIC_REPRESENTATION_CONTEXT(2) 
PARAMETRIC_REPRESENTATION_CONTEXT() REPRESENTATION_CONTEXT('2D SPACE',''
  ) );
#2831 = ORIENTED_EDGE('',*,*,#538,.F.);
#2832 = ADVANCED_FACE('',(#2833),#2597,.F.);
#2833 = FACE_BOUND('',#2834,.F.);
#2834 = EDGE_LOOP('',(#2835,#2857,#2858,#2880));
#2835 = ORIENTED_EDGE('',*,*,#2836,.F.);
#2836 = EDGE_CURVE('',#2577,#2610,#2837,.T.);
#2837 = SURFACE_CURVE('',#2838,(#2843,#2850),.PCURVE_S1.);
#2838 = CIRCLE('',#2839,33.8);
#2839 = AXIS2_PLACEMENT_3D('',#2840,#2841,#2842);
#2840 = CARTESIAN_POINT('',(-7.850974907612E-14,1.135858002963E-14,-15.3
    ));
#2841 = DIRECTION('',(-1.508208300054E-15,1.684502993918E-15,-1.));
#2842 = DIRECTION('',(0.79210675244,0.610382578994,-1.664706968084E-16)
  );
#2843 = PCURVE('',#2597,#2844);
#2844 = DEFINITIONAL_REPRESENTATION('',(#2845),#2849);
#2845 = LINE('',#2846,#2847);
#2846 = CARTESIAN_POINT('',(0.,11.8));
#2847 = VECTOR('',#2848,1.);
#2848 = DIRECTION('',(1.,0.));
#2849 = ( GEOMETRIC_REPRESENTATION_CONTEXT(2) 
PARAMETRIC_REPRESENTATION_CONTEXT() REPRESENTATION_CONTEXT('2D SPACE',''
  ) );
#2850 = PCURVE('',#1235,#2851);
#2851 = DEFINITIONAL_REPRESENTATION('',(#2852),#2856);
#2852 = CIRCLE('',#2853,33.8);
#2853 = AXIS2_PLACEMENT_2D('',#2854,#2855);
#2854 = CARTESIAN_POINT('',(0.,-20.));
#2855 = DIRECTION('',(1.,0.));
#2856 = ( GEOMETRIC_REPRESENTATION_CONTEXT(2) 
PARAMETRIC_REPRESENTATION_CONTEXT() REPRESENTATION_CONTEXT('2D SPACE',''
  ) );
#2857 = ORIENTED_EDGE('',*,*,#2574,.F.);
#2858 = ORIENTED_EDGE('',*,*,#2859,.F.);
#2859 = EDGE_CURVE('',#2634,#2575,#2860,.T.);
#2860 = SURFACE_CURVE('',#2861,(#2866,#2873),.PCURVE_S1.);
#2861 = CIRCLE('',#2862,33.8);
#2862 = AXIS2_PLACEMENT_3D('',#2863,#2864,#2865);
#2863 = CARTESIAN_POINT('',(-6.071289113548E-14,-8.518555298601E-15,-3.5
    ));
#2864 = DIRECTION('',(1.508208300054E-15,-1.684502993918E-15,1.));
#2865 = DIRECTION('',(0.610382578994,-0.79210675244,-2.254890267834E-15)
  );
#2866 = PCURVE('',#2597,#2867);
#2867 = DEFINITIONAL_REPRESENTATION('',(#2868),#2872);
#2868 = LINE('',#2869,#2870);
#2869 = CARTESIAN_POINT('',(7.853981633974,0.));
#2870 = VECTOR('',#2871,1.);
#2871 = DIRECTION('',(-1.,0.));
#2872 = ( GEOMETRIC_REPRESENTATION_CONTEXT(2) 
PARAMETRIC_REPRESENTATION_CONTEXT() REPRESENTATION_CONTEXT('2D SPACE',''
  ) );
#2873 = PCURVE('',#2511,#2874);
#2874 = DEFINITIONAL_REPRESENTATION('',(#2875),#2879);
#2875 = CIRCLE('',#2876,33.8);
#2876 = AXIS2_PLACEMENT_2D('',#2877,#2878);
#2877 = CARTESIAN_POINT('',(0.,0.));
#2878 = DIRECTION('',(0.,1.));
#2879 = ( GEOMETRIC_REPRESENTATION_CONTEXT(2) 
PARAMETRIC_REPRESENTATION_CONTEXT() REPRESENTATION_CONTEXT('2D SPACE',''
  ) );
#2880 = ORIENTED_EDGE('',*,*,#2633,.T.);
#2881 = ADVANCED_FACE('',(#2882,#2907),#2511,.T.);
#2882 = FACE_BOUND('',#2883,.T.);
#2883 = EDGE_LOOP('',(#2884,#2906));
#2884 = ORIENTED_EDGE('',*,*,#2885,.T.);
#2885 = EDGE_CURVE('',#2495,#2493,#2886,.T.);
#2886 = SURFACE_CURVE('',#2887,(#2892,#2899),.PCURVE_S1.);
#2887 = CIRCLE('',#2888,35.);
#2888 = AXIS2_PLACEMENT_3D('',#2889,#2890,#2891);
#2889 = CARTESIAN_POINT('',(-6.071289113548E-14,-8.518555298601E-15,-3.5
    ));
#2890 = DIRECTION('',(1.508208300054E-15,-1.684502993918E-15,1.));
#2891 = DIRECTION('',(-0.79210675244,-0.610382578994,1.664706968084E-16)
  );
#2892 = PCURVE('',#2511,#2893);
#2893 = DEFINITIONAL_REPRESENTATION('',(#2894),#2898);
#2894 = CIRCLE('',#2895,35.);
#2895 = AXIS2_PLACEMENT_2D('',#2896,#2897);
#2896 = CARTESIAN_POINT('',(0.,0.));
#2897 = DIRECTION('',(1.,0.));
#2898 = ( GEOMETRIC_REPRESENTATION_CONTEXT(2) 
PARAMETRIC_REPRESENTATION_CONTEXT() REPRESENTATION_CONTEXT('2D SPACE',''
  ) );
#2899 = PCURVE('',#2537,#2900);
#2900 = DEFINITIONAL_REPRESENTATION('',(#2901),#2905);
#2901 = LINE('',#2902,#2903);
#2902 = CARTESIAN_POINT('',(9.424777960769,0.));
#2903 = VECTOR('',#2904,1.);
#2904 = DIRECTION('',(-1.,0.));
#2905 = ( GEOMETRIC_REPRESENTATION_CONTEXT(2) 
PARAMETRIC_REPRESENTATION_CONTEXT() REPRESENTATION_CONTEXT('2D SPACE',''
  ) );
#2906 = ORIENTED_EDGE('',*,*,#2492,.T.);
#2907 = FACE_BOUND('',#2908,.T.);
#2908 = EDGE_LOOP('',(#2909,#2910));
#2909 = ORIENTED_EDGE('',*,*,#2656,.F.);
#2910 = ORIENTED_EDGE('',*,*,#2859,.F.);
#2911 = ADVANCED_FACE('',(#2912,#2941,#3170,#3399,#3628,#3857,#4086,
    #4315,#4544,#4773,#4991),#1034,.F.);
#2912 = FACE_BOUND('',#2913,.T.);
#2913 = EDGE_LOOP('',(#2914,#2940));
#2914 = ORIENTED_EDGE('',*,*,#2915,.T.);
#2915 = EDGE_CURVE('',#1013,#1011,#2916,.T.);
#2916 = SURFACE_CURVE('',#2917,(#2922,#2933),.PCURVE_S1.);
#2917 = CIRCLE('',#2918,34.);
#2918 = AXIS2_PLACEMENT_3D('',#2919,#2920,#2921);
#2919 = CARTESIAN_POINT('',(-8.031959903618E-14,1.337998362233E-14,-16.5
    ));
#2920 = DIRECTION('',(-1.508208300054E-15,1.684502993918E-15,-1.));
#2921 = DIRECTION('',(-0.79210675244,-0.610382578994,1.664706968084E-16)
  );
#2922 = PCURVE('',#1034,#2923);
#2923 = DEFINITIONAL_REPRESENTATION('',(#2924),#2932);
#2924 = ( BOUNDED_CURVE() B_SPLINE_CURVE(2,(#2925,#2926,#2927,#2928,
#2929,#2930,#2931),.UNSPECIFIED.,.T.,.F.) B_SPLINE_CURVE_WITH_KNOTS((1,2
    ,2,2,2,1),(-2.094395102393,0.,2.094395102393,4.188790204786,
6.28318530718,8.377580409573),.UNSPECIFIED.) CURVE() 
GEOMETRIC_REPRESENTATION_ITEM() RATIONAL_B_SPLINE_CURVE((1.,0.5,1.,0.5,
1.,0.5,1.)) REPRESENTATION_ITEM('') );
#2925 = CARTESIAN_POINT('',(34.,0.));
#2926 = CARTESIAN_POINT('',(34.,-58.88972745734));
#2927 = CARTESIAN_POINT('',(-17.,-29.44486372867));
#2928 = CARTESIAN_POINT('',(-68.,-8.327598234202E-15));
#2929 = CARTESIAN_POINT('',(-17.,29.444863728671));
#2930 = CARTESIAN_POINT('',(34.,58.889727457342));
#2931 = CARTESIAN_POINT('',(34.,0.));
#2932 = ( GEOMETRIC_REPRESENTATION_CONTEXT(2) 
PARAMETRIC_REPRESENTATION_CONTEXT() REPRESENTATION_CONTEXT('2D SPACE',''
  ) );
#2933 = PCURVE('',#1067,#2934);
#2934 = DEFINITIONAL_REPRESENTATION('',(#2935),#2939);
#2935 = LINE('',#2936,#2937);
#2936 = CARTESIAN_POINT('',(6.28318530718,4.712388980385));
#2937 = VECTOR('',#2938,1.);
#2938 = DIRECTION('',(-1.,0.));
#2939 = ( GEOMETRIC_REPRESENTATION_CONTEXT(2) 
PARAMETRIC_REPRESENTATION_CONTEXT() REPRESENTATION_CONTEXT('2D SPACE',''
  ) );
#2940 = ORIENTED_EDGE('',*,*,#1010,.T.);
#2941 = FACE_BOUND('',#2942,.T.);
#2942 = EDGE_LOOP('',(#2943,#2971,#2972,#2996,#3024,#3053,#3086,#3115,
    #3143));
#2943 = ORIENTED_EDGE('',*,*,#2944,.F.);
#2944 = EDGE_CURVE('',#1813,#2945,#2947,.T.);
#2945 = VERTEX_POINT('',#2946);
#2946 = CARTESIAN_POINT('',(19.41114214867,-24.17038602265,-16.5));
#2947 = SURFACE_CURVE('',#2948,(#2953,#2964),.PCURVE_S1.);
#2948 = CIRCLE('',#2949,31.);
#2949 = AXIS2_PLACEMENT_3D('',#2950,#2951,#2952);
#2950 = CARTESIAN_POINT('',(-8.031959903618E-14,1.337998362233E-14,-16.5
    ));
#2951 = DIRECTION('',(-1.508208300054E-15,1.684502993918E-15,-1.));
#2952 = DIRECTION('',(-0.79210675244,-0.610382578994,1.664706968084E-16)
  );
#2953 = PCURVE('',#1034,#2954);
#2954 = DEFINITIONAL_REPRESENTATION('',(#2955),#2963);
#2955 = ( BOUNDED_CURVE() B_SPLINE_CURVE(2,(#2956,#2957,#2958,#2959,
#2960,#2961,#2962),.UNSPECIFIED.,.T.,.F.) B_SPLINE_CURVE_WITH_KNOTS((1,2
    ,2,2,2,1),(-2.094395102393,0.,2.094395102393,4.188790204786,
6.28318530718,8.377580409573),.UNSPECIFIED.) CURVE() 
GEOMETRIC_REPRESENTATION_ITEM() RATIONAL_B_SPLINE_CURVE((1.,0.5,1.,0.5,
1.,0.5,1.)) REPRESENTATION_ITEM('') );
#2956 = CARTESIAN_POINT('',(31.,0.));
#2957 = CARTESIAN_POINT('',(31.,-53.69357503463));
#2958 = CARTESIAN_POINT('',(-15.5,-26.84678751731));
#2959 = CARTESIAN_POINT('',(-62.,-7.592810154714E-15));
#2960 = CARTESIAN_POINT('',(-15.5,26.846787517318));
#2961 = CARTESIAN_POINT('',(31.,53.693575034635));
#2962 = CARTESIAN_POINT('',(31.,0.));
#2963 = ( GEOMETRIC_REPRESENTATION_CONTEXT(2) 
PARAMETRIC_REPRESENTATION_CONTEXT() REPRESENTATION_CONTEXT('2D SPACE',''
  ) );
#2964 = PCURVE('',#1833,#2965);
#2965 = DEFINITIONAL_REPRESENTATION('',(#2966),#2970);
#2966 = LINE('',#2967,#2968);
#2967 = CARTESIAN_POINT('',(-3.14159265359,27.5));
#2968 = VECTOR('',#2969,1.);
#2969 = DIRECTION('',(1.,0.));
#2970 = ( GEOMETRIC_REPRESENTATION_CONTEXT(2) 
PARAMETRIC_REPRESENTATION_CONTEXT() REPRESENTATION_CONTEXT('2D SPACE',''
  ) );
#2971 = ORIENTED_EDGE('',*,*,#1845,.T.);
#2972 = ORIENTED_EDGE('',*,*,#2973,.T.);
#2973 = EDGE_CURVE('',#1846,#2974,#2976,.T.);
#2974 = VERTEX_POINT('',#2975);
#2975 = CARTESIAN_POINT('',(24.719572674707,-12.80401213604,-16.5));
#2976 = SURFACE_CURVE('',#2977,(#2982,#2989),.PCURVE_S1.);
#2977 = CIRCLE('',#2978,3.);
#2978 = AXIS2_PLACEMENT_3D('',#2979,#2980,#2981);
#2979 = CARTESIAN_POINT('',(23.339771594599,-15.46787192576,-16.5));
#2980 = DIRECTION('',(1.508208300054E-15,-1.684502993918E-15,1.));
#2981 = DIRECTION('',(-0.79210675244,-0.610382578994,1.664706968084E-16)
  );
#2982 = PCURVE('',#1034,#2983);
#2983 = DEFINITIONAL_REPRESENTATION('',(#2984),#2988);
#2984 = CIRCLE('',#2985,3.);
#2985 = AXIS2_PLACEMENT_2D('',#2986,#2987);
#2986 = CARTESIAN_POINT('',(-9.046271122895,26.498395777312));
#2987 = DIRECTION('',(1.,0.));
#2988 = ( GEOMETRIC_REPRESENTATION_CONTEXT(2) 
PARAMETRIC_REPRESENTATION_CONTEXT() REPRESENTATION_CONTEXT('2D SPACE',''
  ) );
#2989 = PCURVE('',#1885,#2990);
#2990 = DEFINITIONAL_REPRESENTATION('',(#2991),#2995);
#2991 = LINE('',#2992,#2993);
#2992 = CARTESIAN_POINT('',(9.424777960769,27.5));
#2993 = VECTOR('',#2994,1.);
#2994 = DIRECTION('',(-1.,0.));
#2995 = ( GEOMETRIC_REPRESENTATION_CONTEXT(2) 
PARAMETRIC_REPRESENTATION_CONTEXT() REPRESENTATION_CONTEXT('2D SPACE',''
  ) );
#2996 = ORIENTED_EDGE('',*,*,#2997,.T.);
#2997 = EDGE_CURVE('',#2974,#2998,#3000,.T.);
#2998 = VERTEX_POINT('',#2999);
#2999 = CARTESIAN_POINT('',(21.143731593497,-10.95183155011,-16.5));
#3000 = SURFACE_CURVE('',#3001,(#3005,#3012),.PCURVE_S1.);
#3001 = LINE('',#3002,#3003);
#3002 = CARTESIAN_POINT('',(-8.031959903618E-14,1.337998362233E-14,-16.5
    ));
#3003 = VECTOR('',#3004,1.);
#3004 = DIRECTION('',(-0.887953263243,0.45993369337,2.113978165167E-15)
  );
#3005 = PCURVE('',#1034,#3006);
#3006 = DEFINITIONAL_REPRESENTATION('',(#3007),#3011);
#3007 = LINE('',#3008,#3009);
#3008 = CARTESIAN_POINT('',(0.,0.));
#3009 = VECTOR('',#3010,1.);
#3010 = DIRECTION('',(0.422618261741,-0.906307787037));
#3011 = ( GEOMETRIC_REPRESENTATION_CONTEXT(2) 
PARAMETRIC_REPRESENTATION_CONTEXT() REPRESENTATION_CONTEXT('2D SPACE',''
  ) );
#3012 = PCURVE('',#3013,#3018);
#3013 = PLANE('',#3014);
#3014 = AXIS2_PLACEMENT_3D('',#3015,#3016,#3017);
#3015 = CARTESIAN_POINT('',(-3.884387078471E-14,-3.294384871041E-14,11.)
  );
#3016 = DIRECTION('',(0.45993369337,0.887953263243,8.020841165772E-16));
#3017 = DIRECTION('',(-0.887953263243,0.45993369337,2.113978165167E-15)
  );
#3018 = DEFINITIONAL_REPRESENTATION('',(#3019),#3023);
#3019 = LINE('',#3020,#3021);
#3020 = CARTESIAN_POINT('',(0.,-27.5));
#3021 = VECTOR('',#3022,1.);
#3022 = DIRECTION('',(1.,0.));
#3023 = ( GEOMETRIC_REPRESENTATION_CONTEXT(2) 
PARAMETRIC_REPRESENTATION_CONTEXT() REPRESENTATION_CONTEXT('2D SPACE',''
  ) );
#3024 = ORIENTED_EDGE('',*,*,#3025,.T.);
#3025 = EDGE_CURVE('',#2998,#3026,#3028,.T.);
#3026 = VERTEX_POINT('',#3027);
#3027 = CARTESIAN_POINT('',(17.293439199214,-11.91372992236,-16.5));
#3028 = SURFACE_CURVE('',#3029,(#3034,#3041),.PCURVE_S1.);
#3029 = CIRCLE('',#3030,3.);
#3030 = AXIS2_PLACEMENT_3D('',#3031,#3032,#3033);
#3031 = CARTESIAN_POINT('',(19.763930513388,-13.61569133984,-16.5));
#3032 = DIRECTION('',(1.508208300054E-15,-1.684502993918E-15,1.));
#3033 = DIRECTION('',(-0.79210675244,-0.610382578994,1.664706968084E-16)
  );
#3034 = PCURVE('',#1034,#3035);
#3035 = DEFINITIONAL_REPRESENTATION('',(#3036),#3040);
#3036 = CIRCLE('',#3037,3.);
#3037 = AXIS2_PLACEMENT_2D('',#3038,#3039);
#3038 = CARTESIAN_POINT('',(-7.344362019613,22.848639927244));
#3039 = DIRECTION('',(1.,0.));
#3040 = ( GEOMETRIC_REPRESENTATION_CONTEXT(2) 
PARAMETRIC_REPRESENTATION_CONTEXT() REPRESENTATION_CONTEXT('2D SPACE',''
  ) );
#3041 = PCURVE('',#3042,#3047);
#3042 = CYLINDRICAL_SURFACE('',#3043,3.);
#3043 = AXIS2_PLACEMENT_3D('',#3044,#3045,#3046);
#3044 = CARTESIAN_POINT('',(19.763930513388,-13.61569133984,11.));
#3045 = DIRECTION('',(-1.508208300054E-15,1.684502993918E-15,-1.));
#3046 = DIRECTION('',(0.79210675244,0.610382578994,-1.664706968084E-16)
  );
#3047 = DEFINITIONAL_REPRESENTATION('',(#3048),#3052);
#3048 = LINE('',#3049,#3050);
#3049 = CARTESIAN_POINT('',(9.424777960769,27.5));
#3050 = VECTOR('',#3051,1.);
#3051 = DIRECTION('',(-1.,0.));
#3052 = ( GEOMETRIC_REPRESENTATION_CONTEXT(2) 
PARAMETRIC_REPRESENTATION_CONTEXT() REPRESENTATION_CONTEXT('2D SPACE',''
  ) );
#3053 = ORIENTED_EDGE('',*,*,#3054,.T.);
#3054 = EDGE_CURVE('',#3026,#3055,#3057,.T.);
#3055 = VERTEX_POINT('',#3056);
#3056 = CARTESIAN_POINT('',(13.441719898352,-16.13444037375,-16.5));
#3057 = SURFACE_CURVE('',#3058,(#3063,#3074),.PCURVE_S1.);
#3058 = CIRCLE('',#3059,21.);
#3059 = AXIS2_PLACEMENT_3D('',#3060,#3061,#3062);
#3060 = CARTESIAN_POINT('',(-8.031959903618E-14,1.337998362233E-14,-16.5
    ));
#3061 = DIRECTION('',(-1.508208300054E-15,1.684502993918E-15,-1.));
#3062 = DIRECTION('',(-0.79210675244,-0.610382578994,1.664706968084E-16)
  );
#3063 = PCURVE('',#1034,#3064);
#3064 = DEFINITIONAL_REPRESENTATION('',(#3065),#3073);
#3065 = ( BOUNDED_CURVE() B_SPLINE_CURVE(2,(#3066,#3067,#3068,#3069,
#3070,#3071,#3072),.UNSPECIFIED.,.T.,.F.) B_SPLINE_CURVE_WITH_KNOTS((1,2
    ,2,2,2,1),(-2.094395102393,0.,2.094395102393,4.188790204786,
6.28318530718,8.377580409573),.UNSPECIFIED.) CURVE() 
GEOMETRIC_REPRESENTATION_ITEM() RATIONAL_B_SPLINE_CURVE((1.,0.5,1.,0.5,
1.,0.5,1.)) REPRESENTATION_ITEM('') );
#3066 = CARTESIAN_POINT('',(21.,7.460698725481E-14));
#3067 = CARTESIAN_POINT('',(21.,-36.37306695894));
#3068 = CARTESIAN_POINT('',(-10.5,-18.18653347947));
#3069 = CARTESIAN_POINT('',(-42.,-1.54357491066E-13));
#3070 = CARTESIAN_POINT('',(-10.5,18.186533479473));
#3071 = CARTESIAN_POINT('',(21.,36.373066958947));
#3072 = CARTESIAN_POINT('',(21.,7.460698725481E-14));
#3073 = ( GEOMETRIC_REPRESENTATION_CONTEXT(2) 
PARAMETRIC_REPRESENTATION_CONTEXT() REPRESENTATION_CONTEXT('2D SPACE',''
  ) );
#3074 = PCURVE('',#3075,#3080);
#3075 = CYLINDRICAL_SURFACE('',#3076,21.);
#3076 = AXIS2_PLACEMENT_3D('',#3077,#3078,#3079);
#3077 = CARTESIAN_POINT('',(-3.884387078471E-14,-3.294384871041E-14,11.)
  );
#3078 = DIRECTION('',(-1.508208300054E-15,1.684502993918E-15,-1.));
#3079 = DIRECTION('',(0.79210675244,0.610382578994,-1.664706968084E-16)
  );
#3080 = DEFINITIONAL_REPRESENTATION('',(#3081),#3085);
#3081 = LINE('',#3082,#3083);
#3082 = CARTESIAN_POINT('',(-3.14159265359,27.5));
#3083 = VECTOR('',#3084,1.);
#3084 = DIRECTION('',(1.,0.));
#3085 = ( GEOMETRIC_REPRESENTATION_CONTEXT(2) 
PARAMETRIC_REPRESENTATION_CONTEXT() REPRESENTATION_CONTEXT('2D SPACE',''
  ) );
#3086 = ORIENTED_EDGE('',*,*,#3087,.T.);
#3087 = EDGE_CURVE('',#3055,#3088,#3090,.T.);
#3088 = VERTEX_POINT('',#3089);
#3089 = CARTESIAN_POINT('',(12.835092915709,-20.05643013711,-16.5));
#3090 = SURFACE_CURVE('',#3091,(#3096,#3103),.PCURVE_S1.);
#3091 = CIRCLE('',#3092,3.);
#3092 = AXIS2_PLACEMENT_3D('',#3093,#3094,#3095);
#3093 = CARTESIAN_POINT('',(15.361965598116,-18.43936042714,-16.5));
#3094 = DIRECTION('',(1.508208300054E-15,-1.684502993918E-15,1.));
#3095 = DIRECTION('',(-0.79210675244,-0.610382578994,1.664706968084E-16)
  );
#3096 = PCURVE('',#1034,#3097);
#3097 = DEFINITIONAL_REPRESENTATION('',(#3098),#3102);
#3098 = CIRCLE('',#3099,3.);
#3099 = AXIS2_PLACEMENT_2D('',#3100,#3101);
#3100 = CARTESIAN_POINT('',(-0.913252308502,23.982618085209));
#3101 = DIRECTION('',(1.,0.));
#3102 = ( GEOMETRIC_REPRESENTATION_CONTEXT(2) 
PARAMETRIC_REPRESENTATION_CONTEXT() REPRESENTATION_CONTEXT('2D SPACE',''
  ) );
#3103 = PCURVE('',#3104,#3109);
#3104 = CYLINDRICAL_SURFACE('',#3105,3.);
#3105 = AXIS2_PLACEMENT_3D('',#3106,#3107,#3108);
#3106 = CARTESIAN_POINT('',(15.361965598116,-18.43936042714,11.));
#3107 = DIRECTION('',(-1.508208300054E-15,1.684502993918E-15,-1.));
#3108 = DIRECTION('',(0.79210675244,0.610382578994,-1.664706968084E-16)
  );
#3109 = DEFINITIONAL_REPRESENTATION('',(#3110),#3114);
#3110 = LINE('',#3111,#3112);
#3111 = CARTESIAN_POINT('',(9.424777960769,27.5));
#3112 = VECTOR('',#3113,1.);
#3113 = DIRECTION('',(-1.,0.));
#3114 = ( GEOMETRIC_REPRESENTATION_CONTEXT(2) 
PARAMETRIC_REPRESENTATION_CONTEXT() REPRESENTATION_CONTEXT('2D SPACE',''
  ) );
#3115 = ORIENTED_EDGE('',*,*,#3116,.F.);
#3116 = EDGE_CURVE('',#3117,#3088,#3119,.T.);
#3117 = VERTEX_POINT('',#3118);
#3118 = CARTESIAN_POINT('',(15.005771838972,-23.44838611752,-16.5));
#3119 = SURFACE_CURVE('',#3120,(#3124,#3131),.PCURVE_S1.);
#3120 = LINE('',#3121,#3122);
#3121 = CARTESIAN_POINT('',(-8.031959903618E-14,1.337998362233E-14,-16.5
    ));
#3122 = VECTOR('',#3123,1.);
#3123 = DIRECTION('',(-0.539023236657,0.842290894136,2.231800852369E-15)
  );
#3124 = PCURVE('',#1034,#3125);
#3125 = DEFINITIONAL_REPRESENTATION('',(#3126),#3130);
#3126 = LINE('',#3127,#3128);
#3127 = CARTESIAN_POINT('',(0.,0.));
#3128 = VECTOR('',#3129,1.);
#3129 = DIRECTION('',(-8.715574274766E-02,-0.996194698092));
#3130 = ( GEOMETRIC_REPRESENTATION_CONTEXT(2) 
PARAMETRIC_REPRESENTATION_CONTEXT() REPRESENTATION_CONTEXT('2D SPACE',''
  ) );
#3131 = PCURVE('',#3132,#3137);
#3132 = PLANE('',#3133);
#3133 = AXIS2_PLACEMENT_3D('',#3134,#3135,#3136);
#3134 = CARTESIAN_POINT('',(-3.884387078471E-14,-3.294384871041E-14,11.)
  );
#3135 = DIRECTION('',(0.842290894136,0.539023236657,-3.623638616557E-16)
  );
#3136 = DIRECTION('',(-0.539023236657,0.842290894136,2.231800852369E-15)
  );
#3137 = DEFINITIONAL_REPRESENTATION('',(#3138),#3142);
#3138 = LINE('',#3139,#3140);
#3139 = CARTESIAN_POINT('',(-0.,-27.5));
#3140 = VECTOR('',#3141,1.);
#3141 = DIRECTION('',(1.,0.));
#3142 = ( GEOMETRIC_REPRESENTATION_CONTEXT(2) 
PARAMETRIC_REPRESENTATION_CONTEXT() REPRESENTATION_CONTEXT('2D SPACE',''
  ) );
#3143 = ORIENTED_EDGE('',*,*,#3144,.T.);
#3144 = EDGE_CURVE('',#3117,#2945,#3145,.T.);
#3145 = SURFACE_CURVE('',#3146,(#3151,#3158),.PCURVE_S1.);
#3146 = CIRCLE('',#3147,3.);
#3147 = AXIS2_PLACEMENT_3D('',#3148,#3149,#3150);
#3148 = CARTESIAN_POINT('',(17.53264452138,-21.83131640755,-16.5));
#3149 = DIRECTION('',(1.508208300054E-15,-1.684502993918E-15,1.));
#3150 = DIRECTION('',(-0.79210675244,-0.610382578994,1.664706968084E-16)
  );
#3151 = PCURVE('',#1034,#3152);
#3152 = DEFINITIONAL_REPRESENTATION('',(#3153),#3157);
#3153 = CIRCLE('',#3154,3.);
#3154 = AXIS2_PLACEMENT_2D('',#3155,#3156);
#3155 = CARTESIAN_POINT('',(-0.562270901843,27.99435392062));
#3156 = DIRECTION('',(1.,0.));
#3157 = ( GEOMETRIC_REPRESENTATION_CONTEXT(2) 
PARAMETRIC_REPRESENTATION_CONTEXT() REPRESENTATION_CONTEXT('2D SPACE',''
  ) );
#3158 = PCURVE('',#3159,#3164);
#3159 = CYLINDRICAL_SURFACE('',#3160,3.);
#3160 = AXIS2_PLACEMENT_3D('',#3161,#3162,#3163);
#3161 = CARTESIAN_POINT('',(17.53264452138,-21.83131640755,11.));
#3162 = DIRECTION('',(-1.508208300054E-15,1.684502993918E-15,-1.));
#3163 = DIRECTION('',(0.79210675244,0.610382578994,-1.664706968084E-16)
  );
#3164 = DEFINITIONAL_REPRESENTATION('',(#3165),#3169);
#3165 = LINE('',#3166,#3167);
#3166 = CARTESIAN_POINT('',(9.424777960769,27.5));
#3167 = VECTOR('',#3168,1.);
#3168 = DIRECTION('',(-1.,0.));
#3169 = ( GEOMETRIC_REPRESENTATION_CONTEXT(2) 
PARAMETRIC_REPRESENTATION_CONTEXT() REPRESENTATION_CONTEXT('2D SPACE',''
  ) );
#3170 = FACE_BOUND('',#3171,.T.);
#3171 = EDGE_LOOP('',(#3172,#3207,#3236,#3257,#3258,#3282,#3315,#3344,
    #3372));
#3172 = ORIENTED_EDGE('',*,*,#3173,.F.);
#3173 = EDGE_CURVE('',#3174,#3176,#3178,.T.);
#3174 = VERTEX_POINT('',#3175);
#3175 = CARTESIAN_POINT('',(-12.37782546808,-28.42163676992,-16.5));
#3176 = VERTEX_POINT('',#3177);
#3177 = CARTESIAN_POINT('',(-20.43247408785,-23.31338676917,-16.5));
#3178 = SURFACE_CURVE('',#3179,(#3184,#3195),.PCURVE_S1.);
#3179 = CIRCLE('',#3180,31.);
#3180 = AXIS2_PLACEMENT_3D('',#3181,#3182,#3183);
#3181 = CARTESIAN_POINT('',(-8.031959903618E-14,1.337998362233E-14,-16.5
    ));
#3182 = DIRECTION('',(-1.508208300054E-15,1.684502993918E-15,-1.));
#3183 = DIRECTION('',(-0.79210675244,-0.610382578994,1.664706968084E-16)
  );
#3184 = PCURVE('',#1034,#3185);
#3185 = DEFINITIONAL_REPRESENTATION('',(#3186),#3194);
#3186 = ( BOUNDED_CURVE() B_SPLINE_CURVE(2,(#3187,#3188,#3189,#3190,
#3191,#3192,#3193),.UNSPECIFIED.,.T.,.F.) B_SPLINE_CURVE_WITH_KNOTS((1,2
    ,2,2,2,1),(-2.094395102393,0.,2.094395102393,4.188790204786,
6.28318530718,8.377580409573),.UNSPECIFIED.) CURVE() 
GEOMETRIC_REPRESENTATION_ITEM() RATIONAL_B_SPLINE_CURVE((1.,0.5,1.,0.5,
1.,0.5,1.)) REPRESENTATION_ITEM('') );
#3187 = CARTESIAN_POINT('',(31.,-5.506706202141E-14));
#3188 = CARTESIAN_POINT('',(31.,-53.69357503463));
#3189 = CARTESIAN_POINT('',(-15.5,-26.84678751731));
#3190 = CARTESIAN_POINT('',(-62.,1.025413138881E-13));
#3191 = CARTESIAN_POINT('',(-15.5,26.846787517318));
#3192 = CARTESIAN_POINT('',(31.,53.693575034635));
#3193 = CARTESIAN_POINT('',(31.,-5.506706202141E-14));
#3194 = ( GEOMETRIC_REPRESENTATION_CONTEXT(2) 
PARAMETRIC_REPRESENTATION_CONTEXT() REPRESENTATION_CONTEXT('2D SPACE',''
  ) );
#3195 = PCURVE('',#3196,#3201);
#3196 = CYLINDRICAL_SURFACE('',#3197,31.);
#3197 = AXIS2_PLACEMENT_3D('',#3198,#3199,#3200);
#3198 = CARTESIAN_POINT('',(-3.884387078471E-14,-3.294384871041E-14,11.)
  );
#3199 = DIRECTION('',(-1.508208300054E-15,1.684502993918E-15,-1.));
#3200 = DIRECTION('',(0.79210675244,0.610382578994,-1.664706968084E-16)
  );
#3201 = DEFINITIONAL_REPRESENTATION('',(#3202),#3206);
#3202 = LINE('',#3203,#3204);
#3203 = CARTESIAN_POINT('',(-3.14159265359,27.5));
#3204 = VECTOR('',#3205,1.);
#3205 = DIRECTION('',(1.,0.));
#3206 = ( GEOMETRIC_REPRESENTATION_CONTEXT(2) 
PARAMETRIC_REPRESENTATION_CONTEXT() REPRESENTATION_CONTEXT('2D SPACE',''
  ) );
#3207 = ORIENTED_EDGE('',*,*,#3208,.T.);
#3208 = EDGE_CURVE('',#3174,#3209,#3211,.T.);
#3209 = VERTEX_POINT('',#3210);
#3210 = CARTESIAN_POINT('',(-8.316981673566,-26.56742019544,-16.5));
#3211 = SURFACE_CURVE('',#3212,(#3217,#3224),.PCURVE_S1.);
#3212 = CIRCLE('',#3213,3.);
#3213 = AXIS2_PLACEMENT_3D('',#3214,#3215,#3216);
#3214 = CARTESIAN_POINT('',(-11.17997139053,-25.67115579219,-16.5));
#3215 = DIRECTION('',(1.508208300054E-15,-1.684502993918E-15,1.));
#3216 = DIRECTION('',(-0.79210675244,-0.610382578994,1.664706968084E-16)
  );
#3217 = PCURVE('',#1034,#3218);
#3218 = DEFINITIONAL_REPRESENTATION('',(#3219),#3223);
#3219 = CIRCLE('',#3220,3.);
#3220 = AXIS2_PLACEMENT_2D('',#3221,#3222);
#3221 = CARTESIAN_POINT('',(24.524957108711,13.510236075505));
#3222 = DIRECTION('',(1.,0.));
#3223 = ( GEOMETRIC_REPRESENTATION_CONTEXT(2) 
PARAMETRIC_REPRESENTATION_CONTEXT() REPRESENTATION_CONTEXT('2D SPACE',''
  ) );
#3224 = PCURVE('',#3225,#3230);
#3225 = CYLINDRICAL_SURFACE('',#3226,3.);
#3226 = AXIS2_PLACEMENT_3D('',#3227,#3228,#3229);
#3227 = CARTESIAN_POINT('',(-11.17997139053,-25.67115579219,11.));
#3228 = DIRECTION('',(-1.508208300054E-15,1.684502993918E-15,-1.));
#3229 = DIRECTION('',(0.79210675244,0.610382578994,-1.664706968084E-16)
  );
#3230 = DEFINITIONAL_REPRESENTATION('',(#3231),#3235);
#3231 = LINE('',#3232,#3233);
#3232 = CARTESIAN_POINT('',(3.14159265359,27.5));
#3233 = VECTOR('',#3234,1.);
#3234 = DIRECTION('',(-1.,0.));
#3235 = ( GEOMETRIC_REPRESENTATION_CONTEXT(2) 
PARAMETRIC_REPRESENTATION_CONTEXT() REPRESENTATION_CONTEXT('2D SPACE',''
  ) );
#3236 = ORIENTED_EDGE('',*,*,#3237,.T.);
#3237 = EDGE_CURVE('',#3209,#1589,#3238,.T.);
#3238 = SURFACE_CURVE('',#3239,(#3243,#3250),.PCURVE_S1.);
#3239 = LINE('',#3240,#3241);
#3240 = CARTESIAN_POINT('',(-8.031959903618E-14,1.337998362233E-14,-16.5
    ));
#3241 = VECTOR('',#3242,1.);
#3242 = DIRECTION('',(0.298754801086,0.954329905655,1.156987112582E-15)
  );
#3243 = PCURVE('',#1034,#3244);
#3244 = DEFINITIONAL_REPRESENTATION('',(#3245),#3249);
#3245 = LINE('',#3246,#3247);
#3246 = CARTESIAN_POINT('',(0.,0.));
#3247 = VECTOR('',#3248,1.);
#3248 = DIRECTION('',(-0.819152044289,-0.573576436351));
#3249 = ( GEOMETRIC_REPRESENTATION_CONTEXT(2) 
PARAMETRIC_REPRESENTATION_CONTEXT() REPRESENTATION_CONTEXT('2D SPACE',''
  ) );
#3250 = PCURVE('',#1609,#3251);
#3251 = DEFINITIONAL_REPRESENTATION('',(#3252),#3256);
#3252 = LINE('',#3253,#3254);
#3253 = CARTESIAN_POINT('',(-0.,-27.5));
#3254 = VECTOR('',#3255,1.);
#3255 = DIRECTION('',(1.,0.));
#3256 = ( GEOMETRIC_REPRESENTATION_CONTEXT(2) 
PARAMETRIC_REPRESENTATION_CONTEXT() REPRESENTATION_CONTEXT('2D SPACE',''
  ) );
#3257 = ORIENTED_EDGE('',*,*,#1621,.T.);
#3258 = ORIENTED_EDGE('',*,*,#3259,.T.);
#3259 = EDGE_CURVE('',#1622,#3260,#3262,.T.);
#3260 = VERTEX_POINT('',#3261);
#3261 = CARTESIAN_POINT('',(-8.729759392302,-19.09951048986,-16.5));
#3262 = SURFACE_CURVE('',#3263,(#3268,#3275),.PCURVE_S1.);
#3263 = CIRCLE('',#3264,3.);
#3264 = AXIS2_PLACEMENT_3D('',#3265,#3266,#3267);
#3265 = CARTESIAN_POINT('',(-9.976867876916,-21.82801198841,-16.5));
#3266 = DIRECTION('',(1.508208300054E-15,-1.684502993918E-15,1.));
#3267 = DIRECTION('',(-0.79210675244,-0.610382578994,1.664706968084E-16)
  );
#3268 = PCURVE('',#1034,#3269);
#3269 = DEFINITIONAL_REPRESENTATION('',(#3270),#3274);
#3270 = CIRCLE('',#3271,3.);
#3271 = AXIS2_PLACEMENT_2D('',#3272,#3273);
#3272 = CARTESIAN_POINT('',(21.226182665303,11.200409343377));
#3273 = DIRECTION('',(1.,0.));
#3274 = ( GEOMETRIC_REPRESENTATION_CONTEXT(2) 
PARAMETRIC_REPRESENTATION_CONTEXT() REPRESENTATION_CONTEXT('2D SPACE',''
  ) );
#3275 = PCURVE('',#1661,#3276);
#3276 = DEFINITIONAL_REPRESENTATION('',(#3277),#3281);
#3277 = LINE('',#3278,#3279);
#3278 = CARTESIAN_POINT('',(9.424777960769,27.5));
#3279 = VECTOR('',#3280,1.);
#3280 = DIRECTION('',(-1.,0.));
#3281 = ( GEOMETRIC_REPRESENTATION_CONTEXT(2) 
PARAMETRIC_REPRESENTATION_CONTEXT() REPRESENTATION_CONTEXT('2D SPACE',''
  ) );
#3282 = ORIENTED_EDGE('',*,*,#3283,.T.);
#3283 = EDGE_CURVE('',#3260,#3284,#3286,.T.);
#3284 = VERTEX_POINT('',#3285);
#3285 = CARTESIAN_POINT('',(-13.55519180552,-16.03922613829,-16.5));
#3286 = SURFACE_CURVE('',#3287,(#3292,#3303),.PCURVE_S1.);
#3287 = CIRCLE('',#3288,21.);
#3288 = AXIS2_PLACEMENT_3D('',#3289,#3290,#3291);
#3289 = CARTESIAN_POINT('',(-8.031959903618E-14,1.337998362233E-14,-16.5
    ));
#3290 = DIRECTION('',(-1.508208300054E-15,1.684502993918E-15,-1.));
#3291 = DIRECTION('',(-0.79210675244,-0.610382578994,1.664706968084E-16)
  );
#3292 = PCURVE('',#1034,#3293);
#3293 = DEFINITIONAL_REPRESENTATION('',(#3294),#3302);
#3294 = ( BOUNDED_CURVE() B_SPLINE_CURVE(2,(#3295,#3296,#3297,#3298,
#3299,#3300,#3301),.UNSPECIFIED.,.T.,.F.) B_SPLINE_CURVE_WITH_KNOTS((1,2
    ,2,2,2,1),(-2.094395102393,0.,2.094395102393,4.188790204786,
6.28318530718,8.377580409573),.UNSPECIFIED.) CURVE() 
GEOMETRIC_REPRESENTATION_ITEM() RATIONAL_B_SPLINE_CURVE((1.,0.5,1.,0.5,
1.,0.5,1.)) REPRESENTATION_ITEM('') );
#3295 = CARTESIAN_POINT('',(21.,0.));
#3296 = CARTESIAN_POINT('',(21.,-36.37306695894));
#3297 = CARTESIAN_POINT('',(-10.5,-18.18653347947));
#3298 = CARTESIAN_POINT('',(-42.,-5.143516556419E-15));
#3299 = CARTESIAN_POINT('',(-10.5,18.186533479473));
#3300 = CARTESIAN_POINT('',(21.,36.373066958946));
#3301 = CARTESIAN_POINT('',(21.,0.));
#3302 = ( GEOMETRIC_REPRESENTATION_CONTEXT(2) 
PARAMETRIC_REPRESENTATION_CONTEXT() REPRESENTATION_CONTEXT('2D SPACE',''
  ) );
#3303 = PCURVE('',#3304,#3309);
#3304 = CYLINDRICAL_SURFACE('',#3305,21.);
#3305 = AXIS2_PLACEMENT_3D('',#3306,#3307,#3308);
#3306 = CARTESIAN_POINT('',(-3.884387078471E-14,-3.294384871041E-14,11.)
  );
#3307 = DIRECTION('',(-1.508208300054E-15,1.684502993918E-15,-1.));
#3308 = DIRECTION('',(0.79210675244,0.610382578994,-1.664706968084E-16)
  );
#3309 = DEFINITIONAL_REPRESENTATION('',(#3310),#3314);
#3310 = LINE('',#3311,#3312);
#3311 = CARTESIAN_POINT('',(-3.14159265359,27.5));
#3312 = VECTOR('',#3313,1.);
#3313 = DIRECTION('',(1.,0.));
#3314 = ( GEOMETRIC_REPRESENTATION_CONTEXT(2) 
PARAMETRIC_REPRESENTATION_CONTEXT() REPRESENTATION_CONTEXT('2D SPACE',''
  ) );
#3315 = ORIENTED_EDGE('',*,*,#3316,.T.);
#3316 = EDGE_CURVE('',#3284,#3317,#3319,.T.);
#3317 = VERTEX_POINT('',#3318);
#3318 = CARTESIAN_POINT('',(-17.52293740178,-16.12286155783,-16.5));
#3319 = SURFACE_CURVE('',#3320,(#3325,#3332),.PCURVE_S1.);
#3320 = CIRCLE('',#3321,3.);
#3321 = AXIS2_PLACEMENT_3D('',#3322,#3323,#3324);
#3322 = CARTESIAN_POINT('',(-15.49164777774,-18.33054415805,-16.5));
#3323 = DIRECTION('',(1.508208300054E-15,-1.684502993918E-15,1.));
#3324 = DIRECTION('',(-0.79210675244,-0.610382578994,1.664706968084E-16)
  );
#3325 = PCURVE('',#1034,#3326);
#3326 = DEFINITIONAL_REPRESENTATION('',(#3327),#3331);
#3327 = CIRCLE('',#3328,3.);
#3328 = AXIS2_PLACEMENT_2D('',#3329,#3330);
#3329 = CARTESIAN_POINT('',(23.459683628724,5.063915880048));
#3330 = DIRECTION('',(1.,0.));
#3331 = ( GEOMETRIC_REPRESENTATION_CONTEXT(2) 
PARAMETRIC_REPRESENTATION_CONTEXT() REPRESENTATION_CONTEXT('2D SPACE',''
  ) );
#3332 = PCURVE('',#3333,#3338);
#3333 = CYLINDRICAL_SURFACE('',#3334,3.);
#3334 = AXIS2_PLACEMENT_3D('',#3335,#3336,#3337);
#3335 = CARTESIAN_POINT('',(-15.49164777774,-18.33054415805,11.));
#3336 = DIRECTION('',(-1.508208300054E-15,1.684502993918E-15,-1.));
#3337 = DIRECTION('',(0.79210675244,0.610382578994,-1.664706968084E-16)
  );
#3338 = DEFINITIONAL_REPRESENTATION('',(#3339),#3343);
#3339 = LINE('',#3340,#3341);
#3340 = CARTESIAN_POINT('',(9.424777960769,27.5));
#3341 = VECTOR('',#3342,1.);
#3342 = DIRECTION('',(-1.,0.));
#3343 = ( GEOMETRIC_REPRESENTATION_CONTEXT(2) 
PARAMETRIC_REPRESENTATION_CONTEXT() REPRESENTATION_CONTEXT('2D SPACE',''
  ) );
#3344 = ORIENTED_EDGE('',*,*,#3345,.F.);
#3345 = EDGE_CURVE('',#3346,#3317,#3348,.T.);
#3346 = VERTEX_POINT('',#3347);
#3347 = CARTESIAN_POINT('',(-20.48642750984,-18.84956996549,-16.5));
#3348 = SURFACE_CURVE('',#3349,(#3353,#3360),.PCURVE_S1.);
#3349 = LINE('',#3350,#3351);
#3350 = CARTESIAN_POINT('',(-8.031959903618E-14,1.337998362233E-14,-16.5
    ));
#3351 = VECTOR('',#3352,1.);
#3352 = DIRECTION('',(0.735894200071,0.677096541345,3.068941055938E-17)
  );
#3353 = PCURVE('',#1034,#3354);
#3354 = DEFINITIONAL_REPRESENTATION('',(#3355),#3359);
#3355 = LINE('',#3356,#3357);
#3356 = CARTESIAN_POINT('',(0.,0.));
#3357 = VECTOR('',#3358,1.);
#3358 = DIRECTION('',(-0.996194698092,-8.715574274765E-02));
#3359 = ( GEOMETRIC_REPRESENTATION_CONTEXT(2) 
PARAMETRIC_REPRESENTATION_CONTEXT() REPRESENTATION_CONTEXT('2D SPACE',''
  ) );
#3360 = PCURVE('',#3361,#3366);
#3361 = PLANE('',#3362);
#3362 = AXIS2_PLACEMENT_3D('',#3363,#3364,#3365);
#3363 = CARTESIAN_POINT('',(-3.884387078471E-14,-3.294384871041E-14,11.)
  );
#3364 = DIRECTION('',(0.677096541345,-0.735894200071,-2.260818606821E-15
    ));
#3365 = DIRECTION('',(0.735894200071,0.677096541345,3.068941055938E-17)
  );
#3366 = DEFINITIONAL_REPRESENTATION('',(#3367),#3371);
#3367 = LINE('',#3368,#3369);
#3368 = CARTESIAN_POINT('',(-0.,-27.5));
#3369 = VECTOR('',#3370,1.);
#3370 = DIRECTION('',(1.,0.));
#3371 = ( GEOMETRIC_REPRESENTATION_CONTEXT(2) 
PARAMETRIC_REPRESENTATION_CONTEXT() REPRESENTATION_CONTEXT('2D SPACE',''
  ) );
#3372 = ORIENTED_EDGE('',*,*,#3373,.T.);
#3373 = EDGE_CURVE('',#3346,#3176,#3374,.T.);
#3374 = SURFACE_CURVE('',#3375,(#3380,#3387),.PCURVE_S1.);
#3375 = CIRCLE('',#3376,3.);
#3376 = AXIS2_PLACEMENT_3D('',#3377,#3378,#3379);
#3377 = CARTESIAN_POINT('',(-18.4551378858,-21.0572525657,-16.5));
#3378 = DIRECTION('',(1.508208300054E-15,-1.684502993918E-15,1.));
#3379 = DIRECTION('',(-0.79210675244,-0.610382578994,1.664706968084E-16)
  );
#3380 = PCURVE('',#1034,#3381);
#3381 = DEFINITIONAL_REPRESENTATION('',(#3382),#3386);
#3382 = CIRCLE('',#3383,3.);
#3383 = AXIS2_PLACEMENT_2D('',#3384,#3385);
#3384 = CARTESIAN_POINT('',(27.471419464134,5.414897286707));
#3385 = DIRECTION('',(1.,0.));
#3386 = ( GEOMETRIC_REPRESENTATION_CONTEXT(2) 
PARAMETRIC_REPRESENTATION_CONTEXT() REPRESENTATION_CONTEXT('2D SPACE',''
  ) );
#3387 = PCURVE('',#3388,#3393);
#3388 = CYLINDRICAL_SURFACE('',#3389,3.);
#3389 = AXIS2_PLACEMENT_3D('',#3390,#3391,#3392);
#3390 = CARTESIAN_POINT('',(-18.4551378858,-21.0572525657,11.));
#3391 = DIRECTION('',(-1.508208300054E-15,1.684502993918E-15,-1.));
#3392 = DIRECTION('',(0.79210675244,0.610382578994,-1.664706968084E-16)
  );
#3393 = DEFINITIONAL_REPRESENTATION('',(#3394),#3398);
#3394 = LINE('',#3395,#3396);
#3395 = CARTESIAN_POINT('',(9.424777960769,27.5));
#3396 = VECTOR('',#3397,1.);
#3397 = DIRECTION('',(-1.,0.));
#3398 = ( GEOMETRIC_REPRESENTATION_CONTEXT(2) 
PARAMETRIC_REPRESENTATION_CONTEXT() REPRESENTATION_CONTEXT('2D SPACE',''
  ) );
#3399 = FACE_BOUND('',#3400,.T.);
#3400 = EDGE_LOOP('',(#3401,#3436,#3465,#3486,#3487,#3511,#3544,#3573,
    #3601));
#3401 = ORIENTED_EDGE('',*,*,#3402,.F.);
#3402 = EDGE_CURVE('',#3403,#3405,#3407,.T.);
#3403 = VERTEX_POINT('',#3404);
#3404 = CARTESIAN_POINT('',(8.787111544993,-29.72854975769,-16.5));
#3405 = VERTEX_POINT('',#3406);
#3406 = CARTESIAN_POINT('',(-0.666627079121,-30.99283156372,-16.5));
#3407 = SURFACE_CURVE('',#3408,(#3413,#3424),.PCURVE_S1.);
#3408 = CIRCLE('',#3409,31.);
#3409 = AXIS2_PLACEMENT_3D('',#3410,#3411,#3412);
#3410 = CARTESIAN_POINT('',(-8.031959903618E-14,1.337998362233E-14,-16.5
    ));
#3411 = DIRECTION('',(-1.508208300054E-15,1.684502993918E-15,-1.));
#3412 = DIRECTION('',(-0.79210675244,-0.610382578994,1.664706968084E-16)
  );
#3413 = PCURVE('',#1034,#3414);
#3414 = DEFINITIONAL_REPRESENTATION('',(#3415),#3423);
#3415 = ( BOUNDED_CURVE() B_SPLINE_CURVE(2,(#3416,#3417,#3418,#3419,
#3420,#3421,#3422),.UNSPECIFIED.,.T.,.F.) B_SPLINE_CURVE_WITH_KNOTS((1,2
    ,2,2,2,1),(-2.094395102393,0.,2.094395102393,4.188790204786,
6.28318530718,8.377580409573),.UNSPECIFIED.) CURVE() 
GEOMETRIC_REPRESENTATION_ITEM() RATIONAL_B_SPLINE_CURVE((1.,0.5,1.,0.5,
1.,0.5,1.)) REPRESENTATION_ITEM('') );
#3416 = CARTESIAN_POINT('',(31.,2.75335310107E-14));
#3417 = CARTESIAN_POINT('',(31.,-53.69357503463));
#3418 = CARTESIAN_POINT('',(-15.5,-26.84678751731));
#3419 = CARTESIAN_POINT('',(-62.,-6.265987217612E-14));
#3420 = CARTESIAN_POINT('',(-15.5,26.846787517318));
#3421 = CARTESIAN_POINT('',(31.,53.693575034635));
#3422 = CARTESIAN_POINT('',(31.,2.75335310107E-14));
#3423 = ( GEOMETRIC_REPRESENTATION_CONTEXT(2) 
PARAMETRIC_REPRESENTATION_CONTEXT() REPRESENTATION_CONTEXT('2D SPACE',''
  ) );
#3424 = PCURVE('',#3425,#3430);
#3425 = CYLINDRICAL_SURFACE('',#3426,31.);
#3426 = AXIS2_PLACEMENT_3D('',#3427,#3428,#3429);
#3427 = CARTESIAN_POINT('',(-3.884387078471E-14,-3.294384871041E-14,11.)
  );
#3428 = DIRECTION('',(-1.508208300054E-15,1.684502993918E-15,-1.));
#3429 = DIRECTION('',(0.79210675244,0.610382578994,-1.664706968084E-16)
  );
#3430 = DEFINITIONAL_REPRESENTATION('',(#3431),#3435);
#3431 = LINE('',#3432,#3433);
#3432 = CARTESIAN_POINT('',(-3.14159265359,27.5));
#3433 = VECTOR('',#3434,1.);
#3434 = DIRECTION('',(1.,0.));
#3435 = ( GEOMETRIC_REPRESENTATION_CONTEXT(2) 
PARAMETRIC_REPRESENTATION_CONTEXT() REPRESENTATION_CONTEXT('2D SPACE',''
  ) );
#3436 = ORIENTED_EDGE('',*,*,#3437,.T.);
#3437 = EDGE_CURVE('',#3403,#3438,#3440,.T.);
#3438 = VERTEX_POINT('',#3439);
#3439 = CARTESIAN_POINT('',(10.706030928413,-25.69787737848,-16.5));
#3440 = SURFACE_CURVE('',#3441,(#3446,#3453),.PCURVE_S1.);
#3441 = CIRCLE('',#3442,3.);
#3442 = AXIS2_PLACEMENT_3D('',#3443,#3444,#3445);
#3443 = CARTESIAN_POINT('',(7.936745911606,-26.85159332953,-16.5));
#3444 = DIRECTION('',(1.508208300054E-15,-1.684502993918E-15,1.));
#3445 = DIRECTION('',(-0.79210675244,-0.610382578994,1.664706968084E-16)
  );
#3446 = PCURVE('',#1034,#3447);
#3447 = DEFINITIONAL_REPRESENTATION('',(#3448),#3452);
#3448 = CIRCLE('',#3449,3.);
#3449 = AXIS2_PLACEMENT_2D('',#3450,#3451);
#3450 = CARTESIAN_POINT('',(10.102994757585,26.113779828439));
#3451 = DIRECTION('',(1.,0.));
#3452 = ( GEOMETRIC_REPRESENTATION_CONTEXT(2) 
PARAMETRIC_REPRESENTATION_CONTEXT() REPRESENTATION_CONTEXT('2D SPACE',''
  ) );
#3453 = PCURVE('',#3454,#3459);
#3454 = CYLINDRICAL_SURFACE('',#3455,3.);
#3455 = AXIS2_PLACEMENT_3D('',#3456,#3457,#3458);
#3456 = CARTESIAN_POINT('',(7.936745911606,-26.85159332953,11.));
#3457 = DIRECTION('',(-1.508208300054E-15,1.684502993918E-15,-1.));
#3458 = DIRECTION('',(0.79210675244,0.610382578994,-1.664706968084E-16)
  );
#3459 = DEFINITIONAL_REPRESENTATION('',(#3460),#3464);
#3460 = LINE('',#3461,#3462);
#3461 = CARTESIAN_POINT('',(3.14159265359,27.5));
#3462 = VECTOR('',#3463,1.);
#3463 = DIRECTION('',(-1.,0.));
#3464 = ( GEOMETRIC_REPRESENTATION_CONTEXT(2) 
PARAMETRIC_REPRESENTATION_CONTEXT() REPRESENTATION_CONTEXT('2D SPACE',''
  ) );
#3465 = ORIENTED_EDGE('',*,*,#3466,.T.);
#3466 = EDGE_CURVE('',#3438,#1701,#3467,.T.);
#3467 = SURFACE_CURVE('',#3468,(#3472,#3479),.PCURVE_S1.);
#3468 = LINE('',#3469,#3470);
#3469 = CARTESIAN_POINT('',(-8.031959903618E-14,1.337998362233E-14,-16.5
    ));
#3470 = VECTOR('',#3471,1.);
#3471 = DIRECTION('',(-0.384571983681,0.923095005602,2.134970958363E-15)
  );
#3472 = PCURVE('',#1034,#3473);
#3473 = DEFINITIONAL_REPRESENTATION('',(#3474),#3478);
#3474 = LINE('',#3475,#3476);
#3475 = CARTESIAN_POINT('',(0.,0.));
#3476 = VECTOR('',#3477,1.);
#3477 = DIRECTION('',(-0.258819045103,-0.965925826289));
#3478 = ( GEOMETRIC_REPRESENTATION_CONTEXT(2) 
PARAMETRIC_REPRESENTATION_CONTEXT() REPRESENTATION_CONTEXT('2D SPACE',''
  ) );
#3479 = PCURVE('',#1721,#3480);
#3480 = DEFINITIONAL_REPRESENTATION('',(#3481),#3485);
#3481 = LINE('',#3482,#3483);
#3482 = CARTESIAN_POINT('',(-0.,-27.5));
#3483 = VECTOR('',#3484,1.);
#3484 = DIRECTION('',(1.,0.));
#3485 = ( GEOMETRIC_REPRESENTATION_CONTEXT(2) 
PARAMETRIC_REPRESENTATION_CONTEXT() REPRESENTATION_CONTEXT('2D SPACE',''
  ) );
#3486 = ORIENTED_EDGE('',*,*,#1733,.T.);
#3487 = ORIENTED_EDGE('',*,*,#3488,.T.);
#3488 = EDGE_CURVE('',#1734,#3489,#3491,.T.);
#3489 = VERTEX_POINT('',#3490);
#3490 = CARTESIAN_POINT('',(5.589545021726,-20.24245504997,-16.5));
#3491 = SURFACE_CURVE('',#3492,(#3497,#3504),.PCURVE_S1.);
#3492 = CIRCLE('',#3493,3.);
#3493 = AXIS2_PLACEMENT_3D('',#3494,#3495,#3496);
#3494 = CARTESIAN_POINT('',(6.388051453401,-23.13423434282,-16.5));
#3495 = DIRECTION('',(1.508208300054E-15,-1.684502993918E-15,1.));
#3496 = DIRECTION('',(-0.79210675244,-0.610382578994,1.664706968084E-16)
  );
#3497 = PCURVE('',#1034,#3498);
#3498 = DEFINITIONAL_REPRESENTATION('',(#3499),#3503);
#3499 = CIRCLE('',#3500,3.);
#3500 = AXIS2_PLACEMENT_2D('',#3501,#3502);
#3501 = CARTESIAN_POINT('',(9.060714930044,22.223938556351));
#3502 = DIRECTION('',(1.,0.));
#3503 = ( GEOMETRIC_REPRESENTATION_CONTEXT(2) 
PARAMETRIC_REPRESENTATION_CONTEXT() REPRESENTATION_CONTEXT('2D SPACE',''
  ) );
#3504 = PCURVE('',#1773,#3505);
#3505 = DEFINITIONAL_REPRESENTATION('',(#3506),#3510);
#3506 = LINE('',#3507,#3508);
#3507 = CARTESIAN_POINT('',(9.424777960769,27.5));
#3508 = VECTOR('',#3509,1.);
#3509 = DIRECTION('',(-1.,0.));
#3510 = ( GEOMETRIC_REPRESENTATION_CONTEXT(2) 
PARAMETRIC_REPRESENTATION_CONTEXT() REPRESENTATION_CONTEXT('2D SPACE',''
  ) );
#3511 = ORIENTED_EDGE('',*,*,#3512,.T.);
#3512 = EDGE_CURVE('',#3489,#3513,#3515,.T.);
#3513 = VERTEX_POINT('',#3514);
#3514 = CARTESIAN_POINT('',(-7.406352738208E-02,-20.99986939468,-16.5));
#3515 = SURFACE_CURVE('',#3516,(#3521,#3532),.PCURVE_S1.);
#3516 = CIRCLE('',#3517,21.);
#3517 = AXIS2_PLACEMENT_3D('',#3518,#3519,#3520);
#3518 = CARTESIAN_POINT('',(-8.031959903618E-14,1.337998362233E-14,-16.5
    ));
#3519 = DIRECTION('',(-1.508208300054E-15,1.684502993918E-15,-1.));
#3520 = DIRECTION('',(-0.79210675244,-0.610382578994,1.664706968084E-16)
  );
#3521 = PCURVE('',#1034,#3522);
#3522 = DEFINITIONAL_REPRESENTATION('',(#3523),#3531);
#3523 = ( BOUNDED_CURVE() B_SPLINE_CURVE(2,(#3524,#3525,#3526,#3527,
#3528,#3529,#3530),.UNSPECIFIED.,.T.,.F.) B_SPLINE_CURVE_WITH_KNOTS((1,2
    ,2,2,2,1),(-2.094395102393,0.,2.094395102393,4.188790204786,
6.28318530718,8.377580409573),.UNSPECIFIED.) CURVE() 
GEOMETRIC_REPRESENTATION_ITEM() RATIONAL_B_SPLINE_CURVE((1.,0.5,1.,0.5,
1.,0.5,1.)) REPRESENTATION_ITEM('') );
#3524 = CARTESIAN_POINT('',(21.,3.730349362741E-14));
#3525 = CARTESIAN_POINT('',(21.,-36.37306695894));
#3526 = CARTESIAN_POINT('',(-10.5,-18.18653347947));
#3527 = CARTESIAN_POINT('',(-42.,-7.975050381123E-14));
#3528 = CARTESIAN_POINT('',(-10.5,18.186533479473));
#3529 = CARTESIAN_POINT('',(21.,36.373066958946));
#3530 = CARTESIAN_POINT('',(21.,3.730349362741E-14));
#3531 = ( GEOMETRIC_REPRESENTATION_CONTEXT(2) 
PARAMETRIC_REPRESENTATION_CONTEXT() REPRESENTATION_CONTEXT('2D SPACE',''
  ) );
#3532 = PCURVE('',#3533,#3538);
#3533 = CYLINDRICAL_SURFACE('',#3534,21.);
#3534 = AXIS2_PLACEMENT_3D('',#3535,#3536,#3537);
#3535 = CARTESIAN_POINT('',(-3.884387078471E-14,-3.294384871041E-14,11.)
  );
#3536 = DIRECTION('',(-1.508208300054E-15,1.684502993918E-15,-1.));
#3537 = DIRECTION('',(0.79210675244,0.610382578994,-1.664706968084E-16)
  );
#3538 = DEFINITIONAL_REPRESENTATION('',(#3539),#3543);
#3539 = LINE('',#3540,#3541);
#3540 = CARTESIAN_POINT('',(-3.14159265359,27.5));
#3541 = VECTOR('',#3542,1.);
#3542 = DIRECTION('',(1.,0.));
#3543 = ( GEOMETRIC_REPRESENTATION_CONTEXT(2) 
PARAMETRIC_REPRESENTATION_CONTEXT() REPRESENTATION_CONTEXT('2D SPACE',''
  ) );
#3544 = ORIENTED_EDGE('',*,*,#3545,.T.);
#3545 = EDGE_CURVE('',#3513,#3546,#3548,.T.);
#3546 = VERTEX_POINT('',#3547);
#3547 = CARTESIAN_POINT('',(-3.059773181689,-23.61435555073,-16.5));
#3548 = SURFACE_CURVE('',#3549,(#3554,#3561),.PCURVE_S1.);
#3549 = CIRCLE('',#3550,3.);
#3550 = AXIS2_PLACEMENT_3D('',#3551,#3552,#3553);
#3551 = CARTESIAN_POINT('',(-8.464403129379E-02,-23.99985073678,-16.5));
#3552 = DIRECTION('',(1.508208300054E-15,-1.684502993918E-15,1.));
#3553 = DIRECTION('',(-0.79210675244,-0.610382578994,1.664706968084E-16)
  );
#3554 = PCURVE('',#1034,#3555);
#3555 = DEFINITIONAL_REPRESENTATION('',(#3556),#3560);
#3556 = CIRCLE('',#3557,3.);
#3557 = AXIS2_PLACEMENT_2D('',#3558,#3559);
#3558 = CARTESIAN_POINT('',(14.716137896923,18.958778584042));
#3559 = DIRECTION('',(1.,0.));
#3560 = ( GEOMETRIC_REPRESENTATION_CONTEXT(2) 
PARAMETRIC_REPRESENTATION_CONTEXT() REPRESENTATION_CONTEXT('2D SPACE',''
  ) );
#3561 = PCURVE('',#3562,#3567);
#3562 = CYLINDRICAL_SURFACE('',#3563,3.);
#3563 = AXIS2_PLACEMENT_3D('',#3564,#3565,#3566);
#3564 = CARTESIAN_POINT('',(-8.464403129375E-02,-23.99985073678,11.));
#3565 = DIRECTION('',(-1.508208300054E-15,1.684502993918E-15,-1.));
#3566 = DIRECTION('',(0.79210675244,0.610382578994,-1.664706968084E-16)
  );
#3567 = DEFINITIONAL_REPRESENTATION('',(#3568),#3572);
#3568 = LINE('',#3569,#3570);
#3569 = CARTESIAN_POINT('',(9.424777960769,27.5));
#3570 = VECTOR('',#3571,1.);
#3571 = DIRECTION('',(-1.,0.));
#3572 = ( GEOMETRIC_REPRESENTATION_CONTEXT(2) 
PARAMETRIC_REPRESENTATION_CONTEXT() REPRESENTATION_CONTEXT('2D SPACE',''
  ) );
#3573 = ORIENTED_EDGE('',*,*,#3574,.F.);
#3574 = EDGE_CURVE('',#3575,#3546,#3577,.T.);
#3575 = VERTEX_POINT('',#3576);
#3576 = CARTESIAN_POINT('',(-3.577243931537,-27.60803009731,-16.5));
#3577 = SURFACE_CURVE('',#3578,(#3582,#3589),.PCURVE_S1.);
#3578 = LINE('',#3579,#3580);
#3579 = CARTESIAN_POINT('',(-8.031959903618E-14,1.337998362233E-14,-16.5
    ));
#3580 = VECTOR('',#3581,1.);
#3581 = DIRECTION('',(0.128498395349,0.991709716799,1.476735640635E-15)
  );
#3582 = PCURVE('',#1034,#3583);
#3583 = DEFINITIONAL_REPRESENTATION('',(#3584),#3588);
#3584 = LINE('',#3585,#3586);
#3585 = CARTESIAN_POINT('',(0.,0.));
#3586 = VECTOR('',#3587,1.);
#3587 = DIRECTION('',(-0.707106781187,-0.707106781187));
#3588 = ( GEOMETRIC_REPRESENTATION_CONTEXT(2) 
PARAMETRIC_REPRESENTATION_CONTEXT() REPRESENTATION_CONTEXT('2D SPACE',''
  ) );
#3589 = PCURVE('',#3590,#3595);
#3590 = PLANE('',#3591);
#3591 = AXIS2_PLACEMENT_3D('',#3592,#3593,#3594);
#3592 = CARTESIAN_POINT('',(-3.884387078471E-14,-3.294384871041E-14,11.)
  );
#3593 = DIRECTION('',(0.991709716799,-0.128498395349,-1.712160757799E-15
    ));
#3594 = DIRECTION('',(0.128498395349,0.991709716799,1.476735640635E-15)
  );
#3595 = DEFINITIONAL_REPRESENTATION('',(#3596),#3600);
#3596 = LINE('',#3597,#3598);
#3597 = CARTESIAN_POINT('',(-0.,-27.5));
#3598 = VECTOR('',#3599,1.);
#3599 = DIRECTION('',(1.,0.));
#3600 = ( GEOMETRIC_REPRESENTATION_CONTEXT(2) 
PARAMETRIC_REPRESENTATION_CONTEXT() REPRESENTATION_CONTEXT('2D SPACE',''
  ) );
#3601 = ORIENTED_EDGE('',*,*,#3602,.T.);
#3602 = EDGE_CURVE('',#3575,#3405,#3603,.T.);
#3603 = SURFACE_CURVE('',#3604,(#3609,#3616),.PCURVE_S1.);
#3604 = CIRCLE('',#3605,3.);
#3605 = AXIS2_PLACEMENT_3D('',#3606,#3607,#3608);
#3606 = CARTESIAN_POINT('',(-0.602114781142,-27.99352528336,-16.5));
#3607 = DIRECTION('',(1.508208300054E-15,-1.684502993918E-15,1.));
#3608 = DIRECTION('',(-0.79210675244,-0.610382578994,1.664706968084E-16)
  );
#3609 = PCURVE('',#1034,#3610);
#3610 = DEFINITIONAL_REPRESENTATION('',(#3611),#3615);
#3611 = CIRCLE('',#3612,3.);
#3612 = AXIS2_PLACEMENT_2D('',#3613,#3614);
#3613 = CARTESIAN_POINT('',(17.56369934147,21.806340028589));
#3614 = DIRECTION('',(1.,0.));
#3615 = ( GEOMETRIC_REPRESENTATION_CONTEXT(2) 
PARAMETRIC_REPRESENTATION_CONTEXT() REPRESENTATION_CONTEXT('2D SPACE',''
  ) );
#3616 = PCURVE('',#3617,#3622);
#3617 = CYLINDRICAL_SURFACE('',#3618,3.);
#3618 = AXIS2_PLACEMENT_3D('',#3619,#3620,#3621);
#3619 = CARTESIAN_POINT('',(-0.602114781142,-27.99352528336,11.));
#3620 = DIRECTION('',(-1.508208300054E-15,1.684502993918E-15,-1.));
#3621 = DIRECTION('',(0.79210675244,0.610382578994,-1.664706968084E-16)
  );
#3622 = DEFINITIONAL_REPRESENTATION('',(#3623),#3627);
#3623 = LINE('',#3624,#3625);
#3624 = CARTESIAN_POINT('',(9.424777960769,27.5));
#3625 = VECTOR('',#3626,1.);
#3626 = DIRECTION('',(-1.,0.));
#3627 = ( GEOMETRIC_REPRESENTATION_CONTEXT(2) 
PARAMETRIC_REPRESENTATION_CONTEXT() REPRESENTATION_CONTEXT('2D SPACE',''
  ) );
#3628 = FACE_BOUND('',#3629,.T.);
#3629 = EDGE_LOOP('',(#3630,#3665,#3694,#3722,#3751,#3777,#3778,#3802,
    #3830));
#3630 = ORIENTED_EDGE('',*,*,#3631,.F.);
#3631 = EDGE_CURVE('',#3632,#3634,#3636,.T.);
#3632 = VERTEX_POINT('',#3633);
#3633 = CARTESIAN_POINT('',(-30.13923508033,7.254413054997,-16.5));
#3634 = VERTEX_POINT('',#3635);
#3635 = CARTESIAN_POINT('',(-26.50726592983,16.073731767232,-16.5));
#3636 = SURFACE_CURVE('',#3637,(#3642,#3653),.PCURVE_S1.);
#3637 = CIRCLE('',#3638,31.);
#3638 = AXIS2_PLACEMENT_3D('',#3639,#3640,#3641);
#3639 = CARTESIAN_POINT('',(-8.031959903618E-14,1.337998362233E-14,-16.5
    ));
#3640 = DIRECTION('',(-1.508208300054E-15,1.684502993918E-15,-1.));
#3641 = DIRECTION('',(-0.79210675244,-0.610382578994,1.664706968084E-16)
  );
#3642 = PCURVE('',#1034,#3643);
#3643 = DEFINITIONAL_REPRESENTATION('',(#3644),#3652);
#3644 = ( BOUNDED_CURVE() B_SPLINE_CURVE(2,(#3645,#3646,#3647,#3648,
#3649,#3650,#3651),.UNSPECIFIED.,.T.,.F.) B_SPLINE_CURVE_WITH_KNOTS((1,2
    ,2,2,2,1),(-2.094395102393,0.,2.094395102393,4.188790204786,
6.28318530718,8.377580409573),.UNSPECIFIED.) CURVE() 
GEOMETRIC_REPRESENTATION_ITEM() RATIONAL_B_SPLINE_CURVE((1.,0.5,1.,0.5,
1.,0.5,1.)) REPRESENTATION_ITEM('') );
#3645 = CARTESIAN_POINT('',(31.,0.));
#3646 = CARTESIAN_POINT('',(31.,-53.69357503463));
#3647 = CARTESIAN_POINT('',(-15.5,-26.84678751731));
#3648 = CARTESIAN_POINT('',(-62.,-7.592810154714E-15));
#3649 = CARTESIAN_POINT('',(-15.5,26.846787517318));
#3650 = CARTESIAN_POINT('',(31.,53.693575034635));
#3651 = CARTESIAN_POINT('',(31.,0.));
#3652 = ( GEOMETRIC_REPRESENTATION_CONTEXT(2) 
PARAMETRIC_REPRESENTATION_CONTEXT() REPRESENTATION_CONTEXT('2D SPACE',''
  ) );
#3653 = PCURVE('',#3654,#3659);
#3654 = CYLINDRICAL_SURFACE('',#3655,31.);
#3655 = AXIS2_PLACEMENT_3D('',#3656,#3657,#3658);
#3656 = CARTESIAN_POINT('',(-3.884387078471E-14,-3.294384871041E-14,11.)
  );
#3657 = DIRECTION('',(-1.508208300054E-15,1.684502993918E-15,-1.));
#3658 = DIRECTION('',(0.79210675244,0.610382578994,-1.664706968084E-16)
  );
#3659 = DEFINITIONAL_REPRESENTATION('',(#3660),#3664);
#3660 = LINE('',#3661,#3662);
#3661 = CARTESIAN_POINT('',(3.14159265359,27.5));
#3662 = VECTOR('',#3663,1.);
#3663 = DIRECTION('',(1.,0.));
#3664 = ( GEOMETRIC_REPRESENTATION_CONTEXT(2) 
PARAMETRIC_REPRESENTATION_CONTEXT() REPRESENTATION_CONTEXT('2D SPACE',''
  ) );
#3665 = ORIENTED_EDGE('',*,*,#3666,.T.);
#3666 = EDGE_CURVE('',#3632,#3667,#3669,.T.);
#3667 = VERTEX_POINT('',#3668);
#3668 = CARTESIAN_POINT('',(-27.60803009731,3.577243931537,-16.5));
#3669 = SURFACE_CURVE('',#3670,(#3675,#3682),.PCURVE_S1.);
#3670 = CIRCLE('',#3671,3.);
#3671 = AXIS2_PLACEMENT_3D('',#3672,#3673,#3674);
#3672 = CARTESIAN_POINT('',(-27.22253491126,6.552373081933,-16.5));
#3673 = DIRECTION('',(1.508208300054E-15,-1.684502993918E-15,1.));
#3674 = DIRECTION('',(-0.79210675244,-0.610382578994,1.664706968084E-16)
  );
#3675 = PCURVE('',#1034,#3676);
#3676 = DEFINITIONAL_REPRESENTATION('',(#3677),#3681);
#3677 = CIRCLE('',#3678,3.);
#3678 = AXIS2_PLACEMENT_2D('',#3679,#3680);
#3679 = CARTESIAN_POINT('',(17.56369934147,-21.80634002858));
#3680 = DIRECTION('',(1.,0.));
#3681 = ( GEOMETRIC_REPRESENTATION_CONTEXT(2) 
PARAMETRIC_REPRESENTATION_CONTEXT() REPRESENTATION_CONTEXT('2D SPACE',''
  ) );
#3682 = PCURVE('',#3683,#3688);
#3683 = CYLINDRICAL_SURFACE('',#3684,3.);
#3684 = AXIS2_PLACEMENT_3D('',#3685,#3686,#3687);
#3685 = CARTESIAN_POINT('',(-27.22253491126,6.552373081933,11.));
#3686 = DIRECTION('',(-1.508208300054E-15,1.684502993918E-15,-1.));
#3687 = DIRECTION('',(0.79210675244,0.610382578994,-1.664706968084E-16)
  );
#3688 = DEFINITIONAL_REPRESENTATION('',(#3689),#3693);
#3689 = LINE('',#3690,#3691);
#3690 = CARTESIAN_POINT('',(9.424777960769,27.5));
#3691 = VECTOR('',#3692,1.);
#3692 = DIRECTION('',(-1.,0.));
#3693 = ( GEOMETRIC_REPRESENTATION_CONTEXT(2) 
PARAMETRIC_REPRESENTATION_CONTEXT() REPRESENTATION_CONTEXT('2D SPACE',''
  ) );
#3694 = ORIENTED_EDGE('',*,*,#3695,.T.);
#3695 = EDGE_CURVE('',#3667,#3696,#3698,.T.);
#3696 = VERTEX_POINT('',#3697);
#3697 = CARTESIAN_POINT('',(-23.61435555073,3.059773181689,-16.5));
#3698 = SURFACE_CURVE('',#3699,(#3703,#3710),.PCURVE_S1.);
#3699 = LINE('',#3700,#3701);
#3700 = CARTESIAN_POINT('',(-8.031959903618E-14,1.337998362233E-14,-16.5
    ));
#3701 = VECTOR('',#3702,1.);
#3702 = DIRECTION('',(0.991709716799,-0.128498395349,-1.712160757799E-15
    ));
#3703 = PCURVE('',#1034,#3704);
#3704 = DEFINITIONAL_REPRESENTATION('',(#3705),#3709);
#3705 = LINE('',#3706,#3707);
#3706 = CARTESIAN_POINT('',(0.,0.));
#3707 = VECTOR('',#3708,1.);
#3708 = DIRECTION('',(-0.707106781187,0.707106781187));
#3709 = ( GEOMETRIC_REPRESENTATION_CONTEXT(2) 
PARAMETRIC_REPRESENTATION_CONTEXT() REPRESENTATION_CONTEXT('2D SPACE',''
  ) );
#3710 = PCURVE('',#3711,#3716);
#3711 = PLANE('',#3712);
#3712 = AXIS2_PLACEMENT_3D('',#3713,#3714,#3715);
#3713 = CARTESIAN_POINT('',(-3.884387078471E-14,-3.294384871041E-14,11.)
  );
#3714 = DIRECTION('',(-0.128498395349,-0.991709716799,
    -1.476735640635E-15));
#3715 = DIRECTION('',(0.991709716799,-0.128498395349,-1.712160757799E-15
    ));
#3716 = DEFINITIONAL_REPRESENTATION('',(#3717),#3721);
#3717 = LINE('',#3718,#3719);
#3718 = CARTESIAN_POINT('',(0.,-27.5));
#3719 = VECTOR('',#3720,1.);
#3720 = DIRECTION('',(1.,0.));
#3721 = ( GEOMETRIC_REPRESENTATION_CONTEXT(2) 
PARAMETRIC_REPRESENTATION_CONTEXT() REPRESENTATION_CONTEXT('2D SPACE',''
  ) );
#3722 = ORIENTED_EDGE('',*,*,#3723,.T.);
#3723 = EDGE_CURVE('',#3696,#3724,#3726,.T.);
#3724 = VERTEX_POINT('',#3725);
#3725 = CARTESIAN_POINT('',(-20.3252528191,5.280539540574,-16.5));
#3726 = SURFACE_CURVE('',#3727,(#3732,#3739),.PCURVE_S1.);
#3727 = CIRCLE('',#3728,3.);
#3728 = AXIS2_PLACEMENT_3D('',#3729,#3730,#3731);
#3729 = CARTESIAN_POINT('',(-23.22886036468,6.034902332085,-16.5));
#3730 = DIRECTION('',(1.508208300054E-15,-1.684502993918E-15,1.));
#3731 = DIRECTION('',(-0.79210675244,-0.610382578994,1.664706968084E-16)
  );
#3732 = PCURVE('',#1034,#3733);
#3733 = DEFINITIONAL_REPRESENTATION('',(#3734),#3738);
#3734 = CIRCLE('',#3735,3.);
#3735 = AXIS2_PLACEMENT_2D('',#3736,#3737);
#3736 = CARTESIAN_POINT('',(14.716137896923,-18.95877858404));
#3737 = DIRECTION('',(1.,0.));
#3738 = ( GEOMETRIC_REPRESENTATION_CONTEXT(2) 
PARAMETRIC_REPRESENTATION_CONTEXT() REPRESENTATION_CONTEXT('2D SPACE',''
  ) );
#3739 = PCURVE('',#3740,#3745);
#3740 = CYLINDRICAL_SURFACE('',#3741,3.);
#3741 = AXIS2_PLACEMENT_3D('',#3742,#3743,#3744);
#3742 = CARTESIAN_POINT('',(-23.22886036468,6.034902332085,11.));
#3743 = DIRECTION('',(-1.508208300054E-15,1.684502993918E-15,-1.));
#3744 = DIRECTION('',(0.79210675244,0.610382578994,-1.664706968084E-16)
  );
#3745 = DEFINITIONAL_REPRESENTATION('',(#3746),#3750);
#3746 = LINE('',#3747,#3748);
#3747 = CARTESIAN_POINT('',(3.14159265359,27.5));
#3748 = VECTOR('',#3749,1.);
#3749 = DIRECTION('',(-1.,0.));
#3750 = ( GEOMETRIC_REPRESENTATION_CONTEXT(2) 
PARAMETRIC_REPRESENTATION_CONTEXT() REPRESENTATION_CONTEXT('2D SPACE',''
  ) );
#3751 = ORIENTED_EDGE('',*,*,#3752,.T.);
#3752 = EDGE_CURVE('',#3724,#1365,#3753,.T.);
#3753 = SURFACE_CURVE('',#3754,(#3759,#3770),.PCURVE_S1.);
#3754 = CIRCLE('',#3755,21.);
#3755 = AXIS2_PLACEMENT_3D('',#3756,#3757,#3758);
#3756 = CARTESIAN_POINT('',(-8.031959903618E-14,1.337998362233E-14,-16.5
    ));
#3757 = DIRECTION('',(-1.508208300054E-15,1.684502993918E-15,-1.));
#3758 = DIRECTION('',(-0.79210675244,-0.610382578994,1.664706968084E-16)
  );
#3759 = PCURVE('',#1034,#3760);
#3760 = DEFINITIONAL_REPRESENTATION('',(#3761),#3769);
#3761 = ( BOUNDED_CURVE() B_SPLINE_CURVE(2,(#3762,#3763,#3764,#3765,
#3766,#3767,#3768),.UNSPECIFIED.,.T.,.F.) B_SPLINE_CURVE_WITH_KNOTS((1,2
    ,2,2,2,1),(-2.094395102393,0.,2.094395102393,4.188790204786,
6.28318530718,8.377580409573),.UNSPECIFIED.) CURVE() 
GEOMETRIC_REPRESENTATION_ITEM() RATIONAL_B_SPLINE_CURVE((1.,0.5,1.,0.5,
1.,0.5,1.)) REPRESENTATION_ITEM('') );
#3762 = CARTESIAN_POINT('',(21.,0.));
#3763 = CARTESIAN_POINT('',(21.,-36.37306695894));
#3764 = CARTESIAN_POINT('',(-10.5,-18.18653347947));
#3765 = CARTESIAN_POINT('',(-42.,-5.143516556419E-15));
#3766 = CARTESIAN_POINT('',(-10.5,18.186533479473));
#3767 = CARTESIAN_POINT('',(21.,36.373066958946));
#3768 = CARTESIAN_POINT('',(21.,0.));
#3769 = ( GEOMETRIC_REPRESENTATION_CONTEXT(2) 
PARAMETRIC_REPRESENTATION_CONTEXT() REPRESENTATION_CONTEXT('2D SPACE',''
  ) );
#3770 = PCURVE('',#1385,#3771);
#3771 = DEFINITIONAL_REPRESENTATION('',(#3772),#3776);
#3772 = LINE('',#3773,#3774);
#3773 = CARTESIAN_POINT('',(3.14159265359,27.5));
#3774 = VECTOR('',#3775,1.);
#3775 = DIRECTION('',(1.,0.));
#3776 = ( GEOMETRIC_REPRESENTATION_CONTEXT(2) 
PARAMETRIC_REPRESENTATION_CONTEXT() REPRESENTATION_CONTEXT('2D SPACE',''
  ) );
#3777 = ORIENTED_EDGE('',*,*,#1397,.T.);
#3778 = ORIENTED_EDGE('',*,*,#3779,.T.);
#3779 = EDGE_CURVE('',#1398,#3780,#3782,.T.);
#3780 = VERTEX_POINT('',#3781);
#3781 = CARTESIAN_POINT('',(-18.92074521009,14.45701908053,-16.5));
#3782 = SURFACE_CURVE('',#3783,(#3788,#3795),.PCURVE_S1.);
#3783 = CIRCLE('',#3784,3.);
#3784 = AXIS2_PLACEMENT_3D('',#3785,#3786,#3787);
#3785 = CARTESIAN_POINT('',(-20.74215840944,12.073229249772,-16.5));
#3786 = DIRECTION('',(1.508208300054E-15,-1.684502993918E-15,1.));
#3787 = DIRECTION('',(-0.79210675244,-0.610382578994,1.664706968084E-16)
  );
#3788 = PCURVE('',#1034,#3789);
#3789 = DEFINITIONAL_REPRESENTATION('',(#3790),#3794);
#3790 = CIRCLE('',#3791,3.);
#3791 = AXIS2_PLACEMENT_2D('',#3792,#3793);
#3792 = CARTESIAN_POINT('',(9.060714930043,-22.22393855635));
#3793 = DIRECTION('',(1.,0.));
#3794 = ( GEOMETRIC_REPRESENTATION_CONTEXT(2) 
PARAMETRIC_REPRESENTATION_CONTEXT() REPRESENTATION_CONTEXT('2D SPACE',''
  ) );
#3795 = PCURVE('',#1437,#3796);
#3796 = DEFINITIONAL_REPRESENTATION('',(#3797),#3801);
#3797 = LINE('',#3798,#3799);
#3798 = CARTESIAN_POINT('',(9.424777960769,27.5));
#3799 = VECTOR('',#3800,1.);
#3800 = DIRECTION('',(-1.,0.));
#3801 = ( GEOMETRIC_REPRESENTATION_CONTEXT(2) 
PARAMETRIC_REPRESENTATION_CONTEXT() REPRESENTATION_CONTEXT('2D SPACE',''
  ) );
#3802 = ORIENTED_EDGE('',*,*,#3803,.F.);
#3803 = EDGE_CURVE('',#3804,#3780,#3806,.T.);
#3804 = VERTEX_POINT('',#3805);
#3805 = CARTESIAN_POINT('',(-22.12063344695,16.901999168903,-16.5));
#3806 = SURFACE_CURVE('',#3807,(#3811,#3818),.PCURVE_S1.);
#3807 = LINE('',#3808,#3809);
#3808 = CARTESIAN_POINT('',(-8.031959903618E-14,1.337998362233E-14,-16.5
    ));
#3809 = VECTOR('',#3810,1.);
#3810 = DIRECTION('',(0.794596610253,-0.607137733117,-2.221142531934E-15
    ));
#3811 = PCURVE('',#1034,#3812);
#3812 = DEFINITIONAL_REPRESENTATION('',(#3813),#3817);
#3813 = LINE('',#3814,#3815);
#3814 = CARTESIAN_POINT('',(0.,0.));
#3815 = VECTOR('',#3816,1.);
#3816 = DIRECTION('',(-0.258819045103,0.965925826289));
#3817 = ( GEOMETRIC_REPRESENTATION_CONTEXT(2) 
PARAMETRIC_REPRESENTATION_CONTEXT() REPRESENTATION_CONTEXT('2D SPACE',''
  ) );
#3818 = PCURVE('',#3819,#3824);
#3819 = PLANE('',#3820);
#3820 = AXIS2_PLACEMENT_3D('',#3821,#3822,#3823);
#3821 = CARTESIAN_POINT('',(-3.884387078471E-14,-3.294384871041E-14,11.)
  );
#3822 = DIRECTION('',(-0.607137733117,-0.794596610253,
    -4.228102005642E-16));
#3823 = DIRECTION('',(0.794596610253,-0.607137733117,-2.221142531934E-15
    ));
#3824 = DEFINITIONAL_REPRESENTATION('',(#3825),#3829);
#3825 = LINE('',#3826,#3827);
#3826 = CARTESIAN_POINT('',(0.,-27.5));
#3827 = VECTOR('',#3828,1.);
#3828 = DIRECTION('',(1.,0.));
#3829 = ( GEOMETRIC_REPRESENTATION_CONTEXT(2) 
PARAMETRIC_REPRESENTATION_CONTEXT() REPRESENTATION_CONTEXT('2D SPACE',''
  ) );
#3830 = ORIENTED_EDGE('',*,*,#3831,.T.);
#3831 = EDGE_CURVE('',#3804,#3634,#3832,.T.);
#3832 = SURFACE_CURVE('',#3833,(#3838,#3845),.PCURVE_S1.);
#3833 = CIRCLE('',#3834,3.);
#3834 = AXIS2_PLACEMENT_3D('',#3835,#3836,#3837);
#3835 = CARTESIAN_POINT('',(-23.9420466463,14.518209338145,-16.5));
#3836 = DIRECTION('',(1.508208300054E-15,-1.684502993918E-15,1.));
#3837 = DIRECTION('',(-0.79210675244,-0.610382578994,1.664706968084E-16)
  );
#3838 = PCURVE('',#1034,#3839);
#3839 = DEFINITIONAL_REPRESENTATION('',(#3840),#3844);
#3840 = CIRCLE('',#3841,3.);
#3841 = AXIS2_PLACEMENT_2D('',#3842,#3843);
#3842 = CARTESIAN_POINT('',(10.102994757585,-26.11377982844));
#3843 = DIRECTION('',(1.,0.));
#3844 = ( GEOMETRIC_REPRESENTATION_CONTEXT(2) 
PARAMETRIC_REPRESENTATION_CONTEXT() REPRESENTATION_CONTEXT('2D SPACE',''
  ) );
#3845 = PCURVE('',#3846,#3851);
#3846 = CYLINDRICAL_SURFACE('',#3847,3.);
#3847 = AXIS2_PLACEMENT_3D('',#3848,#3849,#3850);
#3848 = CARTESIAN_POINT('',(-23.9420466463,14.518209338145,11.));
#3849 = DIRECTION('',(-1.508208300054E-15,1.684502993918E-15,-1.));
#3850 = DIRECTION('',(0.79210675244,0.610382578994,-1.664706968084E-16)
  );
#3851 = DEFINITIONAL_REPRESENTATION('',(#3852),#3856);
#3852 = LINE('',#3853,#3854);
#3853 = CARTESIAN_POINT('',(9.424777960769,27.5));
#3854 = VECTOR('',#3855,1.);
#3855 = DIRECTION('',(-1.,0.));
#3856 = ( GEOMETRIC_REPRESENTATION_CONTEXT(2) 
PARAMETRIC_REPRESENTATION_CONTEXT() REPRESENTATION_CONTEXT('2D SPACE',''
  ) );
#3857 = FACE_BOUND('',#3858,.T.);
#3858 = EDGE_LOOP('',(#3859,#3894,#3923,#3951,#3980,#4006,#4007,#4031,
    #4059));
#3859 = ORIENTED_EDGE('',*,*,#3860,.F.);
#3860 = EDGE_CURVE('',#3861,#3863,#3865,.T.);
#3861 = VERTEX_POINT('',#3862);
#3862 = CARTESIAN_POINT('',(-27.75104038044,-13.81592406619,-16.5));
#3863 = VERTEX_POINT('',#3864);
#3864 = CARTESIAN_POINT('',(-30.63773938923,-4.725349205892,-16.5));
#3865 = SURFACE_CURVE('',#3866,(#3871,#3882),.PCURVE_S1.);
#3866 = CIRCLE('',#3867,31.);
#3867 = AXIS2_PLACEMENT_3D('',#3868,#3869,#3870);
#3868 = CARTESIAN_POINT('',(-8.031959903618E-14,1.337998362233E-14,-16.5
    ));
#3869 = DIRECTION('',(-1.508208300054E-15,1.684502993918E-15,-1.));
#3870 = DIRECTION('',(-0.79210675244,-0.610382578994,1.664706968084E-16)
  );
#3871 = PCURVE('',#1034,#3872);
#3872 = DEFINITIONAL_REPRESENTATION('',(#3873),#3881);
#3873 = ( BOUNDED_CURVE() B_SPLINE_CURVE(2,(#3874,#3875,#3876,#3877,
#3878,#3879,#3880),.UNSPECIFIED.,.T.,.F.) B_SPLINE_CURVE_WITH_KNOTS((1,2
    ,2,2,2,1),(-2.094395102393,0.,2.094395102393,4.188790204786,
6.28318530718,8.377580409573),.UNSPECIFIED.) CURVE() 
GEOMETRIC_REPRESENTATION_ITEM() RATIONAL_B_SPLINE_CURVE((1.,0.5,1.,0.5,
1.,0.5,1.)) REPRESENTATION_ITEM('') );
#3874 = CARTESIAN_POINT('',(31.,0.));
#3875 = CARTESIAN_POINT('',(31.,-53.69357503463));
#3876 = CARTESIAN_POINT('',(-15.5,-26.84678751731));
#3877 = CARTESIAN_POINT('',(-62.,-7.592810154714E-15));
#3878 = CARTESIAN_POINT('',(-15.5,26.846787517318));
#3879 = CARTESIAN_POINT('',(31.,53.693575034635));
#3880 = CARTESIAN_POINT('',(31.,0.));
#3881 = ( GEOMETRIC_REPRESENTATION_CONTEXT(2) 
PARAMETRIC_REPRESENTATION_CONTEXT() REPRESENTATION_CONTEXT('2D SPACE',''
  ) );
#3882 = PCURVE('',#3883,#3888);
#3883 = CYLINDRICAL_SURFACE('',#3884,31.);
#3884 = AXIS2_PLACEMENT_3D('',#3885,#3886,#3887);
#3885 = CARTESIAN_POINT('',(-3.884387078471E-14,-3.294384871041E-14,11.)
  );
#3886 = DIRECTION('',(-1.508208300054E-15,1.684502993918E-15,-1.));
#3887 = DIRECTION('',(0.79210675244,0.610382578994,-1.664706968084E-16)
  );
#3888 = DEFINITIONAL_REPRESENTATION('',(#3889),#3893);
#3889 = LINE('',#3890,#3891);
#3890 = CARTESIAN_POINT('',(3.14159265359,27.5));
#3891 = VECTOR('',#3892,1.);
#3892 = DIRECTION('',(1.,0.));
#3893 = ( GEOMETRIC_REPRESENTATION_CONTEXT(2) 
PARAMETRIC_REPRESENTATION_CONTEXT() REPRESENTATION_CONTEXT('2D SPACE',''
  ) );
#3894 = ORIENTED_EDGE('',*,*,#3895,.T.);
#3895 = EDGE_CURVE('',#3861,#3896,#3898,.T.);
#3896 = VERTEX_POINT('',#3897);
#3897 = CARTESIAN_POINT('',(-23.44838611752,-15.00577183897,-16.5));
#3898 = SURFACE_CURVE('',#3899,(#3904,#3911),.PCURVE_S1.);
#3899 = CIRCLE('',#3900,3.);
#3900 = AXIS2_PLACEMENT_3D('',#3901,#3902,#3903);
#3901 = CARTESIAN_POINT('',(-25.06545582749,-12.47889915656,-16.5));
#3902 = DIRECTION('',(1.508208300054E-15,-1.684502993918E-15,1.));
#3903 = DIRECTION('',(-0.79210675244,-0.610382578994,1.664706968084E-16)
  );
#3904 = PCURVE('',#1034,#3905);
#3905 = DEFINITIONAL_REPRESENTATION('',(#3906),#3910);
#3906 = CIRCLE('',#3907,3.);
#3907 = AXIS2_PLACEMENT_2D('',#3908,#3909);
#3908 = CARTESIAN_POINT('',(27.471419464134,-5.414897286707));
#3909 = DIRECTION('',(1.,0.));
#3910 = ( GEOMETRIC_REPRESENTATION_CONTEXT(2) 
PARAMETRIC_REPRESENTATION_CONTEXT() REPRESENTATION_CONTEXT('2D SPACE',''
  ) );
#3911 = PCURVE('',#3912,#3917);
#3912 = CYLINDRICAL_SURFACE('',#3913,3.);
#3913 = AXIS2_PLACEMENT_3D('',#3914,#3915,#3916);
#3914 = CARTESIAN_POINT('',(-25.06545582749,-12.47889915656,11.));
#3915 = DIRECTION('',(-1.508208300054E-15,1.684502993918E-15,-1.));
#3916 = DIRECTION('',(0.79210675244,0.610382578994,-1.664706968084E-16)
  );
#3917 = DEFINITIONAL_REPRESENTATION('',(#3918),#3922);
#3918 = LINE('',#3919,#3920);
#3919 = CARTESIAN_POINT('',(9.424777960769,27.5));
#3920 = VECTOR('',#3921,1.);
#3921 = DIRECTION('',(-1.,0.));
#3922 = ( GEOMETRIC_REPRESENTATION_CONTEXT(2) 
PARAMETRIC_REPRESENTATION_CONTEXT() REPRESENTATION_CONTEXT('2D SPACE',''
  ) );
#3923 = ORIENTED_EDGE('',*,*,#3924,.T.);
#3924 = EDGE_CURVE('',#3896,#3925,#3927,.T.);
#3925 = VERTEX_POINT('',#3926);
#3926 = CARTESIAN_POINT('',(-20.05643013711,-12.8350929157,-16.5));
#3927 = SURFACE_CURVE('',#3928,(#3932,#3939),.PCURVE_S1.);
#3928 = LINE('',#3929,#3930);
#3929 = CARTESIAN_POINT('',(-8.031959903618E-14,1.337998362233E-14,-16.5
    ));
#3930 = VECTOR('',#3931,1.);
#3931 = DIRECTION('',(0.842290894136,0.539023236657,-3.623638616557E-16)
  );
#3932 = PCURVE('',#1034,#3933);
#3933 = DEFINITIONAL_REPRESENTATION('',(#3934),#3938);
#3934 = LINE('',#3935,#3936);
#3935 = CARTESIAN_POINT('',(0.,0.));
#3936 = VECTOR('',#3937,1.);
#3937 = DIRECTION('',(-0.996194698092,8.715574274766E-02));
#3938 = ( GEOMETRIC_REPRESENTATION_CONTEXT(2) 
PARAMETRIC_REPRESENTATION_CONTEXT() REPRESENTATION_CONTEXT('2D SPACE',''
  ) );
#3939 = PCURVE('',#3940,#3945);
#3940 = PLANE('',#3941);
#3941 = AXIS2_PLACEMENT_3D('',#3942,#3943,#3944);
#3942 = CARTESIAN_POINT('',(-3.884387078471E-14,-3.294384871041E-14,11.)
  );
#3943 = DIRECTION('',(0.539023236657,-0.842290894136,-2.231800852369E-15
    ));
#3944 = DIRECTION('',(0.842290894136,0.539023236657,-3.623638616557E-16)
  );
#3945 = DEFINITIONAL_REPRESENTATION('',(#3946),#3950);
#3946 = LINE('',#3947,#3948);
#3947 = CARTESIAN_POINT('',(0.,-27.5));
#3948 = VECTOR('',#3949,1.);
#3949 = DIRECTION('',(1.,0.));
#3950 = ( GEOMETRIC_REPRESENTATION_CONTEXT(2) 
PARAMETRIC_REPRESENTATION_CONTEXT() REPRESENTATION_CONTEXT('2D SPACE',''
  ) );
#3951 = ORIENTED_EDGE('',*,*,#3952,.T.);
#3952 = EDGE_CURVE('',#3925,#3953,#3955,.T.);
#3953 = VERTEX_POINT('',#3954);
#3954 = CARTESIAN_POINT('',(-18.9643123662,-9.019692704138,-16.5));
#3955 = SURFACE_CURVE('',#3956,(#3961,#3968),.PCURVE_S1.);
#3956 = CIRCLE('',#3957,3.);
#3957 = AXIS2_PLACEMENT_3D('',#3958,#3959,#3960);
#3958 = CARTESIAN_POINT('',(-21.67349984708,-10.3082202333,-16.5));
#3959 = DIRECTION('',(1.508208300054E-15,-1.684502993918E-15,1.));
#3960 = DIRECTION('',(-0.79210675244,-0.610382578994,1.664706968084E-16)
  );
#3961 = PCURVE('',#1034,#3962);
#3962 = DEFINITIONAL_REPRESENTATION('',(#3963),#3967);
#3963 = CIRCLE('',#3964,3.);
#3964 = AXIS2_PLACEMENT_2D('',#3965,#3966);
#3965 = CARTESIAN_POINT('',(23.459683628723,-5.063915880048));
#3966 = DIRECTION('',(1.,0.));
#3967 = ( GEOMETRIC_REPRESENTATION_CONTEXT(2) 
PARAMETRIC_REPRESENTATION_CONTEXT() REPRESENTATION_CONTEXT('2D SPACE',''
  ) );
#3968 = PCURVE('',#3969,#3974);
#3969 = CYLINDRICAL_SURFACE('',#3970,3.);
#3970 = AXIS2_PLACEMENT_3D('',#3971,#3972,#3973);
#3971 = CARTESIAN_POINT('',(-21.67349984708,-10.3082202333,11.));
#3972 = DIRECTION('',(-1.508208300054E-15,1.684502993918E-15,-1.));
#3973 = DIRECTION('',(0.79210675244,0.610382578994,-1.664706968084E-16)
  );
#3974 = DEFINITIONAL_REPRESENTATION('',(#3975),#3979);
#3975 = LINE('',#3976,#3977);
#3976 = CARTESIAN_POINT('',(3.14159265359,27.5));
#3977 = VECTOR('',#3978,1.);
#3978 = DIRECTION('',(-1.,0.));
#3979 = ( GEOMETRIC_REPRESENTATION_CONTEXT(2) 
PARAMETRIC_REPRESENTATION_CONTEXT() REPRESENTATION_CONTEXT('2D SPACE',''
  ) );
#3980 = ORIENTED_EDGE('',*,*,#3981,.T.);
#3981 = EDGE_CURVE('',#3953,#1477,#3982,.T.);
#3982 = SURFACE_CURVE('',#3983,(#3988,#3999),.PCURVE_S1.);
#3983 = CIRCLE('',#3984,21.);
#3984 = AXIS2_PLACEMENT_3D('',#3985,#3986,#3987);
#3985 = CARTESIAN_POINT('',(-8.031959903618E-14,1.337998362233E-14,-16.5
    ));
#3986 = DIRECTION('',(-1.508208300054E-15,1.684502993918E-15,-1.));
#3987 = DIRECTION('',(-0.79210675244,-0.610382578994,1.664706968084E-16)
  );
#3988 = PCURVE('',#1034,#3989);
#3989 = DEFINITIONAL_REPRESENTATION('',(#3990),#3998);
#3990 = ( BOUNDED_CURVE() B_SPLINE_CURVE(2,(#3991,#3992,#3993,#3994,
#3995,#3996,#3997),.UNSPECIFIED.,.T.,.F.) B_SPLINE_CURVE_WITH_KNOTS((1,2
    ,2,2,2,1),(-2.094395102393,0.,2.094395102393,4.188790204786,
6.28318530718,8.377580409573),.UNSPECIFIED.) CURVE() 
GEOMETRIC_REPRESENTATION_ITEM() RATIONAL_B_SPLINE_CURVE((1.,0.5,1.,0.5,
1.,0.5,1.)) REPRESENTATION_ITEM('') );
#3991 = CARTESIAN_POINT('',(21.,0.));
#3992 = CARTESIAN_POINT('',(21.,-36.37306695894));
#3993 = CARTESIAN_POINT('',(-10.5,-18.18653347947));
#3994 = CARTESIAN_POINT('',(-42.,-5.143516556419E-15));
#3995 = CARTESIAN_POINT('',(-10.5,18.186533479473));
#3996 = CARTESIAN_POINT('',(21.,36.373066958946));
#3997 = CARTESIAN_POINT('',(21.,0.));
#3998 = ( GEOMETRIC_REPRESENTATION_CONTEXT(2) 
PARAMETRIC_REPRESENTATION_CONTEXT() REPRESENTATION_CONTEXT('2D SPACE',''
  ) );
#3999 = PCURVE('',#1497,#4000);
#4000 = DEFINITIONAL_REPRESENTATION('',(#4001),#4005);
#4001 = LINE('',#4002,#4003);
#4002 = CARTESIAN_POINT('',(3.14159265359,27.5));
#4003 = VECTOR('',#4004,1.);
#4004 = DIRECTION('',(1.,0.));
#4005 = ( GEOMETRIC_REPRESENTATION_CONTEXT(2) 
PARAMETRIC_REPRESENTATION_CONTEXT() REPRESENTATION_CONTEXT('2D SPACE',''
  ) );
#4006 = ORIENTED_EDGE('',*,*,#1509,.T.);
#4007 = ORIENTED_EDGE('',*,*,#4008,.T.);
#4008 = EDGE_CURVE('',#1510,#4009,#4011,.T.);
#4009 = VERTEX_POINT('',#4010);
#4010 = CARTESIAN_POINT('',(-23.78692446582,-1.087301456378,-16.5));
#4011 = SURFACE_CURVE('',#4012,(#4017,#4024),.PCURVE_S1.);
#4012 = CIRCLE('',#4013,3.);
#4013 = AXIS2_PLACEMENT_3D('',#4014,#4015,#4016);
#4014 = CARTESIAN_POINT('',(-23.6499373585,-4.084172246457,-16.5));
#4015 = DIRECTION('',(1.508208300054E-15,-1.684502993918E-15,1.));
#4016 = DIRECTION('',(-0.79210675244,-0.610382578994,1.664706968084E-16)
  );
#4017 = PCURVE('',#1034,#4018);
#4018 = DEFINITIONAL_REPRESENTATION('',(#4019),#4023);
#4019 = CIRCLE('',#4020,3.);
#4020 = AXIS2_PLACEMENT_2D('',#4021,#4022);
#4021 = CARTESIAN_POINT('',(21.226182665303,-11.20040934337));
#4022 = DIRECTION('',(1.,0.));
#4023 = ( GEOMETRIC_REPRESENTATION_CONTEXT(2) 
PARAMETRIC_REPRESENTATION_CONTEXT() REPRESENTATION_CONTEXT('2D SPACE',''
  ) );
#4024 = PCURVE('',#1549,#4025);
#4025 = DEFINITIONAL_REPRESENTATION('',(#4026),#4030);
#4026 = LINE('',#4027,#4028);
#4027 = CARTESIAN_POINT('',(9.424777960769,27.5));
#4028 = VECTOR('',#4029,1.);
#4029 = DIRECTION('',(-1.,0.));
#4030 = ( GEOMETRIC_REPRESENTATION_CONTEXT(2) 
PARAMETRIC_REPRESENTATION_CONTEXT() REPRESENTATION_CONTEXT('2D SPACE',''
  ) );
#4031 = ORIENTED_EDGE('',*,*,#4032,.F.);
#4032 = EDGE_CURVE('',#4033,#4009,#4035,.T.);
#4033 = VERTEX_POINT('',#4034);
#4034 = CARTESIAN_POINT('',(-27.80978397501,-1.271186557179,-16.5));
#4035 = SURFACE_CURVE('',#4036,(#4040,#4047),.PCURVE_S1.);
#4036 = LINE('',#4037,#4038);
#4037 = CARTESIAN_POINT('',(-8.031959903618E-14,1.337998362233E-14,-16.5
    ));
#4038 = VECTOR('',#4039,1.);
#4039 = DIRECTION('',(0.998956930026,4.566236910689E-02,
    -1.429716735792E-15));
#4040 = PCURVE('',#1034,#4041);
#4041 = DEFINITIONAL_REPRESENTATION('',(#4042),#4046);
#4042 = LINE('',#4043,#4044);
#4043 = CARTESIAN_POINT('',(0.,0.));
#4044 = VECTOR('',#4045,1.);
#4045 = DIRECTION('',(-0.819152044289,0.573576436351));
#4046 = ( GEOMETRIC_REPRESENTATION_CONTEXT(2) 
PARAMETRIC_REPRESENTATION_CONTEXT() REPRESENTATION_CONTEXT('2D SPACE',''
  ) );
#4047 = PCURVE('',#4048,#4053);
#4048 = PLANE('',#4049);
#4049 = AXIS2_PLACEMENT_3D('',#4050,#4051,#4052);
#4050 = CARTESIAN_POINT('',(-3.884387078471E-14,-3.294384871041E-14,11.)
  );
#4051 = DIRECTION('',(4.566236910689E-02,-0.998956930026,
    -1.751614303511E-15));
#4052 = DIRECTION('',(0.998956930026,4.566236910689E-02,
    -1.429716735792E-15));
#4053 = DEFINITIONAL_REPRESENTATION('',(#4054),#4058);
#4054 = LINE('',#4055,#4056);
#4055 = CARTESIAN_POINT('',(0.,-27.5));
#4056 = VECTOR('',#4057,1.);
#4057 = DIRECTION('',(1.,0.));
#4058 = ( GEOMETRIC_REPRESENTATION_CONTEXT(2) 
PARAMETRIC_REPRESENTATION_CONTEXT() REPRESENTATION_CONTEXT('2D SPACE',''
  ) );
#4059 = ORIENTED_EDGE('',*,*,#4060,.T.);
#4060 = EDGE_CURVE('',#4033,#3863,#4061,.T.);
#4061 = SURFACE_CURVE('',#4062,(#4067,#4074),.PCURVE_S1.);
#4062 = CIRCLE('',#4063,3.);
#4063 = AXIS2_PLACEMENT_3D('',#4064,#4065,#4066);
#4064 = CARTESIAN_POINT('',(-27.67279686769,-4.268057347258,-16.5));
#4065 = DIRECTION('',(1.508208300054E-15,-1.684502993918E-15,1.));
#4066 = DIRECTION('',(-0.79210675244,-0.610382578994,1.664706968084E-16)
  );
#4067 = PCURVE('',#1034,#4068);
#4068 = DEFINITIONAL_REPRESENTATION('',(#4069),#4073);
#4069 = CIRCLE('',#4070,3.);
#4070 = AXIS2_PLACEMENT_2D('',#4071,#4072);
#4071 = CARTESIAN_POINT('',(24.524957108711,-13.5102360755));
#4072 = DIRECTION('',(1.,0.));
#4073 = ( GEOMETRIC_REPRESENTATION_CONTEXT(2) 
PARAMETRIC_REPRESENTATION_CONTEXT() REPRESENTATION_CONTEXT('2D SPACE',''
  ) );
#4074 = PCURVE('',#4075,#4080);
#4075 = CYLINDRICAL_SURFACE('',#4076,3.);
#4076 = AXIS2_PLACEMENT_3D('',#4077,#4078,#4079);
#4077 = CARTESIAN_POINT('',(-27.67279686769,-4.268057347258,11.));
#4078 = DIRECTION('',(-1.508208300054E-15,1.684502993918E-15,-1.));
#4079 = DIRECTION('',(0.79210675244,0.610382578994,-1.664706968084E-16)
  );
#4080 = DEFINITIONAL_REPRESENTATION('',(#4081),#4085);
#4081 = LINE('',#4082,#4083);
#4082 = CARTESIAN_POINT('',(9.424777960769,27.5));
#4083 = VECTOR('',#4084,1.);
#4084 = DIRECTION('',(-1.,0.));
#4085 = ( GEOMETRIC_REPRESENTATION_CONTEXT(2) 
PARAMETRIC_REPRESENTATION_CONTEXT() REPRESENTATION_CONTEXT('2D SPACE',''
  ) );
#4086 = FACE_BOUND('',#4087,.T.);
#4087 = EDGE_LOOP('',(#4088,#4123,#4152,#4180,#4209,#4242,#4271,#4292,
    #4293));
#4088 = ORIENTED_EDGE('',*,*,#4089,.F.);
#4089 = EDGE_CURVE('',#4090,#4092,#4094,.T.);
#4090 = VERTEX_POINT('',#4091);
#4091 = CARTESIAN_POINT('',(1.910578972139,30.941067984011,-16.5));
#4092 = VERTEX_POINT('',#4093);
#4093 = CARTESIAN_POINT('',(11.22659724056,28.895735228546,-16.5));
#4094 = SURFACE_CURVE('',#4095,(#4100,#4111),.PCURVE_S1.);
#4095 = CIRCLE('',#4096,31.);
#4096 = AXIS2_PLACEMENT_3D('',#4097,#4098,#4099);
#4097 = CARTESIAN_POINT('',(-8.031959903618E-14,1.337998362233E-14,-16.5
    ));
#4098 = DIRECTION('',(-1.508208300054E-15,1.684502993918E-15,-1.));
#4099 = DIRECTION('',(-0.79210675244,-0.610382578994,1.664706968084E-16)
  );
#4100 = PCURVE('',#1034,#4101);
#4101 = DEFINITIONAL_REPRESENTATION('',(#4102),#4110);
#4102 = ( BOUNDED_CURVE() B_SPLINE_CURVE(2,(#4103,#4104,#4105,#4106,
#4107,#4108,#4109),.UNSPECIFIED.,.T.,.F.) B_SPLINE_CURVE_WITH_KNOTS((1,2
    ,2,2,2,1),(-2.094395102393,0.,2.094395102393,4.188790204786,
6.28318530718,8.377580409573),.UNSPECIFIED.) CURVE() 
GEOMETRIC_REPRESENTATION_ITEM() RATIONAL_B_SPLINE_CURVE((1.,0.5,1.,0.5,
1.,0.5,1.)) REPRESENTATION_ITEM('') );
#4103 = CARTESIAN_POINT('',(31.,0.));
#4104 = CARTESIAN_POINT('',(31.,-53.69357503463));
#4105 = CARTESIAN_POINT('',(-15.5,-26.84678751731));
#4106 = CARTESIAN_POINT('',(-62.,-7.592810154714E-15));
#4107 = CARTESIAN_POINT('',(-15.5,26.846787517318));
#4108 = CARTESIAN_POINT('',(31.,53.693575034635));
#4109 = CARTESIAN_POINT('',(31.,0.));
#4110 = ( GEOMETRIC_REPRESENTATION_CONTEXT(2) 
PARAMETRIC_REPRESENTATION_CONTEXT() REPRESENTATION_CONTEXT('2D SPACE',''
  ) );
#4111 = PCURVE('',#4112,#4117);
#4112 = CYLINDRICAL_SURFACE('',#4113,31.);
#4113 = AXIS2_PLACEMENT_3D('',#4114,#4115,#4116);
#4114 = CARTESIAN_POINT('',(-3.884387078471E-14,-3.294384871041E-14,11.)
  );
#4115 = DIRECTION('',(-1.508208300054E-15,1.684502993918E-15,-1.));
#4116 = DIRECTION('',(0.79210675244,0.610382578994,-1.664706968084E-16)
  );
#4117 = DEFINITIONAL_REPRESENTATION('',(#4118),#4122);
#4118 = LINE('',#4119,#4120);
#4119 = CARTESIAN_POINT('',(3.14159265359,27.5));
#4120 = VECTOR('',#4121,1.);
#4121 = DIRECTION('',(1.,0.));
#4122 = ( GEOMETRIC_REPRESENTATION_CONTEXT(2) 
PARAMETRIC_REPRESENTATION_CONTEXT() REPRESENTATION_CONTEXT('2D SPACE',''
  ) );
#4123 = ORIENTED_EDGE('',*,*,#4124,.T.);
#4124 = EDGE_CURVE('',#4090,#4125,#4127,.T.);
#4125 = VERTEX_POINT('',#4126);
#4126 = CARTESIAN_POINT('',(-1.271186557179,27.809783975012,-16.5));
#4127 = SURFACE_CURVE('',#4128,(#4133,#4140),.PCURVE_S1.);
#4128 = CIRCLE('',#4129,3.);
#4129 = AXIS2_PLACEMENT_3D('',#4130,#4131,#4132);
#4130 = CARTESIAN_POINT('',(1.7256842329,27.946771082333,-16.5));
#4131 = DIRECTION('',(1.508208300054E-15,-1.684502993918E-15,1.));
#4132 = DIRECTION('',(-0.79210675244,-0.610382578994,1.664706968084E-16)
  );
#4133 = PCURVE('',#1034,#4134);
#4134 = DEFINITIONAL_REPRESENTATION('',(#4135),#4139);
#4135 = CIRCLE('',#4136,3.);
#4136 = AXIS2_PLACEMENT_2D('',#4137,#4138);
#4137 = CARTESIAN_POINT('',(-18.42514834123,-21.0834984906));
#4138 = DIRECTION('',(1.,0.));
#4139 = ( GEOMETRIC_REPRESENTATION_CONTEXT(2) 
PARAMETRIC_REPRESENTATION_CONTEXT() REPRESENTATION_CONTEXT('2D SPACE',''
  ) );
#4140 = PCURVE('',#4141,#4146);
#4141 = CYLINDRICAL_SURFACE('',#4142,3.);
#4142 = AXIS2_PLACEMENT_3D('',#4143,#4144,#4145);
#4143 = CARTESIAN_POINT('',(1.7256842329,27.946771082333,11.));
#4144 = DIRECTION('',(-1.508208300054E-15,1.684502993918E-15,-1.));
#4145 = DIRECTION('',(0.79210675244,0.610382578994,-1.664706968084E-16)
  );
#4146 = DEFINITIONAL_REPRESENTATION('',(#4147),#4151);
#4147 = LINE('',#4148,#4149);
#4148 = CARTESIAN_POINT('',(9.424777960769,27.5));
#4149 = VECTOR('',#4150,1.);
#4150 = DIRECTION('',(-1.,0.));
#4151 = ( GEOMETRIC_REPRESENTATION_CONTEXT(2) 
PARAMETRIC_REPRESENTATION_CONTEXT() REPRESENTATION_CONTEXT('2D SPACE',''
  ) );
#4152 = ORIENTED_EDGE('',*,*,#4153,.T.);
#4153 = EDGE_CURVE('',#4125,#4154,#4156,.T.);
#4154 = VERTEX_POINT('',#4155);
#4155 = CARTESIAN_POINT('',(-1.087301456378,23.786924465827,-16.5));
#4156 = SURFACE_CURVE('',#4157,(#4161,#4168),.PCURVE_S1.);
#4157 = LINE('',#4158,#4159);
#4158 = CARTESIAN_POINT('',(-8.031959903618E-14,1.337998362233E-14,-16.5
    ));
#4159 = VECTOR('',#4160,1.);
#4160 = DIRECTION('',(4.566236910689E-02,-0.998956930026,
    -1.751614303511E-15));
#4161 = PCURVE('',#1034,#4162);
#4162 = DEFINITIONAL_REPRESENTATION('',(#4163),#4167);
#4163 = LINE('',#4164,#4165);
#4164 = CARTESIAN_POINT('',(0.,0.));
#4165 = VECTOR('',#4166,1.);
#4166 = DIRECTION('',(0.573576436351,0.819152044289));
#4167 = ( GEOMETRIC_REPRESENTATION_CONTEXT(2) 
PARAMETRIC_REPRESENTATION_CONTEXT() REPRESENTATION_CONTEXT('2D SPACE',''
  ) );
#4168 = PCURVE('',#4169,#4174);
#4169 = PLANE('',#4170);
#4170 = AXIS2_PLACEMENT_3D('',#4171,#4172,#4173);
#4171 = CARTESIAN_POINT('',(-3.884387078471E-14,-3.294384871041E-14,11.)
  );
#4172 = DIRECTION('',(-0.998956930026,-4.566236910689E-02,
    1.429716735792E-15));
#4173 = DIRECTION('',(4.566236910689E-02,-0.998956930026,
    -1.751614303511E-15));
#4174 = DEFINITIONAL_REPRESENTATION('',(#4175),#4179);
#4175 = LINE('',#4176,#4177);
#4176 = CARTESIAN_POINT('',(0.,-27.5));
#4177 = VECTOR('',#4178,1.);
#4178 = DIRECTION('',(1.,0.));
#4179 = ( GEOMETRIC_REPRESENTATION_CONTEXT(2) 
PARAMETRIC_REPRESENTATION_CONTEXT() REPRESENTATION_CONTEXT('2D SPACE',''
  ) );
#4180 = ORIENTED_EDGE('',*,*,#4181,.T.);
#4181 = EDGE_CURVE('',#4154,#4182,#4184,.T.);
#4182 = VERTEX_POINT('',#4183);
#4183 = CARTESIAN_POINT('',(1.670873166988,20.933422626504,-16.5));
#4184 = SURFACE_CURVE('',#4185,(#4190,#4197),.PCURVE_S1.);
#4185 = CIRCLE('',#4186,3.);
#4186 = AXIS2_PLACEMENT_3D('',#4187,#4188,#4189);
#4187 = CARTESIAN_POINT('',(1.909569333701,23.923911573148,-16.5));
#4188 = DIRECTION('',(1.508208300054E-15,-1.684502993918E-15,1.));
#4189 = DIRECTION('',(-0.79210675244,-0.610382578994,1.664706968084E-16)
  );
#4190 = PCURVE('',#1034,#4191);
#4191 = DEFINITIONAL_REPRESENTATION('',(#4192),#4196);
#4192 = CIRCLE('',#4193,3.);
#4193 = AXIS2_PLACEMENT_2D('',#4194,#4195);
#4194 = CARTESIAN_POINT('',(-16.11532160911,-17.78472404719));
#4195 = DIRECTION('',(1.,0.));
#4196 = ( GEOMETRIC_REPRESENTATION_CONTEXT(2) 
PARAMETRIC_REPRESENTATION_CONTEXT() REPRESENTATION_CONTEXT('2D SPACE',''
  ) );
#4197 = PCURVE('',#4198,#4203);
#4198 = CYLINDRICAL_SURFACE('',#4199,3.);
#4199 = AXIS2_PLACEMENT_3D('',#4200,#4201,#4202);
#4200 = CARTESIAN_POINT('',(1.909569333701,23.923911573148,11.));
#4201 = DIRECTION('',(-1.508208300054E-15,1.684502993918E-15,-1.));
#4202 = DIRECTION('',(0.79210675244,0.610382578994,-1.664706968084E-16)
  );
#4203 = DEFINITIONAL_REPRESENTATION('',(#4204),#4208);
#4204 = LINE('',#4205,#4206);
#4205 = CARTESIAN_POINT('',(9.424777960769,27.5));
#4206 = VECTOR('',#4207,1.);
#4207 = DIRECTION('',(-1.,0.));
#4208 = ( GEOMETRIC_REPRESENTATION_CONTEXT(2) 
PARAMETRIC_REPRESENTATION_CONTEXT() REPRESENTATION_CONTEXT('2D SPACE',''
  ) );
#4209 = ORIENTED_EDGE('',*,*,#4210,.T.);
#4210 = EDGE_CURVE('',#4182,#4211,#4213,.T.);
#4211 = VERTEX_POINT('',#4212);
#4212 = CARTESIAN_POINT('',(7.251975290341,19.708091089405,-16.5));
#4213 = SURFACE_CURVE('',#4214,(#4219,#4230),.PCURVE_S1.);
#4214 = CIRCLE('',#4215,21.);
#4215 = AXIS2_PLACEMENT_3D('',#4216,#4217,#4218);
#4216 = CARTESIAN_POINT('',(-8.031959903618E-14,1.337998362233E-14,-16.5
    ));
#4217 = DIRECTION('',(-1.508208300054E-15,1.684502993918E-15,-1.));
#4218 = DIRECTION('',(-0.79210675244,-0.610382578994,1.664706968084E-16)
  );
#4219 = PCURVE('',#1034,#4220);
#4220 = DEFINITIONAL_REPRESENTATION('',(#4221),#4229);
#4221 = ( BOUNDED_CURVE() B_SPLINE_CURVE(2,(#4222,#4223,#4224,#4225,
#4226,#4227,#4228),.UNSPECIFIED.,.T.,.F.) B_SPLINE_CURVE_WITH_KNOTS((1,2
    ,2,2,2,1),(-2.094395102393,0.,2.094395102393,4.188790204786,
6.28318530718,8.377580409573),.UNSPECIFIED.) CURVE() 
GEOMETRIC_REPRESENTATION_ITEM() RATIONAL_B_SPLINE_CURVE((1.,0.5,1.,0.5,
1.,0.5,1.)) REPRESENTATION_ITEM('') );
#4222 = CARTESIAN_POINT('',(21.,-7.460698725481E-14));
#4223 = CARTESIAN_POINT('',(21.,-36.37306695894));
#4224 = CARTESIAN_POINT('',(-10.5,-18.18653347947));
#4225 = CARTESIAN_POINT('',(-42.,1.440704579532E-13));
#4226 = CARTESIAN_POINT('',(-10.5,18.186533479473));
#4227 = CARTESIAN_POINT('',(21.,36.373066958946));
#4228 = CARTESIAN_POINT('',(21.,-7.460698725481E-14));
#4229 = ( GEOMETRIC_REPRESENTATION_CONTEXT(2) 
PARAMETRIC_REPRESENTATION_CONTEXT() REPRESENTATION_CONTEXT('2D SPACE',''
  ) );
#4230 = PCURVE('',#4231,#4236);
#4231 = CYLINDRICAL_SURFACE('',#4232,21.);
#4232 = AXIS2_PLACEMENT_3D('',#4233,#4234,#4235);
#4233 = CARTESIAN_POINT('',(-3.884387078471E-14,-3.294384871041E-14,11.)
  );
#4234 = DIRECTION('',(-1.508208300054E-15,1.684502993918E-15,-1.));
#4235 = DIRECTION('',(0.79210675244,0.610382578994,-1.664706968084E-16)
  );
#4236 = DEFINITIONAL_REPRESENTATION('',(#4237),#4241);
#4237 = LINE('',#4238,#4239);
#4238 = CARTESIAN_POINT('',(3.14159265359,27.5));
#4239 = VECTOR('',#4240,1.);
#4240 = DIRECTION('',(1.,0.));
#4241 = ( GEOMETRIC_REPRESENTATION_CONTEXT(2) 
PARAMETRIC_REPRESENTATION_CONTEXT() REPRESENTATION_CONTEXT('2D SPACE',''
  ) );
#4242 = ORIENTED_EDGE('',*,*,#4243,.T.);
#4243 = EDGE_CURVE('',#4211,#4244,#4246,.T.);
#4244 = VERTEX_POINT('',#4245);
#4245 = CARTESIAN_POINT('',(10.951831550118,21.143731593497,-16.5));
#4246 = SURFACE_CURVE('',#4247,(#4252,#4259),.PCURVE_S1.);
#4247 = CIRCLE('',#4248,3.);
#4248 = AXIS2_PLACEMENT_3D('',#4249,#4250,#4251);
#4249 = CARTESIAN_POINT('',(8.28797176039,22.523532673605,-16.5));
#4250 = DIRECTION('',(1.508208300054E-15,-1.684502993918E-15,1.));
#4251 = DIRECTION('',(-0.79210675244,-0.610382578994,1.664706968084E-16)
  );
#4252 = PCURVE('',#1034,#4253);
#4253 = DEFINITIONAL_REPRESENTATION('',(#4254),#4258);
#4254 = CIRCLE('',#4255,3.);
#4255 = AXIS2_PLACEMENT_2D('',#4256,#4257);
#4256 = CARTESIAN_POINT('',(-20.3129303568,-12.78220874183));
#4257 = DIRECTION('',(1.,0.));
#4258 = ( GEOMETRIC_REPRESENTATION_CONTEXT(2) 
PARAMETRIC_REPRESENTATION_CONTEXT() REPRESENTATION_CONTEXT('2D SPACE',''
  ) );
#4259 = PCURVE('',#4260,#4265);
#4260 = CYLINDRICAL_SURFACE('',#4261,3.);
#4261 = AXIS2_PLACEMENT_3D('',#4262,#4263,#4264);
#4262 = CARTESIAN_POINT('',(8.28797176039,22.523532673605,11.));
#4263 = DIRECTION('',(-1.508208300054E-15,1.684502993918E-15,-1.));
#4264 = DIRECTION('',(0.79210675244,0.610382578994,-1.664706968084E-16)
  );
#4265 = DEFINITIONAL_REPRESENTATION('',(#4266),#4270);
#4266 = LINE('',#4267,#4268);
#4267 = CARTESIAN_POINT('',(3.14159265359,27.5));
#4268 = VECTOR('',#4269,1.);
#4269 = DIRECTION('',(-1.,0.));
#4270 = ( GEOMETRIC_REPRESENTATION_CONTEXT(2) 
PARAMETRIC_REPRESENTATION_CONTEXT() REPRESENTATION_CONTEXT('2D SPACE',''
  ) );
#4271 = ORIENTED_EDGE('',*,*,#4272,.F.);
#4272 = EDGE_CURVE('',#1136,#4244,#4273,.T.);
#4273 = SURFACE_CURVE('',#4274,(#4278,#4285),.PCURVE_S1.);
#4274 = LINE('',#4275,#4276);
#4275 = CARTESIAN_POINT('',(-8.031959903618E-14,1.337998362233E-14,-16.5
    ));
#4276 = VECTOR('',#4277,1.);
#4277 = DIRECTION('',(-0.45993369337,-0.887953263243,-8.020841165772E-16
    ));
#4278 = PCURVE('',#1034,#4279);
#4279 = DEFINITIONAL_REPRESENTATION('',(#4280),#4284);
#4280 = LINE('',#4281,#4282);
#4281 = CARTESIAN_POINT('',(0.,0.));
#4282 = VECTOR('',#4283,1.);
#4283 = DIRECTION('',(0.906307787037,0.422618261741));
#4284 = ( GEOMETRIC_REPRESENTATION_CONTEXT(2) 
PARAMETRIC_REPRESENTATION_CONTEXT() REPRESENTATION_CONTEXT('2D SPACE',''
  ) );
#4285 = PCURVE('',#1156,#4286);
#4286 = DEFINITIONAL_REPRESENTATION('',(#4287),#4291);
#4287 = LINE('',#4288,#4289);
#4288 = CARTESIAN_POINT('',(0.,-27.5));
#4289 = VECTOR('',#4290,1.);
#4290 = DIRECTION('',(1.,0.));
#4291 = ( GEOMETRIC_REPRESENTATION_CONTEXT(2) 
PARAMETRIC_REPRESENTATION_CONTEXT() REPRESENTATION_CONTEXT('2D SPACE',''
  ) );
#4292 = ORIENTED_EDGE('',*,*,#1168,.T.);
#4293 = ORIENTED_EDGE('',*,*,#4294,.T.);
#4294 = EDGE_CURVE('',#1169,#4092,#4295,.T.);
#4295 = SURFACE_CURVE('',#4296,(#4301,#4308),.PCURVE_S1.);
#4296 = CIRCLE('',#4297,3.);
#4297 = AXIS2_PLACEMENT_3D('',#4298,#4299,#4300);
#4298 = CARTESIAN_POINT('',(10.140152346312,26.099373754816,-16.5));
#4299 = DIRECTION('',(1.508208300054E-15,-1.684502993918E-15,1.));
#4300 = DIRECTION('',(-0.79210675244,-0.610382578994,1.664706968084E-16)
  );
#4301 = PCURVE('',#1034,#4302);
#4302 = DEFINITIONAL_REPRESENTATION('',(#4303),#4307);
#4303 = CIRCLE('',#4304,3.);
#4304 = AXIS2_PLACEMENT_2D('',#4305,#4306);
#4305 = CARTESIAN_POINT('',(-23.96268620686,-14.48411784511));
#4306 = DIRECTION('',(1.,0.));
#4307 = ( GEOMETRIC_REPRESENTATION_CONTEXT(2) 
PARAMETRIC_REPRESENTATION_CONTEXT() REPRESENTATION_CONTEXT('2D SPACE',''
  ) );
#4308 = PCURVE('',#1208,#4309);
#4309 = DEFINITIONAL_REPRESENTATION('',(#4310),#4314);
#4310 = LINE('',#4311,#4312);
#4311 = CARTESIAN_POINT('',(9.424777960769,27.5));
#4312 = VECTOR('',#4313,1.);
#4313 = DIRECTION('',(-1.,0.));
#4314 = ( GEOMETRIC_REPRESENTATION_CONTEXT(2) 
PARAMETRIC_REPRESENTATION_CONTEXT() REPRESENTATION_CONTEXT('2D SPACE',''
  ) );
#4315 = FACE_BOUND('',#4316,.T.);
#4316 = EDGE_LOOP('',(#4317,#4352,#4381,#4409,#4438,#4471,#4500,#4521,
    #4522));
#4317 = ORIENTED_EDGE('',*,*,#4318,.F.);
#4318 = EDGE_CURVE('',#4319,#4321,#4323,.T.);
#4319 = VERTEX_POINT('',#4320);
#4320 = CARTESIAN_POINT('',(-18.42494672584,24.930329683937,-16.5));
#4321 = VERTEX_POINT('',#4322);
#4322 = CARTESIAN_POINT('',(-9.973748146427,29.351735006838,-16.5));
#4323 = SURFACE_CURVE('',#4324,(#4329,#4340),.PCURVE_S1.);
#4324 = CIRCLE('',#4325,31.);
#4325 = AXIS2_PLACEMENT_3D('',#4326,#4327,#4328);
#4326 = CARTESIAN_POINT('',(-8.031959903618E-14,1.337998362233E-14,-16.5
    ));
#4327 = DIRECTION('',(-1.508208300054E-15,1.684502993918E-15,-1.));
#4328 = DIRECTION('',(-0.79210675244,-0.610382578994,1.664706968084E-16)
  );
#4329 = PCURVE('',#1034,#4330);
#4330 = DEFINITIONAL_REPRESENTATION('',(#4331),#4339);
#4331 = ( BOUNDED_CURVE() B_SPLINE_CURVE(2,(#4332,#4333,#4334,#4335,
#4336,#4337,#4338),.UNSPECIFIED.,.T.,.F.) B_SPLINE_CURVE_WITH_KNOTS((1,2
    ,2,2,2,1),(-2.094395102393,0.,2.094395102393,4.188790204786,
6.28318530718,8.377580409573),.UNSPECIFIED.) CURVE() 
GEOMETRIC_REPRESENTATION_ITEM() RATIONAL_B_SPLINE_CURVE((1.,0.5,1.,0.5,
1.,0.5,1.)) REPRESENTATION_ITEM('') );
#4332 = CARTESIAN_POINT('',(31.,0.));
#4333 = CARTESIAN_POINT('',(31.,-53.69357503463));
#4334 = CARTESIAN_POINT('',(-15.5,-26.84678751731));
#4335 = CARTESIAN_POINT('',(-62.,-7.592810154714E-15));
#4336 = CARTESIAN_POINT('',(-15.5,26.846787517318));
#4337 = CARTESIAN_POINT('',(31.,53.693575034635));
#4338 = CARTESIAN_POINT('',(31.,0.));
#4339 = ( GEOMETRIC_REPRESENTATION_CONTEXT(2) 
PARAMETRIC_REPRESENTATION_CONTEXT() REPRESENTATION_CONTEXT('2D SPACE',''
  ) );
#4340 = PCURVE('',#4341,#4346);
#4341 = CYLINDRICAL_SURFACE('',#4342,31.);
#4342 = AXIS2_PLACEMENT_3D('',#4343,#4344,#4345);
#4343 = CARTESIAN_POINT('',(-3.884387078471E-14,-3.294384871041E-14,11.)
  );
#4344 = DIRECTION('',(-1.508208300054E-15,1.684502993918E-15,-1.));
#4345 = DIRECTION('',(0.79210675244,0.610382578994,-1.664706968084E-16)
  );
#4346 = DEFINITIONAL_REPRESENTATION('',(#4347),#4351);
#4347 = LINE('',#4348,#4349);
#4348 = CARTESIAN_POINT('',(3.14159265359,27.5));
#4349 = VECTOR('',#4350,1.);
#4350 = DIRECTION('',(1.,0.));
#4351 = ( GEOMETRIC_REPRESENTATION_CONTEXT(2) 
PARAMETRIC_REPRESENTATION_CONTEXT() REPRESENTATION_CONTEXT('2D SPACE',''
  ) );
#4352 = ORIENTED_EDGE('',*,*,#4353,.T.);
#4353 = EDGE_CURVE('',#4319,#4354,#4356,.T.);
#4354 = VERTEX_POINT('',#4355);
#4355 = CARTESIAN_POINT('',(-18.84956996549,20.486427509843,-16.5));
#4356 = SURFACE_CURVE('',#4357,(#4362,#4369),.PCURVE_S1.);
#4357 = CIRCLE('',#4358,3.);
#4358 = AXIS2_PLACEMENT_3D('',#4359,#4360,#4361);
#4359 = CARTESIAN_POINT('',(-16.64188736527,22.517717133879,-16.5));
#4360 = DIRECTION('',(1.508208300054E-15,-1.684502993918E-15,1.));
#4361 = DIRECTION('',(-0.79210675244,-0.610382578994,1.664706968084E-16)
  );
#4362 = PCURVE('',#1034,#4363);
#4363 = DEFINITIONAL_REPRESENTATION('',(#4364),#4368);
#4364 = CIRCLE('',#4365,3.);
#4365 = AXIS2_PLACEMENT_2D('',#4366,#4367);
#4366 = CARTESIAN_POINT('',(-0.562270901844,-27.99435392062));
#4367 = DIRECTION('',(1.,0.));
#4368 = ( GEOMETRIC_REPRESENTATION_CONTEXT(2) 
PARAMETRIC_REPRESENTATION_CONTEXT() REPRESENTATION_CONTEXT('2D SPACE',''
  ) );
#4369 = PCURVE('',#4370,#4375);
#4370 = CYLINDRICAL_SURFACE('',#4371,3.);
#4371 = AXIS2_PLACEMENT_3D('',#4372,#4373,#4374);
#4372 = CARTESIAN_POINT('',(-16.64188736527,22.517717133879,11.));
#4373 = DIRECTION('',(-1.508208300054E-15,1.684502993918E-15,-1.));
#4374 = DIRECTION('',(0.79210675244,0.610382578994,-1.664706968084E-16)
  );
#4375 = DEFINITIONAL_REPRESENTATION('',(#4376),#4380);
#4376 = LINE('',#4377,#4378);
#4377 = CARTESIAN_POINT('',(9.424777960769,27.5));
#4378 = VECTOR('',#4379,1.);
#4379 = DIRECTION('',(-1.,0.));
#4380 = ( GEOMETRIC_REPRESENTATION_CONTEXT(2) 
PARAMETRIC_REPRESENTATION_CONTEXT() REPRESENTATION_CONTEXT('2D SPACE',''
  ) );
#4381 = ORIENTED_EDGE('',*,*,#4382,.T.);
#4382 = EDGE_CURVE('',#4354,#4383,#4385,.T.);
#4383 = VERTEX_POINT('',#4384);
#4384 = CARTESIAN_POINT('',(-16.12286155783,17.522937401784,-16.5));
#4385 = SURFACE_CURVE('',#4386,(#4390,#4397),.PCURVE_S1.);
#4386 = LINE('',#4387,#4388);
#4387 = CARTESIAN_POINT('',(-8.031959903618E-14,1.337998362233E-14,-16.5
    ));
#4388 = VECTOR('',#4389,1.);
#4389 = DIRECTION('',(0.677096541345,-0.735894200071,-2.260818606821E-15
    ));
#4390 = PCURVE('',#1034,#4391);
#4391 = DEFINITIONAL_REPRESENTATION('',(#4392),#4396);
#4392 = LINE('',#4393,#4394);
#4393 = CARTESIAN_POINT('',(0.,0.));
#4394 = VECTOR('',#4395,1.);
#4395 = DIRECTION('',(-8.715574274765E-02,0.996194698092));
#4396 = ( GEOMETRIC_REPRESENTATION_CONTEXT(2) 
PARAMETRIC_REPRESENTATION_CONTEXT() REPRESENTATION_CONTEXT('2D SPACE',''
  ) );
#4397 = PCURVE('',#4398,#4403);
#4398 = PLANE('',#4399);
#4399 = AXIS2_PLACEMENT_3D('',#4400,#4401,#4402);
#4400 = CARTESIAN_POINT('',(-3.884387078471E-14,-3.294384871041E-14,11.)
  );
#4401 = DIRECTION('',(-0.735894200071,-0.677096541345,
    -3.068941055937E-17));
#4402 = DIRECTION('',(0.677096541345,-0.735894200071,-2.260818606821E-15
    ));
#4403 = DEFINITIONAL_REPRESENTATION('',(#4404),#4408);
#4404 = LINE('',#4405,#4406);
#4405 = CARTESIAN_POINT('',(0.,-27.5));
#4406 = VECTOR('',#4407,1.);
#4407 = DIRECTION('',(1.,0.));
#4408 = ( GEOMETRIC_REPRESENTATION_CONTEXT(2) 
PARAMETRIC_REPRESENTATION_CONTEXT() REPRESENTATION_CONTEXT('2D SPACE',''
  ) );
#4409 = ORIENTED_EDGE('',*,*,#4410,.T.);
#4410 = EDGE_CURVE('',#4383,#4411,#4413,.T.);
#4411 = VERTEX_POINT('',#4412);
#4412 = CARTESIAN_POINT('',(-12.17578158792,17.109948647592,-16.5));
#4413 = SURFACE_CURVE('',#4414,(#4419,#4426),.PCURVE_S1.);
#4414 = CIRCLE('',#4415,3.);
#4415 = AXIS2_PLACEMENT_3D('',#4416,#4417,#4418);
#4416 = CARTESIAN_POINT('',(-13.91517895762,19.55422702582,-16.5));
#4417 = DIRECTION('',(1.508208300054E-15,-1.684502993918E-15,1.));
#4418 = DIRECTION('',(-0.79210675244,-0.610382578994,1.664706968084E-16)
  );
#4419 = PCURVE('',#1034,#4420);
#4420 = DEFINITIONAL_REPRESENTATION('',(#4421),#4425);
#4421 = CIRCLE('',#4422,3.);
#4422 = AXIS2_PLACEMENT_2D('',#4423,#4424);
#4423 = CARTESIAN_POINT('',(-0.913252308503,-23.9826180852));
#4424 = DIRECTION('',(1.,0.));
#4425 = ( GEOMETRIC_REPRESENTATION_CONTEXT(2) 
PARAMETRIC_REPRESENTATION_CONTEXT() REPRESENTATION_CONTEXT('2D SPACE',''
  ) );
#4426 = PCURVE('',#4427,#4432);
#4427 = CYLINDRICAL_SURFACE('',#4428,3.);
#4428 = AXIS2_PLACEMENT_3D('',#4429,#4430,#4431);
#4429 = CARTESIAN_POINT('',(-13.91517895762,19.55422702582,11.));
#4430 = DIRECTION('',(-1.508208300054E-15,1.684502993918E-15,-1.));
#4431 = DIRECTION('',(0.79210675244,0.610382578994,-1.664706968084E-16)
  );
#4432 = DEFINITIONAL_REPRESENTATION('',(#4433),#4437);
#4433 = LINE('',#4434,#4435);
#4434 = CARTESIAN_POINT('',(3.14159265359,27.5));
#4435 = VECTOR('',#4436,1.);
#4436 = DIRECTION('',(-1.,0.));
#4437 = ( GEOMETRIC_REPRESENTATION_CONTEXT(2) 
PARAMETRIC_REPRESENTATION_CONTEXT() REPRESENTATION_CONTEXT('2D SPACE',''
  ) );
#4438 = ORIENTED_EDGE('',*,*,#4439,.T.);
#4439 = EDGE_CURVE('',#4411,#4440,#4442,.T.);
#4440 = VERTEX_POINT('',#4441);
#4441 = CARTESIAN_POINT('',(-7.112781390041,19.758753525906,-16.5));
#4442 = SURFACE_CURVE('',#4443,(#4448,#4459),.PCURVE_S1.);
#4443 = CIRCLE('',#4444,21.);
#4444 = AXIS2_PLACEMENT_3D('',#4445,#4446,#4447);
#4445 = CARTESIAN_POINT('',(-8.031959903618E-14,1.337998362233E-14,-16.5
    ));
#4446 = DIRECTION('',(-1.508208300054E-15,1.684502993918E-15,-1.));
#4447 = DIRECTION('',(-0.79210675244,-0.610382578994,1.664706968084E-16)
  );
#4448 = PCURVE('',#1034,#4449);
#4449 = DEFINITIONAL_REPRESENTATION('',(#4450),#4458);
#4450 = ( BOUNDED_CURVE() B_SPLINE_CURVE(2,(#4451,#4452,#4453,#4454,
#4455,#4456,#4457),.UNSPECIFIED.,.T.,.F.) B_SPLINE_CURVE_WITH_KNOTS((1,2
    ,2,2,2,1),(-2.094395102393,0.,2.094395102393,4.188790204786,
6.28318530718,8.377580409573),.UNSPECIFIED.) CURVE() 
GEOMETRIC_REPRESENTATION_ITEM() RATIONAL_B_SPLINE_CURVE((1.,0.5,1.,0.5,
1.,0.5,1.)) REPRESENTATION_ITEM('') );
#4451 = CARTESIAN_POINT('',(21.,0.));
#4452 = CARTESIAN_POINT('',(21.,-36.37306695894));
#4453 = CARTESIAN_POINT('',(-10.5,-18.18653347947));
#4454 = CARTESIAN_POINT('',(-42.,-5.143516556419E-15));
#4455 = CARTESIAN_POINT('',(-10.5,18.186533479473));
#4456 = CARTESIAN_POINT('',(21.,36.373066958946));
#4457 = CARTESIAN_POINT('',(21.,0.));
#4458 = ( GEOMETRIC_REPRESENTATION_CONTEXT(2) 
PARAMETRIC_REPRESENTATION_CONTEXT() REPRESENTATION_CONTEXT('2D SPACE',''
  ) );
#4459 = PCURVE('',#4460,#4465);
#4460 = CYLINDRICAL_SURFACE('',#4461,21.);
#4461 = AXIS2_PLACEMENT_3D('',#4462,#4463,#4464);
#4462 = CARTESIAN_POINT('',(-3.884387078471E-14,-3.294384871041E-14,11.)
  );
#4463 = DIRECTION('',(-1.508208300054E-15,1.684502993918E-15,-1.));
#4464 = DIRECTION('',(0.79210675244,0.610382578994,-1.664706968084E-16)
  );
#4465 = DEFINITIONAL_REPRESENTATION('',(#4466),#4470);
#4466 = LINE('',#4467,#4468);
#4467 = CARTESIAN_POINT('',(3.14159265359,27.5));
#4468 = VECTOR('',#4469,1.);
#4469 = DIRECTION('',(1.,0.));
#4470 = ( GEOMETRIC_REPRESENTATION_CONTEXT(2) 
PARAMETRIC_REPRESENTATION_CONTEXT() REPRESENTATION_CONTEXT('2D SPACE',''
  ) );
#4471 = ORIENTED_EDGE('',*,*,#4472,.T.);
#4472 = EDGE_CURVE('',#4440,#4473,#4475,.T.);
#4473 = VERTEX_POINT('',#4474);
#4474 = CARTESIAN_POINT('',(-5.201338989894,23.236739717788,-16.5));
#4475 = SURFACE_CURVE('',#4476,(#4481,#4488),.PCURVE_S1.);
#4476 = CIRCLE('',#4477,3.);
#4477 = AXIS2_PLACEMENT_3D('',#4478,#4479,#4480);
#4478 = CARTESIAN_POINT('',(-8.12889301719,22.581432601035,-16.5));
#4479 = DIRECTION('',(1.508208300054E-15,-1.684502993918E-15,1.));
#4480 = DIRECTION('',(-0.79210675244,-0.610382578994,1.664706968084E-16)
  );
#4481 = PCURVE('',#1034,#4482);
#4482 = DEFINITIONAL_REPRESENTATION('',(#4483),#4487);
#4483 = CIRCLE('',#4484,3.);
#4484 = AXIS2_PLACEMENT_2D('',#4485,#4486);
#4485 = CARTESIAN_POINT('',(-7.344362019613,-22.84863992724));
#4486 = DIRECTION('',(1.,0.));
#4487 = ( GEOMETRIC_REPRESENTATION_CONTEXT(2) 
PARAMETRIC_REPRESENTATION_CONTEXT() REPRESENTATION_CONTEXT('2D SPACE',''
  ) );
#4488 = PCURVE('',#4489,#4494);
#4489 = CYLINDRICAL_SURFACE('',#4490,3.);
#4490 = AXIS2_PLACEMENT_3D('',#4491,#4492,#4493);
#4491 = CARTESIAN_POINT('',(-8.12889301719,22.581432601035,11.));
#4492 = DIRECTION('',(-1.508208300054E-15,1.684502993918E-15,-1.));
#4493 = DIRECTION('',(0.79210675244,0.610382578994,-1.664706968084E-16)
  );
#4494 = DEFINITIONAL_REPRESENTATION('',(#4495),#4499);
#4495 = LINE('',#4496,#4497);
#4496 = CARTESIAN_POINT('',(3.14159265359,27.5));
#4497 = VECTOR('',#4498,1.);
#4498 = DIRECTION('',(-1.,0.));
#4499 = ( GEOMETRIC_REPRESENTATION_CONTEXT(2) 
PARAMETRIC_REPRESENTATION_CONTEXT() REPRESENTATION_CONTEXT('2D SPACE',''
  ) );
#4500 = ORIENTED_EDGE('',*,*,#4501,.F.);
#4501 = EDGE_CURVE('',#1253,#4473,#4502,.T.);
#4502 = SURFACE_CURVE('',#4503,(#4507,#4514),.PCURVE_S1.);
#4503 = LINE('',#4504,#4505);
#4504 = CARTESIAN_POINT('',(-8.031959903618E-14,1.337998362233E-14,-16.5
    ));
#4505 = VECTOR('',#4506,1.);
#4506 = DIRECTION('',(0.218435705584,-0.975851342432,-1.973271052135E-15
    ));
#4507 = PCURVE('',#1034,#4508);
#4508 = DEFINITIONAL_REPRESENTATION('',(#4509),#4513);
#4509 = LINE('',#4510,#4511);
#4510 = CARTESIAN_POINT('',(0.,0.));
#4511 = VECTOR('',#4512,1.);
#4512 = DIRECTION('',(0.422618261741,0.906307787037));
#4513 = ( GEOMETRIC_REPRESENTATION_CONTEXT(2) 
PARAMETRIC_REPRESENTATION_CONTEXT() REPRESENTATION_CONTEXT('2D SPACE',''
  ) );
#4514 = PCURVE('',#1273,#4515);
#4515 = DEFINITIONAL_REPRESENTATION('',(#4516),#4520);
#4516 = LINE('',#4517,#4518);
#4517 = CARTESIAN_POINT('',(0.,-27.5));
#4518 = VECTOR('',#4519,1.);
#4519 = DIRECTION('',(1.,0.));
#4520 = ( GEOMETRIC_REPRESENTATION_CONTEXT(2) 
PARAMETRIC_REPRESENTATION_CONTEXT() REPRESENTATION_CONTEXT('2D SPACE',''
  ) );
#4521 = ORIENTED_EDGE('',*,*,#1285,.T.);
#4522 = ORIENTED_EDGE('',*,*,#4523,.T.);
#4523 = EDGE_CURVE('',#1286,#4321,#4524,.T.);
#4524 = SURFACE_CURVE('',#4525,(#4530,#4537),.PCURVE_S1.);
#4525 = CIRCLE('',#4526,3.);
#4526 = AXIS2_PLACEMENT_3D('',#4527,#4528,#4529);
#4527 = CARTESIAN_POINT('',(-9.008546712902,26.511244522305,-16.5));
#4528 = DIRECTION('',(1.508208300054E-15,-1.684502993918E-15,1.));
#4529 = DIRECTION('',(-0.79210675244,-0.610382578994,1.664706968084E-16)
  );
#4530 = PCURVE('',#1034,#4531);
#4531 = DEFINITIONAL_REPRESENTATION('',(#4532),#4536);
#4532 = CIRCLE('',#4533,3.);
#4533 = AXIS2_PLACEMENT_2D('',#4534,#4535);
#4534 = CARTESIAN_POINT('',(-9.046271122896,-26.49839577731));
#4535 = DIRECTION('',(1.,0.));
#4536 = ( GEOMETRIC_REPRESENTATION_CONTEXT(2) 
PARAMETRIC_REPRESENTATION_CONTEXT() REPRESENTATION_CONTEXT('2D SPACE',''
  ) );
#4537 = PCURVE('',#1325,#4538);
#4538 = DEFINITIONAL_REPRESENTATION('',(#4539),#4543);
#4539 = LINE('',#4540,#4541);
#4540 = CARTESIAN_POINT('',(9.424777960769,27.5));
#4541 = VECTOR('',#4542,1.);
#4542 = DIRECTION('',(-1.,0.));
#4543 = ( GEOMETRIC_REPRESENTATION_CONTEXT(2) 
PARAMETRIC_REPRESENTATION_CONTEXT() REPRESENTATION_CONTEXT('2D SPACE',''
  ) );
#4544 = FACE_BOUND('',#4545,.T.);
#4545 = EDGE_LOOP('',(#4546,#4574,#4575,#4599,#4627,#4656,#4689,#4718,
    #4746));
#4546 = ORIENTED_EDGE('',*,*,#4547,.F.);
#4547 = EDGE_CURVE('',#1925,#4548,#4550,.T.);
#4548 = VERTEX_POINT('',#4549);
#4549 = CARTESIAN_POINT('',(30.406222234284,-6.038348237665,-16.5));
#4550 = SURFACE_CURVE('',#4551,(#4556,#4567),.PCURVE_S1.);
#4551 = CIRCLE('',#4552,31.);
#4552 = AXIS2_PLACEMENT_3D('',#4553,#4554,#4555);
#4553 = CARTESIAN_POINT('',(-8.031959903618E-14,1.337998362233E-14,-16.5
    ));
#4554 = DIRECTION('',(-1.508208300054E-15,1.684502993918E-15,-1.));
#4555 = DIRECTION('',(-0.79210675244,-0.610382578994,1.664706968084E-16)
  );
#4556 = PCURVE('',#1034,#4557);
#4557 = DEFINITIONAL_REPRESENTATION('',(#4558),#4566);
#4558 = ( BOUNDED_CURVE() B_SPLINE_CURVE(2,(#4559,#4560,#4561,#4562,
#4563,#4564,#4565),.UNSPECIFIED.,.T.,.F.) B_SPLINE_CURVE_WITH_KNOTS((1,2
    ,2,2,2,1),(-2.094395102393,0.,2.094395102393,4.188790204786,
6.28318530718,8.377580409573),.UNSPECIFIED.) CURVE() 
GEOMETRIC_REPRESENTATION_ITEM() RATIONAL_B_SPLINE_CURVE((1.,0.5,1.,0.5,
1.,0.5,1.)) REPRESENTATION_ITEM('') );
#4559 = CARTESIAN_POINT('',(31.,0.));
#4560 = CARTESIAN_POINT('',(31.,-53.69357503463));
#4561 = CARTESIAN_POINT('',(-15.5,-26.84678751731));
#4562 = CARTESIAN_POINT('',(-62.,-7.592810154714E-15));
#4563 = CARTESIAN_POINT('',(-15.5,26.846787517318));
#4564 = CARTESIAN_POINT('',(31.,53.693575034635));
#4565 = CARTESIAN_POINT('',(31.,0.));
#4566 = ( GEOMETRIC_REPRESENTATION_CONTEXT(2) 
PARAMETRIC_REPRESENTATION_CONTEXT() REPRESENTATION_CONTEXT('2D SPACE',''
  ) );
#4567 = PCURVE('',#1945,#4568);
#4568 = DEFINITIONAL_REPRESENTATION('',(#4569),#4573);
#4569 = LINE('',#4570,#4571);
#4570 = CARTESIAN_POINT('',(-3.14159265359,27.5));
#4571 = VECTOR('',#4572,1.);
#4572 = DIRECTION('',(1.,0.));
#4573 = ( GEOMETRIC_REPRESENTATION_CONTEXT(2) 
PARAMETRIC_REPRESENTATION_CONTEXT() REPRESENTATION_CONTEXT('2D SPACE',''
  ) );
#4574 = ORIENTED_EDGE('',*,*,#1957,.T.);
#4575 = ORIENTED_EDGE('',*,*,#4576,.T.);
#4576 = EDGE_CURVE('',#1958,#4577,#4579,.T.);
#4577 = VERTEX_POINT('',#4578);
#4578 = CARTESIAN_POINT('',(27.166551639058,6.080992685607,-16.5));
#4579 = SURFACE_CURVE('',#4580,(#4585,#4592),.PCURVE_S1.);
#4580 = CIRCLE('',#4581,3.);
#4581 = AXIS2_PLACEMENT_3D('',#4582,#4583,#4584);
#4582 = CARTESIAN_POINT('',(27.82185875581,3.153438658311,-16.5));
#4583 = DIRECTION('',(1.508208300054E-15,-1.684502993918E-15,1.));
#4584 = DIRECTION('',(-0.79210675244,-0.610382578994,1.664706968084E-16)
  );
#4585 = PCURVE('',#1034,#4586);
#4586 = DEFINITIONAL_REPRESENTATION('',(#4587),#4591);
#4587 = CIRCLE('',#4588,3.);
#4588 = AXIS2_PLACEMENT_2D('',#4589,#4590);
#4589 = CARTESIAN_POINT('',(-23.96268620686,14.484117845115));
#4590 = DIRECTION('',(1.,0.));
#4591 = ( GEOMETRIC_REPRESENTATION_CONTEXT(2) 
PARAMETRIC_REPRESENTATION_CONTEXT() REPRESENTATION_CONTEXT('2D SPACE',''
  ) );
#4592 = PCURVE('',#1997,#4593);
#4593 = DEFINITIONAL_REPRESENTATION('',(#4594),#4598);
#4594 = LINE('',#4595,#4596);
#4595 = CARTESIAN_POINT('',(9.424777960769,27.5));
#4596 = VECTOR('',#4597,1.);
#4597 = DIRECTION('',(-1.,0.));
#4598 = ( GEOMETRIC_REPRESENTATION_CONTEXT(2) 
PARAMETRIC_REPRESENTATION_CONTEXT() REPRESENTATION_CONTEXT('2D SPACE',''
  ) );
#4599 = ORIENTED_EDGE('',*,*,#4600,.T.);
#4600 = EDGE_CURVE('',#4577,#4601,#4603,.T.);
#4601 = VERTEX_POINT('',#4602);
#4602 = CARTESIAN_POINT('',(23.236739717787,5.201338989894,-16.5));
#4603 = SURFACE_CURVE('',#4604,(#4608,#4615),.PCURVE_S1.);
#4604 = LINE('',#4605,#4606);
#4605 = CARTESIAN_POINT('',(-8.031959903618E-14,1.337998362233E-14,-16.5
    ));
#4606 = VECTOR('',#4607,1.);
#4607 = DIRECTION('',(-0.975851342432,-0.218435705584,1.103831494239E-15
    ));
#4608 = PCURVE('',#1034,#4609);
#4609 = DEFINITIONAL_REPRESENTATION('',(#4610),#4614);
#4610 = LINE('',#4611,#4612);
#4611 = CARTESIAN_POINT('',(0.,0.));
#4612 = VECTOR('',#4613,1.);
#4613 = DIRECTION('',(0.906307787037,-0.422618261741));
#4614 = ( GEOMETRIC_REPRESENTATION_CONTEXT(2) 
PARAMETRIC_REPRESENTATION_CONTEXT() REPRESENTATION_CONTEXT('2D SPACE',''
  ) );
#4615 = PCURVE('',#4616,#4621);
#4616 = PLANE('',#4617);
#4617 = AXIS2_PLACEMENT_3D('',#4618,#4619,#4620);
#4618 = CARTESIAN_POINT('',(-3.884387078471E-14,-3.294384871041E-14,11.)
  );
#4619 = DIRECTION('',(-0.218435705584,0.975851342432,1.973271052135E-15)
  );
#4620 = DIRECTION('',(-0.975851342432,-0.218435705584,1.103831494239E-15
    ));
#4621 = DEFINITIONAL_REPRESENTATION('',(#4622),#4626);
#4622 = LINE('',#4623,#4624);
#4623 = CARTESIAN_POINT('',(0.,-27.5));
#4624 = VECTOR('',#4625,1.);
#4625 = DIRECTION('',(1.,0.));
#4626 = ( GEOMETRIC_REPRESENTATION_CONTEXT(2) 
PARAMETRIC_REPRESENTATION_CONTEXT() REPRESENTATION_CONTEXT('2D SPACE',''
  ) );
#4627 = ORIENTED_EDGE('',*,*,#4628,.T.);
#4628 = EDGE_CURVE('',#4601,#4629,#4631,.T.);
#4629 = VERTEX_POINT('',#4630);
#4630 = CARTESIAN_POINT('',(20.905540980223,1.989561842274,-16.5));
#4631 = SURFACE_CURVE('',#4632,(#4637,#4644),.PCURVE_S1.);
#4632 = CIRCLE('',#4633,3.);
#4633 = AXIS2_PLACEMENT_3D('',#4634,#4635,#4636);
#4634 = CARTESIAN_POINT('',(23.89204683454,2.273784962599,-16.5));
#4635 = DIRECTION('',(1.508208300054E-15,-1.684502993918E-15,1.));
#4636 = DIRECTION('',(-0.79210675244,-0.610382578994,1.664706968084E-16)
  );
#4637 = PCURVE('',#1034,#4638);
#4638 = DEFINITIONAL_REPRESENTATION('',(#4639),#4643);
#4639 = CIRCLE('',#4640,3.);
#4640 = AXIS2_PLACEMENT_2D('',#4641,#4642);
#4641 = CARTESIAN_POINT('',(-20.3129303568,12.782208741833));
#4642 = DIRECTION('',(1.,0.));
#4643 = ( GEOMETRIC_REPRESENTATION_CONTEXT(2) 
PARAMETRIC_REPRESENTATION_CONTEXT() REPRESENTATION_CONTEXT('2D SPACE',''
  ) );
#4644 = PCURVE('',#4645,#4650);
#4645 = CYLINDRICAL_SURFACE('',#4646,3.);
#4646 = AXIS2_PLACEMENT_3D('',#4647,#4648,#4649);
#4647 = CARTESIAN_POINT('',(23.89204683454,2.273784962599,11.));
#4648 = DIRECTION('',(-1.508208300054E-15,1.684502993918E-15,-1.));
#4649 = DIRECTION('',(0.79210675244,0.610382578994,-1.664706968084E-16)
  );
#4650 = DEFINITIONAL_REPRESENTATION('',(#4651),#4655);
#4651 = LINE('',#4652,#4653);
#4652 = CARTESIAN_POINT('',(9.424777960769,27.5));
#4653 = VECTOR('',#4654,1.);
#4654 = DIRECTION('',(-1.,0.));
#4655 = ( GEOMETRIC_REPRESENTATION_CONTEXT(2) 
PARAMETRIC_REPRESENTATION_CONTEXT() REPRESENTATION_CONTEXT('2D SPACE',''
  ) );
#4656 = ORIENTED_EDGE('',*,*,#4657,.T.);
#4657 = EDGE_CURVE('',#4629,#4658,#4660,.T.);
#4658 = VERTEX_POINT('',#4659);
#4659 = CARTESIAN_POINT('',(20.66797319557,-3.719527387612,-16.5));
#4660 = SURFACE_CURVE('',#4661,(#4666,#4677),.PCURVE_S1.);
#4661 = CIRCLE('',#4662,21.);
#4662 = AXIS2_PLACEMENT_3D('',#4663,#4664,#4665);
#4663 = CARTESIAN_POINT('',(-8.031959903618E-14,1.337998362233E-14,-16.5
    ));
#4664 = DIRECTION('',(-1.508208300054E-15,1.684502993918E-15,-1.));
#4665 = DIRECTION('',(-0.79210675244,-0.610382578994,1.664706968084E-16)
  );
#4666 = PCURVE('',#1034,#4667);
#4667 = DEFINITIONAL_REPRESENTATION('',(#4668),#4676);
#4668 = ( BOUNDED_CURVE() B_SPLINE_CURVE(2,(#4669,#4670,#4671,#4672,
#4673,#4674,#4675),.UNSPECIFIED.,.T.,.F.) B_SPLINE_CURVE_WITH_KNOTS((1,2
    ,2,2,2,1),(-2.094395102393,0.,2.094395102393,4.188790204786,
6.28318530718,8.377580409573),.UNSPECIFIED.) CURVE() 
GEOMETRIC_REPRESENTATION_ITEM() RATIONAL_B_SPLINE_CURVE((1.,0.5,1.,0.5,
1.,0.5,1.)) REPRESENTATION_ITEM('') );
#4669 = CARTESIAN_POINT('',(21.,0.));
#4670 = CARTESIAN_POINT('',(21.,-36.37306695894));
#4671 = CARTESIAN_POINT('',(-10.5,-18.18653347947));
#4672 = CARTESIAN_POINT('',(-42.,-5.143516556419E-15));
#4673 = CARTESIAN_POINT('',(-10.5,18.186533479473));
#4674 = CARTESIAN_POINT('',(21.,36.373066958946));
#4675 = CARTESIAN_POINT('',(21.,0.));
#4676 = ( GEOMETRIC_REPRESENTATION_CONTEXT(2) 
PARAMETRIC_REPRESENTATION_CONTEXT() REPRESENTATION_CONTEXT('2D SPACE',''
  ) );
#4677 = PCURVE('',#4678,#4683);
#4678 = CYLINDRICAL_SURFACE('',#4679,21.);
#4679 = AXIS2_PLACEMENT_3D('',#4680,#4681,#4682);
#4680 = CARTESIAN_POINT('',(-3.884387078471E-14,-3.294384871041E-14,11.)
  );
#4681 = DIRECTION('',(-1.508208300054E-15,1.684502993918E-15,-1.));
#4682 = DIRECTION('',(0.79210675244,0.610382578994,-1.664706968084E-16)
  );
#4683 = DEFINITIONAL_REPRESENTATION('',(#4684),#4688);
#4684 = LINE('',#4685,#4686);
#4685 = CARTESIAN_POINT('',(-3.14159265359,27.5));
#4686 = VECTOR('',#4687,1.);
#4687 = DIRECTION('',(1.,0.));
#4688 = ( GEOMETRIC_REPRESENTATION_CONTEXT(2) 
PARAMETRIC_REPRESENTATION_CONTEXT() REPRESENTATION_CONTEXT('2D SPACE',''
  ) );
#4689 = ORIENTED_EDGE('',*,*,#4690,.T.);
#4690 = EDGE_CURVE('',#4658,#4691,#4693,.T.);
#4691 = VERTEX_POINT('',#4692);
#4692 = CARTESIAN_POINT('',(22.724276391678,-7.113878159951,-16.5));
#4693 = SURFACE_CURVE('',#4694,(#4699,#4706),.PCURVE_S1.);
#4694 = CIRCLE('',#4695,3.);
#4695 = AXIS2_PLACEMENT_3D('',#4696,#4697,#4698);
#4696 = CARTESIAN_POINT('',(23.620540794937,-4.250888442985,-16.5));
#4697 = DIRECTION('',(1.508208300054E-15,-1.684502993918E-15,1.));
#4698 = DIRECTION('',(-0.79210675244,-0.610382578994,1.664706968084E-16)
  );
#4699 = PCURVE('',#1034,#4700);
#4700 = DEFINITIONAL_REPRESENTATION('',(#4701),#4705);
#4701 = CIRCLE('',#4702,3.);
#4702 = AXIS2_PLACEMENT_2D('',#4703,#4704);
#4703 = CARTESIAN_POINT('',(-16.11532160911,17.784724047196));
#4704 = DIRECTION('',(1.,0.));
#4705 = ( GEOMETRIC_REPRESENTATION_CONTEXT(2) 
PARAMETRIC_REPRESENTATION_CONTEXT() REPRESENTATION_CONTEXT('2D SPACE',''
  ) );
#4706 = PCURVE('',#4707,#4712);
#4707 = CYLINDRICAL_SURFACE('',#4708,3.);
#4708 = AXIS2_PLACEMENT_3D('',#4709,#4710,#4711);
#4709 = CARTESIAN_POINT('',(23.620540794937,-4.250888442985,11.));
#4710 = DIRECTION('',(-1.508208300054E-15,1.684502993918E-15,-1.));
#4711 = DIRECTION('',(0.79210675244,0.610382578994,-1.664706968084E-16)
  );
#4712 = DEFINITIONAL_REPRESENTATION('',(#4713),#4717);
#4713 = LINE('',#4714,#4715);
#4714 = CARTESIAN_POINT('',(9.424777960769,27.5));
#4715 = VECTOR('',#4716,1.);
#4716 = DIRECTION('',(-1.,0.));
#4717 = ( GEOMETRIC_REPRESENTATION_CONTEXT(2) 
PARAMETRIC_REPRESENTATION_CONTEXT() REPRESENTATION_CONTEXT('2D SPACE',''
  ) );
#4718 = ORIENTED_EDGE('',*,*,#4719,.F.);
#4719 = EDGE_CURVE('',#4720,#4691,#4722,.T.);
#4720 = VERTEX_POINT('',#4721);
#4721 = CARTESIAN_POINT('',(26.567420195449,-8.316981673566,-16.5));
#4722 = SURFACE_CURVE('',#4723,(#4727,#4734),.PCURVE_S1.);
#4723 = LINE('',#4724,#4725);
#4724 = CARTESIAN_POINT('',(-8.031959903618E-14,1.337998362233E-14,-16.5
    ));
#4725 = VECTOR('',#4726,1.);
#4726 = DIRECTION('',(-0.954329905655,0.298754801086,1.942581641576E-15)
  );
#4727 = PCURVE('',#1034,#4728);
#4728 = DEFINITIONAL_REPRESENTATION('',(#4729),#4733);
#4729 = LINE('',#4730,#4731);
#4730 = CARTESIAN_POINT('',(0.,0.));
#4731 = VECTOR('',#4732,1.);
#4732 = DIRECTION('',(0.573576436351,-0.819152044289));
#4733 = ( GEOMETRIC_REPRESENTATION_CONTEXT(2) 
PARAMETRIC_REPRESENTATION_CONTEXT() REPRESENTATION_CONTEXT('2D SPACE',''
  ) );
#4734 = PCURVE('',#4735,#4740);
#4735 = PLANE('',#4736);
#4736 = AXIS2_PLACEMENT_3D('',#4737,#4738,#4739);
#4737 = CARTESIAN_POINT('',(-3.884387078471E-14,-3.294384871041E-14,11.)
  );
#4738 = DIRECTION('',(0.298754801086,0.954329905655,1.156987112582E-15)
  );
#4739 = DIRECTION('',(-0.954329905655,0.298754801086,1.942581641576E-15)
  );
#4740 = DEFINITIONAL_REPRESENTATION('',(#4741),#4745);
#4741 = LINE('',#4742,#4743);
#4742 = CARTESIAN_POINT('',(0.,-27.5));
#4743 = VECTOR('',#4744,1.);
#4744 = DIRECTION('',(1.,0.));
#4745 = ( GEOMETRIC_REPRESENTATION_CONTEXT(2) 
PARAMETRIC_REPRESENTATION_CONTEXT() REPRESENTATION_CONTEXT('2D SPACE',''
  ) );
#4746 = ORIENTED_EDGE('',*,*,#4747,.T.);
#4747 = EDGE_CURVE('',#4720,#4548,#4748,.T.);
#4748 = SURFACE_CURVE('',#4749,(#4754,#4761),.PCURVE_S1.);
#4749 = CIRCLE('',#4750,3.);
#4750 = AXIS2_PLACEMENT_3D('',#4751,#4752,#4753);
#4751 = CARTESIAN_POINT('',(27.463684598708,-5.453991956601,-16.5));
#4752 = DIRECTION('',(1.508208300054E-15,-1.684502993918E-15,1.));
#4753 = DIRECTION('',(-0.79210675244,-0.610382578994,1.664706968084E-16)
  );
#4754 = PCURVE('',#1034,#4755);
#4755 = DEFINITIONAL_REPRESENTATION('',(#4756),#4760);
#4756 = CIRCLE('',#4757,3.);
#4757 = AXIS2_PLACEMENT_2D('',#4758,#4759);
#4758 = CARTESIAN_POINT('',(-18.42514834123,21.083498490605));
#4759 = DIRECTION('',(1.,0.));
#4760 = ( GEOMETRIC_REPRESENTATION_CONTEXT(2) 
PARAMETRIC_REPRESENTATION_CONTEXT() REPRESENTATION_CONTEXT('2D SPACE',''
  ) );
#4761 = PCURVE('',#4762,#4767);
#4762 = CYLINDRICAL_SURFACE('',#4763,3.);
#4763 = AXIS2_PLACEMENT_3D('',#4764,#4765,#4766);
#4764 = CARTESIAN_POINT('',(27.463684598708,-5.453991956601,11.));
#4765 = DIRECTION('',(-1.508208300054E-15,1.684502993918E-15,-1.));
#4766 = DIRECTION('',(0.79210675244,0.610382578994,-1.664706968084E-16)
  );
#4767 = DEFINITIONAL_REPRESENTATION('',(#4768),#4772);
#4768 = LINE('',#4769,#4770);
#4769 = CARTESIAN_POINT('',(3.14159265359,27.5));
#4770 = VECTOR('',#4771,1.);
#4771 = DIRECTION('',(-1.,0.));
#4772 = ( GEOMETRIC_REPRESENTATION_CONTEXT(2) 
PARAMETRIC_REPRESENTATION_CONTEXT() REPRESENTATION_CONTEXT('2D SPACE',''
  ) );
#4773 = FACE_BOUND('',#4774,.T.);
#4774 = EDGE_LOOP('',(#4775,#4803,#4832,#4860,#4882,#4883,#4911,#4940,
    #4968,#4990));
#4775 = ORIENTED_EDGE('',*,*,#4776,.F.);
#4776 = EDGE_CURVE('',#4777,#2070,#4779,.T.);
#4777 = VERTEX_POINT('',#4778);
#4778 = CARTESIAN_POINT('',(21.352123535339,22.4741367027,-16.5));
#4779 = SURFACE_CURVE('',#4780,(#4785,#4796),.PCURVE_S1.);
#4780 = CIRCLE('',#4781,31.);
#4781 = AXIS2_PLACEMENT_3D('',#4782,#4783,#4784);
#4782 = CARTESIAN_POINT('',(-8.031959903618E-14,1.337998362233E-14,-16.5
    ));
#4783 = DIRECTION('',(-1.508208300054E-15,1.684502993918E-15,-1.));
#4784 = DIRECTION('',(-0.79210675244,-0.610382578994,1.664706968084E-16)
  );
#4785 = PCURVE('',#1034,#4786);
#4786 = DEFINITIONAL_REPRESENTATION('',(#4787),#4795);
#4787 = ( BOUNDED_CURVE() B_SPLINE_CURVE(2,(#4788,#4789,#4790,#4791,
#4792,#4793,#4794),.UNSPECIFIED.,.T.,.F.) B_SPLINE_CURVE_WITH_KNOTS((1,2
    ,2,2,2,1),(-2.094395102393,0.,2.094395102393,4.188790204786,
6.28318530718,8.377580409573),.UNSPECIFIED.) CURVE() 
GEOMETRIC_REPRESENTATION_ITEM() RATIONAL_B_SPLINE_CURVE((1.,0.5,1.,0.5,
1.,0.5,1.)) REPRESENTATION_ITEM('') );
#4788 = CARTESIAN_POINT('',(31.,2.75335310107E-13));
#4789 = CARTESIAN_POINT('',(31.,-53.69357503463));
#4790 = CARTESIAN_POINT('',(-15.5,-26.84678751731));
#4791 = CARTESIAN_POINT('',(-62.,-5.582634303688E-13));
#4792 = CARTESIAN_POINT('',(-15.5,26.846787517317));
#4793 = CARTESIAN_POINT('',(30.999999999999,53.693575034635));
#4794 = CARTESIAN_POINT('',(31.,2.75335310107E-13));
#4795 = ( GEOMETRIC_REPRESENTATION_CONTEXT(2) 
PARAMETRIC_REPRESENTATION_CONTEXT() REPRESENTATION_CONTEXT('2D SPACE',''
  ) );
#4796 = PCURVE('',#2113,#4797);
#4797 = DEFINITIONAL_REPRESENTATION('',(#4798),#4802);
#4798 = LINE('',#4799,#4800);
#4799 = CARTESIAN_POINT('',(3.14159265359,27.5));
#4800 = VECTOR('',#4801,1.);
#4801 = DIRECTION('',(1.,0.));
#4802 = ( GEOMETRIC_REPRESENTATION_CONTEXT(2) 
PARAMETRIC_REPRESENTATION_CONTEXT() REPRESENTATION_CONTEXT('2D SPACE',''
  ) );
#4803 = ORIENTED_EDGE('',*,*,#4804,.T.);
#4804 = EDGE_CURVE('',#4777,#4805,#4807,.T.);
#4805 = VERTEX_POINT('',#4806);
#4806 = CARTESIAN_POINT('',(16.901999168903,22.120633446952,-16.5));
#4807 = SURFACE_CURVE('',#4808,(#4813,#4820),.PCURVE_S1.);
#4808 = CIRCLE('',#4809,3.);
#4809 = AXIS2_PLACEMENT_3D('',#4810,#4811,#4812);
#4810 = CARTESIAN_POINT('',(19.285788999661,20.2992202476,-16.5));
#4811 = DIRECTION('',(1.508208300054E-15,-1.684502993918E-15,1.));
#4812 = DIRECTION('',(-0.79210675244,-0.610382578994,1.664706968084E-16)
  );
#4813 = PCURVE('',#1034,#4814);
#4814 = DEFINITIONAL_REPRESENTATION('',(#4815),#4819);
#4815 = CIRCLE('',#4816,3.);
#4816 = AXIS2_PLACEMENT_2D('',#4817,#4818);
#4817 = CARTESIAN_POINT('',(-27.66669409905,-4.30743979985));
#4818 = DIRECTION('',(1.,0.));
#4819 = ( GEOMETRIC_REPRESENTATION_CONTEXT(2) 
PARAMETRIC_REPRESENTATION_CONTEXT() REPRESENTATION_CONTEXT('2D SPACE',''
  ) );
#4820 = PCURVE('',#4821,#4826);
#4821 = CYLINDRICAL_SURFACE('',#4822,3.);
#4822 = AXIS2_PLACEMENT_3D('',#4823,#4824,#4825);
#4823 = CARTESIAN_POINT('',(19.285788999661,20.2992202476,11.));
#4824 = DIRECTION('',(-1.508208300054E-15,1.684502993918E-15,-1.));
#4825 = DIRECTION('',(0.79210675244,0.610382578994,-1.664706968084E-16)
  );
#4826 = DEFINITIONAL_REPRESENTATION('',(#4827),#4831);
#4827 = LINE('',#4828,#4829);
#4828 = CARTESIAN_POINT('',(9.424777960769,27.5));
#4829 = VECTOR('',#4830,1.);
#4830 = DIRECTION('',(-1.,0.));
#4831 = ( GEOMETRIC_REPRESENTATION_CONTEXT(2) 
PARAMETRIC_REPRESENTATION_CONTEXT() REPRESENTATION_CONTEXT('2D SPACE',''
  ) );
#4832 = ORIENTED_EDGE('',*,*,#4833,.T.);
#4833 = EDGE_CURVE('',#4805,#4834,#4836,.T.);
#4834 = VERTEX_POINT('',#4835);
#4835 = CARTESIAN_POINT('',(14.457019080529,18.920745210092,-16.5));
#4836 = SURFACE_CURVE('',#4837,(#4841,#4848),.PCURVE_S1.);
#4837 = LINE('',#4838,#4839);
#4838 = CARTESIAN_POINT('',(-8.031959903618E-14,1.337998362233E-14,-16.5
    ));
#4839 = VECTOR('',#4840,1.);
#4840 = DIRECTION('',(-0.607137733117,-0.794596610253,
    -4.228102005642E-16));
#4841 = PCURVE('',#1034,#4842);
#4842 = DEFINITIONAL_REPRESENTATION('',(#4843),#4847);
#4843 = LINE('',#4844,#4845);
#4844 = CARTESIAN_POINT('',(0.,0.));
#4845 = VECTOR('',#4846,1.);
#4846 = DIRECTION('',(0.965925826289,0.258819045103));
#4847 = ( GEOMETRIC_REPRESENTATION_CONTEXT(2) 
PARAMETRIC_REPRESENTATION_CONTEXT() REPRESENTATION_CONTEXT('2D SPACE',''
  ) );
#4848 = PCURVE('',#4849,#4854);
#4849 = PLANE('',#4850);
#4850 = AXIS2_PLACEMENT_3D('',#4851,#4852,#4853);
#4851 = CARTESIAN_POINT('',(-3.884387078471E-14,-3.294384871041E-14,11.)
  );
#4852 = DIRECTION('',(-0.794596610253,0.607137733117,2.221142531934E-15)
  );
#4853 = DIRECTION('',(-0.607137733117,-0.794596610253,
    -4.228102005642E-16));
#4854 = DEFINITIONAL_REPRESENTATION('',(#4855),#4859);
#4855 = LINE('',#4856,#4857);
#4856 = CARTESIAN_POINT('',(0.,-27.5));
#4857 = VECTOR('',#4858,1.);
#4858 = DIRECTION('',(1.,0.));
#4859 = ( GEOMETRIC_REPRESENTATION_CONTEXT(2) 
PARAMETRIC_REPRESENTATION_CONTEXT() REPRESENTATION_CONTEXT('2D SPACE',''
  ) );
#4860 = ORIENTED_EDGE('',*,*,#4861,.T.);
#4861 = EDGE_CURVE('',#4834,#2218,#4862,.T.);
#4862 = SURFACE_CURVE('',#4863,(#4868,#4875),.PCURVE_S1.);
#4863 = CIRCLE('',#4864,3.);
#4864 = AXIS2_PLACEMENT_3D('',#4865,#4866,#4867);
#4865 = CARTESIAN_POINT('',(16.840808911288,17.099332010739,-16.5));
#4866 = DIRECTION('',(1.508208300054E-15,-1.684502993918E-15,1.));
#4867 = DIRECTION('',(-0.79210675244,-0.610382578994,1.664706968084E-16)
  );
#4868 = PCURVE('',#1034,#4869);
#4869 = DEFINITIONAL_REPRESENTATION('',(#4870),#4874);
#4870 = CIRCLE('',#4871,3.);
#4871 = AXIS2_PLACEMENT_2D('',#4872,#4873);
#4872 = CARTESIAN_POINT('',(-23.77685282696,-3.265159972309));
#4873 = DIRECTION('',(1.,0.));
#4874 = ( GEOMETRIC_REPRESENTATION_CONTEXT(2) 
PARAMETRIC_REPRESENTATION_CONTEXT() REPRESENTATION_CONTEXT('2D SPACE',''
  ) );
#4875 = PCURVE('',#2259,#4876);
#4876 = DEFINITIONAL_REPRESENTATION('',(#4877),#4881);
#4877 = LINE('',#4878,#4879);
#4878 = CARTESIAN_POINT('',(9.424777960769,27.5));
#4879 = VECTOR('',#4880,1.);
#4880 = DIRECTION('',(-1.,0.));
#4881 = ( GEOMETRIC_REPRESENTATION_CONTEXT(2) 
PARAMETRIC_REPRESENTATION_CONTEXT() REPRESENTATION_CONTEXT('2D SPACE',''
  ) );
#4882 = ORIENTED_EDGE('',*,*,#2217,.T.);
#4883 = ORIENTED_EDGE('',*,*,#4884,.T.);
#4884 = EDGE_CURVE('',#2190,#4885,#4887,.T.);
#4885 = VERTEX_POINT('',#4886);
#4886 = CARTESIAN_POINT('',(18.223452135645,10.435793801137,-16.5));
#4887 = SURFACE_CURVE('',#4888,(#4893,#4904),.PCURVE_S1.);
#4888 = CIRCLE('',#4889,21.);
#4889 = AXIS2_PLACEMENT_3D('',#4890,#4891,#4892);
#4890 = CARTESIAN_POINT('',(-8.031959903618E-14,1.337998362233E-14,-16.5
    ));
#4891 = DIRECTION('',(-1.508208300054E-15,1.684502993918E-15,-1.));
#4892 = DIRECTION('',(-0.79210675244,-0.610382578994,1.664706968084E-16)
  );
#4893 = PCURVE('',#1034,#4894);
#4894 = DEFINITIONAL_REPRESENTATION('',(#4895),#4903);
#4895 = ( BOUNDED_CURVE() B_SPLINE_CURVE(2,(#4896,#4897,#4898,#4899,
#4900,#4901,#4902),.UNSPECIFIED.,.T.,.F.) B_SPLINE_CURVE_WITH_KNOTS((1,2
    ,2,2,2,1),(-2.094395102393,0.,2.094395102393,4.188790204786,
6.28318530718,8.377580409573),.UNSPECIFIED.) CURVE() 
GEOMETRIC_REPRESENTATION_ITEM() RATIONAL_B_SPLINE_CURVE((1.,0.5,1.,0.5,
1.,0.5,1.)) REPRESENTATION_ITEM('') );
#4896 = CARTESIAN_POINT('',(21.,0.));
#4897 = CARTESIAN_POINT('',(21.,-36.37306695894));
#4898 = CARTESIAN_POINT('',(-10.5,-18.18653347947));
#4899 = CARTESIAN_POINT('',(-42.,-5.143516556419E-15));
#4900 = CARTESIAN_POINT('',(-10.5,18.186533479473));
#4901 = CARTESIAN_POINT('',(21.,36.373066958946));
#4902 = CARTESIAN_POINT('',(21.,0.));
#4903 = ( GEOMETRIC_REPRESENTATION_CONTEXT(2) 
PARAMETRIC_REPRESENTATION_CONTEXT() REPRESENTATION_CONTEXT('2D SPACE',''
  ) );
#4904 = PCURVE('',#2205,#4905);
#4905 = DEFINITIONAL_REPRESENTATION('',(#4906),#4910);
#4906 = LINE('',#4907,#4908);
#4907 = CARTESIAN_POINT('',(-3.14159265359,27.5));
#4908 = VECTOR('',#4909,1.);
#4909 = DIRECTION('',(1.,0.));
#4910 = ( GEOMETRIC_REPRESENTATION_CONTEXT(2) 
PARAMETRIC_REPRESENTATION_CONTEXT() REPRESENTATION_CONTEXT('2D SPACE',''
  ) );
#4911 = ORIENTED_EDGE('',*,*,#4912,.T.);
#4912 = EDGE_CURVE('',#4885,#4913,#4915,.T.);
#4913 = VERTEX_POINT('',#4914);
#4914 = CARTESIAN_POINT('',(21.980518391781,9.157336470207,-16.5));
#4915 = SURFACE_CURVE('',#4916,(#4921,#4928),.PCURVE_S1.);
#4916 = CIRCLE('',#4917,3.);
#4917 = AXIS2_PLACEMENT_3D('',#4918,#4919,#4920);
#4918 = CARTESIAN_POINT('',(20.826802440737,11.926621487014,-16.5));
#4919 = DIRECTION('',(1.508208300054E-15,-1.684502993918E-15,1.));
#4920 = DIRECTION('',(-0.79210675244,-0.610382578994,1.664706968084E-16)
  );
#4921 = PCURVE('',#1034,#4922);
#4922 = DEFINITIONAL_REPRESENTATION('',(#4923),#4927);
#4923 = CIRCLE('',#4924,3.);
#4924 = AXIS2_PLACEMENT_2D('',#4925,#4926);
#4925 = CARTESIAN_POINT('',(-23.77685282696,3.265159972309));
#4926 = DIRECTION('',(1.,0.));
#4927 = ( GEOMETRIC_REPRESENTATION_CONTEXT(2) 
PARAMETRIC_REPRESENTATION_CONTEXT() REPRESENTATION_CONTEXT('2D SPACE',''
  ) );
#4928 = PCURVE('',#4929,#4934);
#4929 = CYLINDRICAL_SURFACE('',#4930,3.);
#4930 = AXIS2_PLACEMENT_3D('',#4931,#4932,#4933);
#4931 = CARTESIAN_POINT('',(20.826802440737,11.926621487014,11.));
#4932 = DIRECTION('',(-1.508208300054E-15,1.684502993918E-15,-1.));
#4933 = DIRECTION('',(0.79210675244,0.610382578994,-1.664706968084E-16)
  );
#4934 = DEFINITIONAL_REPRESENTATION('',(#4935),#4939);
#4935 = LINE('',#4936,#4937);
#4936 = CARTESIAN_POINT('',(9.424777960769,27.5));
#4937 = VECTOR('',#4938,1.);
#4938 = DIRECTION('',(-1.,0.));
#4939 = ( GEOMETRIC_REPRESENTATION_CONTEXT(2) 
PARAMETRIC_REPRESENTATION_CONTEXT() REPRESENTATION_CONTEXT('2D SPACE',''
  ) );
#4940 = ORIENTED_EDGE('',*,*,#4941,.F.);
#4941 = EDGE_CURVE('',#4942,#4913,#4944,.T.);
#4942 = VERTEX_POINT('',#4943);
#4943 = CARTESIAN_POINT('',(25.697877378489,10.706030928413,-16.5));
#4944 = SURFACE_CURVE('',#4945,(#4949,#4956),.PCURVE_S1.);
#4945 = LINE('',#4946,#4947);
#4946 = CARTESIAN_POINT('',(-8.031959903618E-14,1.337998362233E-14,-16.5
    ));
#4947 = VECTOR('',#4948,1.);
#4948 = DIRECTION('',(-0.923095005602,-0.384571983681,7.444068912993E-16
    ));
#4949 = PCURVE('',#1034,#4950);
#4950 = DEFINITIONAL_REPRESENTATION('',(#4951),#4955);
#4951 = LINE('',#4952,#4953);
#4952 = CARTESIAN_POINT('',(0.,0.));
#4953 = VECTOR('',#4954,1.);
#4954 = DIRECTION('',(0.965925826289,-0.258819045103));
#4955 = ( GEOMETRIC_REPRESENTATION_CONTEXT(2) 
PARAMETRIC_REPRESENTATION_CONTEXT() REPRESENTATION_CONTEXT('2D SPACE',''
  ) );
#4956 = PCURVE('',#4957,#4962);
#4957 = PLANE('',#4958);
#4958 = AXIS2_PLACEMENT_3D('',#4959,#4960,#4961);
#4959 = CARTESIAN_POINT('',(-3.884387078471E-14,-3.294384871041E-14,11.)
  );
#4960 = DIRECTION('',(-0.384571983681,0.923095005602,2.134970958363E-15)
  );
#4961 = DIRECTION('',(-0.923095005602,-0.384571983681,7.444068912993E-16
    ));
#4962 = DEFINITIONAL_REPRESENTATION('',(#4963),#4967);
#4963 = LINE('',#4964,#4965);
#4964 = CARTESIAN_POINT('',(0.,-27.5));
#4965 = VECTOR('',#4966,1.);
#4966 = DIRECTION('',(1.,0.));
#4967 = ( GEOMETRIC_REPRESENTATION_CONTEXT(2) 
PARAMETRIC_REPRESENTATION_CONTEXT() REPRESENTATION_CONTEXT('2D SPACE',''
  ) );
#4968 = ORIENTED_EDGE('',*,*,#4969,.T.);
#4969 = EDGE_CURVE('',#4942,#2035,#4970,.T.);
#4970 = SURFACE_CURVE('',#4971,(#4976,#4983),.PCURVE_S1.);
#4971 = CIRCLE('',#4972,3.);
#4972 = AXIS2_PLACEMENT_3D('',#4973,#4974,#4975);
#4973 = CARTESIAN_POINT('',(24.544161427446,13.475315945219,-16.5));
#4974 = DIRECTION('',(1.508208300054E-15,-1.684502993918E-15,1.));
#4975 = DIRECTION('',(-0.79210675244,-0.610382578994,1.664706968084E-16)
  );
#4976 = PCURVE('',#1034,#4977);
#4977 = DEFINITIONAL_REPRESENTATION('',(#4978),#4982);
#4978 = CIRCLE('',#4979,3.);
#4979 = AXIS2_PLACEMENT_2D('',#4980,#4981);
#4980 = CARTESIAN_POINT('',(-27.66669409905,4.30743979985));
#4981 = DIRECTION('',(1.,0.));
#4982 = ( GEOMETRIC_REPRESENTATION_CONTEXT(2) 
PARAMETRIC_REPRESENTATION_CONTEXT() REPRESENTATION_CONTEXT('2D SPACE',''
  ) );
#4983 = PCURVE('',#2057,#4984);
#4984 = DEFINITIONAL_REPRESENTATION('',(#4985),#4989);
#4985 = LINE('',#4986,#4987);
#4986 = CARTESIAN_POINT('',(3.14159265359,27.5));
#4987 = VECTOR('',#4988,1.);
#4988 = DIRECTION('',(-1.,0.));
#4989 = ( GEOMETRIC_REPRESENTATION_CONTEXT(2) 
PARAMETRIC_REPRESENTATION_CONTEXT() REPRESENTATION_CONTEXT('2D SPACE',''
  ) );
#4990 = ORIENTED_EDGE('',*,*,#2069,.F.);
#4991 = FACE_BOUND('',#4992,.T.);
#4992 = EDGE_LOOP('',(#4993,#4994));
#4993 = ORIENTED_EDGE('',*,*,#2274,.F.);
#4994 = ORIENTED_EDGE('',*,*,#4995,.F.);
#4995 = EDGE_CURVE('',#2277,#2275,#4996,.T.);
#4996 = SURFACE_CURVE('',#4997,(#5002,#5013),.PCURVE_S1.);
#4997 = CIRCLE('',#4998,20.);
#4998 = AXIS2_PLACEMENT_3D('',#4999,#5000,#5001);
#4999 = CARTESIAN_POINT('',(-8.031959903618E-14,1.337998362233E-14,-16.5
    ));
#5000 = DIRECTION('',(-1.508208300054E-15,1.684502993918E-15,-1.));
#5001 = DIRECTION('',(0.79210675244,0.610382578994,-1.664706968084E-16)
  );
#5002 = PCURVE('',#1034,#5003);
#5003 = DEFINITIONAL_REPRESENTATION('',(#5004),#5012);
#5004 = ( BOUNDED_CURVE() B_SPLINE_CURVE(2,(#5005,#5006,#5007,#5008,
#5009,#5010,#5011),.UNSPECIFIED.,.T.,.F.) B_SPLINE_CURVE_WITH_KNOTS((1,2
    ,2,2,2,1),(-2.094395102393,0.,2.094395102393,4.188790204786,
6.28318530718,8.377580409573),.UNSPECIFIED.) CURVE() 
GEOMETRIC_REPRESENTATION_ITEM() RATIONAL_B_SPLINE_CURVE((1.,0.5,1.,0.5,
1.,0.5,1.)) REPRESENTATION_ITEM('') );
#5005 = CARTESIAN_POINT('',(-20.,0.));
#5006 = CARTESIAN_POINT('',(-20.,34.641016151378));
#5007 = CARTESIAN_POINT('',(10.,17.320508075689));
#5008 = CARTESIAN_POINT('',(40.,4.898587196589E-15));
#5009 = CARTESIAN_POINT('',(10.,-17.32050807568));
#5010 = CARTESIAN_POINT('',(-20.,-34.64101615137));
#5011 = CARTESIAN_POINT('',(-20.,0.));
#5012 = ( GEOMETRIC_REPRESENTATION_CONTEXT(2) 
PARAMETRIC_REPRESENTATION_CONTEXT() REPRESENTATION_CONTEXT('2D SPACE',''
  ) );
#5013 = PCURVE('',#2325,#5014);
#5014 = DEFINITIONAL_REPRESENTATION('',(#5015),#5019);
#5015 = LINE('',#5016,#5017);
#5016 = CARTESIAN_POINT('',(0.,-1.5));
#5017 = VECTOR('',#5018,1.);
#5018 = DIRECTION('',(1.,0.));
#5019 = ( GEOMETRIC_REPRESENTATION_CONTEXT(2) 
PARAMETRIC_REPRESENTATION_CONTEXT() REPRESENTATION_CONTEXT('2D SPACE',''
  ) );
#5020 = ADVANCED_FACE('',(#5021),#2537,.T.);
#5021 = FACE_BOUND('',#5022,.T.);
#5022 = EDGE_LOOP('',(#5023,#5024,#5025,#5026));
#5023 = ORIENTED_EDGE('',*,*,#2523,.F.);
#5024 = ORIENTED_EDGE('',*,*,#2885,.F.);
#5025 = ORIENTED_EDGE('',*,*,#2550,.T.);
#5026 = ORIENTED_EDGE('',*,*,#5027,.T.);
#5027 = EDGE_CURVE('',#1051,#1080,#5028,.T.);
#5028 = SURFACE_CURVE('',#5029,(#5034,#5041),.PCURVE_S1.);
#5029 = CIRCLE('',#5030,35.);
#5030 = AXIS2_PLACEMENT_3D('',#5031,#5032,#5033);
#5031 = CARTESIAN_POINT('',(-7.881139073613E-14,1.169548062841E-14,-15.5
    ));
#5032 = DIRECTION('',(1.508208300054E-15,-1.684502993918E-15,1.));
#5033 = DIRECTION('',(-0.79210675244,-0.610382578994,1.664706968084E-16)
  );
#5034 = PCURVE('',#2537,#5035);
#5035 = DEFINITIONAL_REPRESENTATION('',(#5036),#5040);
#5036 = LINE('',#5037,#5038);
#5037 = CARTESIAN_POINT('',(9.424777960769,12.));
#5038 = VECTOR('',#5039,1.);
#5039 = DIRECTION('',(-1.,0.));
#5040 = ( GEOMETRIC_REPRESENTATION_CONTEXT(2) 
PARAMETRIC_REPRESENTATION_CONTEXT() REPRESENTATION_CONTEXT('2D SPACE',''
  ) );
#5041 = PCURVE('',#1067,#5042);
#5042 = DEFINITIONAL_REPRESENTATION('',(#5043),#5047);
#5043 = LINE('',#5044,#5045);
#5044 = CARTESIAN_POINT('',(0.,6.28318530718));
#5045 = VECTOR('',#5046,1.);
#5046 = DIRECTION('',(1.,0.));
#5047 = ( GEOMETRIC_REPRESENTATION_CONTEXT(2) 
PARAMETRIC_REPRESENTATION_CONTEXT() REPRESENTATION_CONTEXT('2D SPACE',''
  ) );
#5048 = ADVANCED_FACE('',(#5049),#2408,.F.);
#5049 = FACE_BOUND('',#5050,.F.);
#5050 = EDGE_LOOP('',(#5051,#5052,#5053,#5075));
#5051 = ORIENTED_EDGE('',*,*,#2781,.F.);
#5052 = ORIENTED_EDGE('',*,*,#2385,.F.);
#5053 = ORIENTED_EDGE('',*,*,#5054,.T.);
#5054 = EDGE_CURVE('',#2386,#2445,#5055,.T.);
#5055 = SURFACE_CURVE('',#5056,(#5061,#5068),.PCURVE_S1.);
#5056 = CIRCLE('',#5057,18.8);
#5057 = AXIS2_PLACEMENT_3D('',#5058,#5059,#5060);
#5058 = CARTESIAN_POINT('',(-7.850974907612E-14,1.135858002963E-14,-15.3
    ));
#5059 = DIRECTION('',(-1.508208300054E-15,1.684502993918E-15,-1.));
#5060 = DIRECTION('',(0.79210675244,0.610382578994,-1.664706968084E-16)
  );
#5061 = PCURVE('',#2408,#5062);
#5062 = DEFINITIONAL_REPRESENTATION('',(#5063),#5067);
#5063 = LINE('',#5064,#5065);
#5064 = CARTESIAN_POINT('',(0.,-2.7));
#5065 = VECTOR('',#5066,1.);
#5066 = DIRECTION('',(1.,0.));
#5067 = ( GEOMETRIC_REPRESENTATION_CONTEXT(2) 
PARAMETRIC_REPRESENTATION_CONTEXT() REPRESENTATION_CONTEXT('2D SPACE',''
  ) );
#5068 = PCURVE('',#1235,#5069);
#5069 = DEFINITIONAL_REPRESENTATION('',(#5070),#5074);
#5070 = CIRCLE('',#5071,18.8);
#5071 = AXIS2_PLACEMENT_2D('',#5072,#5073);
#5072 = CARTESIAN_POINT('',(0.,-20.));
#5073 = DIRECTION('',(1.,0.));
#5074 = ( GEOMETRIC_REPRESENTATION_CONTEXT(2) 
PARAMETRIC_REPRESENTATION_CONTEXT() REPRESENTATION_CONTEXT('2D SPACE',''
  ) );
#5075 = ORIENTED_EDGE('',*,*,#2444,.T.);
#5076 = ADVANCED_FACE('',(#5077,#5276,#5475,#5674,#5873,#6072,#6271,
    #6470,#6669,#6867,#6871),#1235,.F.);
#5077 = FACE_BOUND('',#5078,.T.);
#5078 = EDGE_LOOP('',(#5079,#5104,#5128,#5156,#5180,#5203,#5225,#5226,
    #5254));
#5079 = ORIENTED_EDGE('',*,*,#5080,.F.);
#5080 = EDGE_CURVE('',#5081,#5083,#5085,.T.);
#5081 = VERTEX_POINT('',#5082);
#5082 = CARTESIAN_POINT('',(12.835092915709,-20.05643013711,-15.3));
#5083 = VERTEX_POINT('',#5084);
#5084 = CARTESIAN_POINT('',(15.005771838972,-23.44838611752,-15.3));
#5085 = SURFACE_CURVE('',#5086,(#5090,#5097),.PCURVE_S1.);
#5086 = LINE('',#5087,#5088);
#5087 = CARTESIAN_POINT('',(10.739441810113,-16.78171445978,-15.3));
#5088 = VECTOR('',#5089,1.);
#5089 = DIRECTION('',(0.539023236657,-0.842290894136,-2.231800852369E-15
    ));
#5090 = PCURVE('',#1235,#5091);
#5091 = DEFINITIONAL_REPRESENTATION('',(#5092),#5096);
#5092 = LINE('',#5093,#5094);
#5093 = CARTESIAN_POINT('',(-1.736481776669,-0.151922469878));
#5094 = VECTOR('',#5095,1.);
#5095 = DIRECTION('',(-8.715574274766E-02,0.996194698092));
#5096 = ( GEOMETRIC_REPRESENTATION_CONTEXT(2) 
PARAMETRIC_REPRESENTATION_CONTEXT() REPRESENTATION_CONTEXT('2D SPACE',''
  ) );
#5097 = PCURVE('',#3132,#5098);
#5098 = DEFINITIONAL_REPRESENTATION('',(#5099),#5103);
#5099 = LINE('',#5100,#5101);
#5100 = CARTESIAN_POINT('',(-19.92389396183,-26.3));
#5101 = VECTOR('',#5102,1.);
#5102 = DIRECTION('',(-1.,0.));
#5103 = ( GEOMETRIC_REPRESENTATION_CONTEXT(2) 
PARAMETRIC_REPRESENTATION_CONTEXT() REPRESENTATION_CONTEXT('2D SPACE',''
  ) );
#5104 = ORIENTED_EDGE('',*,*,#5105,.T.);
#5105 = EDGE_CURVE('',#5081,#5106,#5108,.T.);
#5106 = VERTEX_POINT('',#5107);
#5107 = CARTESIAN_POINT('',(13.441719898352,-16.13444037375,-15.3));
#5108 = SURFACE_CURVE('',#5109,(#5114,#5121),.PCURVE_S1.);
#5109 = CIRCLE('',#5110,3.);
#5110 = AXIS2_PLACEMENT_3D('',#5111,#5112,#5113);
#5111 = CARTESIAN_POINT('',(15.361965598116,-18.43936042714,-15.3));
#5112 = DIRECTION('',(-1.508208300054E-15,1.684502993918E-15,-1.));
#5113 = DIRECTION('',(0.79210675244,0.610382578994,-1.664706968084E-16)
  );
#5114 = PCURVE('',#1235,#5115);
#5115 = DEFINITIONAL_REPRESENTATION('',(#5116),#5120);
#5116 = CIRCLE('',#5117,3.);
#5117 = AXIS2_PLACEMENT_2D('',#5118,#5119);
#5118 = CARTESIAN_POINT('',(0.913252308502,3.982618085209));
#5119 = DIRECTION('',(1.,0.));
#5120 = ( GEOMETRIC_REPRESENTATION_CONTEXT(2) 
PARAMETRIC_REPRESENTATION_CONTEXT() REPRESENTATION_CONTEXT('2D SPACE',''
  ) );
#5121 = PCURVE('',#3104,#5122);
#5122 = DEFINITIONAL_REPRESENTATION('',(#5123),#5127);
#5123 = LINE('',#5124,#5125);
#5124 = CARTESIAN_POINT('',(0.,26.3));
#5125 = VECTOR('',#5126,1.);
#5126 = DIRECTION('',(1.,0.));
#5127 = ( GEOMETRIC_REPRESENTATION_CONTEXT(2) 
PARAMETRIC_REPRESENTATION_CONTEXT() REPRESENTATION_CONTEXT('2D SPACE',''
  ) );
#5128 = ORIENTED_EDGE('',*,*,#5129,.T.);
#5129 = EDGE_CURVE('',#5106,#5130,#5132,.T.);
#5130 = VERTEX_POINT('',#5131);
#5131 = CARTESIAN_POINT('',(17.293439199214,-11.91372992236,-15.3));
#5132 = SURFACE_CURVE('',#5133,(#5138,#5149),.PCURVE_S1.);
#5133 = CIRCLE('',#5134,21.);
#5134 = AXIS2_PLACEMENT_3D('',#5135,#5136,#5137);
#5135 = CARTESIAN_POINT('',(-7.850974907612E-14,1.135858002963E-14,-15.3
    ));
#5136 = DIRECTION('',(1.508208300054E-15,-1.684502993918E-15,1.));
#5137 = DIRECTION('',(0.79210675244,0.610382578994,-1.664706968084E-16)
  );
#5138 = PCURVE('',#1235,#5139);
#5139 = DEFINITIONAL_REPRESENTATION('',(#5140),#5148);
#5140 = ( BOUNDED_CURVE() B_SPLINE_CURVE(2,(#5141,#5142,#5143,#5144,
#5145,#5146,#5147),.UNSPECIFIED.,.T.,.F.) B_SPLINE_CURVE_WITH_KNOTS((1,2
    ,2,2,2,1),(-2.094395102393,0.,2.094395102393,4.188790204786,
6.28318530718,8.377580409573),.UNSPECIFIED.) CURVE() 
GEOMETRIC_REPRESENTATION_ITEM() RATIONAL_B_SPLINE_CURVE((1.,0.5,1.,0.5,
1.,0.5,1.)) REPRESENTATION_ITEM('') );
#5141 = CARTESIAN_POINT('',(21.,-20.));
#5142 = CARTESIAN_POINT('',(21.,-56.37306695894));
#5143 = CARTESIAN_POINT('',(-10.5,-38.18653347947));
#5144 = CARTESIAN_POINT('',(-42.,-19.99999999999));
#5145 = CARTESIAN_POINT('',(-10.5,-1.813466520527));
#5146 = CARTESIAN_POINT('',(21.,16.373066958946));
#5147 = CARTESIAN_POINT('',(21.,-20.));
#5148 = ( GEOMETRIC_REPRESENTATION_CONTEXT(2) 
PARAMETRIC_REPRESENTATION_CONTEXT() REPRESENTATION_CONTEXT('2D SPACE',''
  ) );
#5149 = PCURVE('',#3075,#5150);
#5150 = DEFINITIONAL_REPRESENTATION('',(#5151),#5155);
#5151 = LINE('',#5152,#5153);
#5152 = CARTESIAN_POINT('',(6.28318530718,26.3));
#5153 = VECTOR('',#5154,1.);
#5154 = DIRECTION('',(-1.,0.));
#5155 = ( GEOMETRIC_REPRESENTATION_CONTEXT(2) 
PARAMETRIC_REPRESENTATION_CONTEXT() REPRESENTATION_CONTEXT('2D SPACE',''
  ) );
#5156 = ORIENTED_EDGE('',*,*,#5157,.T.);
#5157 = EDGE_CURVE('',#5130,#5158,#5160,.T.);
#5158 = VERTEX_POINT('',#5159);
#5159 = CARTESIAN_POINT('',(21.143731593497,-10.95183155011,-15.3));
#5160 = SURFACE_CURVE('',#5161,(#5166,#5173),.PCURVE_S1.);
#5161 = CIRCLE('',#5162,3.);
#5162 = AXIS2_PLACEMENT_3D('',#5163,#5164,#5165);
#5163 = CARTESIAN_POINT('',(19.763930513388,-13.61569133984,-15.3));
#5164 = DIRECTION('',(-1.508208300054E-15,1.684502993918E-15,-1.));
#5165 = DIRECTION('',(0.79210675244,0.610382578994,-1.664706968084E-16)
  );
#5166 = PCURVE('',#1235,#5167);
#5167 = DEFINITIONAL_REPRESENTATION('',(#5168),#5172);
#5168 = CIRCLE('',#5169,3.);
#5169 = AXIS2_PLACEMENT_2D('',#5170,#5171);
#5170 = CARTESIAN_POINT('',(7.344362019613,2.848639927244));
#5171 = DIRECTION('',(1.,0.));
#5172 = ( GEOMETRIC_REPRESENTATION_CONTEXT(2) 
PARAMETRIC_REPRESENTATION_CONTEXT() REPRESENTATION_CONTEXT('2D SPACE',''
  ) );
#5173 = PCURVE('',#3042,#5174);
#5174 = DEFINITIONAL_REPRESENTATION('',(#5175),#5179);
#5175 = LINE('',#5176,#5177);
#5176 = CARTESIAN_POINT('',(-8.881784197001E-16,26.3));
#5177 = VECTOR('',#5178,1.);
#5178 = DIRECTION('',(1.,0.));
#5179 = ( GEOMETRIC_REPRESENTATION_CONTEXT(2) 
PARAMETRIC_REPRESENTATION_CONTEXT() REPRESENTATION_CONTEXT('2D SPACE',''
  ) );
#5180 = ORIENTED_EDGE('',*,*,#5181,.T.);
#5181 = EDGE_CURVE('',#5158,#5182,#5184,.T.);
#5182 = VERTEX_POINT('',#5183);
#5183 = CARTESIAN_POINT('',(24.719572674707,-12.80401213604,-15.3));
#5184 = SURFACE_CURVE('',#5185,(#5189,#5196),.PCURVE_S1.);
#5185 = LINE('',#5186,#5187);
#5186 = CARTESIAN_POINT('',(16.09517914003,-8.336829756428,-15.3));
#5187 = VECTOR('',#5188,1.);
#5188 = DIRECTION('',(0.887953263243,-0.45993369337,-2.113978165167E-15)
  );
#5189 = PCURVE('',#1235,#5190);
#5190 = DEFINITIONAL_REPRESENTATION('',(#5191),#5195);
#5191 = LINE('',#5192,#5193);
#5192 = CARTESIAN_POINT('',(7.66044443119,-3.572123903135));
#5193 = VECTOR('',#5194,1.);
#5194 = DIRECTION('',(0.422618261741,0.906307787037));
#5195 = ( GEOMETRIC_REPRESENTATION_CONTEXT(2) 
PARAMETRIC_REPRESENTATION_CONTEXT() REPRESENTATION_CONTEXT('2D SPACE',''
  ) );
#5196 = PCURVE('',#3013,#5197);
#5197 = DEFINITIONAL_REPRESENTATION('',(#5198),#5202);
#5198 = LINE('',#5199,#5200);
#5199 = CARTESIAN_POINT('',(-18.12615574073,-26.3));
#5200 = VECTOR('',#5201,1.);
#5201 = DIRECTION('',(-1.,0.));
#5202 = ( GEOMETRIC_REPRESENTATION_CONTEXT(2) 
PARAMETRIC_REPRESENTATION_CONTEXT() REPRESENTATION_CONTEXT('2D SPACE',''
  ) );
#5203 = ORIENTED_EDGE('',*,*,#5204,.T.);
#5204 = EDGE_CURVE('',#5182,#1870,#5205,.T.);
#5205 = SURFACE_CURVE('',#5206,(#5211,#5218),.PCURVE_S1.);
#5206 = CIRCLE('',#5207,3.);
#5207 = AXIS2_PLACEMENT_3D('',#5208,#5209,#5210);
#5208 = CARTESIAN_POINT('',(23.339771594599,-15.46787192576,-15.3));
#5209 = DIRECTION('',(-1.508208300054E-15,1.684502993918E-15,-1.));
#5210 = DIRECTION('',(0.79210675244,0.610382578994,-1.664706968084E-16)
  );
#5211 = PCURVE('',#1235,#5212);
#5212 = DEFINITIONAL_REPRESENTATION('',(#5213),#5217);
#5213 = CIRCLE('',#5214,3.);
#5214 = AXIS2_PLACEMENT_2D('',#5215,#5216);
#5215 = CARTESIAN_POINT('',(9.046271122895,6.498395777312));
#5216 = DIRECTION('',(1.,0.));
#5217 = ( GEOMETRIC_REPRESENTATION_CONTEXT(2) 
PARAMETRIC_REPRESENTATION_CONTEXT() REPRESENTATION_CONTEXT('2D SPACE',''
  ) );
#5218 = PCURVE('',#1885,#5219);
#5219 = DEFINITIONAL_REPRESENTATION('',(#5220),#5224);
#5220 = LINE('',#5221,#5222);
#5221 = CARTESIAN_POINT('',(0.,26.3));
#5222 = VECTOR('',#5223,1.);
#5223 = DIRECTION('',(1.,0.));
#5224 = ( GEOMETRIC_REPRESENTATION_CONTEXT(2) 
PARAMETRIC_REPRESENTATION_CONTEXT() REPRESENTATION_CONTEXT('2D SPACE',''
  ) );
#5225 = ORIENTED_EDGE('',*,*,#1897,.T.);
#5226 = ORIENTED_EDGE('',*,*,#5227,.F.);
#5227 = EDGE_CURVE('',#5228,#1811,#5230,.T.);
#5228 = VERTEX_POINT('',#5229);
#5229 = CARTESIAN_POINT('',(19.41114214867,-24.17038602265,-15.3));
#5230 = SURFACE_CURVE('',#5231,(#5236,#5247),.PCURVE_S1.);
#5231 = CIRCLE('',#5232,31.);
#5232 = AXIS2_PLACEMENT_3D('',#5233,#5234,#5235);
#5233 = CARTESIAN_POINT('',(-7.850974907612E-14,1.135858002963E-14,-15.3
    ));
#5234 = DIRECTION('',(1.508208300054E-15,-1.684502993918E-15,1.));
#5235 = DIRECTION('',(0.79210675244,0.610382578994,-1.664706968084E-16)
  );
#5236 = PCURVE('',#1235,#5237);
#5237 = DEFINITIONAL_REPRESENTATION('',(#5238),#5246);
#5238 = ( BOUNDED_CURVE() B_SPLINE_CURVE(2,(#5239,#5240,#5241,#5242,
#5243,#5244,#5245),.UNSPECIFIED.,.T.,.F.) B_SPLINE_CURVE_WITH_KNOTS((1,2
    ,2,2,2,1),(-2.094395102393,0.,2.094395102393,4.188790204786,
6.28318530718,8.377580409573),.UNSPECIFIED.) CURVE() 
GEOMETRIC_REPRESENTATION_ITEM() RATIONAL_B_SPLINE_CURVE((1.,0.5,1.,0.5,
1.,0.5,1.)) REPRESENTATION_ITEM('') );
#5239 = CARTESIAN_POINT('',(31.,-20.));
#5240 = CARTESIAN_POINT('',(31.,-73.69357503463));
#5241 = CARTESIAN_POINT('',(-15.5,-46.84678751731));
#5242 = CARTESIAN_POINT('',(-62.,-20.));
#5243 = CARTESIAN_POINT('',(-15.5,6.846787517318));
#5244 = CARTESIAN_POINT('',(31.,33.693575034635));
#5245 = CARTESIAN_POINT('',(31.,-20.));
#5246 = ( GEOMETRIC_REPRESENTATION_CONTEXT(2) 
PARAMETRIC_REPRESENTATION_CONTEXT() REPRESENTATION_CONTEXT('2D SPACE',''
  ) );
#5247 = PCURVE('',#1833,#5248);
#5248 = DEFINITIONAL_REPRESENTATION('',(#5249),#5253);
#5249 = LINE('',#5250,#5251);
#5250 = CARTESIAN_POINT('',(6.28318530718,26.3));
#5251 = VECTOR('',#5252,1.);
#5252 = DIRECTION('',(-1.,0.));
#5253 = ( GEOMETRIC_REPRESENTATION_CONTEXT(2) 
PARAMETRIC_REPRESENTATION_CONTEXT() REPRESENTATION_CONTEXT('2D SPACE',''
  ) );
#5254 = ORIENTED_EDGE('',*,*,#5255,.T.);
#5255 = EDGE_CURVE('',#5228,#5083,#5256,.T.);
#5256 = SURFACE_CURVE('',#5257,(#5262,#5269),.PCURVE_S1.);
#5257 = CIRCLE('',#5258,3.);
#5258 = AXIS2_PLACEMENT_3D('',#5259,#5260,#5261);
#5259 = CARTESIAN_POINT('',(17.53264452138,-21.83131640755,-15.3));
#5260 = DIRECTION('',(-1.508208300054E-15,1.684502993918E-15,-1.));
#5261 = DIRECTION('',(0.79210675244,0.610382578994,-1.664706968084E-16)
  );
#5262 = PCURVE('',#1235,#5263);
#5263 = DEFINITIONAL_REPRESENTATION('',(#5264),#5268);
#5264 = CIRCLE('',#5265,3.);
#5265 = AXIS2_PLACEMENT_2D('',#5266,#5267);
#5266 = CARTESIAN_POINT('',(0.562270901843,7.99435392062));
#5267 = DIRECTION('',(1.,0.));
#5268 = ( GEOMETRIC_REPRESENTATION_CONTEXT(2) 
PARAMETRIC_REPRESENTATION_CONTEXT() REPRESENTATION_CONTEXT('2D SPACE',''
  ) );
#5269 = PCURVE('',#3159,#5270);
#5270 = DEFINITIONAL_REPRESENTATION('',(#5271),#5275);
#5271 = LINE('',#5272,#5273);
#5272 = CARTESIAN_POINT('',(0.,26.3));
#5273 = VECTOR('',#5274,1.);
#5274 = DIRECTION('',(1.,0.));
#5275 = ( GEOMETRIC_REPRESENTATION_CONTEXT(2) 
PARAMETRIC_REPRESENTATION_CONTEXT() REPRESENTATION_CONTEXT('2D SPACE',''
  ) );
#5276 = FACE_BOUND('',#5277,.T.);
#5277 = EDGE_LOOP('',(#5278,#5303,#5327,#5355,#5377,#5378,#5401,#5425,
    #5453));
#5278 = ORIENTED_EDGE('',*,*,#5279,.F.);
#5279 = EDGE_CURVE('',#5280,#5282,#5284,.T.);
#5280 = VERTEX_POINT('',#5281);
#5281 = CARTESIAN_POINT('',(-17.52293740178,-16.12286155783,-15.3));
#5282 = VERTEX_POINT('',#5283);
#5283 = CARTESIAN_POINT('',(-20.48642750984,-18.84956996549,-15.3));
#5284 = SURFACE_CURVE('',#5285,(#5289,#5296),.PCURVE_S1.);
#5285 = LINE('',#5286,#5287);
#5286 = CARTESIAN_POINT('',(-1.282748111818,-1.180257039456,-15.3));
#5287 = VECTOR('',#5288,1.);
#5288 = DIRECTION('',(-0.735894200071,-0.677096541345,
    -3.068941055938E-17));
#5289 = PCURVE('',#1235,#5290);
#5290 = DEFINITIONAL_REPRESENTATION('',(#5291),#5295);
#5291 = LINE('',#5292,#5293);
#5292 = CARTESIAN_POINT('',(-1.736481776669,-19.84807753012));
#5293 = VECTOR('',#5294,1.);
#5294 = DIRECTION('',(-0.996194698092,8.715574274765E-02));
#5295 = ( GEOMETRIC_REPRESENTATION_CONTEXT(2) 
PARAMETRIC_REPRESENTATION_CONTEXT() REPRESENTATION_CONTEXT('2D SPACE',''
  ) );
#5296 = PCURVE('',#3361,#5297);
#5297 = DEFINITIONAL_REPRESENTATION('',(#5298),#5302);
#5298 = LINE('',#5299,#5300);
#5299 = CARTESIAN_POINT('',(-1.743114854953,-26.3));
#5300 = VECTOR('',#5301,1.);
#5301 = DIRECTION('',(-1.,0.));
#5302 = ( GEOMETRIC_REPRESENTATION_CONTEXT(2) 
PARAMETRIC_REPRESENTATION_CONTEXT() REPRESENTATION_CONTEXT('2D SPACE',''
  ) );
#5303 = ORIENTED_EDGE('',*,*,#5304,.T.);
#5304 = EDGE_CURVE('',#5280,#5305,#5307,.T.);
#5305 = VERTEX_POINT('',#5306);
#5306 = CARTESIAN_POINT('',(-13.55519180552,-16.03922613829,-15.3));
#5307 = SURFACE_CURVE('',#5308,(#5313,#5320),.PCURVE_S1.);
#5308 = CIRCLE('',#5309,3.);
#5309 = AXIS2_PLACEMENT_3D('',#5310,#5311,#5312);
#5310 = CARTESIAN_POINT('',(-15.49164777774,-18.33054415805,-15.3));
#5311 = DIRECTION('',(-1.508208300054E-15,1.684502993918E-15,-1.));
#5312 = DIRECTION('',(0.79210675244,0.610382578994,-1.664706968084E-16)
  );
#5313 = PCURVE('',#1235,#5314);
#5314 = DEFINITIONAL_REPRESENTATION('',(#5315),#5319);
#5315 = CIRCLE('',#5316,3.);
#5316 = AXIS2_PLACEMENT_2D('',#5317,#5318);
#5317 = CARTESIAN_POINT('',(-23.45968362872,-14.93608411995));
#5318 = DIRECTION('',(1.,0.));
#5319 = ( GEOMETRIC_REPRESENTATION_CONTEXT(2) 
PARAMETRIC_REPRESENTATION_CONTEXT() REPRESENTATION_CONTEXT('2D SPACE',''
  ) );
#5320 = PCURVE('',#3333,#5321);
#5321 = DEFINITIONAL_REPRESENTATION('',(#5322),#5326);
#5322 = LINE('',#5323,#5324);
#5323 = CARTESIAN_POINT('',(0.,26.3));
#5324 = VECTOR('',#5325,1.);
#5325 = DIRECTION('',(1.,0.));
#5326 = ( GEOMETRIC_REPRESENTATION_CONTEXT(2) 
PARAMETRIC_REPRESENTATION_CONTEXT() REPRESENTATION_CONTEXT('2D SPACE',''
  ) );
#5327 = ORIENTED_EDGE('',*,*,#5328,.T.);
#5328 = EDGE_CURVE('',#5305,#5329,#5331,.T.);
#5329 = VERTEX_POINT('',#5330);
#5330 = CARTESIAN_POINT('',(-8.729759392302,-19.09951048986,-15.3));
#5331 = SURFACE_CURVE('',#5332,(#5337,#5348),.PCURVE_S1.);
#5332 = CIRCLE('',#5333,21.);
#5333 = AXIS2_PLACEMENT_3D('',#5334,#5335,#5336);
#5334 = CARTESIAN_POINT('',(-7.850974907612E-14,1.135858002963E-14,-15.3
    ));
#5335 = DIRECTION('',(1.508208300054E-15,-1.684502993918E-15,1.));
#5336 = DIRECTION('',(0.79210675244,0.610382578994,-1.664706968084E-16)
  );
#5337 = PCURVE('',#1235,#5338);
#5338 = DEFINITIONAL_REPRESENTATION('',(#5339),#5347);
#5339 = ( BOUNDED_CURVE() B_SPLINE_CURVE(2,(#5340,#5341,#5342,#5343,
#5344,#5345,#5346),.UNSPECIFIED.,.T.,.F.) B_SPLINE_CURVE_WITH_KNOTS((1,2
    ,2,2,2,1),(-2.094395102393,0.,2.094395102393,4.188790204786,
6.28318530718,8.377580409573),.UNSPECIFIED.) CURVE() 
GEOMETRIC_REPRESENTATION_ITEM() RATIONAL_B_SPLINE_CURVE((1.,0.5,1.,0.5,
1.,0.5,1.)) REPRESENTATION_ITEM('') );
#5340 = CARTESIAN_POINT('',(21.,-20.));
#5341 = CARTESIAN_POINT('',(21.,-56.37306695894));
#5342 = CARTESIAN_POINT('',(-10.5,-38.18653347947));
#5343 = CARTESIAN_POINT('',(-42.,-20.));
#5344 = CARTESIAN_POINT('',(-10.5,-1.813466520527));
#5345 = CARTESIAN_POINT('',(21.,16.373066958946));
#5346 = CARTESIAN_POINT('',(21.,-20.));
#5347 = ( GEOMETRIC_REPRESENTATION_CONTEXT(2) 
PARAMETRIC_REPRESENTATION_CONTEXT() REPRESENTATION_CONTEXT('2D SPACE',''
  ) );
#5348 = PCURVE('',#3304,#5349);
#5349 = DEFINITIONAL_REPRESENTATION('',(#5350),#5354);
#5350 = LINE('',#5351,#5352);
#5351 = CARTESIAN_POINT('',(6.28318530718,26.3));
#5352 = VECTOR('',#5353,1.);
#5353 = DIRECTION('',(-1.,0.));
#5354 = ( GEOMETRIC_REPRESENTATION_CONTEXT(2) 
PARAMETRIC_REPRESENTATION_CONTEXT() REPRESENTATION_CONTEXT('2D SPACE',''
  ) );
#5355 = ORIENTED_EDGE('',*,*,#5356,.T.);
#5356 = EDGE_CURVE('',#5329,#1646,#5357,.T.);
#5357 = SURFACE_CURVE('',#5358,(#5363,#5370),.PCURVE_S1.);
#5358 = CIRCLE('',#5359,3.);
#5359 = AXIS2_PLACEMENT_3D('',#5360,#5361,#5362);
#5360 = CARTESIAN_POINT('',(-9.976867876916,-21.82801198841,-15.3));
#5361 = DIRECTION('',(-1.508208300054E-15,1.684502993918E-15,-1.));
#5362 = DIRECTION('',(0.79210675244,0.610382578994,-1.664706968084E-16)
  );
#5363 = PCURVE('',#1235,#5364);
#5364 = DEFINITIONAL_REPRESENTATION('',(#5365),#5369);
#5365 = CIRCLE('',#5366,3.);
#5366 = AXIS2_PLACEMENT_2D('',#5367,#5368);
#5367 = CARTESIAN_POINT('',(-21.2261826653,-8.799590656623));
#5368 = DIRECTION('',(1.,0.));
#5369 = ( GEOMETRIC_REPRESENTATION_CONTEXT(2) 
PARAMETRIC_REPRESENTATION_CONTEXT() REPRESENTATION_CONTEXT('2D SPACE',''
  ) );
#5370 = PCURVE('',#1661,#5371);
#5371 = DEFINITIONAL_REPRESENTATION('',(#5372),#5376);
#5372 = LINE('',#5373,#5374);
#5373 = CARTESIAN_POINT('',(0.,26.3));
#5374 = VECTOR('',#5375,1.);
#5375 = DIRECTION('',(1.,0.));
#5376 = ( GEOMETRIC_REPRESENTATION_CONTEXT(2) 
PARAMETRIC_REPRESENTATION_CONTEXT() REPRESENTATION_CONTEXT('2D SPACE',''
  ) );
#5377 = ORIENTED_EDGE('',*,*,#1673,.T.);
#5378 = ORIENTED_EDGE('',*,*,#5379,.T.);
#5379 = EDGE_CURVE('',#1587,#5380,#5382,.T.);
#5380 = VERTEX_POINT('',#5381);
#5381 = CARTESIAN_POINT('',(-8.316981673566,-26.56742019544,-15.3));
#5382 = SURFACE_CURVE('',#5383,(#5387,#5394),.PCURVE_S1.);
#5383 = LINE('',#5384,#5385);
#5384 = CARTESIAN_POINT('',(-3.427174282998,-10.94762292777,-15.3));
#5385 = VECTOR('',#5386,1.);
#5386 = DIRECTION('',(-0.298754801086,-0.954329905655,
    -1.156987112582E-15));
#5387 = PCURVE('',#1235,#5388);
#5388 = DEFINITIONAL_REPRESENTATION('',(#5389),#5393);
#5389 = LINE('',#5390,#5391);
#5390 = CARTESIAN_POINT('',(-9.396926207859,-13.42020143325));
#5391 = VECTOR('',#5392,1.);
#5392 = DIRECTION('',(-0.819152044289,0.573576436351));
#5393 = ( GEOMETRIC_REPRESENTATION_CONTEXT(2) 
PARAMETRIC_REPRESENTATION_CONTEXT() REPRESENTATION_CONTEXT('2D SPACE',''
  ) );
#5394 = PCURVE('',#1609,#5395);
#5395 = DEFINITIONAL_REPRESENTATION('',(#5396),#5400);
#5396 = LINE('',#5397,#5398);
#5397 = CARTESIAN_POINT('',(-11.47152872702,-26.3));
#5398 = VECTOR('',#5399,1.);
#5399 = DIRECTION('',(-1.,0.));
#5400 = ( GEOMETRIC_REPRESENTATION_CONTEXT(2) 
PARAMETRIC_REPRESENTATION_CONTEXT() REPRESENTATION_CONTEXT('2D SPACE',''
  ) );
#5401 = ORIENTED_EDGE('',*,*,#5402,.T.);
#5402 = EDGE_CURVE('',#5380,#5403,#5405,.T.);
#5403 = VERTEX_POINT('',#5404);
#5404 = CARTESIAN_POINT('',(-12.37782546808,-28.42163676992,-15.3));
#5405 = SURFACE_CURVE('',#5406,(#5411,#5418),.PCURVE_S1.);
#5406 = CIRCLE('',#5407,3.);
#5407 = AXIS2_PLACEMENT_3D('',#5408,#5409,#5410);
#5408 = CARTESIAN_POINT('',(-11.17997139053,-25.67115579219,-15.3));
#5409 = DIRECTION('',(-1.508208300054E-15,1.684502993918E-15,-1.));
#5410 = DIRECTION('',(0.79210675244,0.610382578994,-1.664706968084E-16)
  );
#5411 = PCURVE('',#1235,#5412);
#5412 = DEFINITIONAL_REPRESENTATION('',(#5413),#5417);
#5413 = CIRCLE('',#5414,3.);
#5414 = AXIS2_PLACEMENT_2D('',#5415,#5416);
#5415 = CARTESIAN_POINT('',(-24.52495710871,-6.489763924495));
#5416 = DIRECTION('',(1.,0.));
#5417 = ( GEOMETRIC_REPRESENTATION_CONTEXT(2) 
PARAMETRIC_REPRESENTATION_CONTEXT() REPRESENTATION_CONTEXT('2D SPACE',''
  ) );
#5418 = PCURVE('',#3225,#5419);
#5419 = DEFINITIONAL_REPRESENTATION('',(#5420),#5424);
#5420 = LINE('',#5421,#5422);
#5421 = CARTESIAN_POINT('',(6.661338147751E-16,26.3));
#5422 = VECTOR('',#5423,1.);
#5423 = DIRECTION('',(1.,0.));
#5424 = ( GEOMETRIC_REPRESENTATION_CONTEXT(2) 
PARAMETRIC_REPRESENTATION_CONTEXT() REPRESENTATION_CONTEXT('2D SPACE',''
  ) );
#5425 = ORIENTED_EDGE('',*,*,#5426,.F.);
#5426 = EDGE_CURVE('',#5427,#5403,#5429,.T.);
#5427 = VERTEX_POINT('',#5428);
#5428 = CARTESIAN_POINT('',(-20.43247408785,-23.31338676917,-15.3));
#5429 = SURFACE_CURVE('',#5430,(#5435,#5446),.PCURVE_S1.);
#5430 = CIRCLE('',#5431,31.);
#5431 = AXIS2_PLACEMENT_3D('',#5432,#5433,#5434);
#5432 = CARTESIAN_POINT('',(-7.850974907612E-14,1.135858002963E-14,-15.3
    ));
#5433 = DIRECTION('',(1.508208300054E-15,-1.684502993918E-15,1.));
#5434 = DIRECTION('',(0.79210675244,0.610382578994,-1.664706968084E-16)
  );
#5435 = PCURVE('',#1235,#5436);
#5436 = DEFINITIONAL_REPRESENTATION('',(#5437),#5445);
#5437 = ( BOUNDED_CURVE() B_SPLINE_CURVE(2,(#5438,#5439,#5440,#5441,
#5442,#5443,#5444),.UNSPECIFIED.,.T.,.F.) B_SPLINE_CURVE_WITH_KNOTS((1,2
    ,2,2,2,1),(-2.094395102393,0.,2.094395102393,4.188790204786,
6.28318530718,8.377580409573),.UNSPECIFIED.) CURVE() 
GEOMETRIC_REPRESENTATION_ITEM() RATIONAL_B_SPLINE_CURVE((1.,0.5,1.,0.5,
1.,0.5,1.)) REPRESENTATION_ITEM('') );
#5438 = CARTESIAN_POINT('',(31.,-20.));
#5439 = CARTESIAN_POINT('',(31.,-73.69357503463));
#5440 = CARTESIAN_POINT('',(-15.5,-46.84678751731));
#5441 = CARTESIAN_POINT('',(-62.,-20.));
#5442 = CARTESIAN_POINT('',(-15.5,6.846787517318));
#5443 = CARTESIAN_POINT('',(31.,33.693575034635));
#5444 = CARTESIAN_POINT('',(31.,-20.));
#5445 = ( GEOMETRIC_REPRESENTATION_CONTEXT(2) 
PARAMETRIC_REPRESENTATION_CONTEXT() REPRESENTATION_CONTEXT('2D SPACE',''
  ) );
#5446 = PCURVE('',#3196,#5447);
#5447 = DEFINITIONAL_REPRESENTATION('',(#5448),#5452);
#5448 = LINE('',#5449,#5450);
#5449 = CARTESIAN_POINT('',(6.28318530718,26.3));
#5450 = VECTOR('',#5451,1.);
#5451 = DIRECTION('',(-1.,0.));
#5452 = ( GEOMETRIC_REPRESENTATION_CONTEXT(2) 
PARAMETRIC_REPRESENTATION_CONTEXT() REPRESENTATION_CONTEXT('2D SPACE',''
  ) );
#5453 = ORIENTED_EDGE('',*,*,#5454,.T.);
#5454 = EDGE_CURVE('',#5427,#5282,#5455,.T.);
#5455 = SURFACE_CURVE('',#5456,(#5461,#5468),.PCURVE_S1.);
#5456 = CIRCLE('',#5457,3.);
#5457 = AXIS2_PLACEMENT_3D('',#5458,#5459,#5460);
#5458 = CARTESIAN_POINT('',(-18.4551378858,-21.0572525657,-15.3));
#5459 = DIRECTION('',(-1.508208300054E-15,1.684502993918E-15,-1.));
#5460 = DIRECTION('',(0.79210675244,0.610382578994,-1.664706968084E-16)
  );
#5461 = PCURVE('',#1235,#5462);
#5462 = DEFINITIONAL_REPRESENTATION('',(#5463),#5467);
#5463 = CIRCLE('',#5464,3.);
#5464 = AXIS2_PLACEMENT_2D('',#5465,#5466);
#5465 = CARTESIAN_POINT('',(-27.47141946413,-14.58510271329));
#5466 = DIRECTION('',(1.,0.));
#5467 = ( GEOMETRIC_REPRESENTATION_CONTEXT(2) 
PARAMETRIC_REPRESENTATION_CONTEXT() REPRESENTATION_CONTEXT('2D SPACE',''
  ) );
#5468 = PCURVE('',#3388,#5469);
#5469 = DEFINITIONAL_REPRESENTATION('',(#5470),#5474);
#5470 = LINE('',#5471,#5472);
#5471 = CARTESIAN_POINT('',(0.,26.3));
#5472 = VECTOR('',#5473,1.);
#5473 = DIRECTION('',(1.,0.));
#5474 = ( GEOMETRIC_REPRESENTATION_CONTEXT(2) 
PARAMETRIC_REPRESENTATION_CONTEXT() REPRESENTATION_CONTEXT('2D SPACE',''
  ) );
#5475 = FACE_BOUND('',#5476,.T.);
#5476 = EDGE_LOOP('',(#5477,#5502,#5526,#5554,#5576,#5577,#5600,#5624,
    #5652));
#5477 = ORIENTED_EDGE('',*,*,#5478,.F.);
#5478 = EDGE_CURVE('',#5479,#5481,#5483,.T.);
#5479 = VERTEX_POINT('',#5480);
#5480 = CARTESIAN_POINT('',(-3.059773181689,-23.61435555073,-15.3));
#5481 = VERTEX_POINT('',#5482);
#5482 = CARTESIAN_POINT('',(-3.577243931537,-27.60803009731,-15.3));
#5483 = SURFACE_CURVE('',#5484,(#5488,#5495),.PCURVE_S1.);
#5484 = LINE('',#5485,#5486);
#5485 = CARTESIAN_POINT('',(-1.817241734464,-14.02489331433,-15.3));
#5486 = VECTOR('',#5487,1.);
#5487 = DIRECTION('',(-0.128498395349,-0.991709716799,
    -1.476735640635E-15));
#5488 = PCURVE('',#1235,#5489);
#5489 = DEFINITIONAL_REPRESENTATION('',(#5490),#5494);
#5490 = LINE('',#5491,#5492);
#5491 = CARTESIAN_POINT('',(-10.,-10.));
#5492 = VECTOR('',#5493,1.);
#5493 = DIRECTION('',(-0.707106781187,0.707106781187));
#5494 = ( GEOMETRIC_REPRESENTATION_CONTEXT(2) 
PARAMETRIC_REPRESENTATION_CONTEXT() REPRESENTATION_CONTEXT('2D SPACE',''
  ) );
#5495 = PCURVE('',#3590,#5496);
#5496 = DEFINITIONAL_REPRESENTATION('',(#5497),#5501);
#5497 = LINE('',#5498,#5499);
#5498 = CARTESIAN_POINT('',(-14.14213562373,-26.3));
#5499 = VECTOR('',#5500,1.);
#5500 = DIRECTION('',(-1.,0.));
#5501 = ( GEOMETRIC_REPRESENTATION_CONTEXT(2) 
PARAMETRIC_REPRESENTATION_CONTEXT() REPRESENTATION_CONTEXT('2D SPACE',''
  ) );
#5502 = ORIENTED_EDGE('',*,*,#5503,.T.);
#5503 = EDGE_CURVE('',#5479,#5504,#5506,.T.);
#5504 = VERTEX_POINT('',#5505);
#5505 = CARTESIAN_POINT('',(-7.406352738207E-02,-20.99986939468,-15.3));
#5506 = SURFACE_CURVE('',#5507,(#5512,#5519),.PCURVE_S1.);
#5507 = CIRCLE('',#5508,3.);
#5508 = AXIS2_PLACEMENT_3D('',#5509,#5510,#5511);
#5509 = CARTESIAN_POINT('',(-8.464403129379E-02,-23.99985073678,-15.3));
#5510 = DIRECTION('',(-1.508208300054E-15,1.684502993918E-15,-1.));
#5511 = DIRECTION('',(0.79210675244,0.610382578994,-1.664706968084E-16)
  );
#5512 = PCURVE('',#1235,#5513);
#5513 = DEFINITIONAL_REPRESENTATION('',(#5514),#5518);
#5514 = CIRCLE('',#5515,3.);
#5515 = AXIS2_PLACEMENT_2D('',#5516,#5517);
#5516 = CARTESIAN_POINT('',(-14.71613789692,-1.041221415958));
#5517 = DIRECTION('',(1.,0.));
#5518 = ( GEOMETRIC_REPRESENTATION_CONTEXT(2) 
PARAMETRIC_REPRESENTATION_CONTEXT() REPRESENTATION_CONTEXT('2D SPACE',''
  ) );
#5519 = PCURVE('',#3562,#5520);
#5520 = DEFINITIONAL_REPRESENTATION('',(#5521),#5525);
#5521 = LINE('',#5522,#5523);
#5522 = CARTESIAN_POINT('',(-8.881784197001E-16,26.3));
#5523 = VECTOR('',#5524,1.);
#5524 = DIRECTION('',(1.,0.));
#5525 = ( GEOMETRIC_REPRESENTATION_CONTEXT(2) 
PARAMETRIC_REPRESENTATION_CONTEXT() REPRESENTATION_CONTEXT('2D SPACE',''
  ) );
#5526 = ORIENTED_EDGE('',*,*,#5527,.T.);
#5527 = EDGE_CURVE('',#5504,#5528,#5530,.T.);
#5528 = VERTEX_POINT('',#5529);
#5529 = CARTESIAN_POINT('',(5.589545021726,-20.24245504997,-15.3));
#5530 = SURFACE_CURVE('',#5531,(#5536,#5547),.PCURVE_S1.);
#5531 = CIRCLE('',#5532,21.);
#5532 = AXIS2_PLACEMENT_3D('',#5533,#5534,#5535);
#5533 = CARTESIAN_POINT('',(-7.850974907612E-14,1.135858002963E-14,-15.3
    ));
#5534 = DIRECTION('',(1.508208300054E-15,-1.684502993918E-15,1.));
#5535 = DIRECTION('',(0.79210675244,0.610382578994,-1.664706968084E-16)
  );
#5536 = PCURVE('',#1235,#5537);
#5537 = DEFINITIONAL_REPRESENTATION('',(#5538),#5546);
#5538 = ( BOUNDED_CURVE() B_SPLINE_CURVE(2,(#5539,#5540,#5541,#5542,
#5543,#5544,#5545),.UNSPECIFIED.,.T.,.F.) B_SPLINE_CURVE_WITH_KNOTS((1,2
    ,2,2,2,1),(-2.094395102393,0.,2.094395102393,4.188790204786,
6.28318530718,8.377580409573),.UNSPECIFIED.) CURVE() 
GEOMETRIC_REPRESENTATION_ITEM() RATIONAL_B_SPLINE_CURVE((1.,0.5,1.,0.5,
1.,0.5,1.)) REPRESENTATION_ITEM('') );
#5539 = CARTESIAN_POINT('',(21.,-20.));
#5540 = CARTESIAN_POINT('',(21.,-56.37306695894));
#5541 = CARTESIAN_POINT('',(-10.5,-38.18653347947));
#5542 = CARTESIAN_POINT('',(-42.,-20.));
#5543 = CARTESIAN_POINT('',(-10.5,-1.813466520527));
#5544 = CARTESIAN_POINT('',(21.,16.373066958947));
#5545 = CARTESIAN_POINT('',(21.,-20.));
#5546 = ( GEOMETRIC_REPRESENTATION_CONTEXT(2) 
PARAMETRIC_REPRESENTATION_CONTEXT() REPRESENTATION_CONTEXT('2D SPACE',''
  ) );
#5547 = PCURVE('',#3533,#5548);
#5548 = DEFINITIONAL_REPRESENTATION('',(#5549),#5553);
#5549 = LINE('',#5550,#5551);
#5550 = CARTESIAN_POINT('',(6.28318530718,26.3));
#5551 = VECTOR('',#5552,1.);
#5552 = DIRECTION('',(-1.,0.));
#5553 = ( GEOMETRIC_REPRESENTATION_CONTEXT(2) 
PARAMETRIC_REPRESENTATION_CONTEXT() REPRESENTATION_CONTEXT('2D SPACE',''
  ) );
#5554 = ORIENTED_EDGE('',*,*,#5555,.T.);
#5555 = EDGE_CURVE('',#5528,#1758,#5556,.T.);
#5556 = SURFACE_CURVE('',#5557,(#5562,#5569),.PCURVE_S1.);
#5557 = CIRCLE('',#5558,3.);
#5558 = AXIS2_PLACEMENT_3D('',#5559,#5560,#5561);
#5559 = CARTESIAN_POINT('',(6.388051453401,-23.13423434282,-15.3));
#5560 = DIRECTION('',(-1.508208300054E-15,1.684502993918E-15,-1.));
#5561 = DIRECTION('',(0.79210675244,0.610382578994,-1.664706968084E-16)
  );
#5562 = PCURVE('',#1235,#5563);
#5563 = DEFINITIONAL_REPRESENTATION('',(#5564),#5568);
#5564 = CIRCLE('',#5565,3.);
#5565 = AXIS2_PLACEMENT_2D('',#5566,#5567);
#5566 = CARTESIAN_POINT('',(-9.060714930044,2.223938556351));
#5567 = DIRECTION('',(1.,0.));
#5568 = ( GEOMETRIC_REPRESENTATION_CONTEXT(2) 
PARAMETRIC_REPRESENTATION_CONTEXT() REPRESENTATION_CONTEXT('2D SPACE',''
  ) );
#5569 = PCURVE('',#1773,#5570);
#5570 = DEFINITIONAL_REPRESENTATION('',(#5571),#5575);
#5571 = LINE('',#5572,#5573);
#5572 = CARTESIAN_POINT('',(-8.881784197001E-16,26.3));
#5573 = VECTOR('',#5574,1.);
#5574 = DIRECTION('',(1.,0.));
#5575 = ( GEOMETRIC_REPRESENTATION_CONTEXT(2) 
PARAMETRIC_REPRESENTATION_CONTEXT() REPRESENTATION_CONTEXT('2D SPACE',''
  ) );
#5576 = ORIENTED_EDGE('',*,*,#1785,.T.);
#5577 = ORIENTED_EDGE('',*,*,#5578,.T.);
#5578 = EDGE_CURVE('',#1699,#5579,#5581,.T.);
#5579 = VERTEX_POINT('',#5580);
#5580 = CARTESIAN_POINT('',(10.706030928413,-25.69787737848,-15.3));
#5581 = SURFACE_CURVE('',#5582,(#5586,#5593),.PCURVE_S1.);
#5582 = LINE('',#5583,#5584);
#5583 = CARTESIAN_POINT('',(7.429360222096,-17.83282612059,-15.3));
#5584 = VECTOR('',#5585,1.);
#5585 = DIRECTION('',(0.384571983681,-0.923095005602,-2.134970958363E-15
    ));
#5586 = PCURVE('',#1235,#5587);
#5587 = DEFINITIONAL_REPRESENTATION('',(#5588),#5592);
#5588 = LINE('',#5589,#5590);
#5589 = CARTESIAN_POINT('',(-5.,-1.339745962156));
#5590 = VECTOR('',#5591,1.);
#5591 = DIRECTION('',(-0.258819045103,0.965925826289));
#5592 = ( GEOMETRIC_REPRESENTATION_CONTEXT(2) 
PARAMETRIC_REPRESENTATION_CONTEXT() REPRESENTATION_CONTEXT('2D SPACE',''
  ) );
#5593 = PCURVE('',#1721,#5594);
#5594 = DEFINITIONAL_REPRESENTATION('',(#5595),#5599);
#5595 = LINE('',#5596,#5597);
#5596 = CARTESIAN_POINT('',(-19.31851652578,-26.3));
#5597 = VECTOR('',#5598,1.);
#5598 = DIRECTION('',(-1.,0.));
#5599 = ( GEOMETRIC_REPRESENTATION_CONTEXT(2) 
PARAMETRIC_REPRESENTATION_CONTEXT() REPRESENTATION_CONTEXT('2D SPACE',''
  ) );
#5600 = ORIENTED_EDGE('',*,*,#5601,.T.);
#5601 = EDGE_CURVE('',#5579,#5602,#5604,.T.);
#5602 = VERTEX_POINT('',#5603);
#5603 = CARTESIAN_POINT('',(8.787111544993,-29.72854975769,-15.3));
#5604 = SURFACE_CURVE('',#5605,(#5610,#5617),.PCURVE_S1.);
#5605 = CIRCLE('',#5606,3.);
#5606 = AXIS2_PLACEMENT_3D('',#5607,#5608,#5609);
#5607 = CARTESIAN_POINT('',(7.936745911606,-26.85159332953,-15.3));
#5608 = DIRECTION('',(-1.508208300054E-15,1.684502993918E-15,-1.));
#5609 = DIRECTION('',(0.79210675244,0.610382578994,-1.664706968084E-16)
  );
#5610 = PCURVE('',#1235,#5611);
#5611 = DEFINITIONAL_REPRESENTATION('',(#5612),#5616);
#5612 = CIRCLE('',#5613,3.);
#5613 = AXIS2_PLACEMENT_2D('',#5614,#5615);
#5614 = CARTESIAN_POINT('',(-10.10299475758,6.113779828439));
#5615 = DIRECTION('',(1.,0.));
#5616 = ( GEOMETRIC_REPRESENTATION_CONTEXT(2) 
PARAMETRIC_REPRESENTATION_CONTEXT() REPRESENTATION_CONTEXT('2D SPACE',''
  ) );
#5617 = PCURVE('',#3454,#5618);
#5618 = DEFINITIONAL_REPRESENTATION('',(#5619),#5623);
#5619 = LINE('',#5620,#5621);
#5620 = CARTESIAN_POINT('',(-5.551115123126E-17,26.3));
#5621 = VECTOR('',#5622,1.);
#5622 = DIRECTION('',(1.,0.));
#5623 = ( GEOMETRIC_REPRESENTATION_CONTEXT(2) 
PARAMETRIC_REPRESENTATION_CONTEXT() REPRESENTATION_CONTEXT('2D SPACE',''
  ) );
#5624 = ORIENTED_EDGE('',*,*,#5625,.F.);
#5625 = EDGE_CURVE('',#5626,#5602,#5628,.T.);
#5626 = VERTEX_POINT('',#5627);
#5627 = CARTESIAN_POINT('',(-0.666627079121,-30.99283156372,-15.3));
#5628 = SURFACE_CURVE('',#5629,(#5634,#5645),.PCURVE_S1.);
#5629 = CIRCLE('',#5630,31.);
#5630 = AXIS2_PLACEMENT_3D('',#5631,#5632,#5633);
#5631 = CARTESIAN_POINT('',(-7.850974907612E-14,1.135858002963E-14,-15.3
    ));
#5632 = DIRECTION('',(1.508208300054E-15,-1.684502993918E-15,1.));
#5633 = DIRECTION('',(0.79210675244,0.610382578994,-1.664706968084E-16)
  );
#5634 = PCURVE('',#1235,#5635);
#5635 = DEFINITIONAL_REPRESENTATION('',(#5636),#5644);
#5636 = ( BOUNDED_CURVE() B_SPLINE_CURVE(2,(#5637,#5638,#5639,#5640,
#5641,#5642,#5643),.UNSPECIFIED.,.T.,.F.) B_SPLINE_CURVE_WITH_KNOTS((1,2
    ,2,2,2,1),(-2.094395102393,0.,2.094395102393,4.188790204786,
6.28318530718,8.377580409573),.UNSPECIFIED.) CURVE() 
GEOMETRIC_REPRESENTATION_ITEM() RATIONAL_B_SPLINE_CURVE((1.,0.5,1.,0.5,
1.,0.5,1.)) REPRESENTATION_ITEM('') );
#5637 = CARTESIAN_POINT('',(31.,-20.));
#5638 = CARTESIAN_POINT('',(31.000000000001,-73.69357503463));
#5639 = CARTESIAN_POINT('',(-15.5,-46.84678751731));
#5640 = CARTESIAN_POINT('',(-62.,-20.));
#5641 = CARTESIAN_POINT('',(-15.5,6.846787517317));
#5642 = CARTESIAN_POINT('',(30.999999999999,33.693575034636));
#5643 = CARTESIAN_POINT('',(31.,-20.));
#5644 = ( GEOMETRIC_REPRESENTATION_CONTEXT(2) 
PARAMETRIC_REPRESENTATION_CONTEXT() REPRESENTATION_CONTEXT('2D SPACE',''
  ) );
#5645 = PCURVE('',#3425,#5646);
#5646 = DEFINITIONAL_REPRESENTATION('',(#5647),#5651);
#5647 = LINE('',#5648,#5649);
#5648 = CARTESIAN_POINT('',(6.28318530718,26.3));
#5649 = VECTOR('',#5650,1.);
#5650 = DIRECTION('',(-1.,0.));
#5651 = ( GEOMETRIC_REPRESENTATION_CONTEXT(2) 
PARAMETRIC_REPRESENTATION_CONTEXT() REPRESENTATION_CONTEXT('2D SPACE',''
  ) );
#5652 = ORIENTED_EDGE('',*,*,#5653,.T.);
#5653 = EDGE_CURVE('',#5626,#5481,#5654,.T.);
#5654 = SURFACE_CURVE('',#5655,(#5660,#5667),.PCURVE_S1.);
#5655 = CIRCLE('',#5656,3.);
#5656 = AXIS2_PLACEMENT_3D('',#5657,#5658,#5659);
#5657 = CARTESIAN_POINT('',(-0.602114781142,-27.99352528336,-15.3));
#5658 = DIRECTION('',(-1.508208300054E-15,1.684502993918E-15,-1.));
#5659 = DIRECTION('',(0.79210675244,0.610382578994,-1.664706968084E-16)
  );
#5660 = PCURVE('',#1235,#5661);
#5661 = DEFINITIONAL_REPRESENTATION('',(#5662),#5666);
#5662 = CIRCLE('',#5663,3.);
#5663 = AXIS2_PLACEMENT_2D('',#5664,#5665);
#5664 = CARTESIAN_POINT('',(-17.56369934147,1.806340028589));
#5665 = DIRECTION('',(1.,0.));
#5666 = ( GEOMETRIC_REPRESENTATION_CONTEXT(2) 
PARAMETRIC_REPRESENTATION_CONTEXT() REPRESENTATION_CONTEXT('2D SPACE',''
  ) );
#5667 = PCURVE('',#3617,#5668);
#5668 = DEFINITIONAL_REPRESENTATION('',(#5669),#5673);
#5669 = LINE('',#5670,#5671);
#5670 = CARTESIAN_POINT('',(-8.881784197001E-16,26.3));
#5671 = VECTOR('',#5672,1.);
#5672 = DIRECTION('',(1.,0.));
#5673 = ( GEOMETRIC_REPRESENTATION_CONTEXT(2) 
PARAMETRIC_REPRESENTATION_CONTEXT() REPRESENTATION_CONTEXT('2D SPACE',''
  ) );
#5674 = FACE_BOUND('',#5675,.T.);
#5675 = EDGE_LOOP('',(#5676,#5701,#5723,#5724,#5752,#5776,#5799,#5823,
    #5851));
#5676 = ORIENTED_EDGE('',*,*,#5677,.F.);
#5677 = EDGE_CURVE('',#5678,#5680,#5682,.T.);
#5678 = VERTEX_POINT('',#5679);
#5679 = CARTESIAN_POINT('',(-18.92074521009,14.45701908053,-15.3));
#5680 = VERTEX_POINT('',#5681);
#5681 = CARTESIAN_POINT('',(-22.12063344695,16.901999168903,-15.3));
#5682 = SURFACE_CURVE('',#5683,(#5687,#5694),.PCURVE_S1.);
#5683 = LINE('',#5684,#5685);
#5684 = CARTESIAN_POINT('',(15.350427746496,-11.72900033065,-15.3));
#5685 = VECTOR('',#5686,1.);
#5686 = DIRECTION('',(-0.794596610253,0.607137733117,2.221142531934E-15)
  );
#5687 = PCURVE('',#1235,#5688);
#5688 = DEFINITIONAL_REPRESENTATION('',(#5689),#5693);
#5689 = LINE('',#5690,#5691);
#5690 = CARTESIAN_POINT('',(5.,-1.339745962156));
#5691 = VECTOR('',#5692,1.);
#5692 = DIRECTION('',(-0.258819045103,-0.965925826289));
#5693 = ( GEOMETRIC_REPRESENTATION_CONTEXT(2) 
PARAMETRIC_REPRESENTATION_CONTEXT() REPRESENTATION_CONTEXT('2D SPACE',''
  ) );
#5694 = PCURVE('',#3819,#5695);
#5695 = DEFINITIONAL_REPRESENTATION('',(#5696),#5700);
#5696 = LINE('',#5697,#5698);
#5697 = CARTESIAN_POINT('',(19.318516525781,-26.3));
#5698 = VECTOR('',#5699,1.);
#5699 = DIRECTION('',(-1.,0.));
#5700 = ( GEOMETRIC_REPRESENTATION_CONTEXT(2) 
PARAMETRIC_REPRESENTATION_CONTEXT() REPRESENTATION_CONTEXT('2D SPACE',''
  ) );
#5701 = ORIENTED_EDGE('',*,*,#5702,.T.);
#5702 = EDGE_CURVE('',#5678,#1422,#5703,.T.);
#5703 = SURFACE_CURVE('',#5704,(#5709,#5716),.PCURVE_S1.);
#5704 = CIRCLE('',#5705,3.);
#5705 = AXIS2_PLACEMENT_3D('',#5706,#5707,#5708);
#5706 = CARTESIAN_POINT('',(-20.74215840944,12.073229249772,-15.3));
#5707 = DIRECTION('',(-1.508208300054E-15,1.684502993918E-15,-1.));
#5708 = DIRECTION('',(0.79210675244,0.610382578994,-1.664706968084E-16)
  );
#5709 = PCURVE('',#1235,#5710);
#5710 = DEFINITIONAL_REPRESENTATION('',(#5711),#5715);
#5711 = CIRCLE('',#5712,3.);
#5712 = AXIS2_PLACEMENT_2D('',#5713,#5714);
#5713 = CARTESIAN_POINT('',(-9.060714930043,-42.22393855635));
#5714 = DIRECTION('',(1.,0.));
#5715 = ( GEOMETRIC_REPRESENTATION_CONTEXT(2) 
PARAMETRIC_REPRESENTATION_CONTEXT() REPRESENTATION_CONTEXT('2D SPACE',''
  ) );
#5716 = PCURVE('',#1437,#5717);
#5717 = DEFINITIONAL_REPRESENTATION('',(#5718),#5722);
#5718 = LINE('',#5719,#5720);
#5719 = CARTESIAN_POINT('',(0.,26.3));
#5720 = VECTOR('',#5721,1.);
#5721 = DIRECTION('',(1.,0.));
#5722 = ( GEOMETRIC_REPRESENTATION_CONTEXT(2) 
PARAMETRIC_REPRESENTATION_CONTEXT() REPRESENTATION_CONTEXT('2D SPACE',''
  ) );
#5723 = ORIENTED_EDGE('',*,*,#1449,.T.);
#5724 = ORIENTED_EDGE('',*,*,#5725,.T.);
#5725 = EDGE_CURVE('',#1363,#5726,#5728,.T.);
#5726 = VERTEX_POINT('',#5727);
#5727 = CARTESIAN_POINT('',(-20.3252528191,5.280539540574,-15.3));
#5728 = SURFACE_CURVE('',#5729,(#5734,#5745),.PCURVE_S1.);
#5729 = CIRCLE('',#5730,21.);
#5730 = AXIS2_PLACEMENT_3D('',#5731,#5732,#5733);
#5731 = CARTESIAN_POINT('',(-7.850974907612E-14,1.135858002963E-14,-15.3
    ));
#5732 = DIRECTION('',(1.508208300054E-15,-1.684502993918E-15,1.));
#5733 = DIRECTION('',(0.79210675244,0.610382578994,-1.664706968084E-16)
  );
#5734 = PCURVE('',#1235,#5735);
#5735 = DEFINITIONAL_REPRESENTATION('',(#5736),#5744);
#5736 = ( BOUNDED_CURVE() B_SPLINE_CURVE(2,(#5737,#5738,#5739,#5740,
#5741,#5742,#5743),.UNSPECIFIED.,.T.,.F.) B_SPLINE_CURVE_WITH_KNOTS((1,2
    ,2,2,2,1),(-2.094395102393,0.,2.094395102393,4.188790204786,
6.28318530718,8.377580409573),.UNSPECIFIED.) CURVE() 
GEOMETRIC_REPRESENTATION_ITEM() RATIONAL_B_SPLINE_CURVE((1.,0.5,1.,0.5,
1.,0.5,1.)) REPRESENTATION_ITEM('') );
#5737 = CARTESIAN_POINT('',(21.,-20.));
#5738 = CARTESIAN_POINT('',(21.,-56.37306695894));
#5739 = CARTESIAN_POINT('',(-10.5,-38.18653347947));
#5740 = CARTESIAN_POINT('',(-42.,-20.));
#5741 = CARTESIAN_POINT('',(-10.5,-1.813466520527));
#5742 = CARTESIAN_POINT('',(21.,16.373066958946));
#5743 = CARTESIAN_POINT('',(21.,-20.));
#5744 = ( GEOMETRIC_REPRESENTATION_CONTEXT(2) 
PARAMETRIC_REPRESENTATION_CONTEXT() REPRESENTATION_CONTEXT('2D SPACE',''
  ) );
#5745 = PCURVE('',#1385,#5746);
#5746 = DEFINITIONAL_REPRESENTATION('',(#5747),#5751);
#5747 = LINE('',#5748,#5749);
#5748 = CARTESIAN_POINT('',(6.28318530718,26.3));
#5749 = VECTOR('',#5750,1.);
#5750 = DIRECTION('',(-1.,0.));
#5751 = ( GEOMETRIC_REPRESENTATION_CONTEXT(2) 
PARAMETRIC_REPRESENTATION_CONTEXT() REPRESENTATION_CONTEXT('2D SPACE',''
  ) );
#5752 = ORIENTED_EDGE('',*,*,#5753,.T.);
#5753 = EDGE_CURVE('',#5726,#5754,#5756,.T.);
#5754 = VERTEX_POINT('',#5755);
#5755 = CARTESIAN_POINT('',(-23.61435555073,3.059773181689,-15.3));
#5756 = SURFACE_CURVE('',#5757,(#5762,#5769),.PCURVE_S1.);
#5757 = CIRCLE('',#5758,3.);
#5758 = AXIS2_PLACEMENT_3D('',#5759,#5760,#5761);
#5759 = CARTESIAN_POINT('',(-23.22886036468,6.034902332085,-15.3));
#5760 = DIRECTION('',(-1.508208300054E-15,1.684502993918E-15,-1.));
#5761 = DIRECTION('',(0.79210675244,0.610382578994,-1.664706968084E-16)
  );
#5762 = PCURVE('',#1235,#5763);
#5763 = DEFINITIONAL_REPRESENTATION('',(#5764),#5768);
#5764 = CIRCLE('',#5765,3.);
#5765 = AXIS2_PLACEMENT_2D('',#5766,#5767);
#5766 = CARTESIAN_POINT('',(-14.71613789692,-38.95877858404));
#5767 = DIRECTION('',(1.,0.));
#5768 = ( GEOMETRIC_REPRESENTATION_CONTEXT(2) 
PARAMETRIC_REPRESENTATION_CONTEXT() REPRESENTATION_CONTEXT('2D SPACE',''
  ) );
#5769 = PCURVE('',#3740,#5770);
#5770 = DEFINITIONAL_REPRESENTATION('',(#5771),#5775);
#5771 = LINE('',#5772,#5773);
#5772 = CARTESIAN_POINT('',(-4.440892098501E-16,26.3));
#5773 = VECTOR('',#5774,1.);
#5774 = DIRECTION('',(1.,0.));
#5775 = ( GEOMETRIC_REPRESENTATION_CONTEXT(2) 
PARAMETRIC_REPRESENTATION_CONTEXT() REPRESENTATION_CONTEXT('2D SPACE',''
  ) );
#5776 = ORIENTED_EDGE('',*,*,#5777,.T.);
#5777 = EDGE_CURVE('',#5754,#5778,#5780,.T.);
#5778 = VERTEX_POINT('',#5779);
#5779 = CARTESIAN_POINT('',(-27.60803009731,3.577243931537,-15.3));
#5780 = SURFACE_CURVE('',#5781,(#5785,#5792),.PCURVE_S1.);
#5781 = LINE('',#5782,#5783);
#5782 = CARTESIAN_POINT('',(14.024893314337,-1.817241734464,-15.3));
#5783 = VECTOR('',#5784,1.);
#5784 = DIRECTION('',(-0.991709716799,0.128498395349,1.712160757799E-15)
  );
#5785 = PCURVE('',#1235,#5786);
#5786 = DEFINITIONAL_REPRESENTATION('',(#5787),#5791);
#5787 = LINE('',#5788,#5789);
#5788 = CARTESIAN_POINT('',(10.,-10.));
#5789 = VECTOR('',#5790,1.);
#5790 = DIRECTION('',(-0.707106781187,-0.707106781187));
#5791 = ( GEOMETRIC_REPRESENTATION_CONTEXT(2) 
PARAMETRIC_REPRESENTATION_CONTEXT() REPRESENTATION_CONTEXT('2D SPACE',''
  ) );
#5792 = PCURVE('',#3711,#5793);
#5793 = DEFINITIONAL_REPRESENTATION('',(#5794),#5798);
#5794 = LINE('',#5795,#5796);
#5795 = CARTESIAN_POINT('',(14.142135623731,-26.3));
#5796 = VECTOR('',#5797,1.);
#5797 = DIRECTION('',(-1.,0.));
#5798 = ( GEOMETRIC_REPRESENTATION_CONTEXT(2) 
PARAMETRIC_REPRESENTATION_CONTEXT() REPRESENTATION_CONTEXT('2D SPACE',''
  ) );
#5799 = ORIENTED_EDGE('',*,*,#5800,.T.);
#5800 = EDGE_CURVE('',#5778,#5801,#5803,.T.);
#5801 = VERTEX_POINT('',#5802);
#5802 = CARTESIAN_POINT('',(-30.13923508033,7.254413054997,-15.3));
#5803 = SURFACE_CURVE('',#5804,(#5809,#5816),.PCURVE_S1.);
#5804 = CIRCLE('',#5805,3.);
#5805 = AXIS2_PLACEMENT_3D('',#5806,#5807,#5808);
#5806 = CARTESIAN_POINT('',(-27.22253491126,6.552373081933,-15.3));
#5807 = DIRECTION('',(-1.508208300054E-15,1.684502993918E-15,-1.));
#5808 = DIRECTION('',(0.79210675244,0.610382578994,-1.664706968084E-16)
  );
#5809 = PCURVE('',#1235,#5810);
#5810 = DEFINITIONAL_REPRESENTATION('',(#5811),#5815);
#5811 = CIRCLE('',#5812,3.);
#5812 = AXIS2_PLACEMENT_2D('',#5813,#5814);
#5813 = CARTESIAN_POINT('',(-17.56369934147,-41.80634002858));
#5814 = DIRECTION('',(1.,0.));
#5815 = ( GEOMETRIC_REPRESENTATION_CONTEXT(2) 
PARAMETRIC_REPRESENTATION_CONTEXT() REPRESENTATION_CONTEXT('2D SPACE',''
  ) );
#5816 = PCURVE('',#3683,#5817);
#5817 = DEFINITIONAL_REPRESENTATION('',(#5818),#5822);
#5818 = LINE('',#5819,#5820);
#5819 = CARTESIAN_POINT('',(-4.440892098501E-16,26.3));
#5820 = VECTOR('',#5821,1.);
#5821 = DIRECTION('',(1.,0.));
#5822 = ( GEOMETRIC_REPRESENTATION_CONTEXT(2) 
PARAMETRIC_REPRESENTATION_CONTEXT() REPRESENTATION_CONTEXT('2D SPACE',''
  ) );
#5823 = ORIENTED_EDGE('',*,*,#5824,.F.);
#5824 = EDGE_CURVE('',#5825,#5801,#5827,.T.);
#5825 = VERTEX_POINT('',#5826);
#5826 = CARTESIAN_POINT('',(-26.50726592983,16.073731767232,-15.3));
#5827 = SURFACE_CURVE('',#5828,(#5833,#5844),.PCURVE_S1.);
#5828 = CIRCLE('',#5829,31.);
#5829 = AXIS2_PLACEMENT_3D('',#5830,#5831,#5832);
#5830 = CARTESIAN_POINT('',(-7.850974907612E-14,1.135858002963E-14,-15.3
    ));
#5831 = DIRECTION('',(1.508208300054E-15,-1.684502993918E-15,1.));
#5832 = DIRECTION('',(0.79210675244,0.610382578994,-1.664706968084E-16)
  );
#5833 = PCURVE('',#1235,#5834);
#5834 = DEFINITIONAL_REPRESENTATION('',(#5835),#5843);
#5835 = ( BOUNDED_CURVE() B_SPLINE_CURVE(2,(#5836,#5837,#5838,#5839,
#5840,#5841,#5842),.UNSPECIFIED.,.T.,.F.) B_SPLINE_CURVE_WITH_KNOTS((1,2
    ,2,2,2,1),(-2.094395102393,0.,2.094395102393,4.188790204786,
6.28318530718,8.377580409573),.UNSPECIFIED.) CURVE() 
GEOMETRIC_REPRESENTATION_ITEM() RATIONAL_B_SPLINE_CURVE((1.,0.5,1.,0.5,
1.,0.5,1.)) REPRESENTATION_ITEM('') );
#5836 = CARTESIAN_POINT('',(31.,-20.));
#5837 = CARTESIAN_POINT('',(31.,-73.69357503463));
#5838 = CARTESIAN_POINT('',(-15.5,-46.84678751731));
#5839 = CARTESIAN_POINT('',(-62.,-20.));
#5840 = CARTESIAN_POINT('',(-15.5,6.846787517318));
#5841 = CARTESIAN_POINT('',(31.,33.693575034635));
#5842 = CARTESIAN_POINT('',(31.,-20.));
#5843 = ( GEOMETRIC_REPRESENTATION_CONTEXT(2) 
PARAMETRIC_REPRESENTATION_CONTEXT() REPRESENTATION_CONTEXT('2D SPACE',''
  ) );
#5844 = PCURVE('',#3654,#5845);
#5845 = DEFINITIONAL_REPRESENTATION('',(#5846),#5850);
#5846 = LINE('',#5847,#5848);
#5847 = CARTESIAN_POINT('',(6.28318530718,26.3));
#5848 = VECTOR('',#5849,1.);
#5849 = DIRECTION('',(-1.,0.));
#5850 = ( GEOMETRIC_REPRESENTATION_CONTEXT(2) 
PARAMETRIC_REPRESENTATION_CONTEXT() REPRESENTATION_CONTEXT('2D SPACE',''
  ) );
#5851 = ORIENTED_EDGE('',*,*,#5852,.T.);
#5852 = EDGE_CURVE('',#5825,#5680,#5853,.T.);
#5853 = SURFACE_CURVE('',#5854,(#5859,#5866),.PCURVE_S1.);
#5854 = CIRCLE('',#5855,3.);
#5855 = AXIS2_PLACEMENT_3D('',#5856,#5857,#5858);
#5856 = CARTESIAN_POINT('',(-23.9420466463,14.518209338145,-15.3));
#5857 = DIRECTION('',(-1.508208300054E-15,1.684502993918E-15,-1.));
#5858 = DIRECTION('',(0.79210675244,0.610382578994,-1.664706968084E-16)
  );
#5859 = PCURVE('',#1235,#5860);
#5860 = DEFINITIONAL_REPRESENTATION('',(#5861),#5865);
#5861 = CIRCLE('',#5862,3.);
#5862 = AXIS2_PLACEMENT_2D('',#5863,#5864);
#5863 = CARTESIAN_POINT('',(-10.10299475758,-46.11377982844));
#5864 = DIRECTION('',(1.,0.));
#5865 = ( GEOMETRIC_REPRESENTATION_CONTEXT(2) 
PARAMETRIC_REPRESENTATION_CONTEXT() REPRESENTATION_CONTEXT('2D SPACE',''
  ) );
#5866 = PCURVE('',#3846,#5867);
#5867 = DEFINITIONAL_REPRESENTATION('',(#5868),#5872);
#5868 = LINE('',#5869,#5870);
#5869 = CARTESIAN_POINT('',(0.,26.3));
#5870 = VECTOR('',#5871,1.);
#5871 = DIRECTION('',(1.,0.));
#5872 = ( GEOMETRIC_REPRESENTATION_CONTEXT(2) 
PARAMETRIC_REPRESENTATION_CONTEXT() REPRESENTATION_CONTEXT('2D SPACE',''
  ) );
#5873 = FACE_BOUND('',#5874,.T.);
#5874 = EDGE_LOOP('',(#5875,#5900,#5922,#5923,#5951,#5975,#5998,#6022,
    #6050));
#5875 = ORIENTED_EDGE('',*,*,#5876,.F.);
#5876 = EDGE_CURVE('',#5877,#5879,#5881,.T.);
#5877 = VERTEX_POINT('',#5878);
#5878 = CARTESIAN_POINT('',(-23.78692446582,-1.087301456378,-15.3));
#5879 = VERTEX_POINT('',#5880);
#5880 = CARTESIAN_POINT('',(-27.80978397501,-1.271186557179,-15.3));
#5881 = SURFACE_CURVE('',#5882,(#5886,#5893),.PCURVE_S1.);
#5882 = LINE('',#5883,#5884);
#5883 = CARTESIAN_POINT('',(11.459563119853,0.523817178954,-15.3));
#5884 = VECTOR('',#5885,1.);
#5885 = DIRECTION('',(-0.998956930026,-4.566236910689E-02,
    1.429716735792E-15));
#5886 = PCURVE('',#1235,#5887);
#5887 = DEFINITIONAL_REPRESENTATION('',(#5888),#5892);
#5888 = LINE('',#5889,#5890);
#5889 = CARTESIAN_POINT('',(9.396926207859,-13.42020143325));
#5890 = VECTOR('',#5891,1.);
#5891 = DIRECTION('',(-0.819152044289,-0.573576436351));
#5892 = ( GEOMETRIC_REPRESENTATION_CONTEXT(2) 
PARAMETRIC_REPRESENTATION_CONTEXT() REPRESENTATION_CONTEXT('2D SPACE',''
  ) );
#5893 = PCURVE('',#4048,#5894);
#5894 = DEFINITIONAL_REPRESENTATION('',(#5895),#5899);
#5895 = LINE('',#5896,#5897);
#5896 = CARTESIAN_POINT('',(11.471528727021,-26.3));
#5897 = VECTOR('',#5898,1.);
#5898 = DIRECTION('',(-1.,0.));
#5899 = ( GEOMETRIC_REPRESENTATION_CONTEXT(2) 
PARAMETRIC_REPRESENTATION_CONTEXT() REPRESENTATION_CONTEXT('2D SPACE',''
  ) );
#5900 = ORIENTED_EDGE('',*,*,#5901,.T.);
#5901 = EDGE_CURVE('',#5877,#1534,#5902,.T.);
#5902 = SURFACE_CURVE('',#5903,(#5908,#5915),.PCURVE_S1.);
#5903 = CIRCLE('',#5904,3.);
#5904 = AXIS2_PLACEMENT_3D('',#5905,#5906,#5907);
#5905 = CARTESIAN_POINT('',(-23.6499373585,-4.084172246457,-15.3));
#5906 = DIRECTION('',(-1.508208300054E-15,1.684502993918E-15,-1.));
#5907 = DIRECTION('',(0.79210675244,0.610382578994,-1.664706968084E-16)
  );
#5908 = PCURVE('',#1235,#5909);
#5909 = DEFINITIONAL_REPRESENTATION('',(#5910),#5914);
#5910 = CIRCLE('',#5911,3.);
#5911 = AXIS2_PLACEMENT_2D('',#5912,#5913);
#5912 = CARTESIAN_POINT('',(-21.2261826653,-31.20040934337));
#5913 = DIRECTION('',(1.,0.));
#5914 = ( GEOMETRIC_REPRESENTATION_CONTEXT(2) 
PARAMETRIC_REPRESENTATION_CONTEXT() REPRESENTATION_CONTEXT('2D SPACE',''
  ) );
#5915 = PCURVE('',#1549,#5916);
#5916 = DEFINITIONAL_REPRESENTATION('',(#5917),#5921);
#5917 = LINE('',#5918,#5919);
#5918 = CARTESIAN_POINT('',(0.,26.3));
#5919 = VECTOR('',#5920,1.);
#5920 = DIRECTION('',(1.,0.));
#5921 = ( GEOMETRIC_REPRESENTATION_CONTEXT(2) 
PARAMETRIC_REPRESENTATION_CONTEXT() REPRESENTATION_CONTEXT('2D SPACE',''
  ) );
#5922 = ORIENTED_EDGE('',*,*,#1561,.T.);
#5923 = ORIENTED_EDGE('',*,*,#5924,.T.);
#5924 = EDGE_CURVE('',#1475,#5925,#5927,.T.);
#5925 = VERTEX_POINT('',#5926);
#5926 = CARTESIAN_POINT('',(-18.9643123662,-9.019692704138,-15.3));
#5927 = SURFACE_CURVE('',#5928,(#5933,#5944),.PCURVE_S1.);
#5928 = CIRCLE('',#5929,21.);
#5929 = AXIS2_PLACEMENT_3D('',#5930,#5931,#5932);
#5930 = CARTESIAN_POINT('',(-7.850974907612E-14,1.135858002963E-14,-15.3
    ));
#5931 = DIRECTION('',(1.508208300054E-15,-1.684502993918E-15,1.));
#5932 = DIRECTION('',(0.79210675244,0.610382578994,-1.664706968084E-16)
  );
#5933 = PCURVE('',#1235,#5934);
#5934 = DEFINITIONAL_REPRESENTATION('',(#5935),#5943);
#5935 = ( BOUNDED_CURVE() B_SPLINE_CURVE(2,(#5936,#5937,#5938,#5939,
#5940,#5941,#5942),.UNSPECIFIED.,.T.,.F.) B_SPLINE_CURVE_WITH_KNOTS((1,2
    ,2,2,2,1),(-2.094395102393,0.,2.094395102393,4.188790204786,
6.28318530718,8.377580409573),.UNSPECIFIED.) CURVE() 
GEOMETRIC_REPRESENTATION_ITEM() RATIONAL_B_SPLINE_CURVE((1.,0.5,1.,0.5,
1.,0.5,1.)) REPRESENTATION_ITEM('') );
#5936 = CARTESIAN_POINT('',(21.,-20.));
#5937 = CARTESIAN_POINT('',(21.,-56.37306695894));
#5938 = CARTESIAN_POINT('',(-10.5,-38.18653347947));
#5939 = CARTESIAN_POINT('',(-42.,-20.));
#5940 = CARTESIAN_POINT('',(-10.5,-1.813466520527));
#5941 = CARTESIAN_POINT('',(21.,16.373066958947));
#5942 = CARTESIAN_POINT('',(21.,-20.));
#5943 = ( GEOMETRIC_REPRESENTATION_CONTEXT(2) 
PARAMETRIC_REPRESENTATION_CONTEXT() REPRESENTATION_CONTEXT('2D SPACE',''
  ) );
#5944 = PCURVE('',#1497,#5945);
#5945 = DEFINITIONAL_REPRESENTATION('',(#5946),#5950);
#5946 = LINE('',#5947,#5948);
#5947 = CARTESIAN_POINT('',(6.28318530718,26.3));
#5948 = VECTOR('',#5949,1.);
#5949 = DIRECTION('',(-1.,0.));
#5950 = ( GEOMETRIC_REPRESENTATION_CONTEXT(2) 
PARAMETRIC_REPRESENTATION_CONTEXT() REPRESENTATION_CONTEXT('2D SPACE',''
  ) );
#5951 = ORIENTED_EDGE('',*,*,#5952,.T.);
#5952 = EDGE_CURVE('',#5925,#5953,#5955,.T.);
#5953 = VERTEX_POINT('',#5954);
#5954 = CARTESIAN_POINT('',(-20.05643013711,-12.8350929157,-15.3));
#5955 = SURFACE_CURVE('',#5956,(#5961,#5968),.PCURVE_S1.);
#5956 = CIRCLE('',#5957,3.);
#5957 = AXIS2_PLACEMENT_3D('',#5958,#5959,#5960);
#5958 = CARTESIAN_POINT('',(-21.67349984708,-10.3082202333,-15.3));
#5959 = DIRECTION('',(-1.508208300054E-15,1.684502993918E-15,-1.));
#5960 = DIRECTION('',(0.79210675244,0.610382578994,-1.664706968084E-16)
  );
#5961 = PCURVE('',#1235,#5962);
#5962 = DEFINITIONAL_REPRESENTATION('',(#5963),#5967);
#5963 = CIRCLE('',#5964,3.);
#5964 = AXIS2_PLACEMENT_2D('',#5965,#5966);
#5965 = CARTESIAN_POINT('',(-23.45968362872,-25.06391588004));
#5966 = DIRECTION('',(1.,0.));
#5967 = ( GEOMETRIC_REPRESENTATION_CONTEXT(2) 
PARAMETRIC_REPRESENTATION_CONTEXT() REPRESENTATION_CONTEXT('2D SPACE',''
  ) );
#5968 = PCURVE('',#3969,#5969);
#5969 = DEFINITIONAL_REPRESENTATION('',(#5970),#5974);
#5970 = LINE('',#5971,#5972);
#5971 = CARTESIAN_POINT('',(2.775557561563E-17,26.3));
#5972 = VECTOR('',#5973,1.);
#5973 = DIRECTION('',(1.,0.));
#5974 = ( GEOMETRIC_REPRESENTATION_CONTEXT(2) 
PARAMETRIC_REPRESENTATION_CONTEXT() REPRESENTATION_CONTEXT('2D SPACE',''
  ) );
#5975 = ORIENTED_EDGE('',*,*,#5976,.T.);
#5976 = EDGE_CURVE('',#5953,#5977,#5979,.T.);
#5977 = VERTEX_POINT('',#5978);
#5978 = CARTESIAN_POINT('',(-23.44838611752,-15.00577183897,-15.3));
#5979 = SURFACE_CURVE('',#5980,(#5984,#5991),.PCURVE_S1.);
#5980 = LINE('',#5981,#5982);
#5981 = CARTESIAN_POINT('',(1.46820976976,0.939579410981,-15.3));
#5982 = VECTOR('',#5983,1.);
#5983 = DIRECTION('',(-0.842290894136,-0.539023236657,3.623638616557E-16
    ));
#5984 = PCURVE('',#1235,#5985);
#5985 = DEFINITIONAL_REPRESENTATION('',(#5986),#5990);
#5986 = LINE('',#5987,#5988);
#5987 = CARTESIAN_POINT('',(1.736481776669,-19.84807753012));
#5988 = VECTOR('',#5989,1.);
#5989 = DIRECTION('',(-0.996194698092,-8.715574274766E-02));
#5990 = ( GEOMETRIC_REPRESENTATION_CONTEXT(2) 
PARAMETRIC_REPRESENTATION_CONTEXT() REPRESENTATION_CONTEXT('2D SPACE',''
  ) );
#5991 = PCURVE('',#3940,#5992);
#5992 = DEFINITIONAL_REPRESENTATION('',(#5993),#5997);
#5993 = LINE('',#5994,#5995);
#5994 = CARTESIAN_POINT('',(1.743114854953,-26.3));
#5995 = VECTOR('',#5996,1.);
#5996 = DIRECTION('',(-1.,0.));
#5997 = ( GEOMETRIC_REPRESENTATION_CONTEXT(2) 
PARAMETRIC_REPRESENTATION_CONTEXT() REPRESENTATION_CONTEXT('2D SPACE',''
  ) );
#5998 = ORIENTED_EDGE('',*,*,#5999,.T.);
#5999 = EDGE_CURVE('',#5977,#6000,#6002,.T.);
#6000 = VERTEX_POINT('',#6001);
#6001 = CARTESIAN_POINT('',(-27.75104038044,-13.81592406619,-15.3));
#6002 = SURFACE_CURVE('',#6003,(#6008,#6015),.PCURVE_S1.);
#6003 = CIRCLE('',#6004,3.);
#6004 = AXIS2_PLACEMENT_3D('',#6005,#6006,#6007);
#6005 = CARTESIAN_POINT('',(-25.06545582749,-12.47889915656,-15.3));
#6006 = DIRECTION('',(-1.508208300054E-15,1.684502993918E-15,-1.));
#6007 = DIRECTION('',(0.79210675244,0.610382578994,-1.664706968084E-16)
  );
#6008 = PCURVE('',#1235,#6009);
#6009 = DEFINITIONAL_REPRESENTATION('',(#6010),#6014);
#6010 = CIRCLE('',#6011,3.);
#6011 = AXIS2_PLACEMENT_2D('',#6012,#6013);
#6012 = CARTESIAN_POINT('',(-27.47141946413,-25.4148972867));
#6013 = DIRECTION('',(1.,0.));
#6014 = ( GEOMETRIC_REPRESENTATION_CONTEXT(2) 
PARAMETRIC_REPRESENTATION_CONTEXT() REPRESENTATION_CONTEXT('2D SPACE',''
  ) );
#6015 = PCURVE('',#3912,#6016);
#6016 = DEFINITIONAL_REPRESENTATION('',(#6017),#6021);
#6017 = LINE('',#6018,#6019);
#6018 = CARTESIAN_POINT('',(0.,26.3));
#6019 = VECTOR('',#6020,1.);
#6020 = DIRECTION('',(1.,0.));
#6021 = ( GEOMETRIC_REPRESENTATION_CONTEXT(2) 
PARAMETRIC_REPRESENTATION_CONTEXT() REPRESENTATION_CONTEXT('2D SPACE',''
  ) );
#6022 = ORIENTED_EDGE('',*,*,#6023,.F.);
#6023 = EDGE_CURVE('',#6024,#6000,#6026,.T.);
#6024 = VERTEX_POINT('',#6025);
#6025 = CARTESIAN_POINT('',(-30.63773938923,-4.725349205892,-15.3));
#6026 = SURFACE_CURVE('',#6027,(#6032,#6043),.PCURVE_S1.);
#6027 = CIRCLE('',#6028,31.);
#6028 = AXIS2_PLACEMENT_3D('',#6029,#6030,#6031);
#6029 = CARTESIAN_POINT('',(-7.850974907612E-14,1.135858002963E-14,-15.3
    ));
#6030 = DIRECTION('',(1.508208300054E-15,-1.684502993918E-15,1.));
#6031 = DIRECTION('',(0.79210675244,0.610382578994,-1.664706968084E-16)
  );
#6032 = PCURVE('',#1235,#6033);
#6033 = DEFINITIONAL_REPRESENTATION('',(#6034),#6042);
#6034 = ( BOUNDED_CURVE() B_SPLINE_CURVE(2,(#6035,#6036,#6037,#6038,
#6039,#6040,#6041),.UNSPECIFIED.,.T.,.F.) B_SPLINE_CURVE_WITH_KNOTS((1,2
    ,2,2,2,1),(-2.094395102393,0.,2.094395102393,4.188790204786,
6.28318530718,8.377580409573),.UNSPECIFIED.) CURVE() 
GEOMETRIC_REPRESENTATION_ITEM() RATIONAL_B_SPLINE_CURVE((1.,0.5,1.,0.5,
1.,0.5,1.)) REPRESENTATION_ITEM('') );
#6035 = CARTESIAN_POINT('',(31.,-20.));
#6036 = CARTESIAN_POINT('',(31.,-73.69357503463));
#6037 = CARTESIAN_POINT('',(-15.5,-46.84678751731));
#6038 = CARTESIAN_POINT('',(-62.,-20.));
#6039 = CARTESIAN_POINT('',(-15.5,6.846787517318));
#6040 = CARTESIAN_POINT('',(31.,33.693575034635));
#6041 = CARTESIAN_POINT('',(31.,-20.));
#6042 = ( GEOMETRIC_REPRESENTATION_CONTEXT(2) 
PARAMETRIC_REPRESENTATION_CONTEXT() REPRESENTATION_CONTEXT('2D SPACE',''
  ) );
#6043 = PCURVE('',#3883,#6044);
#6044 = DEFINITIONAL_REPRESENTATION('',(#6045),#6049);
#6045 = LINE('',#6046,#6047);
#6046 = CARTESIAN_POINT('',(6.28318530718,26.3));
#6047 = VECTOR('',#6048,1.);
#6048 = DIRECTION('',(-1.,0.));
#6049 = ( GEOMETRIC_REPRESENTATION_CONTEXT(2) 
PARAMETRIC_REPRESENTATION_CONTEXT() REPRESENTATION_CONTEXT('2D SPACE',''
  ) );
#6050 = ORIENTED_EDGE('',*,*,#6051,.T.);
#6051 = EDGE_CURVE('',#6024,#5879,#6052,.T.);
#6052 = SURFACE_CURVE('',#6053,(#6058,#6065),.PCURVE_S1.);
#6053 = CIRCLE('',#6054,3.);
#6054 = AXIS2_PLACEMENT_3D('',#6055,#6056,#6057);
#6055 = CARTESIAN_POINT('',(-27.67279686769,-4.268057347258,-15.3));
#6056 = DIRECTION('',(-1.508208300054E-15,1.684502993918E-15,-1.));
#6057 = DIRECTION('',(0.79210675244,0.610382578994,-1.664706968084E-16)
  );
#6058 = PCURVE('',#1235,#6059);
#6059 = DEFINITIONAL_REPRESENTATION('',(#6060),#6064);
#6060 = CIRCLE('',#6061,3.);
#6061 = AXIS2_PLACEMENT_2D('',#6062,#6063);
#6062 = CARTESIAN_POINT('',(-24.52495710871,-33.5102360755));
#6063 = DIRECTION('',(1.,0.));
#6064 = ( GEOMETRIC_REPRESENTATION_CONTEXT(2) 
PARAMETRIC_REPRESENTATION_CONTEXT() REPRESENTATION_CONTEXT('2D SPACE',''
  ) );
#6065 = PCURVE('',#4075,#6066);
#6066 = DEFINITIONAL_REPRESENTATION('',(#6067),#6071);
#6067 = LINE('',#6068,#6069);
#6068 = CARTESIAN_POINT('',(0.,26.3));
#6069 = VECTOR('',#6070,1.);
#6070 = DIRECTION('',(1.,0.));
#6071 = ( GEOMETRIC_REPRESENTATION_CONTEXT(2) 
PARAMETRIC_REPRESENTATION_CONTEXT() REPRESENTATION_CONTEXT('2D SPACE',''
  ) );
#6072 = FACE_BOUND('',#6073,.T.);
#6073 = EDGE_LOOP('',(#6074,#6097,#6121,#6149,#6173,#6196,#6220,#6248,
    #6270));
#6074 = ORIENTED_EDGE('',*,*,#6075,.F.);
#6075 = EDGE_CURVE('',#6076,#1134,#6078,.T.);
#6076 = VERTEX_POINT('',#6077);
#6077 = CARTESIAN_POINT('',(10.951831550118,21.143731593497,-15.3));
#6078 = SURFACE_CURVE('',#6079,(#6083,#6090),.PCURVE_S1.);
#6079 = LINE('',#6080,#6081);
#6080 = CARTESIAN_POINT('',(-3.887527560157,-7.505305292372,-15.3));
#6081 = VECTOR('',#6082,1.);
#6082 = DIRECTION('',(0.45993369337,0.887953263243,8.020841165772E-16));
#6083 = PCURVE('',#1235,#6084);
#6084 = DEFINITIONAL_REPRESENTATION('',(#6085),#6089);
#6085 = LINE('',#6086,#6087);
#6086 = CARTESIAN_POINT('',(-7.66044443119,-16.42787609686));
#6087 = VECTOR('',#6088,1.);
#6088 = DIRECTION('',(0.906307787037,-0.422618261741));
#6089 = ( GEOMETRIC_REPRESENTATION_CONTEXT(2) 
PARAMETRIC_REPRESENTATION_CONTEXT() REPRESENTATION_CONTEXT('2D SPACE',''
  ) );
#6090 = PCURVE('',#1156,#6091);
#6091 = DEFINITIONAL_REPRESENTATION('',(#6092),#6096);
#6092 = LINE('',#6093,#6094);
#6093 = CARTESIAN_POINT('',(8.452365234814,-26.3));
#6094 = VECTOR('',#6095,1.);
#6095 = DIRECTION('',(-1.,0.));
#6096 = ( GEOMETRIC_REPRESENTATION_CONTEXT(2) 
PARAMETRIC_REPRESENTATION_CONTEXT() REPRESENTATION_CONTEXT('2D SPACE',''
  ) );
#6097 = ORIENTED_EDGE('',*,*,#6098,.T.);
#6098 = EDGE_CURVE('',#6076,#6099,#6101,.T.);
#6099 = VERTEX_POINT('',#6100);
#6100 = CARTESIAN_POINT('',(7.251975290341,19.708091089405,-15.3));
#6101 = SURFACE_CURVE('',#6102,(#6107,#6114),.PCURVE_S1.);
#6102 = CIRCLE('',#6103,3.);
#6103 = AXIS2_PLACEMENT_3D('',#6104,#6105,#6106);
#6104 = CARTESIAN_POINT('',(8.28797176039,22.523532673605,-15.3));
#6105 = DIRECTION('',(-1.508208300054E-15,1.684502993918E-15,-1.));
#6106 = DIRECTION('',(0.79210675244,0.610382578994,-1.664706968084E-16)
  );
#6107 = PCURVE('',#1235,#6108);
#6108 = DEFINITIONAL_REPRESENTATION('',(#6109),#6113);
#6109 = CIRCLE('',#6110,3.);
#6110 = AXIS2_PLACEMENT_2D('',#6111,#6112);
#6111 = CARTESIAN_POINT('',(20.3129303568,-32.78220874183));
#6112 = DIRECTION('',(1.,0.));
#6113 = ( GEOMETRIC_REPRESENTATION_CONTEXT(2) 
PARAMETRIC_REPRESENTATION_CONTEXT() REPRESENTATION_CONTEXT('2D SPACE',''
  ) );
#6114 = PCURVE('',#4260,#6115);
#6115 = DEFINITIONAL_REPRESENTATION('',(#6116),#6120);
#6116 = LINE('',#6117,#6118);
#6117 = CARTESIAN_POINT('',(0.,26.3));
#6118 = VECTOR('',#6119,1.);
#6119 = DIRECTION('',(1.,0.));
#6120 = ( GEOMETRIC_REPRESENTATION_CONTEXT(2) 
PARAMETRIC_REPRESENTATION_CONTEXT() REPRESENTATION_CONTEXT('2D SPACE',''
  ) );
#6121 = ORIENTED_EDGE('',*,*,#6122,.T.);
#6122 = EDGE_CURVE('',#6099,#6123,#6125,.T.);
#6123 = VERTEX_POINT('',#6124);
#6124 = CARTESIAN_POINT('',(1.670873166988,20.933422626504,-15.3));
#6125 = SURFACE_CURVE('',#6126,(#6131,#6142),.PCURVE_S1.);
#6126 = CIRCLE('',#6127,21.);
#6127 = AXIS2_PLACEMENT_3D('',#6128,#6129,#6130);
#6128 = CARTESIAN_POINT('',(-7.850974907612E-14,1.135858002963E-14,-15.3
    ));
#6129 = DIRECTION('',(1.508208300054E-15,-1.684502993918E-15,1.));
#6130 = DIRECTION('',(0.79210675244,0.610382578994,-1.664706968084E-16)
  );
#6131 = PCURVE('',#1235,#6132);
#6132 = DEFINITIONAL_REPRESENTATION('',(#6133),#6141);
#6133 = ( BOUNDED_CURVE() B_SPLINE_CURVE(2,(#6134,#6135,#6136,#6137,
#6138,#6139,#6140),.UNSPECIFIED.,.T.,.F.) B_SPLINE_CURVE_WITH_KNOTS((1,2
    ,2,2,2,1),(-2.094395102393,0.,2.094395102393,4.188790204786,
6.28318530718,8.377580409573),.UNSPECIFIED.) CURVE() 
GEOMETRIC_REPRESENTATION_ITEM() RATIONAL_B_SPLINE_CURVE((1.,0.5,1.,0.5,
1.,0.5,1.)) REPRESENTATION_ITEM('') );
#6134 = CARTESIAN_POINT('',(21.,-20.));
#6135 = CARTESIAN_POINT('',(21.,-56.37306695894));
#6136 = CARTESIAN_POINT('',(-10.5,-38.18653347947));
#6137 = CARTESIAN_POINT('',(-42.,-20.));
#6138 = CARTESIAN_POINT('',(-10.5,-1.813466520527));
#6139 = CARTESIAN_POINT('',(21.,16.373066958946));
#6140 = CARTESIAN_POINT('',(21.,-20.));
#6141 = ( GEOMETRIC_REPRESENTATION_CONTEXT(2) 
PARAMETRIC_REPRESENTATION_CONTEXT() REPRESENTATION_CONTEXT('2D SPACE',''
  ) );
#6142 = PCURVE('',#4231,#6143);
#6143 = DEFINITIONAL_REPRESENTATION('',(#6144),#6148);
#6144 = LINE('',#6145,#6146);
#6145 = CARTESIAN_POINT('',(6.28318530718,26.3));
#6146 = VECTOR('',#6147,1.);
#6147 = DIRECTION('',(-1.,0.));
#6148 = ( GEOMETRIC_REPRESENTATION_CONTEXT(2) 
PARAMETRIC_REPRESENTATION_CONTEXT() REPRESENTATION_CONTEXT('2D SPACE',''
  ) );
#6149 = ORIENTED_EDGE('',*,*,#6150,.T.);
#6150 = EDGE_CURVE('',#6123,#6151,#6153,.T.);
#6151 = VERTEX_POINT('',#6152);
#6152 = CARTESIAN_POINT('',(-1.087301456378,23.786924465827,-15.3));
#6153 = SURFACE_CURVE('',#6154,(#6159,#6166),.PCURVE_S1.);
#6154 = CIRCLE('',#6155,3.);
#6155 = AXIS2_PLACEMENT_3D('',#6156,#6157,#6158);
#6156 = CARTESIAN_POINT('',(1.909569333701,23.923911573148,-15.3));
#6157 = DIRECTION('',(-1.508208300054E-15,1.684502993918E-15,-1.));
#6158 = DIRECTION('',(0.79210675244,0.610382578994,-1.664706968084E-16)
  );
#6159 = PCURVE('',#1235,#6160);
#6160 = DEFINITIONAL_REPRESENTATION('',(#6161),#6165);
#6161 = CIRCLE('',#6162,3.);
#6162 = AXIS2_PLACEMENT_2D('',#6163,#6164);
#6163 = CARTESIAN_POINT('',(16.115321609111,-37.78472404719));
#6164 = DIRECTION('',(1.,0.));
#6165 = ( GEOMETRIC_REPRESENTATION_CONTEXT(2) 
PARAMETRIC_REPRESENTATION_CONTEXT() REPRESENTATION_CONTEXT('2D SPACE',''
  ) );
#6166 = PCURVE('',#4198,#6167);
#6167 = DEFINITIONAL_REPRESENTATION('',(#6168),#6172);
#6168 = LINE('',#6169,#6170);
#6169 = CARTESIAN_POINT('',(0.,26.3));
#6170 = VECTOR('',#6171,1.);
#6171 = DIRECTION('',(1.,0.));
#6172 = ( GEOMETRIC_REPRESENTATION_CONTEXT(2) 
PARAMETRIC_REPRESENTATION_CONTEXT() REPRESENTATION_CONTEXT('2D SPACE',''
  ) );
#6173 = ORIENTED_EDGE('',*,*,#6174,.T.);
#6174 = EDGE_CURVE('',#6151,#6175,#6177,.T.);
#6175 = VERTEX_POINT('',#6176);
#6176 = CARTESIAN_POINT('',(-1.271186557179,27.809783975012,-15.3));
#6177 = SURFACE_CURVE('',#6178,(#6182,#6189),.PCURVE_S1.);
#6178 = LINE('',#6179,#6180);
#6179 = CARTESIAN_POINT('',(0.74808846002,-16.36595222775,-15.3));
#6180 = VECTOR('',#6181,1.);
#6181 = DIRECTION('',(-4.566236910689E-02,0.998956930026,
    1.751614303511E-15));
#6182 = PCURVE('',#1235,#6183);
#6183 = DEFINITIONAL_REPRESENTATION('',(#6184),#6188);
#6184 = LINE('',#6185,#6186);
#6185 = CARTESIAN_POINT('',(-9.396926207859,-6.579798566744));
#6186 = VECTOR('',#6187,1.);
#6187 = DIRECTION('',(0.573576436351,-0.819152044289));
#6188 = ( GEOMETRIC_REPRESENTATION_CONTEXT(2) 
PARAMETRIC_REPRESENTATION_CONTEXT() REPRESENTATION_CONTEXT('2D SPACE',''
  ) );
#6189 = PCURVE('',#4169,#6190);
#6190 = DEFINITIONAL_REPRESENTATION('',(#6191),#6195);
#6191 = LINE('',#6192,#6193);
#6192 = CARTESIAN_POINT('',(16.38304088578,-26.3));
#6193 = VECTOR('',#6194,1.);
#6194 = DIRECTION('',(-1.,0.));
#6195 = ( GEOMETRIC_REPRESENTATION_CONTEXT(2) 
PARAMETRIC_REPRESENTATION_CONTEXT() REPRESENTATION_CONTEXT('2D SPACE',''
  ) );
#6196 = ORIENTED_EDGE('',*,*,#6197,.T.);
#6197 = EDGE_CURVE('',#6175,#6198,#6200,.T.);
#6198 = VERTEX_POINT('',#6199);
#6199 = CARTESIAN_POINT('',(1.910578972139,30.941067984011,-15.3));
#6200 = SURFACE_CURVE('',#6201,(#6206,#6213),.PCURVE_S1.);
#6201 = CIRCLE('',#6202,3.);
#6202 = AXIS2_PLACEMENT_3D('',#6203,#6204,#6205);
#6203 = CARTESIAN_POINT('',(1.7256842329,27.946771082333,-15.3));
#6204 = DIRECTION('',(-1.508208300054E-15,1.684502993918E-15,-1.));
#6205 = DIRECTION('',(0.79210675244,0.610382578994,-1.664706968084E-16)
  );
#6206 = PCURVE('',#1235,#6207);
#6207 = DEFINITIONAL_REPRESENTATION('',(#6208),#6212);
#6208 = CIRCLE('',#6209,3.);
#6209 = AXIS2_PLACEMENT_2D('',#6210,#6211);
#6210 = CARTESIAN_POINT('',(18.425148341239,-41.0834984906));
#6211 = DIRECTION('',(1.,0.));
#6212 = ( GEOMETRIC_REPRESENTATION_CONTEXT(2) 
PARAMETRIC_REPRESENTATION_CONTEXT() REPRESENTATION_CONTEXT('2D SPACE',''
  ) );
#6213 = PCURVE('',#4141,#6214);
#6214 = DEFINITIONAL_REPRESENTATION('',(#6215),#6219);
#6215 = LINE('',#6216,#6217);
#6216 = CARTESIAN_POINT('',(0.,26.3));
#6217 = VECTOR('',#6218,1.);
#6218 = DIRECTION('',(1.,0.));
#6219 = ( GEOMETRIC_REPRESENTATION_CONTEXT(2) 
PARAMETRIC_REPRESENTATION_CONTEXT() REPRESENTATION_CONTEXT('2D SPACE',''
  ) );
#6220 = ORIENTED_EDGE('',*,*,#6221,.F.);
#6221 = EDGE_CURVE('',#6222,#6198,#6224,.T.);
#6222 = VERTEX_POINT('',#6223);
#6223 = CARTESIAN_POINT('',(11.22659724056,28.895735228546,-15.3));
#6224 = SURFACE_CURVE('',#6225,(#6230,#6241),.PCURVE_S1.);
#6225 = CIRCLE('',#6226,31.);
#6226 = AXIS2_PLACEMENT_3D('',#6227,#6228,#6229);
#6227 = CARTESIAN_POINT('',(-7.850974907612E-14,1.135858002963E-14,-15.3
    ));
#6228 = DIRECTION('',(1.508208300054E-15,-1.684502993918E-15,1.));
#6229 = DIRECTION('',(0.79210675244,0.610382578994,-1.664706968084E-16)
  );
#6230 = PCURVE('',#1235,#6231);
#6231 = DEFINITIONAL_REPRESENTATION('',(#6232),#6240);
#6232 = ( BOUNDED_CURVE() B_SPLINE_CURVE(2,(#6233,#6234,#6235,#6236,
#6237,#6238,#6239),.UNSPECIFIED.,.T.,.F.) B_SPLINE_CURVE_WITH_KNOTS((1,2
    ,2,2,2,1),(-2.094395102393,0.,2.094395102393,4.188790204786,
6.28318530718,8.377580409573),.UNSPECIFIED.) CURVE() 
GEOMETRIC_REPRESENTATION_ITEM() RATIONAL_B_SPLINE_CURVE((1.,0.5,1.,0.5,
1.,0.5,1.)) REPRESENTATION_ITEM('') );
#6233 = CARTESIAN_POINT('',(31.,-20.));
#6234 = CARTESIAN_POINT('',(31.,-73.69357503463));
#6235 = CARTESIAN_POINT('',(-15.5,-46.84678751731));
#6236 = CARTESIAN_POINT('',(-62.,-20.));
#6237 = CARTESIAN_POINT('',(-15.5,6.846787517318));
#6238 = CARTESIAN_POINT('',(31.,33.693575034635));
#6239 = CARTESIAN_POINT('',(31.,-20.));
#6240 = ( GEOMETRIC_REPRESENTATION_CONTEXT(2) 
PARAMETRIC_REPRESENTATION_CONTEXT() REPRESENTATION_CONTEXT('2D SPACE',''
  ) );
#6241 = PCURVE('',#4112,#6242);
#6242 = DEFINITIONAL_REPRESENTATION('',(#6243),#6247);
#6243 = LINE('',#6244,#6245);
#6244 = CARTESIAN_POINT('',(6.28318530718,26.3));
#6245 = VECTOR('',#6246,1.);
#6246 = DIRECTION('',(-1.,0.));
#6247 = ( GEOMETRIC_REPRESENTATION_CONTEXT(2) 
PARAMETRIC_REPRESENTATION_CONTEXT() REPRESENTATION_CONTEXT('2D SPACE',''
  ) );
#6248 = ORIENTED_EDGE('',*,*,#6249,.T.);
#6249 = EDGE_CURVE('',#6222,#1193,#6250,.T.);
#6250 = SURFACE_CURVE('',#6251,(#6256,#6263),.PCURVE_S1.);
#6251 = CIRCLE('',#6252,3.);
#6252 = AXIS2_PLACEMENT_3D('',#6253,#6254,#6255);
#6253 = CARTESIAN_POINT('',(10.140152346312,26.099373754816,-15.3));
#6254 = DIRECTION('',(-1.508208300054E-15,1.684502993918E-15,-1.));
#6255 = DIRECTION('',(0.79210675244,0.610382578994,-1.664706968084E-16)
  );
#6256 = PCURVE('',#1235,#6257);
#6257 = DEFINITIONAL_REPRESENTATION('',(#6258),#6262);
#6258 = CIRCLE('',#6259,3.);
#6259 = AXIS2_PLACEMENT_2D('',#6260,#6261);
#6260 = CARTESIAN_POINT('',(23.962686206868,-34.48411784511));
#6261 = DIRECTION('',(1.,0.));
#6262 = ( GEOMETRIC_REPRESENTATION_CONTEXT(2) 
PARAMETRIC_REPRESENTATION_CONTEXT() REPRESENTATION_CONTEXT('2D SPACE',''
  ) );
#6263 = PCURVE('',#1208,#6264);
#6264 = DEFINITIONAL_REPRESENTATION('',(#6265),#6269);
#6265 = LINE('',#6266,#6267);
#6266 = CARTESIAN_POINT('',(0.,26.3));
#6267 = VECTOR('',#6268,1.);
#6268 = DIRECTION('',(1.,0.));
#6269 = ( GEOMETRIC_REPRESENTATION_CONTEXT(2) 
PARAMETRIC_REPRESENTATION_CONTEXT() REPRESENTATION_CONTEXT('2D SPACE',''
  ) );
#6270 = ORIENTED_EDGE('',*,*,#1220,.T.);
#6271 = FACE_BOUND('',#6272,.T.);
#6272 = EDGE_LOOP('',(#6273,#6296,#6320,#6348,#6372,#6395,#6419,#6447,
    #6469));
#6273 = ORIENTED_EDGE('',*,*,#6274,.F.);
#6274 = EDGE_CURVE('',#6275,#1251,#6277,.T.);
#6275 = VERTEX_POINT('',#6276);
#6276 = CARTESIAN_POINT('',(-5.201338989894,23.236739717788,-15.3));
#6277 = SURFACE_CURVE('',#6278,(#6282,#6289),.PCURVE_S1.);
#6278 = LINE('',#6279,#6280);
#6279 = CARTESIAN_POINT('',(3.959399618756,-17.68843341272,-15.3));
#6280 = VECTOR('',#6281,1.);
#6281 = DIRECTION('',(-0.218435705584,0.975851342432,1.973271052135E-15)
  );
#6282 = PCURVE('',#1235,#6283);
#6283 = DEFINITIONAL_REPRESENTATION('',(#6284),#6288);
#6284 = LINE('',#6285,#6286);
#6285 = CARTESIAN_POINT('',(-7.66044443119,-3.572123903135));
#6286 = VECTOR('',#6287,1.);
#6287 = DIRECTION('',(0.422618261741,-0.906307787037));
#6288 = ( GEOMETRIC_REPRESENTATION_CONTEXT(2) 
PARAMETRIC_REPRESENTATION_CONTEXT() REPRESENTATION_CONTEXT('2D SPACE',''
  ) );
#6289 = PCURVE('',#1273,#6290);
#6290 = DEFINITIONAL_REPRESENTATION('',(#6291),#6295);
#6291 = LINE('',#6292,#6293);
#6292 = CARTESIAN_POINT('',(18.126155740733,-26.3));
#6293 = VECTOR('',#6294,1.);
#6294 = DIRECTION('',(-1.,0.));
#6295 = ( GEOMETRIC_REPRESENTATION_CONTEXT(2) 
PARAMETRIC_REPRESENTATION_CONTEXT() REPRESENTATION_CONTEXT('2D SPACE',''
  ) );
#6296 = ORIENTED_EDGE('',*,*,#6297,.T.);
#6297 = EDGE_CURVE('',#6275,#6298,#6300,.T.);
#6298 = VERTEX_POINT('',#6299);
#6299 = CARTESIAN_POINT('',(-7.112781390041,19.758753525906,-15.3));
#6300 = SURFACE_CURVE('',#6301,(#6306,#6313),.PCURVE_S1.);
#6301 = CIRCLE('',#6302,3.);
#6302 = AXIS2_PLACEMENT_3D('',#6303,#6304,#6305);
#6303 = CARTESIAN_POINT('',(-8.12889301719,22.581432601035,-15.3));
#6304 = DIRECTION('',(-1.508208300054E-15,1.684502993918E-15,-1.));
#6305 = DIRECTION('',(0.79210675244,0.610382578994,-1.664706968084E-16)
  );
#6306 = PCURVE('',#1235,#6307);
#6307 = DEFINITIONAL_REPRESENTATION('',(#6308),#6312);
#6308 = CIRCLE('',#6309,3.);
#6309 = AXIS2_PLACEMENT_2D('',#6310,#6311);
#6310 = CARTESIAN_POINT('',(7.344362019613,-42.84863992724));
#6311 = DIRECTION('',(1.,0.));
#6312 = ( GEOMETRIC_REPRESENTATION_CONTEXT(2) 
PARAMETRIC_REPRESENTATION_CONTEXT() REPRESENTATION_CONTEXT('2D SPACE',''
  ) );
#6313 = PCURVE('',#4489,#6314);
#6314 = DEFINITIONAL_REPRESENTATION('',(#6315),#6319);
#6315 = LINE('',#6316,#6317);
#6316 = CARTESIAN_POINT('',(-2.22044604925E-16,26.3));
#6317 = VECTOR('',#6318,1.);
#6318 = DIRECTION('',(1.,0.));
#6319 = ( GEOMETRIC_REPRESENTATION_CONTEXT(2) 
PARAMETRIC_REPRESENTATION_CONTEXT() REPRESENTATION_CONTEXT('2D SPACE',''
  ) );
#6320 = ORIENTED_EDGE('',*,*,#6321,.T.);
#6321 = EDGE_CURVE('',#6298,#6322,#6324,.T.);
#6322 = VERTEX_POINT('',#6323);
#6323 = CARTESIAN_POINT('',(-12.17578158792,17.109948647592,-15.3));
#6324 = SURFACE_CURVE('',#6325,(#6330,#6341),.PCURVE_S1.);
#6325 = CIRCLE('',#6326,21.);
#6326 = AXIS2_PLACEMENT_3D('',#6327,#6328,#6329);
#6327 = CARTESIAN_POINT('',(-7.850974907612E-14,1.135858002963E-14,-15.3
    ));
#6328 = DIRECTION('',(1.508208300054E-15,-1.684502993918E-15,1.));
#6329 = DIRECTION('',(0.79210675244,0.610382578994,-1.664706968084E-16)
  );
#6330 = PCURVE('',#1235,#6331);
#6331 = DEFINITIONAL_REPRESENTATION('',(#6332),#6340);
#6332 = ( BOUNDED_CURVE() B_SPLINE_CURVE(2,(#6333,#6334,#6335,#6336,
#6337,#6338,#6339),.UNSPECIFIED.,.T.,.F.) B_SPLINE_CURVE_WITH_KNOTS((1,2
    ,2,2,2,1),(-2.094395102393,0.,2.094395102393,4.188790204786,
6.28318530718,8.377580409573),.UNSPECIFIED.) CURVE() 
GEOMETRIC_REPRESENTATION_ITEM() RATIONAL_B_SPLINE_CURVE((1.,0.5,1.,0.5,
1.,0.5,1.)) REPRESENTATION_ITEM('') );
#6333 = CARTESIAN_POINT('',(21.,-20.));
#6334 = CARTESIAN_POINT('',(21.,-56.37306695894));
#6335 = CARTESIAN_POINT('',(-10.5,-38.18653347947));
#6336 = CARTESIAN_POINT('',(-42.,-20.));
#6337 = CARTESIAN_POINT('',(-10.5,-1.813466520527));
#6338 = CARTESIAN_POINT('',(21.,16.373066958946));
#6339 = CARTESIAN_POINT('',(21.,-20.));
#6340 = ( GEOMETRIC_REPRESENTATION_CONTEXT(2) 
PARAMETRIC_REPRESENTATION_CONTEXT() REPRESENTATION_CONTEXT('2D SPACE',''
  ) );
#6341 = PCURVE('',#4460,#6342);
#6342 = DEFINITIONAL_REPRESENTATION('',(#6343),#6347);
#6343 = LINE('',#6344,#6345);
#6344 = CARTESIAN_POINT('',(6.28318530718,26.3));
#6345 = VECTOR('',#6346,1.);
#6346 = DIRECTION('',(-1.,0.));
#6347 = ( GEOMETRIC_REPRESENTATION_CONTEXT(2) 
PARAMETRIC_REPRESENTATION_CONTEXT() REPRESENTATION_CONTEXT('2D SPACE',''
  ) );
#6348 = ORIENTED_EDGE('',*,*,#6349,.T.);
#6349 = EDGE_CURVE('',#6322,#6350,#6352,.T.);
#6350 = VERTEX_POINT('',#6351);
#6351 = CARTESIAN_POINT('',(-16.12286155783,17.522937401784,-15.3));
#6352 = SURFACE_CURVE('',#6353,(#6358,#6365),.PCURVE_S1.);
#6353 = CIRCLE('',#6354,3.);
#6354 = AXIS2_PLACEMENT_3D('',#6355,#6356,#6357);
#6355 = CARTESIAN_POINT('',(-13.91517895762,19.55422702582,-15.3));
#6356 = DIRECTION('',(-1.508208300054E-15,1.684502993918E-15,-1.));
#6357 = DIRECTION('',(0.79210675244,0.610382578994,-1.664706968084E-16)
  );
#6358 = PCURVE('',#1235,#6359);
#6359 = DEFINITIONAL_REPRESENTATION('',(#6360),#6364);
#6360 = CIRCLE('',#6361,3.);
#6361 = AXIS2_PLACEMENT_2D('',#6362,#6363);
#6362 = CARTESIAN_POINT('',(0.913252308503,-43.9826180852));
#6363 = DIRECTION('',(1.,0.));
#6364 = ( GEOMETRIC_REPRESENTATION_CONTEXT(2) 
PARAMETRIC_REPRESENTATION_CONTEXT() REPRESENTATION_CONTEXT('2D SPACE',''
  ) );
#6365 = PCURVE('',#4427,#6366);
#6366 = DEFINITIONAL_REPRESENTATION('',(#6367),#6371);
#6367 = LINE('',#6368,#6369);
#6368 = CARTESIAN_POINT('',(0.,26.3));
#6369 = VECTOR('',#6370,1.);
#6370 = DIRECTION('',(1.,0.));
#6371 = ( GEOMETRIC_REPRESENTATION_CONTEXT(2) 
PARAMETRIC_REPRESENTATION_CONTEXT() REPRESENTATION_CONTEXT('2D SPACE',''
  ) );
#6372 = ORIENTED_EDGE('',*,*,#6373,.T.);
#6373 = EDGE_CURVE('',#6350,#6374,#6376,.T.);
#6374 = VERTEX_POINT('',#6375);
#6375 = CARTESIAN_POINT('',(-18.84956996549,20.486427509843,-15.3));
#6376 = SURFACE_CURVE('',#6377,(#6381,#6388),.PCURVE_S1.);
#6377 = LINE('',#6378,#6379);
#6378 = CARTESIAN_POINT('',(13.490399691691,-14.66187800934,-15.3));
#6379 = VECTOR('',#6380,1.);
#6380 = DIRECTION('',(-0.677096541345,0.735894200071,2.260818606821E-15)
  );
#6381 = PCURVE('',#1235,#6382);
#6382 = DEFINITIONAL_REPRESENTATION('',(#6383),#6387);
#6383 = LINE('',#6384,#6385);
#6384 = CARTESIAN_POINT('',(1.736481776669,-0.151922469878));
#6385 = VECTOR('',#6386,1.);
#6386 = DIRECTION('',(-8.715574274765E-02,-0.996194698092));
#6387 = ( GEOMETRIC_REPRESENTATION_CONTEXT(2) 
PARAMETRIC_REPRESENTATION_CONTEXT() REPRESENTATION_CONTEXT('2D SPACE',''
  ) );
#6388 = PCURVE('',#4398,#6389);
#6389 = DEFINITIONAL_REPRESENTATION('',(#6390),#6394);
#6390 = LINE('',#6391,#6392);
#6391 = CARTESIAN_POINT('',(19.923893961835,-26.3));
#6392 = VECTOR('',#6393,1.);
#6393 = DIRECTION('',(-1.,0.));
#6394 = ( GEOMETRIC_REPRESENTATION_CONTEXT(2) 
PARAMETRIC_REPRESENTATION_CONTEXT() REPRESENTATION_CONTEXT('2D SPACE',''
  ) );
#6395 = ORIENTED_EDGE('',*,*,#6396,.T.);
#6396 = EDGE_CURVE('',#6374,#6397,#6399,.T.);
#6397 = VERTEX_POINT('',#6398);
#6398 = CARTESIAN_POINT('',(-18.42494672584,24.930329683937,-15.3));
#6399 = SURFACE_CURVE('',#6400,(#6405,#6412),.PCURVE_S1.);
#6400 = CIRCLE('',#6401,3.);
#6401 = AXIS2_PLACEMENT_3D('',#6402,#6403,#6404);
#6402 = CARTESIAN_POINT('',(-16.64188736527,22.517717133879,-15.3));
#6403 = DIRECTION('',(-1.508208300054E-15,1.684502993918E-15,-1.));
#6404 = DIRECTION('',(0.79210675244,0.610382578994,-1.664706968084E-16)
  );
#6405 = PCURVE('',#1235,#6406);
#6406 = DEFINITIONAL_REPRESENTATION('',(#6407),#6411);
#6407 = CIRCLE('',#6408,3.);
#6408 = AXIS2_PLACEMENT_2D('',#6409,#6410);
#6409 = CARTESIAN_POINT('',(0.562270901844,-47.99435392062));
#6410 = DIRECTION('',(1.,0.));
#6411 = ( GEOMETRIC_REPRESENTATION_CONTEXT(2) 
PARAMETRIC_REPRESENTATION_CONTEXT() REPRESENTATION_CONTEXT('2D SPACE',''
  ) );
#6412 = PCURVE('',#4370,#6413);
#6413 = DEFINITIONAL_REPRESENTATION('',(#6414),#6418);
#6414 = LINE('',#6415,#6416);
#6415 = CARTESIAN_POINT('',(4.440892098501E-16,26.3));
#6416 = VECTOR('',#6417,1.);
#6417 = DIRECTION('',(1.,0.));
#6418 = ( GEOMETRIC_REPRESENTATION_CONTEXT(2) 
PARAMETRIC_REPRESENTATION_CONTEXT() REPRESENTATION_CONTEXT('2D SPACE',''
  ) );
#6419 = ORIENTED_EDGE('',*,*,#6420,.F.);
#6420 = EDGE_CURVE('',#6421,#6397,#6423,.T.);
#6421 = VERTEX_POINT('',#6422);
#6422 = CARTESIAN_POINT('',(-9.973748146427,29.351735006838,-15.3));
#6423 = SURFACE_CURVE('',#6424,(#6429,#6440),.PCURVE_S1.);
#6424 = CIRCLE('',#6425,31.);
#6425 = AXIS2_PLACEMENT_3D('',#6426,#6427,#6428);
#6426 = CARTESIAN_POINT('',(-7.850974907612E-14,1.135858002963E-14,-15.3
    ));
#6427 = DIRECTION('',(1.508208300054E-15,-1.684502993918E-15,1.));
#6428 = DIRECTION('',(0.79210675244,0.610382578994,-1.664706968084E-16)
  );
#6429 = PCURVE('',#1235,#6430);
#6430 = DEFINITIONAL_REPRESENTATION('',(#6431),#6439);
#6431 = ( BOUNDED_CURVE() B_SPLINE_CURVE(2,(#6432,#6433,#6434,#6435,
#6436,#6437,#6438),.UNSPECIFIED.,.T.,.F.) B_SPLINE_CURVE_WITH_KNOTS((1,2
    ,2,2,2,1),(-2.094395102393,0.,2.094395102393,4.188790204786,
6.28318530718,8.377580409573),.UNSPECIFIED.) CURVE() 
GEOMETRIC_REPRESENTATION_ITEM() RATIONAL_B_SPLINE_CURVE((1.,0.5,1.,0.5,
1.,0.5,1.)) REPRESENTATION_ITEM('') );
#6432 = CARTESIAN_POINT('',(31.,-20.));
#6433 = CARTESIAN_POINT('',(31.,-73.69357503463));
#6434 = CARTESIAN_POINT('',(-15.5,-46.84678751731));
#6435 = CARTESIAN_POINT('',(-62.,-20.));
#6436 = CARTESIAN_POINT('',(-15.5,6.846787517318));
#6437 = CARTESIAN_POINT('',(31.,33.693575034635));
#6438 = CARTESIAN_POINT('',(31.,-20.));
#6439 = ( GEOMETRIC_REPRESENTATION_CONTEXT(2) 
PARAMETRIC_REPRESENTATION_CONTEXT() REPRESENTATION_CONTEXT('2D SPACE',''
  ) );
#6440 = PCURVE('',#4341,#6441);
#6441 = DEFINITIONAL_REPRESENTATION('',(#6442),#6446);
#6442 = LINE('',#6443,#6444);
#6443 = CARTESIAN_POINT('',(6.28318530718,26.3));
#6444 = VECTOR('',#6445,1.);
#6445 = DIRECTION('',(-1.,0.));
#6446 = ( GEOMETRIC_REPRESENTATION_CONTEXT(2) 
PARAMETRIC_REPRESENTATION_CONTEXT() REPRESENTATION_CONTEXT('2D SPACE',''
  ) );
#6447 = ORIENTED_EDGE('',*,*,#6448,.T.);
#6448 = EDGE_CURVE('',#6421,#1310,#6449,.T.);
#6449 = SURFACE_CURVE('',#6450,(#6455,#6462),.PCURVE_S1.);
#6450 = CIRCLE('',#6451,3.);
#6451 = AXIS2_PLACEMENT_3D('',#6452,#6453,#6454);
#6452 = CARTESIAN_POINT('',(-9.008546712902,26.511244522305,-15.3));
#6453 = DIRECTION('',(-1.508208300054E-15,1.684502993918E-15,-1.));
#6454 = DIRECTION('',(0.79210675244,0.610382578994,-1.664706968084E-16)
  );
#6455 = PCURVE('',#1235,#6456);
#6456 = DEFINITIONAL_REPRESENTATION('',(#6457),#6461);
#6457 = CIRCLE('',#6458,3.);
#6458 = AXIS2_PLACEMENT_2D('',#6459,#6460);
#6459 = CARTESIAN_POINT('',(9.046271122896,-46.49839577731));
#6460 = DIRECTION('',(1.,0.));
#6461 = ( GEOMETRIC_REPRESENTATION_CONTEXT(2) 
PARAMETRIC_REPRESENTATION_CONTEXT() REPRESENTATION_CONTEXT('2D SPACE',''
  ) );
#6462 = PCURVE('',#1325,#6463);
#6463 = DEFINITIONAL_REPRESENTATION('',(#6464),#6468);
#6464 = LINE('',#6465,#6466);
#6465 = CARTESIAN_POINT('',(0.,26.3));
#6466 = VECTOR('',#6467,1.);
#6467 = DIRECTION('',(1.,0.));
#6468 = ( GEOMETRIC_REPRESENTATION_CONTEXT(2) 
PARAMETRIC_REPRESENTATION_CONTEXT() REPRESENTATION_CONTEXT('2D SPACE',''
  ) );
#6469 = ORIENTED_EDGE('',*,*,#1337,.T.);
#6470 = FACE_BOUND('',#6471,.T.);
#6471 = EDGE_LOOP('',(#6472,#6497,#6521,#6549,#6573,#6596,#6618,#6619,
    #6647));
#6472 = ORIENTED_EDGE('',*,*,#6473,.F.);
#6473 = EDGE_CURVE('',#6474,#6476,#6478,.T.);
#6474 = VERTEX_POINT('',#6475);
#6475 = CARTESIAN_POINT('',(22.724276391678,-7.113878159951,-15.3));
#6476 = VERTEX_POINT('',#6477);
#6477 = CARTESIAN_POINT('',(26.567420195449,-8.316981673566,-15.3));
#6478 = SURFACE_CURVE('',#6479,(#6483,#6490),.PCURVE_S1.);
#6479 = LINE('',#6480,#6481);
#6480 = CARTESIAN_POINT('',(15.634825862871,-4.894512121022,-15.3));
#6481 = VECTOR('',#6482,1.);
#6482 = DIRECTION('',(0.954329905655,-0.298754801086,-1.942581641576E-15
    ));
#6483 = PCURVE('',#1235,#6484);
#6484 = DEFINITIONAL_REPRESENTATION('',(#6485),#6489);
#6485 = LINE('',#6486,#6487);
#6486 = CARTESIAN_POINT('',(9.396926207859,-6.579798566743));
#6487 = VECTOR('',#6488,1.);
#6488 = DIRECTION('',(0.573576436351,0.819152044289));
#6489 = ( GEOMETRIC_REPRESENTATION_CONTEXT(2) 
PARAMETRIC_REPRESENTATION_CONTEXT() REPRESENTATION_CONTEXT('2D SPACE',''
  ) );
#6490 = PCURVE('',#4735,#6491);
#6491 = DEFINITIONAL_REPRESENTATION('',(#6492),#6496);
#6492 = LINE('',#6493,#6494);
#6493 = CARTESIAN_POINT('',(-16.38304088578,-26.3));
#6494 = VECTOR('',#6495,1.);
#6495 = DIRECTION('',(-1.,0.));
#6496 = ( GEOMETRIC_REPRESENTATION_CONTEXT(2) 
PARAMETRIC_REPRESENTATION_CONTEXT() REPRESENTATION_CONTEXT('2D SPACE',''
  ) );
#6497 = ORIENTED_EDGE('',*,*,#6498,.T.);
#6498 = EDGE_CURVE('',#6474,#6499,#6501,.T.);
#6499 = VERTEX_POINT('',#6500);
#6500 = CARTESIAN_POINT('',(20.66797319557,-3.719527387612,-15.3));
#6501 = SURFACE_CURVE('',#6502,(#6507,#6514),.PCURVE_S1.);
#6502 = CIRCLE('',#6503,3.);
#6503 = AXIS2_PLACEMENT_3D('',#6504,#6505,#6506);
#6504 = CARTESIAN_POINT('',(23.620540794937,-4.250888442985,-15.3));
#6505 = DIRECTION('',(-1.508208300054E-15,1.684502993918E-15,-1.));
#6506 = DIRECTION('',(0.79210675244,0.610382578994,-1.664706968084E-16)
  );
#6507 = PCURVE('',#1235,#6508);
#6508 = DEFINITIONAL_REPRESENTATION('',(#6509),#6513);
#6509 = CIRCLE('',#6510,3.);
#6510 = AXIS2_PLACEMENT_2D('',#6511,#6512);
#6511 = CARTESIAN_POINT('',(16.115321609111,-2.215275952804));
#6512 = DIRECTION('',(1.,0.));
#6513 = ( GEOMETRIC_REPRESENTATION_CONTEXT(2) 
PARAMETRIC_REPRESENTATION_CONTEXT() REPRESENTATION_CONTEXT('2D SPACE',''
  ) );
#6514 = PCURVE('',#4707,#6515);
#6515 = DEFINITIONAL_REPRESENTATION('',(#6516),#6520);
#6516 = LINE('',#6517,#6518);
#6517 = CARTESIAN_POINT('',(0.,26.3));
#6518 = VECTOR('',#6519,1.);
#6519 = DIRECTION('',(1.,0.));
#6520 = ( GEOMETRIC_REPRESENTATION_CONTEXT(2) 
PARAMETRIC_REPRESENTATION_CONTEXT() REPRESENTATION_CONTEXT('2D SPACE',''
  ) );
#6521 = ORIENTED_EDGE('',*,*,#6522,.T.);
#6522 = EDGE_CURVE('',#6499,#6523,#6525,.T.);
#6523 = VERTEX_POINT('',#6524);
#6524 = CARTESIAN_POINT('',(20.905540980223,1.989561842274,-15.3));
#6525 = SURFACE_CURVE('',#6526,(#6531,#6542),.PCURVE_S1.);
#6526 = CIRCLE('',#6527,21.);
#6527 = AXIS2_PLACEMENT_3D('',#6528,#6529,#6530);
#6528 = CARTESIAN_POINT('',(-7.850974907612E-14,1.135858002963E-14,-15.3
    ));
#6529 = DIRECTION('',(1.508208300054E-15,-1.684502993918E-15,1.));
#6530 = DIRECTION('',(0.79210675244,0.610382578994,-1.664706968084E-16)
  );
#6531 = PCURVE('',#1235,#6532);
#6532 = DEFINITIONAL_REPRESENTATION('',(#6533),#6541);
#6533 = ( BOUNDED_CURVE() B_SPLINE_CURVE(2,(#6534,#6535,#6536,#6537,
#6538,#6539,#6540),.UNSPECIFIED.,.T.,.F.) B_SPLINE_CURVE_WITH_KNOTS((1,2
    ,2,2,2,1),(-2.094395102393,0.,2.094395102393,4.188790204786,
6.28318530718,8.377580409573),.UNSPECIFIED.) CURVE() 
GEOMETRIC_REPRESENTATION_ITEM() RATIONAL_B_SPLINE_CURVE((1.,0.5,1.,0.5,
1.,0.5,1.)) REPRESENTATION_ITEM('') );
#6534 = CARTESIAN_POINT('',(21.,-20.));
#6535 = CARTESIAN_POINT('',(21.,-56.37306695894));
#6536 = CARTESIAN_POINT('',(-10.5,-38.18653347947));
#6537 = CARTESIAN_POINT('',(-42.,-20.));
#6538 = CARTESIAN_POINT('',(-10.5,-1.813466520527));
#6539 = CARTESIAN_POINT('',(21.,16.373066958946));
#6540 = CARTESIAN_POINT('',(21.,-20.));
#6541 = ( GEOMETRIC_REPRESENTATION_CONTEXT(2) 
PARAMETRIC_REPRESENTATION_CONTEXT() REPRESENTATION_CONTEXT('2D SPACE',''
  ) );
#6542 = PCURVE('',#4678,#6543);
#6543 = DEFINITIONAL_REPRESENTATION('',(#6544),#6548);
#6544 = LINE('',#6545,#6546);
#6545 = CARTESIAN_POINT('',(6.28318530718,26.3));
#6546 = VECTOR('',#6547,1.);
#6547 = DIRECTION('',(-1.,0.));
#6548 = ( GEOMETRIC_REPRESENTATION_CONTEXT(2) 
PARAMETRIC_REPRESENTATION_CONTEXT() REPRESENTATION_CONTEXT('2D SPACE',''
  ) );
#6549 = ORIENTED_EDGE('',*,*,#6550,.T.);
#6550 = EDGE_CURVE('',#6523,#6551,#6553,.T.);
#6551 = VERTEX_POINT('',#6552);
#6552 = CARTESIAN_POINT('',(23.236739717787,5.201338989894,-15.3));
#6553 = SURFACE_CURVE('',#6554,(#6559,#6566),.PCURVE_S1.);
#6554 = CIRCLE('',#6555,3.);
#6555 = AXIS2_PLACEMENT_3D('',#6556,#6557,#6558);
#6556 = CARTESIAN_POINT('',(23.89204683454,2.273784962599,-15.3));
#6557 = DIRECTION('',(-1.508208300054E-15,1.684502993918E-15,-1.));
#6558 = DIRECTION('',(0.79210675244,0.610382578994,-1.664706968084E-16)
  );
#6559 = PCURVE('',#1235,#6560);
#6560 = DEFINITIONAL_REPRESENTATION('',(#6561),#6565);
#6561 = CIRCLE('',#6562,3.);
#6562 = AXIS2_PLACEMENT_2D('',#6563,#6564);
#6563 = CARTESIAN_POINT('',(20.3129303568,-7.217791258167));
#6564 = DIRECTION('',(1.,0.));
#6565 = ( GEOMETRIC_REPRESENTATION_CONTEXT(2) 
PARAMETRIC_REPRESENTATION_CONTEXT() REPRESENTATION_CONTEXT('2D SPACE',''
  ) );
#6566 = PCURVE('',#4645,#6567);
#6567 = DEFINITIONAL_REPRESENTATION('',(#6568),#6572);
#6568 = LINE('',#6569,#6570);
#6569 = CARTESIAN_POINT('',(0.,26.3));
#6570 = VECTOR('',#6571,1.);
#6571 = DIRECTION('',(1.,0.));
#6572 = ( GEOMETRIC_REPRESENTATION_CONTEXT(2) 
PARAMETRIC_REPRESENTATION_CONTEXT() REPRESENTATION_CONTEXT('2D SPACE',''
  ) );
#6573 = ORIENTED_EDGE('',*,*,#6574,.T.);
#6574 = EDGE_CURVE('',#6551,#6575,#6577,.T.);
#6575 = VERTEX_POINT('',#6576);
#6576 = CARTESIAN_POINT('',(27.166551639058,6.080992685607,-15.3));
#6577 = SURFACE_CURVE('',#6578,(#6582,#6589),.PCURVE_S1.);
#6578 = LINE('',#6579,#6580);
#6579 = CARTESIAN_POINT('',(8.248251961117,1.846298363922,-15.3));
#6580 = VECTOR('',#6581,1.);
#6581 = DIRECTION('',(0.975851342432,0.218435705584,-1.103831494239E-15)
  );
#6582 = PCURVE('',#1235,#6583);
#6583 = DEFINITIONAL_REPRESENTATION('',(#6584),#6588);
#6584 = LINE('',#6585,#6586);
#6585 = CARTESIAN_POINT('',(7.66044443119,-16.42787609686));
#6586 = VECTOR('',#6587,1.);
#6587 = DIRECTION('',(0.906307787037,0.422618261741));
#6588 = ( GEOMETRIC_REPRESENTATION_CONTEXT(2) 
PARAMETRIC_REPRESENTATION_CONTEXT() REPRESENTATION_CONTEXT('2D SPACE',''
  ) );
#6589 = PCURVE('',#4616,#6590);
#6590 = DEFINITIONAL_REPRESENTATION('',(#6591),#6595);
#6591 = LINE('',#6592,#6593);
#6592 = CARTESIAN_POINT('',(-8.452365234814,-26.3));
#6593 = VECTOR('',#6594,1.);
#6594 = DIRECTION('',(-1.,0.));
#6595 = ( GEOMETRIC_REPRESENTATION_CONTEXT(2) 
PARAMETRIC_REPRESENTATION_CONTEXT() REPRESENTATION_CONTEXT('2D SPACE',''
  ) );
#6596 = ORIENTED_EDGE('',*,*,#6597,.T.);
#6597 = EDGE_CURVE('',#6575,#1982,#6598,.T.);
#6598 = SURFACE_CURVE('',#6599,(#6604,#6611),.PCURVE_S1.);
#6599 = CIRCLE('',#6600,3.);
#6600 = AXIS2_PLACEMENT_3D('',#6601,#6602,#6603);
#6601 = CARTESIAN_POINT('',(27.82185875581,3.153438658311,-15.3));
#6602 = DIRECTION('',(-1.508208300054E-15,1.684502993918E-15,-1.));
#6603 = DIRECTION('',(0.79210675244,0.610382578994,-1.664706968084E-16)
  );
#6604 = PCURVE('',#1235,#6605);
#6605 = DEFINITIONAL_REPRESENTATION('',(#6606),#6610);
#6606 = CIRCLE('',#6607,3.);
#6607 = AXIS2_PLACEMENT_2D('',#6608,#6609);
#6608 = CARTESIAN_POINT('',(23.962686206868,-5.515882154885));
#6609 = DIRECTION('',(1.,0.));
#6610 = ( GEOMETRIC_REPRESENTATION_CONTEXT(2) 
PARAMETRIC_REPRESENTATION_CONTEXT() REPRESENTATION_CONTEXT('2D SPACE',''
  ) );
#6611 = PCURVE('',#1997,#6612);
#6612 = DEFINITIONAL_REPRESENTATION('',(#6613),#6617);
#6613 = LINE('',#6614,#6615);
#6614 = CARTESIAN_POINT('',(0.,26.3));
#6615 = VECTOR('',#6616,1.);
#6616 = DIRECTION('',(1.,0.));
#6617 = ( GEOMETRIC_REPRESENTATION_CONTEXT(2) 
PARAMETRIC_REPRESENTATION_CONTEXT() REPRESENTATION_CONTEXT('2D SPACE',''
  ) );
#6618 = ORIENTED_EDGE('',*,*,#2009,.T.);
#6619 = ORIENTED_EDGE('',*,*,#6620,.F.);
#6620 = EDGE_CURVE('',#6621,#1923,#6623,.T.);
#6621 = VERTEX_POINT('',#6622);
#6622 = CARTESIAN_POINT('',(30.406222234284,-6.038348237665,-15.3));
#6623 = SURFACE_CURVE('',#6624,(#6629,#6640),.PCURVE_S1.);
#6624 = CIRCLE('',#6625,31.);
#6625 = AXIS2_PLACEMENT_3D('',#6626,#6627,#6628);
#6626 = CARTESIAN_POINT('',(-7.850974907612E-14,1.135858002963E-14,-15.3
    ));
#6627 = DIRECTION('',(1.508208300054E-15,-1.684502993918E-15,1.));
#6628 = DIRECTION('',(0.79210675244,0.610382578994,-1.664706968084E-16)
  );
#6629 = PCURVE('',#1235,#6630);
#6630 = DEFINITIONAL_REPRESENTATION('',(#6631),#6639);
#6631 = ( BOUNDED_CURVE() B_SPLINE_CURVE(2,(#6632,#6633,#6634,#6635,
#6636,#6637,#6638),.UNSPECIFIED.,.T.,.F.) B_SPLINE_CURVE_WITH_KNOTS((1,2
    ,2,2,2,1),(-2.094395102393,0.,2.094395102393,4.188790204786,
6.28318530718,8.377580409573),.UNSPECIFIED.) CURVE() 
GEOMETRIC_REPRESENTATION_ITEM() RATIONAL_B_SPLINE_CURVE((1.,0.5,1.,0.5,
1.,0.5,1.)) REPRESENTATION_ITEM('') );
#6632 = CARTESIAN_POINT('',(31.,-20.));
#6633 = CARTESIAN_POINT('',(31.,-73.69357503463));
#6634 = CARTESIAN_POINT('',(-15.5,-46.84678751731));
#6635 = CARTESIAN_POINT('',(-62.,-20.));
#6636 = CARTESIAN_POINT('',(-15.5,6.846787517318));
#6637 = CARTESIAN_POINT('',(31.,33.693575034635));
#6638 = CARTESIAN_POINT('',(31.,-20.));
#6639 = ( GEOMETRIC_REPRESENTATION_CONTEXT(2) 
PARAMETRIC_REPRESENTATION_CONTEXT() REPRESENTATION_CONTEXT('2D SPACE',''
  ) );
#6640 = PCURVE('',#1945,#6641);
#6641 = DEFINITIONAL_REPRESENTATION('',(#6642),#6646);
#6642 = LINE('',#6643,#6644);
#6643 = CARTESIAN_POINT('',(6.28318530718,26.3));
#6644 = VECTOR('',#6645,1.);
#6645 = DIRECTION('',(-1.,0.));
#6646 = ( GEOMETRIC_REPRESENTATION_CONTEXT(2) 
PARAMETRIC_REPRESENTATION_CONTEXT() REPRESENTATION_CONTEXT('2D SPACE',''
  ) );
#6647 = ORIENTED_EDGE('',*,*,#6648,.T.);
#6648 = EDGE_CURVE('',#6621,#6476,#6649,.T.);
#6649 = SURFACE_CURVE('',#6650,(#6655,#6662),.PCURVE_S1.);
#6650 = CIRCLE('',#6651,3.);
#6651 = AXIS2_PLACEMENT_3D('',#6652,#6653,#6654);
#6652 = CARTESIAN_POINT('',(27.463684598708,-5.453991956601,-15.3));
#6653 = DIRECTION('',(-1.508208300054E-15,1.684502993918E-15,-1.));
#6654 = DIRECTION('',(0.79210675244,0.610382578994,-1.664706968084E-16)
  );
#6655 = PCURVE('',#1235,#6656);
#6656 = DEFINITIONAL_REPRESENTATION('',(#6657),#6661);
#6657 = CIRCLE('',#6658,3.);
#6658 = AXIS2_PLACEMENT_2D('',#6659,#6660);
#6659 = CARTESIAN_POINT('',(18.425148341239,1.083498490605));
#6660 = DIRECTION('',(1.,0.));
#6661 = ( GEOMETRIC_REPRESENTATION_CONTEXT(2) 
PARAMETRIC_REPRESENTATION_CONTEXT() REPRESENTATION_CONTEXT('2D SPACE',''
  ) );
#6662 = PCURVE('',#4762,#6663);
#6663 = DEFINITIONAL_REPRESENTATION('',(#6664),#6668);
#6664 = LINE('',#6665,#6666);
#6665 = CARTESIAN_POINT('',(1.110223024625E-16,26.3));
#6666 = VECTOR('',#6667,1.);
#6667 = DIRECTION('',(1.,0.));
#6668 = ( GEOMETRIC_REPRESENTATION_CONTEXT(2) 
PARAMETRIC_REPRESENTATION_CONTEXT() REPRESENTATION_CONTEXT('2D SPACE',''
  ) );
#6669 = FACE_BOUND('',#6670,.T.);
#6670 = EDGE_LOOP('',(#6671,#6696,#6720,#6746,#6747,#6771,#6794,#6818,
    #6844,#6845));
#6671 = ORIENTED_EDGE('',*,*,#6672,.F.);
#6672 = EDGE_CURVE('',#6673,#6675,#6677,.T.);
#6673 = VERTEX_POINT('',#6674);
#6674 = CARTESIAN_POINT('',(21.980518391781,9.157336470207,-15.3));
#6675 = VERTEX_POINT('',#6676);
#6676 = CARTESIAN_POINT('',(25.697877378489,10.706030928413,-15.3));
#6677 = SURFACE_CURVE('',#6678,(#6682,#6689),.PCURVE_S1.);
#6678 = LINE('',#6679,#6680);
#6679 = CARTESIAN_POINT('',(4.778291357777,1.990691071791,-15.3));
#6680 = VECTOR('',#6681,1.);
#6681 = DIRECTION('',(0.923095005602,0.384571983681,-7.444068912993E-16)
  );
#6682 = PCURVE('',#1235,#6683);
#6683 = DEFINITIONAL_REPRESENTATION('',(#6684),#6688);
#6684 = LINE('',#6685,#6686);
#6685 = CARTESIAN_POINT('',(5.,-18.66025403784));
#6686 = VECTOR('',#6687,1.);
#6687 = DIRECTION('',(0.965925826289,0.258819045103));
#6688 = ( GEOMETRIC_REPRESENTATION_CONTEXT(2) 
PARAMETRIC_REPRESENTATION_CONTEXT() REPRESENTATION_CONTEXT('2D SPACE',''
  ) );
#6689 = PCURVE('',#4957,#6690);
#6690 = DEFINITIONAL_REPRESENTATION('',(#6691),#6695);
#6691 = LINE('',#6692,#6693);
#6692 = CARTESIAN_POINT('',(-5.17638090205,-26.3));
#6693 = VECTOR('',#6694,1.);
#6694 = DIRECTION('',(-1.,0.));
#6695 = ( GEOMETRIC_REPRESENTATION_CONTEXT(2) 
PARAMETRIC_REPRESENTATION_CONTEXT() REPRESENTATION_CONTEXT('2D SPACE',''
  ) );
#6696 = ORIENTED_EDGE('',*,*,#6697,.T.);
#6697 = EDGE_CURVE('',#6673,#6698,#6700,.T.);
#6698 = VERTEX_POINT('',#6699);
#6699 = CARTESIAN_POINT('',(18.223452135645,10.435793801137,-15.3));
#6700 = SURFACE_CURVE('',#6701,(#6706,#6713),.PCURVE_S1.);
#6701 = CIRCLE('',#6702,3.);
#6702 = AXIS2_PLACEMENT_3D('',#6703,#6704,#6705);
#6703 = CARTESIAN_POINT('',(20.826802440737,11.926621487014,-15.3));
#6704 = DIRECTION('',(-1.508208300054E-15,1.684502993918E-15,-1.));
#6705 = DIRECTION('',(0.79210675244,0.610382578994,-1.664706968084E-16)
  );
#6706 = PCURVE('',#1235,#6707);
#6707 = DEFINITIONAL_REPRESENTATION('',(#6708),#6712);
#6708 = CIRCLE('',#6709,3.);
#6709 = AXIS2_PLACEMENT_2D('',#6710,#6711);
#6710 = CARTESIAN_POINT('',(23.776852826967,-16.73484002769));
#6711 = DIRECTION('',(1.,0.));
#6712 = ( GEOMETRIC_REPRESENTATION_CONTEXT(2) 
PARAMETRIC_REPRESENTATION_CONTEXT() REPRESENTATION_CONTEXT('2D SPACE',''
  ) );
#6713 = PCURVE('',#4929,#6714);
#6714 = DEFINITIONAL_REPRESENTATION('',(#6715),#6719);
#6715 = LINE('',#6716,#6717);
#6716 = CARTESIAN_POINT('',(0.,26.3));
#6717 = VECTOR('',#6718,1.);
#6718 = DIRECTION('',(1.,0.));
#6719 = ( GEOMETRIC_REPRESENTATION_CONTEXT(2) 
PARAMETRIC_REPRESENTATION_CONTEXT() REPRESENTATION_CONTEXT('2D SPACE',''
  ) );
#6720 = ORIENTED_EDGE('',*,*,#6721,.T.);
#6721 = EDGE_CURVE('',#6698,#2155,#6722,.T.);
#6722 = SURFACE_CURVE('',#6723,(#6728,#6739),.PCURVE_S1.);
#6723 = CIRCLE('',#6724,21.);
#6724 = AXIS2_PLACEMENT_3D('',#6725,#6726,#6727);
#6725 = CARTESIAN_POINT('',(-7.850974907612E-14,1.135858002963E-14,-15.3
    ));
#6726 = DIRECTION('',(1.508208300054E-15,-1.684502993918E-15,1.));
#6727 = DIRECTION('',(0.79210675244,0.610382578994,-1.664706968084E-16)
  );
#6728 = PCURVE('',#1235,#6729);
#6729 = DEFINITIONAL_REPRESENTATION('',(#6730),#6738);
#6730 = ( BOUNDED_CURVE() B_SPLINE_CURVE(2,(#6731,#6732,#6733,#6734,
#6735,#6736,#6737),.UNSPECIFIED.,.T.,.F.) B_SPLINE_CURVE_WITH_KNOTS((1,2
    ,2,2,2,1),(-2.094395102393,0.,2.094395102393,4.188790204786,
6.28318530718,8.377580409573),.UNSPECIFIED.) CURVE() 
GEOMETRIC_REPRESENTATION_ITEM() RATIONAL_B_SPLINE_CURVE((1.,0.5,1.,0.5,
1.,0.5,1.)) REPRESENTATION_ITEM('') );
#6731 = CARTESIAN_POINT('',(21.,-20.));
#6732 = CARTESIAN_POINT('',(21.,-56.37306695894));
#6733 = CARTESIAN_POINT('',(-10.5,-38.18653347947));
#6734 = CARTESIAN_POINT('',(-42.,-20.));
#6735 = CARTESIAN_POINT('',(-10.5,-1.813466520527));
#6736 = CARTESIAN_POINT('',(21.,16.373066958947));
#6737 = CARTESIAN_POINT('',(21.,-20.));
#6738 = ( GEOMETRIC_REPRESENTATION_CONTEXT(2) 
PARAMETRIC_REPRESENTATION_CONTEXT() REPRESENTATION_CONTEXT('2D SPACE',''
  ) );
#6739 = PCURVE('',#2205,#6740);
#6740 = DEFINITIONAL_REPRESENTATION('',(#6741),#6745);
#6741 = LINE('',#6742,#6743);
#6742 = CARTESIAN_POINT('',(6.28318530718,26.3));
#6743 = VECTOR('',#6744,1.);
#6744 = DIRECTION('',(-1.,0.));
#6745 = ( GEOMETRIC_REPRESENTATION_CONTEXT(2) 
PARAMETRIC_REPRESENTATION_CONTEXT() REPRESENTATION_CONTEXT('2D SPACE',''
  ) );
#6746 = ORIENTED_EDGE('',*,*,#2154,.T.);
#6747 = ORIENTED_EDGE('',*,*,#6748,.T.);
#6748 = EDGE_CURVE('',#2157,#6749,#6751,.T.);
#6749 = VERTEX_POINT('',#6750);
#6750 = CARTESIAN_POINT('',(14.457019080529,18.920745210092,-15.3));
#6751 = SURFACE_CURVE('',#6752,(#6757,#6764),.PCURVE_S1.);
#6752 = CIRCLE('',#6753,3.);
#6753 = AXIS2_PLACEMENT_3D('',#6754,#6755,#6756);
#6754 = CARTESIAN_POINT('',(16.840808911288,17.099332010739,-15.3));
#6755 = DIRECTION('',(-1.508208300054E-15,1.684502993918E-15,-1.));
#6756 = DIRECTION('',(0.79210675244,0.610382578994,-1.664706968084E-16)
  );
#6757 = PCURVE('',#1235,#6758);
#6758 = DEFINITIONAL_REPRESENTATION('',(#6759),#6763);
#6759 = CIRCLE('',#6760,3.);
#6760 = AXIS2_PLACEMENT_2D('',#6761,#6762);
#6761 = CARTESIAN_POINT('',(23.776852826967,-23.2651599723));
#6762 = DIRECTION('',(1.,0.));
#6763 = ( GEOMETRIC_REPRESENTATION_CONTEXT(2) 
PARAMETRIC_REPRESENTATION_CONTEXT() REPRESENTATION_CONTEXT('2D SPACE',''
  ) );
#6764 = PCURVE('',#2259,#6765);
#6765 = DEFINITIONAL_REPRESENTATION('',(#6766),#6770);
#6766 = LINE('',#6767,#6768);
#6767 = CARTESIAN_POINT('',(0.,26.3));
#6768 = VECTOR('',#6769,1.);
#6769 = DIRECTION('',(1.,0.));
#6770 = ( GEOMETRIC_REPRESENTATION_CONTEXT(2) 
PARAMETRIC_REPRESENTATION_CONTEXT() REPRESENTATION_CONTEXT('2D SPACE',''
  ) );
#6771 = ORIENTED_EDGE('',*,*,#6772,.T.);
#6772 = EDGE_CURVE('',#6749,#6773,#6775,.T.);
#6773 = VERTEX_POINT('',#6774);
#6774 = CARTESIAN_POINT('',(16.901999168903,22.120633446952,-15.3));
#6775 = SURFACE_CURVE('',#6776,(#6780,#6787),.PCURVE_S1.);
#6776 = LINE('',#6777,#6778);
#6777 = CARTESIAN_POINT('',(-3.142776166623,-4.113134718146,-15.3));
#6778 = VECTOR('',#6779,1.);
#6779 = DIRECTION('',(0.607137733117,0.794596610253,4.228102005642E-16)
  );
#6780 = PCURVE('',#1235,#6781);
#6781 = DEFINITIONAL_REPRESENTATION('',(#6782),#6786);
#6782 = LINE('',#6783,#6784);
#6783 = CARTESIAN_POINT('',(-5.,-18.66025403784));
#6784 = VECTOR('',#6785,1.);
#6785 = DIRECTION('',(0.965925826289,-0.258819045103));
#6786 = ( GEOMETRIC_REPRESENTATION_CONTEXT(2) 
PARAMETRIC_REPRESENTATION_CONTEXT() REPRESENTATION_CONTEXT('2D SPACE',''
  ) );
#6787 = PCURVE('',#4849,#6788);
#6788 = DEFINITIONAL_REPRESENTATION('',(#6789),#6793);
#6789 = LINE('',#6790,#6791);
#6790 = CARTESIAN_POINT('',(5.17638090205,-26.3));
#6791 = VECTOR('',#6792,1.);
#6792 = DIRECTION('',(-1.,0.));
#6793 = ( GEOMETRIC_REPRESENTATION_CONTEXT(2) 
PARAMETRIC_REPRESENTATION_CONTEXT() REPRESENTATION_CONTEXT('2D SPACE',''
  ) );
#6794 = ORIENTED_EDGE('',*,*,#6795,.T.);
#6795 = EDGE_CURVE('',#6773,#6796,#6798,.T.);
#6796 = VERTEX_POINT('',#6797);
#6797 = CARTESIAN_POINT('',(21.352123535339,22.4741367027,-15.3));
#6798 = SURFACE_CURVE('',#6799,(#6804,#6811),.PCURVE_S1.);
#6799 = CIRCLE('',#6800,3.);
#6800 = AXIS2_PLACEMENT_3D('',#6801,#6802,#6803);
#6801 = CARTESIAN_POINT('',(19.285788999661,20.2992202476,-15.3));
#6802 = DIRECTION('',(-1.508208300054E-15,1.684502993918E-15,-1.));
#6803 = DIRECTION('',(0.79210675244,0.610382578994,-1.664706968084E-16)
  );
#6804 = PCURVE('',#1235,#6805);
#6805 = DEFINITIONAL_REPRESENTATION('',(#6806),#6810);
#6806 = CIRCLE('',#6807,3.);
#6807 = AXIS2_PLACEMENT_2D('',#6808,#6809);
#6808 = CARTESIAN_POINT('',(27.666694099055,-24.30743979985));
#6809 = DIRECTION('',(1.,0.));
#6810 = ( GEOMETRIC_REPRESENTATION_CONTEXT(2) 
PARAMETRIC_REPRESENTATION_CONTEXT() REPRESENTATION_CONTEXT('2D SPACE',''
  ) );
#6811 = PCURVE('',#4821,#6812);
#6812 = DEFINITIONAL_REPRESENTATION('',(#6813),#6817);
#6813 = LINE('',#6814,#6815);
#6814 = CARTESIAN_POINT('',(0.,26.3));
#6815 = VECTOR('',#6816,1.);
#6816 = DIRECTION('',(1.,0.));
#6817 = ( GEOMETRIC_REPRESENTATION_CONTEXT(2) 
PARAMETRIC_REPRESENTATION_CONTEXT() REPRESENTATION_CONTEXT('2D SPACE',''
  ) );
#6818 = ORIENTED_EDGE('',*,*,#6819,.F.);
#6819 = EDGE_CURVE('',#2098,#6796,#6820,.T.);
#6820 = SURFACE_CURVE('',#6821,(#6826,#6837),.PCURVE_S1.);
#6821 = CIRCLE('',#6822,31.);
#6822 = AXIS2_PLACEMENT_3D('',#6823,#6824,#6825);
#6823 = CARTESIAN_POINT('',(-7.850974907612E-14,1.135858002963E-14,-15.3
    ));
#6824 = DIRECTION('',(1.508208300054E-15,-1.684502993918E-15,1.));
#6825 = DIRECTION('',(0.79210675244,0.610382578994,-1.664706968084E-16)
  );
#6826 = PCURVE('',#1235,#6827);
#6827 = DEFINITIONAL_REPRESENTATION('',(#6828),#6836);
#6828 = ( BOUNDED_CURVE() B_SPLINE_CURVE(2,(#6829,#6830,#6831,#6832,
#6833,#6834,#6835),.UNSPECIFIED.,.T.,.F.) B_SPLINE_CURVE_WITH_KNOTS((1,2
    ,2,2,2,1),(-2.094395102393,0.,2.094395102393,4.188790204786,
6.28318530718,8.377580409573),.UNSPECIFIED.) CURVE() 
GEOMETRIC_REPRESENTATION_ITEM() RATIONAL_B_SPLINE_CURVE((1.,0.5,1.,0.5,
1.,0.5,1.)) REPRESENTATION_ITEM('') );
#6829 = CARTESIAN_POINT('',(31.,-20.));
#6830 = CARTESIAN_POINT('',(31.,-73.69357503463));
#6831 = CARTESIAN_POINT('',(-15.5,-46.84678751731));
#6832 = CARTESIAN_POINT('',(-62.,-20.));
#6833 = CARTESIAN_POINT('',(-15.5,6.846787517318));
#6834 = CARTESIAN_POINT('',(31.,33.693575034635));
#6835 = CARTESIAN_POINT('',(31.,-20.));
#6836 = ( GEOMETRIC_REPRESENTATION_CONTEXT(2) 
PARAMETRIC_REPRESENTATION_CONTEXT() REPRESENTATION_CONTEXT('2D SPACE',''
  ) );
#6837 = PCURVE('',#2113,#6838);
#6838 = DEFINITIONAL_REPRESENTATION('',(#6839),#6843);
#6839 = LINE('',#6840,#6841);
#6840 = CARTESIAN_POINT('',(6.28318530718,26.3));
#6841 = VECTOR('',#6842,1.);
#6842 = DIRECTION('',(-1.,0.));
#6843 = ( GEOMETRIC_REPRESENTATION_CONTEXT(2) 
PARAMETRIC_REPRESENTATION_CONTEXT() REPRESENTATION_CONTEXT('2D SPACE',''
  ) );
#6844 = ORIENTED_EDGE('',*,*,#2125,.F.);
#6845 = ORIENTED_EDGE('',*,*,#6846,.T.);
#6846 = EDGE_CURVE('',#2037,#6675,#6847,.T.);
#6847 = SURFACE_CURVE('',#6848,(#6853,#6860),.PCURVE_S1.);
#6848 = CIRCLE('',#6849,3.);
#6849 = AXIS2_PLACEMENT_3D('',#6850,#6851,#6852);
#6850 = CARTESIAN_POINT('',(24.544161427446,13.475315945219,-15.3));
#6851 = DIRECTION('',(-1.508208300054E-15,1.684502993918E-15,-1.));
#6852 = DIRECTION('',(0.79210675244,0.610382578994,-1.664706968084E-16)
  );
#6853 = PCURVE('',#1235,#6854);
#6854 = DEFINITIONAL_REPRESENTATION('',(#6855),#6859);
#6855 = CIRCLE('',#6856,3.);
#6856 = AXIS2_PLACEMENT_2D('',#6857,#6858);
#6857 = CARTESIAN_POINT('',(27.666694099055,-15.69256020015));
#6858 = DIRECTION('',(1.,0.));
#6859 = ( GEOMETRIC_REPRESENTATION_CONTEXT(2) 
PARAMETRIC_REPRESENTATION_CONTEXT() REPRESENTATION_CONTEXT('2D SPACE',''
  ) );
#6860 = PCURVE('',#2057,#6861);
#6861 = DEFINITIONAL_REPRESENTATION('',(#6862),#6866);
#6862 = LINE('',#6863,#6864);
#6863 = CARTESIAN_POINT('',(1.942890293094E-16,26.3));
#6864 = VECTOR('',#6865,1.);
#6865 = DIRECTION('',(1.,0.));
#6866 = ( GEOMETRIC_REPRESENTATION_CONTEXT(2) 
PARAMETRIC_REPRESENTATION_CONTEXT() REPRESENTATION_CONTEXT('2D SPACE',''
  ) );
#6867 = FACE_BOUND('',#6868,.T.);
#6868 = EDGE_LOOP('',(#6869,#6870));
#6869 = ORIENTED_EDGE('',*,*,#5054,.T.);
#6870 = ORIENTED_EDGE('',*,*,#2467,.T.);
#6871 = FACE_BOUND('',#6872,.T.);
#6872 = EDGE_LOOP('',(#6873,#6874));
#6873 = ORIENTED_EDGE('',*,*,#2836,.F.);
#6874 = ORIENTED_EDGE('',*,*,#2609,.F.);
#6875 = ADVANCED_FACE('',(#6876),#2325,.T.);
#6876 = FACE_BOUND('',#6877,.T.);
#6877 = EDGE_LOOP('',(#6878,#6879,#6880,#6881));
#6878 = ORIENTED_EDGE('',*,*,#2309,.F.);
#6879 = ORIENTED_EDGE('',*,*,#4995,.T.);
#6880 = ORIENTED_EDGE('',*,*,#2361,.T.);
#6881 = ORIENTED_EDGE('',*,*,#6882,.F.);
#6882 = EDGE_CURVE('',#2310,#2338,#6883,.T.);
#6883 = SURFACE_CURVE('',#6884,(#6889,#6896),.PCURVE_S1.);
#6884 = CIRCLE('',#6885,20.);
#6885 = AXIS2_PLACEMENT_3D('',#6886,#6887,#6888);
#6886 = CARTESIAN_POINT('',(-8.258191148626E-14,1.590673811321E-14,-18.)
  );
#6887 = DIRECTION('',(-1.508208300054E-15,1.684502993918E-15,-1.));
#6888 = DIRECTION('',(0.79210675244,0.610382578994,-1.664706968084E-16)
  );
#6889 = PCURVE('',#2325,#6890);
#6890 = DEFINITIONAL_REPRESENTATION('',(#6891),#6895);
#6891 = LINE('',#6892,#6893);
#6892 = CARTESIAN_POINT('',(0.,-2.442490654175E-15));
#6893 = VECTOR('',#6894,1.);
#6894 = DIRECTION('',(1.,0.));
#6895 = ( GEOMETRIC_REPRESENTATION_CONTEXT(2) 
PARAMETRIC_REPRESENTATION_CONTEXT() REPRESENTATION_CONTEXT('2D SPACE',''
  ) );
#6896 = PCURVE('',#687,#6897);
#6897 = DEFINITIONAL_REPRESENTATION('',(#6898),#6902);
#6898 = CIRCLE('',#6899,20.);
#6899 = AXIS2_PLACEMENT_2D('',#6900,#6901);
#6900 = CARTESIAN_POINT('',(0.,-20.));
#6901 = DIRECTION('',(1.,0.));
#6902 = ( GEOMETRIC_REPRESENTATION_CONTEXT(2) 
PARAMETRIC_REPRESENTATION_CONTEXT() REPRESENTATION_CONTEXT('2D SPACE',''
  ) );
#6903 = ADVANCED_FACE('',(#6904,#6929,#6954,#6979,#7004,#7029),#687,.T.
  );
#6904 = FACE_BOUND('',#6905,.T.);
#6905 = EDGE_LOOP('',(#6906,#6907));
#6906 = ORIENTED_EDGE('',*,*,#672,.F.);
#6907 = ORIENTED_EDGE('',*,*,#6908,.F.);
#6908 = EDGE_CURVE('',#650,#591,#6909,.T.);
#6909 = SURFACE_CURVE('',#6910,(#6915,#6922),.PCURVE_S1.);
#6910 = CIRCLE('',#6911,5.25);
#6911 = AXIS2_PLACEMENT_3D('',#6912,#6913,#6914);
#6912 = CARTESIAN_POINT('',(-8.258191148626E-14,1.590673811321E-14,-18.)
  );
#6913 = DIRECTION('',(-1.508208300054E-15,1.684502993918E-15,-1.));
#6914 = DIRECTION('',(0.79210675244,0.610382578994,-1.664706968084E-16)
  );
#6915 = PCURVE('',#687,#6916);
#6916 = DEFINITIONAL_REPRESENTATION('',(#6917),#6921);
#6917 = CIRCLE('',#6918,5.25);
#6918 = AXIS2_PLACEMENT_2D('',#6919,#6920);
#6919 = CARTESIAN_POINT('',(0.,-20.));
#6920 = DIRECTION('',(1.,0.));
#6921 = ( GEOMETRIC_REPRESENTATION_CONTEXT(2) 
PARAMETRIC_REPRESENTATION_CONTEXT() REPRESENTATION_CONTEXT('2D SPACE',''
  ) );
#6922 = PCURVE('',#613,#6923);
#6923 = DEFINITIONAL_REPRESENTATION('',(#6924),#6928);
#6924 = LINE('',#6925,#6926);
#6925 = CARTESIAN_POINT('',(3.14159265359,8.8));
#6926 = VECTOR('',#6927,1.);
#6927 = DIRECTION('',(-1.,0.));
#6928 = ( GEOMETRIC_REPRESENTATION_CONTEXT(2) 
PARAMETRIC_REPRESENTATION_CONTEXT() REPRESENTATION_CONTEXT('2D SPACE',''
  ) );
#6929 = FACE_BOUND('',#6930,.T.);
#6930 = EDGE_LOOP('',(#6931,#6953));
#6931 = ORIENTED_EDGE('',*,*,#6932,.F.);
#6932 = EDGE_CURVE('',#703,#731,#6933,.T.);
#6933 = SURFACE_CURVE('',#6934,(#6939,#6946),.PCURVE_S1.);
#6934 = CIRCLE('',#6935,1.3);
#6935 = AXIS2_PLACEMENT_3D('',#6936,#6937,#6938);
#6936 = CARTESIAN_POINT('',(7.12896077196,5.493443210943,-18.));
#6937 = DIRECTION('',(-1.508208300054E-15,1.684502993918E-15,-1.));
#6938 = DIRECTION('',(0.79210675244,0.610382578994,-1.664706968084E-16)
  );
#6939 = PCURVE('',#687,#6940);
#6940 = DEFINITIONAL_REPRESENTATION('',(#6941),#6945);
#6941 = CIRCLE('',#6942,1.3);
#6942 = AXIS2_PLACEMENT_2D('',#6943,#6944);
#6943 = CARTESIAN_POINT('',(9.,-20.));
#6944 = DIRECTION('',(1.,0.));
#6945 = ( GEOMETRIC_REPRESENTATION_CONTEXT(2) 
PARAMETRIC_REPRESENTATION_CONTEXT() REPRESENTATION_CONTEXT('2D SPACE',''
  ) );
#6946 = PCURVE('',#718,#6947);
#6947 = DEFINITIONAL_REPRESENTATION('',(#6948),#6952);
#6948 = LINE('',#6949,#6950);
#6949 = CARTESIAN_POINT('',(0.,10.));
#6950 = VECTOR('',#6951,1.);
#6951 = DIRECTION('',(1.,0.));
#6952 = ( GEOMETRIC_REPRESENTATION_CONTEXT(2) 
PARAMETRIC_REPRESENTATION_CONTEXT() REPRESENTATION_CONTEXT('2D SPACE',''
  ) );
#6953 = ORIENTED_EDGE('',*,*,#730,.F.);
#6954 = FACE_BOUND('',#6955,.T.);
#6955 = EDGE_LOOP('',(#6956,#6978));
#6956 = ORIENTED_EDGE('',*,*,#6957,.F.);
#6957 = EDGE_CURVE('',#780,#808,#6958,.T.);
#6958 = SURFACE_CURVE('',#6959,(#6964,#6971),.PCURVE_S1.);
#6959 = CIRCLE('',#6960,1.3);
#6960 = AXIS2_PLACEMENT_3D('',#6961,#6962,#6963);
#6961 = CARTESIAN_POINT('',(5.493443210943,-7.12896077196,-18.));
#6962 = DIRECTION('',(-1.508208300054E-15,1.684502993918E-15,-1.));
#6963 = DIRECTION('',(0.79210675244,0.610382578994,-1.664706968084E-16)
  );
#6964 = PCURVE('',#687,#6965);
#6965 = DEFINITIONAL_REPRESENTATION('',(#6966),#6970);
#6966 = CIRCLE('',#6967,1.3);
#6967 = AXIS2_PLACEMENT_2D('',#6968,#6969);
#6968 = CARTESIAN_POINT('',(-7.837206309112E-15,-11.));
#6969 = DIRECTION('',(1.,0.));
#6970 = ( GEOMETRIC_REPRESENTATION_CONTEXT(2) 
PARAMETRIC_REPRESENTATION_CONTEXT() REPRESENTATION_CONTEXT('2D SPACE',''
  ) );
#6971 = PCURVE('',#795,#6972);
#6972 = DEFINITIONAL_REPRESENTATION('',(#6973),#6977);
#6973 = LINE('',#6974,#6975);
#6974 = CARTESIAN_POINT('',(0.,10.));
#6975 = VECTOR('',#6976,1.);
#6976 = DIRECTION('',(1.,0.));
#6977 = ( GEOMETRIC_REPRESENTATION_CONTEXT(2) 
PARAMETRIC_REPRESENTATION_CONTEXT() REPRESENTATION_CONTEXT('2D SPACE',''
  ) );
#6978 = ORIENTED_EDGE('',*,*,#807,.F.);
#6979 = FACE_BOUND('',#6980,.T.);
#6980 = EDGE_LOOP('',(#6981,#7003));
#6981 = ORIENTED_EDGE('',*,*,#6982,.F.);
#6982 = EDGE_CURVE('',#857,#885,#6983,.T.);
#6983 = SURFACE_CURVE('',#6984,(#6989,#6996),.PCURVE_S1.);
#6984 = CIRCLE('',#6985,1.3);
#6985 = AXIS2_PLACEMENT_3D('',#6986,#6987,#6988);
#6986 = CARTESIAN_POINT('',(-7.12896077196,-5.493443210943,-18.));
#6987 = DIRECTION('',(-1.508208300054E-15,1.684502993918E-15,-1.));
#6988 = DIRECTION('',(0.79210675244,0.610382578994,-1.664706968084E-16)
  );
#6989 = PCURVE('',#687,#6990);
#6990 = DEFINITIONAL_REPRESENTATION('',(#6991),#6995);
#6991 = CIRCLE('',#6992,1.3);
#6992 = AXIS2_PLACEMENT_2D('',#6993,#6994);
#6993 = CARTESIAN_POINT('',(-9.,-20.));
#6994 = DIRECTION('',(1.,0.));
#6995 = ( GEOMETRIC_REPRESENTATION_CONTEXT(2) 
PARAMETRIC_REPRESENTATION_CONTEXT() REPRESENTATION_CONTEXT('2D SPACE',''
  ) );
#6996 = PCURVE('',#872,#6997);
#6997 = DEFINITIONAL_REPRESENTATION('',(#6998),#7002);
#6998 = LINE('',#6999,#7000);
#6999 = CARTESIAN_POINT('',(0.,10.));
#7000 = VECTOR('',#7001,1.);
#7001 = DIRECTION('',(1.,0.));
#7002 = ( GEOMETRIC_REPRESENTATION_CONTEXT(2) 
PARAMETRIC_REPRESENTATION_CONTEXT() REPRESENTATION_CONTEXT('2D SPACE',''
  ) );
#7003 = ORIENTED_EDGE('',*,*,#884,.F.);
#7004 = FACE_BOUND('',#7005,.T.);
#7005 = EDGE_LOOP('',(#7006,#7028));
#7006 = ORIENTED_EDGE('',*,*,#7007,.F.);
#7007 = EDGE_CURVE('',#934,#962,#7008,.T.);
#7008 = SURFACE_CURVE('',#7009,(#7014,#7021),.PCURVE_S1.);
#7009 = CIRCLE('',#7010,1.3);
#7010 = AXIS2_PLACEMENT_3D('',#7011,#7012,#7013);
#7011 = CARTESIAN_POINT('',(-5.493443210943,7.12896077196,-18.));
#7012 = DIRECTION('',(-1.508208300054E-15,1.684502993918E-15,-1.));
#7013 = DIRECTION('',(0.79210675244,0.610382578994,-1.664706968084E-16)
  );
#7014 = PCURVE('',#687,#7015);
#7015 = DEFINITIONAL_REPRESENTATION('',(#7016),#7020);
#7016 = CIRCLE('',#7017,1.3);
#7017 = AXIS2_PLACEMENT_2D('',#7018,#7019);
#7018 = CARTESIAN_POINT('',(-5.632842070646E-15,-29.));
#7019 = DIRECTION('',(1.,0.));
#7020 = ( GEOMETRIC_REPRESENTATION_CONTEXT(2) 
PARAMETRIC_REPRESENTATION_CONTEXT() REPRESENTATION_CONTEXT('2D SPACE',''
  ) );
#7021 = PCURVE('',#949,#7022);
#7022 = DEFINITIONAL_REPRESENTATION('',(#7023),#7027);
#7023 = LINE('',#7024,#7025);
#7024 = CARTESIAN_POINT('',(0.,10.));
#7025 = VECTOR('',#7026,1.);
#7026 = DIRECTION('',(1.,0.));
#7027 = ( GEOMETRIC_REPRESENTATION_CONTEXT(2) 
PARAMETRIC_REPRESENTATION_CONTEXT() REPRESENTATION_CONTEXT('2D SPACE',''
  ) );
#7028 = ORIENTED_EDGE('',*,*,#961,.F.);
#7029 = FACE_BOUND('',#7030,.T.);
#7030 = EDGE_LOOP('',(#7031,#7032));
#7031 = ORIENTED_EDGE('',*,*,#2337,.T.);
#7032 = ORIENTED_EDGE('',*,*,#6882,.T.);
#7033 = ADVANCED_FACE('',(#7034),#2205,.T.);
#7034 = FACE_BOUND('',#7035,.T.);
#7035 = EDGE_LOOP('',(#7036,#7037,#7038,#7059));
#7036 = ORIENTED_EDGE('',*,*,#2189,.F.);
#7037 = ORIENTED_EDGE('',*,*,#6721,.F.);
#7038 = ORIENTED_EDGE('',*,*,#7039,.T.);
#7039 = EDGE_CURVE('',#6698,#4885,#7040,.T.);
#7040 = SURFACE_CURVE('',#7041,(#7045,#7052),.PCURVE_S1.);
#7041 = LINE('',#7042,#7043);
#7042 = CARTESIAN_POINT('',(18.223452135645,10.435793801137,11.));
#7043 = VECTOR('',#7044,1.);
#7044 = DIRECTION('',(-1.508208300054E-15,1.684502993918E-15,-1.));
#7045 = PCURVE('',#2205,#7046);
#7046 = DEFINITIONAL_REPRESENTATION('',(#7047),#7051);
#7047 = LINE('',#7048,#7049);
#7048 = CARTESIAN_POINT('',(0.136471556631,0.));
#7049 = VECTOR('',#7050,1.);
#7050 = DIRECTION('',(0.,1.));
#7051 = ( GEOMETRIC_REPRESENTATION_CONTEXT(2) 
PARAMETRIC_REPRESENTATION_CONTEXT() REPRESENTATION_CONTEXT('2D SPACE',''
  ) );
#7052 = PCURVE('',#4929,#7053);
#7053 = DEFINITIONAL_REPRESENTATION('',(#7054),#7058);
#7054 = LINE('',#7055,#7056);
#7055 = CARTESIAN_POINT('',(3.278064210221,0.));
#7056 = VECTOR('',#7057,1.);
#7057 = DIRECTION('',(0.,1.));
#7058 = ( GEOMETRIC_REPRESENTATION_CONTEXT(2) 
PARAMETRIC_REPRESENTATION_CONTEXT() REPRESENTATION_CONTEXT('2D SPACE',''
  ) );
#7059 = ORIENTED_EDGE('',*,*,#4884,.F.);
#7060 = ADVANCED_FACE('',(#7061),#4957,.T.);
#7061 = FACE_BOUND('',#7062,.T.);
#7062 = EDGE_LOOP('',(#7063,#7064,#7085,#7086));
#7063 = ORIENTED_EDGE('',*,*,#4941,.T.);
#7064 = ORIENTED_EDGE('',*,*,#7065,.T.);
#7065 = EDGE_CURVE('',#4913,#6673,#7066,.T.);
#7066 = SURFACE_CURVE('',#7067,(#7071,#7078),.PCURVE_S1.);
#7067 = LINE('',#7068,#7069);
#7068 = CARTESIAN_POINT('',(21.980518391781,9.157336470207,11.));
#7069 = VECTOR('',#7070,1.);
#7070 = DIRECTION('',(1.508208300054E-15,-1.684502993918E-15,1.));
#7071 = PCURVE('',#4957,#7072);
#7072 = DEFINITIONAL_REPRESENTATION('',(#7073),#7077);
#7073 = LINE('',#7074,#7075);
#7074 = CARTESIAN_POINT('',(-23.81176179958,0.));
#7075 = VECTOR('',#7076,1.);
#7076 = DIRECTION('',(0.,1.));
#7077 = ( GEOMETRIC_REPRESENTATION_CONTEXT(2) 
PARAMETRIC_REPRESENTATION_CONTEXT() REPRESENTATION_CONTEXT('2D SPACE',''
  ) );
#7078 = PCURVE('',#4929,#7079);
#7079 = DEFINITIONAL_REPRESENTATION('',(#7080),#7084);
#7080 = LINE('',#7081,#7082);
#7081 = CARTESIAN_POINT('',(1.832595714594,0.));
#7082 = VECTOR('',#7083,1.);
#7083 = DIRECTION('',(0.,-1.));
#7084 = ( GEOMETRIC_REPRESENTATION_CONTEXT(2) 
PARAMETRIC_REPRESENTATION_CONTEXT() REPRESENTATION_CONTEXT('2D SPACE',''
  ) );
#7085 = ORIENTED_EDGE('',*,*,#6672,.T.);
#7086 = ORIENTED_EDGE('',*,*,#7087,.T.);
#7087 = EDGE_CURVE('',#6675,#4942,#7088,.T.);
#7088 = SURFACE_CURVE('',#7089,(#7093,#7100),.PCURVE_S1.);
#7089 = LINE('',#7090,#7091);
#7090 = CARTESIAN_POINT('',(25.697877378489,10.706030928413,-16.5));
#7091 = VECTOR('',#7092,1.);
#7092 = DIRECTION('',(-1.508208300054E-15,1.684502993918E-15,-1.));
#7093 = PCURVE('',#4957,#7094);
#7094 = DEFINITIONAL_REPRESENTATION('',(#7095),#7099);
#7095 = LINE('',#7096,#7097);
#7096 = CARTESIAN_POINT('',(-27.83882181415,-27.5));
#7097 = VECTOR('',#7098,1.);
#7098 = DIRECTION('',(0.,-1.));
#7099 = ( GEOMETRIC_REPRESENTATION_CONTEXT(2) 
PARAMETRIC_REPRESENTATION_CONTEXT() REPRESENTATION_CONTEXT('2D SPACE',''
  ) );
#7100 = PCURVE('',#2057,#7101);
#7101 = DEFINITIONAL_REPRESENTATION('',(#7102),#7106);
#7102 = LINE('',#7103,#7104);
#7103 = CARTESIAN_POINT('',(1.832595714594,27.5));
#7104 = VECTOR('',#7105,1.);
#7105 = DIRECTION('',(0.,1.));
#7106 = ( GEOMETRIC_REPRESENTATION_CONTEXT(2) 
PARAMETRIC_REPRESENTATION_CONTEXT() REPRESENTATION_CONTEXT('2D SPACE',''
  ) );
#7107 = ADVANCED_FACE('',(#7108),#2113,.F.);
#7108 = FACE_BOUND('',#7109,.F.);
#7109 = EDGE_LOOP('',(#7110,#7111,#7132,#7133));
#7110 = ORIENTED_EDGE('',*,*,#4776,.F.);
#7111 = ORIENTED_EDGE('',*,*,#7112,.F.);
#7112 = EDGE_CURVE('',#6796,#4777,#7113,.T.);
#7113 = SURFACE_CURVE('',#7114,(#7118,#7125),.PCURVE_S1.);
#7114 = LINE('',#7115,#7116);
#7115 = CARTESIAN_POINT('',(21.352123535339,22.4741367027,11.));
#7116 = VECTOR('',#7117,1.);
#7117 = DIRECTION('',(-1.508208300054E-15,1.684502993918E-15,-1.));
#7118 = PCURVE('',#2113,#7119);
#7119 = DEFINITIONAL_REPRESENTATION('',(#7120),#7124);
#7120 = LINE('',#7121,#7122);
#7121 = CARTESIAN_POINT('',(6.128734835482,0.));
#7122 = VECTOR('',#7123,1.);
#7123 = DIRECTION('',(0.,1.));
#7124 = ( GEOMETRIC_REPRESENTATION_CONTEXT(2) 
PARAMETRIC_REPRESENTATION_CONTEXT() REPRESENTATION_CONTEXT('2D SPACE',''
  ) );
#7125 = PCURVE('',#4821,#7126);
#7126 = DEFINITIONAL_REPRESENTATION('',(#7127),#7131);
#7127 = LINE('',#7128,#7129);
#7128 = CARTESIAN_POINT('',(6.128734835482,0.));
#7129 = VECTOR('',#7130,1.);
#7130 = DIRECTION('',(0.,1.));
#7131 = ( GEOMETRIC_REPRESENTATION_CONTEXT(2) 
PARAMETRIC_REPRESENTATION_CONTEXT() REPRESENTATION_CONTEXT('2D SPACE',''
  ) );
#7132 = ORIENTED_EDGE('',*,*,#6819,.F.);
#7133 = ORIENTED_EDGE('',*,*,#2097,.T.);
#7134 = ADVANCED_FACE('',(#7135),#4849,.F.);
#7135 = FACE_BOUND('',#7136,.T.);
#7136 = EDGE_LOOP('',(#7137,#7138,#7159,#7160));
#7137 = ORIENTED_EDGE('',*,*,#6772,.F.);
#7138 = ORIENTED_EDGE('',*,*,#7139,.T.);
#7139 = EDGE_CURVE('',#6749,#4834,#7140,.T.);
#7140 = SURFACE_CURVE('',#7141,(#7145,#7152),.PCURVE_S1.);
#7141 = LINE('',#7142,#7143);
#7142 = CARTESIAN_POINT('',(14.457019080529,18.920745210092,-16.5));
#7143 = VECTOR('',#7144,1.);
#7144 = DIRECTION('',(-1.508208300054E-15,1.684502993918E-15,-1.));
#7145 = PCURVE('',#4849,#7146);
#7146 = DEFINITIONAL_REPRESENTATION('',(#7147),#7151);
#7147 = LINE('',#7148,#7149);
#7148 = CARTESIAN_POINT('',(-23.81176179958,-27.5));
#7149 = VECTOR('',#7150,1.);
#7150 = DIRECTION('',(0.,-1.));
#7151 = ( GEOMETRIC_REPRESENTATION_CONTEXT(2) 
PARAMETRIC_REPRESENTATION_CONTEXT() REPRESENTATION_CONTEXT('2D SPACE',''
  ) );
#7152 = PCURVE('',#2259,#7153);
#7153 = DEFINITIONAL_REPRESENTATION('',(#7154),#7158);
#7154 = LINE('',#7155,#7156);
#7155 = CARTESIAN_POINT('',(4.450589592586,27.5));
#7156 = VECTOR('',#7157,1.);
#7157 = DIRECTION('',(0.,1.));
#7158 = ( GEOMETRIC_REPRESENTATION_CONTEXT(2) 
PARAMETRIC_REPRESENTATION_CONTEXT() REPRESENTATION_CONTEXT('2D SPACE',''
  ) );
#7159 = ORIENTED_EDGE('',*,*,#4833,.F.);
#7160 = ORIENTED_EDGE('',*,*,#7161,.T.);
#7161 = EDGE_CURVE('',#4805,#6773,#7162,.T.);
#7162 = SURFACE_CURVE('',#7163,(#7167,#7174),.PCURVE_S1.);
#7163 = LINE('',#7164,#7165);
#7164 = CARTESIAN_POINT('',(16.901999168903,22.120633446952,11.));
#7165 = VECTOR('',#7166,1.);
#7166 = DIRECTION('',(1.508208300054E-15,-1.684502993918E-15,1.));
#7167 = PCURVE('',#4849,#7168);
#7168 = DEFINITIONAL_REPRESENTATION('',(#7169),#7173);
#7169 = LINE('',#7170,#7171);
#7170 = CARTESIAN_POINT('',(-27.83882181415,0.));
#7171 = VECTOR('',#7172,1.);
#7172 = DIRECTION('',(0.,1.));
#7173 = ( GEOMETRIC_REPRESENTATION_CONTEXT(2) 
PARAMETRIC_REPRESENTATION_CONTEXT() REPRESENTATION_CONTEXT('2D SPACE',''
  ) );
#7174 = PCURVE('',#4821,#7175);
#7175 = DEFINITIONAL_REPRESENTATION('',(#7176),#7180);
#7176 = LINE('',#7177,#7178);
#7177 = CARTESIAN_POINT('',(4.450589592586,0.));
#7178 = VECTOR('',#7179,1.);
#7179 = DIRECTION('',(0.,-1.));
#7180 = ( GEOMETRIC_REPRESENTATION_CONTEXT(2) 
PARAMETRIC_REPRESENTATION_CONTEXT() REPRESENTATION_CONTEXT('2D SPACE',''
  ) );
#7181 = ADVANCED_FACE('',(#7182),#4929,.F.);
#7182 = FACE_BOUND('',#7183,.F.);
#7183 = EDGE_LOOP('',(#7184,#7185,#7186,#7187));
#7184 = ORIENTED_EDGE('',*,*,#7039,.T.);
#7185 = ORIENTED_EDGE('',*,*,#4912,.T.);
#7186 = ORIENTED_EDGE('',*,*,#7065,.T.);
#7187 = ORIENTED_EDGE('',*,*,#6697,.T.);
#7188 = ADVANCED_FACE('',(#7189),#2259,.F.);
#7189 = FACE_BOUND('',#7190,.F.);
#7190 = EDGE_LOOP('',(#7191,#7192,#7193,#7194));
#7191 = ORIENTED_EDGE('',*,*,#7139,.T.);
#7192 = ORIENTED_EDGE('',*,*,#4861,.T.);
#7193 = ORIENTED_EDGE('',*,*,#2245,.T.);
#7194 = ORIENTED_EDGE('',*,*,#6748,.T.);
#7195 = ADVANCED_FACE('',(#7196),#4821,.F.);
#7196 = FACE_BOUND('',#7197,.F.);
#7197 = EDGE_LOOP('',(#7198,#7199,#7200,#7201));
#7198 = ORIENTED_EDGE('',*,*,#7112,.T.);
#7199 = ORIENTED_EDGE('',*,*,#4804,.T.);
#7200 = ORIENTED_EDGE('',*,*,#7161,.T.);
#7201 = ORIENTED_EDGE('',*,*,#6795,.T.);
#7202 = ADVANCED_FACE('',(#7203),#2057,.F.);
#7203 = FACE_BOUND('',#7204,.F.);
#7204 = EDGE_LOOP('',(#7205,#7206,#7207,#7208));
#7205 = ORIENTED_EDGE('',*,*,#7087,.T.);
#7206 = ORIENTED_EDGE('',*,*,#4969,.T.);
#7207 = ORIENTED_EDGE('',*,*,#2034,.T.);
#7208 = ORIENTED_EDGE('',*,*,#6846,.T.);
#7209 = ADVANCED_FACE('',(#7210),#4678,.T.);
#7210 = FACE_BOUND('',#7211,.T.);
#7211 = EDGE_LOOP('',(#7212,#7213,#7234,#7235));
#7212 = ORIENTED_EDGE('',*,*,#6522,.F.);
#7213 = ORIENTED_EDGE('',*,*,#7214,.T.);
#7214 = EDGE_CURVE('',#6499,#4658,#7215,.T.);
#7215 = SURFACE_CURVE('',#7216,(#7220,#7227),.PCURVE_S1.);
#7216 = LINE('',#7217,#7218);
#7217 = CARTESIAN_POINT('',(20.66797319557,-3.719527387612,11.));
#7218 = VECTOR('',#7219,1.);
#7219 = DIRECTION('',(-1.508208300054E-15,1.684502993918E-15,-1.));
#7220 = PCURVE('',#4678,#7221);
#7221 = DEFINITIONAL_REPRESENTATION('',(#7222),#7226);
#7222 = LINE('',#7223,#7224);
#7223 = CARTESIAN_POINT('',(0.834603257429,0.));
#7224 = VECTOR('',#7225,1.);
#7225 = DIRECTION('',(0.,1.));
#7226 = ( GEOMETRIC_REPRESENTATION_CONTEXT(2) 
PARAMETRIC_REPRESENTATION_CONTEXT() REPRESENTATION_CONTEXT('2D SPACE',''
  ) );
#7227 = PCURVE('',#4707,#7228);
#7228 = DEFINITIONAL_REPRESENTATION('',(#7229),#7233);
#7229 = LINE('',#7230,#7231);
#7230 = CARTESIAN_POINT('',(3.976195911019,0.));
#7231 = VECTOR('',#7232,1.);
#7232 = DIRECTION('',(0.,1.));
#7233 = ( GEOMETRIC_REPRESENTATION_CONTEXT(2) 
PARAMETRIC_REPRESENTATION_CONTEXT() REPRESENTATION_CONTEXT('2D SPACE',''
  ) );
#7234 = ORIENTED_EDGE('',*,*,#4657,.F.);
#7235 = ORIENTED_EDGE('',*,*,#7236,.T.);
#7236 = EDGE_CURVE('',#4629,#6523,#7237,.T.);
#7237 = SURFACE_CURVE('',#7238,(#7242,#7249),.PCURVE_S1.);
#7238 = LINE('',#7239,#7240);
#7239 = CARTESIAN_POINT('',(20.905540980223,1.989561842274,11.));
#7240 = VECTOR('',#7241,1.);
#7241 = DIRECTION('',(1.508208300054E-15,-1.684502993918E-15,1.));
#7242 = PCURVE('',#4678,#7243);
#7243 = DEFINITIONAL_REPRESENTATION('',(#7244),#7248);
#7244 = LINE('',#7245,#7246);
#7245 = CARTESIAN_POINT('',(0.561660144167,0.));
#7246 = VECTOR('',#7247,1.);
#7247 = DIRECTION('',(0.,-1.));
#7248 = ( GEOMETRIC_REPRESENTATION_CONTEXT(2) 
PARAMETRIC_REPRESENTATION_CONTEXT() REPRESENTATION_CONTEXT('2D SPACE',''
  ) );
#7249 = PCURVE('',#4645,#7250);
#7250 = DEFINITIONAL_REPRESENTATION('',(#7251),#7255);
#7251 = LINE('',#7252,#7253);
#7252 = CARTESIAN_POINT('',(3.703252797756,0.));
#7253 = VECTOR('',#7254,1.);
#7254 = DIRECTION('',(0.,-1.));
#7255 = ( GEOMETRIC_REPRESENTATION_CONTEXT(2) 
PARAMETRIC_REPRESENTATION_CONTEXT() REPRESENTATION_CONTEXT('2D SPACE',''
  ) );
#7256 = ADVANCED_FACE('',(#7257),#4735,.T.);
#7257 = FACE_BOUND('',#7258,.T.);
#7258 = EDGE_LOOP('',(#7259,#7260,#7281,#7282));
#7259 = ORIENTED_EDGE('',*,*,#4719,.T.);
#7260 = ORIENTED_EDGE('',*,*,#7261,.T.);
#7261 = EDGE_CURVE('',#4691,#6474,#7262,.T.);
#7262 = SURFACE_CURVE('',#7263,(#7267,#7274),.PCURVE_S1.);
#7263 = LINE('',#7264,#7265);
#7264 = CARTESIAN_POINT('',(22.724276391678,-7.113878159951,11.));
#7265 = VECTOR('',#7266,1.);
#7266 = DIRECTION('',(1.508208300054E-15,-1.684502993918E-15,1.));
#7267 = PCURVE('',#4735,#7268);
#7268 = DEFINITIONAL_REPRESENTATION('',(#7269),#7273);
#7269 = LINE('',#7270,#7271);
#7270 = CARTESIAN_POINT('',(-23.81176179958,0.));
#7271 = VECTOR('',#7272,1.);
#7272 = DIRECTION('',(0.,1.));
#7273 = ( GEOMETRIC_REPRESENTATION_CONTEXT(2) 
PARAMETRIC_REPRESENTATION_CONTEXT() REPRESENTATION_CONTEXT('2D SPACE',''
  ) );
#7274 = PCURVE('',#4707,#7275);
#7275 = DEFINITIONAL_REPRESENTATION('',(#7276),#7280);
#7276 = LINE('',#7277,#7278);
#7277 = CARTESIAN_POINT('',(2.530727415392,0.));
#7278 = VECTOR('',#7279,1.);
#7279 = DIRECTION('',(0.,-1.));
#7280 = ( GEOMETRIC_REPRESENTATION_CONTEXT(2) 
PARAMETRIC_REPRESENTATION_CONTEXT() REPRESENTATION_CONTEXT('2D SPACE',''
  ) );
#7281 = ORIENTED_EDGE('',*,*,#6473,.T.);
#7282 = ORIENTED_EDGE('',*,*,#7283,.T.);
#7283 = EDGE_CURVE('',#6476,#4720,#7284,.T.);
#7284 = SURFACE_CURVE('',#7285,(#7289,#7296),.PCURVE_S1.);
#7285 = LINE('',#7286,#7287);
#7286 = CARTESIAN_POINT('',(26.567420195449,-8.316981673566,-16.5));
#7287 = VECTOR('',#7288,1.);
#7288 = DIRECTION('',(-1.508208300054E-15,1.684502993918E-15,-1.));
#7289 = PCURVE('',#4735,#7290);
#7290 = DEFINITIONAL_REPRESENTATION('',(#7291),#7295);
#7291 = LINE('',#7292,#7293);
#7292 = CARTESIAN_POINT('',(-27.83882181415,-27.5));
#7293 = VECTOR('',#7294,1.);
#7294 = DIRECTION('',(0.,-1.));
#7295 = ( GEOMETRIC_REPRESENTATION_CONTEXT(2) 
PARAMETRIC_REPRESENTATION_CONTEXT() REPRESENTATION_CONTEXT('2D SPACE',''
  ) );
#7296 = PCURVE('',#4762,#7297);
#7297 = DEFINITIONAL_REPRESENTATION('',(#7298),#7302);
#7298 = LINE('',#7299,#7300);
#7299 = CARTESIAN_POINT('',(2.530727415392,27.5));
#7300 = VECTOR('',#7301,1.);
#7301 = DIRECTION('',(0.,1.));
#7302 = ( GEOMETRIC_REPRESENTATION_CONTEXT(2) 
PARAMETRIC_REPRESENTATION_CONTEXT() REPRESENTATION_CONTEXT('2D SPACE',''
  ) );
#7303 = ADVANCED_FACE('',(#7304),#1945,.F.);
#7304 = FACE_BOUND('',#7305,.F.);
#7305 = EDGE_LOOP('',(#7306,#7327,#7328,#7329));
#7306 = ORIENTED_EDGE('',*,*,#7307,.F.);
#7307 = EDGE_CURVE('',#4548,#6621,#7308,.T.);
#7308 = SURFACE_CURVE('',#7309,(#7313,#7320),.PCURVE_S1.);
#7309 = LINE('',#7310,#7311);
#7310 = CARTESIAN_POINT('',(30.406222234284,-6.038348237665,11.));
#7311 = VECTOR('',#7312,1.);
#7312 = DIRECTION('',(1.508208300054E-15,-1.684502993918E-15,1.));
#7313 = PCURVE('',#1945,#7314);
#7314 = DEFINITIONAL_REPRESENTATION('',(#7315),#7319);
#7315 = LINE('',#7316,#7317);
#7316 = CARTESIAN_POINT('',(0.852582172495,0.));
#7317 = VECTOR('',#7318,1.);
#7318 = DIRECTION('',(0.,-1.));
#7319 = ( GEOMETRIC_REPRESENTATION_CONTEXT(2) 
PARAMETRIC_REPRESENTATION_CONTEXT() REPRESENTATION_CONTEXT('2D SPACE',''
  ) );
#7320 = PCURVE('',#4762,#7321);
#7321 = DEFINITIONAL_REPRESENTATION('',(#7322),#7326);
#7322 = LINE('',#7323,#7324);
#7323 = CARTESIAN_POINT('',(0.852582172495,0.));
#7324 = VECTOR('',#7325,1.);
#7325 = DIRECTION('',(0.,-1.));
#7326 = ( GEOMETRIC_REPRESENTATION_CONTEXT(2) 
PARAMETRIC_REPRESENTATION_CONTEXT() REPRESENTATION_CONTEXT('2D SPACE',''
  ) );
#7327 = ORIENTED_EDGE('',*,*,#4547,.F.);
#7328 = ORIENTED_EDGE('',*,*,#1922,.F.);
#7329 = ORIENTED_EDGE('',*,*,#6620,.F.);
#7330 = ADVANCED_FACE('',(#7331),#4616,.F.);
#7331 = FACE_BOUND('',#7332,.T.);
#7332 = EDGE_LOOP('',(#7333,#7334,#7355,#7356));
#7333 = ORIENTED_EDGE('',*,*,#6574,.F.);
#7334 = ORIENTED_EDGE('',*,*,#7335,.T.);
#7335 = EDGE_CURVE('',#6551,#4601,#7336,.T.);
#7336 = SURFACE_CURVE('',#7337,(#7341,#7348),.PCURVE_S1.);
#7337 = LINE('',#7338,#7339);
#7338 = CARTESIAN_POINT('',(23.236739717787,5.201338989894,-16.5));
#7339 = VECTOR('',#7340,1.);
#7340 = DIRECTION('',(-1.508208300054E-15,1.684502993918E-15,-1.));
#7341 = PCURVE('',#4616,#7342);
#7342 = DEFINITIONAL_REPRESENTATION('',(#7343),#7347);
#7343 = LINE('',#7344,#7345);
#7344 = CARTESIAN_POINT('',(-23.81176179958,-27.5));
#7345 = VECTOR('',#7346,1.);
#7346 = DIRECTION('',(0.,-1.));
#7347 = ( GEOMETRIC_REPRESENTATION_CONTEXT(2) 
PARAMETRIC_REPRESENTATION_CONTEXT() REPRESENTATION_CONTEXT('2D SPACE',''
  ) );
#7348 = PCURVE('',#4645,#7349);
#7349 = DEFINITIONAL_REPRESENTATION('',(#7350),#7354);
#7350 = LINE('',#7351,#7352);
#7351 = CARTESIAN_POINT('',(5.148721293383,27.5));
#7352 = VECTOR('',#7353,1.);
#7353 = DIRECTION('',(0.,1.));
#7354 = ( GEOMETRIC_REPRESENTATION_CONTEXT(2) 
PARAMETRIC_REPRESENTATION_CONTEXT() REPRESENTATION_CONTEXT('2D SPACE',''
  ) );
#7355 = ORIENTED_EDGE('',*,*,#4600,.F.);
#7356 = ORIENTED_EDGE('',*,*,#7357,.T.);
#7357 = EDGE_CURVE('',#4577,#6575,#7358,.T.);
#7358 = SURFACE_CURVE('',#7359,(#7363,#7370),.PCURVE_S1.);
#7359 = LINE('',#7360,#7361);
#7360 = CARTESIAN_POINT('',(27.166551639058,6.080992685607,11.));
#7361 = VECTOR('',#7362,1.);
#7362 = DIRECTION('',(1.508208300054E-15,-1.684502993918E-15,1.));
#7363 = PCURVE('',#4616,#7364);
#7364 = DEFINITIONAL_REPRESENTATION('',(#7365),#7369);
#7365 = LINE('',#7366,#7367);
#7366 = CARTESIAN_POINT('',(-27.83882181415,0.));
#7367 = VECTOR('',#7368,1.);
#7368 = DIRECTION('',(0.,1.));
#7369 = ( GEOMETRIC_REPRESENTATION_CONTEXT(2) 
PARAMETRIC_REPRESENTATION_CONTEXT() REPRESENTATION_CONTEXT('2D SPACE',''
  ) );
#7370 = PCURVE('',#1997,#7371);
#7371 = DEFINITIONAL_REPRESENTATION('',(#7372),#7376);
#7372 = LINE('',#7373,#7374);
#7373 = CARTESIAN_POINT('',(5.148721293383,0.));
#7374 = VECTOR('',#7375,1.);
#7375 = DIRECTION('',(0.,-1.));
#7376 = ( GEOMETRIC_REPRESENTATION_CONTEXT(2) 
PARAMETRIC_REPRESENTATION_CONTEXT() REPRESENTATION_CONTEXT('2D SPACE',''
  ) );
#7377 = ADVANCED_FACE('',(#7378),#4460,.T.);
#7378 = FACE_BOUND('',#7379,.T.);
#7379 = EDGE_LOOP('',(#7380,#7381,#7402,#7403));
#7380 = ORIENTED_EDGE('',*,*,#6321,.F.);
#7381 = ORIENTED_EDGE('',*,*,#7382,.T.);
#7382 = EDGE_CURVE('',#6298,#4440,#7383,.T.);
#7383 = SURFACE_CURVE('',#7384,(#7388,#7395),.PCURVE_S1.);
#7384 = LINE('',#7385,#7386);
#7385 = CARTESIAN_POINT('',(-7.112781390041,19.758753525906,11.));
#7386 = VECTOR('',#7387,1.);
#7387 = DIRECTION('',(-1.508208300054E-15,1.684502993918E-15,-1.));
#7388 = PCURVE('',#4460,#7389);
#7389 = DEFINITIONAL_REPRESENTATION('',(#7390),#7394);
#7390 = LINE('',#7391,#7392);
#7391 = CARTESIAN_POINT('',(5.023393462215,0.));
#7392 = VECTOR('',#7393,1.);
#7393 = DIRECTION('',(0.,1.));
#7394 = ( GEOMETRIC_REPRESENTATION_CONTEXT(2) 
PARAMETRIC_REPRESENTATION_CONTEXT() REPRESENTATION_CONTEXT('2D SPACE',''
  ) );
#7395 = PCURVE('',#4489,#7396);
#7396 = DEFINITIONAL_REPRESENTATION('',(#7397),#7401);
#7397 = LINE('',#7398,#7399);
#7398 = CARTESIAN_POINT('',(1.881800808625,0.));
#7399 = VECTOR('',#7400,1.);
#7400 = DIRECTION('',(0.,1.));
#7401 = ( GEOMETRIC_REPRESENTATION_CONTEXT(2) 
PARAMETRIC_REPRESENTATION_CONTEXT() REPRESENTATION_CONTEXT('2D SPACE',''
  ) );
#7402 = ORIENTED_EDGE('',*,*,#4439,.F.);
#7403 = ORIENTED_EDGE('',*,*,#7404,.T.);
#7404 = EDGE_CURVE('',#4411,#6322,#7405,.T.);
#7405 = SURFACE_CURVE('',#7406,(#7410,#7417),.PCURVE_S1.);
#7406 = LINE('',#7407,#7408);
#7407 = CARTESIAN_POINT('',(-12.17578158792,17.109948647592,11.));
#7408 = VECTOR('',#7409,1.);
#7409 = DIRECTION('',(1.508208300054E-15,-1.684502993918E-15,1.));
#7410 = PCURVE('',#4460,#7411);
#7411 = DEFINITIONAL_REPRESENTATION('',(#7412),#7416);
#7412 = LINE('',#7413,#7414);
#7413 = CARTESIAN_POINT('',(4.750450348953,0.));
#7414 = VECTOR('',#7415,1.);
#7415 = DIRECTION('',(0.,-1.));
#7416 = ( GEOMETRIC_REPRESENTATION_CONTEXT(2) 
PARAMETRIC_REPRESENTATION_CONTEXT() REPRESENTATION_CONTEXT('2D SPACE',''
  ) );
#7417 = PCURVE('',#4427,#7418);
#7418 = DEFINITIONAL_REPRESENTATION('',(#7419),#7423);
#7419 = LINE('',#7420,#7421);
#7420 = CARTESIAN_POINT('',(1.608857695363,0.));
#7421 = VECTOR('',#7422,1.);
#7422 = DIRECTION('',(0.,-1.));
#7423 = ( GEOMETRIC_REPRESENTATION_CONTEXT(2) 
PARAMETRIC_REPRESENTATION_CONTEXT() REPRESENTATION_CONTEXT('2D SPACE',''
  ) );
#7424 = ADVANCED_FACE('',(#7425),#1273,.T.);
#7425 = FACE_BOUND('',#7426,.T.);
#7426 = EDGE_LOOP('',(#7427,#7428,#7449,#7450));
#7427 = ORIENTED_EDGE('',*,*,#4501,.T.);
#7428 = ORIENTED_EDGE('',*,*,#7429,.T.);
#7429 = EDGE_CURVE('',#4473,#6275,#7430,.T.);
#7430 = SURFACE_CURVE('',#7431,(#7435,#7442),.PCURVE_S1.);
#7431 = LINE('',#7432,#7433);
#7432 = CARTESIAN_POINT('',(-5.201338989894,23.236739717788,11.));
#7433 = VECTOR('',#7434,1.);
#7434 = DIRECTION('',(1.508208300054E-15,-1.684502993918E-15,1.));
#7435 = PCURVE('',#1273,#7436);
#7436 = DEFINITIONAL_REPRESENTATION('',(#7437),#7441);
#7437 = LINE('',#7438,#7439);
#7438 = CARTESIAN_POINT('',(-23.81176179958,0.));
#7439 = VECTOR('',#7440,1.);
#7440 = DIRECTION('',(0.,1.));
#7441 = ( GEOMETRIC_REPRESENTATION_CONTEXT(2) 
PARAMETRIC_REPRESENTATION_CONTEXT() REPRESENTATION_CONTEXT('2D SPACE',''
  ) );
#7442 = PCURVE('',#4489,#7443);
#7443 = DEFINITIONAL_REPRESENTATION('',(#7444),#7448);
#7444 = LINE('',#7445,#7446);
#7445 = CARTESIAN_POINT('',(0.436332312999,0.));
#7446 = VECTOR('',#7447,1.);
#7447 = DIRECTION('',(0.,-1.));
#7448 = ( GEOMETRIC_REPRESENTATION_CONTEXT(2) 
PARAMETRIC_REPRESENTATION_CONTEXT() REPRESENTATION_CONTEXT('2D SPACE',''
  ) );
#7449 = ORIENTED_EDGE('',*,*,#6274,.T.);
#7450 = ORIENTED_EDGE('',*,*,#1250,.T.);
#7451 = ADVANCED_FACE('',(#7452),#4341,.F.);
#7452 = FACE_BOUND('',#7453,.F.);
#7453 = EDGE_LOOP('',(#7454,#7475,#7476,#7497));
#7454 = ORIENTED_EDGE('',*,*,#7455,.F.);
#7455 = EDGE_CURVE('',#4321,#6421,#7456,.T.);
#7456 = SURFACE_CURVE('',#7457,(#7461,#7468),.PCURVE_S1.);
#7457 = LINE('',#7458,#7459);
#7458 = CARTESIAN_POINT('',(-9.973748146427,29.351735006838,11.));
#7459 = VECTOR('',#7460,1.);
#7460 = DIRECTION('',(1.508208300054E-15,-1.684502993918E-15,1.));
#7461 = PCURVE('',#4341,#7462);
#7462 = DEFINITIONAL_REPRESENTATION('',(#7463),#7467);
#7463 = LINE('',#7464,#7465);
#7464 = CARTESIAN_POINT('',(5.041372377281,0.));
#7465 = VECTOR('',#7466,1.);
#7466 = DIRECTION('',(0.,-1.));
#7467 = ( GEOMETRIC_REPRESENTATION_CONTEXT(2) 
PARAMETRIC_REPRESENTATION_CONTEXT() REPRESENTATION_CONTEXT('2D SPACE',''
  ) );
#7468 = PCURVE('',#1325,#7469);
#7469 = DEFINITIONAL_REPRESENTATION('',(#7470),#7474);
#7470 = LINE('',#7471,#7472);
#7471 = CARTESIAN_POINT('',(5.041372377281,0.));
#7472 = VECTOR('',#7473,1.);
#7473 = DIRECTION('',(0.,-1.));
#7474 = ( GEOMETRIC_REPRESENTATION_CONTEXT(2) 
PARAMETRIC_REPRESENTATION_CONTEXT() REPRESENTATION_CONTEXT('2D SPACE',''
  ) );
#7475 = ORIENTED_EDGE('',*,*,#4318,.F.);
#7476 = ORIENTED_EDGE('',*,*,#7477,.F.);
#7477 = EDGE_CURVE('',#6397,#4319,#7478,.T.);
#7478 = SURFACE_CURVE('',#7479,(#7483,#7490),.PCURVE_S1.);
#7479 = LINE('',#7480,#7481);
#7480 = CARTESIAN_POINT('',(-18.42494672584,24.930329683937,11.));
#7481 = VECTOR('',#7482,1.);
#7482 = DIRECTION('',(-1.508208300054E-15,1.684502993918E-15,-1.));
#7483 = PCURVE('',#4341,#7484);
#7484 = DEFINITIONAL_REPRESENTATION('',(#7485),#7489);
#7485 = LINE('',#7486,#7487);
#7486 = CARTESIAN_POINT('',(4.732471433887,0.));
#7487 = VECTOR('',#7488,1.);
#7488 = DIRECTION('',(0.,1.));
#7489 = ( GEOMETRIC_REPRESENTATION_CONTEXT(2) 
PARAMETRIC_REPRESENTATION_CONTEXT() REPRESENTATION_CONTEXT('2D SPACE',''
  ) );
#7490 = PCURVE('',#4370,#7491);
#7491 = DEFINITIONAL_REPRESENTATION('',(#7492),#7496);
#7492 = LINE('',#7493,#7494);
#7493 = CARTESIAN_POINT('',(4.732471433887,0.));
#7494 = VECTOR('',#7495,1.);
#7495 = DIRECTION('',(0.,1.));
#7496 = ( GEOMETRIC_REPRESENTATION_CONTEXT(2) 
PARAMETRIC_REPRESENTATION_CONTEXT() REPRESENTATION_CONTEXT('2D SPACE',''
  ) );
#7497 = ORIENTED_EDGE('',*,*,#6420,.F.);
#7498 = ADVANCED_FACE('',(#7499),#4398,.F.);
#7499 = FACE_BOUND('',#7500,.T.);
#7500 = EDGE_LOOP('',(#7501,#7502,#7523,#7524));
#7501 = ORIENTED_EDGE('',*,*,#6373,.F.);
#7502 = ORIENTED_EDGE('',*,*,#7503,.T.);
#7503 = EDGE_CURVE('',#6350,#4383,#7504,.T.);
#7504 = SURFACE_CURVE('',#7505,(#7509,#7516),.PCURVE_S1.);
#7505 = LINE('',#7506,#7507);
#7506 = CARTESIAN_POINT('',(-16.12286155783,17.522937401784,-16.5));
#7507 = VECTOR('',#7508,1.);
#7508 = DIRECTION('',(-1.508208300054E-15,1.684502993918E-15,-1.));
#7509 = PCURVE('',#4398,#7510);
#7510 = DEFINITIONAL_REPRESENTATION('',(#7511),#7515);
#7511 = LINE('',#7512,#7513);
#7512 = CARTESIAN_POINT('',(-23.81176179958,-27.5));
#7513 = VECTOR('',#7514,1.);
#7514 = DIRECTION('',(0.,-1.));
#7515 = ( GEOMETRIC_REPRESENTATION_CONTEXT(2) 
PARAMETRIC_REPRESENTATION_CONTEXT() REPRESENTATION_CONTEXT('2D SPACE',''
  ) );
#7516 = PCURVE('',#4427,#7517);
#7517 = DEFINITIONAL_REPRESENTATION('',(#7518),#7522);
#7518 = LINE('',#7519,#7520);
#7519 = CARTESIAN_POINT('',(3.05432619099,27.5));
#7520 = VECTOR('',#7521,1.);
#7521 = DIRECTION('',(0.,1.));
#7522 = ( GEOMETRIC_REPRESENTATION_CONTEXT(2) 
PARAMETRIC_REPRESENTATION_CONTEXT() REPRESENTATION_CONTEXT('2D SPACE',''
  ) );
#7523 = ORIENTED_EDGE('',*,*,#4382,.F.);
#7524 = ORIENTED_EDGE('',*,*,#7525,.T.);
#7525 = EDGE_CURVE('',#4354,#6374,#7526,.T.);
#7526 = SURFACE_CURVE('',#7527,(#7531,#7538),.PCURVE_S1.);
#7527 = LINE('',#7528,#7529);
#7528 = CARTESIAN_POINT('',(-18.84956996549,20.486427509843,11.));
#7529 = VECTOR('',#7530,1.);
#7530 = DIRECTION('',(1.508208300054E-15,-1.684502993918E-15,1.));
#7531 = PCURVE('',#4398,#7532);
#7532 = DEFINITIONAL_REPRESENTATION('',(#7533),#7537);
#7533 = LINE('',#7534,#7535);
#7534 = CARTESIAN_POINT('',(-27.83882181415,0.));
#7535 = VECTOR('',#7536,1.);
#7536 = DIRECTION('',(0.,1.));
#7537 = ( GEOMETRIC_REPRESENTATION_CONTEXT(2) 
PARAMETRIC_REPRESENTATION_CONTEXT() REPRESENTATION_CONTEXT('2D SPACE',''
  ) );
#7538 = PCURVE('',#4370,#7539);
#7539 = DEFINITIONAL_REPRESENTATION('',(#7540),#7544);
#7540 = LINE('',#7541,#7542);
#7541 = CARTESIAN_POINT('',(3.05432619099,0.));
#7542 = VECTOR('',#7543,1.);
#7543 = DIRECTION('',(0.,-1.));
#7544 = ( GEOMETRIC_REPRESENTATION_CONTEXT(2) 
PARAMETRIC_REPRESENTATION_CONTEXT() REPRESENTATION_CONTEXT('2D SPACE',''
  ) );
#7545 = ADVANCED_FACE('',(#7546),#4231,.T.);
#7546 = FACE_BOUND('',#7547,.T.);
#7547 = EDGE_LOOP('',(#7548,#7549,#7570,#7571));
#7548 = ORIENTED_EDGE('',*,*,#6122,.F.);
#7549 = ORIENTED_EDGE('',*,*,#7550,.T.);
#7550 = EDGE_CURVE('',#6099,#4211,#7551,.T.);
#7551 = SURFACE_CURVE('',#7552,(#7556,#7563),.PCURVE_S1.);
#7552 = LINE('',#7553,#7554);
#7553 = CARTESIAN_POINT('',(7.251975290342,19.708091089405,11.));
#7554 = VECTOR('',#7555,1.);
#7555 = DIRECTION('',(-1.508208300054E-15,1.684502993918E-15,-1.));
#7556 = PCURVE('',#4231,#7557);
#7557 = DEFINITIONAL_REPRESENTATION('',(#7558),#7562);
#7558 = LINE('',#7559,#7560);
#7559 = CARTESIAN_POINT('',(5.721525163013,0.));
#7560 = VECTOR('',#7561,1.);
#7561 = DIRECTION('',(0.,1.));
#7562 = ( GEOMETRIC_REPRESENTATION_CONTEXT(2) 
PARAMETRIC_REPRESENTATION_CONTEXT() REPRESENTATION_CONTEXT('2D SPACE',''
  ) );
#7563 = PCURVE('',#4260,#7564);
#7564 = DEFINITIONAL_REPRESENTATION('',(#7565),#7569);
#7565 = LINE('',#7566,#7567);
#7566 = CARTESIAN_POINT('',(2.579932509423,0.));
#7567 = VECTOR('',#7568,1.);
#7568 = DIRECTION('',(0.,1.));
#7569 = ( GEOMETRIC_REPRESENTATION_CONTEXT(2) 
PARAMETRIC_REPRESENTATION_CONTEXT() REPRESENTATION_CONTEXT('2D SPACE',''
  ) );
#7570 = ORIENTED_EDGE('',*,*,#4210,.F.);
#7571 = ORIENTED_EDGE('',*,*,#7572,.T.);
#7572 = EDGE_CURVE('',#4182,#6123,#7573,.T.);
#7573 = SURFACE_CURVE('',#7574,(#7578,#7585),.PCURVE_S1.);
#7574 = LINE('',#7575,#7576);
#7575 = CARTESIAN_POINT('',(1.670873166988,20.933422626504,11.));
#7576 = VECTOR('',#7577,1.);
#7577 = DIRECTION('',(1.508208300054E-15,-1.684502993918E-15,1.));
#7578 = PCURVE('',#4231,#7579);
#7579 = DEFINITIONAL_REPRESENTATION('',(#7580),#7584);
#7580 = LINE('',#7581,#7582);
#7581 = CARTESIAN_POINT('',(5.448582049751,0.));
#7582 = VECTOR('',#7583,1.);
#7583 = DIRECTION('',(0.,-1.));
#7584 = ( GEOMETRIC_REPRESENTATION_CONTEXT(2) 
PARAMETRIC_REPRESENTATION_CONTEXT() REPRESENTATION_CONTEXT('2D SPACE',''
  ) );
#7585 = PCURVE('',#4198,#7586);
#7586 = DEFINITIONAL_REPRESENTATION('',(#7587),#7591);
#7587 = LINE('',#7588,#7589);
#7588 = CARTESIAN_POINT('',(2.306989396161,0.));
#7589 = VECTOR('',#7590,1.);
#7590 = DIRECTION('',(0.,-1.));
#7591 = ( GEOMETRIC_REPRESENTATION_CONTEXT(2) 
PARAMETRIC_REPRESENTATION_CONTEXT() REPRESENTATION_CONTEXT('2D SPACE',''
  ) );
#7592 = ADVANCED_FACE('',(#7593),#1156,.T.);
#7593 = FACE_BOUND('',#7594,.T.);
#7594 = EDGE_LOOP('',(#7595,#7596,#7617,#7618));
#7595 = ORIENTED_EDGE('',*,*,#4272,.T.);
#7596 = ORIENTED_EDGE('',*,*,#7597,.T.);
#7597 = EDGE_CURVE('',#4244,#6076,#7598,.T.);
#7598 = SURFACE_CURVE('',#7599,(#7603,#7610),.PCURVE_S1.);
#7599 = LINE('',#7600,#7601);
#7600 = CARTESIAN_POINT('',(10.951831550118,21.143731593497,11.));
#7601 = VECTOR('',#7602,1.);
#7602 = DIRECTION('',(1.508208300054E-15,-1.684502993918E-15,1.));
#7603 = PCURVE('',#1156,#7604);
#7604 = DEFINITIONAL_REPRESENTATION('',(#7605),#7609);
#7605 = LINE('',#7606,#7607);
#7606 = CARTESIAN_POINT('',(-23.81176179958,0.));
#7607 = VECTOR('',#7608,1.);
#7608 = DIRECTION('',(0.,1.));
#7609 = ( GEOMETRIC_REPRESENTATION_CONTEXT(2) 
PARAMETRIC_REPRESENTATION_CONTEXT() REPRESENTATION_CONTEXT('2D SPACE',''
  ) );
#7610 = PCURVE('',#4260,#7611);
#7611 = DEFINITIONAL_REPRESENTATION('',(#7612),#7616);
#7612 = LINE('',#7613,#7614);
#7613 = CARTESIAN_POINT('',(1.134464013796,0.));
#7614 = VECTOR('',#7615,1.);
#7615 = DIRECTION('',(0.,-1.));
#7616 = ( GEOMETRIC_REPRESENTATION_CONTEXT(2) 
PARAMETRIC_REPRESENTATION_CONTEXT() REPRESENTATION_CONTEXT('2D SPACE',''
  ) );
#7617 = ORIENTED_EDGE('',*,*,#6075,.T.);
#7618 = ORIENTED_EDGE('',*,*,#1133,.T.);
#7619 = ADVANCED_FACE('',(#7620),#4112,.F.);
#7620 = FACE_BOUND('',#7621,.F.);
#7621 = EDGE_LOOP('',(#7622,#7643,#7644,#7665));
#7622 = ORIENTED_EDGE('',*,*,#7623,.F.);
#7623 = EDGE_CURVE('',#4092,#6222,#7624,.T.);
#7624 = SURFACE_CURVE('',#7625,(#7629,#7636),.PCURVE_S1.);
#7625 = LINE('',#7626,#7627);
#7626 = CARTESIAN_POINT('',(11.22659724056,28.895735228546,11.));
#7627 = VECTOR('',#7628,1.);
#7628 = DIRECTION('',(1.508208300054E-15,-1.684502993918E-15,1.));
#7629 = PCURVE('',#4112,#7630);
#7630 = DEFINITIONAL_REPRESENTATION('',(#7631),#7635);
#7631 = LINE('',#7632,#7633);
#7632 = CARTESIAN_POINT('',(5.739504078079,0.));
#7633 = VECTOR('',#7634,1.);
#7634 = DIRECTION('',(0.,-1.));
#7635 = ( GEOMETRIC_REPRESENTATION_CONTEXT(2) 
PARAMETRIC_REPRESENTATION_CONTEXT() REPRESENTATION_CONTEXT('2D SPACE',''
  ) );
#7636 = PCURVE('',#1208,#7637);
#7637 = DEFINITIONAL_REPRESENTATION('',(#7638),#7642);
#7638 = LINE('',#7639,#7640);
#7639 = CARTESIAN_POINT('',(5.739504078079,0.));
#7640 = VECTOR('',#7641,1.);
#7641 = DIRECTION('',(0.,-1.));
#7642 = ( GEOMETRIC_REPRESENTATION_CONTEXT(2) 
PARAMETRIC_REPRESENTATION_CONTEXT() REPRESENTATION_CONTEXT('2D SPACE',''
  ) );
#7643 = ORIENTED_EDGE('',*,*,#4089,.F.);
#7644 = ORIENTED_EDGE('',*,*,#7645,.F.);
#7645 = EDGE_CURVE('',#6198,#4090,#7646,.T.);
#7646 = SURFACE_CURVE('',#7647,(#7651,#7658),.PCURVE_S1.);
#7647 = LINE('',#7648,#7649);
#7648 = CARTESIAN_POINT('',(1.910578972139,30.941067984011,11.));
#7649 = VECTOR('',#7650,1.);
#7650 = DIRECTION('',(-1.508208300054E-15,1.684502993918E-15,-1.));
#7651 = PCURVE('',#4112,#7652);
#7652 = DEFINITIONAL_REPRESENTATION('',(#7653),#7657);
#7653 = LINE('',#7654,#7655);
#7654 = CARTESIAN_POINT('',(5.430603134685,0.));
#7655 = VECTOR('',#7656,1.);
#7656 = DIRECTION('',(0.,1.));
#7657 = ( GEOMETRIC_REPRESENTATION_CONTEXT(2) 
PARAMETRIC_REPRESENTATION_CONTEXT() REPRESENTATION_CONTEXT('2D SPACE',''
  ) );
#7658 = PCURVE('',#4141,#7659);
#7659 = DEFINITIONAL_REPRESENTATION('',(#7660),#7664);
#7660 = LINE('',#7661,#7662);
#7661 = CARTESIAN_POINT('',(5.430603134685,0.));
#7662 = VECTOR('',#7663,1.);
#7663 = DIRECTION('',(0.,1.));
#7664 = ( GEOMETRIC_REPRESENTATION_CONTEXT(2) 
PARAMETRIC_REPRESENTATION_CONTEXT() REPRESENTATION_CONTEXT('2D SPACE',''
  ) );
#7665 = ORIENTED_EDGE('',*,*,#6221,.F.);
#7666 = ADVANCED_FACE('',(#7667),#4169,.F.);
#7667 = FACE_BOUND('',#7668,.T.);
#7668 = EDGE_LOOP('',(#7669,#7670,#7691,#7692));
#7669 = ORIENTED_EDGE('',*,*,#6174,.F.);
#7670 = ORIENTED_EDGE('',*,*,#7671,.T.);
#7671 = EDGE_CURVE('',#6151,#4154,#7672,.T.);
#7672 = SURFACE_CURVE('',#7673,(#7677,#7684),.PCURVE_S1.);
#7673 = LINE('',#7674,#7675);
#7674 = CARTESIAN_POINT('',(-1.087301456378,23.786924465827,-16.5));
#7675 = VECTOR('',#7676,1.);
#7676 = DIRECTION('',(-1.508208300054E-15,1.684502993918E-15,-1.));
#7677 = PCURVE('',#4169,#7678);
#7678 = DEFINITIONAL_REPRESENTATION('',(#7679),#7683);
#7679 = LINE('',#7680,#7681);
#7680 = CARTESIAN_POINT('',(-23.81176179958,-27.5));
#7681 = VECTOR('',#7682,1.);
#7682 = DIRECTION('',(0.,-1.));
#7683 = ( GEOMETRIC_REPRESENTATION_CONTEXT(2) 
PARAMETRIC_REPRESENTATION_CONTEXT() REPRESENTATION_CONTEXT('2D SPACE',''
  ) );
#7684 = PCURVE('',#4198,#7685);
#7685 = DEFINITIONAL_REPRESENTATION('',(#7686),#7690);
#7686 = LINE('',#7687,#7688);
#7687 = CARTESIAN_POINT('',(3.752457891788,27.5));
#7688 = VECTOR('',#7689,1.);
#7689 = DIRECTION('',(0.,1.));
#7690 = ( GEOMETRIC_REPRESENTATION_CONTEXT(2) 
PARAMETRIC_REPRESENTATION_CONTEXT() REPRESENTATION_CONTEXT('2D SPACE',''
  ) );
#7691 = ORIENTED_EDGE('',*,*,#4153,.F.);
#7692 = ORIENTED_EDGE('',*,*,#7693,.T.);
#7693 = EDGE_CURVE('',#4125,#6175,#7694,.T.);
#7694 = SURFACE_CURVE('',#7695,(#7699,#7706),.PCURVE_S1.);
#7695 = LINE('',#7696,#7697);
#7696 = CARTESIAN_POINT('',(-1.271186557179,27.809783975012,11.));
#7697 = VECTOR('',#7698,1.);
#7698 = DIRECTION('',(1.508208300054E-15,-1.684502993918E-15,1.));
#7699 = PCURVE('',#4169,#7700);
#7700 = DEFINITIONAL_REPRESENTATION('',(#7701),#7705);
#7701 = LINE('',#7702,#7703);
#7702 = CARTESIAN_POINT('',(-27.83882181415,0.));
#7703 = VECTOR('',#7704,1.);
#7704 = DIRECTION('',(0.,1.));
#7705 = ( GEOMETRIC_REPRESENTATION_CONTEXT(2) 
PARAMETRIC_REPRESENTATION_CONTEXT() REPRESENTATION_CONTEXT('2D SPACE',''
  ) );
#7706 = PCURVE('',#4141,#7707);
#7707 = DEFINITIONAL_REPRESENTATION('',(#7708),#7712);
#7708 = LINE('',#7709,#7710);
#7709 = CARTESIAN_POINT('',(3.752457891788,0.));
#7710 = VECTOR('',#7711,1.);
#7711 = DIRECTION('',(0.,-1.));
#7712 = ( GEOMETRIC_REPRESENTATION_CONTEXT(2) 
PARAMETRIC_REPRESENTATION_CONTEXT() REPRESENTATION_CONTEXT('2D SPACE',''
  ) );
#7713 = ADVANCED_FACE('',(#7714),#1497,.T.);
#7714 = FACE_BOUND('',#7715,.T.);
#7715 = EDGE_LOOP('',(#7716,#7717,#7718,#7719));
#7716 = ORIENTED_EDGE('',*,*,#5924,.F.);
#7717 = ORIENTED_EDGE('',*,*,#1474,.T.);
#7718 = ORIENTED_EDGE('',*,*,#3981,.F.);
#7719 = ORIENTED_EDGE('',*,*,#7720,.T.);
#7720 = EDGE_CURVE('',#3953,#5925,#7721,.T.);
#7721 = SURFACE_CURVE('',#7722,(#7726,#7733),.PCURVE_S1.);
#7722 = LINE('',#7723,#7724);
#7723 = CARTESIAN_POINT('',(-18.9643123662,-9.019692704138,11.));
#7724 = VECTOR('',#7725,1.);
#7725 = DIRECTION('',(1.508208300054E-15,-1.684502993918E-15,1.));
#7726 = PCURVE('',#1497,#7727);
#7727 = DEFINITIONAL_REPRESENTATION('',(#7728),#7732);
#7728 = LINE('',#7729,#7730);
#7729 = CARTESIAN_POINT('',(3.354186947358,0.));
#7730 = VECTOR('',#7731,1.);
#7731 = DIRECTION('',(0.,-1.));
#7732 = ( GEOMETRIC_REPRESENTATION_CONTEXT(2) 
PARAMETRIC_REPRESENTATION_CONTEXT() REPRESENTATION_CONTEXT('2D SPACE',''
  ) );
#7733 = PCURVE('',#3969,#7734);
#7734 = DEFINITIONAL_REPRESENTATION('',(#7735),#7739);
#7735 = LINE('',#7736,#7737);
#7736 = CARTESIAN_POINT('',(0.212594293768,0.));
#7737 = VECTOR('',#7738,1.);
#7738 = DIRECTION('',(0.,-1.));
#7739 = ( GEOMETRIC_REPRESENTATION_CONTEXT(2) 
PARAMETRIC_REPRESENTATION_CONTEXT() REPRESENTATION_CONTEXT('2D SPACE',''
  ) );
#7740 = ADVANCED_FACE('',(#7741),#4048,.T.);
#7741 = FACE_BOUND('',#7742,.T.);
#7742 = EDGE_LOOP('',(#7743,#7744,#7765,#7766));
#7743 = ORIENTED_EDGE('',*,*,#4032,.T.);
#7744 = ORIENTED_EDGE('',*,*,#7745,.T.);
#7745 = EDGE_CURVE('',#4009,#5877,#7746,.T.);
#7746 = SURFACE_CURVE('',#7747,(#7751,#7758),.PCURVE_S1.);
#7747 = LINE('',#7748,#7749);
#7748 = CARTESIAN_POINT('',(-23.78692446582,-1.087301456378,11.));
#7749 = VECTOR('',#7750,1.);
#7750 = DIRECTION('',(1.508208300054E-15,-1.684502993918E-15,1.));
#7751 = PCURVE('',#4048,#7752);
#7752 = DEFINITIONAL_REPRESENTATION('',(#7753),#7757);
#7753 = LINE('',#7754,#7755);
#7754 = CARTESIAN_POINT('',(-23.81176179958,0.));
#7755 = VECTOR('',#7756,1.);
#7756 = DIRECTION('',(0.,1.));
#7757 = ( GEOMETRIC_REPRESENTATION_CONTEXT(2) 
PARAMETRIC_REPRESENTATION_CONTEXT() REPRESENTATION_CONTEXT('2D SPACE',''
  ) );
#7758 = PCURVE('',#1549,#7759);
#7759 = DEFINITIONAL_REPRESENTATION('',(#7760),#7764);
#7760 = LINE('',#7761,#7762);
#7761 = CARTESIAN_POINT('',(5.323254218583,0.));
#7762 = VECTOR('',#7763,1.);
#7763 = DIRECTION('',(0.,-1.));
#7764 = ( GEOMETRIC_REPRESENTATION_CONTEXT(2) 
PARAMETRIC_REPRESENTATION_CONTEXT() REPRESENTATION_CONTEXT('2D SPACE',''
  ) );
#7765 = ORIENTED_EDGE('',*,*,#5876,.T.);
#7766 = ORIENTED_EDGE('',*,*,#7767,.T.);
#7767 = EDGE_CURVE('',#5879,#4033,#7768,.T.);
#7768 = SURFACE_CURVE('',#7769,(#7773,#7780),.PCURVE_S1.);
#7769 = LINE('',#7770,#7771);
#7770 = CARTESIAN_POINT('',(-27.80978397501,-1.271186557179,-16.5));
#7771 = VECTOR('',#7772,1.);
#7772 = DIRECTION('',(-1.508208300054E-15,1.684502993918E-15,-1.));
#7773 = PCURVE('',#4048,#7774);
#7774 = DEFINITIONAL_REPRESENTATION('',(#7775),#7779);
#7775 = LINE('',#7776,#7777);
#7776 = CARTESIAN_POINT('',(-27.83882181415,-27.5));
#7777 = VECTOR('',#7778,1.);
#7778 = DIRECTION('',(-0.,-1.));
#7779 = ( GEOMETRIC_REPRESENTATION_CONTEXT(2) 
PARAMETRIC_REPRESENTATION_CONTEXT() REPRESENTATION_CONTEXT('2D SPACE',''
  ) );
#7780 = PCURVE('',#4075,#7781);
#7781 = DEFINITIONAL_REPRESENTATION('',(#7782),#7786);
#7782 = LINE('',#7783,#7784);
#7783 = CARTESIAN_POINT('',(5.323254218583,27.5));
#7784 = VECTOR('',#7785,1.);
#7785 = DIRECTION('',(0.,1.));
#7786 = ( GEOMETRIC_REPRESENTATION_CONTEXT(2) 
PARAMETRIC_REPRESENTATION_CONTEXT() REPRESENTATION_CONTEXT('2D SPACE',''
  ) );
#7787 = ADVANCED_FACE('',(#7788),#3883,.F.);
#7788 = FACE_BOUND('',#7789,.F.);
#7789 = EDGE_LOOP('',(#7790,#7811,#7812,#7833));
#7790 = ORIENTED_EDGE('',*,*,#7791,.F.);
#7791 = EDGE_CURVE('',#3863,#6024,#7792,.T.);
#7792 = SURFACE_CURVE('',#7793,(#7797,#7804),.PCURVE_S1.);
#7793 = LINE('',#7794,#7795);
#7794 = CARTESIAN_POINT('',(-30.63773938923,-4.725349205892,11.));
#7795 = VECTOR('',#7796,1.);
#7796 = DIRECTION('',(1.508208300054E-15,-1.684502993918E-15,1.));
#7797 = PCURVE('',#3883,#7798);
#7798 = DEFINITIONAL_REPRESENTATION('',(#7799),#7803);
#7799 = LINE('',#7800,#7801);
#7800 = CARTESIAN_POINT('',(3.645108975686,0.));
#7801 = VECTOR('',#7802,1.);
#7802 = DIRECTION('',(0.,-1.));
#7803 = ( GEOMETRIC_REPRESENTATION_CONTEXT(2) 
PARAMETRIC_REPRESENTATION_CONTEXT() REPRESENTATION_CONTEXT('2D SPACE',''
  ) );
#7804 = PCURVE('',#4075,#7805);
#7805 = DEFINITIONAL_REPRESENTATION('',(#7806),#7810);
#7806 = LINE('',#7807,#7808);
#7807 = CARTESIAN_POINT('',(3.645108975686,0.));
#7808 = VECTOR('',#7809,1.);
#7809 = DIRECTION('',(0.,-1.));
#7810 = ( GEOMETRIC_REPRESENTATION_CONTEXT(2) 
PARAMETRIC_REPRESENTATION_CONTEXT() REPRESENTATION_CONTEXT('2D SPACE',''
  ) );
#7811 = ORIENTED_EDGE('',*,*,#3860,.F.);
#7812 = ORIENTED_EDGE('',*,*,#7813,.F.);
#7813 = EDGE_CURVE('',#6000,#3861,#7814,.T.);
#7814 = SURFACE_CURVE('',#7815,(#7819,#7826),.PCURVE_S1.);
#7815 = LINE('',#7816,#7817);
#7816 = CARTESIAN_POINT('',(-27.75104038044,-13.81592406619,11.));
#7817 = VECTOR('',#7818,1.);
#7818 = DIRECTION('',(-1.508208300054E-15,1.684502993918E-15,-1.));
#7819 = PCURVE('',#3883,#7820);
#7820 = DEFINITIONAL_REPRESENTATION('',(#7821),#7825);
#7821 = LINE('',#7822,#7823);
#7822 = CARTESIAN_POINT('',(3.336208032291,0.));
#7823 = VECTOR('',#7824,1.);
#7824 = DIRECTION('',(0.,1.));
#7825 = ( GEOMETRIC_REPRESENTATION_CONTEXT(2) 
PARAMETRIC_REPRESENTATION_CONTEXT() REPRESENTATION_CONTEXT('2D SPACE',''
  ) );
#7826 = PCURVE('',#3912,#7827);
#7827 = DEFINITIONAL_REPRESENTATION('',(#7828),#7832);
#7828 = LINE('',#7829,#7830);
#7829 = CARTESIAN_POINT('',(3.336208032291,0.));
#7830 = VECTOR('',#7831,1.);
#7831 = DIRECTION('',(0.,1.));
#7832 = ( GEOMETRIC_REPRESENTATION_CONTEXT(2) 
PARAMETRIC_REPRESENTATION_CONTEXT() REPRESENTATION_CONTEXT('2D SPACE',''
  ) );
#7833 = ORIENTED_EDGE('',*,*,#6023,.F.);
#7834 = ADVANCED_FACE('',(#7835),#3940,.F.);
#7835 = FACE_BOUND('',#7836,.T.);
#7836 = EDGE_LOOP('',(#7837,#7838,#7859,#7860));
#7837 = ORIENTED_EDGE('',*,*,#5976,.F.);
#7838 = ORIENTED_EDGE('',*,*,#7839,.T.);
#7839 = EDGE_CURVE('',#5953,#3925,#7840,.T.);
#7840 = SURFACE_CURVE('',#7841,(#7845,#7852),.PCURVE_S1.);
#7841 = LINE('',#7842,#7843);
#7842 = CARTESIAN_POINT('',(-20.05643013711,-12.8350929157,-16.5));
#7843 = VECTOR('',#7844,1.);
#7844 = DIRECTION('',(-1.508208300054E-15,1.684502993918E-15,-1.));
#7845 = PCURVE('',#3940,#7846);
#7846 = DEFINITIONAL_REPRESENTATION('',(#7847),#7851);
#7847 = LINE('',#7848,#7849);
#7848 = CARTESIAN_POINT('',(-23.81176179958,-27.5));
#7849 = VECTOR('',#7850,1.);
#7850 = DIRECTION('',(-0.,-1.));
#7851 = ( GEOMETRIC_REPRESENTATION_CONTEXT(2) 
PARAMETRIC_REPRESENTATION_CONTEXT() REPRESENTATION_CONTEXT('2D SPACE',''
  ) );
#7852 = PCURVE('',#3969,#7853);
#7853 = DEFINITIONAL_REPRESENTATION('',(#7854),#7858);
#7854 = LINE('',#7855,#7856);
#7855 = CARTESIAN_POINT('',(1.658062789395,27.5));
#7856 = VECTOR('',#7857,1.);
#7857 = DIRECTION('',(0.,1.));
#7858 = ( GEOMETRIC_REPRESENTATION_CONTEXT(2) 
PARAMETRIC_REPRESENTATION_CONTEXT() REPRESENTATION_CONTEXT('2D SPACE',''
  ) );
#7859 = ORIENTED_EDGE('',*,*,#3924,.F.);
#7860 = ORIENTED_EDGE('',*,*,#7861,.T.);
#7861 = EDGE_CURVE('',#3896,#5977,#7862,.T.);
#7862 = SURFACE_CURVE('',#7863,(#7867,#7874),.PCURVE_S1.);
#7863 = LINE('',#7864,#7865);
#7864 = CARTESIAN_POINT('',(-23.44838611752,-15.00577183897,11.));
#7865 = VECTOR('',#7866,1.);
#7866 = DIRECTION('',(1.508208300054E-15,-1.684502993918E-15,1.));
#7867 = PCURVE('',#3940,#7868);
#7868 = DEFINITIONAL_REPRESENTATION('',(#7869),#7873);
#7869 = LINE('',#7870,#7871);
#7870 = CARTESIAN_POINT('',(-27.83882181415,0.));
#7871 = VECTOR('',#7872,1.);
#7872 = DIRECTION('',(0.,1.));
#7873 = ( GEOMETRIC_REPRESENTATION_CONTEXT(2) 
PARAMETRIC_REPRESENTATION_CONTEXT() REPRESENTATION_CONTEXT('2D SPACE',''
  ) );
#7874 = PCURVE('',#3912,#7875);
#7875 = DEFINITIONAL_REPRESENTATION('',(#7876),#7880);
#7876 = LINE('',#7877,#7878);
#7877 = CARTESIAN_POINT('',(1.658062789395,0.));
#7878 = VECTOR('',#7879,1.);
#7879 = DIRECTION('',(0.,-1.));
#7880 = ( GEOMETRIC_REPRESENTATION_CONTEXT(2) 
PARAMETRIC_REPRESENTATION_CONTEXT() REPRESENTATION_CONTEXT('2D SPACE',''
  ) );
#7881 = ADVANCED_FACE('',(#7882),#1385,.T.);
#7882 = FACE_BOUND('',#7883,.T.);
#7883 = EDGE_LOOP('',(#7884,#7885,#7886,#7887));
#7884 = ORIENTED_EDGE('',*,*,#5725,.F.);
#7885 = ORIENTED_EDGE('',*,*,#1362,.T.);
#7886 = ORIENTED_EDGE('',*,*,#3752,.F.);
#7887 = ORIENTED_EDGE('',*,*,#7888,.T.);
#7888 = EDGE_CURVE('',#3724,#5726,#7889,.T.);
#7889 = SURFACE_CURVE('',#7890,(#7894,#7901),.PCURVE_S1.);
#7890 = LINE('',#7891,#7892);
#7891 = CARTESIAN_POINT('',(-20.3252528191,5.280539540574,11.));
#7892 = VECTOR('',#7893,1.);
#7893 = DIRECTION('',(1.508208300054E-15,-1.684502993918E-15,1.));
#7894 = PCURVE('',#1385,#7895);
#7895 = DEFINITIONAL_REPRESENTATION('',(#7896),#7900);
#7896 = LINE('',#7897,#7898);
#7897 = CARTESIAN_POINT('',(4.052318648155,0.));
#7898 = VECTOR('',#7899,1.);
#7899 = DIRECTION('',(0.,-1.));
#7900 = ( GEOMETRIC_REPRESENTATION_CONTEXT(2) 
PARAMETRIC_REPRESENTATION_CONTEXT() REPRESENTATION_CONTEXT('2D SPACE',''
  ) );
#7901 = PCURVE('',#3740,#7902);
#7902 = DEFINITIONAL_REPRESENTATION('',(#7903),#7907);
#7903 = LINE('',#7904,#7905);
#7904 = CARTESIAN_POINT('',(0.910725994566,0.));
#7905 = VECTOR('',#7906,1.);
#7906 = DIRECTION('',(0.,-1.));
#7907 = ( GEOMETRIC_REPRESENTATION_CONTEXT(2) 
PARAMETRIC_REPRESENTATION_CONTEXT() REPRESENTATION_CONTEXT('2D SPACE',''
  ) );
#7908 = ADVANCED_FACE('',(#7909),#3819,.T.);
#7909 = FACE_BOUND('',#7910,.T.);
#7910 = EDGE_LOOP('',(#7911,#7912,#7933,#7934));
#7911 = ORIENTED_EDGE('',*,*,#3803,.T.);
#7912 = ORIENTED_EDGE('',*,*,#7913,.T.);
#7913 = EDGE_CURVE('',#3780,#5678,#7914,.T.);
#7914 = SURFACE_CURVE('',#7915,(#7919,#7926),.PCURVE_S1.);
#7915 = LINE('',#7916,#7917);
#7916 = CARTESIAN_POINT('',(-18.92074521009,14.45701908053,11.));
#7917 = VECTOR('',#7918,1.);
#7918 = DIRECTION('',(1.508208300054E-15,-1.684502993918E-15,1.));
#7919 = PCURVE('',#3819,#7920);
#7920 = DEFINITIONAL_REPRESENTATION('',(#7921),#7925);
#7921 = LINE('',#7922,#7923);
#7922 = CARTESIAN_POINT('',(-23.81176179958,0.));
#7923 = VECTOR('',#7924,1.);
#7924 = DIRECTION('',(0.,1.));
#7925 = ( GEOMETRIC_REPRESENTATION_CONTEXT(2) 
PARAMETRIC_REPRESENTATION_CONTEXT() REPRESENTATION_CONTEXT('2D SPACE',''
  ) );
#7926 = PCURVE('',#1437,#7927);
#7927 = DEFINITIONAL_REPRESENTATION('',(#7928),#7932);
#7928 = LINE('',#7929,#7930);
#7929 = CARTESIAN_POINT('',(6.02138591938,0.));
#7930 = VECTOR('',#7931,1.);
#7931 = DIRECTION('',(0.,-1.));
#7932 = ( GEOMETRIC_REPRESENTATION_CONTEXT(2) 
PARAMETRIC_REPRESENTATION_CONTEXT() REPRESENTATION_CONTEXT('2D SPACE',''
  ) );
#7933 = ORIENTED_EDGE('',*,*,#5677,.T.);
#7934 = ORIENTED_EDGE('',*,*,#7935,.T.);
#7935 = EDGE_CURVE('',#5680,#3804,#7936,.T.);
#7936 = SURFACE_CURVE('',#7937,(#7941,#7948),.PCURVE_S1.);
#7937 = LINE('',#7938,#7939);
#7938 = CARTESIAN_POINT('',(-22.12063344695,16.901999168903,-16.5));
#7939 = VECTOR('',#7940,1.);
#7940 = DIRECTION('',(-1.508208300054E-15,1.684502993918E-15,-1.));
#7941 = PCURVE('',#3819,#7942);
#7942 = DEFINITIONAL_REPRESENTATION('',(#7943),#7947);
#7943 = LINE('',#7944,#7945);
#7944 = CARTESIAN_POINT('',(-27.83882181415,-27.5));
#7945 = VECTOR('',#7946,1.);
#7946 = DIRECTION('',(-0.,-1.));
#7947 = ( GEOMETRIC_REPRESENTATION_CONTEXT(2) 
PARAMETRIC_REPRESENTATION_CONTEXT() REPRESENTATION_CONTEXT('2D SPACE',''
  ) );
#7948 = PCURVE('',#3846,#7949);
#7949 = DEFINITIONAL_REPRESENTATION('',(#7950),#7954);
#7950 = LINE('',#7951,#7952);
#7951 = CARTESIAN_POINT('',(6.02138591938,27.5));
#7952 = VECTOR('',#7953,1.);
#7953 = DIRECTION('',(0.,1.));
#7954 = ( GEOMETRIC_REPRESENTATION_CONTEXT(2) 
PARAMETRIC_REPRESENTATION_CONTEXT() REPRESENTATION_CONTEXT('2D SPACE',''
  ) );
#7955 = ADVANCED_FACE('',(#7956),#3654,.F.);
#7956 = FACE_BOUND('',#7957,.F.);
#7957 = EDGE_LOOP('',(#7958,#7979,#7980,#8001));
#7958 = ORIENTED_EDGE('',*,*,#7959,.F.);
#7959 = EDGE_CURVE('',#3634,#5825,#7960,.T.);
#7960 = SURFACE_CURVE('',#7961,(#7965,#7972),.PCURVE_S1.);
#7961 = LINE('',#7962,#7963);
#7962 = CARTESIAN_POINT('',(-26.50726592983,16.073731767232,11.));
#7963 = VECTOR('',#7964,1.);
#7964 = DIRECTION('',(1.508208300054E-15,-1.684502993918E-15,1.));
#7965 = PCURVE('',#3654,#7966);
#7966 = DEFINITIONAL_REPRESENTATION('',(#7967),#7971);
#7967 = LINE('',#7968,#7969);
#7968 = CARTESIAN_POINT('',(4.343240676484,0.));
#7969 = VECTOR('',#7970,1.);
#7970 = DIRECTION('',(0.,-1.));
#7971 = ( GEOMETRIC_REPRESENTATION_CONTEXT(2) 
PARAMETRIC_REPRESENTATION_CONTEXT() REPRESENTATION_CONTEXT('2D SPACE',''
  ) );
#7972 = PCURVE('',#3846,#7973);
#7973 = DEFINITIONAL_REPRESENTATION('',(#7974),#7978);
#7974 = LINE('',#7975,#7976);
#7975 = CARTESIAN_POINT('',(4.343240676484,0.));
#7976 = VECTOR('',#7977,1.);
#7977 = DIRECTION('',(0.,-1.));
#7978 = ( GEOMETRIC_REPRESENTATION_CONTEXT(2) 
PARAMETRIC_REPRESENTATION_CONTEXT() REPRESENTATION_CONTEXT('2D SPACE',''
  ) );
#7979 = ORIENTED_EDGE('',*,*,#3631,.F.);
#7980 = ORIENTED_EDGE('',*,*,#7981,.F.);
#7981 = EDGE_CURVE('',#5801,#3632,#7982,.T.);
#7982 = SURFACE_CURVE('',#7983,(#7987,#7994),.PCURVE_S1.);
#7983 = LINE('',#7984,#7985);
#7984 = CARTESIAN_POINT('',(-30.13923508033,7.254413054997,11.));
#7985 = VECTOR('',#7986,1.);
#7986 = DIRECTION('',(-1.508208300054E-15,1.684502993918E-15,-1.));
#7987 = PCURVE('',#3654,#7988);
#7988 = DEFINITIONAL_REPRESENTATION('',(#7989),#7993);
#7989 = LINE('',#7990,#7991);
#7990 = CARTESIAN_POINT('',(4.034339733089,0.));
#7991 = VECTOR('',#7992,1.);
#7992 = DIRECTION('',(0.,1.));
#7993 = ( GEOMETRIC_REPRESENTATION_CONTEXT(2) 
PARAMETRIC_REPRESENTATION_CONTEXT() REPRESENTATION_CONTEXT('2D SPACE',''
  ) );
#7994 = PCURVE('',#3683,#7995);
#7995 = DEFINITIONAL_REPRESENTATION('',(#7996),#8000);
#7996 = LINE('',#7997,#7998);
#7997 = CARTESIAN_POINT('',(4.034339733089,0.));
#7998 = VECTOR('',#7999,1.);
#7999 = DIRECTION('',(0.,1.));
#8000 = ( GEOMETRIC_REPRESENTATION_CONTEXT(2) 
PARAMETRIC_REPRESENTATION_CONTEXT() REPRESENTATION_CONTEXT('2D SPACE',''
  ) );
#8001 = ORIENTED_EDGE('',*,*,#5824,.F.);
#8002 = ADVANCED_FACE('',(#8003),#3711,.F.);
#8003 = FACE_BOUND('',#8004,.T.);
#8004 = EDGE_LOOP('',(#8005,#8006,#8027,#8028));
#8005 = ORIENTED_EDGE('',*,*,#5777,.F.);
#8006 = ORIENTED_EDGE('',*,*,#8007,.T.);
#8007 = EDGE_CURVE('',#5754,#3696,#8008,.T.);
#8008 = SURFACE_CURVE('',#8009,(#8013,#8020),.PCURVE_S1.);
#8009 = LINE('',#8010,#8011);
#8010 = CARTESIAN_POINT('',(-23.61435555073,3.059773181689,-16.5));
#8011 = VECTOR('',#8012,1.);
#8012 = DIRECTION('',(-1.508208300054E-15,1.684502993918E-15,-1.));
#8013 = PCURVE('',#3711,#8014);
#8014 = DEFINITIONAL_REPRESENTATION('',(#8015),#8019);
#8015 = LINE('',#8016,#8017);
#8016 = CARTESIAN_POINT('',(-23.81176179958,-27.5));
#8017 = VECTOR('',#8018,1.);
#8018 = DIRECTION('',(-0.,-1.));
#8019 = ( GEOMETRIC_REPRESENTATION_CONTEXT(2) 
PARAMETRIC_REPRESENTATION_CONTEXT() REPRESENTATION_CONTEXT('2D SPACE',''
  ) );
#8020 = PCURVE('',#3740,#8021);
#8021 = DEFINITIONAL_REPRESENTATION('',(#8022),#8026);
#8022 = LINE('',#8023,#8024);
#8023 = CARTESIAN_POINT('',(2.356194490192,27.5));
#8024 = VECTOR('',#8025,1.);
#8025 = DIRECTION('',(0.,1.));
#8026 = ( GEOMETRIC_REPRESENTATION_CONTEXT(2) 
PARAMETRIC_REPRESENTATION_CONTEXT() REPRESENTATION_CONTEXT('2D SPACE',''
  ) );
#8027 = ORIENTED_EDGE('',*,*,#3695,.F.);
#8028 = ORIENTED_EDGE('',*,*,#8029,.T.);
#8029 = EDGE_CURVE('',#3667,#5778,#8030,.T.);
#8030 = SURFACE_CURVE('',#8031,(#8035,#8042),.PCURVE_S1.);
#8031 = LINE('',#8032,#8033);
#8032 = CARTESIAN_POINT('',(-27.60803009731,3.577243931537,11.));
#8033 = VECTOR('',#8034,1.);
#8034 = DIRECTION('',(1.508208300054E-15,-1.684502993918E-15,1.));
#8035 = PCURVE('',#3711,#8036);
#8036 = DEFINITIONAL_REPRESENTATION('',(#8037),#8041);
#8037 = LINE('',#8038,#8039);
#8038 = CARTESIAN_POINT('',(-27.83882181415,0.));
#8039 = VECTOR('',#8040,1.);
#8040 = DIRECTION('',(0.,1.));
#8041 = ( GEOMETRIC_REPRESENTATION_CONTEXT(2) 
PARAMETRIC_REPRESENTATION_CONTEXT() REPRESENTATION_CONTEXT('2D SPACE',''
  ) );
#8042 = PCURVE('',#3683,#8043);
#8043 = DEFINITIONAL_REPRESENTATION('',(#8044),#8048);
#8044 = LINE('',#8045,#8046);
#8045 = CARTESIAN_POINT('',(2.356194490192,0.));
#8046 = VECTOR('',#8047,1.);
#8047 = DIRECTION('',(0.,-1.));
#8048 = ( GEOMETRIC_REPRESENTATION_CONTEXT(2) 
PARAMETRIC_REPRESENTATION_CONTEXT() REPRESENTATION_CONTEXT('2D SPACE',''
  ) );
#8049 = ADVANCED_FACE('',(#8050),#3533,.T.);
#8050 = FACE_BOUND('',#8051,.T.);
#8051 = EDGE_LOOP('',(#8052,#8053,#8074,#8075));
#8052 = ORIENTED_EDGE('',*,*,#5527,.F.);
#8053 = ORIENTED_EDGE('',*,*,#8054,.T.);
#8054 = EDGE_CURVE('',#5504,#3513,#8055,.T.);
#8055 = SURFACE_CURVE('',#8056,(#8060,#8067),.PCURVE_S1.);
#8056 = LINE('',#8057,#8058);
#8057 = CARTESIAN_POINT('',(-7.406352738203E-02,-20.99986939468,11.));
#8058 = VECTOR('',#8059,1.);
#8059 = DIRECTION('',(-1.508208300054E-15,1.684502993918E-15,-1.));
#8060 = PCURVE('',#3533,#8061);
#8061 = DEFINITIONAL_REPRESENTATION('',(#8062),#8066);
#8062 = LINE('',#8063,#8064);
#8063 = CARTESIAN_POINT('',(2.230866659024,0.));
#8064 = VECTOR('',#8065,1.);
#8065 = DIRECTION('',(0.,1.));
#8066 = ( GEOMETRIC_REPRESENTATION_CONTEXT(2) 
PARAMETRIC_REPRESENTATION_CONTEXT() REPRESENTATION_CONTEXT('2D SPACE',''
  ) );
#8067 = PCURVE('',#3562,#8068);
#8068 = DEFINITIONAL_REPRESENTATION('',(#8069),#8073);
#8069 = LINE('',#8070,#8071);
#8070 = CARTESIAN_POINT('',(5.372459312614,0.));
#8071 = VECTOR('',#8072,1.);
#8072 = DIRECTION('',(0.,1.));
#8073 = ( GEOMETRIC_REPRESENTATION_CONTEXT(2) 
PARAMETRIC_REPRESENTATION_CONTEXT() REPRESENTATION_CONTEXT('2D SPACE',''
  ) );
#8074 = ORIENTED_EDGE('',*,*,#3512,.F.);
#8075 = ORIENTED_EDGE('',*,*,#8076,.T.);
#8076 = EDGE_CURVE('',#3489,#5528,#8077,.T.);
#8077 = SURFACE_CURVE('',#8078,(#8082,#8089),.PCURVE_S1.);
#8078 = LINE('',#8079,#8080);
#8079 = CARTESIAN_POINT('',(5.589545021726,-20.24245504997,11.));
#8080 = VECTOR('',#8081,1.);
#8081 = DIRECTION('',(1.508208300054E-15,-1.684502993918E-15,1.));
#8082 = PCURVE('',#3533,#8083);
#8083 = DEFINITIONAL_REPRESENTATION('',(#8084),#8088);
#8084 = LINE('',#8085,#8086);
#8085 = CARTESIAN_POINT('',(1.957923545762,0.));
#8086 = VECTOR('',#8087,1.);
#8087 = DIRECTION('',(0.,-1.));
#8088 = ( GEOMETRIC_REPRESENTATION_CONTEXT(2) 
PARAMETRIC_REPRESENTATION_CONTEXT() REPRESENTATION_CONTEXT('2D SPACE',''
  ) );
#8089 = PCURVE('',#1773,#8090);
#8090 = DEFINITIONAL_REPRESENTATION('',(#8091),#8095);
#8091 = LINE('',#8092,#8093);
#8092 = CARTESIAN_POINT('',(5.099516199352,0.));
#8093 = VECTOR('',#8094,1.);
#8094 = DIRECTION('',(0.,-1.));
#8095 = ( GEOMETRIC_REPRESENTATION_CONTEXT(2) 
PARAMETRIC_REPRESENTATION_CONTEXT() REPRESENTATION_CONTEXT('2D SPACE',''
  ) );
#8096 = ADVANCED_FACE('',(#8097),#3590,.T.);
#8097 = FACE_BOUND('',#8098,.T.);
#8098 = EDGE_LOOP('',(#8099,#8100,#8121,#8122));
#8099 = ORIENTED_EDGE('',*,*,#3574,.T.);
#8100 = ORIENTED_EDGE('',*,*,#8101,.T.);
#8101 = EDGE_CURVE('',#3546,#5479,#8102,.T.);
#8102 = SURFACE_CURVE('',#8103,(#8107,#8114),.PCURVE_S1.);
#8103 = LINE('',#8104,#8105);
#8104 = CARTESIAN_POINT('',(-3.059773181689,-23.61435555073,11.));
#8105 = VECTOR('',#8106,1.);
#8106 = DIRECTION('',(1.508208300054E-15,-1.684502993918E-15,1.));
#8107 = PCURVE('',#3590,#8108);
#8108 = DEFINITIONAL_REPRESENTATION('',(#8109),#8113);
#8109 = LINE('',#8110,#8111);
#8110 = CARTESIAN_POINT('',(-23.81176179958,0.));
#8111 = VECTOR('',#8112,1.);
#8112 = DIRECTION('',(0.,1.));
#8113 = ( GEOMETRIC_REPRESENTATION_CONTEXT(2) 
PARAMETRIC_REPRESENTATION_CONTEXT() REPRESENTATION_CONTEXT('2D SPACE',''
  ) );
#8114 = PCURVE('',#3562,#8115);
#8115 = DEFINITIONAL_REPRESENTATION('',(#8116),#8120);
#8116 = LINE('',#8117,#8118);
#8117 = CARTESIAN_POINT('',(3.926990816987,0.));
#8118 = VECTOR('',#8119,1.);
#8119 = DIRECTION('',(0.,-1.));
#8120 = ( GEOMETRIC_REPRESENTATION_CONTEXT(2) 
PARAMETRIC_REPRESENTATION_CONTEXT() REPRESENTATION_CONTEXT('2D SPACE',''
  ) );
#8121 = ORIENTED_EDGE('',*,*,#5478,.T.);
#8122 = ORIENTED_EDGE('',*,*,#8123,.T.);
#8123 = EDGE_CURVE('',#5481,#3575,#8124,.T.);
#8124 = SURFACE_CURVE('',#8125,(#8129,#8136),.PCURVE_S1.);
#8125 = LINE('',#8126,#8127);
#8126 = CARTESIAN_POINT('',(-3.577243931537,-27.60803009731,-16.5));
#8127 = VECTOR('',#8128,1.);
#8128 = DIRECTION('',(-1.508208300054E-15,1.684502993918E-15,-1.));
#8129 = PCURVE('',#3590,#8130);
#8130 = DEFINITIONAL_REPRESENTATION('',(#8131),#8135);
#8131 = LINE('',#8132,#8133);
#8132 = CARTESIAN_POINT('',(-27.83882181415,-27.5));
#8133 = VECTOR('',#8134,1.);
#8134 = DIRECTION('',(-0.,-1.));
#8135 = ( GEOMETRIC_REPRESENTATION_CONTEXT(2) 
PARAMETRIC_REPRESENTATION_CONTEXT() REPRESENTATION_CONTEXT('2D SPACE',''
  ) );
#8136 = PCURVE('',#3617,#8137);
#8137 = DEFINITIONAL_REPRESENTATION('',(#8138),#8142);
#8138 = LINE('',#8139,#8140);
#8139 = CARTESIAN_POINT('',(3.926990816987,27.5));
#8140 = VECTOR('',#8141,1.);
#8141 = DIRECTION('',(0.,1.));
#8142 = ( GEOMETRIC_REPRESENTATION_CONTEXT(2) 
PARAMETRIC_REPRESENTATION_CONTEXT() REPRESENTATION_CONTEXT('2D SPACE',''
  ) );
#8143 = ADVANCED_FACE('',(#8144),#3425,.F.);
#8144 = FACE_BOUND('',#8145,.F.);
#8145 = EDGE_LOOP('',(#8146,#8167,#8168,#8189));
#8146 = ORIENTED_EDGE('',*,*,#8147,.F.);
#8147 = EDGE_CURVE('',#3405,#5626,#8148,.T.);
#8148 = SURFACE_CURVE('',#8149,(#8153,#8160),.PCURVE_S1.);
#8149 = LINE('',#8150,#8151);
#8150 = CARTESIAN_POINT('',(-0.666627079121,-30.99283156372,11.));
#8151 = VECTOR('',#8152,1.);
#8152 = DIRECTION('',(1.508208300054E-15,-1.684502993918E-15,1.));
#8153 = PCURVE('',#3425,#8154);
#8154 = DEFINITIONAL_REPRESENTATION('',(#8155),#8159);
#8155 = LINE('',#8156,#8157);
#8156 = CARTESIAN_POINT('',(2.24884557409,0.));
#8157 = VECTOR('',#8158,1.);
#8158 = DIRECTION('',(0.,-1.));
#8159 = ( GEOMETRIC_REPRESENTATION_CONTEXT(2) 
PARAMETRIC_REPRESENTATION_CONTEXT() REPRESENTATION_CONTEXT('2D SPACE',''
  ) );
#8160 = PCURVE('',#3617,#8161);
#8161 = DEFINITIONAL_REPRESENTATION('',(#8162),#8166);
#8162 = LINE('',#8163,#8164);
#8163 = CARTESIAN_POINT('',(2.24884557409,0.));
#8164 = VECTOR('',#8165,1.);
#8165 = DIRECTION('',(0.,-1.));
#8166 = ( GEOMETRIC_REPRESENTATION_CONTEXT(2) 
PARAMETRIC_REPRESENTATION_CONTEXT() REPRESENTATION_CONTEXT('2D SPACE',''
  ) );
#8167 = ORIENTED_EDGE('',*,*,#3402,.F.);
#8168 = ORIENTED_EDGE('',*,*,#8169,.F.);
#8169 = EDGE_CURVE('',#5602,#3403,#8170,.T.);
#8170 = SURFACE_CURVE('',#8171,(#8175,#8182),.PCURVE_S1.);
#8171 = LINE('',#8172,#8173);
#8172 = CARTESIAN_POINT('',(8.787111544993,-29.72854975769,11.));
#8173 = VECTOR('',#8174,1.);
#8174 = DIRECTION('',(-1.508208300054E-15,1.684502993918E-15,-1.));
#8175 = PCURVE('',#3425,#8176);
#8176 = DEFINITIONAL_REPRESENTATION('',(#8177),#8181);
#8177 = LINE('',#8178,#8179);
#8178 = CARTESIAN_POINT('',(1.939944630696,0.));
#8179 = VECTOR('',#8180,1.);
#8180 = DIRECTION('',(0.,1.));
#8181 = ( GEOMETRIC_REPRESENTATION_CONTEXT(2) 
PARAMETRIC_REPRESENTATION_CONTEXT() REPRESENTATION_CONTEXT('2D SPACE',''
  ) );
#8182 = PCURVE('',#3454,#8183);
#8183 = DEFINITIONAL_REPRESENTATION('',(#8184),#8188);
#8184 = LINE('',#8185,#8186);
#8185 = CARTESIAN_POINT('',(1.939944630696,0.));
#8186 = VECTOR('',#8187,1.);
#8187 = DIRECTION('',(0.,1.));
#8188 = ( GEOMETRIC_REPRESENTATION_CONTEXT(2) 
PARAMETRIC_REPRESENTATION_CONTEXT() REPRESENTATION_CONTEXT('2D SPACE',''
  ) );
#8189 = ORIENTED_EDGE('',*,*,#5625,.F.);
#8190 = ADVANCED_FACE('',(#8191),#1721,.F.);
#8191 = FACE_BOUND('',#8192,.T.);
#8192 = EDGE_LOOP('',(#8193,#8194,#8195,#8196));
#8193 = ORIENTED_EDGE('',*,*,#5578,.F.);
#8194 = ORIENTED_EDGE('',*,*,#1698,.T.);
#8195 = ORIENTED_EDGE('',*,*,#3466,.F.);
#8196 = ORIENTED_EDGE('',*,*,#8197,.T.);
#8197 = EDGE_CURVE('',#3438,#5579,#8198,.T.);
#8198 = SURFACE_CURVE('',#8199,(#8203,#8210),.PCURVE_S1.);
#8199 = LINE('',#8200,#8201);
#8200 = CARTESIAN_POINT('',(10.706030928413,-25.69787737848,11.));
#8201 = VECTOR('',#8202,1.);
#8202 = DIRECTION('',(1.508208300054E-15,-1.684502993918E-15,1.));
#8203 = PCURVE('',#1721,#8204);
#8204 = DEFINITIONAL_REPRESENTATION('',(#8205),#8209);
#8205 = LINE('',#8206,#8207);
#8206 = CARTESIAN_POINT('',(-27.83882181415,0.));
#8207 = VECTOR('',#8208,1.);
#8208 = DIRECTION('',(0.,1.));
#8209 = ( GEOMETRIC_REPRESENTATION_CONTEXT(2) 
PARAMETRIC_REPRESENTATION_CONTEXT() REPRESENTATION_CONTEXT('2D SPACE',''
  ) );
#8210 = PCURVE('',#3454,#8211);
#8211 = DEFINITIONAL_REPRESENTATION('',(#8212),#8216);
#8212 = LINE('',#8213,#8214);
#8213 = CARTESIAN_POINT('',(0.261799387799,0.));
#8214 = VECTOR('',#8215,1.);
#8215 = DIRECTION('',(0.,-1.));
#8216 = ( GEOMETRIC_REPRESENTATION_CONTEXT(2) 
PARAMETRIC_REPRESENTATION_CONTEXT() REPRESENTATION_CONTEXT('2D SPACE',''
  ) );
#8217 = ADVANCED_FACE('',(#8218),#3304,.T.);
#8218 = FACE_BOUND('',#8219,.T.);
#8219 = EDGE_LOOP('',(#8220,#8221,#8242,#8243));
#8220 = ORIENTED_EDGE('',*,*,#5328,.F.);
#8221 = ORIENTED_EDGE('',*,*,#8222,.T.);
#8222 = EDGE_CURVE('',#5305,#3284,#8223,.T.);
#8223 = SURFACE_CURVE('',#8224,(#8228,#8235),.PCURVE_S1.);
#8224 = LINE('',#8225,#8226);
#8225 = CARTESIAN_POINT('',(-13.55519180552,-16.03922613829,11.));
#8226 = VECTOR('',#8227,1.);
#8227 = DIRECTION('',(-1.508208300054E-15,1.684502993918E-15,-1.));
#8228 = PCURVE('',#3304,#8229);
#8229 = DEFINITIONAL_REPRESENTATION('',(#8230),#8234);
#8230 = LINE('',#8231,#8232);
#8231 = CARTESIAN_POINT('',(2.928998359822,0.));
#8232 = VECTOR('',#8233,1.);
#8233 = DIRECTION('',(0.,1.));
#8234 = ( GEOMETRIC_REPRESENTATION_CONTEXT(2) 
PARAMETRIC_REPRESENTATION_CONTEXT() REPRESENTATION_CONTEXT('2D SPACE',''
  ) );
#8235 = PCURVE('',#3333,#8236);
#8236 = DEFINITIONAL_REPRESENTATION('',(#8237),#8241);
#8237 = LINE('',#8238,#8239);
#8238 = CARTESIAN_POINT('',(6.070591013412,0.));
#8239 = VECTOR('',#8240,1.);
#8240 = DIRECTION('',(0.,1.));
#8241 = ( GEOMETRIC_REPRESENTATION_CONTEXT(2) 
PARAMETRIC_REPRESENTATION_CONTEXT() REPRESENTATION_CONTEXT('2D SPACE',''
  ) );
#8242 = ORIENTED_EDGE('',*,*,#3283,.F.);
#8243 = ORIENTED_EDGE('',*,*,#8244,.T.);
#8244 = EDGE_CURVE('',#3260,#5329,#8245,.T.);
#8245 = SURFACE_CURVE('',#8246,(#8250,#8257),.PCURVE_S1.);
#8246 = LINE('',#8247,#8248);
#8247 = CARTESIAN_POINT('',(-8.729759392302,-19.09951048986,11.));
#8248 = VECTOR('',#8249,1.);
#8249 = DIRECTION('',(1.508208300054E-15,-1.684502993918E-15,1.));
#8250 = PCURVE('',#3304,#8251);
#8251 = DEFINITIONAL_REPRESENTATION('',(#8252),#8256);
#8252 = LINE('',#8253,#8254);
#8253 = CARTESIAN_POINT('',(2.65605524656,0.));
#8254 = VECTOR('',#8255,1.);
#8255 = DIRECTION('',(0.,-1.));
#8256 = ( GEOMETRIC_REPRESENTATION_CONTEXT(2) 
PARAMETRIC_REPRESENTATION_CONTEXT() REPRESENTATION_CONTEXT('2D SPACE',''
  ) );
#8257 = PCURVE('',#1661,#8258);
#8258 = DEFINITIONAL_REPRESENTATION('',(#8259),#8263);
#8259 = LINE('',#8260,#8261);
#8260 = CARTESIAN_POINT('',(5.79764790015,0.));
#8261 = VECTOR('',#8262,1.);
#8262 = DIRECTION('',(0.,-1.));
#8263 = ( GEOMETRIC_REPRESENTATION_CONTEXT(2) 
PARAMETRIC_REPRESENTATION_CONTEXT() REPRESENTATION_CONTEXT('2D SPACE',''
  ) );
#8264 = ADVANCED_FACE('',(#8265),#3361,.T.);
#8265 = FACE_BOUND('',#8266,.T.);
#8266 = EDGE_LOOP('',(#8267,#8268,#8289,#8290));
#8267 = ORIENTED_EDGE('',*,*,#3345,.T.);
#8268 = ORIENTED_EDGE('',*,*,#8269,.T.);
#8269 = EDGE_CURVE('',#3317,#5280,#8270,.T.);
#8270 = SURFACE_CURVE('',#8271,(#8275,#8282),.PCURVE_S1.);
#8271 = LINE('',#8272,#8273);
#8272 = CARTESIAN_POINT('',(-17.52293740178,-16.12286155783,11.));
#8273 = VECTOR('',#8274,1.);
#8274 = DIRECTION('',(1.508208300054E-15,-1.684502993918E-15,1.));
#8275 = PCURVE('',#3361,#8276);
#8276 = DEFINITIONAL_REPRESENTATION('',(#8277),#8281);
#8277 = LINE('',#8278,#8279);
#8278 = CARTESIAN_POINT('',(-23.81176179958,0.));
#8279 = VECTOR('',#8280,1.);
#8280 = DIRECTION('',(0.,1.));
#8281 = ( GEOMETRIC_REPRESENTATION_CONTEXT(2) 
PARAMETRIC_REPRESENTATION_CONTEXT() REPRESENTATION_CONTEXT('2D SPACE',''
  ) );
#8282 = PCURVE('',#3333,#8283);
#8283 = DEFINITIONAL_REPRESENTATION('',(#8284),#8288);
#8284 = LINE('',#8285,#8286);
#8285 = CARTESIAN_POINT('',(4.625122517785,0.));
#8286 = VECTOR('',#8287,1.);
#8287 = DIRECTION('',(0.,-1.));
#8288 = ( GEOMETRIC_REPRESENTATION_CONTEXT(2) 
PARAMETRIC_REPRESENTATION_CONTEXT() REPRESENTATION_CONTEXT('2D SPACE',''
  ) );
#8289 = ORIENTED_EDGE('',*,*,#5279,.T.);
#8290 = ORIENTED_EDGE('',*,*,#8291,.T.);
#8291 = EDGE_CURVE('',#5282,#3346,#8292,.T.);
#8292 = SURFACE_CURVE('',#8293,(#8297,#8304),.PCURVE_S1.);
#8293 = LINE('',#8294,#8295);
#8294 = CARTESIAN_POINT('',(-20.48642750984,-18.84956996549,-16.5));
#8295 = VECTOR('',#8296,1.);
#8296 = DIRECTION('',(-1.508208300054E-15,1.684502993918E-15,-1.));
#8297 = PCURVE('',#3361,#8298);
#8298 = DEFINITIONAL_REPRESENTATION('',(#8299),#8303);
#8299 = LINE('',#8300,#8301);
#8300 = CARTESIAN_POINT('',(-27.83882181415,-27.5));
#8301 = VECTOR('',#8302,1.);
#8302 = DIRECTION('',(-0.,-1.));
#8303 = ( GEOMETRIC_REPRESENTATION_CONTEXT(2) 
PARAMETRIC_REPRESENTATION_CONTEXT() REPRESENTATION_CONTEXT('2D SPACE',''
  ) );
#8304 = PCURVE('',#3388,#8305);
#8305 = DEFINITIONAL_REPRESENTATION('',(#8306),#8310);
#8306 = LINE('',#8307,#8308);
#8307 = CARTESIAN_POINT('',(4.625122517785,27.5));
#8308 = VECTOR('',#8309,1.);
#8309 = DIRECTION('',(0.,1.));
#8310 = ( GEOMETRIC_REPRESENTATION_CONTEXT(2) 
PARAMETRIC_REPRESENTATION_CONTEXT() REPRESENTATION_CONTEXT('2D SPACE',''
  ) );
#8311 = ADVANCED_FACE('',(#8312),#3196,.F.);
#8312 = FACE_BOUND('',#8313,.F.);
#8313 = EDGE_LOOP('',(#8314,#8335,#8336,#8357));
#8314 = ORIENTED_EDGE('',*,*,#8315,.F.);
#8315 = EDGE_CURVE('',#3176,#5427,#8316,.T.);
#8316 = SURFACE_CURVE('',#8317,(#8321,#8328),.PCURVE_S1.);
#8317 = LINE('',#8318,#8319);
#8318 = CARTESIAN_POINT('',(-20.43247408785,-23.31338676917,11.));
#8319 = VECTOR('',#8320,1.);
#8320 = DIRECTION('',(1.508208300054E-15,-1.684502993918E-15,1.));
#8321 = PCURVE('',#3196,#8322);
#8322 = DEFINITIONAL_REPRESENTATION('',(#8323),#8327);
#8323 = LINE('',#8324,#8325);
#8324 = CARTESIAN_POINT('',(2.946977274888,0.));
#8325 = VECTOR('',#8326,1.);
#8326 = DIRECTION('',(0.,-1.));
#8327 = ( GEOMETRIC_REPRESENTATION_CONTEXT(2) 
PARAMETRIC_REPRESENTATION_CONTEXT() REPRESENTATION_CONTEXT('2D SPACE',''
  ) );
#8328 = PCURVE('',#3388,#8329);
#8329 = DEFINITIONAL_REPRESENTATION('',(#8330),#8334);
#8330 = LINE('',#8331,#8332);
#8331 = CARTESIAN_POINT('',(2.946977274888,0.));
#8332 = VECTOR('',#8333,1.);
#8333 = DIRECTION('',(0.,-1.));
#8334 = ( GEOMETRIC_REPRESENTATION_CONTEXT(2) 
PARAMETRIC_REPRESENTATION_CONTEXT() REPRESENTATION_CONTEXT('2D SPACE',''
  ) );
#8335 = ORIENTED_EDGE('',*,*,#3173,.F.);
#8336 = ORIENTED_EDGE('',*,*,#8337,.F.);
#8337 = EDGE_CURVE('',#5403,#3174,#8338,.T.);
#8338 = SURFACE_CURVE('',#8339,(#8343,#8350),.PCURVE_S1.);
#8339 = LINE('',#8340,#8341);
#8340 = CARTESIAN_POINT('',(-12.37782546808,-28.42163676992,11.));
#8341 = VECTOR('',#8342,1.);
#8342 = DIRECTION('',(-1.508208300054E-15,1.684502993918E-15,-1.));
#8343 = PCURVE('',#3196,#8344);
#8344 = DEFINITIONAL_REPRESENTATION('',(#8345),#8349);
#8345 = LINE('',#8346,#8347);
#8346 = CARTESIAN_POINT('',(2.638076331494,0.));
#8347 = VECTOR('',#8348,1.);
#8348 = DIRECTION('',(0.,1.));
#8349 = ( GEOMETRIC_REPRESENTATION_CONTEXT(2) 
PARAMETRIC_REPRESENTATION_CONTEXT() REPRESENTATION_CONTEXT('2D SPACE',''
  ) );
#8350 = PCURVE('',#3225,#8351);
#8351 = DEFINITIONAL_REPRESENTATION('',(#8352),#8356);
#8352 = LINE('',#8353,#8354);
#8353 = CARTESIAN_POINT('',(2.638076331494,0.));
#8354 = VECTOR('',#8355,1.);
#8355 = DIRECTION('',(0.,1.));
#8356 = ( GEOMETRIC_REPRESENTATION_CONTEXT(2) 
PARAMETRIC_REPRESENTATION_CONTEXT() REPRESENTATION_CONTEXT('2D SPACE',''
  ) );
#8357 = ORIENTED_EDGE('',*,*,#5426,.F.);
#8358 = ADVANCED_FACE('',(#8359),#1609,.F.);
#8359 = FACE_BOUND('',#8360,.T.);
#8360 = EDGE_LOOP('',(#8361,#8362,#8363,#8364));
#8361 = ORIENTED_EDGE('',*,*,#5379,.F.);
#8362 = ORIENTED_EDGE('',*,*,#1586,.T.);
#8363 = ORIENTED_EDGE('',*,*,#3237,.F.);
#8364 = ORIENTED_EDGE('',*,*,#8365,.T.);
#8365 = EDGE_CURVE('',#3209,#5380,#8366,.T.);
#8366 = SURFACE_CURVE('',#8367,(#8371,#8378),.PCURVE_S1.);
#8367 = LINE('',#8368,#8369);
#8368 = CARTESIAN_POINT('',(-8.316981673566,-26.56742019544,11.));
#8369 = VECTOR('',#8370,1.);
#8370 = DIRECTION('',(1.508208300054E-15,-1.684502993918E-15,1.));
#8371 = PCURVE('',#1609,#8372);
#8372 = DEFINITIONAL_REPRESENTATION('',(#8373),#8377);
#8373 = LINE('',#8374,#8375);
#8374 = CARTESIAN_POINT('',(-27.83882181415,0.));
#8375 = VECTOR('',#8376,1.);
#8376 = DIRECTION('',(0.,1.));
#8377 = ( GEOMETRIC_REPRESENTATION_CONTEXT(2) 
PARAMETRIC_REPRESENTATION_CONTEXT() REPRESENTATION_CONTEXT('2D SPACE',''
  ) );
#8378 = PCURVE('',#3225,#8379);
#8379 = DEFINITIONAL_REPRESENTATION('',(#8380),#8384);
#8380 = LINE('',#8381,#8382);
#8381 = CARTESIAN_POINT('',(0.959931088597,0.));
#8382 = VECTOR('',#8383,1.);
#8383 = DIRECTION('',(0.,-1.));
#8384 = ( GEOMETRIC_REPRESENTATION_CONTEXT(2) 
PARAMETRIC_REPRESENTATION_CONTEXT() REPRESENTATION_CONTEXT('2D SPACE',''
  ) );
#8385 = ADVANCED_FACE('',(#8386),#3075,.T.);
#8386 = FACE_BOUND('',#8387,.T.);
#8387 = EDGE_LOOP('',(#8388,#8389,#8410,#8411));
#8388 = ORIENTED_EDGE('',*,*,#5129,.F.);
#8389 = ORIENTED_EDGE('',*,*,#8390,.T.);
#8390 = EDGE_CURVE('',#5106,#3055,#8391,.T.);
#8391 = SURFACE_CURVE('',#8392,(#8396,#8403),.PCURVE_S1.);
#8392 = LINE('',#8393,#8394);
#8393 = CARTESIAN_POINT('',(13.441719898352,-16.13444037375,11.));
#8394 = VECTOR('',#8395,1.);
#8395 = DIRECTION('',(-1.508208300054E-15,1.684502993918E-15,-1.));
#8396 = PCURVE('',#3075,#8397);
#8397 = DEFINITIONAL_REPRESENTATION('',(#8398),#8402);
#8398 = LINE('',#8399,#8400);
#8399 = CARTESIAN_POINT('',(1.532734958227,0.));
#8400 = VECTOR('',#8401,1.);
#8401 = DIRECTION('',(0.,1.));
#8402 = ( GEOMETRIC_REPRESENTATION_CONTEXT(2) 
PARAMETRIC_REPRESENTATION_CONTEXT() REPRESENTATION_CONTEXT('2D SPACE',''
  ) );
#8403 = PCURVE('',#3104,#8404);
#8404 = DEFINITIONAL_REPRESENTATION('',(#8405),#8409);
#8405 = LINE('',#8406,#8407);
#8406 = CARTESIAN_POINT('',(4.674327611816,0.));
#8407 = VECTOR('',#8408,1.);
#8408 = DIRECTION('',(0.,1.));
#8409 = ( GEOMETRIC_REPRESENTATION_CONTEXT(2) 
PARAMETRIC_REPRESENTATION_CONTEXT() REPRESENTATION_CONTEXT('2D SPACE',''
  ) );
#8410 = ORIENTED_EDGE('',*,*,#3054,.F.);
#8411 = ORIENTED_EDGE('',*,*,#8412,.T.);
#8412 = EDGE_CURVE('',#3026,#5130,#8413,.T.);
#8413 = SURFACE_CURVE('',#8414,(#8418,#8425),.PCURVE_S1.);
#8414 = LINE('',#8415,#8416);
#8415 = CARTESIAN_POINT('',(17.293439199214,-11.91372992236,11.));
#8416 = VECTOR('',#8417,1.);
#8417 = DIRECTION('',(1.508208300054E-15,-1.684502993918E-15,1.));
#8418 = PCURVE('',#3075,#8419);
#8419 = DEFINITIONAL_REPRESENTATION('',(#8420),#8424);
#8420 = LINE('',#8421,#8422);
#8421 = CARTESIAN_POINT('',(1.259791844964,0.));
#8422 = VECTOR('',#8423,1.);
#8423 = DIRECTION('',(0.,-1.));
#8424 = ( GEOMETRIC_REPRESENTATION_CONTEXT(2) 
PARAMETRIC_REPRESENTATION_CONTEXT() REPRESENTATION_CONTEXT('2D SPACE',''
  ) );
#8425 = PCURVE('',#3042,#8426);
#8426 = DEFINITIONAL_REPRESENTATION('',(#8427),#8431);
#8427 = LINE('',#8428,#8429);
#8428 = CARTESIAN_POINT('',(4.401384498554,0.));
#8429 = VECTOR('',#8430,1.);
#8430 = DIRECTION('',(0.,-1.));
#8431 = ( GEOMETRIC_REPRESENTATION_CONTEXT(2) 
PARAMETRIC_REPRESENTATION_CONTEXT() REPRESENTATION_CONTEXT('2D SPACE',''
  ) );
#8432 = ADVANCED_FACE('',(#8433),#3132,.T.);
#8433 = FACE_BOUND('',#8434,.T.);
#8434 = EDGE_LOOP('',(#8435,#8436,#8457,#8458));
#8435 = ORIENTED_EDGE('',*,*,#3116,.T.);
#8436 = ORIENTED_EDGE('',*,*,#8437,.T.);
#8437 = EDGE_CURVE('',#3088,#5081,#8438,.T.);
#8438 = SURFACE_CURVE('',#8439,(#8443,#8450),.PCURVE_S1.);
#8439 = LINE('',#8440,#8441);
#8440 = CARTESIAN_POINT('',(12.835092915709,-20.05643013711,11.));
#8441 = VECTOR('',#8442,1.);
#8442 = DIRECTION('',(1.508208300054E-15,-1.684502993918E-15,1.));
#8443 = PCURVE('',#3132,#8444);
#8444 = DEFINITIONAL_REPRESENTATION('',(#8445),#8449);
#8445 = LINE('',#8446,#8447);
#8446 = CARTESIAN_POINT('',(-23.81176179958,0.));
#8447 = VECTOR('',#8448,1.);
#8448 = DIRECTION('',(0.,1.));
#8449 = ( GEOMETRIC_REPRESENTATION_CONTEXT(2) 
PARAMETRIC_REPRESENTATION_CONTEXT() REPRESENTATION_CONTEXT('2D SPACE',''
  ) );
#8450 = PCURVE('',#3104,#8451);
#8451 = DEFINITIONAL_REPRESENTATION('',(#8452),#8456);
#8452 = LINE('',#8453,#8454);
#8453 = CARTESIAN_POINT('',(3.22885911619,0.));
#8454 = VECTOR('',#8455,1.);
#8455 = DIRECTION('',(0.,-1.));
#8456 = ( GEOMETRIC_REPRESENTATION_CONTEXT(2) 
PARAMETRIC_REPRESENTATION_CONTEXT() REPRESENTATION_CONTEXT('2D SPACE',''
  ) );
#8457 = ORIENTED_EDGE('',*,*,#5080,.T.);
#8458 = ORIENTED_EDGE('',*,*,#8459,.T.);
#8459 = EDGE_CURVE('',#5083,#3117,#8460,.T.);
#8460 = SURFACE_CURVE('',#8461,(#8465,#8472),.PCURVE_S1.);
#8461 = LINE('',#8462,#8463);
#8462 = CARTESIAN_POINT('',(15.005771838972,-23.44838611752,-16.5));
#8463 = VECTOR('',#8464,1.);
#8464 = DIRECTION('',(-1.508208300054E-15,1.684502993918E-15,-1.));
#8465 = PCURVE('',#3132,#8466);
#8466 = DEFINITIONAL_REPRESENTATION('',(#8467),#8471);
#8467 = LINE('',#8468,#8469);
#8468 = CARTESIAN_POINT('',(-27.83882181415,-27.5));
#8469 = VECTOR('',#8470,1.);
#8470 = DIRECTION('',(-0.,-1.));
#8471 = ( GEOMETRIC_REPRESENTATION_CONTEXT(2) 
PARAMETRIC_REPRESENTATION_CONTEXT() REPRESENTATION_CONTEXT('2D SPACE',''
  ) );
#8472 = PCURVE('',#3159,#8473);
#8473 = DEFINITIONAL_REPRESENTATION('',(#8474),#8478);
#8474 = LINE('',#8475,#8476);
#8475 = CARTESIAN_POINT('',(3.22885911619,27.5));
#8476 = VECTOR('',#8477,1.);
#8477 = DIRECTION('',(0.,1.));
#8478 = ( GEOMETRIC_REPRESENTATION_CONTEXT(2) 
PARAMETRIC_REPRESENTATION_CONTEXT() REPRESENTATION_CONTEXT('2D SPACE',''
  ) );
#8479 = ADVANCED_FACE('',(#8480),#1833,.F.);
#8480 = FACE_BOUND('',#8481,.F.);
#8481 = EDGE_LOOP('',(#8482,#8503,#8504,#8505));
#8482 = ORIENTED_EDGE('',*,*,#8483,.F.);
#8483 = EDGE_CURVE('',#2945,#5228,#8484,.T.);
#8484 = SURFACE_CURVE('',#8485,(#8489,#8496),.PCURVE_S1.);
#8485 = LINE('',#8486,#8487);
#8486 = CARTESIAN_POINT('',(19.41114214867,-24.17038602265,11.));
#8487 = VECTOR('',#8488,1.);
#8488 = DIRECTION('',(1.508208300054E-15,-1.684502993918E-15,1.));
#8489 = PCURVE('',#1833,#8490);
#8490 = DEFINITIONAL_REPRESENTATION('',(#8491),#8495);
#8491 = LINE('',#8492,#8493);
#8492 = CARTESIAN_POINT('',(1.550713873293,0.));
#8493 = VECTOR('',#8494,1.);
#8494 = DIRECTION('',(0.,-1.));
#8495 = ( GEOMETRIC_REPRESENTATION_CONTEXT(2) 
PARAMETRIC_REPRESENTATION_CONTEXT() REPRESENTATION_CONTEXT('2D SPACE',''
  ) );
#8496 = PCURVE('',#3159,#8497);
#8497 = DEFINITIONAL_REPRESENTATION('',(#8498),#8502);
#8498 = LINE('',#8499,#8500);
#8499 = CARTESIAN_POINT('',(1.550713873293,0.));
#8500 = VECTOR('',#8501,1.);
#8501 = DIRECTION('',(0.,-1.));
#8502 = ( GEOMETRIC_REPRESENTATION_CONTEXT(2) 
PARAMETRIC_REPRESENTATION_CONTEXT() REPRESENTATION_CONTEXT('2D SPACE',''
  ) );
#8503 = ORIENTED_EDGE('',*,*,#2944,.F.);
#8504 = ORIENTED_EDGE('',*,*,#1810,.F.);
#8505 = ORIENTED_EDGE('',*,*,#5227,.F.);
#8506 = ADVANCED_FACE('',(#8507),#3013,.F.);
#8507 = FACE_BOUND('',#8508,.T.);
#8508 = EDGE_LOOP('',(#8509,#8510,#8531,#8532));
#8509 = ORIENTED_EDGE('',*,*,#5181,.F.);
#8510 = ORIENTED_EDGE('',*,*,#8511,.T.);
#8511 = EDGE_CURVE('',#5158,#2998,#8512,.T.);
#8512 = SURFACE_CURVE('',#8513,(#8517,#8524),.PCURVE_S1.);
#8513 = LINE('',#8514,#8515);
#8514 = CARTESIAN_POINT('',(21.143731593497,-10.95183155011,-16.5));
#8515 = VECTOR('',#8516,1.);
#8516 = DIRECTION('',(-1.508208300054E-15,1.684502993918E-15,-1.));
#8517 = PCURVE('',#3013,#8518);
#8518 = DEFINITIONAL_REPRESENTATION('',(#8519),#8523);
#8519 = LINE('',#8520,#8521);
#8520 = CARTESIAN_POINT('',(-23.81176179958,-27.5));
#8521 = VECTOR('',#8522,1.);
#8522 = DIRECTION('',(0.,-1.));
#8523 = ( GEOMETRIC_REPRESENTATION_CONTEXT(2) 
PARAMETRIC_REPRESENTATION_CONTEXT() REPRESENTATION_CONTEXT('2D SPACE',''
  ) );
#8524 = PCURVE('',#3042,#8525);
#8525 = DEFINITIONAL_REPRESENTATION('',(#8526),#8530);
#8526 = LINE('',#8527,#8528);
#8527 = CARTESIAN_POINT('',(5.846852994181,27.5));
#8528 = VECTOR('',#8529,1.);
#8529 = DIRECTION('',(0.,1.));
#8530 = ( GEOMETRIC_REPRESENTATION_CONTEXT(2) 
PARAMETRIC_REPRESENTATION_CONTEXT() REPRESENTATION_CONTEXT('2D SPACE',''
  ) );
#8531 = ORIENTED_EDGE('',*,*,#2997,.F.);
#8532 = ORIENTED_EDGE('',*,*,#8533,.T.);
#8533 = EDGE_CURVE('',#2974,#5182,#8534,.T.);
#8534 = SURFACE_CURVE('',#8535,(#8539,#8546),.PCURVE_S1.);
#8535 = LINE('',#8536,#8537);
#8536 = CARTESIAN_POINT('',(24.719572674707,-12.80401213604,11.));
#8537 = VECTOR('',#8538,1.);
#8538 = DIRECTION('',(1.508208300054E-15,-1.684502993918E-15,1.));
#8539 = PCURVE('',#3013,#8540);
#8540 = DEFINITIONAL_REPRESENTATION('',(#8541),#8545);
#8541 = LINE('',#8542,#8543);
#8542 = CARTESIAN_POINT('',(-27.83882181415,0.));
#8543 = VECTOR('',#8544,1.);
#8544 = DIRECTION('',(0.,1.));
#8545 = ( GEOMETRIC_REPRESENTATION_CONTEXT(2) 
PARAMETRIC_REPRESENTATION_CONTEXT() REPRESENTATION_CONTEXT('2D SPACE',''
  ) );
#8546 = PCURVE('',#1885,#8547);
#8547 = DEFINITIONAL_REPRESENTATION('',(#8548),#8552);
#8548 = LINE('',#8549,#8550);
#8549 = CARTESIAN_POINT('',(5.846852994181,0.));
#8550 = VECTOR('',#8551,1.);
#8551 = DIRECTION('',(0.,-1.));
#8552 = ( GEOMETRIC_REPRESENTATION_CONTEXT(2) 
PARAMETRIC_REPRESENTATION_CONTEXT() REPRESENTATION_CONTEXT('2D SPACE',''
  ) );
#8553 = ADVANCED_FACE('',(#8554),#4707,.F.);
#8554 = FACE_BOUND('',#8555,.F.);
#8555 = EDGE_LOOP('',(#8556,#8557,#8558,#8559));
#8556 = ORIENTED_EDGE('',*,*,#7214,.T.);
#8557 = ORIENTED_EDGE('',*,*,#4690,.T.);
#8558 = ORIENTED_EDGE('',*,*,#7261,.T.);
#8559 = ORIENTED_EDGE('',*,*,#6498,.T.);
#8560 = ADVANCED_FACE('',(#8561),#4645,.F.);
#8561 = FACE_BOUND('',#8562,.F.);
#8562 = EDGE_LOOP('',(#8563,#8564,#8565,#8566));
#8563 = ORIENTED_EDGE('',*,*,#7335,.T.);
#8564 = ORIENTED_EDGE('',*,*,#4628,.T.);
#8565 = ORIENTED_EDGE('',*,*,#7236,.T.);
#8566 = ORIENTED_EDGE('',*,*,#6550,.T.);
#8567 = ADVANCED_FACE('',(#8568),#1997,.F.);
#8568 = FACE_BOUND('',#8569,.F.);
#8569 = EDGE_LOOP('',(#8570,#8571,#8572,#8573));
#8570 = ORIENTED_EDGE('',*,*,#4576,.T.);
#8571 = ORIENTED_EDGE('',*,*,#7357,.T.);
#8572 = ORIENTED_EDGE('',*,*,#6597,.T.);
#8573 = ORIENTED_EDGE('',*,*,#1981,.T.);
#8574 = ADVANCED_FACE('',(#8575),#4762,.F.);
#8575 = FACE_BOUND('',#8576,.F.);
#8576 = EDGE_LOOP('',(#8577,#8578,#8579,#8580));
#8577 = ORIENTED_EDGE('',*,*,#7283,.T.);
#8578 = ORIENTED_EDGE('',*,*,#4747,.T.);
#8579 = ORIENTED_EDGE('',*,*,#7307,.T.);
#8580 = ORIENTED_EDGE('',*,*,#6648,.T.);
#8581 = ADVANCED_FACE('',(#8582),#3104,.F.);
#8582 = FACE_BOUND('',#8583,.F.);
#8583 = EDGE_LOOP('',(#8584,#8585,#8586,#8587));
#8584 = ORIENTED_EDGE('',*,*,#8390,.T.);
#8585 = ORIENTED_EDGE('',*,*,#3087,.T.);
#8586 = ORIENTED_EDGE('',*,*,#8437,.T.);
#8587 = ORIENTED_EDGE('',*,*,#5105,.T.);
#8588 = ADVANCED_FACE('',(#8589),#3042,.F.);
#8589 = FACE_BOUND('',#8590,.F.);
#8590 = EDGE_LOOP('',(#8591,#8592,#8593,#8594));
#8591 = ORIENTED_EDGE('',*,*,#8511,.T.);
#8592 = ORIENTED_EDGE('',*,*,#3025,.T.);
#8593 = ORIENTED_EDGE('',*,*,#8412,.T.);
#8594 = ORIENTED_EDGE('',*,*,#5157,.T.);
#8595 = ADVANCED_FACE('',(#8596),#1885,.F.);
#8596 = FACE_BOUND('',#8597,.F.);
#8597 = EDGE_LOOP('',(#8598,#8599,#8600,#8601));
#8598 = ORIENTED_EDGE('',*,*,#2973,.T.);
#8599 = ORIENTED_EDGE('',*,*,#8533,.T.);
#8600 = ORIENTED_EDGE('',*,*,#5204,.T.);
#8601 = ORIENTED_EDGE('',*,*,#1869,.T.);
#8602 = ADVANCED_FACE('',(#8603),#3159,.F.);
#8603 = FACE_BOUND('',#8604,.F.);
#8604 = EDGE_LOOP('',(#8605,#8606,#8607,#8608));
#8605 = ORIENTED_EDGE('',*,*,#8459,.T.);
#8606 = ORIENTED_EDGE('',*,*,#3144,.T.);
#8607 = ORIENTED_EDGE('',*,*,#8483,.T.);
#8608 = ORIENTED_EDGE('',*,*,#5255,.T.);
#8609 = ADVANCED_FACE('',(#8610),#3562,.F.);
#8610 = FACE_BOUND('',#8611,.F.);
#8611 = EDGE_LOOP('',(#8612,#8613,#8614,#8615));
#8612 = ORIENTED_EDGE('',*,*,#8054,.T.);
#8613 = ORIENTED_EDGE('',*,*,#3545,.T.);
#8614 = ORIENTED_EDGE('',*,*,#8101,.T.);
#8615 = ORIENTED_EDGE('',*,*,#5503,.T.);
#8616 = ADVANCED_FACE('',(#8617),#1773,.F.);
#8617 = FACE_BOUND('',#8618,.F.);
#8618 = EDGE_LOOP('',(#8619,#8620,#8621,#8622));
#8619 = ORIENTED_EDGE('',*,*,#3488,.T.);
#8620 = ORIENTED_EDGE('',*,*,#8076,.T.);
#8621 = ORIENTED_EDGE('',*,*,#5555,.T.);
#8622 = ORIENTED_EDGE('',*,*,#1757,.T.);
#8623 = ADVANCED_FACE('',(#8624),#3454,.F.);
#8624 = FACE_BOUND('',#8625,.F.);
#8625 = EDGE_LOOP('',(#8626,#8627,#8628,#8629));
#8626 = ORIENTED_EDGE('',*,*,#8169,.T.);
#8627 = ORIENTED_EDGE('',*,*,#3437,.T.);
#8628 = ORIENTED_EDGE('',*,*,#8197,.T.);
#8629 = ORIENTED_EDGE('',*,*,#5601,.T.);
#8630 = ADVANCED_FACE('',(#8631),#3617,.F.);
#8631 = FACE_BOUND('',#8632,.F.);
#8632 = EDGE_LOOP('',(#8633,#8634,#8635,#8636));
#8633 = ORIENTED_EDGE('',*,*,#8123,.T.);
#8634 = ORIENTED_EDGE('',*,*,#3602,.T.);
#8635 = ORIENTED_EDGE('',*,*,#8147,.T.);
#8636 = ORIENTED_EDGE('',*,*,#5653,.T.);
#8637 = ADVANCED_FACE('',(#8638),#3333,.F.);
#8638 = FACE_BOUND('',#8639,.F.);
#8639 = EDGE_LOOP('',(#8640,#8641,#8642,#8643));
#8640 = ORIENTED_EDGE('',*,*,#8222,.T.);
#8641 = ORIENTED_EDGE('',*,*,#3316,.T.);
#8642 = ORIENTED_EDGE('',*,*,#8269,.T.);
#8643 = ORIENTED_EDGE('',*,*,#5304,.T.);
#8644 = ADVANCED_FACE('',(#8645),#1661,.F.);
#8645 = FACE_BOUND('',#8646,.F.);
#8646 = EDGE_LOOP('',(#8647,#8648,#8649,#8650));
#8647 = ORIENTED_EDGE('',*,*,#3259,.T.);
#8648 = ORIENTED_EDGE('',*,*,#8244,.T.);
#8649 = ORIENTED_EDGE('',*,*,#5356,.T.);
#8650 = ORIENTED_EDGE('',*,*,#1645,.T.);
#8651 = ADVANCED_FACE('',(#8652),#3225,.F.);
#8652 = FACE_BOUND('',#8653,.F.);
#8653 = EDGE_LOOP('',(#8654,#8655,#8656,#8657));
#8654 = ORIENTED_EDGE('',*,*,#8337,.T.);
#8655 = ORIENTED_EDGE('',*,*,#3208,.T.);
#8656 = ORIENTED_EDGE('',*,*,#8365,.T.);
#8657 = ORIENTED_EDGE('',*,*,#5402,.T.);
#8658 = ADVANCED_FACE('',(#8659),#3388,.F.);
#8659 = FACE_BOUND('',#8660,.F.);
#8660 = EDGE_LOOP('',(#8661,#8662,#8663,#8664));
#8661 = ORIENTED_EDGE('',*,*,#8291,.T.);
#8662 = ORIENTED_EDGE('',*,*,#3373,.T.);
#8663 = ORIENTED_EDGE('',*,*,#8315,.T.);
#8664 = ORIENTED_EDGE('',*,*,#5454,.T.);
#8665 = ADVANCED_FACE('',(#8666),#1549,.F.);
#8666 = FACE_BOUND('',#8667,.F.);
#8667 = EDGE_LOOP('',(#8668,#8669,#8670,#8671));
#8668 = ORIENTED_EDGE('',*,*,#4008,.T.);
#8669 = ORIENTED_EDGE('',*,*,#7745,.T.);
#8670 = ORIENTED_EDGE('',*,*,#5901,.T.);
#8671 = ORIENTED_EDGE('',*,*,#1533,.T.);
#8672 = ADVANCED_FACE('',(#8673),#3969,.F.);
#8673 = FACE_BOUND('',#8674,.F.);
#8674 = EDGE_LOOP('',(#8675,#8676,#8677,#8678));
#8675 = ORIENTED_EDGE('',*,*,#7839,.T.);
#8676 = ORIENTED_EDGE('',*,*,#3952,.T.);
#8677 = ORIENTED_EDGE('',*,*,#7720,.T.);
#8678 = ORIENTED_EDGE('',*,*,#5952,.T.);
#8679 = ADVANCED_FACE('',(#8680),#3912,.F.);
#8680 = FACE_BOUND('',#8681,.F.);
#8681 = EDGE_LOOP('',(#8682,#8683,#8684,#8685));
#8682 = ORIENTED_EDGE('',*,*,#7813,.T.);
#8683 = ORIENTED_EDGE('',*,*,#3895,.T.);
#8684 = ORIENTED_EDGE('',*,*,#7861,.T.);
#8685 = ORIENTED_EDGE('',*,*,#5999,.T.);
#8686 = ADVANCED_FACE('',(#8687),#4075,.F.);
#8687 = FACE_BOUND('',#8688,.F.);
#8688 = EDGE_LOOP('',(#8689,#8690,#8691,#8692));
#8689 = ORIENTED_EDGE('',*,*,#7767,.T.);
#8690 = ORIENTED_EDGE('',*,*,#4060,.T.);
#8691 = ORIENTED_EDGE('',*,*,#7791,.T.);
#8692 = ORIENTED_EDGE('',*,*,#6051,.T.);
#8693 = ADVANCED_FACE('',(#8694),#1437,.F.);
#8694 = FACE_BOUND('',#8695,.F.);
#8695 = EDGE_LOOP('',(#8696,#8697,#8698,#8699));
#8696 = ORIENTED_EDGE('',*,*,#3779,.T.);
#8697 = ORIENTED_EDGE('',*,*,#7913,.T.);
#8698 = ORIENTED_EDGE('',*,*,#5702,.T.);
#8699 = ORIENTED_EDGE('',*,*,#1421,.T.);
#8700 = ADVANCED_FACE('',(#8701),#3740,.F.);
#8701 = FACE_BOUND('',#8702,.F.);
#8702 = EDGE_LOOP('',(#8703,#8704,#8705,#8706));
#8703 = ORIENTED_EDGE('',*,*,#8007,.T.);
#8704 = ORIENTED_EDGE('',*,*,#3723,.T.);
#8705 = ORIENTED_EDGE('',*,*,#7888,.T.);
#8706 = ORIENTED_EDGE('',*,*,#5753,.T.);
#8707 = ADVANCED_FACE('',(#8708),#3683,.F.);
#8708 = FACE_BOUND('',#8709,.F.);
#8709 = EDGE_LOOP('',(#8710,#8711,#8712,#8713));
#8710 = ORIENTED_EDGE('',*,*,#7981,.T.);
#8711 = ORIENTED_EDGE('',*,*,#3666,.T.);
#8712 = ORIENTED_EDGE('',*,*,#8029,.T.);
#8713 = ORIENTED_EDGE('',*,*,#5800,.T.);
#8714 = ADVANCED_FACE('',(#8715),#3846,.F.);
#8715 = FACE_BOUND('',#8716,.F.);
#8716 = EDGE_LOOP('',(#8717,#8718,#8719,#8720));
#8717 = ORIENTED_EDGE('',*,*,#7935,.T.);
#8718 = ORIENTED_EDGE('',*,*,#3831,.T.);
#8719 = ORIENTED_EDGE('',*,*,#7959,.T.);
#8720 = ORIENTED_EDGE('',*,*,#5852,.T.);
#8721 = ADVANCED_FACE('',(#8722),#4489,.F.);
#8722 = FACE_BOUND('',#8723,.F.);
#8723 = EDGE_LOOP('',(#8724,#8725,#8726,#8727));
#8724 = ORIENTED_EDGE('',*,*,#7382,.T.);
#8725 = ORIENTED_EDGE('',*,*,#4472,.T.);
#8726 = ORIENTED_EDGE('',*,*,#7429,.T.);
#8727 = ORIENTED_EDGE('',*,*,#6297,.T.);
#8728 = ADVANCED_FACE('',(#8729),#4427,.F.);
#8729 = FACE_BOUND('',#8730,.F.);
#8730 = EDGE_LOOP('',(#8731,#8732,#8733,#8734));
#8731 = ORIENTED_EDGE('',*,*,#7503,.T.);
#8732 = ORIENTED_EDGE('',*,*,#4410,.T.);
#8733 = ORIENTED_EDGE('',*,*,#7404,.T.);
#8734 = ORIENTED_EDGE('',*,*,#6349,.T.);
#8735 = ADVANCED_FACE('',(#8736),#4370,.F.);
#8736 = FACE_BOUND('',#8737,.F.);
#8737 = EDGE_LOOP('',(#8738,#8739,#8740,#8741));
#8738 = ORIENTED_EDGE('',*,*,#7477,.T.);
#8739 = ORIENTED_EDGE('',*,*,#4353,.T.);
#8740 = ORIENTED_EDGE('',*,*,#7525,.T.);
#8741 = ORIENTED_EDGE('',*,*,#6396,.T.);
#8742 = ADVANCED_FACE('',(#8743),#1325,.F.);
#8743 = FACE_BOUND('',#8744,.F.);
#8744 = EDGE_LOOP('',(#8745,#8746,#8747,#8748));
#8745 = ORIENTED_EDGE('',*,*,#4523,.T.);
#8746 = ORIENTED_EDGE('',*,*,#7455,.T.);
#8747 = ORIENTED_EDGE('',*,*,#6448,.T.);
#8748 = ORIENTED_EDGE('',*,*,#1309,.T.);
#8749 = ADVANCED_FACE('',(#8750),#4260,.F.);
#8750 = FACE_BOUND('',#8751,.F.);
#8751 = EDGE_LOOP('',(#8752,#8753,#8754,#8755));
#8752 = ORIENTED_EDGE('',*,*,#7550,.T.);
#8753 = ORIENTED_EDGE('',*,*,#4243,.T.);
#8754 = ORIENTED_EDGE('',*,*,#7597,.T.);
#8755 = ORIENTED_EDGE('',*,*,#6098,.T.);
#8756 = ADVANCED_FACE('',(#8757),#4198,.F.);
#8757 = FACE_BOUND('',#8758,.F.);
#8758 = EDGE_LOOP('',(#8759,#8760,#8761,#8762));
#8759 = ORIENTED_EDGE('',*,*,#7671,.T.);
#8760 = ORIENTED_EDGE('',*,*,#4181,.T.);
#8761 = ORIENTED_EDGE('',*,*,#7572,.T.);
#8762 = ORIENTED_EDGE('',*,*,#6150,.T.);
#8763 = ADVANCED_FACE('',(#8764),#4141,.F.);
#8764 = FACE_BOUND('',#8765,.F.);
#8765 = EDGE_LOOP('',(#8766,#8767,#8768,#8769));
#8766 = ORIENTED_EDGE('',*,*,#7645,.T.);
#8767 = ORIENTED_EDGE('',*,*,#4124,.T.);
#8768 = ORIENTED_EDGE('',*,*,#7693,.T.);
#8769 = ORIENTED_EDGE('',*,*,#6197,.T.);
#8770 = ADVANCED_FACE('',(#8771),#1208,.F.);
#8771 = FACE_BOUND('',#8772,.F.);
#8772 = EDGE_LOOP('',(#8773,#8774,#8775,#8776));
#8773 = ORIENTED_EDGE('',*,*,#4294,.T.);
#8774 = ORIENTED_EDGE('',*,*,#7623,.T.);
#8775 = ORIENTED_EDGE('',*,*,#6249,.T.);
#8776 = ORIENTED_EDGE('',*,*,#1192,.T.);
#8777 = ADVANCED_FACE('',(#8778),#1067,.T.);
#8778 = FACE_BOUND('',#8779,.T.);
#8779 = EDGE_LOOP('',(#8780,#8781,#8782,#8783));
#8780 = ORIENTED_EDGE('',*,*,#1050,.F.);
#8781 = ORIENTED_EDGE('',*,*,#2915,.F.);
#8782 = ORIENTED_EDGE('',*,*,#1108,.T.);
#8783 = ORIENTED_EDGE('',*,*,#5027,.F.);
#8784 = ADVANCED_FACE('',(#8785),#949,.F.);
#8785 = FACE_BOUND('',#8786,.F.);
#8786 = EDGE_LOOP('',(#8787,#8788,#8789,#8811));
#8787 = ORIENTED_EDGE('',*,*,#7007,.F.);
#8788 = ORIENTED_EDGE('',*,*,#933,.F.);
#8789 = ORIENTED_EDGE('',*,*,#8790,.F.);
#8790 = EDGE_CURVE('',#251,#310,#8791,.T.);
#8791 = SURFACE_CURVE('',#8792,(#8797,#8804),.PCURVE_S1.);
#8792 = CIRCLE('',#8793,1.3);
#8793 = AXIS2_PLACEMENT_3D('',#8794,#8795,#8796);
#8794 = CARTESIAN_POINT('',(-5.493443210943,7.12896077196,-17.8));
#8795 = DIRECTION('',(1.508208300054E-15,-1.684502993918E-15,1.));
#8796 = DIRECTION('',(0.79210675244,0.610382578994,-1.664706968084E-16)
  );
#8797 = PCURVE('',#949,#8798);
#8798 = DEFINITIONAL_REPRESENTATION('',(#8799),#8803);
#8799 = LINE('',#8800,#8801);
#8800 = CARTESIAN_POINT('',(6.28318530718,9.8));
#8801 = VECTOR('',#8802,1.);
#8802 = DIRECTION('',(-1.,0.));
#8803 = ( GEOMETRIC_REPRESENTATION_CONTEXT(2) 
PARAMETRIC_REPRESENTATION_CONTEXT() REPRESENTATION_CONTEXT('2D SPACE',''
  ) );
#8804 = PCURVE('',#273,#8805);
#8805 = DEFINITIONAL_REPRESENTATION('',(#8806),#8810);
#8806 = LINE('',#8807,#8808);
#8807 = CARTESIAN_POINT('',(-3.14159265359,-1.));
#8808 = VECTOR('',#8809,1.);
#8809 = DIRECTION('',(1.,0.));
#8810 = ( GEOMETRIC_REPRESENTATION_CONTEXT(2) 
PARAMETRIC_REPRESENTATION_CONTEXT() REPRESENTATION_CONTEXT('2D SPACE',''
  ) );
#8811 = ORIENTED_EDGE('',*,*,#985,.T.);
#8812 = ADVANCED_FACE('',(#8813),#872,.F.);
#8813 = FACE_BOUND('',#8814,.F.);
#8814 = EDGE_LOOP('',(#8815,#8816,#8817,#8839));
#8815 = ORIENTED_EDGE('',*,*,#6982,.F.);
#8816 = ORIENTED_EDGE('',*,*,#856,.F.);
#8817 = ORIENTED_EDGE('',*,*,#8818,.F.);
#8818 = EDGE_CURVE('',#363,#422,#8819,.T.);
#8819 = SURFACE_CURVE('',#8820,(#8825,#8832),.PCURVE_S1.);
#8820 = CIRCLE('',#8821,1.3);
#8821 = AXIS2_PLACEMENT_3D('',#8822,#8823,#8824);
#8822 = CARTESIAN_POINT('',(-7.12896077196,-5.493443210943,-17.8));
#8823 = DIRECTION('',(1.508208300054E-15,-1.684502993918E-15,1.));
#8824 = DIRECTION('',(0.79210675244,0.610382578994,-1.664706968084E-16)
  );
#8825 = PCURVE('',#872,#8826);
#8826 = DEFINITIONAL_REPRESENTATION('',(#8827),#8831);
#8827 = LINE('',#8828,#8829);
#8828 = CARTESIAN_POINT('',(6.28318530718,9.8));
#8829 = VECTOR('',#8830,1.);
#8830 = DIRECTION('',(-1.,0.));
#8831 = ( GEOMETRIC_REPRESENTATION_CONTEXT(2) 
PARAMETRIC_REPRESENTATION_CONTEXT() REPRESENTATION_CONTEXT('2D SPACE',''
  ) );
#8832 = PCURVE('',#385,#8833);
#8833 = DEFINITIONAL_REPRESENTATION('',(#8834),#8838);
#8834 = LINE('',#8835,#8836);
#8835 = CARTESIAN_POINT('',(-3.14159265359,-1.));
#8836 = VECTOR('',#8837,1.);
#8837 = DIRECTION('',(1.,0.));
#8838 = ( GEOMETRIC_REPRESENTATION_CONTEXT(2) 
PARAMETRIC_REPRESENTATION_CONTEXT() REPRESENTATION_CONTEXT('2D SPACE',''
  ) );
#8839 = ORIENTED_EDGE('',*,*,#908,.T.);
#8840 = ADVANCED_FACE('',(#8841),#795,.F.);
#8841 = FACE_BOUND('',#8842,.F.);
#8842 = EDGE_LOOP('',(#8843,#8844,#8845,#8867));
#8843 = ORIENTED_EDGE('',*,*,#6957,.F.);
#8844 = ORIENTED_EDGE('',*,*,#779,.F.);
#8845 = ORIENTED_EDGE('',*,*,#8846,.F.);
#8846 = EDGE_CURVE('',#139,#198,#8847,.T.);
#8847 = SURFACE_CURVE('',#8848,(#8853,#8860),.PCURVE_S1.);
#8848 = CIRCLE('',#8849,1.3);
#8849 = AXIS2_PLACEMENT_3D('',#8850,#8851,#8852);
#8850 = CARTESIAN_POINT('',(5.493443210943,-7.12896077196,-17.8));
#8851 = DIRECTION('',(1.508208300054E-15,-1.684502993918E-15,1.));
#8852 = DIRECTION('',(0.79210675244,0.610382578994,-1.664706968084E-16)
  );
#8853 = PCURVE('',#795,#8854);
#8854 = DEFINITIONAL_REPRESENTATION('',(#8855),#8859);
#8855 = LINE('',#8856,#8857);
#8856 = CARTESIAN_POINT('',(6.28318530718,9.8));
#8857 = VECTOR('',#8858,1.);
#8858 = DIRECTION('',(-1.,0.));
#8859 = ( GEOMETRIC_REPRESENTATION_CONTEXT(2) 
PARAMETRIC_REPRESENTATION_CONTEXT() REPRESENTATION_CONTEXT('2D SPACE',''
  ) );
#8860 = PCURVE('',#161,#8861);
#8861 = DEFINITIONAL_REPRESENTATION('',(#8862),#8866);
#8862 = LINE('',#8863,#8864);
#8863 = CARTESIAN_POINT('',(-3.14159265359,-1.));
#8864 = VECTOR('',#8865,1.);
#8865 = DIRECTION('',(1.,0.));
#8866 = ( GEOMETRIC_REPRESENTATION_CONTEXT(2) 
PARAMETRIC_REPRESENTATION_CONTEXT() REPRESENTATION_CONTEXT('2D SPACE',''
  ) );
#8867 = ORIENTED_EDGE('',*,*,#831,.T.);
#8868 = ADVANCED_FACE('',(#8869),#718,.F.);
#8869 = FACE_BOUND('',#8870,.F.);
#8870 = EDGE_LOOP('',(#8871,#8872,#8873,#8895));
#8871 = ORIENTED_EDGE('',*,*,#6932,.F.);
#8872 = ORIENTED_EDGE('',*,*,#702,.F.);
#8873 = ORIENTED_EDGE('',*,*,#8874,.F.);
#8874 = EDGE_CURVE('',#22,#86,#8875,.T.);
#8875 = SURFACE_CURVE('',#8876,(#8881,#8888),.PCURVE_S1.);
#8876 = CIRCLE('',#8877,1.3);
#8877 = AXIS2_PLACEMENT_3D('',#8878,#8879,#8880);
#8878 = CARTESIAN_POINT('',(7.12896077196,5.493443210943,-17.8));
#8879 = DIRECTION('',(1.508208300054E-15,-1.684502993918E-15,1.));
#8880 = DIRECTION('',(0.79210675244,0.610382578994,-1.664706968084E-16)
  );
#8881 = PCURVE('',#718,#8882);
#8882 = DEFINITIONAL_REPRESENTATION('',(#8883),#8887);
#8883 = LINE('',#8884,#8885);
#8884 = CARTESIAN_POINT('',(6.28318530718,9.8));
#8885 = VECTOR('',#8886,1.);
#8886 = DIRECTION('',(-1.,0.));
#8887 = ( GEOMETRIC_REPRESENTATION_CONTEXT(2) 
PARAMETRIC_REPRESENTATION_CONTEXT() REPRESENTATION_CONTEXT('2D SPACE',''
  ) );
#8888 = PCURVE('',#44,#8889);
#8889 = DEFINITIONAL_REPRESENTATION('',(#8890),#8894);
#8890 = LINE('',#8891,#8892);
#8891 = CARTESIAN_POINT('',(-3.14159265359,-1.));
#8892 = VECTOR('',#8893,1.);
#8893 = DIRECTION('',(1.,-1.999103807287E-16));
#8894 = ( GEOMETRIC_REPRESENTATION_CONTEXT(2) 
PARAMETRIC_REPRESENTATION_CONTEXT() REPRESENTATION_CONTEXT('2D SPACE',''
  ) );
#8895 = ORIENTED_EDGE('',*,*,#754,.T.);
#8896 = ADVANCED_FACE('',(#8897),#613,.F.);
#8897 = FACE_BOUND('',#8898,.F.);
#8898 = EDGE_LOOP('',(#8899,#8921,#8922,#8923));
#8899 = ORIENTED_EDGE('',*,*,#8900,.F.);
#8900 = EDGE_CURVE('',#593,#626,#8901,.T.);
#8901 = SURFACE_CURVE('',#8902,(#8907,#8914),.PCURVE_S1.);
#8902 = CIRCLE('',#8903,5.25);
#8903 = AXIS2_PLACEMENT_3D('',#8904,#8905,#8906);
#8904 = CARTESIAN_POINT('',(-7.775564492609E-14,1.051632853267E-14,-14.8
    ));
#8905 = DIRECTION('',(1.508208300054E-15,-1.684502993918E-15,1.));
#8906 = DIRECTION('',(-0.79210675244,-0.610382578994,1.664706968084E-16)
  );
#8907 = PCURVE('',#613,#8908);
#8908 = DEFINITIONAL_REPRESENTATION('',(#8909),#8913);
#8909 = LINE('',#8910,#8911);
#8910 = CARTESIAN_POINT('',(0.,12.));
#8911 = VECTOR('',#8912,1.);
#8912 = DIRECTION('',(1.,0.));
#8913 = ( GEOMETRIC_REPRESENTATION_CONTEXT(2) 
PARAMETRIC_REPRESENTATION_CONTEXT() REPRESENTATION_CONTEXT('2D SPACE',''
  ) );
#8914 = PCURVE('',#498,#8915);
#8915 = DEFINITIONAL_REPRESENTATION('',(#8916),#8920);
#8916 = CIRCLE('',#8917,5.25);
#8917 = AXIS2_PLACEMENT_2D('',#8918,#8919);
#8918 = CARTESIAN_POINT('',(0.,0.));
#8919 = DIRECTION('',(1.,0.));
#8920 = ( GEOMETRIC_REPRESENTATION_CONTEXT(2) 
PARAMETRIC_REPRESENTATION_CONTEXT() REPRESENTATION_CONTEXT('2D SPACE',''
  ) );
#8921 = ORIENTED_EDGE('',*,*,#590,.F.);
#8922 = ORIENTED_EDGE('',*,*,#6908,.F.);
#8923 = ORIENTED_EDGE('',*,*,#649,.T.);
#8924 = ADVANCED_FACE('',(#8925,#8950),#498,.T.);
#8925 = FACE_BOUND('',#8926,.T.);
#8926 = EDGE_LOOP('',(#8927,#8949));
#8927 = ORIENTED_EDGE('',*,*,#8928,.T.);
#8928 = EDGE_CURVE('',#477,#475,#8929,.T.);
#8929 = SURFACE_CURVE('',#8930,(#8935,#8942),.PCURVE_S1.);
#8930 = CIRCLE('',#8931,6.25);
#8931 = AXIS2_PLACEMENT_3D('',#8932,#8933,#8934);
#8932 = CARTESIAN_POINT('',(-7.775564492609E-14,1.051632853267E-14,-14.8
    ));
#8933 = DIRECTION('',(1.508208300054E-15,-1.684502993918E-15,1.));
#8934 = DIRECTION('',(0.610382578994,-0.79210675244,-2.254890267834E-15)
  );
#8935 = PCURVE('',#498,#8936);
#8936 = DEFINITIONAL_REPRESENTATION('',(#8937),#8941);
#8937 = CIRCLE('',#8938,6.25);
#8938 = AXIS2_PLACEMENT_2D('',#8939,#8940);
#8939 = CARTESIAN_POINT('',(0.,0.));
#8940 = DIRECTION('',(0.,1.));
#8941 = ( GEOMETRIC_REPRESENTATION_CONTEXT(2) 
PARAMETRIC_REPRESENTATION_CONTEXT() REPRESENTATION_CONTEXT('2D SPACE',''
  ) );
#8942 = PCURVE('',#526,#8943);
#8943 = DEFINITIONAL_REPRESENTATION('',(#8944),#8948);
#8944 = LINE('',#8945,#8946);
#8945 = CARTESIAN_POINT('',(7.853981633974,0.));
#8946 = VECTOR('',#8947,1.);
#8947 = DIRECTION('',(-1.,0.));
#8948 = ( GEOMETRIC_REPRESENTATION_CONTEXT(2) 
PARAMETRIC_REPRESENTATION_CONTEXT() REPRESENTATION_CONTEXT('2D SPACE',''
  ) );
#8949 = ORIENTED_EDGE('',*,*,#474,.T.);
#8950 = FACE_BOUND('',#8951,.T.);
#8951 = EDGE_LOOP('',(#8952,#8953));
#8952 = ORIENTED_EDGE('',*,*,#8900,.F.);
#8953 = ORIENTED_EDGE('',*,*,#625,.F.);
#8954 = ADVANCED_FACE('',(#8955),#526,.T.);
#8955 = FACE_BOUND('',#8956,.T.);
#8956 = EDGE_LOOP('',(#8957,#8958,#8959,#8960));
#8957 = ORIENTED_EDGE('',*,*,#510,.F.);
#8958 = ORIENTED_EDGE('',*,*,#8928,.F.);
#8959 = ORIENTED_EDGE('',*,*,#566,.T.);
#8960 = ORIENTED_EDGE('',*,*,#2806,.T.);
#8961 = ADVANCED_FACE('',(#8962),#385,.F.);
#8962 = FACE_BOUND('',#8963,.F.);
#8963 = EDGE_LOOP('',(#8964,#8965,#8966,#8967));
#8964 = ORIENTED_EDGE('',*,*,#2682,.T.);
#8965 = ORIENTED_EDGE('',*,*,#362,.F.);
#8966 = ORIENTED_EDGE('',*,*,#8818,.T.);
#8967 = ORIENTED_EDGE('',*,*,#421,.T.);
#8968 = ADVANCED_FACE('',(#8969),#273,.F.);
#8969 = FACE_BOUND('',#8970,.F.);
#8970 = EDGE_LOOP('',(#8971,#8972,#8973,#8974));
#8971 = ORIENTED_EDGE('',*,*,#2707,.T.);
#8972 = ORIENTED_EDGE('',*,*,#250,.F.);
#8973 = ORIENTED_EDGE('',*,*,#8790,.T.);
#8974 = ORIENTED_EDGE('',*,*,#309,.T.);
#8975 = ADVANCED_FACE('',(#8976),#161,.F.);
#8976 = FACE_BOUND('',#8977,.F.);
#8977 = EDGE_LOOP('',(#8978,#8979,#8980,#8981));
#8978 = ORIENTED_EDGE('',*,*,#2732,.T.);
#8979 = ORIENTED_EDGE('',*,*,#138,.F.);
#8980 = ORIENTED_EDGE('',*,*,#8846,.T.);
#8981 = ORIENTED_EDGE('',*,*,#197,.T.);
#8982 = ADVANCED_FACE('',(#8983),#44,.F.);
#8983 = FACE_BOUND('',#8984,.F.);
#8984 = EDGE_LOOP('',(#8985,#8986,#8987,#8988));
#8985 = ORIENTED_EDGE('',*,*,#2757,.T.);
#8986 = ORIENTED_EDGE('',*,*,#21,.F.);
#8987 = ORIENTED_EDGE('',*,*,#8874,.T.);
#8988 = ORIENTED_EDGE('',*,*,#85,.T.);
#8989 = ( GEOMETRIC_REPRESENTATION_CONTEXT(3) 
GLOBAL_UNCERTAINTY_ASSIGNED_CONTEXT((#8993)) 
GLOBAL_UNIT_ASSIGNED_CONTEXT((#8990,#8991,#8992)) REPRESENTATION_CONTEXT
('Context #1','3D Context with UNIT and UNCERTAINTY') );
#8990 = ( LENGTH_UNIT() NAMED_UNIT(*) SI_UNIT(.MILLI.,.METRE.) );
#8991 = ( NAMED_UNIT(*) PLANE_ANGLE_UNIT() SI_UNIT($,.RADIAN.) );
#8992 = ( NAMED_UNIT(*) SI_UNIT($,.STERADIAN.) SOLID_ANGLE_UNIT() );
#8993 = UNCERTAINTY_MEASURE_WITH_UNIT(LENGTH_MEASURE(1.E-07),#8990,
  'distance_accuracy_value','confusion accuracy');
#8994 = PRODUCT_RELATED_PRODUCT_CATEGORY('part',$,(#7));
ENDSEC;
END-ISO-10303-21;
