ISO-10303-21;
HEADER;
FILE_DESCRIPTION(('Open CASCADE Model'),'2;1');
FILE_NAME('Open CASCADE Shape Model','2026-08-28T16:26:39',('Author'),(
    'Open CASCADE'),'Open CASCADE STEP processor 7.9','Open CASCADE 7.9'
  ,'Unknown');
FILE_SCHEMA(('AUTOMOTIVE_DESIGN { 1 0 10303 214 1 1 1 1 }'));
ENDSEC;
DATA;
#1 = APPLICATION_PROTOCOL_DEFINITION('international standard',
  'automotive_design',2000,#2);
#2 = APPLICATION_CONTEXT(
  'core data for automotive mechanical design processes');
#3 = SHAPE_DEFINITION_REPRESENTATION(#4,#10);
#4 = PRODUCT_DEFINITION_SHAPE('','',#5);
#5 = PRODUCT_DEFINITION('design','',#6,#9);
#6 = PRODUCT_DEFINITION_FORMATION('','',#7);
#7 = PRODUCT('Open CASCADE STEP translator 7.9 13',
  'Open CASCADE STEP translator 7.9 13','',(#8));
#8 = PRODUCT_CONTEXT('',#2,'mechanical');
#9 = PRODUCT_DEFINITION_CONTEXT('part definition',#2,'design');
#10 = SHAPE_REPRESENTATION('',(#11,#15,#19,#23),#27);
#11 = AXIS2_PLACEMENT_3D('',#12,#13,#14);
#12 = CARTESIAN_POINT('',(0.,0.,0.));
#13 = DIRECTION('',(0.,0.,1.));
#14 = DIRECTION('',(1.,0.,-0.));
#15 = AXIS2_PLACEMENT_3D('',#16,#17,#18);
#16 = CARTESIAN_POINT('',(11.5708676313,-3.180412278141,-5.5));
#17 = DIRECTION('',(-0.965892774896,0.258942363092,9.552714078672E-19));
#18 = DIRECTION('',(0.258942363092,0.965892774896,1.034160259352E-18));
#19 = AXIS2_PLACEMENT_3D('',#20,#21,#22);
#20 = CARTESIAN_POINT('',(-8.539751643028,-8.430459173462,-5.5));
#21 = DIRECTION('',(0.707197052001,0.707016498846,-7.201380211784E-16));
#22 = DIRECTION('',(0.707016498846,-0.707197052001,8.985938020493E-17));
#23 = AXIS2_PLACEMENT_3D('',#24,#25,#26);
#24 = CARTESIAN_POINT('',(-3.031115988272,11.610871451603,-5.5));
#25 = DIRECTION('',(0.258695722895,-0.965958861938,-2.826664779156E-16)
  );
#26 = DIRECTION('',(-0.965958861938,-0.258695722895,6.699318801104E-16)
  );
#27 = ( GEOMETRIC_REPRESENTATION_CONTEXT(3) 
GLOBAL_UNCERTAINTY_ASSIGNED_CONTEXT((#31)) GLOBAL_UNIT_ASSIGNED_CONTEXT(
(#28,#29,#30)) REPRESENTATION_CONTEXT('Context #1',
  '3D Context with UNIT and UNCERTAINTY') );
#28 = ( LENGTH_UNIT() NAMED_UNIT(*) SI_UNIT(.MILLI.,.METRE.) );
#29 = ( NAMED_UNIT(*) PLANE_ANGLE_UNIT() SI_UNIT($,.RADIAN.) );
#30 = ( NAMED_UNIT(*) SI_UNIT($,.STERADIAN.) SOLID_ANGLE_UNIT() );
#31 = UNCERTAINTY_MEASURE_WITH_UNIT(LENGTH_MEASURE(1.E-07),#28,
  'distance_accuracy_value','confusion accuracy');
#32 = PRODUCT_RELATED_PRODUCT_CATEGORY('part',$,(#7));
#33 = SHAPE_DEFINITION_REPRESENTATION(#34,#40);
#34 = PRODUCT_DEFINITION_SHAPE('','',#35);
#35 = PRODUCT_DEFINITION('design','',#36,#39);
#36 = PRODUCT_DEFINITION_FORMATION('','',#37);
#37 = PRODUCT('Open CASCADE STEP translator 7.9 13.1',
  'Open CASCADE STEP translator 7.9 13.1','',(#38));
#38 = PRODUCT_CONTEXT('',#2,'mechanical');
#39 = PRODUCT_DEFINITION_CONTEXT('part definition',#2,'design');
#40 = ADVANCED_BREP_SHAPE_REPRESENTATION('',(#11,#41),#10143);
#41 = MANIFOLD_SOLID_BREP('',#42);
#42 = CLOSED_SHELL('',(#43,#160,#272,#384,#496,#608,#4072,#6976,#7023,
    #7050,#7077,#7104,#7131,#7158,#7185,#7212,#7239,#7266,#7293,#7320,
    #7347,#7374,#7401,#7428,#7455,#7482,#7509,#7536,#7563,#7590,#7617,
    #7644,#7671,#7698,#7725,#7752,#7779,#7806,#7833,#7860,#7887,#7914,
    #7941,#7968,#7995,#8022,#8049,#8076,#8103,#8130,#8157,#8184,#8211,
    #8238,#8265,#8292,#8319,#8346,#8373,#8400,#8427,#8454,#8481,#8508,
    #8535,#8562,#8589,#8596,#8623,#8650,#8677,#8684,#8711,#8738,#8765,
    #8792,#8819,#8846,#8873,#8900,#8927,#8954,#8981,#9008,#9035,#9062,
    #9089,#9116,#9143,#9170,#9197,#9224,#9251,#9278,#9305,#9332,#9359,
    #9386,#9413,#9440,#9467,#9494,#9521,#9548,#9575,#9602,#9629,#9656,
    #9683,#9710,#9737,#9764,#9791,#9798,#9825,#9852,#9879,#9886,#9913,
    #9940,#9967,#9994,#10021,#10048,#10075,#10102,#10129,#10136));
#43 = ADVANCED_FACE('',(#44),#58,.F.);
#44 = FACE_BOUND('',#45,.F.);
#45 = EDGE_LOOP('',(#46,#81,#110,#133));
#46 = ORIENTED_EDGE('',*,*,#47,.T.);
#47 = EDGE_CURVE('',#48,#50,#52,.T.);
#48 = VERTEX_POINT('',#49);
#49 = CARTESIAN_POINT('',(1.953316134117E-16,7.,-3.));
#50 = VERTEX_POINT('',#51);
#51 = CARTESIAN_POINT('',(1.953316134117E-16,0.,-3.));
#52 = SURFACE_CURVE('',#53,(#57,#69),.PCURVE_S1.);
#53 = LINE('',#54,#55);
#54 = CARTESIAN_POINT('',(1.953316134117E-16,7.,-3.));
#55 = VECTOR('',#56,1.);
#56 = DIRECTION('',(-0.,-1.,-0.));
#57 = PCURVE('',#58,#63);
#58 = CYLINDRICAL_SURFACE('',#59,3.);
#59 = AXIS2_PLACEMENT_3D('',#60,#61,#62);
#60 = CARTESIAN_POINT('',(1.953316134117E-16,7.,-2.229711069055E-16));
#61 = DIRECTION('',(-0.,-1.,-0.));
#62 = DIRECTION('',(0.,0.,-1.));
#63 = DEFINITIONAL_REPRESENTATION('',(#64),#68);
#64 = LINE('',#65,#66);
#65 = CARTESIAN_POINT('',(6.28318530718,0.));
#66 = VECTOR('',#67,1.);
#67 = DIRECTION('',(0.,1.));
#68 = ( GEOMETRIC_REPRESENTATION_CONTEXT(2) 
PARAMETRIC_REPRESENTATION_CONTEXT() REPRESENTATION_CONTEXT('2D SPACE',''
  ) );
#69 = PCURVE('',#70,#75);
#70 = CYLINDRICAL_SURFACE('',#71,3.);
#71 = AXIS2_PLACEMENT_3D('',#72,#73,#74);
#72 = CARTESIAN_POINT('',(1.953316134117E-16,7.,-2.229711069055E-16));
#73 = DIRECTION('',(-0.,-1.,-0.));
#74 = DIRECTION('',(0.,0.,-1.));
#75 = DEFINITIONAL_REPRESENTATION('',(#76),#80);
#76 = LINE('',#77,#78);
#77 = CARTESIAN_POINT('',(0.,0.));
#78 = VECTOR('',#79,1.);
#79 = DIRECTION('',(0.,1.));
#80 = ( GEOMETRIC_REPRESENTATION_CONTEXT(2) 
PARAMETRIC_REPRESENTATION_CONTEXT() REPRESENTATION_CONTEXT('2D SPACE',''
  ) );
#81 = ORIENTED_EDGE('',*,*,#82,.T.);
#82 = EDGE_CURVE('',#50,#83,#85,.T.);
#83 = VERTEX_POINT('',#84);
#84 = CARTESIAN_POINT('',(5.627256531559E-16,0.,3.));
#85 = SURFACE_CURVE('',#86,(#91,#98),.PCURVE_S1.);
#86 = CIRCLE('',#87,3.);
#87 = AXIS2_PLACEMENT_3D('',#88,#89,#90);
#88 = CARTESIAN_POINT('',(1.953316134117E-16,0.,-2.229711069055E-16));
#89 = DIRECTION('',(0.,1.,0.));
#90 = DIRECTION('',(0.,-0.,1.));
#91 = PCURVE('',#58,#92);
#92 = DEFINITIONAL_REPRESENTATION('',(#93),#97);
#93 = LINE('',#94,#95);
#94 = CARTESIAN_POINT('',(9.424777960769,7.));
#95 = VECTOR('',#96,1.);
#96 = DIRECTION('',(-1.,0.));
#97 = ( GEOMETRIC_REPRESENTATION_CONTEXT(2) 
PARAMETRIC_REPRESENTATION_CONTEXT() REPRESENTATION_CONTEXT('2D SPACE',''
  ) );
#98 = PCURVE('',#99,#104);
#99 = PLANE('',#100);
#100 = AXIS2_PLACEMENT_3D('',#101,#102,#103);
#101 = CARTESIAN_POINT('',(-2.63694283087,0.,2.337527005408));
#102 = DIRECTION('',(0.,1.,0.));
#103 = DIRECTION('',(0.,-0.,1.));
#104 = DEFINITIONAL_REPRESENTATION('',(#105),#109);
#105 = CIRCLE('',#106,3.);
#106 = AXIS2_PLACEMENT_2D('',#107,#108);
#107 = CARTESIAN_POINT('',(-2.337527005408,2.63694283087));
#108 = DIRECTION('',(1.,0.));
#109 = ( GEOMETRIC_REPRESENTATION_CONTEXT(2) 
PARAMETRIC_REPRESENTATION_CONTEXT() REPRESENTATION_CONTEXT('2D SPACE',''
  ) );
#110 = ORIENTED_EDGE('',*,*,#111,.F.);
#111 = EDGE_CURVE('',#112,#83,#114,.T.);
#112 = VERTEX_POINT('',#113);
#113 = CARTESIAN_POINT('',(5.627256531559E-16,7.,3.));
#114 = SURFACE_CURVE('',#115,(#119,#126),.PCURVE_S1.);
#115 = LINE('',#116,#117);
#116 = CARTESIAN_POINT('',(5.627256531559E-16,7.,3.));
#117 = VECTOR('',#118,1.);
#118 = DIRECTION('',(-0.,-1.,-0.));
#119 = PCURVE('',#58,#120);
#120 = DEFINITIONAL_REPRESENTATION('',(#121),#125);
#121 = LINE('',#122,#123);
#122 = CARTESIAN_POINT('',(3.14159265359,0.));
#123 = VECTOR('',#124,1.);
#124 = DIRECTION('',(0.,1.));
#125 = ( GEOMETRIC_REPRESENTATION_CONTEXT(2) 
PARAMETRIC_REPRESENTATION_CONTEXT() REPRESENTATION_CONTEXT('2D SPACE',''
  ) );
#126 = PCURVE('',#70,#127);
#127 = DEFINITIONAL_REPRESENTATION('',(#128),#132);
#128 = LINE('',#129,#130);
#129 = CARTESIAN_POINT('',(3.14159265359,0.));
#130 = VECTOR('',#131,1.);
#131 = DIRECTION('',(0.,1.));
#132 = ( GEOMETRIC_REPRESENTATION_CONTEXT(2) 
PARAMETRIC_REPRESENTATION_CONTEXT() REPRESENTATION_CONTEXT('2D SPACE',''
  ) );
#133 = ORIENTED_EDGE('',*,*,#134,.F.);
#134 = EDGE_CURVE('',#48,#112,#135,.T.);
#135 = SURFACE_CURVE('',#136,(#141,#148),.PCURVE_S1.);
#136 = CIRCLE('',#137,3.);
#137 = AXIS2_PLACEMENT_3D('',#138,#139,#140);
#138 = CARTESIAN_POINT('',(1.953316134117E-16,7.,-2.229711069055E-16));
#139 = DIRECTION('',(0.,1.,0.));
#140 = DIRECTION('',(0.,-0.,1.));
#141 = PCURVE('',#58,#142);
#142 = DEFINITIONAL_REPRESENTATION('',(#143),#147);
#143 = LINE('',#144,#145);
#144 = CARTESIAN_POINT('',(9.424777960769,0.));
#145 = VECTOR('',#146,1.);
#146 = DIRECTION('',(-1.,0.));
#147 = ( GEOMETRIC_REPRESENTATION_CONTEXT(2) 
PARAMETRIC_REPRESENTATION_CONTEXT() REPRESENTATION_CONTEXT('2D SPACE',''
  ) );
#148 = PCURVE('',#149,#154);
#149 = PLANE('',#150);
#150 = AXIS2_PLACEMENT_3D('',#151,#152,#153);
#151 = CARTESIAN_POINT('',(-2.63694283087,7.,2.337527005408));
#152 = DIRECTION('',(0.,1.,0.));
#153 = DIRECTION('',(0.,-0.,1.));
#154 = DEFINITIONAL_REPRESENTATION('',(#155),#159);
#155 = CIRCLE('',#156,3.);
#156 = AXIS2_PLACEMENT_2D('',#157,#158);
#157 = CARTESIAN_POINT('',(-2.337527005408,2.63694283087));
#158 = DIRECTION('',(1.,0.));
#159 = ( GEOMETRIC_REPRESENTATION_CONTEXT(2) 
PARAMETRIC_REPRESENTATION_CONTEXT() REPRESENTATION_CONTEXT('2D SPACE',''
  ) );
#160 = ADVANCED_FACE('',(#161),#176,.T.);
#161 = FACE_BOUND('',#162,.T.);
#162 = EDGE_LOOP('',(#163,#194,#222,#246));
#163 = ORIENTED_EDGE('',*,*,#164,.F.);
#164 = EDGE_CURVE('',#165,#167,#169,.T.);
#165 = VERTEX_POINT('',#166);
#166 = CARTESIAN_POINT('',(-7.014590927966,7.,-2.317714069877));
#167 = VERTEX_POINT('',#168);
#168 = CARTESIAN_POINT('',(-7.679065674394,7.,-2.243200920191));
#169 = SURFACE_CURVE('',#170,(#175,#187),.PCURVE_S1.);
#170 = CIRCLE('',#171,3.);
#171 = AXIS2_PLACEMENT_3D('',#172,#173,#174);
#172 = CARTESIAN_POINT('',(-7.014590927966,7.,0.682285930123));
#173 = DIRECTION('',(0.,1.,0.));
#174 = DIRECTION('',(0.,-0.,1.));
#175 = PCURVE('',#176,#181);
#176 = CYLINDRICAL_SURFACE('',#177,3.);
#177 = AXIS2_PLACEMENT_3D('',#178,#179,#180);
#178 = CARTESIAN_POINT('',(-7.014590927966,7.,0.682285930123));
#179 = DIRECTION('',(-0.,-1.,-0.));
#180 = DIRECTION('',(0.,0.,-1.));
#181 = DEFINITIONAL_REPRESENTATION('',(#182),#186);
#182 = LINE('',#183,#184);
#183 = CARTESIAN_POINT('',(9.424777960769,0.));
#184 = VECTOR('',#185,1.);
#185 = DIRECTION('',(-1.,0.));
#186 = ( GEOMETRIC_REPRESENTATION_CONTEXT(2) 
PARAMETRIC_REPRESENTATION_CONTEXT() REPRESENTATION_CONTEXT('2D SPACE',''
  ) );
#187 = PCURVE('',#149,#188);
#188 = DEFINITIONAL_REPRESENTATION('',(#189),#193);
#189 = CIRCLE('',#190,3.);
#190 = AXIS2_PLACEMENT_2D('',#191,#192);
#191 = CARTESIAN_POINT('',(-1.655241075285,-4.377648097096));
#192 = DIRECTION('',(1.,0.));
#193 = ( GEOMETRIC_REPRESENTATION_CONTEXT(2) 
PARAMETRIC_REPRESENTATION_CONTEXT() REPRESENTATION_CONTEXT('2D SPACE',''
  ) );
#194 = ORIENTED_EDGE('',*,*,#195,.T.);
#195 = EDGE_CURVE('',#165,#196,#198,.T.);
#196 = VERTEX_POINT('',#197);
#197 = CARTESIAN_POINT('',(-7.014590927966,0.,-2.317714069877));
#198 = SURFACE_CURVE('',#199,(#203,#210),.PCURVE_S1.);
#199 = LINE('',#200,#201);
#200 = CARTESIAN_POINT('',(-7.014590927966,7.,-2.317714069877));
#201 = VECTOR('',#202,1.);
#202 = DIRECTION('',(-0.,-1.,-0.));
#203 = PCURVE('',#176,#204);
#204 = DEFINITIONAL_REPRESENTATION('',(#205),#209);
#205 = LINE('',#206,#207);
#206 = CARTESIAN_POINT('',(6.28318530718,0.));
#207 = VECTOR('',#208,1.);
#208 = DIRECTION('',(0.,1.));
#209 = ( GEOMETRIC_REPRESENTATION_CONTEXT(2) 
PARAMETRIC_REPRESENTATION_CONTEXT() REPRESENTATION_CONTEXT('2D SPACE',''
  ) );
#210 = PCURVE('',#211,#216);
#211 = CYLINDRICAL_SURFACE('',#212,3.);
#212 = AXIS2_PLACEMENT_3D('',#213,#214,#215);
#213 = CARTESIAN_POINT('',(-7.014590927966,7.,0.682285930123));
#214 = DIRECTION('',(-0.,-1.,-0.));
#215 = DIRECTION('',(0.,0.,-1.));
#216 = DEFINITIONAL_REPRESENTATION('',(#217),#221);
#217 = LINE('',#218,#219);
#218 = CARTESIAN_POINT('',(0.,0.));
#219 = VECTOR('',#220,1.);
#220 = DIRECTION('',(0.,1.));
#221 = ( GEOMETRIC_REPRESENTATION_CONTEXT(2) 
PARAMETRIC_REPRESENTATION_CONTEXT() REPRESENTATION_CONTEXT('2D SPACE',''
  ) );
#222 = ORIENTED_EDGE('',*,*,#223,.T.);
#223 = EDGE_CURVE('',#196,#224,#226,.T.);
#224 = VERTEX_POINT('',#225);
#225 = CARTESIAN_POINT('',(-7.679065674394,0.,-2.243200920191));
#226 = SURFACE_CURVE('',#227,(#232,#239),.PCURVE_S1.);
#227 = CIRCLE('',#228,3.);
#228 = AXIS2_PLACEMENT_3D('',#229,#230,#231);
#229 = CARTESIAN_POINT('',(-7.014590927966,0.,0.682285930123));
#230 = DIRECTION('',(0.,1.,0.));
#231 = DIRECTION('',(0.,-0.,1.));
#232 = PCURVE('',#176,#233);
#233 = DEFINITIONAL_REPRESENTATION('',(#234),#238);
#234 = LINE('',#235,#236);
#235 = CARTESIAN_POINT('',(9.424777960769,7.));
#236 = VECTOR('',#237,1.);
#237 = DIRECTION('',(-1.,0.));
#238 = ( GEOMETRIC_REPRESENTATION_CONTEXT(2) 
PARAMETRIC_REPRESENTATION_CONTEXT() REPRESENTATION_CONTEXT('2D SPACE',''
  ) );
#239 = PCURVE('',#99,#240);
#240 = DEFINITIONAL_REPRESENTATION('',(#241),#245);
#241 = CIRCLE('',#242,3.);
#242 = AXIS2_PLACEMENT_2D('',#243,#244);
#243 = CARTESIAN_POINT('',(-1.655241075285,-4.377648097096));
#244 = DIRECTION('',(1.,0.));
#245 = ( GEOMETRIC_REPRESENTATION_CONTEXT(2) 
PARAMETRIC_REPRESENTATION_CONTEXT() REPRESENTATION_CONTEXT('2D SPACE',''
  ) );
#246 = ORIENTED_EDGE('',*,*,#247,.F.);
#247 = EDGE_CURVE('',#167,#224,#248,.T.);
#248 = SURFACE_CURVE('',#249,(#253,#260),.PCURVE_S1.);
#249 = LINE('',#250,#251);
#250 = CARTESIAN_POINT('',(-7.679065674394,7.,-2.243200920191));
#251 = VECTOR('',#252,1.);
#252 = DIRECTION('',(-0.,-1.,-0.));
#253 = PCURVE('',#176,#254);
#254 = DEFINITIONAL_REPRESENTATION('',(#255),#259);
#255 = LINE('',#256,#257);
#256 = CARTESIAN_POINT('',(6.059841528445,0.));
#257 = VECTOR('',#258,1.);
#258 = DIRECTION('',(0.,1.));
#259 = ( GEOMETRIC_REPRESENTATION_CONTEXT(2) 
PARAMETRIC_REPRESENTATION_CONTEXT() REPRESENTATION_CONTEXT('2D SPACE',''
  ) );
#260 = PCURVE('',#261,#266);
#261 = CYLINDRICAL_SURFACE('',#262,8.);
#262 = AXIS2_PLACEMENT_3D('',#263,#264,#265);
#263 = CARTESIAN_POINT('',(1.953316134117E-16,7.,-2.229711069055E-16));
#264 = DIRECTION('',(-0.,-1.,-0.));
#265 = DIRECTION('',(0.,0.,-1.));
#266 = DEFINITIONAL_REPRESENTATION('',(#267),#271);
#267 = LINE('',#268,#269);
#268 = CARTESIAN_POINT('',(4.996599901424,0.));
#269 = VECTOR('',#270,1.);
#270 = DIRECTION('',(0.,1.));
#271 = ( GEOMETRIC_REPRESENTATION_CONTEXT(2) 
PARAMETRIC_REPRESENTATION_CONTEXT() REPRESENTATION_CONTEXT('2D SPACE',''
  ) );
#272 = ADVANCED_FACE('',(#273),#288,.T.);
#273 = FACE_BOUND('',#274,.T.);
#274 = EDGE_LOOP('',(#275,#306,#334,#358));
#275 = ORIENTED_EDGE('',*,*,#276,.F.);
#276 = EDGE_CURVE('',#277,#279,#281,.T.);
#277 = VERTEX_POINT('',#278);
#278 = CARTESIAN_POINT('',(-7.003160507672,7.,-3.791039114664));
#279 = VERTEX_POINT('',#280);
#280 = CARTESIAN_POINT('',(-7.044871969125,7.,-3.790749126312));
#281 = SURFACE_CURVE('',#282,(#287,#299),.PCURVE_S1.);
#282 = CIRCLE('',#283,3.);
#283 = AXIS2_PLACEMENT_3D('',#284,#285,#286);
#284 = CARTESIAN_POINT('',(-7.003160507672,7.,-0.791039114664));
#285 = DIRECTION('',(0.,1.,0.));
#286 = DIRECTION('',(0.,-0.,1.));
#287 = PCURVE('',#288,#293);
#288 = CYLINDRICAL_SURFACE('',#289,3.);
#289 = AXIS2_PLACEMENT_3D('',#290,#291,#292);
#290 = CARTESIAN_POINT('',(-7.003160507672,7.,-0.791039114664));
#291 = DIRECTION('',(-0.,-1.,-0.));
#292 = DIRECTION('',(0.,0.,-1.));
#293 = DEFINITIONAL_REPRESENTATION('',(#294),#298);
#294 = LINE('',#295,#296);
#295 = CARTESIAN_POINT('',(9.424777960769,0.));
#296 = VECTOR('',#297,1.);
#297 = DIRECTION('',(-1.,0.));
#298 = ( GEOMETRIC_REPRESENTATION_CONTEXT(2) 
PARAMETRIC_REPRESENTATION_CONTEXT() REPRESENTATION_CONTEXT('2D SPACE',''
  ) );
#299 = PCURVE('',#149,#300);
#300 = DEFINITIONAL_REPRESENTATION('',(#301),#305);
#301 = CIRCLE('',#302,3.);
#302 = AXIS2_PLACEMENT_2D('',#303,#304);
#303 = CARTESIAN_POINT('',(-3.128566120072,-4.366217676802));
#304 = DIRECTION('',(1.,0.));
#305 = ( GEOMETRIC_REPRESENTATION_CONTEXT(2) 
PARAMETRIC_REPRESENTATION_CONTEXT() REPRESENTATION_CONTEXT('2D SPACE',''
  ) );
#306 = ORIENTED_EDGE('',*,*,#307,.T.);
#307 = EDGE_CURVE('',#277,#308,#310,.T.);
#308 = VERTEX_POINT('',#309);
#309 = CARTESIAN_POINT('',(-7.003160507672,0.,-3.791039114664));
#310 = SURFACE_CURVE('',#311,(#315,#322),.PCURVE_S1.);
#311 = LINE('',#312,#313);
#312 = CARTESIAN_POINT('',(-7.003160507672,7.,-3.791039114664));
#313 = VECTOR('',#314,1.);
#314 = DIRECTION('',(-0.,-1.,-0.));
#315 = PCURVE('',#288,#316);
#316 = DEFINITIONAL_REPRESENTATION('',(#317),#321);
#317 = LINE('',#318,#319);
#318 = CARTESIAN_POINT('',(6.28318530718,0.));
#319 = VECTOR('',#320,1.);
#320 = DIRECTION('',(0.,1.));
#321 = ( GEOMETRIC_REPRESENTATION_CONTEXT(2) 
PARAMETRIC_REPRESENTATION_CONTEXT() REPRESENTATION_CONTEXT('2D SPACE',''
  ) );
#322 = PCURVE('',#323,#328);
#323 = CYLINDRICAL_SURFACE('',#324,3.);
#324 = AXIS2_PLACEMENT_3D('',#325,#326,#327);
#325 = CARTESIAN_POINT('',(-7.003160507672,7.,-0.791039114664));
#326 = DIRECTION('',(-0.,-1.,-0.));
#327 = DIRECTION('',(0.,0.,-1.));
#328 = DEFINITIONAL_REPRESENTATION('',(#329),#333);
#329 = LINE('',#330,#331);
#330 = CARTESIAN_POINT('',(0.,0.));
#331 = VECTOR('',#332,1.);
#332 = DIRECTION('',(0.,1.));
#333 = ( GEOMETRIC_REPRESENTATION_CONTEXT(2) 
PARAMETRIC_REPRESENTATION_CONTEXT() REPRESENTATION_CONTEXT('2D SPACE',''
  ) );
#334 = ORIENTED_EDGE('',*,*,#335,.T.);
#335 = EDGE_CURVE('',#308,#336,#338,.T.);
#336 = VERTEX_POINT('',#337);
#337 = CARTESIAN_POINT('',(-7.044871969125,0.,-3.790749126312));
#338 = SURFACE_CURVE('',#339,(#344,#351),.PCURVE_S1.);
#339 = CIRCLE('',#340,3.);
#340 = AXIS2_PLACEMENT_3D('',#341,#342,#343);
#341 = CARTESIAN_POINT('',(-7.003160507672,0.,-0.791039114664));
#342 = DIRECTION('',(0.,1.,0.));
#343 = DIRECTION('',(0.,-0.,1.));
#344 = PCURVE('',#288,#345);
#345 = DEFINITIONAL_REPRESENTATION('',(#346),#350);
#346 = LINE('',#347,#348);
#347 = CARTESIAN_POINT('',(9.424777960769,7.));
#348 = VECTOR('',#349,1.);
#349 = DIRECTION('',(-1.,0.));
#350 = ( GEOMETRIC_REPRESENTATION_CONTEXT(2) 
PARAMETRIC_REPRESENTATION_CONTEXT() REPRESENTATION_CONTEXT('2D SPACE',''
  ) );
#351 = PCURVE('',#99,#352);
#352 = DEFINITIONAL_REPRESENTATION('',(#353),#357);
#353 = CIRCLE('',#354,3.);
#354 = AXIS2_PLACEMENT_2D('',#355,#356);
#355 = CARTESIAN_POINT('',(-3.128566120072,-4.366217676802));
#356 = DIRECTION('',(1.,0.));
#357 = ( GEOMETRIC_REPRESENTATION_CONTEXT(2) 
PARAMETRIC_REPRESENTATION_CONTEXT() REPRESENTATION_CONTEXT('2D SPACE',''
  ) );
#358 = ORIENTED_EDGE('',*,*,#359,.F.);
#359 = EDGE_CURVE('',#279,#336,#360,.T.);
#360 = SURFACE_CURVE('',#361,(#365,#372),.PCURVE_S1.);
#361 = LINE('',#362,#363);
#362 = CARTESIAN_POINT('',(-7.044871969125,7.,-3.790749126312));
#363 = VECTOR('',#364,1.);
#364 = DIRECTION('',(-0.,-1.,-0.));
#365 = PCURVE('',#288,#366);
#366 = DEFINITIONAL_REPRESENTATION('',(#367),#371);
#367 = LINE('',#368,#369);
#368 = CARTESIAN_POINT('',(6.269281038684,0.));
#369 = VECTOR('',#370,1.);
#370 = DIRECTION('',(0.,1.));
#371 = ( GEOMETRIC_REPRESENTATION_CONTEXT(2) 
PARAMETRIC_REPRESENTATION_CONTEXT() REPRESENTATION_CONTEXT('2D SPACE',''
  ) );
#372 = PCURVE('',#373,#378);
#373 = CYLINDRICAL_SURFACE('',#374,8.);
#374 = AXIS2_PLACEMENT_3D('',#375,#376,#377);
#375 = CARTESIAN_POINT('',(1.953316134117E-16,7.,-2.229711069055E-16));
#376 = DIRECTION('',(-0.,-1.,-0.));
#377 = DIRECTION('',(0.,0.,-1.));
#378 = DEFINITIONAL_REPRESENTATION('',(#379),#383);
#379 = LINE('',#380,#381);
#380 = CARTESIAN_POINT('',(5.206039411664,0.));
#381 = VECTOR('',#382,1.);
#382 = DIRECTION('',(0.,1.));
#383 = ( GEOMETRIC_REPRESENTATION_CONTEXT(2) 
PARAMETRIC_REPRESENTATION_CONTEXT() REPRESENTATION_CONTEXT('2D SPACE',''
  ) );
#384 = ADVANCED_FACE('',(#385),#400,.T.);
#385 = FACE_BOUND('',#386,.T.);
#386 = EDGE_LOOP('',(#387,#418,#446,#470));
#387 = ORIENTED_EDGE('',*,*,#388,.F.);
#388 = EDGE_CURVE('',#389,#391,#393,.T.);
#389 = VERTEX_POINT('',#390);
#390 = CARTESIAN_POINT('',(7.04769384088,7.,-2.996608486373));
#391 = VERTEX_POINT('',#392);
#392 = CARTESIAN_POINT('',(6.239023062534,7.,-2.885561856064));
#393 = SURFACE_CURVE('',#394,(#399,#411),.PCURVE_S1.);
#394 = CIRCLE('',#395,3.);
#395 = AXIS2_PLACEMENT_3D('',#396,#397,#398);
#396 = CARTESIAN_POINT('',(7.04769384088,7.,3.39151362715E-03));
#397 = DIRECTION('',(0.,1.,0.));
#398 = DIRECTION('',(0.,-0.,1.));
#399 = PCURVE('',#400,#405);
#400 = CYLINDRICAL_SURFACE('',#401,3.);
#401 = AXIS2_PLACEMENT_3D('',#402,#403,#404);
#402 = CARTESIAN_POINT('',(7.04769384088,7.,3.39151362715E-03));
#403 = DIRECTION('',(-0.,-1.,-0.));
#404 = DIRECTION('',(0.,0.,-1.));
#405 = DEFINITIONAL_REPRESENTATION('',(#406),#410);
#406 = LINE('',#407,#408);
#407 = CARTESIAN_POINT('',(9.424777960769,0.));
#408 = VECTOR('',#409,1.);
#409 = DIRECTION('',(-1.,0.));
#410 = ( GEOMETRIC_REPRESENTATION_CONTEXT(2) 
PARAMETRIC_REPRESENTATION_CONTEXT() REPRESENTATION_CONTEXT('2D SPACE',''
  ) );
#411 = PCURVE('',#149,#412);
#412 = DEFINITIONAL_REPRESENTATION('',(#413),#417);
#413 = CIRCLE('',#414,3.);
#414 = AXIS2_PLACEMENT_2D('',#415,#416);
#415 = CARTESIAN_POINT('',(-2.33413549178,9.68463667175));
#416 = DIRECTION('',(1.,0.));
#417 = ( GEOMETRIC_REPRESENTATION_CONTEXT(2) 
PARAMETRIC_REPRESENTATION_CONTEXT() REPRESENTATION_CONTEXT('2D SPACE',''
  ) );
#418 = ORIENTED_EDGE('',*,*,#419,.T.);
#419 = EDGE_CURVE('',#389,#420,#422,.T.);
#420 = VERTEX_POINT('',#421);
#421 = CARTESIAN_POINT('',(7.04769384088,0.,-2.996608486373));
#422 = SURFACE_CURVE('',#423,(#427,#434),.PCURVE_S1.);
#423 = LINE('',#424,#425);
#424 = CARTESIAN_POINT('',(7.04769384088,7.,-2.996608486373));
#425 = VECTOR('',#426,1.);
#426 = DIRECTION('',(-0.,-1.,-0.));
#427 = PCURVE('',#400,#428);
#428 = DEFINITIONAL_REPRESENTATION('',(#429),#433);
#429 = LINE('',#430,#431);
#430 = CARTESIAN_POINT('',(6.28318530718,0.));
#431 = VECTOR('',#432,1.);
#432 = DIRECTION('',(0.,1.));
#433 = ( GEOMETRIC_REPRESENTATION_CONTEXT(2) 
PARAMETRIC_REPRESENTATION_CONTEXT() REPRESENTATION_CONTEXT('2D SPACE',''
  ) );
#434 = PCURVE('',#435,#440);
#435 = CYLINDRICAL_SURFACE('',#436,3.);
#436 = AXIS2_PLACEMENT_3D('',#437,#438,#439);
#437 = CARTESIAN_POINT('',(7.04769384088,7.,3.39151362715E-03));
#438 = DIRECTION('',(-0.,-1.,-0.));
#439 = DIRECTION('',(0.,0.,-1.));
#440 = DEFINITIONAL_REPRESENTATION('',(#441),#445);
#441 = LINE('',#442,#443);
#442 = CARTESIAN_POINT('',(0.,0.));
#443 = VECTOR('',#444,1.);
#444 = DIRECTION('',(0.,1.));
#445 = ( GEOMETRIC_REPRESENTATION_CONTEXT(2) 
PARAMETRIC_REPRESENTATION_CONTEXT() REPRESENTATION_CONTEXT('2D SPACE',''
  ) );
#446 = ORIENTED_EDGE('',*,*,#447,.T.);
#447 = EDGE_CURVE('',#420,#448,#450,.T.);
#448 = VERTEX_POINT('',#449);
#449 = CARTESIAN_POINT('',(6.239023062534,0.,-2.885561856064));
#450 = SURFACE_CURVE('',#451,(#456,#463),.PCURVE_S1.);
#451 = CIRCLE('',#452,3.);
#452 = AXIS2_PLACEMENT_3D('',#453,#454,#455);
#453 = CARTESIAN_POINT('',(7.04769384088,0.,3.39151362715E-03));
#454 = DIRECTION('',(0.,1.,0.));
#455 = DIRECTION('',(0.,-0.,1.));
#456 = PCURVE('',#400,#457);
#457 = DEFINITIONAL_REPRESENTATION('',(#458),#462);
#458 = LINE('',#459,#460);
#459 = CARTESIAN_POINT('',(9.424777960769,7.));
#460 = VECTOR('',#461,1.);
#461 = DIRECTION('',(-1.,0.));
#462 = ( GEOMETRIC_REPRESENTATION_CONTEXT(2) 
PARAMETRIC_REPRESENTATION_CONTEXT() REPRESENTATION_CONTEXT('2D SPACE',''
  ) );
#463 = PCURVE('',#99,#464);
#464 = DEFINITIONAL_REPRESENTATION('',(#465),#469);
#465 = CIRCLE('',#466,3.);
#466 = AXIS2_PLACEMENT_2D('',#467,#468);
#467 = CARTESIAN_POINT('',(-2.33413549178,9.68463667175));
#468 = DIRECTION('',(1.,0.));
#469 = ( GEOMETRIC_REPRESENTATION_CONTEXT(2) 
PARAMETRIC_REPRESENTATION_CONTEXT() REPRESENTATION_CONTEXT('2D SPACE',''
  ) );
#470 = ORIENTED_EDGE('',*,*,#471,.F.);
#471 = EDGE_CURVE('',#391,#448,#472,.T.);
#472 = SURFACE_CURVE('',#473,(#477,#484),.PCURVE_S1.);
#473 = LINE('',#474,#475);
#474 = CARTESIAN_POINT('',(6.239023062534,7.,-2.885561856064));
#475 = VECTOR('',#476,1.);
#476 = DIRECTION('',(-0.,-1.,-0.));
#477 = PCURVE('',#400,#478);
#478 = DEFINITIONAL_REPRESENTATION('',(#479),#483);
#479 = LINE('',#480,#481);
#480 = CARTESIAN_POINT('',(6.010252410279,0.));
#481 = VECTOR('',#482,1.);
#482 = DIRECTION('',(0.,1.));
#483 = ( GEOMETRIC_REPRESENTATION_CONTEXT(2) 
PARAMETRIC_REPRESENTATION_CONTEXT() REPRESENTATION_CONTEXT('2D SPACE',''
  ) );
#484 = PCURVE('',#485,#490);
#485 = CYLINDRICAL_SURFACE('',#486,6.874);
#486 = AXIS2_PLACEMENT_3D('',#487,#488,#489);
#487 = CARTESIAN_POINT('',(1.953316134117E-16,7.,-2.229711069055E-16));
#488 = DIRECTION('',(-0.,-1.,-0.));
#489 = DIRECTION('',(0.,0.,-1.));
#490 = DEFINITIONAL_REPRESENTATION('',(#491),#495);
#491 = LINE('',#492,#493);
#492 = CARTESIAN_POINT('',(1.137594350815,0.));
#493 = VECTOR('',#494,1.);
#494 = DIRECTION('',(0.,1.));
#495 = ( GEOMETRIC_REPRESENTATION_CONTEXT(2) 
PARAMETRIC_REPRESENTATION_CONTEXT() REPRESENTATION_CONTEXT('2D SPACE',''
  ) );
#496 = ADVANCED_FACE('',(#497),#512,.T.);
#497 = FACE_BOUND('',#498,.T.);
#498 = EDGE_LOOP('',(#499,#530,#558,#582));
#499 = ORIENTED_EDGE('',*,*,#500,.F.);
#500 = EDGE_CURVE('',#501,#503,#505,.T.);
#501 = VERTEX_POINT('',#502);
#502 = CARTESIAN_POINT('',(6.892979685831,7.,-1.531384656259));
#503 = VERTEX_POINT('',#504);
#504 = CARTESIAN_POINT('',(6.702627483994,7.,-1.525339572295));
#505 = SURFACE_CURVE('',#506,(#511,#523),.PCURVE_S1.);
#506 = CIRCLE('',#507,3.);
#507 = AXIS2_PLACEMENT_3D('',#508,#509,#510);
#508 = CARTESIAN_POINT('',(6.892979685831,7.,1.468615343741));
#509 = DIRECTION('',(0.,1.,0.));
#510 = DIRECTION('',(0.,-0.,1.));
#511 = PCURVE('',#512,#517);
#512 = CYLINDRICAL_SURFACE('',#513,3.);
#513 = AXIS2_PLACEMENT_3D('',#514,#515,#516);
#514 = CARTESIAN_POINT('',(6.892979685831,7.,1.468615343741));
#515 = DIRECTION('',(-0.,-1.,-0.));
#516 = DIRECTION('',(0.,0.,-1.));
#517 = DEFINITIONAL_REPRESENTATION('',(#518),#522);
#518 = LINE('',#519,#520);
#519 = CARTESIAN_POINT('',(9.424777960769,0.));
#520 = VECTOR('',#521,1.);
#521 = DIRECTION('',(-1.,0.));
#522 = ( GEOMETRIC_REPRESENTATION_CONTEXT(2) 
PARAMETRIC_REPRESENTATION_CONTEXT() REPRESENTATION_CONTEXT('2D SPACE',''
  ) );
#523 = PCURVE('',#149,#524);
#524 = DEFINITIONAL_REPRESENTATION('',(#525),#529);
#525 = CIRCLE('',#526,3.);
#526 = AXIS2_PLACEMENT_2D('',#527,#528);
#527 = CARTESIAN_POINT('',(-0.868911661667,9.5299225167));
#528 = DIRECTION('',(1.,0.));
#529 = ( GEOMETRIC_REPRESENTATION_CONTEXT(2) 
PARAMETRIC_REPRESENTATION_CONTEXT() REPRESENTATION_CONTEXT('2D SPACE',''
  ) );
#530 = ORIENTED_EDGE('',*,*,#531,.T.);
#531 = EDGE_CURVE('',#501,#532,#534,.T.);
#532 = VERTEX_POINT('',#533);
#533 = CARTESIAN_POINT('',(6.892979685831,0.,-1.531384656259));
#534 = SURFACE_CURVE('',#535,(#539,#546),.PCURVE_S1.);
#535 = LINE('',#536,#537);
#536 = CARTESIAN_POINT('',(6.892979685831,7.,-1.531384656259));
#537 = VECTOR('',#538,1.);
#538 = DIRECTION('',(-0.,-1.,-0.));
#539 = PCURVE('',#512,#540);
#540 = DEFINITIONAL_REPRESENTATION('',(#541),#545);
#541 = LINE('',#542,#543);
#542 = CARTESIAN_POINT('',(6.28318530718,0.));
#543 = VECTOR('',#544,1.);
#544 = DIRECTION('',(0.,1.));
#545 = ( GEOMETRIC_REPRESENTATION_CONTEXT(2) 
PARAMETRIC_REPRESENTATION_CONTEXT() REPRESENTATION_CONTEXT('2D SPACE',''
  ) );
#546 = PCURVE('',#547,#552);
#547 = CYLINDRICAL_SURFACE('',#548,3.);
#548 = AXIS2_PLACEMENT_3D('',#549,#550,#551);
#549 = CARTESIAN_POINT('',(6.892979685831,7.,1.468615343741));
#550 = DIRECTION('',(-0.,-1.,-0.));
#551 = DIRECTION('',(0.,0.,-1.));
#552 = DEFINITIONAL_REPRESENTATION('',(#553),#557);
#553 = LINE('',#554,#555);
#554 = CARTESIAN_POINT('',(0.,0.));
#555 = VECTOR('',#556,1.);
#556 = DIRECTION('',(0.,1.));
#557 = ( GEOMETRIC_REPRESENTATION_CONTEXT(2) 
PARAMETRIC_REPRESENTATION_CONTEXT() REPRESENTATION_CONTEXT('2D SPACE',''
  ) );
#558 = ORIENTED_EDGE('',*,*,#559,.T.);
#559 = EDGE_CURVE('',#532,#560,#562,.T.);
#560 = VERTEX_POINT('',#561);
#561 = CARTESIAN_POINT('',(6.702627483994,0.,-1.525339572295));
#562 = SURFACE_CURVE('',#563,(#568,#575),.PCURVE_S1.);
#563 = CIRCLE('',#564,3.);
#564 = AXIS2_PLACEMENT_3D('',#565,#566,#567);
#565 = CARTESIAN_POINT('',(6.892979685831,0.,1.468615343741));
#566 = DIRECTION('',(0.,1.,0.));
#567 = DIRECTION('',(0.,-0.,1.));
#568 = PCURVE('',#512,#569);
#569 = DEFINITIONAL_REPRESENTATION('',(#570),#574);
#570 = LINE('',#571,#572);
#571 = CARTESIAN_POINT('',(9.424777960769,7.));
#572 = VECTOR('',#573,1.);
#573 = DIRECTION('',(-1.,0.));
#574 = ( GEOMETRIC_REPRESENTATION_CONTEXT(2) 
PARAMETRIC_REPRESENTATION_CONTEXT() REPRESENTATION_CONTEXT('2D SPACE',''
  ) );
#575 = PCURVE('',#99,#576);
#576 = DEFINITIONAL_REPRESENTATION('',(#577),#581);
#577 = CIRCLE('',#578,3.);
#578 = AXIS2_PLACEMENT_2D('',#579,#580);
#579 = CARTESIAN_POINT('',(-0.868911661667,9.5299225167));
#580 = DIRECTION('',(1.,0.));
#581 = ( GEOMETRIC_REPRESENTATION_CONTEXT(2) 
PARAMETRIC_REPRESENTATION_CONTEXT() REPRESENTATION_CONTEXT('2D SPACE',''
  ) );
#582 = ORIENTED_EDGE('',*,*,#583,.F.);
#583 = EDGE_CURVE('',#503,#560,#584,.T.);
#584 = SURFACE_CURVE('',#585,(#589,#596),.PCURVE_S1.);
#585 = LINE('',#586,#587);
#586 = CARTESIAN_POINT('',(6.702627483994,7.,-1.525339572295));
#587 = VECTOR('',#588,1.);
#588 = DIRECTION('',(-0.,-1.,-0.));
#589 = PCURVE('',#512,#590);
#590 = DEFINITIONAL_REPRESENTATION('',(#591),#595);
#591 = LINE('',#592,#593);
#592 = CARTESIAN_POINT('',(6.219691920519,0.));
#593 = VECTOR('',#594,1.);
#594 = DIRECTION('',(0.,1.));
#595 = ( GEOMETRIC_REPRESENTATION_CONTEXT(2) 
PARAMETRIC_REPRESENTATION_CONTEXT() REPRESENTATION_CONTEXT('2D SPACE',''
  ) );
#596 = PCURVE('',#597,#602);
#597 = CYLINDRICAL_SURFACE('',#598,6.874);
#598 = AXIS2_PLACEMENT_3D('',#599,#600,#601);
#599 = CARTESIAN_POINT('',(1.953316134117E-16,7.,-2.229711069055E-16));
#600 = DIRECTION('',(-0.,-1.,-0.));
#601 = DIRECTION('',(0.,0.,-1.));
#602 = DEFINITIONAL_REPRESENTATION('',(#603),#607);
#603 = LINE('',#604,#605);
#604 = CARTESIAN_POINT('',(1.347033861054,0.));
#605 = VECTOR('',#606,1.);
#606 = DIRECTION('',(0.,1.));
#607 = ( GEOMETRIC_REPRESENTATION_CONTEXT(2) 
PARAMETRIC_REPRESENTATION_CONTEXT() REPRESENTATION_CONTEXT('2D SPACE',''
  ) );
#608 = ADVANCED_FACE('',(#609,#4047),#149,.T.);
#609 = FACE_BOUND('',#610,.T.);
#610 = EDGE_LOOP('',(#611,#642,#671,#700,#729,#758,#787,#816,#845,#874,
    #903,#932,#961,#990,#1019,#1048,#1077,#1106,#1135,#1164,#1193,#1222,
    #1251,#1280,#1309,#1338,#1367,#1396,#1425,#1454,#1483,#1512,#1541,
    #1570,#1599,#1628,#1657,#1686,#1715,#1744,#1773,#1802,#1831,#1860,
    #1889,#1918,#1947,#1976,#2005,#2034,#2063,#2092,#2121,#2150,#2179,
    #2208,#2237,#2266,#2295,#2324,#2346,#2347,#2371,#2400,#2429,#2451,
    #2452,#2476,#2505,#2534,#2563,#2592,#2621,#2650,#2679,#2708,#2737,
    #2766,#2795,#2824,#2853,#2882,#2911,#2940,#2969,#2998,#3027,#3056,
    #3085,#3114,#3143,#3172,#3201,#3230,#3259,#3288,#3317,#3346,#3375,
    #3404,#3433,#3462,#3491,#3520,#3549,#3578,#3607,#3636,#3658,#3659,
    #3683,#3712,#3741,#3763,#3764,#3788,#3817,#3846,#3875,#3904,#3933,
    #3962,#3991,#4020));
#611 = ORIENTED_EDGE('',*,*,#612,.T.);
#612 = EDGE_CURVE('',#613,#615,#617,.T.);
#613 = VERTEX_POINT('',#614);
#614 = CARTESIAN_POINT('',(-6.702627483994,7.,1.525339572295));
#615 = VERTEX_POINT('',#616);
#616 = CARTESIAN_POINT('',(-6.583820891905,7.,1.976152439292));
#617 = SURFACE_CURVE('',#618,(#623,#630),.PCURVE_S1.);
#618 = CIRCLE('',#619,6.874);
#619 = AXIS2_PLACEMENT_3D('',#620,#621,#622);
#620 = CARTESIAN_POINT('',(1.953316134117E-16,7.,-2.229711069055E-16));
#621 = DIRECTION('',(0.,1.,0.));
#622 = DIRECTION('',(0.,-0.,1.));
#623 = PCURVE('',#149,#624);
#624 = DEFINITIONAL_REPRESENTATION('',(#625),#629);
#625 = CIRCLE('',#626,6.874);
#626 = AXIS2_PLACEMENT_2D('',#627,#628);
#627 = CARTESIAN_POINT('',(-2.337527005408,2.63694283087));
#628 = DIRECTION('',(1.,0.));
#629 = ( GEOMETRIC_REPRESENTATION_CONTEXT(2) 
PARAMETRIC_REPRESENTATION_CONTEXT() REPRESENTATION_CONTEXT('2D SPACE',''
  ) );
#630 = PCURVE('',#631,#636);
#631 = CYLINDRICAL_SURFACE('',#632,6.874);
#632 = AXIS2_PLACEMENT_3D('',#633,#634,#635);
#633 = CARTESIAN_POINT('',(1.953316134117E-16,7.,-2.229711069055E-16));
#634 = DIRECTION('',(-0.,-1.,-0.));
#635 = DIRECTION('',(0.,0.,-1.));
#636 = DEFINITIONAL_REPRESENTATION('',(#637),#641);
#637 = LINE('',#638,#639);
#638 = CARTESIAN_POINT('',(9.424777960769,0.));
#639 = VECTOR('',#640,1.);
#640 = DIRECTION('',(-1.,0.));
#641 = ( GEOMETRIC_REPRESENTATION_CONTEXT(2) 
PARAMETRIC_REPRESENTATION_CONTEXT() REPRESENTATION_CONTEXT('2D SPACE',''
  ) );
#642 = ORIENTED_EDGE('',*,*,#643,.T.);
#643 = EDGE_CURVE('',#615,#644,#646,.T.);
#644 = VERTEX_POINT('',#645);
#645 = CARTESIAN_POINT('',(-7.531015050323,7.,2.698853888562));
#646 = SURFACE_CURVE('',#647,(#652,#659),.PCURVE_S1.);
#647 = CIRCLE('',#648,3.);
#648 = AXIS2_PLACEMENT_3D('',#649,#650,#651);
#649 = CARTESIAN_POINT('',(-5.27388566174,7.,4.675054010815));
#650 = DIRECTION('',(0.,1.,0.));
#651 = DIRECTION('',(0.,-0.,1.));
#652 = PCURVE('',#149,#653);
#653 = DEFINITIONAL_REPRESENTATION('',(#654),#658);
#654 = CIRCLE('',#655,3.);
#655 = AXIS2_PLACEMENT_2D('',#656,#657);
#656 = CARTESIAN_POINT('',(2.337527005408,-2.63694283087));
#657 = DIRECTION('',(1.,0.));
#658 = ( GEOMETRIC_REPRESENTATION_CONTEXT(2) 
PARAMETRIC_REPRESENTATION_CONTEXT() REPRESENTATION_CONTEXT('2D SPACE',''
  ) );
#659 = PCURVE('',#660,#665);
#660 = CYLINDRICAL_SURFACE('',#661,3.);
#661 = AXIS2_PLACEMENT_3D('',#662,#663,#664);
#662 = CARTESIAN_POINT('',(-5.27388566174,7.,4.675054010815));
#663 = DIRECTION('',(-0.,-1.,-0.));
#664 = DIRECTION('',(0.,0.,-1.));
#665 = DEFINITIONAL_REPRESENTATION('',(#666),#670);
#666 = LINE('',#667,#668);
#667 = CARTESIAN_POINT('',(9.424777960769,0.));
#668 = VECTOR('',#669,1.);
#669 = DIRECTION('',(-1.,0.));
#670 = ( GEOMETRIC_REPRESENTATION_CONTEXT(2) 
PARAMETRIC_REPRESENTATION_CONTEXT() REPRESENTATION_CONTEXT('2D SPACE',''
  ) );
#671 = ORIENTED_EDGE('',*,*,#672,.T.);
#672 = EDGE_CURVE('',#644,#673,#675,.T.);
#673 = VERTEX_POINT('',#674);
#674 = CARTESIAN_POINT('',(-7.42726378906,7.,2.972499387337));
#675 = SURFACE_CURVE('',#676,(#681,#688),.PCURVE_S1.);
#676 = CIRCLE('',#677,8.);
#677 = AXIS2_PLACEMENT_3D('',#678,#679,#680);
#678 = CARTESIAN_POINT('',(1.953316134117E-16,7.,-2.229711069055E-16));
#679 = DIRECTION('',(0.,1.,0.));
#680 = DIRECTION('',(0.,-0.,1.));
#681 = PCURVE('',#149,#682);
#682 = DEFINITIONAL_REPRESENTATION('',(#683),#687);
#683 = CIRCLE('',#684,8.);
#684 = AXIS2_PLACEMENT_2D('',#685,#686);
#685 = CARTESIAN_POINT('',(-2.337527005408,2.63694283087));
#686 = DIRECTION('',(1.,0.));
#687 = ( GEOMETRIC_REPRESENTATION_CONTEXT(2) 
PARAMETRIC_REPRESENTATION_CONTEXT() REPRESENTATION_CONTEXT('2D SPACE',''
  ) );
#688 = PCURVE('',#689,#694);
#689 = CYLINDRICAL_SURFACE('',#690,8.);
#690 = AXIS2_PLACEMENT_3D('',#691,#692,#693);
#691 = CARTESIAN_POINT('',(1.953316134117E-16,7.,-2.229711069055E-16));
#692 = DIRECTION('',(-0.,-1.,-0.));
#693 = DIRECTION('',(0.,0.,-1.));
#694 = DEFINITIONAL_REPRESENTATION('',(#695),#699);
#695 = LINE('',#696,#697);
#696 = CARTESIAN_POINT('',(9.424777960769,0.));
#697 = VECTOR('',#698,1.);
#698 = DIRECTION('',(-1.,0.));
#699 = ( GEOMETRIC_REPRESENTATION_CONTEXT(2) 
PARAMETRIC_REPRESENTATION_CONTEXT() REPRESENTATION_CONTEXT('2D SPACE',''
  ) );
#700 = ORIENTED_EDGE('',*,*,#701,.T.);
#701 = EDGE_CURVE('',#673,#702,#704,.T.);
#702 = VERTEX_POINT('',#703);
#703 = CARTESIAN_POINT('',(-6.239023062534,7.,2.885561856064));
#704 = SURFACE_CURVE('',#705,(#710,#717),.PCURVE_S1.);
#705 = CIRCLE('',#706,3.);
#706 = AXIS2_PLACEMENT_3D('',#707,#708,#709);
#707 = CARTESIAN_POINT('',(-7.04769384088,7.,-3.391513627103E-03));
#708 = DIRECTION('',(0.,1.,0.));
#709 = DIRECTION('',(0.,-0.,1.));
#710 = PCURVE('',#149,#711);
#711 = DEFINITIONAL_REPRESENTATION('',(#712),#716);
#712 = CIRCLE('',#713,3.);
#713 = AXIS2_PLACEMENT_2D('',#714,#715);
#714 = CARTESIAN_POINT('',(-2.340918519035,-4.41075101001));
#715 = DIRECTION('',(1.,0.));
#716 = ( GEOMETRIC_REPRESENTATION_CONTEXT(2) 
PARAMETRIC_REPRESENTATION_CONTEXT() REPRESENTATION_CONTEXT('2D SPACE',''
  ) );
#717 = PCURVE('',#718,#723);
#718 = CYLINDRICAL_SURFACE('',#719,3.);
#719 = AXIS2_PLACEMENT_3D('',#720,#721,#722);
#720 = CARTESIAN_POINT('',(-7.04769384088,7.,-3.391513627103E-03));
#721 = DIRECTION('',(-0.,-1.,-0.));
#722 = DIRECTION('',(0.,0.,-1.));
#723 = DEFINITIONAL_REPRESENTATION('',(#724),#728);
#724 = LINE('',#725,#726);
#725 = CARTESIAN_POINT('',(9.424777960769,0.));
#726 = VECTOR('',#727,1.);
#727 = DIRECTION('',(-1.,0.));
#728 = ( GEOMETRIC_REPRESENTATION_CONTEXT(2) 
PARAMETRIC_REPRESENTATION_CONTEXT() REPRESENTATION_CONTEXT('2D SPACE',''
  ) );
#729 = ORIENTED_EDGE('',*,*,#730,.T.);
#730 = EDGE_CURVE('',#702,#731,#733,.T.);
#731 = VERTEX_POINT('',#732);
#732 = CARTESIAN_POINT('',(-6.029083414111,7.,3.301822100855));
#733 = SURFACE_CURVE('',#734,(#739,#746),.PCURVE_S1.);
#734 = CIRCLE('',#735,6.874);
#735 = AXIS2_PLACEMENT_3D('',#736,#737,#738);
#736 = CARTESIAN_POINT('',(1.953316134117E-16,7.,-2.229711069055E-16));
#737 = DIRECTION('',(0.,1.,0.));
#738 = DIRECTION('',(0.,-0.,1.));
#739 = PCURVE('',#149,#740);
#740 = DEFINITIONAL_REPRESENTATION('',(#741),#745);
#741 = CIRCLE('',#742,6.874);
#742 = AXIS2_PLACEMENT_2D('',#743,#744);
#743 = CARTESIAN_POINT('',(-2.337527005408,2.63694283087));
#744 = DIRECTION('',(1.,0.));
#745 = ( GEOMETRIC_REPRESENTATION_CONTEXT(2) 
PARAMETRIC_REPRESENTATION_CONTEXT() REPRESENTATION_CONTEXT('2D SPACE',''
  ) );
#746 = PCURVE('',#747,#752);
#747 = CYLINDRICAL_SURFACE('',#748,6.874);
#748 = AXIS2_PLACEMENT_3D('',#749,#750,#751);
#749 = CARTESIAN_POINT('',(1.953316134117E-16,7.,-2.229711069055E-16));
#750 = DIRECTION('',(-0.,-1.,-0.));
#751 = DIRECTION('',(0.,0.,-1.));
#752 = DEFINITIONAL_REPRESENTATION('',(#753),#757);
#753 = LINE('',#754,#755);
#754 = CARTESIAN_POINT('',(9.424777960769,0.));
#755 = VECTOR('',#756,1.);
#756 = DIRECTION('',(-1.,0.));
#757 = ( GEOMETRIC_REPRESENTATION_CONTEXT(2) 
PARAMETRIC_REPRESENTATION_CONTEXT() REPRESENTATION_CONTEXT('2D SPACE',''
  ) );
#758 = ORIENTED_EDGE('',*,*,#759,.T.);
#759 = EDGE_CURVE('',#731,#760,#762,.T.);
#760 = VERTEX_POINT('',#761);
#761 = CARTESIAN_POINT('',(-6.805321027323,7.,4.205663528515));
#762 = SURFACE_CURVE('',#763,(#768,#775),.PCURVE_S1.);
#763 = CIRCLE('',#764,3.);
#764 = AXIS2_PLACEMENT_3D('',#765,#766,#767);
#765 = CARTESIAN_POINT('',(-4.186640222522,7.,5.669395349092));
#766 = DIRECTION('',(0.,1.,0.));
#767 = DIRECTION('',(0.,-0.,1.));
#768 = PCURVE('',#149,#769);
#769 = DEFINITIONAL_REPRESENTATION('',(#770),#774);
#770 = CIRCLE('',#771,3.);
#771 = AXIS2_PLACEMENT_2D('',#772,#773);
#772 = CARTESIAN_POINT('',(3.331868343684,-1.549697391652));
#773 = DIRECTION('',(1.,0.));
#774 = ( GEOMETRIC_REPRESENTATION_CONTEXT(2) 
PARAMETRIC_REPRESENTATION_CONTEXT() REPRESENTATION_CONTEXT('2D SPACE',''
  ) );
#775 = PCURVE('',#776,#781);
#776 = CYLINDRICAL_SURFACE('',#777,3.);
#777 = AXIS2_PLACEMENT_3D('',#778,#779,#780);
#778 = CARTESIAN_POINT('',(-4.186640222522,7.,5.669395349092));
#779 = DIRECTION('',(-0.,-1.,-0.));
#780 = DIRECTION('',(0.,0.,-1.));
#781 = DEFINITIONAL_REPRESENTATION('',(#782),#786);
#782 = LINE('',#783,#784);
#783 = CARTESIAN_POINT('',(9.424777960769,0.));
#784 = VECTOR('',#785,1.);
#785 = DIRECTION('',(-1.,0.));
#786 = ( GEOMETRIC_REPRESENTATION_CONTEXT(2) 
PARAMETRIC_REPRESENTATION_CONTEXT() REPRESENTATION_CONTEXT('2D SPACE',''
  ) );
#787 = ORIENTED_EDGE('',*,*,#788,.T.);
#788 = EDGE_CURVE('',#760,#789,#791,.T.);
#789 = VERTEX_POINT('',#790);
#790 = CARTESIAN_POINT('',(-6.64694288171,7.,4.451758116439));
#791 = SURFACE_CURVE('',#792,(#797,#804),.PCURVE_S1.);
#792 = CIRCLE('',#793,8.);
#793 = AXIS2_PLACEMENT_3D('',#794,#795,#796);
#794 = CARTESIAN_POINT('',(1.953316134117E-16,7.,-2.229711069055E-16));
#795 = DIRECTION('',(0.,1.,0.));
#796 = DIRECTION('',(0.,-0.,1.));
#797 = PCURVE('',#149,#798);
#798 = DEFINITIONAL_REPRESENTATION('',(#799),#803);
#799 = CIRCLE('',#800,8.);
#800 = AXIS2_PLACEMENT_2D('',#801,#802);
#801 = CARTESIAN_POINT('',(-2.337527005408,2.63694283087));
#802 = DIRECTION('',(1.,0.));
#803 = ( GEOMETRIC_REPRESENTATION_CONTEXT(2) 
PARAMETRIC_REPRESENTATION_CONTEXT() REPRESENTATION_CONTEXT('2D SPACE',''
  ) );
#804 = PCURVE('',#805,#810);
#805 = CYLINDRICAL_SURFACE('',#806,8.);
#806 = AXIS2_PLACEMENT_3D('',#807,#808,#809);
#807 = CARTESIAN_POINT('',(1.953316134117E-16,7.,-2.229711069055E-16));
#808 = DIRECTION('',(-0.,-1.,-0.));
#809 = DIRECTION('',(0.,0.,-1.));
#810 = DEFINITIONAL_REPRESENTATION('',(#811),#815);
#811 = LINE('',#812,#813);
#812 = CARTESIAN_POINT('',(9.424777960769,0.));
#813 = VECTOR('',#814,1.);
#814 = DIRECTION('',(-1.,0.));
#815 = ( GEOMETRIC_REPRESENTATION_CONTEXT(2) 
PARAMETRIC_REPRESENTATION_CONTEXT() REPRESENTATION_CONTEXT('2D SPACE',''
  ) );
#816 = ORIENTED_EDGE('',*,*,#817,.T.);
#817 = EDGE_CURVE('',#789,#818,#820,.T.);
#818 = VERTEX_POINT('',#819);
#819 = CARTESIAN_POINT('',(-5.502743395087,7.,4.11967124026));
#820 = SURFACE_CURVE('',#821,(#826,#833),.PCURVE_S1.);
#821 = CIRCLE('',#822,3.);
#822 = AXIS2_PLACEMENT_3D('',#823,#824,#825);
#823 = CARTESIAN_POINT('',(-6.894389956496,7.,1.461980541906));
#824 = DIRECTION('',(0.,1.,0.));
#825 = DIRECTION('',(0.,-0.,1.));
#826 = PCURVE('',#149,#827);
#827 = DEFINITIONAL_REPRESENTATION('',(#828),#832);
#828 = CIRCLE('',#829,3.);
#829 = AXIS2_PLACEMENT_2D('',#830,#831);
#830 = CARTESIAN_POINT('',(-0.875546463502,-4.257447125626));
#831 = DIRECTION('',(1.,0.));
#832 = ( GEOMETRIC_REPRESENTATION_CONTEXT(2) 
PARAMETRIC_REPRESENTATION_CONTEXT() REPRESENTATION_CONTEXT('2D SPACE',''
  ) );
#833 = PCURVE('',#834,#839);
#834 = CYLINDRICAL_SURFACE('',#835,3.);
#835 = AXIS2_PLACEMENT_3D('',#836,#837,#838);
#836 = CARTESIAN_POINT('',(-6.894389956496,7.,1.461980541906));
#837 = DIRECTION('',(-0.,-1.,-0.));
#838 = DIRECTION('',(0.,0.,-1.));
#839 = DEFINITIONAL_REPRESENTATION('',(#840),#844);
#840 = LINE('',#841,#842);
#841 = CARTESIAN_POINT('',(3.14159265359,0.));
#842 = VECTOR('',#843,1.);
#843 = DIRECTION('',(-1.,0.));
#844 = ( GEOMETRIC_REPRESENTATION_CONTEXT(2) 
PARAMETRIC_REPRESENTATION_CONTEXT() REPRESENTATION_CONTEXT('2D SPACE',''
  ) );
#845 = ORIENTED_EDGE('',*,*,#846,.T.);
#846 = EDGE_CURVE('',#818,#847,#849,.T.);
#847 = VERTEX_POINT('',#848);
#848 = CARTESIAN_POINT('',(-5.210846060368,7.,4.48318629271));
#849 = SURFACE_CURVE('',#850,(#855,#862),.PCURVE_S1.);
#850 = CIRCLE('',#851,6.874);
#851 = AXIS2_PLACEMENT_3D('',#852,#853,#854);
#852 = CARTESIAN_POINT('',(1.953316134117E-16,7.,-2.229711069055E-16));
#853 = DIRECTION('',(0.,1.,0.));
#854 = DIRECTION('',(0.,-0.,1.));
#855 = PCURVE('',#149,#856);
#856 = DEFINITIONAL_REPRESENTATION('',(#857),#861);
#857 = CIRCLE('',#858,6.874);
#858 = AXIS2_PLACEMENT_2D('',#859,#860);
#859 = CARTESIAN_POINT('',(-2.337527005408,2.63694283087));
#860 = DIRECTION('',(1.,0.));
#861 = ( GEOMETRIC_REPRESENTATION_CONTEXT(2) 
PARAMETRIC_REPRESENTATION_CONTEXT() REPRESENTATION_CONTEXT('2D SPACE',''
  ) );
#862 = PCURVE('',#863,#868);
#863 = CYLINDRICAL_SURFACE('',#864,6.874);
#864 = AXIS2_PLACEMENT_3D('',#865,#866,#867);
#865 = CARTESIAN_POINT('',(1.953316134117E-16,7.,-2.229711069055E-16));
#866 = DIRECTION('',(-0.,-1.,-0.));
#867 = DIRECTION('',(0.,0.,-1.));
#868 = DEFINITIONAL_REPRESENTATION('',(#869),#873);
#869 = LINE('',#870,#871);
#870 = CARTESIAN_POINT('',(9.424777960769,0.));
#871 = VECTOR('',#872,1.);
#872 = DIRECTION('',(-1.,0.));
#873 = ( GEOMETRIC_REPRESENTATION_CONTEXT(2) 
PARAMETRIC_REPRESENTATION_CONTEXT() REPRESENTATION_CONTEXT('2D SPACE',''
  ) );
#874 = ORIENTED_EDGE('',*,*,#875,.T.);
#875 = EDGE_CURVE('',#847,#876,#878,.T.);
#876 = VERTEX_POINT('',#877);
#877 = CARTESIAN_POINT('',(-5.782201819875,7.,5.528665491259));
#878 = SURFACE_CURVE('',#879,(#884,#891),.PCURVE_S1.);
#879 = CIRCLE('',#880,3.);
#880 = AXIS2_PLACEMENT_3D('',#881,#882,#883);
#881 = CARTESIAN_POINT('',(-2.916418515852,7.,6.415956905836));
#882 = DIRECTION('',(0.,1.,0.));
#883 = DIRECTION('',(0.,-0.,1.));
#884 = PCURVE('',#149,#885);
#885 = DEFINITIONAL_REPRESENTATION('',(#886),#890);
#886 = CIRCLE('',#887,3.);
#887 = AXIS2_PLACEMENT_2D('',#888,#889);
#888 = CARTESIAN_POINT('',(4.078429900428,-0.279475684982));
#889 = DIRECTION('',(1.,0.));
#890 = ( GEOMETRIC_REPRESENTATION_CONTEXT(2) 
PARAMETRIC_REPRESENTATION_CONTEXT() REPRESENTATION_CONTEXT('2D SPACE',''
  ) );
#891 = PCURVE('',#892,#897);
#892 = CYLINDRICAL_SURFACE('',#893,3.);
#893 = AXIS2_PLACEMENT_3D('',#894,#895,#896);
#894 = CARTESIAN_POINT('',(-2.916418515852,7.,6.415956905836));
#895 = DIRECTION('',(-0.,-1.,-0.));
#896 = DIRECTION('',(0.,0.,-1.));
#897 = DEFINITIONAL_REPRESENTATION('',(#898),#902);
#898 = LINE('',#899,#900);
#899 = CARTESIAN_POINT('',(9.424777960769,0.));
#900 = VECTOR('',#901,1.);
#901 = DIRECTION('',(-1.,0.));
#902 = ( GEOMETRIC_REPRESENTATION_CONTEXT(2) 
PARAMETRIC_REPRESENTATION_CONTEXT() REPRESENTATION_CONTEXT('2D SPACE',''
  ) );
#903 = ORIENTED_EDGE('',*,*,#904,.T.);
#904 = EDGE_CURVE('',#876,#905,#907,.T.);
#905 = VERTEX_POINT('',#906);
#906 = CARTESIAN_POINT('',(-5.576118674859,7.,5.736453653948));
#907 = SURFACE_CURVE('',#908,(#913,#920),.PCURVE_S1.);
#908 = CIRCLE('',#909,8.);
#909 = AXIS2_PLACEMENT_3D('',#910,#911,#912);
#910 = CARTESIAN_POINT('',(1.953316134117E-16,7.,-2.229711069055E-16));
#911 = DIRECTION('',(0.,1.,0.));
#912 = DIRECTION('',(0.,-0.,1.));
#913 = PCURVE('',#149,#914);
#914 = DEFINITIONAL_REPRESENTATION('',(#915),#919);
#915 = CIRCLE('',#916,8.);
#916 = AXIS2_PLACEMENT_2D('',#917,#918);
#917 = CARTESIAN_POINT('',(-2.337527005408,2.63694283087));
#918 = DIRECTION('',(1.,0.));
#919 = ( GEOMETRIC_REPRESENTATION_CONTEXT(2) 
PARAMETRIC_REPRESENTATION_CONTEXT() REPRESENTATION_CONTEXT('2D SPACE',''
  ) );
#920 = PCURVE('',#921,#926);
#921 = CYLINDRICAL_SURFACE('',#922,8.);
#922 = AXIS2_PLACEMENT_3D('',#923,#924,#925);
#923 = CARTESIAN_POINT('',(1.953316134117E-16,7.,-2.229711069055E-16));
#924 = DIRECTION('',(-0.,-1.,-0.));
#925 = DIRECTION('',(0.,0.,-1.));
#926 = DEFINITIONAL_REPRESENTATION('',(#927),#931);
#927 = LINE('',#928,#929);
#928 = CARTESIAN_POINT('',(9.424777960769,0.));
#929 = VECTOR('',#930,1.);
#930 = DIRECTION('',(-1.,0.));
#931 = ( GEOMETRIC_REPRESENTATION_CONTEXT(2) 
PARAMETRIC_REPRESENTATION_CONTEXT() REPRESENTATION_CONTEXT('2D SPACE',''
  ) );
#932 = ORIENTED_EDGE('',*,*,#933,.T.);
#933 = EDGE_CURVE('',#905,#934,#936,.T.);
#934 = VERTEX_POINT('',#935);
#935 = CARTESIAN_POINT('',(-4.525967436182,7.,5.173731222881));
#936 = SURFACE_CURVE('',#937,(#942,#949),.PCURVE_S1.);
#937 = CIRCLE('',#938,3.);
#938 = AXIS2_PLACEMENT_3D('',#939,#940,#941);
#939 = CARTESIAN_POINT('',(-6.439768148059,7.,2.863457032397));
#940 = DIRECTION('',(0.,1.,0.));
#941 = DIRECTION('',(0.,-0.,1.));
#942 = PCURVE('',#149,#943);
#943 = DEFINITIONAL_REPRESENTATION('',(#944),#948);
#944 = CIRCLE('',#945,3.);
#945 = AXIS2_PLACEMENT_2D('',#946,#947);
#946 = CARTESIAN_POINT('',(0.525930026989,-3.802825317189));
#947 = DIRECTION('',(1.,0.));
#948 = ( GEOMETRIC_REPRESENTATION_CONTEXT(2) 
PARAMETRIC_REPRESENTATION_CONTEXT() REPRESENTATION_CONTEXT('2D SPACE',''
  ) );
#949 = PCURVE('',#950,#955);
#950 = CYLINDRICAL_SURFACE('',#951,3.);
#951 = AXIS2_PLACEMENT_3D('',#952,#953,#954);
#952 = CARTESIAN_POINT('',(-6.439768148059,7.,2.863457032397));
#953 = DIRECTION('',(-0.,-1.,-0.));
#954 = DIRECTION('',(0.,0.,-1.));
#955 = DEFINITIONAL_REPRESENTATION('',(#956),#960);
#956 = LINE('',#957,#958);
#957 = CARTESIAN_POINT('',(3.14159265359,0.));
#958 = VECTOR('',#959,1.);
#959 = DIRECTION('',(-1.,0.));
#960 = ( GEOMETRIC_REPRESENTATION_CONTEXT(2) 
PARAMETRIC_REPRESENTATION_CONTEXT() REPRESENTATION_CONTEXT('2D SPACE',''
  ) );
#961 = ORIENTED_EDGE('',*,*,#962,.T.);
#962 = EDGE_CURVE('',#934,#963,#965,.T.);
#963 = VERTEX_POINT('',#964);
#964 = CARTESIAN_POINT('',(-4.164869729374,7.,5.468613730859));
#965 = SURFACE_CURVE('',#966,(#971,#978),.PCURVE_S1.);
#966 = CIRCLE('',#967,6.874);
#967 = AXIS2_PLACEMENT_3D('',#968,#969,#970);
#968 = CARTESIAN_POINT('',(1.953316134117E-16,7.,-2.229711069055E-16));
#969 = DIRECTION('',(0.,1.,0.));
#970 = DIRECTION('',(0.,-0.,1.));
#971 = PCURVE('',#149,#972);
#972 = DEFINITIONAL_REPRESENTATION('',(#973),#977);
#973 = CIRCLE('',#974,6.874);
#974 = AXIS2_PLACEMENT_2D('',#975,#976);
#975 = CARTESIAN_POINT('',(-2.337527005408,2.63694283087));
#976 = DIRECTION('',(1.,0.));
#977 = ( GEOMETRIC_REPRESENTATION_CONTEXT(2) 
PARAMETRIC_REPRESENTATION_CONTEXT() REPRESENTATION_CONTEXT('2D SPACE',''
  ) );
#978 = PCURVE('',#979,#984);
#979 = CYLINDRICAL_SURFACE('',#980,6.874);
#980 = AXIS2_PLACEMENT_3D('',#981,#982,#983);
#981 = CARTESIAN_POINT('',(1.953316134117E-16,7.,-2.229711069055E-16));
#982 = DIRECTION('',(-0.,-1.,-0.));
#983 = DIRECTION('',(0.,0.,-1.));
#984 = DEFINITIONAL_REPRESENTATION('',(#985),#989);
#985 = LINE('',#986,#987);
#986 = CARTESIAN_POINT('',(9.424777960769,0.));
#987 = VECTOR('',#988,1.);
#988 = DIRECTION('',(-1.,0.));
#989 = ( GEOMETRIC_REPRESENTATION_CONTEXT(2) 
PARAMETRIC_REPRESENTATION_CONTEXT() REPRESENTATION_CONTEXT('2D SPACE',''
  ) );
#990 = ORIENTED_EDGE('',*,*,#991,.T.);
#991 = EDGE_CURVE('',#963,#992,#994,.T.);
#992 = VERTEX_POINT('',#993);
#993 = CARTESIAN_POINT('',(-4.506372646816,7.,6.610038242554));
#994 = SURFACE_CURVE('',#995,(#1000,#1007),.PCURVE_S1.);
#995 = CIRCLE('',#996,3.);
#996 = AXIS2_PLACEMENT_3D('',#997,#998,#999);
#997 = CARTESIAN_POINT('',(-1.51873532551,7.,6.882110358618));
#998 = DIRECTION('',(0.,1.,0.));
#999 = DIRECTION('',(0.,-0.,1.));
#1000 = PCURVE('',#149,#1001);
#1001 = DEFINITIONAL_REPRESENTATION('',(#1002),#1006);
#1002 = CIRCLE('',#1003,3.);
#1003 = AXIS2_PLACEMENT_2D('',#1004,#1005);
#1004 = CARTESIAN_POINT('',(4.54458335321,1.11820750536));
#1005 = DIRECTION('',(1.,0.));
#1006 = ( GEOMETRIC_REPRESENTATION_CONTEXT(2) 
PARAMETRIC_REPRESENTATION_CONTEXT() REPRESENTATION_CONTEXT('2D SPACE',''
  ) );
#1007 = PCURVE('',#1008,#1013);
#1008 = CYLINDRICAL_SURFACE('',#1009,3.);
#1009 = AXIS2_PLACEMENT_3D('',#1010,#1011,#1012);
#1010 = CARTESIAN_POINT('',(-1.51873532551,7.,6.882110358618));
#1011 = DIRECTION('',(-0.,-1.,-0.));
#1012 = DIRECTION('',(0.,0.,-1.));
#1013 = DEFINITIONAL_REPRESENTATION('',(#1014),#1018);
#1014 = LINE('',#1015,#1016);
#1015 = CARTESIAN_POINT('',(9.424777960769,0.));
#1016 = VECTOR('',#1017,1.);
#1017 = DIRECTION('',(-1.,0.));
#1018 = ( GEOMETRIC_REPRESENTATION_CONTEXT(2) 
PARAMETRIC_REPRESENTATION_CONTEXT() REPRESENTATION_CONTEXT('2D SPACE',''
  ) );
#1019 = ORIENTED_EDGE('',*,*,#1020,.T.);
#1020 = EDGE_CURVE('',#992,#1021,#1023,.T.);
#1021 = VERTEX_POINT('',#1022);
#1022 = CARTESIAN_POINT('',(-4.26159132473,7.,6.77043864022));
#1023 = SURFACE_CURVE('',#1024,(#1029,#1036),.PCURVE_S1.);
#1024 = CIRCLE('',#1025,8.);
#1025 = AXIS2_PLACEMENT_3D('',#1026,#1027,#1028);
#1026 = CARTESIAN_POINT('',(1.953316134117E-16,7.,-2.229711069055E-16));
#1027 = DIRECTION('',(0.,1.,0.));
#1028 = DIRECTION('',(0.,-0.,1.));
#1029 = PCURVE('',#149,#1030);
#1030 = DEFINITIONAL_REPRESENTATION('',(#1031),#1035);
#1031 = CIRCLE('',#1032,8.);
#1032 = AXIS2_PLACEMENT_2D('',#1033,#1034);
#1033 = CARTESIAN_POINT('',(-2.337527005408,2.63694283087));
#1034 = DIRECTION('',(1.,0.));
#1035 = ( GEOMETRIC_REPRESENTATION_CONTEXT(2) 
PARAMETRIC_REPRESENTATION_CONTEXT() REPRESENTATION_CONTEXT('2D SPACE',''
  ) );
#1036 = PCURVE('',#1037,#1042);
#1037 = CYLINDRICAL_SURFACE('',#1038,8.);
#1038 = AXIS2_PLACEMENT_3D('',#1039,#1040,#1041);
#1039 = CARTESIAN_POINT('',(1.953316134117E-16,7.,-2.229711069055E-16));
#1040 = DIRECTION('',(-0.,-1.,-0.));
#1041 = DIRECTION('',(0.,0.,-1.));
#1042 = DEFINITIONAL_REPRESENTATION('',(#1043),#1047);
#1043 = LINE('',#1044,#1045);
#1044 = CARTESIAN_POINT('',(9.424777960769,0.));
#1045 = VECTOR('',#1046,1.);
#1046 = DIRECTION('',(-1.,0.));
#1047 = ( GEOMETRIC_REPRESENTATION_CONTEXT(2) 
PARAMETRIC_REPRESENTATION_CONTEXT() REPRESENTATION_CONTEXT('2D SPACE',''
  ) );
#1048 = ORIENTED_EDGE('',*,*,#1049,.T.);
#1049 = EDGE_CURVE('',#1021,#1050,#1052,.T.);
#1050 = VERTEX_POINT('',#1051);
#1051 = CARTESIAN_POINT('',(-3.351384982315,7.,6.001674324746));
#1052 = SURFACE_CURVE('',#1053,(#1058,#1065),.PCURVE_S1.);
#1053 = CIRCLE('',#1054,3.);
#1054 = AXIS2_PLACEMENT_3D('',#1055,#1056,#1057);
#1055 = CARTESIAN_POINT('',(-5.703697570117,7.,4.139786710181));
#1056 = DIRECTION('',(0.,1.,0.));
#1057 = DIRECTION('',(0.,-0.,1.));
#1058 = PCURVE('',#149,#1059);
#1059 = DEFINITIONAL_REPRESENTATION('',(#1060),#1064);
#1060 = CIRCLE('',#1061,3.);
#1061 = AXIS2_PLACEMENT_2D('',#1062,#1063);
#1062 = CARTESIAN_POINT('',(1.802259704773,-3.066754739247));
#1063 = DIRECTION('',(1.,0.));
#1064 = ( GEOMETRIC_REPRESENTATION_CONTEXT(2) 
PARAMETRIC_REPRESENTATION_CONTEXT() REPRESENTATION_CONTEXT('2D SPACE',''
  ) );
#1065 = PCURVE('',#1066,#1071);
#1066 = CYLINDRICAL_SURFACE('',#1067,3.);
#1067 = AXIS2_PLACEMENT_3D('',#1068,#1069,#1070);
#1068 = CARTESIAN_POINT('',(-5.703697570117,7.,4.139786710181));
#1069 = DIRECTION('',(-0.,-1.,-0.));
#1070 = DIRECTION('',(0.,0.,-1.));
#1071 = DEFINITIONAL_REPRESENTATION('',(#1072),#1076);
#1072 = LINE('',#1073,#1074);
#1073 = CARTESIAN_POINT('',(3.14159265359,0.));
#1074 = VECTOR('',#1075,1.);
#1075 = DIRECTION('',(-1.,0.));
#1076 = ( GEOMETRIC_REPRESENTATION_CONTEXT(2) 
PARAMETRIC_REPRESENTATION_CONTEXT() REPRESENTATION_CONTEXT('2D SPACE',''
  ) );
#1077 = ORIENTED_EDGE('',*,*,#1078,.T.);
#1078 = EDGE_CURVE('',#1050,#1079,#1081,.T.);
#1079 = VERTEX_POINT('',#1080);
#1080 = CARTESIAN_POINT('',(-2.936868605944,7.,6.21503650765));
#1081 = SURFACE_CURVE('',#1082,(#1087,#1094),.PCURVE_S1.);
#1082 = CIRCLE('',#1083,6.874);
#1083 = AXIS2_PLACEMENT_3D('',#1084,#1085,#1086);
#1084 = CARTESIAN_POINT('',(1.953316134117E-16,7.,-2.229711069055E-16));
#1085 = DIRECTION('',(0.,1.,0.));
#1086 = DIRECTION('',(0.,-0.,1.));
#1087 = PCURVE('',#149,#1088);
#1088 = DEFINITIONAL_REPRESENTATION('',(#1089),#1093);
#1089 = CIRCLE('',#1090,6.874);
#1090 = AXIS2_PLACEMENT_2D('',#1091,#1092);
#1091 = CARTESIAN_POINT('',(-2.337527005408,2.63694283087));
#1092 = DIRECTION('',(1.,0.));
#1093 = ( GEOMETRIC_REPRESENTATION_CONTEXT(2) 
PARAMETRIC_REPRESENTATION_CONTEXT() REPRESENTATION_CONTEXT('2D SPACE',''
  ) );
#1094 = PCURVE('',#1095,#1100);
#1095 = CYLINDRICAL_SURFACE('',#1096,6.874);
#1096 = AXIS2_PLACEMENT_3D('',#1097,#1098,#1099);
#1097 = CARTESIAN_POINT('',(1.953316134117E-16,7.,-2.229711069055E-16));
#1098 = DIRECTION('',(-0.,-1.,-0.));
#1099 = DIRECTION('',(0.,0.,-1.));
#1100 = DEFINITIONAL_REPRESENTATION('',(#1101),#1105);
#1101 = LINE('',#1102,#1103);
#1102 = CARTESIAN_POINT('',(9.424777960769,0.));
#1103 = VECTOR('',#1104,1.);
#1104 = DIRECTION('',(-1.,0.));
#1105 = ( GEOMETRIC_REPRESENTATION_CONTEXT(2) 
PARAMETRIC_REPRESENTATION_CONTEXT() REPRESENTATION_CONTEXT('2D SPACE',''
  ) );
#1106 = ORIENTED_EDGE('',*,*,#1107,.T.);
#1107 = EDGE_CURVE('',#1079,#1108,#1110,.T.);
#1108 = VERTEX_POINT('',#1109);
#1109 = CARTESIAN_POINT('',(-3.033593365116,7.,7.402520604168));
#1110 = SURFACE_CURVE('',#1111,(#1116,#1123),.PCURVE_S1.);
#1111 = CIRCLE('',#1112,3.);
#1112 = AXIS2_PLACEMENT_3D('',#1113,#1114,#1115);
#1113 = CARTESIAN_POINT('',(-5.467611374245E-02,7.,7.047482564698));
#1114 = DIRECTION('',(0.,1.,0.));
#1115 = DIRECTION('',(0.,-0.,1.));
#1116 = PCURVE('',#149,#1117);
#1117 = DEFINITIONAL_REPRESENTATION('',(#1118),#1122);
#1118 = CIRCLE('',#1119,3.);
#1119 = AXIS2_PLACEMENT_2D('',#1120,#1121);
#1120 = CARTESIAN_POINT('',(4.709955559291,2.582266717127));
#1121 = DIRECTION('',(1.,0.));
#1122 = ( GEOMETRIC_REPRESENTATION_CONTEXT(2) 
PARAMETRIC_REPRESENTATION_CONTEXT() REPRESENTATION_CONTEXT('2D SPACE',''
  ) );
#1123 = PCURVE('',#1124,#1129);
#1124 = CYLINDRICAL_SURFACE('',#1125,3.);
#1125 = AXIS2_PLACEMENT_3D('',#1126,#1127,#1128);
#1126 = CARTESIAN_POINT('',(-5.467611374245E-02,7.,7.047482564698));
#1127 = DIRECTION('',(-0.,-1.,-0.));
#1128 = DIRECTION('',(0.,0.,-1.));
#1129 = DEFINITIONAL_REPRESENTATION('',(#1130),#1134);
#1130 = LINE('',#1131,#1132);
#1131 = CARTESIAN_POINT('',(9.424777960769,0.));
#1132 = VECTOR('',#1133,1.);
#1133 = DIRECTION('',(-1.,0.));
#1134 = ( GEOMETRIC_REPRESENTATION_CONTEXT(2) 
PARAMETRIC_REPRESENTATION_CONTEXT() REPRESENTATION_CONTEXT('2D SPACE',''
  ) );
#1135 = ORIENTED_EDGE('',*,*,#1136,.T.);
#1136 = EDGE_CURVE('',#1108,#1137,#1139,.T.);
#1137 = VERTEX_POINT('',#1138);
#1138 = CARTESIAN_POINT('',(-2.760811984327,7.,7.508522969746));
#1139 = SURFACE_CURVE('',#1140,(#1145,#1152),.PCURVE_S1.);
#1140 = CIRCLE('',#1141,8.);
#1141 = AXIS2_PLACEMENT_3D('',#1142,#1143,#1144);
#1142 = CARTESIAN_POINT('',(1.953316134117E-16,7.,-2.229711069055E-16));
#1143 = DIRECTION('',(0.,1.,0.));
#1144 = DIRECTION('',(0.,-0.,1.));
#1145 = PCURVE('',#149,#1146);
#1146 = DEFINITIONAL_REPRESENTATION('',(#1147),#1151);
#1147 = CIRCLE('',#1148,8.);
#1148 = AXIS2_PLACEMENT_2D('',#1149,#1150);
#1149 = CARTESIAN_POINT('',(-2.337527005408,2.63694283087));
#1150 = DIRECTION('',(1.,0.));
#1151 = ( GEOMETRIC_REPRESENTATION_CONTEXT(2) 
PARAMETRIC_REPRESENTATION_CONTEXT() REPRESENTATION_CONTEXT('2D SPACE',''
  ) );
#1152 = PCURVE('',#1153,#1158);
#1153 = CYLINDRICAL_SURFACE('',#1154,8.);
#1154 = AXIS2_PLACEMENT_3D('',#1155,#1156,#1157);
#1155 = CARTESIAN_POINT('',(1.953316134117E-16,7.,-2.229711069055E-16));
#1156 = DIRECTION('',(-0.,-1.,-0.));
#1157 = DIRECTION('',(0.,0.,-1.));
#1158 = DEFINITIONAL_REPRESENTATION('',(#1159),#1163);
#1159 = LINE('',#1160,#1161);
#1160 = CARTESIAN_POINT('',(9.424777960769,0.));
#1161 = VECTOR('',#1162,1.);
#1162 = DIRECTION('',(-1.,0.));
#1163 = ( GEOMETRIC_REPRESENTATION_CONTEXT(2) 
PARAMETRIC_REPRESENTATION_CONTEXT() REPRESENTATION_CONTEXT('2D SPACE',''
  ) );
#1164 = ORIENTED_EDGE('',*,*,#1165,.T.);
#1165 = EDGE_CURVE('',#1137,#1166,#1168,.T.);
#1166 = VERTEX_POINT('',#1167);
#1167 = CARTESIAN_POINT('',(-2.030330922991,7.,6.56731545939));
#1168 = SURFACE_CURVE('',#1169,(#1174,#1181),.PCURVE_S1.);
#1169 = CIRCLE('',#1170,3.);
#1170 = AXIS2_PLACEMENT_3D('',#1171,#1172,#1173);
#1171 = CARTESIAN_POINT('',(-4.718348038982,7.,5.235187843829));
#1172 = DIRECTION('',(0.,1.,0.));
#1173 = DIRECTION('',(0.,-0.,1.));
#1174 = PCURVE('',#149,#1175);
#1175 = DEFINITIONAL_REPRESENTATION('',(#1176),#1180);
#1176 = CIRCLE('',#1177,3.);
#1177 = AXIS2_PLACEMENT_2D('',#1178,#1179);
#1178 = CARTESIAN_POINT('',(2.897660838422,-2.081405208112));
#1179 = DIRECTION('',(1.,0.));
#1180 = ( GEOMETRIC_REPRESENTATION_CONTEXT(2) 
PARAMETRIC_REPRESENTATION_CONTEXT() REPRESENTATION_CONTEXT('2D SPACE',''
  ) );
#1181 = PCURVE('',#1182,#1187);
#1182 = CYLINDRICAL_SURFACE('',#1183,3.);
#1183 = AXIS2_PLACEMENT_3D('',#1184,#1185,#1186);
#1184 = CARTESIAN_POINT('',(-4.718348038982,7.,5.235187843829));
#1185 = DIRECTION('',(-0.,-1.,-0.));
#1186 = DIRECTION('',(0.,0.,-1.));
#1187 = DEFINITIONAL_REPRESENTATION('',(#1188),#1192);
#1188 = LINE('',#1189,#1190);
#1189 = CARTESIAN_POINT('',(3.14159265359,0.));
#1190 = VECTOR('',#1191,1.);
#1191 = DIRECTION('',(-1.,0.));
#1192 = ( GEOMETRIC_REPRESENTATION_CONTEXT(2) 
PARAMETRIC_REPRESENTATION_CONTEXT() REPRESENTATION_CONTEXT('2D SPACE',''
  ) );
#1193 = ORIENTED_EDGE('',*,*,#1194,.T.);
#1194 = EDGE_CURVE('',#1166,#1195,#1197,.T.);
#1195 = VERTEX_POINT('',#1196);
#1196 = CARTESIAN_POINT('',(-1.580512231775,7.,6.689832366002));
#1197 = SURFACE_CURVE('',#1198,(#1203,#1210),.PCURVE_S1.);
#1198 = CIRCLE('',#1199,6.874);
#1199 = AXIS2_PLACEMENT_3D('',#1200,#1201,#1202);
#1200 = CARTESIAN_POINT('',(1.953316134117E-16,7.,-2.229711069055E-16));
#1201 = DIRECTION('',(0.,1.,0.));
#1202 = DIRECTION('',(0.,-0.,1.));
#1203 = PCURVE('',#149,#1204);
#1204 = DEFINITIONAL_REPRESENTATION('',(#1205),#1209);
#1205 = CIRCLE('',#1206,6.874);
#1206 = AXIS2_PLACEMENT_2D('',#1207,#1208);
#1207 = CARTESIAN_POINT('',(-2.337527005408,2.63694283087));
#1208 = DIRECTION('',(1.,0.));
#1209 = ( GEOMETRIC_REPRESENTATION_CONTEXT(2) 
PARAMETRIC_REPRESENTATION_CONTEXT() REPRESENTATION_CONTEXT('2D SPACE',''
  ) );
#1210 = PCURVE('',#1211,#1216);
#1211 = CYLINDRICAL_SURFACE('',#1212,6.874);
#1212 = AXIS2_PLACEMENT_3D('',#1213,#1214,#1215);
#1213 = CARTESIAN_POINT('',(1.953316134117E-16,7.,-2.229711069055E-16));
#1214 = DIRECTION('',(-0.,-1.,-0.));
#1215 = DIRECTION('',(0.,0.,-1.));
#1216 = DEFINITIONAL_REPRESENTATION('',(#1217),#1221);
#1217 = LINE('',#1218,#1219);
#1218 = CARTESIAN_POINT('',(9.424777960769,0.));
#1219 = VECTOR('',#1220,1.);
#1220 = DIRECTION('',(-1.,0.));
#1221 = ( GEOMETRIC_REPRESENTATION_CONTEXT(2) 
PARAMETRIC_REPRESENTATION_CONTEXT() REPRESENTATION_CONTEXT('2D SPACE',''
  ) );
#1222 = ORIENTED_EDGE('',*,*,#1223,.T.);
#1223 = EDGE_CURVE('',#1195,#1224,#1226,.T.);
#1224 = VERTEX_POINT('',#1225);
#1225 = CARTESIAN_POINT('',(-1.428231496564,7.,7.871477294144));
#1226 = SURFACE_CURVE('',#1227,(#1232,#1239),.PCURVE_S1.);
#1227 = CIRCLE('',#1228,3.);
#1228 = AXIS2_PLACEMENT_3D('',#1229,#1230,#1231);
#1229 = CARTESIAN_POINT('',(1.411772706561,7.,6.904845965129));
#1230 = DIRECTION('',(0.,1.,0.));
#1231 = DIRECTION('',(0.,-0.,1.));
#1232 = PCURVE('',#149,#1233);
#1233 = DEFINITIONAL_REPRESENTATION('',(#1234),#1238);
#1234 = CIRCLE('',#1235,3.);
#1235 = AXIS2_PLACEMENT_2D('',#1236,#1237);
#1236 = CARTESIAN_POINT('',(4.567318959721,4.04871553743));
#1237 = DIRECTION('',(1.,0.));
#1238 = ( GEOMETRIC_REPRESENTATION_CONTEXT(2) 
PARAMETRIC_REPRESENTATION_CONTEXT() REPRESENTATION_CONTEXT('2D SPACE',''
  ) );
#1239 = PCURVE('',#1240,#1245);
#1240 = CYLINDRICAL_SURFACE('',#1241,3.);
#1241 = AXIS2_PLACEMENT_3D('',#1242,#1243,#1244);
#1242 = CARTESIAN_POINT('',(1.411772706561,7.,6.904845965129));
#1243 = DIRECTION('',(-0.,-1.,-0.));
#1244 = DIRECTION('',(0.,0.,-1.));
#1245 = DEFINITIONAL_REPRESENTATION('',(#1246),#1250);
#1246 = LINE('',#1247,#1248);
#1247 = CARTESIAN_POINT('',(9.424777960769,0.));
#1248 = VECTOR('',#1249,1.);
#1249 = DIRECTION('',(-1.,0.));
#1250 = ( GEOMETRIC_REPRESENTATION_CONTEXT(2) 
PARAMETRIC_REPRESENTATION_CONTEXT() REPRESENTATION_CONTEXT('2D SPACE',''
  ) );
#1251 = ORIENTED_EDGE('',*,*,#1252,.T.);
#1252 = EDGE_CURVE('',#1224,#1253,#1255,.T.);
#1253 = VERTEX_POINT('',#1254);
#1254 = CARTESIAN_POINT('',(-1.139371912363,7.,7.918448815603));
#1255 = SURFACE_CURVE('',#1256,(#1261,#1268),.PCURVE_S1.);
#1256 = CIRCLE('',#1257,8.);
#1257 = AXIS2_PLACEMENT_3D('',#1258,#1259,#1260);
#1258 = CARTESIAN_POINT('',(1.953316134117E-16,7.,-2.229711069055E-16));
#1259 = DIRECTION('',(0.,1.,0.));
#1260 = DIRECTION('',(0.,-0.,1.));
#1261 = PCURVE('',#149,#1262);
#1262 = DEFINITIONAL_REPRESENTATION('',(#1263),#1267);
#1263 = CIRCLE('',#1264,8.);
#1264 = AXIS2_PLACEMENT_2D('',#1265,#1266);
#1265 = CARTESIAN_POINT('',(-2.337527005408,2.63694283087));
#1266 = DIRECTION('',(1.,0.));
#1267 = ( GEOMETRIC_REPRESENTATION_CONTEXT(2) 
PARAMETRIC_REPRESENTATION_CONTEXT() REPRESENTATION_CONTEXT('2D SPACE',''
  ) );
#1268 = PCURVE('',#1269,#1274);
#1269 = CYLINDRICAL_SURFACE('',#1270,8.);
#1270 = AXIS2_PLACEMENT_3D('',#1271,#1272,#1273);
#1271 = CARTESIAN_POINT('',(1.953316134117E-16,7.,-2.229711069055E-16));
#1272 = DIRECTION('',(-0.,-1.,-0.));
#1273 = DIRECTION('',(0.,0.,-1.));
#1274 = DEFINITIONAL_REPRESENTATION('',(#1275),#1279);
#1275 = LINE('',#1276,#1277);
#1276 = CARTESIAN_POINT('',(9.424777960769,0.));
#1277 = VECTOR('',#1278,1.);
#1278 = DIRECTION('',(-1.,0.));
#1279 = ( GEOMETRIC_REPRESENTATION_CONTEXT(2) 
PARAMETRIC_REPRESENTATION_CONTEXT() REPRESENTATION_CONTEXT('2D SPACE',''
  ) );
#1280 = ORIENTED_EDGE('',*,*,#1281,.T.);
#1281 = EDGE_CURVE('',#1253,#1282,#1284,.T.);
#1282 = VERTEX_POINT('',#1283);
#1283 = CARTESIAN_POINT('',(-0.620541659724,7.,6.845933394983));
#1284 = SURFACE_CURVE('',#1285,(#1290,#1297),.PCURVE_S1.);
#1285 = CIRCLE('',#1286,3.);
#1286 = AXIS2_PLACEMENT_3D('',#1287,#1288,#1289);
#1287 = CARTESIAN_POINT('',(-3.526784057398,7.,6.101786147484));
#1288 = DIRECTION('',(0.,1.,0.));
#1289 = DIRECTION('',(0.,-0.,1.));
#1290 = PCURVE('',#149,#1291);
#1291 = DEFINITIONAL_REPRESENTATION('',(#1292),#1296);
#1292 = CIRCLE('',#1293,3.);
#1293 = AXIS2_PLACEMENT_2D('',#1294,#1295);
#1294 = CARTESIAN_POINT('',(3.764259142076,-0.889841226529));
#1295 = DIRECTION('',(1.,0.));
#1296 = ( GEOMETRIC_REPRESENTATION_CONTEXT(2) 
PARAMETRIC_REPRESENTATION_CONTEXT() REPRESENTATION_CONTEXT('2D SPACE',''
  ) );
#1297 = PCURVE('',#1298,#1303);
#1298 = CYLINDRICAL_SURFACE('',#1299,3.);
#1299 = AXIS2_PLACEMENT_3D('',#1300,#1301,#1302);
#1300 = CARTESIAN_POINT('',(-3.526784057398,7.,6.101786147484));
#1301 = DIRECTION('',(-0.,-1.,-0.));
#1302 = DIRECTION('',(0.,0.,-1.));
#1303 = DEFINITIONAL_REPRESENTATION('',(#1304),#1308);
#1304 = LINE('',#1305,#1306);
#1305 = CARTESIAN_POINT('',(3.14159265359,0.));
#1306 = VECTOR('',#1307,1.);
#1307 = DIRECTION('',(-1.,0.));
#1308 = ( GEOMETRIC_REPRESENTATION_CONTEXT(2) 
PARAMETRIC_REPRESENTATION_CONTEXT() REPRESENTATION_CONTEXT('2D SPACE',''
  ) );
#1309 = ORIENTED_EDGE('',*,*,#1310,.T.);
#1310 = EDGE_CURVE('',#1282,#1311,#1313,.T.);
#1311 = VERTEX_POINT('',#1312);
#1312 = CARTESIAN_POINT('',(-0.155079888938,7.,6.872250448583));
#1313 = SURFACE_CURVE('',#1314,(#1319,#1326),.PCURVE_S1.);
#1314 = CIRCLE('',#1315,6.874);
#1315 = AXIS2_PLACEMENT_3D('',#1316,#1317,#1318);
#1316 = CARTESIAN_POINT('',(1.953316134117E-16,7.,-2.229711069055E-16));
#1317 = DIRECTION('',(0.,1.,0.));
#1318 = DIRECTION('',(0.,-0.,1.));
#1319 = PCURVE('',#149,#1320);
#1320 = DEFINITIONAL_REPRESENTATION('',(#1321),#1325);
#1321 = CIRCLE('',#1322,6.874);
#1322 = AXIS2_PLACEMENT_2D('',#1323,#1324);
#1323 = CARTESIAN_POINT('',(-2.337527005408,2.63694283087));
#1324 = DIRECTION('',(1.,0.));
#1325 = ( GEOMETRIC_REPRESENTATION_CONTEXT(2) 
PARAMETRIC_REPRESENTATION_CONTEXT() REPRESENTATION_CONTEXT('2D SPACE',''
  ) );
#1326 = PCURVE('',#1327,#1332);
#1327 = CYLINDRICAL_SURFACE('',#1328,6.874);
#1328 = AXIS2_PLACEMENT_3D('',#1329,#1330,#1331);
#1329 = CARTESIAN_POINT('',(1.953316134117E-16,7.,-2.229711069055E-16));
#1330 = DIRECTION('',(-0.,-1.,-0.));
#1331 = DIRECTION('',(0.,0.,-1.));
#1332 = DEFINITIONAL_REPRESENTATION('',(#1333),#1337);
#1333 = LINE('',#1334,#1335);
#1334 = CARTESIAN_POINT('',(9.424777960769,0.));
#1335 = VECTOR('',#1336,1.);
#1336 = DIRECTION('',(-1.,0.));
#1337 = ( GEOMETRIC_REPRESENTATION_CONTEXT(2) 
PARAMETRIC_REPRESENTATION_CONTEXT() REPRESENTATION_CONTEXT('2D SPACE',''
  ) );
#1338 = ORIENTED_EDGE('',*,*,#1339,.T.);
#1339 = EDGE_CURVE('',#1311,#1340,#1342,.T.);
#1340 = VERTEX_POINT('',#1341);
#1341 = CARTESIAN_POINT('',(0.239550941802,7.,7.996412654827));
#1342 = SURFACE_CURVE('',#1343,(#1348,#1355),.PCURVE_S1.);
#1343 = CIRCLE('',#1344,3.);
#1344 = AXIS2_PLACEMENT_3D('',#1345,#1346,#1347);
#1345 = CARTESIAN_POINT('',(2.81652028515,7.,6.460434463756));
#1346 = DIRECTION('',(0.,1.,0.));
#1347 = DIRECTION('',(0.,-0.,1.));
#1348 = PCURVE('',#149,#1349);
#1349 = DEFINITIONAL_REPRESENTATION('',(#1350),#1354);
#1350 = CIRCLE('',#1351,3.);
#1351 = AXIS2_PLACEMENT_2D('',#1352,#1353);
#1352 = CARTESIAN_POINT('',(4.122907458348,5.45346311602));
#1353 = DIRECTION('',(1.,0.));
#1354 = ( GEOMETRIC_REPRESENTATION_CONTEXT(2) 
PARAMETRIC_REPRESENTATION_CONTEXT() REPRESENTATION_CONTEXT('2D SPACE',''
  ) );
#1355 = PCURVE('',#1356,#1361);
#1356 = CYLINDRICAL_SURFACE('',#1357,3.);
#1357 = AXIS2_PLACEMENT_3D('',#1358,#1359,#1360);
#1358 = CARTESIAN_POINT('',(2.81652028515,7.,6.460434463756));
#1359 = DIRECTION('',(-0.,-1.,-0.));
#1360 = DIRECTION('',(0.,0.,-1.));
#1361 = DEFINITIONAL_REPRESENTATION('',(#1362),#1366);
#1362 = LINE('',#1363,#1364);
#1363 = CARTESIAN_POINT('',(9.424777960769,0.));
#1364 = VECTOR('',#1365,1.);
#1365 = DIRECTION('',(-1.,0.));
#1366 = ( GEOMETRIC_REPRESENTATION_CONTEXT(2) 
PARAMETRIC_REPRESENTATION_CONTEXT() REPRESENTATION_CONTEXT('2D SPACE',''
  ) );
#1367 = ORIENTED_EDGE('',*,*,#1368,.T.);
#1368 = EDGE_CURVE('',#1340,#1369,#1371,.T.);
#1369 = VERTEX_POINT('',#1370);
#1370 = CARTESIAN_POINT('',(0.531864179485,7.,7.982300451285));
#1371 = SURFACE_CURVE('',#1372,(#1377,#1384),.PCURVE_S1.);
#1372 = CIRCLE('',#1373,8.);
#1373 = AXIS2_PLACEMENT_3D('',#1374,#1375,#1376);
#1374 = CARTESIAN_POINT('',(1.953316134117E-16,7.,-2.229711069055E-16));
#1375 = DIRECTION('',(0.,1.,0.));
#1376 = DIRECTION('',(0.,-0.,1.));
#1377 = PCURVE('',#149,#1378);
#1378 = DEFINITIONAL_REPRESENTATION('',(#1379),#1383);
#1379 = CIRCLE('',#1380,8.);
#1380 = AXIS2_PLACEMENT_2D('',#1381,#1382);
#1381 = CARTESIAN_POINT('',(-2.337527005408,2.63694283087));
#1382 = DIRECTION('',(1.,0.));
#1383 = ( GEOMETRIC_REPRESENTATION_CONTEXT(2) 
PARAMETRIC_REPRESENTATION_CONTEXT() REPRESENTATION_CONTEXT('2D SPACE',''
  ) );
#1384 = PCURVE('',#1385,#1390);
#1385 = CYLINDRICAL_SURFACE('',#1386,8.);
#1386 = AXIS2_PLACEMENT_3D('',#1387,#1388,#1389);
#1387 = CARTESIAN_POINT('',(1.953316134117E-16,7.,-2.229711069055E-16));
#1388 = DIRECTION('',(-0.,-1.,-0.));
#1389 = DIRECTION('',(0.,0.,-1.));
#1390 = DEFINITIONAL_REPRESENTATION('',(#1391),#1395);
#1391 = LINE('',#1392,#1393);
#1392 = CARTESIAN_POINT('',(3.14159265359,0.));
#1393 = VECTOR('',#1394,1.);
#1394 = DIRECTION('',(-1.,0.));
#1395 = ( GEOMETRIC_REPRESENTATION_CONTEXT(2) 
PARAMETRIC_REPRESENTATION_CONTEXT() REPRESENTATION_CONTEXT('2D SPACE',''
  ) );
#1396 = ORIENTED_EDGE('',*,*,#1397,.T.);
#1397 = EDGE_CURVE('',#1369,#1398,#1400,.T.);
#1398 = VERTEX_POINT('',#1399);
#1399 = CARTESIAN_POINT('',(0.816368251762,7.,6.825351190782));
#1400 = SURFACE_CURVE('',#1401,(#1406,#1413),.PCURVE_S1.);
#1401 = CIRCLE('',#1402,3.);
#1402 = AXIS2_PLACEMENT_3D('',#1403,#1404,#1405);
#1403 = CARTESIAN_POINT('',(-2.181082689119,7.,6.701707116875));
#1404 = DIRECTION('',(0.,1.,0.));
#1405 = DIRECTION('',(0.,-0.,1.));
#1406 = PCURVE('',#149,#1407);
#1407 = DEFINITIONAL_REPRESENTATION('',(#1408),#1412);
#1408 = CIRCLE('',#1409,3.);
#1409 = AXIS2_PLACEMENT_2D('',#1410,#1411);
#1410 = CARTESIAN_POINT('',(4.364180111467,0.455860141751));
#1411 = DIRECTION('',(1.,0.));
#1412 = ( GEOMETRIC_REPRESENTATION_CONTEXT(2) 
PARAMETRIC_REPRESENTATION_CONTEXT() REPRESENTATION_CONTEXT('2D SPACE',''
  ) );
#1413 = PCURVE('',#1414,#1419);
#1414 = CYLINDRICAL_SURFACE('',#1415,3.);
#1415 = AXIS2_PLACEMENT_3D('',#1416,#1417,#1418);
#1416 = CARTESIAN_POINT('',(-2.181082689119,7.,6.701707116875));
#1417 = DIRECTION('',(-0.,-1.,-0.));
#1418 = DIRECTION('',(0.,0.,-1.));
#1419 = DEFINITIONAL_REPRESENTATION('',(#1420),#1424);
#1420 = LINE('',#1421,#1422);
#1421 = CARTESIAN_POINT('',(3.14159265359,0.));
#1422 = VECTOR('',#1423,1.);
#1423 = DIRECTION('',(-1.,0.));
#1424 = ( GEOMETRIC_REPRESENTATION_CONTEXT(2) 
PARAMETRIC_REPRESENTATION_CONTEXT() REPRESENTATION_CONTEXT('2D SPACE',''
  ) );
#1425 = ORIENTED_EDGE('',*,*,#1426,.T.);
#1426 = EDGE_CURVE('',#1398,#1427,#1429,.T.);
#1427 = VERTEX_POINT('',#1428);
#1428 = CARTESIAN_POINT('',(1.277130189201,7.,6.754318209844));
#1429 = SURFACE_CURVE('',#1430,(#1435,#1442),.PCURVE_S1.);
#1430 = CIRCLE('',#1431,6.874);
#1431 = AXIS2_PLACEMENT_3D('',#1432,#1433,#1434);
#1432 = CARTESIAN_POINT('',(1.953316134117E-16,7.,-2.229711069055E-16));
#1433 = DIRECTION('',(0.,1.,0.));
#1434 = DIRECTION('',(0.,-0.,1.));
#1435 = PCURVE('',#149,#1436);
#1436 = DEFINITIONAL_REPRESENTATION('',(#1437),#1441);
#1437 = CIRCLE('',#1438,6.874);
#1438 = AXIS2_PLACEMENT_2D('',#1439,#1440);
#1439 = CARTESIAN_POINT('',(-2.337527005408,2.63694283087));
#1440 = DIRECTION('',(1.,0.));
#1441 = ( GEOMETRIC_REPRESENTATION_CONTEXT(2) 
PARAMETRIC_REPRESENTATION_CONTEXT() REPRESENTATION_CONTEXT('2D SPACE',''
  ) );
#1442 = PCURVE('',#1443,#1448);
#1443 = CYLINDRICAL_SURFACE('',#1444,6.874);
#1444 = AXIS2_PLACEMENT_3D('',#1445,#1446,#1447);
#1445 = CARTESIAN_POINT('',(1.953316134117E-16,7.,-2.229711069055E-16));
#1446 = DIRECTION('',(-0.,-1.,-0.));
#1447 = DIRECTION('',(0.,0.,-1.));
#1448 = DEFINITIONAL_REPRESENTATION('',(#1449),#1453);
#1449 = LINE('',#1450,#1451);
#1450 = CARTESIAN_POINT('',(3.14159265359,0.));
#1451 = VECTOR('',#1452,1.);
#1452 = DIRECTION('',(-1.,0.));
#1453 = ( GEOMETRIC_REPRESENTATION_CONTEXT(2) 
PARAMETRIC_REPRESENTATION_CONTEXT() REPRESENTATION_CONTEXT('2D SPACE',''
  ) );
#1454 = ORIENTED_EDGE('',*,*,#1455,.T.);
#1455 = EDGE_CURVE('',#1427,#1456,#1458,.T.);
#1456 = VERTEX_POINT('',#1457);
#1457 = CARTESIAN_POINT('',(1.896863854519,7.,7.77186641145));
#1458 = SURFACE_CURVE('',#1459,(#1464,#1471),.PCURVE_S1.);
#1459 = CIRCLE('',#1460,3.);
#1460 = AXIS2_PLACEMENT_3D('',#1461,#1462,#1463);
#1461 = CARTESIAN_POINT('',(4.098172412114,7.,5.733670975713));
#1462 = DIRECTION('',(0.,1.,0.));
#1463 = DIRECTION('',(0.,-0.,1.));
#1464 = PCURVE('',#149,#1465);
#1465 = DEFINITIONAL_REPRESENTATION('',(#1466),#1470);
#1466 = CIRCLE('',#1467,3.);
#1467 = AXIS2_PLACEMENT_2D('',#1468,#1469);
#1468 = CARTESIAN_POINT('',(3.396143970305,6.735115242984));
#1469 = DIRECTION('',(1.,0.));
#1470 = ( GEOMETRIC_REPRESENTATION_CONTEXT(2) 
PARAMETRIC_REPRESENTATION_CONTEXT() REPRESENTATION_CONTEXT('2D SPACE',''
  ) );
#1471 = PCURVE('',#1472,#1477);
#1472 = CYLINDRICAL_SURFACE('',#1473,3.);
#1473 = AXIS2_PLACEMENT_3D('',#1474,#1475,#1476);
#1474 = CARTESIAN_POINT('',(4.098172412114,7.,5.733670975713));
#1475 = DIRECTION('',(-0.,-1.,-0.));
#1476 = DIRECTION('',(0.,0.,-1.));
#1477 = DEFINITIONAL_REPRESENTATION('',(#1478),#1482);
#1478 = LINE('',#1479,#1480);
#1479 = CARTESIAN_POINT('',(9.424777960769,0.));
#1480 = VECTOR('',#1481,1.);
#1481 = DIRECTION('',(-1.,0.));
#1482 = ( GEOMETRIC_REPRESENTATION_CONTEXT(2) 
PARAMETRIC_REPRESENTATION_CONTEXT() REPRESENTATION_CONTEXT('2D SPACE',''
  ) );
#1483 = ORIENTED_EDGE('',*,*,#1484,.T.);
#1484 = EDGE_CURVE('',#1456,#1485,#1487,.T.);
#1485 = VERTEX_POINT('',#1486);
#1486 = CARTESIAN_POINT('',(2.179855254521,7.,7.697287253919));
#1487 = SURFACE_CURVE('',#1488,(#1493,#1500),.PCURVE_S1.);
#1488 = CIRCLE('',#1489,8.);
#1489 = AXIS2_PLACEMENT_3D('',#1490,#1491,#1492);
#1490 = CARTESIAN_POINT('',(1.953316134117E-16,7.,-2.229711069055E-16));
#1491 = DIRECTION('',(0.,1.,0.));
#1492 = DIRECTION('',(0.,-0.,1.));
#1493 = PCURVE('',#149,#1494);
#1494 = DEFINITIONAL_REPRESENTATION('',(#1495),#1499);
#1495 = CIRCLE('',#1496,8.);
#1496 = AXIS2_PLACEMENT_2D('',#1497,#1498);
#1497 = CARTESIAN_POINT('',(-2.337527005408,2.63694283087));
#1498 = DIRECTION('',(1.,0.));
#1499 = ( GEOMETRIC_REPRESENTATION_CONTEXT(2) 
PARAMETRIC_REPRESENTATION_CONTEXT() REPRESENTATION_CONTEXT('2D SPACE',''
  ) );
#1500 = PCURVE('',#1501,#1506);
#1501 = CYLINDRICAL_SURFACE('',#1502,8.);
#1502 = AXIS2_PLACEMENT_3D('',#1503,#1504,#1505);
#1503 = CARTESIAN_POINT('',(1.953316134117E-16,7.,-2.229711069055E-16));
#1504 = DIRECTION('',(-0.,-1.,-0.));
#1505 = DIRECTION('',(0.,0.,-1.));
#1506 = DEFINITIONAL_REPRESENTATION('',(#1507),#1511);
#1507 = LINE('',#1508,#1509);
#1508 = CARTESIAN_POINT('',(3.14159265359,0.));
#1509 = VECTOR('',#1510,1.);
#1510 = DIRECTION('',(-1.,0.));
#1511 = ( GEOMETRIC_REPRESENTATION_CONTEXT(2) 
PARAMETRIC_REPRESENTATION_CONTEXT() REPRESENTATION_CONTEXT('2D SPACE',''
  ) );
#1512 = ORIENTED_EDGE('',*,*,#1513,.T.);
#1513 = EDGE_CURVE('',#1485,#1514,#1516,.T.);
#1514 = VERTEX_POINT('',#1515);
#1515 = CARTESIAN_POINT('',(2.217598953277,7.,6.506468387876));
#1516 = SURFACE_CURVE('',#1517,(#1522,#1529),.PCURVE_S1.);
#1517 = CIRCLE('',#1518,3.);
#1518 = AXIS2_PLACEMENT_3D('',#1519,#1520,#1521);
#1519 = CARTESIAN_POINT('',(-0.740057541329,7.,7.0087313269));
#1520 = DIRECTION('',(0.,1.,0.));
#1521 = DIRECTION('',(0.,-0.,1.));
#1522 = PCURVE('',#149,#1523);
#1523 = DEFINITIONAL_REPRESENTATION('',(#1524),#1528);
#1524 = CIRCLE('',#1525,3.);
#1525 = AXIS2_PLACEMENT_2D('',#1526,#1527);
#1526 = CARTESIAN_POINT('',(4.671204321492,1.896885289541));
#1527 = DIRECTION('',(1.,0.));
#1528 = ( GEOMETRIC_REPRESENTATION_CONTEXT(2) 
PARAMETRIC_REPRESENTATION_CONTEXT() REPRESENTATION_CONTEXT('2D SPACE',''
  ) );
#1529 = PCURVE('',#1530,#1535);
#1530 = CYLINDRICAL_SURFACE('',#1531,3.);
#1531 = AXIS2_PLACEMENT_3D('',#1532,#1533,#1534);
#1532 = CARTESIAN_POINT('',(-0.740057541329,7.,7.0087313269));
#1533 = DIRECTION('',(-0.,-1.,-0.));
#1534 = DIRECTION('',(0.,0.,-1.));
#1535 = DEFINITIONAL_REPRESENTATION('',(#1536),#1540);
#1536 = LINE('',#1537,#1538);
#1537 = CARTESIAN_POINT('',(3.14159265359,0.));
#1538 = VECTOR('',#1539,1.);
#1539 = DIRECTION('',(-1.,0.));
#1540 = ( GEOMETRIC_REPRESENTATION_CONTEXT(2) 
PARAMETRIC_REPRESENTATION_CONTEXT() REPRESENTATION_CONTEXT('2D SPACE',''
  ) );
#1541 = ORIENTED_EDGE('',*,*,#1542,.T.);
#1542 = EDGE_CURVE('',#1514,#1543,#1545,.T.);
#1543 = VERTEX_POINT('',#1544);
#1544 = CARTESIAN_POINT('',(2.653523549721,7.,6.341189854521));
#1545 = SURFACE_CURVE('',#1546,(#1551,#1558),.PCURVE_S1.);
#1546 = CIRCLE('',#1547,6.874);
#1547 = AXIS2_PLACEMENT_3D('',#1548,#1549,#1550);
#1548 = CARTESIAN_POINT('',(1.953316134117E-16,7.,-2.229711069055E-16));
#1549 = DIRECTION('',(0.,1.,0.));
#1550 = DIRECTION('',(0.,-0.,1.));
#1551 = PCURVE('',#149,#1552);
#1552 = DEFINITIONAL_REPRESENTATION('',(#1553),#1557);
#1553 = CIRCLE('',#1554,6.874);
#1554 = AXIS2_PLACEMENT_2D('',#1555,#1556);
#1555 = CARTESIAN_POINT('',(-2.337527005408,2.63694283087));
#1556 = DIRECTION('',(1.,0.));
#1557 = ( GEOMETRIC_REPRESENTATION_CONTEXT(2) 
PARAMETRIC_REPRESENTATION_CONTEXT() REPRESENTATION_CONTEXT('2D SPACE',''
  ) );
#1558 = PCURVE('',#1559,#1564);
#1559 = CYLINDRICAL_SURFACE('',#1560,6.874);
#1560 = AXIS2_PLACEMENT_3D('',#1561,#1562,#1563);
#1561 = CARTESIAN_POINT('',(1.953316134117E-16,7.,-2.229711069055E-16));
#1562 = DIRECTION('',(-0.,-1.,-0.));
#1563 = DIRECTION('',(0.,0.,-1.));
#1564 = DEFINITIONAL_REPRESENTATION('',(#1565),#1569);
#1565 = LINE('',#1566,#1567);
#1566 = CARTESIAN_POINT('',(3.14159265359,0.));
#1567 = VECTOR('',#1568,1.);
#1568 = DIRECTION('',(-1.,0.));
#1569 = ( GEOMETRIC_REPRESENTATION_CONTEXT(2) 
PARAMETRIC_REPRESENTATION_CONTEXT() REPRESENTATION_CONTEXT('2D SPACE',''
  ) );
#1570 = ORIENTED_EDGE('',*,*,#1571,.T.);
#1571 = EDGE_CURVE('',#1543,#1572,#1574,.T.);
#1572 = VERTEX_POINT('',#1573);
#1573 = CARTESIAN_POINT('',(3.471274714631,7.,7.207652312339));
#1574 = SURFACE_CURVE('',#1575,(#1580,#1587),.PCURVE_S1.);
#1575 = CIRCLE('',#1576,3.);
#1576 = AXIS2_PLACEMENT_3D('',#1577,#1578,#1579);
#1577 = CARTESIAN_POINT('',(5.200714739456,7.,4.756318552825));
#1578 = DIRECTION('',(0.,1.,0.));
#1579 = DIRECTION('',(0.,-0.,1.));
#1580 = PCURVE('',#149,#1581);
#1581 = DEFINITIONAL_REPRESENTATION('',(#1582),#1586);
#1582 = CIRCLE('',#1583,3.);
#1583 = AXIS2_PLACEMENT_2D('',#1584,#1585);
#1584 = CARTESIAN_POINT('',(2.418791547417,7.837657570326));
#1585 = DIRECTION('',(1.,0.));
#1586 = ( GEOMETRIC_REPRESENTATION_CONTEXT(2) 
PARAMETRIC_REPRESENTATION_CONTEXT() REPRESENTATION_CONTEXT('2D SPACE',''
  ) );
#1587 = PCURVE('',#1588,#1593);
#1588 = CYLINDRICAL_SURFACE('',#1589,3.);
#1589 = AXIS2_PLACEMENT_3D('',#1590,#1591,#1592);
#1590 = CARTESIAN_POINT('',(5.200714739456,7.,4.756318552825));
#1591 = DIRECTION('',(-0.,-1.,-0.));
#1592 = DIRECTION('',(0.,0.,-1.));
#1593 = DEFINITIONAL_REPRESENTATION('',(#1594),#1598);
#1594 = LINE('',#1595,#1596);
#1595 = CARTESIAN_POINT('',(9.424777960769,0.));
#1596 = VECTOR('',#1597,1.);
#1597 = DIRECTION('',(-1.,0.));
#1598 = ( GEOMETRIC_REPRESENTATION_CONTEXT(2) 
PARAMETRIC_REPRESENTATION_CONTEXT() REPRESENTATION_CONTEXT('2D SPACE',''
  ) );
#1599 = ORIENTED_EDGE('',*,*,#1600,.T.);
#1600 = EDGE_CURVE('',#1572,#1601,#1603,.T.);
#1601 = VERTEX_POINT('',#1602);
#1602 = CARTESIAN_POINT('',(3.732576194829,7.,7.075865667874));
#1603 = SURFACE_CURVE('',#1604,(#1609,#1616),.PCURVE_S1.);
#1604 = CIRCLE('',#1605,8.);
#1605 = AXIS2_PLACEMENT_3D('',#1606,#1607,#1608);
#1606 = CARTESIAN_POINT('',(1.953316134117E-16,7.,-2.229711069055E-16));
#1607 = DIRECTION('',(0.,1.,0.));
#1608 = DIRECTION('',(0.,-0.,1.));
#1609 = PCURVE('',#149,#1610);
#1610 = DEFINITIONAL_REPRESENTATION('',(#1611),#1615);
#1611 = CIRCLE('',#1612,8.);
#1612 = AXIS2_PLACEMENT_2D('',#1613,#1614);
#1613 = CARTESIAN_POINT('',(-2.337527005408,2.63694283087));
#1614 = DIRECTION('',(1.,0.));
#1615 = ( GEOMETRIC_REPRESENTATION_CONTEXT(2) 
PARAMETRIC_REPRESENTATION_CONTEXT() REPRESENTATION_CONTEXT('2D SPACE',''
  ) );
#1616 = PCURVE('',#1617,#1622);
#1617 = CYLINDRICAL_SURFACE('',#1618,8.);
#1618 = AXIS2_PLACEMENT_3D('',#1619,#1620,#1621);
#1619 = CARTESIAN_POINT('',(1.953316134117E-16,7.,-2.229711069055E-16));
#1620 = DIRECTION('',(-0.,-1.,-0.));
#1621 = DIRECTION('',(0.,0.,-1.));
#1622 = DEFINITIONAL_REPRESENTATION('',(#1623),#1627);
#1623 = LINE('',#1624,#1625);
#1624 = CARTESIAN_POINT('',(3.14159265359,0.));
#1625 = VECTOR('',#1626,1.);
#1626 = DIRECTION('',(-1.,0.));
#1627 = ( GEOMETRIC_REPRESENTATION_CONTEXT(2) 
PARAMETRIC_REPRESENTATION_CONTEXT() REPRESENTATION_CONTEXT('2D SPACE',''
  ) );
#1628 = ORIENTED_EDGE('',*,*,#1629,.T.);
#1629 = EDGE_CURVE('',#1601,#1630,#1632,.T.);
#1630 = VERTEX_POINT('',#1631);
#1631 = CARTESIAN_POINT('',(3.521909939313,7.,5.903221694919));
#1632 = SURFACE_CURVE('',#1633,(#1638,#1645),.PCURVE_S1.);
#1633 = CIRCLE('',#1634,3.);
#1634 = AXIS2_PLACEMENT_3D('',#1635,#1636,#1637);
#1635 = CARTESIAN_POINT('',(0.733311672207,7.,7.009440346315));
#1636 = DIRECTION('',(0.,1.,0.));
#1637 = DIRECTION('',(0.,-0.,1.));
#1638 = PCURVE('',#149,#1639);
#1639 = DEFINITIONAL_REPRESENTATION('',(#1640),#1644);
#1640 = CIRCLE('',#1641,3.);
#1641 = AXIS2_PLACEMENT_2D('',#1642,#1643);
#1642 = CARTESIAN_POINT('',(4.671913340907,3.370254503077));
#1643 = DIRECTION('',(1.,0.));
#1644 = ( GEOMETRIC_REPRESENTATION_CONTEXT(2) 
PARAMETRIC_REPRESENTATION_CONTEXT() REPRESENTATION_CONTEXT('2D SPACE',''
  ) );
#1645 = PCURVE('',#1646,#1651);
#1646 = CYLINDRICAL_SURFACE('',#1647,3.);
#1647 = AXIS2_PLACEMENT_3D('',#1648,#1649,#1650);
#1648 = CARTESIAN_POINT('',(0.733311672207,7.,7.009440346315));
#1649 = DIRECTION('',(-0.,-1.,-0.));
#1650 = DIRECTION('',(0.,0.,-1.));
#1651 = DEFINITIONAL_REPRESENTATION('',(#1652),#1656);
#1652 = LINE('',#1653,#1654);
#1653 = CARTESIAN_POINT('',(3.14159265359,0.));
#1654 = VECTOR('',#1655,1.);
#1655 = DIRECTION('',(-1.,0.));
#1656 = ( GEOMETRIC_REPRESENTATION_CONTEXT(2) 
PARAMETRIC_REPRESENTATION_CONTEXT() REPRESENTATION_CONTEXT('2D SPACE',''
  ) );
#1657 = ORIENTED_EDGE('',*,*,#1658,.T.);
#1658 = EDGE_CURVE('',#1630,#1659,#1661,.T.);
#1659 = VERTEX_POINT('',#1660);
#1660 = CARTESIAN_POINT('',(3.9139451981,7.,5.65092107415));
#1661 = SURFACE_CURVE('',#1662,(#1667,#1674),.PCURVE_S1.);
#1662 = CIRCLE('',#1663,6.874);
#1663 = AXIS2_PLACEMENT_3D('',#1664,#1665,#1666);
#1664 = CARTESIAN_POINT('',(1.953316134117E-16,7.,-2.229711069055E-16));
#1665 = DIRECTION('',(0.,1.,0.));
#1666 = DIRECTION('',(0.,-0.,1.));
#1667 = PCURVE('',#149,#1668);
#1668 = DEFINITIONAL_REPRESENTATION('',(#1669),#1673);
#1669 = CIRCLE('',#1670,6.874);
#1670 = AXIS2_PLACEMENT_2D('',#1671,#1672);
#1671 = CARTESIAN_POINT('',(-2.337527005408,2.63694283087));
#1672 = DIRECTION('',(1.,0.));
#1673 = ( GEOMETRIC_REPRESENTATION_CONTEXT(2) 
PARAMETRIC_REPRESENTATION_CONTEXT() REPRESENTATION_CONTEXT('2D SPACE',''
  ) );
#1674 = PCURVE('',#1675,#1680);
#1675 = CYLINDRICAL_SURFACE('',#1676,6.874);
#1676 = AXIS2_PLACEMENT_3D('',#1677,#1678,#1679);
#1677 = CARTESIAN_POINT('',(1.953316134117E-16,7.,-2.229711069055E-16));
#1678 = DIRECTION('',(-0.,-1.,-0.));
#1679 = DIRECTION('',(0.,0.,-1.));
#1680 = DEFINITIONAL_REPRESENTATION('',(#1681),#1685);
#1681 = LINE('',#1682,#1683);
#1682 = CARTESIAN_POINT('',(3.14159265359,0.));
#1683 = VECTOR('',#1684,1.);
#1684 = DIRECTION('',(-1.,0.));
#1685 = ( GEOMETRIC_REPRESENTATION_CONTEXT(2) 
PARAMETRIC_REPRESENTATION_CONTEXT() REPRESENTATION_CONTEXT('2D SPACE',''
  ) );
#1686 = ORIENTED_EDGE('',*,*,#1687,.T.);
#1687 = EDGE_CURVE('',#1659,#1688,#1690,.T.);
#1688 = VERTEX_POINT('',#1689);
#1689 = CARTESIAN_POINT('',(4.893974212689,7.,6.328429221026));
#1690 = SURFACE_CURVE('',#1691,(#1696,#1703),.PCURVE_S1.);
#1691 = CIRCLE('',#1692,3.);
#1692 = AXIS2_PLACEMENT_3D('',#1693,#1694,#1695);
#1693 = CARTESIAN_POINT('',(6.075960876886,7.,3.57109218583));
#1694 = DIRECTION('',(0.,1.,0.));
#1695 = DIRECTION('',(0.,-0.,1.));
#1696 = PCURVE('',#149,#1697);
#1697 = DEFINITIONAL_REPRESENTATION('',(#1698),#1702);
#1698 = CIRCLE('',#1699,3.);
#1699 = AXIS2_PLACEMENT_2D('',#1700,#1701);
#1700 = CARTESIAN_POINT('',(1.233565180423,8.712903707755));
#1701 = DIRECTION('',(1.,0.));
#1702 = ( GEOMETRIC_REPRESENTATION_CONTEXT(2) 
PARAMETRIC_REPRESENTATION_CONTEXT() REPRESENTATION_CONTEXT('2D SPACE',''
  ) );
#1703 = PCURVE('',#1704,#1709);
#1704 = CYLINDRICAL_SURFACE('',#1705,3.);
#1705 = AXIS2_PLACEMENT_3D('',#1706,#1707,#1708);
#1706 = CARTESIAN_POINT('',(6.075960876886,7.,3.57109218583));
#1707 = DIRECTION('',(-0.,-1.,-0.));
#1708 = DIRECTION('',(0.,0.,-1.));
#1709 = DEFINITIONAL_REPRESENTATION('',(#1710),#1714);
#1710 = LINE('',#1711,#1712);
#1711 = CARTESIAN_POINT('',(9.424777960769,0.));
#1712 = VECTOR('',#1713,1.);
#1713 = DIRECTION('',(-1.,0.));
#1714 = ( GEOMETRIC_REPRESENTATION_CONTEXT(2) 
PARAMETRIC_REPRESENTATION_CONTEXT() REPRESENTATION_CONTEXT('2D SPACE',''
  ) );
#1715 = ORIENTED_EDGE('',*,*,#1716,.T.);
#1716 = EDGE_CURVE('',#1688,#1717,#1719,.T.);
#1717 = VERTEX_POINT('',#1718);
#1718 = CARTESIAN_POINT('',(5.122165644535,7.,6.145194798373));
#1719 = SURFACE_CURVE('',#1720,(#1725,#1732),.PCURVE_S1.);
#1720 = CIRCLE('',#1721,8.);
#1721 = AXIS2_PLACEMENT_3D('',#1722,#1723,#1724);
#1722 = CARTESIAN_POINT('',(1.953316134117E-16,7.,-2.229711069055E-16));
#1723 = DIRECTION('',(0.,1.,0.));
#1724 = DIRECTION('',(0.,-0.,1.));
#1725 = PCURVE('',#149,#1726);
#1726 = DEFINITIONAL_REPRESENTATION('',(#1727),#1731);
#1727 = CIRCLE('',#1728,8.);
#1728 = AXIS2_PLACEMENT_2D('',#1729,#1730);
#1729 = CARTESIAN_POINT('',(-2.337527005408,2.63694283087));
#1730 = DIRECTION('',(1.,0.));
#1731 = ( GEOMETRIC_REPRESENTATION_CONTEXT(2) 
PARAMETRIC_REPRESENTATION_CONTEXT() REPRESENTATION_CONTEXT('2D SPACE',''
  ) );
#1732 = PCURVE('',#1733,#1738);
#1733 = CYLINDRICAL_SURFACE('',#1734,8.);
#1734 = AXIS2_PLACEMENT_3D('',#1735,#1736,#1737);
#1735 = CARTESIAN_POINT('',(1.953316134117E-16,7.,-2.229711069055E-16));
#1736 = DIRECTION('',(-0.,-1.,-0.));
#1737 = DIRECTION('',(0.,0.,-1.));
#1738 = DEFINITIONAL_REPRESENTATION('',(#1739),#1743);
#1739 = LINE('',#1740,#1741);
#1740 = CARTESIAN_POINT('',(3.14159265359,0.));
#1741 = VECTOR('',#1742,1.);
#1742 = DIRECTION('',(-1.,0.));
#1743 = ( GEOMETRIC_REPRESENTATION_CONTEXT(2) 
PARAMETRIC_REPRESENTATION_CONTEXT() REPRESENTATION_CONTEXT('2D SPACE',''
  ) );
#1744 = ORIENTED_EDGE('',*,*,#1745,.T.);
#1745 = EDGE_CURVE('',#1717,#1746,#1748,.T.);
#1746 = VERTEX_POINT('',#1747);
#1747 = CARTESIAN_POINT('',(4.672296561002,7.,5.041975887095));
#1748 = SURFACE_CURVE('',#1749,(#1754,#1761),.PCURVE_S1.);
#1749 = CIRCLE('',#1750,3.);
#1750 = AXIS2_PLACEMENT_3D('',#1751,#1752,#1753);
#1751 = CARTESIAN_POINT('',(2.174631646848,7.,6.70380318757));
#1752 = DIRECTION('',(0.,1.,0.));
#1753 = DIRECTION('',(0.,-0.,1.));
#1754 = PCURVE('',#149,#1755);
#1755 = DEFINITIONAL_REPRESENTATION('',(#1756),#1760);
#1756 = CIRCLE('',#1757,3.);
#1757 = AXIS2_PLACEMENT_2D('',#1758,#1759);
#1758 = CARTESIAN_POINT('',(4.366276182162,4.811574477718));
#1759 = DIRECTION('',(1.,0.));
#1760 = ( GEOMETRIC_REPRESENTATION_CONTEXT(2) 
PARAMETRIC_REPRESENTATION_CONTEXT() REPRESENTATION_CONTEXT('2D SPACE',''
  ) );
#1761 = PCURVE('',#1762,#1767);
#1762 = CYLINDRICAL_SURFACE('',#1763,3.);
#1763 = AXIS2_PLACEMENT_3D('',#1764,#1765,#1766);
#1764 = CARTESIAN_POINT('',(2.174631646848,7.,6.70380318757));
#1765 = DIRECTION('',(-0.,-1.,-0.));
#1766 = DIRECTION('',(0.,0.,-1.));
#1767 = DEFINITIONAL_REPRESENTATION('',(#1768),#1772);
#1768 = LINE('',#1769,#1770);
#1769 = CARTESIAN_POINT('',(3.14159265359,0.));
#1770 = VECTOR('',#1771,1.);
#1771 = DIRECTION('',(-1.,0.));
#1772 = ( GEOMETRIC_REPRESENTATION_CONTEXT(2) 
PARAMETRIC_REPRESENTATION_CONTEXT() REPRESENTATION_CONTEXT('2D SPACE',''
  ) );
#1773 = ORIENTED_EDGE('',*,*,#1774,.T.);
#1774 = EDGE_CURVE('',#1746,#1775,#1777,.T.);
#1775 = VERTEX_POINT('',#1776);
#1776 = CARTESIAN_POINT('',(5.00330866013,7.,4.71367992671));
#1777 = SURFACE_CURVE('',#1778,(#1783,#1790),.PCURVE_S1.);
#1778 = CIRCLE('',#1779,6.874);
#1779 = AXIS2_PLACEMENT_3D('',#1780,#1781,#1782);
#1780 = CARTESIAN_POINT('',(1.953316134117E-16,7.,-2.229711069055E-16));
#1781 = DIRECTION('',(0.,1.,0.));
#1782 = DIRECTION('',(0.,-0.,1.));
#1783 = PCURVE('',#149,#1784);
#1784 = DEFINITIONAL_REPRESENTATION('',(#1785),#1789);
#1785 = CIRCLE('',#1786,6.874);
#1786 = AXIS2_PLACEMENT_2D('',#1787,#1788);
#1787 = CARTESIAN_POINT('',(-2.337527005408,2.63694283087));
#1788 = DIRECTION('',(1.,0.));
#1789 = ( GEOMETRIC_REPRESENTATION_CONTEXT(2) 
PARAMETRIC_REPRESENTATION_CONTEXT() REPRESENTATION_CONTEXT('2D SPACE',''
  ) );
#1790 = PCURVE('',#1791,#1796);
#1791 = CYLINDRICAL_SURFACE('',#1792,6.874);
#1792 = AXIS2_PLACEMENT_3D('',#1793,#1794,#1795);
#1793 = CARTESIAN_POINT('',(1.953316134117E-16,7.,-2.229711069055E-16));
#1794 = DIRECTION('',(-0.,-1.,-0.));
#1795 = DIRECTION('',(0.,0.,-1.));
#1796 = DEFINITIONAL_REPRESENTATION('',(#1797),#1801);
#1797 = LINE('',#1798,#1799);
#1798 = CARTESIAN_POINT('',(3.14159265359,0.));
#1799 = VECTOR('',#1800,1.);
#1800 = DIRECTION('',(-1.,0.));
#1801 = ( GEOMETRIC_REPRESENTATION_CONTEXT(2) 
PARAMETRIC_REPRESENTATION_CONTEXT() REPRESENTATION_CONTEXT('2D SPACE',''
  ) );
#1802 = ORIENTED_EDGE('',*,*,#1803,.T.);
#1803 = EDGE_CURVE('',#1775,#1804,#1806,.T.);
#1804 = VERTEX_POINT('',#1805);
#1805 = CARTESIAN_POINT('',(6.102783553759,7.,5.172623405582));
#1806 = SURFACE_CURVE('',#1807,(#1812,#1819),.PCURVE_S1.);
#1807 = CIRCLE('',#1808,3.);
#1808 = AXIS2_PLACEMENT_3D('',#1809,#1810,#1811);
#1809 = CARTESIAN_POINT('',(6.6856583683,7.,2.229791954313));
#1810 = DIRECTION('',(0.,1.,0.));
#1811 = DIRECTION('',(0.,-0.,1.));
#1812 = PCURVE('',#149,#1813);
#1813 = DEFINITIONAL_REPRESENTATION('',(#1814),#1818);
#1814 = CIRCLE('',#1815,3.);
#1815 = AXIS2_PLACEMENT_2D('',#1816,#1817);
#1816 = CARTESIAN_POINT('',(-0.107735051094,9.32260119917));
#1817 = DIRECTION('',(1.,0.));
#1818 = ( GEOMETRIC_REPRESENTATION_CONTEXT(2) 
PARAMETRIC_REPRESENTATION_CONTEXT() REPRESENTATION_CONTEXT('2D SPACE',''
  ) );
#1819 = PCURVE('',#1820,#1825);
#1820 = CYLINDRICAL_SURFACE('',#1821,3.);
#1821 = AXIS2_PLACEMENT_3D('',#1822,#1823,#1824);
#1822 = CARTESIAN_POINT('',(6.6856583683,7.,2.229791954313));
#1823 = DIRECTION('',(-0.,-1.,-0.));
#1824 = DIRECTION('',(0.,0.,-1.));
#1825 = DEFINITIONAL_REPRESENTATION('',(#1826),#1830);
#1826 = LINE('',#1827,#1828);
#1827 = CARTESIAN_POINT('',(9.424777960769,0.));
#1828 = VECTOR('',#1829,1.);
#1829 = DIRECTION('',(-1.,0.));
#1830 = ( GEOMETRIC_REPRESENTATION_CONTEXT(2) 
PARAMETRIC_REPRESENTATION_CONTEXT() REPRESENTATION_CONTEXT('2D SPACE',''
  ) );
#1831 = ORIENTED_EDGE('',*,*,#1832,.T.);
#1832 = EDGE_CURVE('',#1804,#1833,#1835,.T.);
#1833 = VERTEX_POINT('',#1834);
#1834 = CARTESIAN_POINT('',(6.287891876697,7.,4.945949428266));
#1835 = SURFACE_CURVE('',#1836,(#1841,#1848),.PCURVE_S1.);
#1836 = CIRCLE('',#1837,8.);
#1837 = AXIS2_PLACEMENT_3D('',#1838,#1839,#1840);
#1838 = CARTESIAN_POINT('',(1.953316134117E-16,7.,-2.229711069055E-16));
#1839 = DIRECTION('',(0.,1.,0.));
#1840 = DIRECTION('',(0.,-0.,1.));
#1841 = PCURVE('',#149,#1842);
#1842 = DEFINITIONAL_REPRESENTATION('',(#1843),#1847);
#1843 = CIRCLE('',#1844,8.);
#1844 = AXIS2_PLACEMENT_2D('',#1845,#1846);
#1845 = CARTESIAN_POINT('',(-2.337527005408,2.63694283087));
#1846 = DIRECTION('',(1.,0.));
#1847 = ( GEOMETRIC_REPRESENTATION_CONTEXT(2) 
PARAMETRIC_REPRESENTATION_CONTEXT() REPRESENTATION_CONTEXT('2D SPACE',''
  ) );
#1848 = PCURVE('',#1849,#1854);
#1849 = CYLINDRICAL_SURFACE('',#1850,8.);
#1850 = AXIS2_PLACEMENT_3D('',#1851,#1852,#1853);
#1851 = CARTESIAN_POINT('',(1.953316134117E-16,7.,-2.229711069055E-16));
#1852 = DIRECTION('',(-0.,-1.,-0.));
#1853 = DIRECTION('',(0.,0.,-1.));
#1854 = DEFINITIONAL_REPRESENTATION('',(#1855),#1859);
#1855 = LINE('',#1856,#1857);
#1856 = CARTESIAN_POINT('',(3.14159265359,0.));
#1857 = VECTOR('',#1858,1.);
#1858 = DIRECTION('',(-1.,0.));
#1859 = ( GEOMETRIC_REPRESENTATION_CONTEXT(2) 
PARAMETRIC_REPRESENTATION_CONTEXT() REPRESENTATION_CONTEXT('2D SPACE',''
  ) );
#1860 = ORIENTED_EDGE('',*,*,#1861,.T.);
#1861 = EDGE_CURVE('',#1833,#1862,#1864,.T.);
#1862 = VERTEX_POINT('',#1863);
#1863 = CARTESIAN_POINT('',(5.61848140281,7.,3.960371538919));
#1864 = SURFACE_CURVE('',#1865,(#1870,#1877),.PCURVE_S1.);
#1865 = CIRCLE('',#1866,3.);
#1866 = AXIS2_PLACEMENT_3D('',#1867,#1868,#1869);
#1867 = CARTESIAN_POINT('',(3.520909783482,7.,6.105177661111));
#1868 = DIRECTION('',(0.,1.,0.));
#1869 = DIRECTION('',(0.,-0.,1.));
#1870 = PCURVE('',#149,#1871);
#1871 = DEFINITIONAL_REPRESENTATION('',(#1872),#1876);
#1872 = CIRCLE('',#1873,3.);
#1873 = AXIS2_PLACEMENT_2D('',#1874,#1875);
#1874 = CARTESIAN_POINT('',(3.767650655703,6.157852614351));
#1875 = DIRECTION('',(1.,0.));
#1876 = ( GEOMETRIC_REPRESENTATION_CONTEXT(2) 
PARAMETRIC_REPRESENTATION_CONTEXT() REPRESENTATION_CONTEXT('2D SPACE',''
  ) );
#1877 = PCURVE('',#1878,#1883);
#1878 = CYLINDRICAL_SURFACE('',#1879,3.);
#1879 = AXIS2_PLACEMENT_3D('',#1880,#1881,#1882);
#1880 = CARTESIAN_POINT('',(3.520909783482,7.,6.105177661111));
#1881 = DIRECTION('',(-0.,-1.,-0.));
#1882 = DIRECTION('',(0.,0.,-1.));
#1883 = DEFINITIONAL_REPRESENTATION('',(#1884),#1888);
#1884 = LINE('',#1885,#1886);
#1885 = CARTESIAN_POINT('',(3.14159265359,0.));
#1886 = VECTOR('',#1887,1.);
#1887 = DIRECTION('',(-1.,0.));
#1888 = ( GEOMETRIC_REPRESENTATION_CONTEXT(2) 
PARAMETRIC_REPRESENTATION_CONTEXT() REPRESENTATION_CONTEXT('2D SPACE',''
  ) );
#1889 = ORIENTED_EDGE('',*,*,#1890,.T.);
#1890 = EDGE_CURVE('',#1862,#1891,#1893,.T.);
#1891 = VERTEX_POINT('',#1892);
#1892 = CARTESIAN_POINT('',(5.874003525172,7.,3.570428347728));
#1893 = SURFACE_CURVE('',#1894,(#1899,#1906),.PCURVE_S1.);
#1894 = CIRCLE('',#1895,6.874);
#1895 = AXIS2_PLACEMENT_3D('',#1896,#1897,#1898);
#1896 = CARTESIAN_POINT('',(1.953316134117E-16,7.,-2.229711069055E-16));
#1897 = DIRECTION('',(0.,1.,0.));
#1898 = DIRECTION('',(0.,-0.,1.));
#1899 = PCURVE('',#149,#1900);
#1900 = DEFINITIONAL_REPRESENTATION('',(#1901),#1905);
#1901 = CIRCLE('',#1902,6.874);
#1902 = AXIS2_PLACEMENT_2D('',#1903,#1904);
#1903 = CARTESIAN_POINT('',(-2.337527005408,2.63694283087));
#1904 = DIRECTION('',(1.,0.));
#1905 = ( GEOMETRIC_REPRESENTATION_CONTEXT(2) 
PARAMETRIC_REPRESENTATION_CONTEXT() REPRESENTATION_CONTEXT('2D SPACE',''
  ) );
#1906 = PCURVE('',#1907,#1912);
#1907 = CYLINDRICAL_SURFACE('',#1908,6.874);
#1908 = AXIS2_PLACEMENT_3D('',#1909,#1910,#1911);
#1909 = CARTESIAN_POINT('',(1.953316134117E-16,7.,-2.229711069055E-16));
#1910 = DIRECTION('',(-0.,-1.,-0.));
#1911 = DIRECTION('',(0.,0.,-1.));
#1912 = DEFINITIONAL_REPRESENTATION('',(#1913),#1917);
#1913 = LINE('',#1914,#1915);
#1914 = CARTESIAN_POINT('',(3.14159265359,0.));
#1915 = VECTOR('',#1916,1.);
#1916 = DIRECTION('',(-1.,0.));
#1917 = ( GEOMETRIC_REPRESENTATION_CONTEXT(2) 
PARAMETRIC_REPRESENTATION_CONTEXT() REPRESENTATION_CONTEXT('2D SPACE',''
  ) );
#1918 = ORIENTED_EDGE('',*,*,#1919,.T.);
#1919 = EDGE_CURVE('',#1891,#1920,#1922,.T.);
#1920 = VERTEX_POINT('',#1921);
#1921 = CARTESIAN_POINT('',(7.044871969125,7.,3.790749126312));
#1922 = SURFACE_CURVE('',#1923,(#1928,#1935),.PCURVE_S1.);
#1923 = CIRCLE('',#1924,3.);
#1924 = AXIS2_PLACEMENT_3D('',#1925,#1926,#1927);
#1925 = CARTESIAN_POINT('',(7.003160507672,7.,0.791039114664));
#1926 = DIRECTION('',(0.,1.,0.));
#1927 = DIRECTION('',(0.,-0.,1.));
#1928 = PCURVE('',#149,#1929);
#1929 = DEFINITIONAL_REPRESENTATION('',(#1930),#1934);
#1930 = CIRCLE('',#1931,3.);
#1931 = AXIS2_PLACEMENT_2D('',#1932,#1933);
#1932 = CARTESIAN_POINT('',(-1.546487890744,9.640103338542));
#1933 = DIRECTION('',(1.,0.));
#1934 = ( GEOMETRIC_REPRESENTATION_CONTEXT(2) 
PARAMETRIC_REPRESENTATION_CONTEXT() REPRESENTATION_CONTEXT('2D SPACE',''
  ) );
#1935 = PCURVE('',#1936,#1941);
#1936 = CYLINDRICAL_SURFACE('',#1937,3.);
#1937 = AXIS2_PLACEMENT_3D('',#1938,#1939,#1940);
#1938 = CARTESIAN_POINT('',(7.003160507672,7.,0.791039114664));
#1939 = DIRECTION('',(-0.,-1.,-0.));
#1940 = DIRECTION('',(0.,0.,-1.));
#1941 = DEFINITIONAL_REPRESENTATION('',(#1942),#1946);
#1942 = LINE('',#1943,#1944);
#1943 = CARTESIAN_POINT('',(9.424777960769,0.));
#1944 = VECTOR('',#1945,1.);
#1945 = DIRECTION('',(-1.,0.));
#1946 = ( GEOMETRIC_REPRESENTATION_CONTEXT(2) 
PARAMETRIC_REPRESENTATION_CONTEXT() REPRESENTATION_CONTEXT('2D SPACE',''
  ) );
#1947 = ORIENTED_EDGE('',*,*,#1948,.T.);
#1948 = EDGE_CURVE('',#1920,#1949,#1951,.T.);
#1949 = VERTEX_POINT('',#1950);
#1950 = CARTESIAN_POINT('',(7.178807061195,7.,3.530542334846));
#1951 = SURFACE_CURVE('',#1952,(#1957,#1964),.PCURVE_S1.);
#1952 = CIRCLE('',#1953,8.);
#1953 = AXIS2_PLACEMENT_3D('',#1954,#1955,#1956);
#1954 = CARTESIAN_POINT('',(1.953316134117E-16,7.,-2.229711069055E-16));
#1955 = DIRECTION('',(0.,1.,0.));
#1956 = DIRECTION('',(0.,-0.,1.));
#1957 = PCURVE('',#149,#1958);
#1958 = DEFINITIONAL_REPRESENTATION('',(#1959),#1963);
#1959 = CIRCLE('',#1960,8.);
#1960 = AXIS2_PLACEMENT_2D('',#1961,#1962);
#1961 = CARTESIAN_POINT('',(-2.337527005408,2.63694283087));
#1962 = DIRECTION('',(1.,0.));
#1963 = ( GEOMETRIC_REPRESENTATION_CONTEXT(2) 
PARAMETRIC_REPRESENTATION_CONTEXT() REPRESENTATION_CONTEXT('2D SPACE',''
  ) );
#1964 = PCURVE('',#1965,#1970);
#1965 = CYLINDRICAL_SURFACE('',#1966,8.);
#1966 = AXIS2_PLACEMENT_3D('',#1967,#1968,#1969);
#1967 = CARTESIAN_POINT('',(1.953316134117E-16,7.,-2.229711069055E-16));
#1968 = DIRECTION('',(-0.,-1.,-0.));
#1969 = DIRECTION('',(0.,0.,-1.));
#1970 = DEFINITIONAL_REPRESENTATION('',(#1971),#1975);
#1971 = LINE('',#1972,#1973);
#1972 = CARTESIAN_POINT('',(3.14159265359,0.));
#1973 = VECTOR('',#1974,1.);
#1974 = DIRECTION('',(-1.,0.));
#1975 = ( GEOMETRIC_REPRESENTATION_CONTEXT(2) 
PARAMETRIC_REPRESENTATION_CONTEXT() REPRESENTATION_CONTEXT('2D SPACE',''
  ) );
#1976 = ORIENTED_EDGE('',*,*,#1977,.T.);
#1977 = EDGE_CURVE('',#1949,#1978,#1980,.T.);
#1978 = VERTEX_POINT('',#1979);
#1979 = CARTESIAN_POINT('',(6.319111646849,7.,2.705679950522));
#1980 = SURFACE_CURVE('',#1981,(#1986,#1993),.PCURVE_S1.);
#1981 = CIRCLE('',#1982,3.);
#1982 = AXIS2_PLACEMENT_3D('',#1983,#1984,#1985);
#1983 = CARTESIAN_POINT('',(4.713307267377,7.,5.239726574969));
#1984 = DIRECTION('',(0.,1.,0.));
#1985 = DIRECTION('',(0.,-0.,1.));
#1986 = PCURVE('',#149,#1987);
#1987 = DEFINITIONAL_REPRESENTATION('',(#1988),#1992);
#1988 = CIRCLE('',#1989,3.);
#1989 = AXIS2_PLACEMENT_2D('',#1990,#1991);
#1990 = CARTESIAN_POINT('',(2.902199569561,7.350250098247));
#1991 = DIRECTION('',(1.,0.));
#1992 = ( GEOMETRIC_REPRESENTATION_CONTEXT(2) 
PARAMETRIC_REPRESENTATION_CONTEXT() REPRESENTATION_CONTEXT('2D SPACE',''
  ) );
#1993 = PCURVE('',#1994,#1999);
#1994 = CYLINDRICAL_SURFACE('',#1995,3.);
#1995 = AXIS2_PLACEMENT_3D('',#1996,#1997,#1998);
#1996 = CARTESIAN_POINT('',(4.713307267377,7.,5.239726574969));
#1997 = DIRECTION('',(-0.,-1.,-0.));
#1998 = DIRECTION('',(0.,0.,-1.));
#1999 = DEFINITIONAL_REPRESENTATION('',(#2000),#2004);
#2000 = LINE('',#2001,#2002);
#2001 = CARTESIAN_POINT('',(3.14159265359,0.));
#2002 = VECTOR('',#2003,1.);
#2003 = DIRECTION('',(-1.,0.));
#2004 = ( GEOMETRIC_REPRESENTATION_CONTEXT(2) 
PARAMETRIC_REPRESENTATION_CONTEXT() REPRESENTATION_CONTEXT('2D SPACE',''
  ) );
#2005 = ORIENTED_EDGE('',*,*,#2006,.T.);
#2006 = EDGE_CURVE('',#1978,#2007,#2009,.T.);
#2007 = VERTEX_POINT('',#2008);
#2008 = CARTESIAN_POINT('',(6.487976249569,7.,2.271131917134));
#2009 = SURFACE_CURVE('',#2010,(#2015,#2022),.PCURVE_S1.);
#2010 = CIRCLE('',#2011,6.874);
#2011 = AXIS2_PLACEMENT_3D('',#2012,#2013,#2014);
#2012 = CARTESIAN_POINT('',(1.953316134117E-16,7.,-2.229711069055E-16));
#2013 = DIRECTION('',(0.,1.,0.));
#2014 = DIRECTION('',(0.,-0.,1.));
#2015 = PCURVE('',#149,#2016);
#2016 = DEFINITIONAL_REPRESENTATION('',(#2017),#2021);
#2017 = CIRCLE('',#2018,6.874);
#2018 = AXIS2_PLACEMENT_2D('',#2019,#2020);
#2019 = CARTESIAN_POINT('',(-2.337527005408,2.63694283087));
#2020 = DIRECTION('',(1.,0.));
#2021 = ( GEOMETRIC_REPRESENTATION_CONTEXT(2) 
PARAMETRIC_REPRESENTATION_CONTEXT() REPRESENTATION_CONTEXT('2D SPACE',''
  ) );
#2022 = PCURVE('',#2023,#2028);
#2023 = CYLINDRICAL_SURFACE('',#2024,6.874);
#2024 = AXIS2_PLACEMENT_3D('',#2025,#2026,#2027);
#2025 = CARTESIAN_POINT('',(1.953316134117E-16,7.,-2.229711069055E-16));
#2026 = DIRECTION('',(-0.,-1.,-0.));
#2027 = DIRECTION('',(0.,0.,-1.));
#2028 = DEFINITIONAL_REPRESENTATION('',(#2029),#2033);
#2029 = LINE('',#2030,#2031);
#2030 = CARTESIAN_POINT('',(3.14159265359,0.));
#2031 = VECTOR('',#2032,1.);
#2032 = DIRECTION('',(-1.,0.));
#2033 = ( GEOMETRIC_REPRESENTATION_CONTEXT(2) 
PARAMETRIC_REPRESENTATION_CONTEXT() REPRESENTATION_CONTEXT('2D SPACE',''
  ) );
#2034 = ORIENTED_EDGE('',*,*,#2035,.T.);
#2035 = EDGE_CURVE('',#2007,#2036,#2038,.T.);
#2036 = VERTEX_POINT('',#2037);
#2037 = CARTESIAN_POINT('',(7.679065674394,7.,2.243200920191));
#2038 = SURFACE_CURVE('',#2039,(#2044,#2051),.PCURVE_S1.);
#2039 = CIRCLE('',#2040,3.);
#2040 = AXIS2_PLACEMENT_3D('',#2041,#2042,#2043);
#2041 = CARTESIAN_POINT('',(7.014590927966,7.,-0.682285930123));
#2042 = DIRECTION('',(0.,1.,0.));
#2043 = DIRECTION('',(0.,-0.,1.));
#2044 = PCURVE('',#149,#2045);
#2045 = DEFINITIONAL_REPRESENTATION('',(#2046),#2050);
#2046 = CIRCLE('',#2047,3.);
#2047 = AXIS2_PLACEMENT_2D('',#2048,#2049);
#2048 = CARTESIAN_POINT('',(-3.019812935531,9.651533758836));
#2049 = DIRECTION('',(1.,0.));
#2050 = ( GEOMETRIC_REPRESENTATION_CONTEXT(2) 
PARAMETRIC_REPRESENTATION_CONTEXT() REPRESENTATION_CONTEXT('2D SPACE',''
  ) );
#2051 = PCURVE('',#2052,#2057);
#2052 = CYLINDRICAL_SURFACE('',#2053,3.);
#2053 = AXIS2_PLACEMENT_3D('',#2054,#2055,#2056);
#2054 = CARTESIAN_POINT('',(7.014590927966,7.,-0.682285930123));
#2055 = DIRECTION('',(-0.,-1.,-0.));
#2056 = DIRECTION('',(0.,0.,-1.));
#2057 = DEFINITIONAL_REPRESENTATION('',(#2058),#2062);
#2058 = LINE('',#2059,#2060);
#2059 = CARTESIAN_POINT('',(9.424777960769,0.));
#2060 = VECTOR('',#2061,1.);
#2061 = DIRECTION('',(-1.,0.));
#2062 = ( GEOMETRIC_REPRESENTATION_CONTEXT(2) 
PARAMETRIC_REPRESENTATION_CONTEXT() REPRESENTATION_CONTEXT('2D SPACE',''
  ) );
#2063 = ORIENTED_EDGE('',*,*,#2064,.T.);
#2064 = EDGE_CURVE('',#2036,#2065,#2067,.T.);
#2065 = VERTEX_POINT('',#2066);
#2066 = CARTESIAN_POINT('',(7.75597392938,7.,1.960833599971));
#2067 = SURFACE_CURVE('',#2068,(#2073,#2080),.PCURVE_S1.);
#2068 = CIRCLE('',#2069,8.);
#2069 = AXIS2_PLACEMENT_3D('',#2070,#2071,#2072);
#2070 = CARTESIAN_POINT('',(1.953316134117E-16,7.,-2.229711069055E-16));
#2071 = DIRECTION('',(0.,1.,0.));
#2072 = DIRECTION('',(0.,-0.,1.));
#2073 = PCURVE('',#149,#2074);
#2074 = DEFINITIONAL_REPRESENTATION('',(#2075),#2079);
#2075 = CIRCLE('',#2076,8.);
#2076 = AXIS2_PLACEMENT_2D('',#2077,#2078);
#2077 = CARTESIAN_POINT('',(-2.337527005408,2.63694283087));
#2078 = DIRECTION('',(1.,0.));
#2079 = ( GEOMETRIC_REPRESENTATION_CONTEXT(2) 
PARAMETRIC_REPRESENTATION_CONTEXT() REPRESENTATION_CONTEXT('2D SPACE',''
  ) );
#2080 = PCURVE('',#2081,#2086);
#2081 = CYLINDRICAL_SURFACE('',#2082,8.);
#2082 = AXIS2_PLACEMENT_3D('',#2083,#2084,#2085);
#2083 = CARTESIAN_POINT('',(1.953316134117E-16,7.,-2.229711069055E-16));
#2084 = DIRECTION('',(-0.,-1.,-0.));
#2085 = DIRECTION('',(0.,0.,-1.));
#2086 = DEFINITIONAL_REPRESENTATION('',(#2087),#2091);
#2087 = LINE('',#2088,#2089);
#2088 = CARTESIAN_POINT('',(3.14159265359,0.));
#2089 = VECTOR('',#2090,1.);
#2090 = DIRECTION('',(-1.,0.));
#2091 = ( GEOMETRIC_REPRESENTATION_CONTEXT(2) 
PARAMETRIC_REPRESENTATION_CONTEXT() REPRESENTATION_CONTEXT('2D SPACE',''
  ) );
#2092 = ORIENTED_EDGE('',*,*,#2093,.T.);
#2093 = EDGE_CURVE('',#2065,#2094,#2096,.T.);
#2094 = VERTEX_POINT('',#2095);
#2095 = CARTESIAN_POINT('',(6.743566389459,7.,1.332737164994));
#2096 = SURFACE_CURVE('',#2097,(#2102,#2109),.PCURVE_S1.);
#2097 = CIRCLE('',#2098,3.);
#2098 = AXIS2_PLACEMENT_3D('',#2099,#2100,#2101);
#2099 = CARTESIAN_POINT('',(5.699710606731,7.,4.145274294503));
#2100 = DIRECTION('',(0.,1.,0.));
#2101 = DIRECTION('',(0.,-0.,1.));
#2102 = PCURVE('',#149,#2103);
#2103 = DEFINITIONAL_REPRESENTATION('',(#2104),#2108);
#2104 = CIRCLE('',#2105,3.);
#2105 = AXIS2_PLACEMENT_2D('',#2106,#2107);
#2106 = CARTESIAN_POINT('',(1.807747289095,8.3366534376));
#2107 = DIRECTION('',(1.,0.));
#2108 = ( GEOMETRIC_REPRESENTATION_CONTEXT(2) 
PARAMETRIC_REPRESENTATION_CONTEXT() REPRESENTATION_CONTEXT('2D SPACE',''
  ) );
#2109 = PCURVE('',#2110,#2115);
#2110 = CYLINDRICAL_SURFACE('',#2111,3.);
#2111 = AXIS2_PLACEMENT_3D('',#2112,#2113,#2114);
#2112 = CARTESIAN_POINT('',(5.699710606731,7.,4.145274294503));
#2113 = DIRECTION('',(-0.,-1.,-0.));
#2114 = DIRECTION('',(0.,0.,-1.));
#2115 = DEFINITIONAL_REPRESENTATION('',(#2116),#2120);
#2116 = LINE('',#2117,#2118);
#2117 = CARTESIAN_POINT('',(3.14159265359,0.));
#2118 = VECTOR('',#2119,1.);
#2119 = DIRECTION('',(-1.,0.));
#2120 = ( GEOMETRIC_REPRESENTATION_CONTEXT(2) 
PARAMETRIC_REPRESENTATION_CONTEXT() REPRESENTATION_CONTEXT('2D SPACE',''
  ) );
#2121 = ORIENTED_EDGE('',*,*,#2122,.T.);
#2122 = EDGE_CURVE('',#2094,#2123,#2125,.T.);
#2123 = VERTEX_POINT('',#2124);
#2124 = CARTESIAN_POINT('',(6.818393279096,7.,0.872576123661));
#2125 = SURFACE_CURVE('',#2126,(#2131,#2138),.PCURVE_S1.);
#2126 = CIRCLE('',#2127,6.874);
#2127 = AXIS2_PLACEMENT_3D('',#2128,#2129,#2130);
#2128 = CARTESIAN_POINT('',(1.953316134117E-16,7.,-2.229711069055E-16));
#2129 = DIRECTION('',(0.,1.,0.));
#2130 = DIRECTION('',(0.,-0.,1.));
#2131 = PCURVE('',#149,#2132);
#2132 = DEFINITIONAL_REPRESENTATION('',(#2133),#2137);
#2133 = CIRCLE('',#2134,6.874);
#2134 = AXIS2_PLACEMENT_2D('',#2135,#2136);
#2135 = CARTESIAN_POINT('',(-2.337527005408,2.63694283087));
#2136 = DIRECTION('',(1.,0.));
#2137 = ( GEOMETRIC_REPRESENTATION_CONTEXT(2) 
PARAMETRIC_REPRESENTATION_CONTEXT() REPRESENTATION_CONTEXT('2D SPACE',''
  ) );
#2138 = PCURVE('',#2139,#2144);
#2139 = CYLINDRICAL_SURFACE('',#2140,6.874);
#2140 = AXIS2_PLACEMENT_3D('',#2141,#2142,#2143);
#2141 = CARTESIAN_POINT('',(1.953316134117E-16,7.,-2.229711069055E-16));
#2142 = DIRECTION('',(-0.,-1.,-0.));
#2143 = DIRECTION('',(0.,0.,-1.));
#2144 = DEFINITIONAL_REPRESENTATION('',(#2145),#2149);
#2145 = LINE('',#2146,#2147);
#2146 = CARTESIAN_POINT('',(3.14159265359,0.));
#2147 = VECTOR('',#2148,1.);
#2148 = DIRECTION('',(-1.,0.));
#2149 = ( GEOMETRIC_REPRESENTATION_CONTEXT(2) 
PARAMETRIC_REPRESENTATION_CONTEXT() REPRESENTATION_CONTEXT('2D SPACE',''
  ) );
#2150 = ORIENTED_EDGE('',*,*,#2151,.T.);
#2151 = EDGE_CURVE('',#2123,#2152,#2154,.T.);
#2152 = VERTEX_POINT('',#2153);
#2153 = CARTESIAN_POINT('',(7.977647361447,7.,0.597614069785));
#2154 = SURFACE_CURVE('',#2155,(#2160,#2167),.PCURVE_S1.);
#2155 = CIRCLE('',#2156,3.);
#2156 = AXIS2_PLACEMENT_3D('',#2157,#2158,#2159);
#2157 = CARTESIAN_POINT('',(6.719450064966,7.,-2.125791805792));
#2158 = DIRECTION('',(0.,1.,0.));
#2159 = DIRECTION('',(0.,-0.,1.));
#2160 = PCURVE('',#149,#2161);
#2161 = DEFINITIONAL_REPRESENTATION('',(#2162),#2166);
#2162 = CIRCLE('',#2163,3.);
#2163 = AXIS2_PLACEMENT_2D('',#2164,#2165);
#2164 = CARTESIAN_POINT('',(-4.4633188112,9.356392895836));
#2165 = DIRECTION('',(1.,0.));
#2166 = ( GEOMETRIC_REPRESENTATION_CONTEXT(2) 
PARAMETRIC_REPRESENTATION_CONTEXT() REPRESENTATION_CONTEXT('2D SPACE',''
  ) );
#2167 = PCURVE('',#2168,#2173);
#2168 = CYLINDRICAL_SURFACE('',#2169,3.);
#2169 = AXIS2_PLACEMENT_3D('',#2170,#2171,#2172);
#2170 = CARTESIAN_POINT('',(6.719450064966,7.,-2.125791805792));
#2171 = DIRECTION('',(-0.,-1.,-0.));
#2172 = DIRECTION('',(0.,0.,-1.));
#2173 = DEFINITIONAL_REPRESENTATION('',(#2174),#2178);
#2174 = LINE('',#2175,#2176);
#2175 = CARTESIAN_POINT('',(3.14159265359,0.));
#2176 = VECTOR('',#2177,1.);
#2177 = DIRECTION('',(-1.,0.));
#2178 = ( GEOMETRIC_REPRESENTATION_CONTEXT(2) 
PARAMETRIC_REPRESENTATION_CONTEXT() REPRESENTATION_CONTEXT('2D SPACE',''
  ) );
#2179 = ORIENTED_EDGE('',*,*,#2180,.T.);
#2180 = EDGE_CURVE('',#2152,#2181,#2183,.T.);
#2181 = VERTEX_POINT('',#2182);
#2182 = CARTESIAN_POINT('',(7.994167519559,7.,0.305427027654));
#2183 = SURFACE_CURVE('',#2184,(#2189,#2196),.PCURVE_S1.);
#2184 = CIRCLE('',#2185,8.);
#2185 = AXIS2_PLACEMENT_3D('',#2186,#2187,#2188);
#2186 = CARTESIAN_POINT('',(1.953316134117E-16,7.,-2.229711069055E-16));
#2187 = DIRECTION('',(0.,1.,0.));
#2188 = DIRECTION('',(0.,-0.,1.));
#2189 = PCURVE('',#149,#2190);
#2190 = DEFINITIONAL_REPRESENTATION('',(#2191),#2195);
#2191 = CIRCLE('',#2192,8.);
#2192 = AXIS2_PLACEMENT_2D('',#2193,#2194);
#2193 = CARTESIAN_POINT('',(-2.337527005408,2.63694283087));
#2194 = DIRECTION('',(1.,0.));
#2195 = ( GEOMETRIC_REPRESENTATION_CONTEXT(2) 
PARAMETRIC_REPRESENTATION_CONTEXT() REPRESENTATION_CONTEXT('2D SPACE',''
  ) );
#2196 = PCURVE('',#2197,#2202);
#2197 = CYLINDRICAL_SURFACE('',#2198,8.);
#2198 = AXIS2_PLACEMENT_3D('',#2199,#2200,#2201);
#2199 = CARTESIAN_POINT('',(1.953316134117E-16,7.,-2.229711069055E-16));
#2200 = DIRECTION('',(-0.,-1.,-0.));
#2201 = DIRECTION('',(0.,0.,-1.));
#2202 = DEFINITIONAL_REPRESENTATION('',(#2203),#2207);
#2203 = LINE('',#2204,#2205);
#2204 = CARTESIAN_POINT('',(3.14159265359,0.));
#2205 = VECTOR('',#2206,1.);
#2206 = DIRECTION('',(-1.,0.));
#2207 = ( GEOMETRIC_REPRESENTATION_CONTEXT(2) 
PARAMETRIC_REPRESENTATION_CONTEXT() REPRESENTATION_CONTEXT('2D SPACE',''
  ) );
#2208 = ORIENTED_EDGE('',*,*,#2209,.T.);
#2209 = EDGE_CURVE('',#2181,#2210,#2212,.T.);
#2210 = VERTEX_POINT('',#2211);
#2211 = CARTESIAN_POINT('',(6.873294921628,7.,-9.845262982636E-02));
#2212 = SURFACE_CURVE('',#2213,(#2218,#2225),.PCURVE_S1.);
#2213 = CIRCLE('',#2214,3.);
#2214 = AXIS2_PLACEMENT_3D('',#2215,#2216,#2217);
#2215 = CARTESIAN_POINT('',(6.437009242324,7.,2.869653636134));
#2216 = DIRECTION('',(0.,1.,0.));
#2217 = DIRECTION('',(0.,-0.,1.));
#2218 = PCURVE('',#149,#2219);
#2219 = DEFINITIONAL_REPRESENTATION('',(#2220),#2224);
#2220 = CIRCLE('',#2221,3.);
#2221 = AXIS2_PLACEMENT_2D('',#2222,#2223);
#2222 = CARTESIAN_POINT('',(0.532126630727,9.073952073194));
#2223 = DIRECTION('',(1.,0.));
#2224 = ( GEOMETRIC_REPRESENTATION_CONTEXT(2) 
PARAMETRIC_REPRESENTATION_CONTEXT() REPRESENTATION_CONTEXT('2D SPACE',''
  ) );
#2225 = PCURVE('',#2226,#2231);
#2226 = CYLINDRICAL_SURFACE('',#2227,3.);
#2227 = AXIS2_PLACEMENT_3D('',#2228,#2229,#2230);
#2228 = CARTESIAN_POINT('',(6.437009242324,7.,2.869653636134));
#2229 = DIRECTION('',(-0.,-1.,-0.));
#2230 = DIRECTION('',(0.,0.,-1.));
#2231 = DEFINITIONAL_REPRESENTATION('',(#2232),#2236);
#2232 = LINE('',#2233,#2234);
#2233 = CARTESIAN_POINT('',(3.14159265359,0.));
#2234 = VECTOR('',#2235,1.);
#2235 = DIRECTION('',(-1.,0.));
#2236 = ( GEOMETRIC_REPRESENTATION_CONTEXT(2) 
PARAMETRIC_REPRESENTATION_CONTEXT() REPRESENTATION_CONTEXT('2D SPACE',''
  ) );
#2237 = ORIENTED_EDGE('',*,*,#2238,.T.);
#2238 = EDGE_CURVE('',#2210,#2239,#2241,.T.);
#2239 = VERTEX_POINT('',#2240);
#2240 = CARTESIAN_POINT('',(6.850813804045,7.,-0.5641154335));
#2241 = SURFACE_CURVE('',#2242,(#2247,#2254),.PCURVE_S1.);
#2242 = CIRCLE('',#2243,6.874);
#2243 = AXIS2_PLACEMENT_3D('',#2244,#2245,#2246);
#2244 = CARTESIAN_POINT('',(1.953316134117E-16,7.,-2.229711069055E-16));
#2245 = DIRECTION('',(0.,1.,0.));
#2246 = DIRECTION('',(0.,-0.,1.));
#2247 = PCURVE('',#149,#2248);
#2248 = DEFINITIONAL_REPRESENTATION('',(#2249),#2253);
#2249 = CIRCLE('',#2250,6.874);
#2250 = AXIS2_PLACEMENT_2D('',#2251,#2252);
#2251 = CARTESIAN_POINT('',(-2.337527005408,2.63694283087));
#2252 = DIRECTION('',(1.,0.));
#2253 = ( GEOMETRIC_REPRESENTATION_CONTEXT(2) 
PARAMETRIC_REPRESENTATION_CONTEXT() REPRESENTATION_CONTEXT('2D SPACE',''
  ) );
#2254 = PCURVE('',#2255,#2260);
#2255 = CYLINDRICAL_SURFACE('',#2256,6.874);
#2256 = AXIS2_PLACEMENT_3D('',#2257,#2258,#2259);
#2257 = CARTESIAN_POINT('',(1.953316134117E-16,7.,-2.229711069055E-16));
#2258 = DIRECTION('',(-0.,-1.,-0.));
#2259 = DIRECTION('',(0.,0.,-1.));
#2260 = DEFINITIONAL_REPRESENTATION('',(#2261),#2265);
#2261 = LINE('',#2262,#2263);
#2262 = CARTESIAN_POINT('',(3.14159265359,0.));
#2263 = VECTOR('',#2264,1.);
#2264 = DIRECTION('',(-1.,0.));
#2265 = ( GEOMETRIC_REPRESENTATION_CONTEXT(2) 
PARAMETRIC_REPRESENTATION_CONTEXT() REPRESENTATION_CONTEXT('2D SPACE',''
  ) );
#2266 = ORIENTED_EDGE('',*,*,#2267,.T.);
#2267 = EDGE_CURVE('',#2239,#2268,#2270,.T.);
#2268 = VERTEX_POINT('',#2269);
#2269 = CARTESIAN_POINT('',(7.927567577805,7.,-1.074091383141));
#2270 = SURFACE_CURVE('',#2271,(#2276,#2283),.PCURVE_S1.);
#2271 = CIRCLE('',#2272,3.);
#2272 = AXIS2_PLACEMENT_3D('',#2273,#2274,#2275);
#2273 = CARTESIAN_POINT('',(6.130636990628,7.,-3.476390378868));
#2274 = DIRECTION('',(0.,1.,0.));
#2275 = DIRECTION('',(0.,-0.,1.));
#2276 = PCURVE('',#149,#2277);
#2277 = DEFINITIONAL_REPRESENTATION('',(#2278),#2282);
#2278 = CIRCLE('',#2279,3.);
#2279 = AXIS2_PLACEMENT_2D('',#2280,#2281);
#2280 = CARTESIAN_POINT('',(-5.813917384276,8.767579821498));
#2281 = DIRECTION('',(1.,0.));
#2282 = ( GEOMETRIC_REPRESENTATION_CONTEXT(2) 
PARAMETRIC_REPRESENTATION_CONTEXT() REPRESENTATION_CONTEXT('2D SPACE',''
  ) );
#2283 = PCURVE('',#2284,#2289);
#2284 = CYLINDRICAL_SURFACE('',#2285,3.);
#2285 = AXIS2_PLACEMENT_3D('',#2286,#2287,#2288);
#2286 = CARTESIAN_POINT('',(6.130636990628,7.,-3.476390378868));
#2287 = DIRECTION('',(-0.,-1.,-0.));
#2288 = DIRECTION('',(0.,0.,-1.));
#2289 = DEFINITIONAL_REPRESENTATION('',(#2290),#2294);
#2290 = LINE('',#2291,#2292);
#2291 = CARTESIAN_POINT('',(3.14159265359,0.));
#2292 = VECTOR('',#2293,1.);
#2293 = DIRECTION('',(-1.,0.));
#2294 = ( GEOMETRIC_REPRESENTATION_CONTEXT(2) 
PARAMETRIC_REPRESENTATION_CONTEXT() REPRESENTATION_CONTEXT('2D SPACE',''
  ) );
#2295 = ORIENTED_EDGE('',*,*,#2296,.T.);
#2296 = EDGE_CURVE('',#2268,#2297,#2299,.T.);
#2297 = VERTEX_POINT('',#2298);
#2298 = CARTESIAN_POINT('',(7.882977628862,7.,-1.363328171373));
#2299 = SURFACE_CURVE('',#2300,(#2305,#2312),.PCURVE_S1.);
#2300 = CIRCLE('',#2301,8.);
#2301 = AXIS2_PLACEMENT_3D('',#2302,#2303,#2304);
#2302 = CARTESIAN_POINT('',(1.953316134117E-16,7.,-2.229711069055E-16));
#2303 = DIRECTION('',(0.,1.,0.));
#2304 = DIRECTION('',(0.,-0.,1.));
#2305 = PCURVE('',#149,#2306);
#2306 = DEFINITIONAL_REPRESENTATION('',(#2307),#2311);
#2307 = CIRCLE('',#2308,8.);
#2308 = AXIS2_PLACEMENT_2D('',#2309,#2310);
#2309 = CARTESIAN_POINT('',(-2.337527005408,2.63694283087));
#2310 = DIRECTION('',(1.,0.));
#2311 = ( GEOMETRIC_REPRESENTATION_CONTEXT(2) 
PARAMETRIC_REPRESENTATION_CONTEXT() REPRESENTATION_CONTEXT('2D SPACE',''
  ) );
#2312 = PCURVE('',#2313,#2318);
#2313 = CYLINDRICAL_SURFACE('',#2314,8.);
#2314 = AXIS2_PLACEMENT_3D('',#2315,#2316,#2317);
#2315 = CARTESIAN_POINT('',(1.953316134117E-16,7.,-2.229711069055E-16));
#2316 = DIRECTION('',(-0.,-1.,-0.));
#2317 = DIRECTION('',(0.,0.,-1.));
#2318 = DEFINITIONAL_REPRESENTATION('',(#2319),#2323);
#2319 = LINE('',#2320,#2321);
#2320 = CARTESIAN_POINT('',(3.14159265359,0.));
#2321 = VECTOR('',#2322,1.);
#2322 = DIRECTION('',(-1.,0.));
#2323 = ( GEOMETRIC_REPRESENTATION_CONTEXT(2) 
PARAMETRIC_REPRESENTATION_CONTEXT() REPRESENTATION_CONTEXT('2D SPACE',''
  ) );
#2324 = ORIENTED_EDGE('',*,*,#2325,.T.);
#2325 = EDGE_CURVE('',#2297,#501,#2326,.T.);
#2326 = SURFACE_CURVE('',#2327,(#2332,#2339),.PCURVE_S1.);
#2327 = CIRCLE('',#2328,3.);
#2328 = AXIS2_PLACEMENT_3D('',#2329,#2330,#2331);
#2329 = CARTESIAN_POINT('',(6.892979685831,7.,1.468615343741));
#2330 = DIRECTION('',(0.,1.,0.));
#2331 = DIRECTION('',(0.,-0.,1.));
#2332 = PCURVE('',#149,#2333);
#2333 = DEFINITIONAL_REPRESENTATION('',(#2334),#2338);
#2334 = CIRCLE('',#2335,3.);
#2335 = AXIS2_PLACEMENT_2D('',#2336,#2337);
#2336 = CARTESIAN_POINT('',(-0.868911661667,9.5299225167));
#2337 = DIRECTION('',(1.,0.));
#2338 = ( GEOMETRIC_REPRESENTATION_CONTEXT(2) 
PARAMETRIC_REPRESENTATION_CONTEXT() REPRESENTATION_CONTEXT('2D SPACE',''
  ) );
#2339 = PCURVE('',#547,#2340);
#2340 = DEFINITIONAL_REPRESENTATION('',(#2341),#2345);
#2341 = LINE('',#2342,#2343);
#2342 = CARTESIAN_POINT('',(3.14159265359,0.));
#2343 = VECTOR('',#2344,1.);
#2344 = DIRECTION('',(-1.,0.));
#2345 = ( GEOMETRIC_REPRESENTATION_CONTEXT(2) 
PARAMETRIC_REPRESENTATION_CONTEXT() REPRESENTATION_CONTEXT('2D SPACE',''
  ) );
#2346 = ORIENTED_EDGE('',*,*,#500,.T.);
#2347 = ORIENTED_EDGE('',*,*,#2348,.T.);
#2348 = EDGE_CURVE('',#503,#2349,#2351,.T.);
#2349 = VERTEX_POINT('',#2350);
#2350 = CARTESIAN_POINT('',(6.583820891905,7.,-1.976152439292));
#2351 = SURFACE_CURVE('',#2352,(#2357,#2364),.PCURVE_S1.);
#2352 = CIRCLE('',#2353,6.874);
#2353 = AXIS2_PLACEMENT_3D('',#2354,#2355,#2356);
#2354 = CARTESIAN_POINT('',(1.953316134117E-16,7.,-2.229711069055E-16));
#2355 = DIRECTION('',(0.,1.,0.));
#2356 = DIRECTION('',(0.,-0.,1.));
#2357 = PCURVE('',#149,#2358);
#2358 = DEFINITIONAL_REPRESENTATION('',(#2359),#2363);
#2359 = CIRCLE('',#2360,6.874);
#2360 = AXIS2_PLACEMENT_2D('',#2361,#2362);
#2361 = CARTESIAN_POINT('',(-2.337527005408,2.63694283087));
#2362 = DIRECTION('',(1.,0.));
#2363 = ( GEOMETRIC_REPRESENTATION_CONTEXT(2) 
PARAMETRIC_REPRESENTATION_CONTEXT() REPRESENTATION_CONTEXT('2D SPACE',''
  ) );
#2364 = PCURVE('',#597,#2365);
#2365 = DEFINITIONAL_REPRESENTATION('',(#2366),#2370);
#2366 = LINE('',#2367,#2368);
#2367 = CARTESIAN_POINT('',(3.14159265359,0.));
#2368 = VECTOR('',#2369,1.);
#2369 = DIRECTION('',(-1.,0.));
#2370 = ( GEOMETRIC_REPRESENTATION_CONTEXT(2) 
PARAMETRIC_REPRESENTATION_CONTEXT() REPRESENTATION_CONTEXT('2D SPACE',''
  ) );
#2371 = ORIENTED_EDGE('',*,*,#2372,.T.);
#2372 = EDGE_CURVE('',#2349,#2373,#2375,.T.);
#2373 = VERTEX_POINT('',#2374);
#2374 = CARTESIAN_POINT('',(7.531015050323,7.,-2.698853888562));
#2375 = SURFACE_CURVE('',#2376,(#2381,#2388),.PCURVE_S1.);
#2376 = CIRCLE('',#2377,3.);
#2377 = AXIS2_PLACEMENT_3D('',#2378,#2379,#2380);
#2378 = CARTESIAN_POINT('',(5.27388566174,7.,-4.675054010815));
#2379 = DIRECTION('',(0.,1.,0.));
#2380 = DIRECTION('',(0.,-0.,1.));
#2381 = PCURVE('',#149,#2382);
#2382 = DEFINITIONAL_REPRESENTATION('',(#2383),#2387);
#2383 = CIRCLE('',#2384,3.);
#2384 = AXIS2_PLACEMENT_2D('',#2385,#2386);
#2385 = CARTESIAN_POINT('',(-7.012581016223,7.91082849261));
#2386 = DIRECTION('',(1.,0.));
#2387 = ( GEOMETRIC_REPRESENTATION_CONTEXT(2) 
PARAMETRIC_REPRESENTATION_CONTEXT() REPRESENTATION_CONTEXT('2D SPACE',''
  ) );
#2388 = PCURVE('',#2389,#2394);
#2389 = CYLINDRICAL_SURFACE('',#2390,3.);
#2390 = AXIS2_PLACEMENT_3D('',#2391,#2392,#2393);
#2391 = CARTESIAN_POINT('',(5.27388566174,7.,-4.675054010815));
#2392 = DIRECTION('',(-0.,-1.,-0.));
#2393 = DIRECTION('',(0.,0.,-1.));
#2394 = DEFINITIONAL_REPRESENTATION('',(#2395),#2399);
#2395 = LINE('',#2396,#2397);
#2396 = CARTESIAN_POINT('',(3.14159265359,0.));
#2397 = VECTOR('',#2398,1.);
#2398 = DIRECTION('',(-1.,0.));
#2399 = ( GEOMETRIC_REPRESENTATION_CONTEXT(2) 
PARAMETRIC_REPRESENTATION_CONTEXT() REPRESENTATION_CONTEXT('2D SPACE',''
  ) );
#2400 = ORIENTED_EDGE('',*,*,#2401,.T.);
#2401 = EDGE_CURVE('',#2373,#2402,#2404,.T.);
#2402 = VERTEX_POINT('',#2403);
#2403 = CARTESIAN_POINT('',(7.42726378906,7.,-2.972499387337));
#2404 = SURFACE_CURVE('',#2405,(#2410,#2417),.PCURVE_S1.);
#2405 = CIRCLE('',#2406,8.);
#2406 = AXIS2_PLACEMENT_3D('',#2407,#2408,#2409);
#2407 = CARTESIAN_POINT('',(1.953316134117E-16,7.,-2.229711069055E-16));
#2408 = DIRECTION('',(0.,1.,0.));
#2409 = DIRECTION('',(0.,-0.,1.));
#2410 = PCURVE('',#149,#2411);
#2411 = DEFINITIONAL_REPRESENTATION('',(#2412),#2416);
#2412 = CIRCLE('',#2413,8.);
#2413 = AXIS2_PLACEMENT_2D('',#2414,#2415);
#2414 = CARTESIAN_POINT('',(-2.337527005408,2.63694283087));
#2415 = DIRECTION('',(1.,0.));
#2416 = ( GEOMETRIC_REPRESENTATION_CONTEXT(2) 
PARAMETRIC_REPRESENTATION_CONTEXT() REPRESENTATION_CONTEXT('2D SPACE',''
  ) );
#2417 = PCURVE('',#2418,#2423);
#2418 = CYLINDRICAL_SURFACE('',#2419,8.);
#2419 = AXIS2_PLACEMENT_3D('',#2420,#2421,#2422);
#2420 = CARTESIAN_POINT('',(1.953316134117E-16,7.,-2.229711069055E-16));
#2421 = DIRECTION('',(-0.,-1.,-0.));
#2422 = DIRECTION('',(0.,0.,-1.));
#2423 = DEFINITIONAL_REPRESENTATION('',(#2424),#2428);
#2424 = LINE('',#2425,#2426);
#2425 = CARTESIAN_POINT('',(3.14159265359,0.));
#2426 = VECTOR('',#2427,1.);
#2427 = DIRECTION('',(-1.,0.));
#2428 = ( GEOMETRIC_REPRESENTATION_CONTEXT(2) 
PARAMETRIC_REPRESENTATION_CONTEXT() REPRESENTATION_CONTEXT('2D SPACE',''
  ) );
#2429 = ORIENTED_EDGE('',*,*,#2430,.T.);
#2430 = EDGE_CURVE('',#2402,#389,#2431,.T.);
#2431 = SURFACE_CURVE('',#2432,(#2437,#2444),.PCURVE_S1.);
#2432 = CIRCLE('',#2433,3.);
#2433 = AXIS2_PLACEMENT_3D('',#2434,#2435,#2436);
#2434 = CARTESIAN_POINT('',(7.04769384088,7.,3.39151362715E-03));
#2435 = DIRECTION('',(0.,1.,0.));
#2436 = DIRECTION('',(0.,-0.,1.));
#2437 = PCURVE('',#149,#2438);
#2438 = DEFINITIONAL_REPRESENTATION('',(#2439),#2443);
#2439 = CIRCLE('',#2440,3.);
#2440 = AXIS2_PLACEMENT_2D('',#2441,#2442);
#2441 = CARTESIAN_POINT('',(-2.33413549178,9.68463667175));
#2442 = DIRECTION('',(1.,0.));
#2443 = ( GEOMETRIC_REPRESENTATION_CONTEXT(2) 
PARAMETRIC_REPRESENTATION_CONTEXT() REPRESENTATION_CONTEXT('2D SPACE',''
  ) );
#2444 = PCURVE('',#435,#2445);
#2445 = DEFINITIONAL_REPRESENTATION('',(#2446),#2450);
#2446 = LINE('',#2447,#2448);
#2447 = CARTESIAN_POINT('',(3.14159265359,0.));
#2448 = VECTOR('',#2449,1.);
#2449 = DIRECTION('',(-1.,0.));
#2450 = ( GEOMETRIC_REPRESENTATION_CONTEXT(2) 
PARAMETRIC_REPRESENTATION_CONTEXT() REPRESENTATION_CONTEXT('2D SPACE',''
  ) );
#2451 = ORIENTED_EDGE('',*,*,#388,.T.);
#2452 = ORIENTED_EDGE('',*,*,#2453,.T.);
#2453 = EDGE_CURVE('',#391,#2454,#2456,.T.);
#2454 = VERTEX_POINT('',#2455);
#2455 = CARTESIAN_POINT('',(6.029083414111,7.,-3.301822100855));
#2456 = SURFACE_CURVE('',#2457,(#2462,#2469),.PCURVE_S1.);
#2457 = CIRCLE('',#2458,6.874);
#2458 = AXIS2_PLACEMENT_3D('',#2459,#2460,#2461);
#2459 = CARTESIAN_POINT('',(1.953316134117E-16,7.,-2.229711069055E-16));
#2460 = DIRECTION('',(0.,1.,0.));
#2461 = DIRECTION('',(0.,-0.,1.));
#2462 = PCURVE('',#149,#2463);
#2463 = DEFINITIONAL_REPRESENTATION('',(#2464),#2468);
#2464 = CIRCLE('',#2465,6.874);
#2465 = AXIS2_PLACEMENT_2D('',#2466,#2467);
#2466 = CARTESIAN_POINT('',(-2.337527005408,2.63694283087));
#2467 = DIRECTION('',(1.,0.));
#2468 = ( GEOMETRIC_REPRESENTATION_CONTEXT(2) 
PARAMETRIC_REPRESENTATION_CONTEXT() REPRESENTATION_CONTEXT('2D SPACE',''
  ) );
#2469 = PCURVE('',#485,#2470);
#2470 = DEFINITIONAL_REPRESENTATION('',(#2471),#2475);
#2471 = LINE('',#2472,#2473);
#2472 = CARTESIAN_POINT('',(3.14159265359,0.));
#2473 = VECTOR('',#2474,1.);
#2474 = DIRECTION('',(-1.,0.));
#2475 = ( GEOMETRIC_REPRESENTATION_CONTEXT(2) 
PARAMETRIC_REPRESENTATION_CONTEXT() REPRESENTATION_CONTEXT('2D SPACE',''
  ) );
#2476 = ORIENTED_EDGE('',*,*,#2477,.T.);
#2477 = EDGE_CURVE('',#2454,#2478,#2480,.T.);
#2478 = VERTEX_POINT('',#2479);
#2479 = CARTESIAN_POINT('',(6.805321027323,7.,-4.205663528515));
#2480 = SURFACE_CURVE('',#2481,(#2486,#2493),.PCURVE_S1.);
#2481 = CIRCLE('',#2482,3.);
#2482 = AXIS2_PLACEMENT_3D('',#2483,#2484,#2485);
#2483 = CARTESIAN_POINT('',(4.186640222522,7.,-5.669395349092));
#2484 = DIRECTION('',(0.,1.,0.));
#2485 = DIRECTION('',(0.,-0.,1.));
#2486 = PCURVE('',#149,#2487);
#2487 = DEFINITIONAL_REPRESENTATION('',(#2488),#2492);
#2488 = CIRCLE('',#2489,3.);
#2489 = AXIS2_PLACEMENT_2D('',#2490,#2491);
#2490 = CARTESIAN_POINT('',(-8.006922354499,6.823583053392));
#2491 = DIRECTION('',(1.,0.));
#2492 = ( GEOMETRIC_REPRESENTATION_CONTEXT(2) 
PARAMETRIC_REPRESENTATION_CONTEXT() REPRESENTATION_CONTEXT('2D SPACE',''
  ) );
#2493 = PCURVE('',#2494,#2499);
#2494 = CYLINDRICAL_SURFACE('',#2495,3.);
#2495 = AXIS2_PLACEMENT_3D('',#2496,#2497,#2498);
#2496 = CARTESIAN_POINT('',(4.186640222522,7.,-5.669395349092));
#2497 = DIRECTION('',(-0.,-1.,-0.));
#2498 = DIRECTION('',(0.,0.,-1.));
#2499 = DEFINITIONAL_REPRESENTATION('',(#2500),#2504);
#2500 = LINE('',#2501,#2502);
#2501 = CARTESIAN_POINT('',(3.14159265359,0.));
#2502 = VECTOR('',#2503,1.);
#2503 = DIRECTION('',(-1.,0.));
#2504 = ( GEOMETRIC_REPRESENTATION_CONTEXT(2) 
PARAMETRIC_REPRESENTATION_CONTEXT() REPRESENTATION_CONTEXT('2D SPACE',''
  ) );
#2505 = ORIENTED_EDGE('',*,*,#2506,.T.);
#2506 = EDGE_CURVE('',#2478,#2507,#2509,.T.);
#2507 = VERTEX_POINT('',#2508);
#2508 = CARTESIAN_POINT('',(6.64694288171,7.,-4.451758116439));
#2509 = SURFACE_CURVE('',#2510,(#2515,#2522),.PCURVE_S1.);
#2510 = CIRCLE('',#2511,8.);
#2511 = AXIS2_PLACEMENT_3D('',#2512,#2513,#2514);
#2512 = CARTESIAN_POINT('',(1.953316134117E-16,7.,-2.229711069055E-16));
#2513 = DIRECTION('',(0.,1.,0.));
#2514 = DIRECTION('',(0.,-0.,1.));
#2515 = PCURVE('',#149,#2516);
#2516 = DEFINITIONAL_REPRESENTATION('',(#2517),#2521);
#2517 = CIRCLE('',#2518,8.);
#2518 = AXIS2_PLACEMENT_2D('',#2519,#2520);
#2519 = CARTESIAN_POINT('',(-2.337527005408,2.63694283087));
#2520 = DIRECTION('',(1.,0.));
#2521 = ( GEOMETRIC_REPRESENTATION_CONTEXT(2) 
PARAMETRIC_REPRESENTATION_CONTEXT() REPRESENTATION_CONTEXT('2D SPACE',''
  ) );
#2522 = PCURVE('',#2523,#2528);
#2523 = CYLINDRICAL_SURFACE('',#2524,8.);
#2524 = AXIS2_PLACEMENT_3D('',#2525,#2526,#2527);
#2525 = CARTESIAN_POINT('',(1.953316134117E-16,7.,-2.229711069055E-16));
#2526 = DIRECTION('',(-0.,-1.,-0.));
#2527 = DIRECTION('',(0.,0.,-1.));
#2528 = DEFINITIONAL_REPRESENTATION('',(#2529),#2533);
#2529 = LINE('',#2530,#2531);
#2530 = CARTESIAN_POINT('',(3.14159265359,0.));
#2531 = VECTOR('',#2532,1.);
#2532 = DIRECTION('',(-1.,0.));
#2533 = ( GEOMETRIC_REPRESENTATION_CONTEXT(2) 
PARAMETRIC_REPRESENTATION_CONTEXT() REPRESENTATION_CONTEXT('2D SPACE',''
  ) );
#2534 = ORIENTED_EDGE('',*,*,#2535,.T.);
#2535 = EDGE_CURVE('',#2507,#2536,#2538,.T.);
#2536 = VERTEX_POINT('',#2537);
#2537 = CARTESIAN_POINT('',(5.502743395087,7.,-4.11967124026));
#2538 = SURFACE_CURVE('',#2539,(#2544,#2551),.PCURVE_S1.);
#2539 = CIRCLE('',#2540,3.);
#2540 = AXIS2_PLACEMENT_3D('',#2541,#2542,#2543);
#2541 = CARTESIAN_POINT('',(6.894389956496,7.,-1.461980541906));
#2542 = DIRECTION('',(0.,1.,0.));
#2543 = DIRECTION('',(0.,-0.,1.));
#2544 = PCURVE('',#149,#2545);
#2545 = DEFINITIONAL_REPRESENTATION('',(#2546),#2550);
#2546 = CIRCLE('',#2547,3.);
#2547 = AXIS2_PLACEMENT_2D('',#2548,#2549);
#2548 = CARTESIAN_POINT('',(-3.799507547314,9.531332787366));
#2549 = DIRECTION('',(1.,0.));
#2550 = ( GEOMETRIC_REPRESENTATION_CONTEXT(2) 
PARAMETRIC_REPRESENTATION_CONTEXT() REPRESENTATION_CONTEXT('2D SPACE',''
  ) );
#2551 = PCURVE('',#2552,#2557);
#2552 = CYLINDRICAL_SURFACE('',#2553,3.);
#2553 = AXIS2_PLACEMENT_3D('',#2554,#2555,#2556);
#2554 = CARTESIAN_POINT('',(6.894389956496,7.,-1.461980541906));
#2555 = DIRECTION('',(-0.,-1.,-0.));
#2556 = DIRECTION('',(0.,0.,-1.));
#2557 = DEFINITIONAL_REPRESENTATION('',(#2558),#2562);
#2558 = LINE('',#2559,#2560);
#2559 = CARTESIAN_POINT('',(9.424777960769,0.));
#2560 = VECTOR('',#2561,1.);
#2561 = DIRECTION('',(-1.,0.));
#2562 = ( GEOMETRIC_REPRESENTATION_CONTEXT(2) 
PARAMETRIC_REPRESENTATION_CONTEXT() REPRESENTATION_CONTEXT('2D SPACE',''
  ) );
#2563 = ORIENTED_EDGE('',*,*,#2564,.T.);
#2564 = EDGE_CURVE('',#2536,#2565,#2567,.T.);
#2565 = VERTEX_POINT('',#2566);
#2566 = CARTESIAN_POINT('',(5.210846060369,7.,-4.48318629271));
#2567 = SURFACE_CURVE('',#2568,(#2573,#2580),.PCURVE_S1.);
#2568 = CIRCLE('',#2569,6.874);
#2569 = AXIS2_PLACEMENT_3D('',#2570,#2571,#2572);
#2570 = CARTESIAN_POINT('',(1.953316134117E-16,7.,-2.229711069055E-16));
#2571 = DIRECTION('',(0.,1.,0.));
#2572 = DIRECTION('',(0.,-0.,1.));
#2573 = PCURVE('',#149,#2574);
#2574 = DEFINITIONAL_REPRESENTATION('',(#2575),#2579);
#2575 = CIRCLE('',#2576,6.874);
#2576 = AXIS2_PLACEMENT_2D('',#2577,#2578);
#2577 = CARTESIAN_POINT('',(-2.337527005408,2.63694283087));
#2578 = DIRECTION('',(1.,0.));
#2579 = ( GEOMETRIC_REPRESENTATION_CONTEXT(2) 
PARAMETRIC_REPRESENTATION_CONTEXT() REPRESENTATION_CONTEXT('2D SPACE',''
  ) );
#2580 = PCURVE('',#2581,#2586);
#2581 = CYLINDRICAL_SURFACE('',#2582,6.874);
#2582 = AXIS2_PLACEMENT_3D('',#2583,#2584,#2585);
#2583 = CARTESIAN_POINT('',(1.953316134117E-16,7.,-2.229711069055E-16));
#2584 = DIRECTION('',(-0.,-1.,-0.));
#2585 = DIRECTION('',(0.,0.,-1.));
#2586 = DEFINITIONAL_REPRESENTATION('',(#2587),#2591);
#2587 = LINE('',#2588,#2589);
#2588 = CARTESIAN_POINT('',(3.14159265359,0.));
#2589 = VECTOR('',#2590,1.);
#2590 = DIRECTION('',(-1.,0.));
#2591 = ( GEOMETRIC_REPRESENTATION_CONTEXT(2) 
PARAMETRIC_REPRESENTATION_CONTEXT() REPRESENTATION_CONTEXT('2D SPACE',''
  ) );
#2592 = ORIENTED_EDGE('',*,*,#2593,.T.);
#2593 = EDGE_CURVE('',#2565,#2594,#2596,.T.);
#2594 = VERTEX_POINT('',#2595);
#2595 = CARTESIAN_POINT('',(5.782201819875,7.,-5.528665491259));
#2596 = SURFACE_CURVE('',#2597,(#2602,#2609),.PCURVE_S1.);
#2597 = CIRCLE('',#2598,3.);
#2598 = AXIS2_PLACEMENT_3D('',#2599,#2600,#2601);
#2599 = CARTESIAN_POINT('',(2.916418515852,7.,-6.415956905836));
#2600 = DIRECTION('',(0.,1.,0.));
#2601 = DIRECTION('',(0.,-0.,1.));
#2602 = PCURVE('',#149,#2603);
#2603 = DEFINITIONAL_REPRESENTATION('',(#2604),#2608);
#2604 = CIRCLE('',#2605,3.);
#2605 = AXIS2_PLACEMENT_2D('',#2606,#2607);
#2606 = CARTESIAN_POINT('',(-8.753483911243,5.553361346722));
#2607 = DIRECTION('',(1.,0.));
#2608 = ( GEOMETRIC_REPRESENTATION_CONTEXT(2) 
PARAMETRIC_REPRESENTATION_CONTEXT() REPRESENTATION_CONTEXT('2D SPACE',''
  ) );
#2609 = PCURVE('',#2610,#2615);
#2610 = CYLINDRICAL_SURFACE('',#2611,3.);
#2611 = AXIS2_PLACEMENT_3D('',#2612,#2613,#2614);
#2612 = CARTESIAN_POINT('',(2.916418515852,7.,-6.415956905836));
#2613 = DIRECTION('',(-0.,-1.,-0.));
#2614 = DIRECTION('',(0.,0.,-1.));
#2615 = DEFINITIONAL_REPRESENTATION('',(#2616),#2620);
#2616 = LINE('',#2617,#2618);
#2617 = CARTESIAN_POINT('',(3.14159265359,0.));
#2618 = VECTOR('',#2619,1.);
#2619 = DIRECTION('',(-1.,0.));
#2620 = ( GEOMETRIC_REPRESENTATION_CONTEXT(2) 
PARAMETRIC_REPRESENTATION_CONTEXT() REPRESENTATION_CONTEXT('2D SPACE',''
  ) );
#2621 = ORIENTED_EDGE('',*,*,#2622,.T.);
#2622 = EDGE_CURVE('',#2594,#2623,#2625,.T.);
#2623 = VERTEX_POINT('',#2624);
#2624 = CARTESIAN_POINT('',(5.576118674859,7.,-5.736453653947));
#2625 = SURFACE_CURVE('',#2626,(#2631,#2638),.PCURVE_S1.);
#2626 = CIRCLE('',#2627,8.);
#2627 = AXIS2_PLACEMENT_3D('',#2628,#2629,#2630);
#2628 = CARTESIAN_POINT('',(1.953316134117E-16,7.,-2.229711069055E-16));
#2629 = DIRECTION('',(0.,1.,0.));
#2630 = DIRECTION('',(0.,-0.,1.));
#2631 = PCURVE('',#149,#2632);
#2632 = DEFINITIONAL_REPRESENTATION('',(#2633),#2637);
#2633 = CIRCLE('',#2634,8.);
#2634 = AXIS2_PLACEMENT_2D('',#2635,#2636);
#2635 = CARTESIAN_POINT('',(-2.337527005408,2.63694283087));
#2636 = DIRECTION('',(1.,0.));
#2637 = ( GEOMETRIC_REPRESENTATION_CONTEXT(2) 
PARAMETRIC_REPRESENTATION_CONTEXT() REPRESENTATION_CONTEXT('2D SPACE',''
  ) );
#2638 = PCURVE('',#2639,#2644);
#2639 = CYLINDRICAL_SURFACE('',#2640,8.);
#2640 = AXIS2_PLACEMENT_3D('',#2641,#2642,#2643);
#2641 = CARTESIAN_POINT('',(1.953316134117E-16,7.,-2.229711069055E-16));
#2642 = DIRECTION('',(-0.,-1.,-0.));
#2643 = DIRECTION('',(0.,0.,-1.));
#2644 = DEFINITIONAL_REPRESENTATION('',(#2645),#2649);
#2645 = LINE('',#2646,#2647);
#2646 = CARTESIAN_POINT('',(3.14159265359,0.));
#2647 = VECTOR('',#2648,1.);
#2648 = DIRECTION('',(-1.,0.));
#2649 = ( GEOMETRIC_REPRESENTATION_CONTEXT(2) 
PARAMETRIC_REPRESENTATION_CONTEXT() REPRESENTATION_CONTEXT('2D SPACE',''
  ) );
#2650 = ORIENTED_EDGE('',*,*,#2651,.T.);
#2651 = EDGE_CURVE('',#2623,#2652,#2654,.T.);
#2652 = VERTEX_POINT('',#2653);
#2653 = CARTESIAN_POINT('',(4.525967436182,7.,-5.173731222881));
#2654 = SURFACE_CURVE('',#2655,(#2660,#2667),.PCURVE_S1.);
#2655 = CIRCLE('',#2656,3.);
#2656 = AXIS2_PLACEMENT_3D('',#2657,#2658,#2659);
#2657 = CARTESIAN_POINT('',(6.439768148059,7.,-2.863457032397));
#2658 = DIRECTION('',(0.,1.,0.));
#2659 = DIRECTION('',(0.,-0.,1.));
#2660 = PCURVE('',#149,#2661);
#2661 = DEFINITIONAL_REPRESENTATION('',(#2662),#2666);
#2662 = CIRCLE('',#2663,3.);
#2663 = AXIS2_PLACEMENT_2D('',#2664,#2665);
#2664 = CARTESIAN_POINT('',(-5.200984037805,9.076710978929));
#2665 = DIRECTION('',(1.,0.));
#2666 = ( GEOMETRIC_REPRESENTATION_CONTEXT(2) 
PARAMETRIC_REPRESENTATION_CONTEXT() REPRESENTATION_CONTEXT('2D SPACE',''
  ) );
#2667 = PCURVE('',#2668,#2673);
#2668 = CYLINDRICAL_SURFACE('',#2669,3.);
#2669 = AXIS2_PLACEMENT_3D('',#2670,#2671,#2672);
#2670 = CARTESIAN_POINT('',(6.439768148059,7.,-2.863457032397));
#2671 = DIRECTION('',(-0.,-1.,-0.));
#2672 = DIRECTION('',(0.,0.,-1.));
#2673 = DEFINITIONAL_REPRESENTATION('',(#2674),#2678);
#2674 = LINE('',#2675,#2676);
#2675 = CARTESIAN_POINT('',(9.424777960769,0.));
#2676 = VECTOR('',#2677,1.);
#2677 = DIRECTION('',(-1.,0.));
#2678 = ( GEOMETRIC_REPRESENTATION_CONTEXT(2) 
PARAMETRIC_REPRESENTATION_CONTEXT() REPRESENTATION_CONTEXT('2D SPACE',''
  ) );
#2679 = ORIENTED_EDGE('',*,*,#2680,.T.);
#2680 = EDGE_CURVE('',#2652,#2681,#2683,.T.);
#2681 = VERTEX_POINT('',#2682);
#2682 = CARTESIAN_POINT('',(4.164869729374,7.,-5.468613730859));
#2683 = SURFACE_CURVE('',#2684,(#2689,#2696),.PCURVE_S1.);
#2684 = CIRCLE('',#2685,6.874);
#2685 = AXIS2_PLACEMENT_3D('',#2686,#2687,#2688);
#2686 = CARTESIAN_POINT('',(1.953316134117E-16,7.,-2.229711069055E-16));
#2687 = DIRECTION('',(0.,1.,0.));
#2688 = DIRECTION('',(0.,-0.,1.));
#2689 = PCURVE('',#149,#2690);
#2690 = DEFINITIONAL_REPRESENTATION('',(#2691),#2695);
#2691 = CIRCLE('',#2692,6.874);
#2692 = AXIS2_PLACEMENT_2D('',#2693,#2694);
#2693 = CARTESIAN_POINT('',(-2.337527005408,2.63694283087));
#2694 = DIRECTION('',(1.,0.));
#2695 = ( GEOMETRIC_REPRESENTATION_CONTEXT(2) 
PARAMETRIC_REPRESENTATION_CONTEXT() REPRESENTATION_CONTEXT('2D SPACE',''
  ) );
#2696 = PCURVE('',#2697,#2702);
#2697 = CYLINDRICAL_SURFACE('',#2698,6.874);
#2698 = AXIS2_PLACEMENT_3D('',#2699,#2700,#2701);
#2699 = CARTESIAN_POINT('',(1.953316134117E-16,7.,-2.229711069055E-16));
#2700 = DIRECTION('',(-0.,-1.,-0.));
#2701 = DIRECTION('',(0.,0.,-1.));
#2702 = DEFINITIONAL_REPRESENTATION('',(#2703),#2707);
#2703 = LINE('',#2704,#2705);
#2704 = CARTESIAN_POINT('',(3.14159265359,0.));
#2705 = VECTOR('',#2706,1.);
#2706 = DIRECTION('',(-1.,0.));
#2707 = ( GEOMETRIC_REPRESENTATION_CONTEXT(2) 
PARAMETRIC_REPRESENTATION_CONTEXT() REPRESENTATION_CONTEXT('2D SPACE',''
  ) );
#2708 = ORIENTED_EDGE('',*,*,#2709,.T.);
#2709 = EDGE_CURVE('',#2681,#2710,#2712,.T.);
#2710 = VERTEX_POINT('',#2711);
#2711 = CARTESIAN_POINT('',(4.506372646816,7.,-6.610038242554));
#2712 = SURFACE_CURVE('',#2713,(#2718,#2725),.PCURVE_S1.);
#2713 = CIRCLE('',#2714,3.);
#2714 = AXIS2_PLACEMENT_3D('',#2715,#2716,#2717);
#2715 = CARTESIAN_POINT('',(1.51873532551,7.,-6.882110358618));
#2716 = DIRECTION('',(0.,1.,0.));
#2717 = DIRECTION('',(0.,-0.,1.));
#2718 = PCURVE('',#149,#2719);
#2719 = DEFINITIONAL_REPRESENTATION('',(#2720),#2724);
#2720 = CIRCLE('',#2721,3.);
#2721 = AXIS2_PLACEMENT_2D('',#2722,#2723);
#2722 = CARTESIAN_POINT('',(-9.219637364025,4.15567815638));
#2723 = DIRECTION('',(1.,0.));
#2724 = ( GEOMETRIC_REPRESENTATION_CONTEXT(2) 
PARAMETRIC_REPRESENTATION_CONTEXT() REPRESENTATION_CONTEXT('2D SPACE',''
  ) );
#2725 = PCURVE('',#2726,#2731);
#2726 = CYLINDRICAL_SURFACE('',#2727,3.);
#2727 = AXIS2_PLACEMENT_3D('',#2728,#2729,#2730);
#2728 = CARTESIAN_POINT('',(1.51873532551,7.,-6.882110358618));
#2729 = DIRECTION('',(-0.,-1.,-0.));
#2730 = DIRECTION('',(0.,0.,-1.));
#2731 = DEFINITIONAL_REPRESENTATION('',(#2732),#2736);
#2732 = LINE('',#2733,#2734);
#2733 = CARTESIAN_POINT('',(3.14159265359,0.));
#2734 = VECTOR('',#2735,1.);
#2735 = DIRECTION('',(-1.,0.));
#2736 = ( GEOMETRIC_REPRESENTATION_CONTEXT(2) 
PARAMETRIC_REPRESENTATION_CONTEXT() REPRESENTATION_CONTEXT('2D SPACE',''
  ) );
#2737 = ORIENTED_EDGE('',*,*,#2738,.T.);
#2738 = EDGE_CURVE('',#2710,#2739,#2741,.T.);
#2739 = VERTEX_POINT('',#2740);
#2740 = CARTESIAN_POINT('',(4.26159132473,7.,-6.77043864022));
#2741 = SURFACE_CURVE('',#2742,(#2747,#2754),.PCURVE_S1.);
#2742 = CIRCLE('',#2743,8.);
#2743 = AXIS2_PLACEMENT_3D('',#2744,#2745,#2746);
#2744 = CARTESIAN_POINT('',(1.953316134117E-16,7.,-2.229711069055E-16));
#2745 = DIRECTION('',(0.,1.,0.));
#2746 = DIRECTION('',(0.,-0.,1.));
#2747 = PCURVE('',#149,#2748);
#2748 = DEFINITIONAL_REPRESENTATION('',(#2749),#2753);
#2749 = CIRCLE('',#2750,8.);
#2750 = AXIS2_PLACEMENT_2D('',#2751,#2752);
#2751 = CARTESIAN_POINT('',(-2.337527005408,2.63694283087));
#2752 = DIRECTION('',(1.,0.));
#2753 = ( GEOMETRIC_REPRESENTATION_CONTEXT(2) 
PARAMETRIC_REPRESENTATION_CONTEXT() REPRESENTATION_CONTEXT('2D SPACE',''
  ) );
#2754 = PCURVE('',#2755,#2760);
#2755 = CYLINDRICAL_SURFACE('',#2756,8.);
#2756 = AXIS2_PLACEMENT_3D('',#2757,#2758,#2759);
#2757 = CARTESIAN_POINT('',(1.953316134117E-16,7.,-2.229711069055E-16));
#2758 = DIRECTION('',(-0.,-1.,-0.));
#2759 = DIRECTION('',(0.,0.,-1.));
#2760 = DEFINITIONAL_REPRESENTATION('',(#2761),#2765);
#2761 = LINE('',#2762,#2763);
#2762 = CARTESIAN_POINT('',(3.14159265359,0.));
#2763 = VECTOR('',#2764,1.);
#2764 = DIRECTION('',(-1.,0.));
#2765 = ( GEOMETRIC_REPRESENTATION_CONTEXT(2) 
PARAMETRIC_REPRESENTATION_CONTEXT() REPRESENTATION_CONTEXT('2D SPACE',''
  ) );
#2766 = ORIENTED_EDGE('',*,*,#2767,.T.);
#2767 = EDGE_CURVE('',#2739,#2768,#2770,.T.);
#2768 = VERTEX_POINT('',#2769);
#2769 = CARTESIAN_POINT('',(3.351384982315,7.,-6.001674324746));
#2770 = SURFACE_CURVE('',#2771,(#2776,#2783),.PCURVE_S1.);
#2771 = CIRCLE('',#2772,3.);
#2772 = AXIS2_PLACEMENT_3D('',#2773,#2774,#2775);
#2773 = CARTESIAN_POINT('',(5.703697570117,7.,-4.139786710181));
#2774 = DIRECTION('',(0.,1.,0.));
#2775 = DIRECTION('',(0.,-0.,1.));
#2776 = PCURVE('',#149,#2777);
#2777 = DEFINITIONAL_REPRESENTATION('',(#2778),#2782);
#2778 = CIRCLE('',#2779,3.);
#2779 = AXIS2_PLACEMENT_2D('',#2780,#2781);
#2780 = CARTESIAN_POINT('',(-6.477313715588,8.340640400986));
#2781 = DIRECTION('',(1.,0.));
#2782 = ( GEOMETRIC_REPRESENTATION_CONTEXT(2) 
PARAMETRIC_REPRESENTATION_CONTEXT() REPRESENTATION_CONTEXT('2D SPACE',''
  ) );
#2783 = PCURVE('',#2784,#2789);
#2784 = CYLINDRICAL_SURFACE('',#2785,3.);
#2785 = AXIS2_PLACEMENT_3D('',#2786,#2787,#2788);
#2786 = CARTESIAN_POINT('',(5.703697570117,7.,-4.139786710181));
#2787 = DIRECTION('',(-0.,-1.,-0.));
#2788 = DIRECTION('',(0.,0.,-1.));
#2789 = DEFINITIONAL_REPRESENTATION('',(#2790),#2794);
#2790 = LINE('',#2791,#2792);
#2791 = CARTESIAN_POINT('',(9.424777960769,0.));
#2792 = VECTOR('',#2793,1.);
#2793 = DIRECTION('',(-1.,0.));
#2794 = ( GEOMETRIC_REPRESENTATION_CONTEXT(2) 
PARAMETRIC_REPRESENTATION_CONTEXT() REPRESENTATION_CONTEXT('2D SPACE',''
  ) );
#2795 = ORIENTED_EDGE('',*,*,#2796,.T.);
#2796 = EDGE_CURVE('',#2768,#2797,#2799,.T.);
#2797 = VERTEX_POINT('',#2798);
#2798 = CARTESIAN_POINT('',(2.936868605944,7.,-6.21503650765));
#2799 = SURFACE_CURVE('',#2800,(#2805,#2812),.PCURVE_S1.);
#2800 = CIRCLE('',#2801,6.874);
#2801 = AXIS2_PLACEMENT_3D('',#2802,#2803,#2804);
#2802 = CARTESIAN_POINT('',(1.953316134117E-16,7.,-2.229711069055E-16));
#2803 = DIRECTION('',(0.,1.,0.));
#2804 = DIRECTION('',(0.,-0.,1.));
#2805 = PCURVE('',#149,#2806);
#2806 = DEFINITIONAL_REPRESENTATION('',(#2807),#2811);
#2807 = CIRCLE('',#2808,6.874);
#2808 = AXIS2_PLACEMENT_2D('',#2809,#2810);
#2809 = CARTESIAN_POINT('',(-2.337527005408,2.63694283087));
#2810 = DIRECTION('',(1.,0.));
#2811 = ( GEOMETRIC_REPRESENTATION_CONTEXT(2) 
PARAMETRIC_REPRESENTATION_CONTEXT() REPRESENTATION_CONTEXT('2D SPACE',''
  ) );
#2812 = PCURVE('',#2813,#2818);
#2813 = CYLINDRICAL_SURFACE('',#2814,6.874);
#2814 = AXIS2_PLACEMENT_3D('',#2815,#2816,#2817);
#2815 = CARTESIAN_POINT('',(1.953316134117E-16,7.,-2.229711069055E-16));
#2816 = DIRECTION('',(-0.,-1.,-0.));
#2817 = DIRECTION('',(0.,0.,-1.));
#2818 = DEFINITIONAL_REPRESENTATION('',(#2819),#2823);
#2819 = LINE('',#2820,#2821);
#2820 = CARTESIAN_POINT('',(3.14159265359,0.));
#2821 = VECTOR('',#2822,1.);
#2822 = DIRECTION('',(-1.,0.));
#2823 = ( GEOMETRIC_REPRESENTATION_CONTEXT(2) 
PARAMETRIC_REPRESENTATION_CONTEXT() REPRESENTATION_CONTEXT('2D SPACE',''
  ) );
#2824 = ORIENTED_EDGE('',*,*,#2825,.T.);
#2825 = EDGE_CURVE('',#2797,#2826,#2828,.T.);
#2826 = VERTEX_POINT('',#2827);
#2827 = CARTESIAN_POINT('',(3.033593365116,7.,-7.402520604168));
#2828 = SURFACE_CURVE('',#2829,(#2834,#2841),.PCURVE_S1.);
#2829 = CIRCLE('',#2830,3.);
#2830 = AXIS2_PLACEMENT_3D('',#2831,#2832,#2833);
#2831 = CARTESIAN_POINT('',(5.467611374249E-02,7.,-7.047482564698));
#2832 = DIRECTION('',(0.,1.,0.));
#2833 = DIRECTION('',(0.,-0.,1.));
#2834 = PCURVE('',#149,#2835);
#2835 = DEFINITIONAL_REPRESENTATION('',(#2836),#2840);
#2836 = CIRCLE('',#2837,3.);
#2837 = AXIS2_PLACEMENT_2D('',#2838,#2839);
#2838 = CARTESIAN_POINT('',(-9.385009570106,2.691618944612));
#2839 = DIRECTION('',(1.,0.));
#2840 = ( GEOMETRIC_REPRESENTATION_CONTEXT(2) 
PARAMETRIC_REPRESENTATION_CONTEXT() REPRESENTATION_CONTEXT('2D SPACE',''
  ) );
#2841 = PCURVE('',#2842,#2847);
#2842 = CYLINDRICAL_SURFACE('',#2843,3.);
#2843 = AXIS2_PLACEMENT_3D('',#2844,#2845,#2846);
#2844 = CARTESIAN_POINT('',(5.467611374249E-02,7.,-7.047482564698));
#2845 = DIRECTION('',(-0.,-1.,-0.));
#2846 = DIRECTION('',(0.,0.,-1.));
#2847 = DEFINITIONAL_REPRESENTATION('',(#2848),#2852);
#2848 = LINE('',#2849,#2850);
#2849 = CARTESIAN_POINT('',(3.14159265359,0.));
#2850 = VECTOR('',#2851,1.);
#2851 = DIRECTION('',(-1.,0.));
#2852 = ( GEOMETRIC_REPRESENTATION_CONTEXT(2) 
PARAMETRIC_REPRESENTATION_CONTEXT() REPRESENTATION_CONTEXT('2D SPACE',''
  ) );
#2853 = ORIENTED_EDGE('',*,*,#2854,.T.);
#2854 = EDGE_CURVE('',#2826,#2855,#2857,.T.);
#2855 = VERTEX_POINT('',#2856);
#2856 = CARTESIAN_POINT('',(2.760811984327,7.,-7.508522969746));
#2857 = SURFACE_CURVE('',#2858,(#2863,#2870),.PCURVE_S1.);
#2858 = CIRCLE('',#2859,8.);
#2859 = AXIS2_PLACEMENT_3D('',#2860,#2861,#2862);
#2860 = CARTESIAN_POINT('',(1.953316134117E-16,7.,-2.229711069055E-16));
#2861 = DIRECTION('',(0.,1.,0.));
#2862 = DIRECTION('',(0.,-0.,1.));
#2863 = PCURVE('',#149,#2864);
#2864 = DEFINITIONAL_REPRESENTATION('',(#2865),#2869);
#2865 = CIRCLE('',#2866,8.);
#2866 = AXIS2_PLACEMENT_2D('',#2867,#2868);
#2867 = CARTESIAN_POINT('',(-2.337527005408,2.63694283087));
#2868 = DIRECTION('',(1.,0.));
#2869 = ( GEOMETRIC_REPRESENTATION_CONTEXT(2) 
PARAMETRIC_REPRESENTATION_CONTEXT() REPRESENTATION_CONTEXT('2D SPACE',''
  ) );
#2870 = PCURVE('',#2871,#2876);
#2871 = CYLINDRICAL_SURFACE('',#2872,8.);
#2872 = AXIS2_PLACEMENT_3D('',#2873,#2874,#2875);
#2873 = CARTESIAN_POINT('',(1.953316134117E-16,7.,-2.229711069055E-16));
#2874 = DIRECTION('',(-0.,-1.,-0.));
#2875 = DIRECTION('',(0.,0.,-1.));
#2876 = DEFINITIONAL_REPRESENTATION('',(#2877),#2881);
#2877 = LINE('',#2878,#2879);
#2878 = CARTESIAN_POINT('',(3.14159265359,0.));
#2879 = VECTOR('',#2880,1.);
#2880 = DIRECTION('',(-1.,0.));
#2881 = ( GEOMETRIC_REPRESENTATION_CONTEXT(2) 
PARAMETRIC_REPRESENTATION_CONTEXT() REPRESENTATION_CONTEXT('2D SPACE',''
  ) );
#2882 = ORIENTED_EDGE('',*,*,#2883,.T.);
#2883 = EDGE_CURVE('',#2855,#2884,#2886,.T.);
#2884 = VERTEX_POINT('',#2885);
#2885 = CARTESIAN_POINT('',(2.030330922991,7.,-6.56731545939));
#2886 = SURFACE_CURVE('',#2887,(#2892,#2899),.PCURVE_S1.);
#2887 = CIRCLE('',#2888,3.);
#2888 = AXIS2_PLACEMENT_3D('',#2889,#2890,#2891);
#2889 = CARTESIAN_POINT('',(4.718348038982,7.,-5.235187843829));
#2890 = DIRECTION('',(0.,1.,0.));
#2891 = DIRECTION('',(0.,-0.,1.));
#2892 = PCURVE('',#149,#2893);
#2893 = DEFINITIONAL_REPRESENTATION('',(#2894),#2898);
#2894 = CIRCLE('',#2895,3.);
#2895 = AXIS2_PLACEMENT_2D('',#2896,#2897);
#2896 = CARTESIAN_POINT('',(-7.572714849237,7.355290869852));
#2897 = DIRECTION('',(1.,0.));
#2898 = ( GEOMETRIC_REPRESENTATION_CONTEXT(2) 
PARAMETRIC_REPRESENTATION_CONTEXT() REPRESENTATION_CONTEXT('2D SPACE',''
  ) );
#2899 = PCURVE('',#2900,#2905);
#2900 = CYLINDRICAL_SURFACE('',#2901,3.);
#2901 = AXIS2_PLACEMENT_3D('',#2902,#2903,#2904);
#2902 = CARTESIAN_POINT('',(4.718348038982,7.,-5.235187843829));
#2903 = DIRECTION('',(-0.,-1.,-0.));
#2904 = DIRECTION('',(0.,0.,-1.));
#2905 = DEFINITIONAL_REPRESENTATION('',(#2906),#2910);
#2906 = LINE('',#2907,#2908);
#2907 = CARTESIAN_POINT('',(9.424777960769,0.));
#2908 = VECTOR('',#2909,1.);
#2909 = DIRECTION('',(-1.,0.));
#2910 = ( GEOMETRIC_REPRESENTATION_CONTEXT(2) 
PARAMETRIC_REPRESENTATION_CONTEXT() REPRESENTATION_CONTEXT('2D SPACE',''
  ) );
#2911 = ORIENTED_EDGE('',*,*,#2912,.T.);
#2912 = EDGE_CURVE('',#2884,#2913,#2915,.T.);
#2913 = VERTEX_POINT('',#2914);
#2914 = CARTESIAN_POINT('',(1.580512231775,7.,-6.689832366002));
#2915 = SURFACE_CURVE('',#2916,(#2921,#2928),.PCURVE_S1.);
#2916 = CIRCLE('',#2917,6.874);
#2917 = AXIS2_PLACEMENT_3D('',#2918,#2919,#2920);
#2918 = CARTESIAN_POINT('',(1.953316134117E-16,7.,-2.229711069055E-16));
#2919 = DIRECTION('',(0.,1.,0.));
#2920 = DIRECTION('',(0.,-0.,1.));
#2921 = PCURVE('',#149,#2922);
#2922 = DEFINITIONAL_REPRESENTATION('',(#2923),#2927);
#2923 = CIRCLE('',#2924,6.874);
#2924 = AXIS2_PLACEMENT_2D('',#2925,#2926);
#2925 = CARTESIAN_POINT('',(-2.337527005408,2.63694283087));
#2926 = DIRECTION('',(1.,0.));
#2927 = ( GEOMETRIC_REPRESENTATION_CONTEXT(2) 
PARAMETRIC_REPRESENTATION_CONTEXT() REPRESENTATION_CONTEXT('2D SPACE',''
  ) );
#2928 = PCURVE('',#2929,#2934);
#2929 = CYLINDRICAL_SURFACE('',#2930,6.874);
#2930 = AXIS2_PLACEMENT_3D('',#2931,#2932,#2933);
#2931 = CARTESIAN_POINT('',(1.953316134117E-16,7.,-2.229711069055E-16));
#2932 = DIRECTION('',(-0.,-1.,-0.));
#2933 = DIRECTION('',(0.,0.,-1.));
#2934 = DEFINITIONAL_REPRESENTATION('',(#2935),#2939);
#2935 = LINE('',#2936,#2937);
#2936 = CARTESIAN_POINT('',(3.14159265359,0.));
#2937 = VECTOR('',#2938,1.);
#2938 = DIRECTION('',(-1.,0.));
#2939 = ( GEOMETRIC_REPRESENTATION_CONTEXT(2) 
PARAMETRIC_REPRESENTATION_CONTEXT() REPRESENTATION_CONTEXT('2D SPACE',''
  ) );
#2940 = ORIENTED_EDGE('',*,*,#2941,.T.);
#2941 = EDGE_CURVE('',#2913,#2942,#2944,.T.);
#2942 = VERTEX_POINT('',#2943);
#2943 = CARTESIAN_POINT('',(1.428231496564,7.,-7.871477294144));
#2944 = SURFACE_CURVE('',#2945,(#2950,#2957),.PCURVE_S1.);
#2945 = CIRCLE('',#2946,3.);
#2946 = AXIS2_PLACEMENT_3D('',#2947,#2948,#2949);
#2947 = CARTESIAN_POINT('',(-1.41177270656,7.,-6.904845965129));
#2948 = DIRECTION('',(0.,1.,0.));
#2949 = DIRECTION('',(0.,-0.,1.));
#2950 = PCURVE('',#149,#2951);
#2951 = DEFINITIONAL_REPRESENTATION('',(#2952),#2956);
#2952 = CIRCLE('',#2953,3.);
#2953 = AXIS2_PLACEMENT_2D('',#2954,#2955);
#2954 = CARTESIAN_POINT('',(-9.242372970536,1.225170124309));
#2955 = DIRECTION('',(1.,0.));
#2956 = ( GEOMETRIC_REPRESENTATION_CONTEXT(2) 
PARAMETRIC_REPRESENTATION_CONTEXT() REPRESENTATION_CONTEXT('2D SPACE',''
  ) );
#2957 = PCURVE('',#2958,#2963);
#2958 = CYLINDRICAL_SURFACE('',#2959,3.);
#2959 = AXIS2_PLACEMENT_3D('',#2960,#2961,#2962);
#2960 = CARTESIAN_POINT('',(-1.41177270656,7.,-6.904845965129));
#2961 = DIRECTION('',(-0.,-1.,-0.));
#2962 = DIRECTION('',(0.,0.,-1.));
#2963 = DEFINITIONAL_REPRESENTATION('',(#2964),#2968);
#2964 = LINE('',#2965,#2966);
#2965 = CARTESIAN_POINT('',(3.14159265359,0.));
#2966 = VECTOR('',#2967,1.);
#2967 = DIRECTION('',(-1.,0.));
#2968 = ( GEOMETRIC_REPRESENTATION_CONTEXT(2) 
PARAMETRIC_REPRESENTATION_CONTEXT() REPRESENTATION_CONTEXT('2D SPACE',''
  ) );
#2969 = ORIENTED_EDGE('',*,*,#2970,.T.);
#2970 = EDGE_CURVE('',#2942,#2971,#2973,.T.);
#2971 = VERTEX_POINT('',#2972);
#2972 = CARTESIAN_POINT('',(1.139371912363,7.,-7.918448815603));
#2973 = SURFACE_CURVE('',#2974,(#2979,#2986),.PCURVE_S1.);
#2974 = CIRCLE('',#2975,8.);
#2975 = AXIS2_PLACEMENT_3D('',#2976,#2977,#2978);
#2976 = CARTESIAN_POINT('',(1.953316134117E-16,7.,-2.229711069055E-16));
#2977 = DIRECTION('',(0.,1.,0.));
#2978 = DIRECTION('',(0.,-0.,1.));
#2979 = PCURVE('',#149,#2980);
#2980 = DEFINITIONAL_REPRESENTATION('',(#2981),#2985);
#2981 = CIRCLE('',#2982,8.);
#2982 = AXIS2_PLACEMENT_2D('',#2983,#2984);
#2983 = CARTESIAN_POINT('',(-2.337527005408,2.63694283087));
#2984 = DIRECTION('',(1.,0.));
#2985 = ( GEOMETRIC_REPRESENTATION_CONTEXT(2) 
PARAMETRIC_REPRESENTATION_CONTEXT() REPRESENTATION_CONTEXT('2D SPACE',''
  ) );
#2986 = PCURVE('',#2987,#2992);
#2987 = CYLINDRICAL_SURFACE('',#2988,8.);
#2988 = AXIS2_PLACEMENT_3D('',#2989,#2990,#2991);
#2989 = CARTESIAN_POINT('',(1.953316134117E-16,7.,-2.229711069055E-16));
#2990 = DIRECTION('',(-0.,-1.,-0.));
#2991 = DIRECTION('',(0.,0.,-1.));
#2992 = DEFINITIONAL_REPRESENTATION('',(#2993),#2997);
#2993 = LINE('',#2994,#2995);
#2994 = CARTESIAN_POINT('',(3.14159265359,0.));
#2995 = VECTOR('',#2996,1.);
#2996 = DIRECTION('',(-1.,0.));
#2997 = ( GEOMETRIC_REPRESENTATION_CONTEXT(2) 
PARAMETRIC_REPRESENTATION_CONTEXT() REPRESENTATION_CONTEXT('2D SPACE',''
  ) );
#2998 = ORIENTED_EDGE('',*,*,#2999,.T.);
#2999 = EDGE_CURVE('',#2971,#3000,#3002,.T.);
#3000 = VERTEX_POINT('',#3001);
#3001 = CARTESIAN_POINT('',(0.620541659724,7.,-6.845933394983));
#3002 = SURFACE_CURVE('',#3003,(#3008,#3015),.PCURVE_S1.);
#3003 = CIRCLE('',#3004,3.);
#3004 = AXIS2_PLACEMENT_3D('',#3005,#3006,#3007);
#3005 = CARTESIAN_POINT('',(3.526784057398,7.,-6.101786147484));
#3006 = DIRECTION('',(0.,1.,0.));
#3007 = DIRECTION('',(0.,-0.,1.));
#3008 = PCURVE('',#149,#3009);
#3009 = DEFINITIONAL_REPRESENTATION('',(#3010),#3014);
#3010 = CIRCLE('',#3011,3.);
#3011 = AXIS2_PLACEMENT_2D('',#3012,#3013);
#3012 = CARTESIAN_POINT('',(-8.439313152891,6.163726888268));
#3013 = DIRECTION('',(1.,0.));
#3014 = ( GEOMETRIC_REPRESENTATION_CONTEXT(2) 
PARAMETRIC_REPRESENTATION_CONTEXT() REPRESENTATION_CONTEXT('2D SPACE',''
  ) );
#3015 = PCURVE('',#3016,#3021);
#3016 = CYLINDRICAL_SURFACE('',#3017,3.);
#3017 = AXIS2_PLACEMENT_3D('',#3018,#3019,#3020);
#3018 = CARTESIAN_POINT('',(3.526784057398,7.,-6.101786147484));
#3019 = DIRECTION('',(-0.,-1.,-0.));
#3020 = DIRECTION('',(0.,0.,-1.));
#3021 = DEFINITIONAL_REPRESENTATION('',(#3022),#3026);
#3022 = LINE('',#3023,#3024);
#3023 = CARTESIAN_POINT('',(9.424777960769,0.));
#3024 = VECTOR('',#3025,1.);
#3025 = DIRECTION('',(-1.,0.));
#3026 = ( GEOMETRIC_REPRESENTATION_CONTEXT(2) 
PARAMETRIC_REPRESENTATION_CONTEXT() REPRESENTATION_CONTEXT('2D SPACE',''
  ) );
#3027 = ORIENTED_EDGE('',*,*,#3028,.T.);
#3028 = EDGE_CURVE('',#3000,#3029,#3031,.T.);
#3029 = VERTEX_POINT('',#3030);
#3030 = CARTESIAN_POINT('',(0.155079888938,7.,-6.872250448583));
#3031 = SURFACE_CURVE('',#3032,(#3037,#3044),.PCURVE_S1.);
#3032 = CIRCLE('',#3033,6.874);
#3033 = AXIS2_PLACEMENT_3D('',#3034,#3035,#3036);
#3034 = CARTESIAN_POINT('',(1.953316134117E-16,7.,-2.229711069055E-16));
#3035 = DIRECTION('',(0.,1.,0.));
#3036 = DIRECTION('',(0.,-0.,1.));
#3037 = PCURVE('',#149,#3038);
#3038 = DEFINITIONAL_REPRESENTATION('',(#3039),#3043);
#3039 = CIRCLE('',#3040,6.874);
#3040 = AXIS2_PLACEMENT_2D('',#3041,#3042);
#3041 = CARTESIAN_POINT('',(-2.337527005408,2.63694283087));
#3042 = DIRECTION('',(1.,0.));
#3043 = ( GEOMETRIC_REPRESENTATION_CONTEXT(2) 
PARAMETRIC_REPRESENTATION_CONTEXT() REPRESENTATION_CONTEXT('2D SPACE',''
  ) );
#3044 = PCURVE('',#3045,#3050);
#3045 = CYLINDRICAL_SURFACE('',#3046,6.874);
#3046 = AXIS2_PLACEMENT_3D('',#3047,#3048,#3049);
#3047 = CARTESIAN_POINT('',(1.953316134117E-16,7.,-2.229711069055E-16));
#3048 = DIRECTION('',(-0.,-1.,-0.));
#3049 = DIRECTION('',(0.,0.,-1.));
#3050 = DEFINITIONAL_REPRESENTATION('',(#3051),#3055);
#3051 = LINE('',#3052,#3053);
#3052 = CARTESIAN_POINT('',(3.14159265359,0.));
#3053 = VECTOR('',#3054,1.);
#3054 = DIRECTION('',(-1.,0.));
#3055 = ( GEOMETRIC_REPRESENTATION_CONTEXT(2) 
PARAMETRIC_REPRESENTATION_CONTEXT() REPRESENTATION_CONTEXT('2D SPACE',''
  ) );
#3056 = ORIENTED_EDGE('',*,*,#3057,.T.);
#3057 = EDGE_CURVE('',#3029,#3058,#3060,.T.);
#3058 = VERTEX_POINT('',#3059);
#3059 = CARTESIAN_POINT('',(-0.239550941802,7.,-7.996412654827));
#3060 = SURFACE_CURVE('',#3061,(#3066,#3073),.PCURVE_S1.);
#3061 = CIRCLE('',#3062,3.);
#3062 = AXIS2_PLACEMENT_3D('',#3063,#3064,#3065);
#3063 = CARTESIAN_POINT('',(-2.81652028515,7.,-6.460434463756));
#3064 = DIRECTION('',(0.,1.,0.));
#3065 = DIRECTION('',(0.,-0.,1.));
#3066 = PCURVE('',#149,#3067);
#3067 = DEFINITIONAL_REPRESENTATION('',(#3068),#3072);
#3068 = CIRCLE('',#3069,3.);
#3069 = AXIS2_PLACEMENT_2D('',#3070,#3071);
#3070 = CARTESIAN_POINT('',(-8.797961469163,-0.17957745428));
#3071 = DIRECTION('',(1.,0.));
#3072 = ( GEOMETRIC_REPRESENTATION_CONTEXT(2) 
PARAMETRIC_REPRESENTATION_CONTEXT() REPRESENTATION_CONTEXT('2D SPACE',''
  ) );
#3073 = PCURVE('',#3074,#3079);
#3074 = CYLINDRICAL_SURFACE('',#3075,3.);
#3075 = AXIS2_PLACEMENT_3D('',#3076,#3077,#3078);
#3076 = CARTESIAN_POINT('',(-2.81652028515,7.,-6.460434463756));
#3077 = DIRECTION('',(-0.,-1.,-0.));
#3078 = DIRECTION('',(0.,0.,-1.));
#3079 = DEFINITIONAL_REPRESENTATION('',(#3080),#3084);
#3080 = LINE('',#3081,#3082);
#3081 = CARTESIAN_POINT('',(3.14159265359,0.));
#3082 = VECTOR('',#3083,1.);
#3083 = DIRECTION('',(-1.,0.));
#3084 = ( GEOMETRIC_REPRESENTATION_CONTEXT(2) 
PARAMETRIC_REPRESENTATION_CONTEXT() REPRESENTATION_CONTEXT('2D SPACE',''
  ) );
#3085 = ORIENTED_EDGE('',*,*,#3086,.T.);
#3086 = EDGE_CURVE('',#3058,#3087,#3089,.T.);
#3087 = VERTEX_POINT('',#3088);
#3088 = CARTESIAN_POINT('',(-0.531864179485,7.,-7.982300451285));
#3089 = SURFACE_CURVE('',#3090,(#3095,#3102),.PCURVE_S1.);
#3090 = CIRCLE('',#3091,8.);
#3091 = AXIS2_PLACEMENT_3D('',#3092,#3093,#3094);
#3092 = CARTESIAN_POINT('',(1.953316134117E-16,7.,-2.229711069055E-16));
#3093 = DIRECTION('',(0.,1.,0.));
#3094 = DIRECTION('',(0.,-0.,1.));
#3095 = PCURVE('',#149,#3096);
#3096 = DEFINITIONAL_REPRESENTATION('',(#3097),#3101);
#3097 = CIRCLE('',#3098,8.);
#3098 = AXIS2_PLACEMENT_2D('',#3099,#3100);
#3099 = CARTESIAN_POINT('',(-2.337527005408,2.63694283087));
#3100 = DIRECTION('',(1.,0.));
#3101 = ( GEOMETRIC_REPRESENTATION_CONTEXT(2) 
PARAMETRIC_REPRESENTATION_CONTEXT() REPRESENTATION_CONTEXT('2D SPACE',''
  ) );
#3102 = PCURVE('',#3103,#3108);
#3103 = CYLINDRICAL_SURFACE('',#3104,8.);
#3104 = AXIS2_PLACEMENT_3D('',#3105,#3106,#3107);
#3105 = CARTESIAN_POINT('',(1.953316134117E-16,7.,-2.229711069055E-16));
#3106 = DIRECTION('',(-0.,-1.,-0.));
#3107 = DIRECTION('',(0.,0.,-1.));
#3108 = DEFINITIONAL_REPRESENTATION('',(#3109),#3113);
#3109 = LINE('',#3110,#3111);
#3110 = CARTESIAN_POINT('',(9.424777960769,0.));
#3111 = VECTOR('',#3112,1.);
#3112 = DIRECTION('',(-1.,0.));
#3113 = ( GEOMETRIC_REPRESENTATION_CONTEXT(2) 
PARAMETRIC_REPRESENTATION_CONTEXT() REPRESENTATION_CONTEXT('2D SPACE',''
  ) );
#3114 = ORIENTED_EDGE('',*,*,#3115,.T.);
#3115 = EDGE_CURVE('',#3087,#3116,#3118,.T.);
#3116 = VERTEX_POINT('',#3117);
#3117 = CARTESIAN_POINT('',(-0.816368251762,7.,-6.825351190782));
#3118 = SURFACE_CURVE('',#3119,(#3124,#3131),.PCURVE_S1.);
#3119 = CIRCLE('',#3120,3.);
#3120 = AXIS2_PLACEMENT_3D('',#3121,#3122,#3123);
#3121 = CARTESIAN_POINT('',(2.181082689119,7.,-6.701707116875));
#3122 = DIRECTION('',(0.,1.,0.));
#3123 = DIRECTION('',(0.,-0.,1.));
#3124 = PCURVE('',#149,#3125);
#3125 = DEFINITIONAL_REPRESENTATION('',(#3126),#3130);
#3126 = CIRCLE('',#3127,3.);
#3127 = AXIS2_PLACEMENT_2D('',#3128,#3129);
#3128 = CARTESIAN_POINT('',(-9.039234122282,4.818025519989));
#3129 = DIRECTION('',(1.,0.));
#3130 = ( GEOMETRIC_REPRESENTATION_CONTEXT(2) 
PARAMETRIC_REPRESENTATION_CONTEXT() REPRESENTATION_CONTEXT('2D SPACE',''
  ) );
#3131 = PCURVE('',#3132,#3137);
#3132 = CYLINDRICAL_SURFACE('',#3133,3.);
#3133 = AXIS2_PLACEMENT_3D('',#3134,#3135,#3136);
#3134 = CARTESIAN_POINT('',(2.181082689119,7.,-6.701707116875));
#3135 = DIRECTION('',(-0.,-1.,-0.));
#3136 = DIRECTION('',(0.,0.,-1.));
#3137 = DEFINITIONAL_REPRESENTATION('',(#3138),#3142);
#3138 = LINE('',#3139,#3140);
#3139 = CARTESIAN_POINT('',(9.424777960769,0.));
#3140 = VECTOR('',#3141,1.);
#3141 = DIRECTION('',(-1.,0.));
#3142 = ( GEOMETRIC_REPRESENTATION_CONTEXT(2) 
PARAMETRIC_REPRESENTATION_CONTEXT() REPRESENTATION_CONTEXT('2D SPACE',''
  ) );
#3143 = ORIENTED_EDGE('',*,*,#3144,.T.);
#3144 = EDGE_CURVE('',#3116,#3145,#3147,.T.);
#3145 = VERTEX_POINT('',#3146);
#3146 = CARTESIAN_POINT('',(-1.277130189201,7.,-6.754318209844));
#3147 = SURFACE_CURVE('',#3148,(#3153,#3160),.PCURVE_S1.);
#3148 = CIRCLE('',#3149,6.874);
#3149 = AXIS2_PLACEMENT_3D('',#3150,#3151,#3152);
#3150 = CARTESIAN_POINT('',(1.953316134117E-16,7.,-2.229711069055E-16));
#3151 = DIRECTION('',(0.,1.,0.));
#3152 = DIRECTION('',(0.,-0.,1.));
#3153 = PCURVE('',#149,#3154);
#3154 = DEFINITIONAL_REPRESENTATION('',(#3155),#3159);
#3155 = CIRCLE('',#3156,6.874);
#3156 = AXIS2_PLACEMENT_2D('',#3157,#3158);
#3157 = CARTESIAN_POINT('',(-2.337527005408,2.63694283087));
#3158 = DIRECTION('',(1.,0.));
#3159 = ( GEOMETRIC_REPRESENTATION_CONTEXT(2) 
PARAMETRIC_REPRESENTATION_CONTEXT() REPRESENTATION_CONTEXT('2D SPACE',''
  ) );
#3160 = PCURVE('',#3161,#3166);
#3161 = CYLINDRICAL_SURFACE('',#3162,6.874);
#3162 = AXIS2_PLACEMENT_3D('',#3163,#3164,#3165);
#3163 = CARTESIAN_POINT('',(1.953316134117E-16,7.,-2.229711069055E-16));
#3164 = DIRECTION('',(-0.,-1.,-0.));
#3165 = DIRECTION('',(0.,0.,-1.));
#3166 = DEFINITIONAL_REPRESENTATION('',(#3167),#3171);
#3167 = LINE('',#3168,#3169);
#3168 = CARTESIAN_POINT('',(9.424777960769,0.));
#3169 = VECTOR('',#3170,1.);
#3170 = DIRECTION('',(-1.,0.));
#3171 = ( GEOMETRIC_REPRESENTATION_CONTEXT(2) 
PARAMETRIC_REPRESENTATION_CONTEXT() REPRESENTATION_CONTEXT('2D SPACE',''
  ) );
#3172 = ORIENTED_EDGE('',*,*,#3173,.T.);
#3173 = EDGE_CURVE('',#3145,#3174,#3176,.T.);
#3174 = VERTEX_POINT('',#3175);
#3175 = CARTESIAN_POINT('',(-1.896863854519,7.,-7.77186641145));
#3176 = SURFACE_CURVE('',#3177,(#3182,#3189),.PCURVE_S1.);
#3177 = CIRCLE('',#3178,3.);
#3178 = AXIS2_PLACEMENT_3D('',#3179,#3180,#3181);
#3179 = CARTESIAN_POINT('',(-4.098172412114,7.,-5.733670975713));
#3180 = DIRECTION('',(0.,1.,0.));
#3181 = DIRECTION('',(0.,-0.,1.));
#3182 = PCURVE('',#149,#3183);
#3183 = DEFINITIONAL_REPRESENTATION('',(#3184),#3188);
#3184 = CIRCLE('',#3185,3.);
#3185 = AXIS2_PLACEMENT_2D('',#3186,#3187);
#3186 = CARTESIAN_POINT('',(-8.07119798112,-1.461229581244));
#3187 = DIRECTION('',(1.,0.));
#3188 = ( GEOMETRIC_REPRESENTATION_CONTEXT(2) 
PARAMETRIC_REPRESENTATION_CONTEXT() REPRESENTATION_CONTEXT('2D SPACE',''
  ) );
#3189 = PCURVE('',#3190,#3195);
#3190 = CYLINDRICAL_SURFACE('',#3191,3.);
#3191 = AXIS2_PLACEMENT_3D('',#3192,#3193,#3194);
#3192 = CARTESIAN_POINT('',(-4.098172412114,7.,-5.733670975713));
#3193 = DIRECTION('',(-0.,-1.,-0.));
#3194 = DIRECTION('',(0.,0.,-1.));
#3195 = DEFINITIONAL_REPRESENTATION('',(#3196),#3200);
#3196 = LINE('',#3197,#3198);
#3197 = CARTESIAN_POINT('',(3.14159265359,0.));
#3198 = VECTOR('',#3199,1.);
#3199 = DIRECTION('',(-1.,0.));
#3200 = ( GEOMETRIC_REPRESENTATION_CONTEXT(2) 
PARAMETRIC_REPRESENTATION_CONTEXT() REPRESENTATION_CONTEXT('2D SPACE',''
  ) );
#3201 = ORIENTED_EDGE('',*,*,#3202,.T.);
#3202 = EDGE_CURVE('',#3174,#3203,#3205,.T.);
#3203 = VERTEX_POINT('',#3204);
#3204 = CARTESIAN_POINT('',(-2.179855254521,7.,-7.697287253919));
#3205 = SURFACE_CURVE('',#3206,(#3211,#3218),.PCURVE_S1.);
#3206 = CIRCLE('',#3207,8.);
#3207 = AXIS2_PLACEMENT_3D('',#3208,#3209,#3210);
#3208 = CARTESIAN_POINT('',(1.953316134117E-16,7.,-2.229711069055E-16));
#3209 = DIRECTION('',(0.,1.,0.));
#3210 = DIRECTION('',(0.,-0.,1.));
#3211 = PCURVE('',#149,#3212);
#3212 = DEFINITIONAL_REPRESENTATION('',(#3213),#3217);
#3213 = CIRCLE('',#3214,8.);
#3214 = AXIS2_PLACEMENT_2D('',#3215,#3216);
#3215 = CARTESIAN_POINT('',(-2.337527005408,2.63694283087));
#3216 = DIRECTION('',(1.,0.));
#3217 = ( GEOMETRIC_REPRESENTATION_CONTEXT(2) 
PARAMETRIC_REPRESENTATION_CONTEXT() REPRESENTATION_CONTEXT('2D SPACE',''
  ) );
#3218 = PCURVE('',#3219,#3224);
#3219 = CYLINDRICAL_SURFACE('',#3220,8.);
#3220 = AXIS2_PLACEMENT_3D('',#3221,#3222,#3223);
#3221 = CARTESIAN_POINT('',(1.953316134117E-16,7.,-2.229711069055E-16));
#3222 = DIRECTION('',(-0.,-1.,-0.));
#3223 = DIRECTION('',(0.,0.,-1.));
#3224 = DEFINITIONAL_REPRESENTATION('',(#3225),#3229);
#3225 = LINE('',#3226,#3227);
#3226 = CARTESIAN_POINT('',(9.424777960769,0.));
#3227 = VECTOR('',#3228,1.);
#3228 = DIRECTION('',(-1.,0.));
#3229 = ( GEOMETRIC_REPRESENTATION_CONTEXT(2) 
PARAMETRIC_REPRESENTATION_CONTEXT() REPRESENTATION_CONTEXT('2D SPACE',''
  ) );
#3230 = ORIENTED_EDGE('',*,*,#3231,.T.);
#3231 = EDGE_CURVE('',#3203,#3232,#3234,.T.);
#3232 = VERTEX_POINT('',#3233);
#3233 = CARTESIAN_POINT('',(-2.217598953277,7.,-6.506468387876));
#3234 = SURFACE_CURVE('',#3235,(#3240,#3247),.PCURVE_S1.);
#3235 = CIRCLE('',#3236,3.);
#3236 = AXIS2_PLACEMENT_3D('',#3237,#3238,#3239);
#3237 = CARTESIAN_POINT('',(0.740057541329,7.,-7.0087313269));
#3238 = DIRECTION('',(0.,1.,0.));
#3239 = DIRECTION('',(0.,-0.,1.));
#3240 = PCURVE('',#149,#3241);
#3241 = DEFINITIONAL_REPRESENTATION('',(#3242),#3246);
#3242 = CIRCLE('',#3243,3.);
#3243 = AXIS2_PLACEMENT_2D('',#3244,#3245);
#3244 = CARTESIAN_POINT('',(-9.346258332307,3.377000372199));
#3245 = DIRECTION('',(1.,0.));
#3246 = ( GEOMETRIC_REPRESENTATION_CONTEXT(2) 
PARAMETRIC_REPRESENTATION_CONTEXT() REPRESENTATION_CONTEXT('2D SPACE',''
  ) );
#3247 = PCURVE('',#3248,#3253);
#3248 = CYLINDRICAL_SURFACE('',#3249,3.);
#3249 = AXIS2_PLACEMENT_3D('',#3250,#3251,#3252);
#3250 = CARTESIAN_POINT('',(0.740057541329,7.,-7.0087313269));
#3251 = DIRECTION('',(-0.,-1.,-0.));
#3252 = DIRECTION('',(0.,0.,-1.));
#3253 = DEFINITIONAL_REPRESENTATION('',(#3254),#3258);
#3254 = LINE('',#3255,#3256);
#3255 = CARTESIAN_POINT('',(9.424777960769,0.));
#3256 = VECTOR('',#3257,1.);
#3257 = DIRECTION('',(-1.,0.));
#3258 = ( GEOMETRIC_REPRESENTATION_CONTEXT(2) 
PARAMETRIC_REPRESENTATION_CONTEXT() REPRESENTATION_CONTEXT('2D SPACE',''
  ) );
#3259 = ORIENTED_EDGE('',*,*,#3260,.T.);
#3260 = EDGE_CURVE('',#3232,#3261,#3263,.T.);
#3261 = VERTEX_POINT('',#3262);
#3262 = CARTESIAN_POINT('',(-2.653523549721,7.,-6.341189854521));
#3263 = SURFACE_CURVE('',#3264,(#3269,#3276),.PCURVE_S1.);
#3264 = CIRCLE('',#3265,6.874);
#3265 = AXIS2_PLACEMENT_3D('',#3266,#3267,#3268);
#3266 = CARTESIAN_POINT('',(1.953316134117E-16,7.,-2.229711069055E-16));
#3267 = DIRECTION('',(0.,1.,0.));
#3268 = DIRECTION('',(0.,-0.,1.));
#3269 = PCURVE('',#149,#3270);
#3270 = DEFINITIONAL_REPRESENTATION('',(#3271),#3275);
#3271 = CIRCLE('',#3272,6.874);
#3272 = AXIS2_PLACEMENT_2D('',#3273,#3274);
#3273 = CARTESIAN_POINT('',(-2.337527005408,2.63694283087));
#3274 = DIRECTION('',(1.,0.));
#3275 = ( GEOMETRIC_REPRESENTATION_CONTEXT(2) 
PARAMETRIC_REPRESENTATION_CONTEXT() REPRESENTATION_CONTEXT('2D SPACE',''
  ) );
#3276 = PCURVE('',#3277,#3282);
#3277 = CYLINDRICAL_SURFACE('',#3278,6.874);
#3278 = AXIS2_PLACEMENT_3D('',#3279,#3280,#3281);
#3279 = CARTESIAN_POINT('',(1.953316134117E-16,7.,-2.229711069055E-16));
#3280 = DIRECTION('',(-0.,-1.,-0.));
#3281 = DIRECTION('',(0.,0.,-1.));
#3282 = DEFINITIONAL_REPRESENTATION('',(#3283),#3287);
#3283 = LINE('',#3284,#3285);
#3284 = CARTESIAN_POINT('',(9.424777960769,0.));
#3285 = VECTOR('',#3286,1.);
#3286 = DIRECTION('',(-1.,0.));
#3287 = ( GEOMETRIC_REPRESENTATION_CONTEXT(2) 
PARAMETRIC_REPRESENTATION_CONTEXT() REPRESENTATION_CONTEXT('2D SPACE',''
  ) );
#3288 = ORIENTED_EDGE('',*,*,#3289,.T.);
#3289 = EDGE_CURVE('',#3261,#3290,#3292,.T.);
#3290 = VERTEX_POINT('',#3291);
#3291 = CARTESIAN_POINT('',(-3.471274714631,7.,-7.207652312339));
#3292 = SURFACE_CURVE('',#3293,(#3298,#3305),.PCURVE_S1.);
#3293 = CIRCLE('',#3294,3.);
#3294 = AXIS2_PLACEMENT_3D('',#3295,#3296,#3297);
#3295 = CARTESIAN_POINT('',(-5.200714739456,7.,-4.756318552825));
#3296 = DIRECTION('',(0.,1.,0.));
#3297 = DIRECTION('',(0.,-0.,1.));
#3298 = PCURVE('',#149,#3299);
#3299 = DEFINITIONAL_REPRESENTATION('',(#3300),#3304);
#3300 = CIRCLE('',#3301,3.);
#3301 = AXIS2_PLACEMENT_2D('',#3302,#3303);
#3302 = CARTESIAN_POINT('',(-7.093845558233,-2.563771908586));
#3303 = DIRECTION('',(1.,0.));
#3304 = ( GEOMETRIC_REPRESENTATION_CONTEXT(2) 
PARAMETRIC_REPRESENTATION_CONTEXT() REPRESENTATION_CONTEXT('2D SPACE',''
  ) );
#3305 = PCURVE('',#3306,#3311);
#3306 = CYLINDRICAL_SURFACE('',#3307,3.);
#3307 = AXIS2_PLACEMENT_3D('',#3308,#3309,#3310);
#3308 = CARTESIAN_POINT('',(-5.200714739456,7.,-4.756318552825));
#3309 = DIRECTION('',(-0.,-1.,-0.));
#3310 = DIRECTION('',(0.,0.,-1.));
#3311 = DEFINITIONAL_REPRESENTATION('',(#3312),#3316);
#3312 = LINE('',#3313,#3314);
#3313 = CARTESIAN_POINT('',(3.14159265359,0.));
#3314 = VECTOR('',#3315,1.);
#3315 = DIRECTION('',(-1.,0.));
#3316 = ( GEOMETRIC_REPRESENTATION_CONTEXT(2) 
PARAMETRIC_REPRESENTATION_CONTEXT() REPRESENTATION_CONTEXT('2D SPACE',''
  ) );
#3317 = ORIENTED_EDGE('',*,*,#3318,.T.);
#3318 = EDGE_CURVE('',#3290,#3319,#3321,.T.);
#3319 = VERTEX_POINT('',#3320);
#3320 = CARTESIAN_POINT('',(-3.732576194829,7.,-7.075865667874));
#3321 = SURFACE_CURVE('',#3322,(#3327,#3334),.PCURVE_S1.);
#3322 = CIRCLE('',#3323,8.);
#3323 = AXIS2_PLACEMENT_3D('',#3324,#3325,#3326);
#3324 = CARTESIAN_POINT('',(1.953316134117E-16,7.,-2.229711069055E-16));
#3325 = DIRECTION('',(0.,1.,0.));
#3326 = DIRECTION('',(0.,-0.,1.));
#3327 = PCURVE('',#149,#3328);
#3328 = DEFINITIONAL_REPRESENTATION('',(#3329),#3333);
#3329 = CIRCLE('',#3330,8.);
#3330 = AXIS2_PLACEMENT_2D('',#3331,#3332);
#3331 = CARTESIAN_POINT('',(-2.337527005408,2.63694283087));
#3332 = DIRECTION('',(1.,0.));
#3333 = ( GEOMETRIC_REPRESENTATION_CONTEXT(2) 
PARAMETRIC_REPRESENTATION_CONTEXT() REPRESENTATION_CONTEXT('2D SPACE',''
  ) );
#3334 = PCURVE('',#3335,#3340);
#3335 = CYLINDRICAL_SURFACE('',#3336,8.);
#3336 = AXIS2_PLACEMENT_3D('',#3337,#3338,#3339);
#3337 = CARTESIAN_POINT('',(1.953316134117E-16,7.,-2.229711069055E-16));
#3338 = DIRECTION('',(-0.,-1.,-0.));
#3339 = DIRECTION('',(0.,0.,-1.));
#3340 = DEFINITIONAL_REPRESENTATION('',(#3341),#3345);
#3341 = LINE('',#3342,#3343);
#3342 = CARTESIAN_POINT('',(9.424777960769,0.));
#3343 = VECTOR('',#3344,1.);
#3344 = DIRECTION('',(-1.,0.));
#3345 = ( GEOMETRIC_REPRESENTATION_CONTEXT(2) 
PARAMETRIC_REPRESENTATION_CONTEXT() REPRESENTATION_CONTEXT('2D SPACE',''
  ) );
#3346 = ORIENTED_EDGE('',*,*,#3347,.T.);
#3347 = EDGE_CURVE('',#3319,#3348,#3350,.T.);
#3348 = VERTEX_POINT('',#3349);
#3349 = CARTESIAN_POINT('',(-3.521909939313,7.,-5.903221694919));
#3350 = SURFACE_CURVE('',#3351,(#3356,#3363),.PCURVE_S1.);
#3351 = CIRCLE('',#3352,3.);
#3352 = AXIS2_PLACEMENT_3D('',#3353,#3354,#3355);
#3353 = CARTESIAN_POINT('',(-0.733311672207,7.,-7.009440346315));
#3354 = DIRECTION('',(0.,1.,0.));
#3355 = DIRECTION('',(0.,-0.,1.));
#3356 = PCURVE('',#149,#3357);
#3357 = DEFINITIONAL_REPRESENTATION('',(#3358),#3362);
#3358 = CIRCLE('',#3359,3.);
#3359 = AXIS2_PLACEMENT_2D('',#3360,#3361);
#3360 = CARTESIAN_POINT('',(-9.346967351723,1.903631158662));
#3361 = DIRECTION('',(1.,0.));
#3362 = ( GEOMETRIC_REPRESENTATION_CONTEXT(2) 
PARAMETRIC_REPRESENTATION_CONTEXT() REPRESENTATION_CONTEXT('2D SPACE',''
  ) );
#3363 = PCURVE('',#3364,#3369);
#3364 = CYLINDRICAL_SURFACE('',#3365,3.);
#3365 = AXIS2_PLACEMENT_3D('',#3366,#3367,#3368);
#3366 = CARTESIAN_POINT('',(-0.733311672207,7.,-7.009440346315));
#3367 = DIRECTION('',(-0.,-1.,-0.));
#3368 = DIRECTION('',(0.,0.,-1.));
#3369 = DEFINITIONAL_REPRESENTATION('',(#3370),#3374);
#3370 = LINE('',#3371,#3372);
#3371 = CARTESIAN_POINT('',(9.424777960769,0.));
#3372 = VECTOR('',#3373,1.);
#3373 = DIRECTION('',(-1.,0.));
#3374 = ( GEOMETRIC_REPRESENTATION_CONTEXT(2) 
PARAMETRIC_REPRESENTATION_CONTEXT() REPRESENTATION_CONTEXT('2D SPACE',''
  ) );
#3375 = ORIENTED_EDGE('',*,*,#3376,.T.);
#3376 = EDGE_CURVE('',#3348,#3377,#3379,.T.);
#3377 = VERTEX_POINT('',#3378);
#3378 = CARTESIAN_POINT('',(-3.9139451981,7.,-5.65092107415));
#3379 = SURFACE_CURVE('',#3380,(#3385,#3392),.PCURVE_S1.);
#3380 = CIRCLE('',#3381,6.874);
#3381 = AXIS2_PLACEMENT_3D('',#3382,#3383,#3384);
#3382 = CARTESIAN_POINT('',(1.953316134117E-16,7.,-2.229711069055E-16));
#3383 = DIRECTION('',(0.,1.,0.));
#3384 = DIRECTION('',(0.,-0.,1.));
#3385 = PCURVE('',#149,#3386);
#3386 = DEFINITIONAL_REPRESENTATION('',(#3387),#3391);
#3387 = CIRCLE('',#3388,6.874);
#3388 = AXIS2_PLACEMENT_2D('',#3389,#3390);
#3389 = CARTESIAN_POINT('',(-2.337527005408,2.63694283087));
#3390 = DIRECTION('',(1.,0.));
#3391 = ( GEOMETRIC_REPRESENTATION_CONTEXT(2) 
PARAMETRIC_REPRESENTATION_CONTEXT() REPRESENTATION_CONTEXT('2D SPACE',''
  ) );
#3392 = PCURVE('',#3393,#3398);
#3393 = CYLINDRICAL_SURFACE('',#3394,6.874);
#3394 = AXIS2_PLACEMENT_3D('',#3395,#3396,#3397);
#3395 = CARTESIAN_POINT('',(1.953316134117E-16,7.,-2.229711069055E-16));
#3396 = DIRECTION('',(-0.,-1.,-0.));
#3397 = DIRECTION('',(0.,0.,-1.));
#3398 = DEFINITIONAL_REPRESENTATION('',(#3399),#3403);
#3399 = LINE('',#3400,#3401);
#3400 = CARTESIAN_POINT('',(9.424777960769,0.));
#3401 = VECTOR('',#3402,1.);
#3402 = DIRECTION('',(-1.,0.));
#3403 = ( GEOMETRIC_REPRESENTATION_CONTEXT(2) 
PARAMETRIC_REPRESENTATION_CONTEXT() REPRESENTATION_CONTEXT('2D SPACE',''
  ) );
#3404 = ORIENTED_EDGE('',*,*,#3405,.T.);
#3405 = EDGE_CURVE('',#3377,#3406,#3408,.T.);
#3406 = VERTEX_POINT('',#3407);
#3407 = CARTESIAN_POINT('',(-4.893974212689,7.,-6.328429221026));
#3408 = SURFACE_CURVE('',#3409,(#3414,#3421),.PCURVE_S1.);
#3409 = CIRCLE('',#3410,3.);
#3410 = AXIS2_PLACEMENT_3D('',#3411,#3412,#3413);
#3411 = CARTESIAN_POINT('',(-6.075960876886,7.,-3.57109218583));
#3412 = DIRECTION('',(0.,1.,0.));
#3413 = DIRECTION('',(0.,-0.,1.));
#3414 = PCURVE('',#149,#3415);
#3415 = DEFINITIONAL_REPRESENTATION('',(#3416),#3420);
#3416 = CIRCLE('',#3417,3.);
#3417 = AXIS2_PLACEMENT_2D('',#3418,#3419);
#3418 = CARTESIAN_POINT('',(-5.908619191238,-3.439018046016));
#3419 = DIRECTION('',(1.,0.));
#3420 = ( GEOMETRIC_REPRESENTATION_CONTEXT(2) 
PARAMETRIC_REPRESENTATION_CONTEXT() REPRESENTATION_CONTEXT('2D SPACE',''
  ) );
#3421 = PCURVE('',#3422,#3427);
#3422 = CYLINDRICAL_SURFACE('',#3423,3.);
#3423 = AXIS2_PLACEMENT_3D('',#3424,#3425,#3426);
#3424 = CARTESIAN_POINT('',(-6.075960876886,7.,-3.57109218583));
#3425 = DIRECTION('',(-0.,-1.,-0.));
#3426 = DIRECTION('',(0.,0.,-1.));
#3427 = DEFINITIONAL_REPRESENTATION('',(#3428),#3432);
#3428 = LINE('',#3429,#3430);
#3429 = CARTESIAN_POINT('',(3.14159265359,0.));
#3430 = VECTOR('',#3431,1.);
#3431 = DIRECTION('',(-1.,0.));
#3432 = ( GEOMETRIC_REPRESENTATION_CONTEXT(2) 
PARAMETRIC_REPRESENTATION_CONTEXT() REPRESENTATION_CONTEXT('2D SPACE',''
  ) );
#3433 = ORIENTED_EDGE('',*,*,#3434,.T.);
#3434 = EDGE_CURVE('',#3406,#3435,#3437,.T.);
#3435 = VERTEX_POINT('',#3436);
#3436 = CARTESIAN_POINT('',(-5.122165644535,7.,-6.145194798373));
#3437 = SURFACE_CURVE('',#3438,(#3443,#3450),.PCURVE_S1.);
#3438 = CIRCLE('',#3439,8.);
#3439 = AXIS2_PLACEMENT_3D('',#3440,#3441,#3442);
#3440 = CARTESIAN_POINT('',(1.953316134117E-16,7.,-2.229711069055E-16));
#3441 = DIRECTION('',(0.,1.,0.));
#3442 = DIRECTION('',(0.,-0.,1.));
#3443 = PCURVE('',#149,#3444);
#3444 = DEFINITIONAL_REPRESENTATION('',(#3445),#3449);
#3445 = CIRCLE('',#3446,8.);
#3446 = AXIS2_PLACEMENT_2D('',#3447,#3448);
#3447 = CARTESIAN_POINT('',(-2.337527005408,2.63694283087));
#3448 = DIRECTION('',(1.,0.));
#3449 = ( GEOMETRIC_REPRESENTATION_CONTEXT(2) 
PARAMETRIC_REPRESENTATION_CONTEXT() REPRESENTATION_CONTEXT('2D SPACE',''
  ) );
#3450 = PCURVE('',#3451,#3456);
#3451 = CYLINDRICAL_SURFACE('',#3452,8.);
#3452 = AXIS2_PLACEMENT_3D('',#3453,#3454,#3455);
#3453 = CARTESIAN_POINT('',(1.953316134117E-16,7.,-2.229711069055E-16));
#3454 = DIRECTION('',(-0.,-1.,-0.));
#3455 = DIRECTION('',(0.,0.,-1.));
#3456 = DEFINITIONAL_REPRESENTATION('',(#3457),#3461);
#3457 = LINE('',#3458,#3459);
#3458 = CARTESIAN_POINT('',(9.424777960769,0.));
#3459 = VECTOR('',#3460,1.);
#3460 = DIRECTION('',(-1.,0.));
#3461 = ( GEOMETRIC_REPRESENTATION_CONTEXT(2) 
PARAMETRIC_REPRESENTATION_CONTEXT() REPRESENTATION_CONTEXT('2D SPACE',''
  ) );
#3462 = ORIENTED_EDGE('',*,*,#3463,.T.);
#3463 = EDGE_CURVE('',#3435,#3464,#3466,.T.);
#3464 = VERTEX_POINT('',#3465);
#3465 = CARTESIAN_POINT('',(-4.672296561002,7.,-5.041975887095));
#3466 = SURFACE_CURVE('',#3467,(#3472,#3479),.PCURVE_S1.);
#3467 = CIRCLE('',#3468,3.);
#3468 = AXIS2_PLACEMENT_3D('',#3469,#3470,#3471);
#3469 = CARTESIAN_POINT('',(-2.174631646848,7.,-6.70380318757));
#3470 = DIRECTION('',(0.,1.,0.));
#3471 = DIRECTION('',(0.,-0.,1.));
#3472 = PCURVE('',#149,#3473);
#3473 = DEFINITIONAL_REPRESENTATION('',(#3474),#3478);
#3474 = CIRCLE('',#3475,3.);
#3475 = AXIS2_PLACEMENT_2D('',#3476,#3477);
#3476 = CARTESIAN_POINT('',(-9.041330192977,0.462311184021));
#3477 = DIRECTION('',(1.,0.));
#3478 = ( GEOMETRIC_REPRESENTATION_CONTEXT(2) 
PARAMETRIC_REPRESENTATION_CONTEXT() REPRESENTATION_CONTEXT('2D SPACE',''
  ) );
#3479 = PCURVE('',#3480,#3485);
#3480 = CYLINDRICAL_SURFACE('',#3481,3.);
#3481 = AXIS2_PLACEMENT_3D('',#3482,#3483,#3484);
#3482 = CARTESIAN_POINT('',(-2.174631646848,7.,-6.70380318757));
#3483 = DIRECTION('',(-0.,-1.,-0.));
#3484 = DIRECTION('',(0.,0.,-1.));
#3485 = DEFINITIONAL_REPRESENTATION('',(#3486),#3490);
#3486 = LINE('',#3487,#3488);
#3487 = CARTESIAN_POINT('',(9.424777960769,0.));
#3488 = VECTOR('',#3489,1.);
#3489 = DIRECTION('',(-1.,0.));
#3490 = ( GEOMETRIC_REPRESENTATION_CONTEXT(2) 
PARAMETRIC_REPRESENTATION_CONTEXT() REPRESENTATION_CONTEXT('2D SPACE',''
  ) );
#3491 = ORIENTED_EDGE('',*,*,#3492,.T.);
#3492 = EDGE_CURVE('',#3464,#3493,#3495,.T.);
#3493 = VERTEX_POINT('',#3494);
#3494 = CARTESIAN_POINT('',(-5.00330866013,7.,-4.71367992671));
#3495 = SURFACE_CURVE('',#3496,(#3501,#3508),.PCURVE_S1.);
#3496 = CIRCLE('',#3497,6.874);
#3497 = AXIS2_PLACEMENT_3D('',#3498,#3499,#3500);
#3498 = CARTESIAN_POINT('',(1.953316134117E-16,7.,-2.229711069055E-16));
#3499 = DIRECTION('',(0.,1.,0.));
#3500 = DIRECTION('',(0.,-0.,1.));
#3501 = PCURVE('',#149,#3502);
#3502 = DEFINITIONAL_REPRESENTATION('',(#3503),#3507);
#3503 = CIRCLE('',#3504,6.874);
#3504 = AXIS2_PLACEMENT_2D('',#3505,#3506);
#3505 = CARTESIAN_POINT('',(-2.337527005408,2.63694283087));
#3506 = DIRECTION('',(1.,0.));
#3507 = ( GEOMETRIC_REPRESENTATION_CONTEXT(2) 
PARAMETRIC_REPRESENTATION_CONTEXT() REPRESENTATION_CONTEXT('2D SPACE',''
  ) );
#3508 = PCURVE('',#3509,#3514);
#3509 = CYLINDRICAL_SURFACE('',#3510,6.874);
#3510 = AXIS2_PLACEMENT_3D('',#3511,#3512,#3513);
#3511 = CARTESIAN_POINT('',(1.953316134117E-16,7.,-2.229711069055E-16));
#3512 = DIRECTION('',(-0.,-1.,-0.));
#3513 = DIRECTION('',(0.,0.,-1.));
#3514 = DEFINITIONAL_REPRESENTATION('',(#3515),#3519);
#3515 = LINE('',#3516,#3517);
#3516 = CARTESIAN_POINT('',(9.424777960769,0.));
#3517 = VECTOR('',#3518,1.);
#3518 = DIRECTION('',(-1.,0.));
#3519 = ( GEOMETRIC_REPRESENTATION_CONTEXT(2) 
PARAMETRIC_REPRESENTATION_CONTEXT() REPRESENTATION_CONTEXT('2D SPACE',''
  ) );
#3520 = ORIENTED_EDGE('',*,*,#3521,.T.);
#3521 = EDGE_CURVE('',#3493,#3522,#3524,.T.);
#3522 = VERTEX_POINT('',#3523);
#3523 = CARTESIAN_POINT('',(-6.102783553759,7.,-5.172623405582));
#3524 = SURFACE_CURVE('',#3525,(#3530,#3537),.PCURVE_S1.);
#3525 = CIRCLE('',#3526,3.);
#3526 = AXIS2_PLACEMENT_3D('',#3527,#3528,#3529);
#3527 = CARTESIAN_POINT('',(-6.6856583683,7.,-2.229791954313));
#3528 = DIRECTION('',(0.,1.,0.));
#3529 = DIRECTION('',(0.,-0.,1.));
#3530 = PCURVE('',#149,#3531);
#3531 = DEFINITIONAL_REPRESENTATION('',(#3532),#3536);
#3532 = CIRCLE('',#3533,3.);
#3533 = AXIS2_PLACEMENT_2D('',#3534,#3535);
#3534 = CARTESIAN_POINT('',(-4.567318959721,-4.04871553743));
#3535 = DIRECTION('',(1.,0.));
#3536 = ( GEOMETRIC_REPRESENTATION_CONTEXT(2) 
PARAMETRIC_REPRESENTATION_CONTEXT() REPRESENTATION_CONTEXT('2D SPACE',''
  ) );
#3537 = PCURVE('',#3538,#3543);
#3538 = CYLINDRICAL_SURFACE('',#3539,3.);
#3539 = AXIS2_PLACEMENT_3D('',#3540,#3541,#3542);
#3540 = CARTESIAN_POINT('',(-6.6856583683,7.,-2.229791954313));
#3541 = DIRECTION('',(-0.,-1.,-0.));
#3542 = DIRECTION('',(0.,0.,-1.));
#3543 = DEFINITIONAL_REPRESENTATION('',(#3544),#3548);
#3544 = LINE('',#3545,#3546);
#3545 = CARTESIAN_POINT('',(3.14159265359,0.));
#3546 = VECTOR('',#3547,1.);
#3547 = DIRECTION('',(-1.,0.));
#3548 = ( GEOMETRIC_REPRESENTATION_CONTEXT(2) 
PARAMETRIC_REPRESENTATION_CONTEXT() REPRESENTATION_CONTEXT('2D SPACE',''
  ) );
#3549 = ORIENTED_EDGE('',*,*,#3550,.T.);
#3550 = EDGE_CURVE('',#3522,#3551,#3553,.T.);
#3551 = VERTEX_POINT('',#3552);
#3552 = CARTESIAN_POINT('',(-6.287891876697,7.,-4.945949428266));
#3553 = SURFACE_CURVE('',#3554,(#3559,#3566),.PCURVE_S1.);
#3554 = CIRCLE('',#3555,8.);
#3555 = AXIS2_PLACEMENT_3D('',#3556,#3557,#3558);
#3556 = CARTESIAN_POINT('',(1.953316134117E-16,7.,-2.229711069055E-16));
#3557 = DIRECTION('',(0.,1.,0.));
#3558 = DIRECTION('',(0.,-0.,1.));
#3559 = PCURVE('',#149,#3560);
#3560 = DEFINITIONAL_REPRESENTATION('',(#3561),#3565);
#3561 = CIRCLE('',#3562,8.);
#3562 = AXIS2_PLACEMENT_2D('',#3563,#3564);
#3563 = CARTESIAN_POINT('',(-2.337527005408,2.63694283087));
#3564 = DIRECTION('',(1.,0.));
#3565 = ( GEOMETRIC_REPRESENTATION_CONTEXT(2) 
PARAMETRIC_REPRESENTATION_CONTEXT() REPRESENTATION_CONTEXT('2D SPACE',''
  ) );
#3566 = PCURVE('',#3567,#3572);
#3567 = CYLINDRICAL_SURFACE('',#3568,8.);
#3568 = AXIS2_PLACEMENT_3D('',#3569,#3570,#3571);
#3569 = CARTESIAN_POINT('',(1.953316134117E-16,7.,-2.229711069055E-16));
#3570 = DIRECTION('',(-0.,-1.,-0.));
#3571 = DIRECTION('',(0.,0.,-1.));
#3572 = DEFINITIONAL_REPRESENTATION('',(#3573),#3577);
#3573 = LINE('',#3574,#3575);
#3574 = CARTESIAN_POINT('',(9.424777960769,0.));
#3575 = VECTOR('',#3576,1.);
#3576 = DIRECTION('',(-1.,0.));
#3577 = ( GEOMETRIC_REPRESENTATION_CONTEXT(2) 
PARAMETRIC_REPRESENTATION_CONTEXT() REPRESENTATION_CONTEXT('2D SPACE',''
  ) );
#3578 = ORIENTED_EDGE('',*,*,#3579,.T.);
#3579 = EDGE_CURVE('',#3551,#3580,#3582,.T.);
#3580 = VERTEX_POINT('',#3581);
#3581 = CARTESIAN_POINT('',(-5.61848140281,7.,-3.960371538919));
#3582 = SURFACE_CURVE('',#3583,(#3588,#3595),.PCURVE_S1.);
#3583 = CIRCLE('',#3584,3.);
#3584 = AXIS2_PLACEMENT_3D('',#3585,#3586,#3587);
#3585 = CARTESIAN_POINT('',(-3.520909783482,7.,-6.105177661111));
#3586 = DIRECTION('',(0.,1.,0.));
#3587 = DIRECTION('',(0.,-0.,1.));
#3588 = PCURVE('',#149,#3589);
#3589 = DEFINITIONAL_REPRESENTATION('',(#3590),#3594);
#3590 = CIRCLE('',#3591,3.);
#3591 = AXIS2_PLACEMENT_2D('',#3592,#3593);
#3592 = CARTESIAN_POINT('',(-8.442704666518,-0.883966952612));
#3593 = DIRECTION('',(1.,0.));
#3594 = ( GEOMETRIC_REPRESENTATION_CONTEXT(2) 
PARAMETRIC_REPRESENTATION_CONTEXT() REPRESENTATION_CONTEXT('2D SPACE',''
  ) );
#3595 = PCURVE('',#3596,#3601);
#3596 = CYLINDRICAL_SURFACE('',#3597,3.);
#3597 = AXIS2_PLACEMENT_3D('',#3598,#3599,#3600);
#3598 = CARTESIAN_POINT('',(-3.520909783482,7.,-6.105177661111));
#3599 = DIRECTION('',(-0.,-1.,-0.));
#3600 = DIRECTION('',(0.,0.,-1.));
#3601 = DEFINITIONAL_REPRESENTATION('',(#3602),#3606);
#3602 = LINE('',#3603,#3604);
#3603 = CARTESIAN_POINT('',(9.424777960769,0.));
#3604 = VECTOR('',#3605,1.);
#3605 = DIRECTION('',(-1.,0.));
#3606 = ( GEOMETRIC_REPRESENTATION_CONTEXT(2) 
PARAMETRIC_REPRESENTATION_CONTEXT() REPRESENTATION_CONTEXT('2D SPACE',''
  ) );
#3607 = ORIENTED_EDGE('',*,*,#3608,.T.);
#3608 = EDGE_CURVE('',#3580,#3609,#3611,.T.);
#3609 = VERTEX_POINT('',#3610);
#3610 = CARTESIAN_POINT('',(-5.874003525172,7.,-3.570428347728));
#3611 = SURFACE_CURVE('',#3612,(#3617,#3624),.PCURVE_S1.);
#3612 = CIRCLE('',#3613,6.874);
#3613 = AXIS2_PLACEMENT_3D('',#3614,#3615,#3616);
#3614 = CARTESIAN_POINT('',(1.953316134117E-16,7.,-2.229711069055E-16));
#3615 = DIRECTION('',(0.,1.,0.));
#3616 = DIRECTION('',(0.,-0.,1.));
#3617 = PCURVE('',#149,#3618);
#3618 = DEFINITIONAL_REPRESENTATION('',(#3619),#3623);
#3619 = CIRCLE('',#3620,6.874);
#3620 = AXIS2_PLACEMENT_2D('',#3621,#3622);
#3621 = CARTESIAN_POINT('',(-2.337527005408,2.63694283087));
#3622 = DIRECTION('',(1.,0.));
#3623 = ( GEOMETRIC_REPRESENTATION_CONTEXT(2) 
PARAMETRIC_REPRESENTATION_CONTEXT() REPRESENTATION_CONTEXT('2D SPACE',''
  ) );
#3624 = PCURVE('',#3625,#3630);
#3625 = CYLINDRICAL_SURFACE('',#3626,6.874);
#3626 = AXIS2_PLACEMENT_3D('',#3627,#3628,#3629);
#3627 = CARTESIAN_POINT('',(1.953316134117E-16,7.,-2.229711069055E-16));
#3628 = DIRECTION('',(-0.,-1.,-0.));
#3629 = DIRECTION('',(0.,0.,-1.));
#3630 = DEFINITIONAL_REPRESENTATION('',(#3631),#3635);
#3631 = LINE('',#3632,#3633);
#3632 = CARTESIAN_POINT('',(9.424777960769,0.));
#3633 = VECTOR('',#3634,1.);
#3634 = DIRECTION('',(-1.,0.));
#3635 = ( GEOMETRIC_REPRESENTATION_CONTEXT(2) 
PARAMETRIC_REPRESENTATION_CONTEXT() REPRESENTATION_CONTEXT('2D SPACE',''
  ) );
#3636 = ORIENTED_EDGE('',*,*,#3637,.T.);
#3637 = EDGE_CURVE('',#3609,#277,#3638,.T.);
#3638 = SURFACE_CURVE('',#3639,(#3644,#3651),.PCURVE_S1.);
#3639 = CIRCLE('',#3640,3.);
#3640 = AXIS2_PLACEMENT_3D('',#3641,#3642,#3643);
#3641 = CARTESIAN_POINT('',(-7.003160507672,7.,-0.791039114664));
#3642 = DIRECTION('',(0.,1.,0.));
#3643 = DIRECTION('',(0.,-0.,1.));
#3644 = PCURVE('',#149,#3645);
#3645 = DEFINITIONAL_REPRESENTATION('',(#3646),#3650);
#3646 = CIRCLE('',#3647,3.);
#3647 = AXIS2_PLACEMENT_2D('',#3648,#3649);
#3648 = CARTESIAN_POINT('',(-3.128566120072,-4.366217676802));
#3649 = DIRECTION('',(1.,0.));
#3650 = ( GEOMETRIC_REPRESENTATION_CONTEXT(2) 
PARAMETRIC_REPRESENTATION_CONTEXT() REPRESENTATION_CONTEXT('2D SPACE',''
  ) );
#3651 = PCURVE('',#323,#3652);
#3652 = DEFINITIONAL_REPRESENTATION('',(#3653),#3657);
#3653 = LINE('',#3654,#3655);
#3654 = CARTESIAN_POINT('',(3.14159265359,0.));
#3655 = VECTOR('',#3656,1.);
#3656 = DIRECTION('',(-1.,0.));
#3657 = ( GEOMETRIC_REPRESENTATION_CONTEXT(2) 
PARAMETRIC_REPRESENTATION_CONTEXT() REPRESENTATION_CONTEXT('2D SPACE',''
  ) );
#3658 = ORIENTED_EDGE('',*,*,#276,.T.);
#3659 = ORIENTED_EDGE('',*,*,#3660,.T.);
#3660 = EDGE_CURVE('',#279,#3661,#3663,.T.);
#3661 = VERTEX_POINT('',#3662);
#3662 = CARTESIAN_POINT('',(-7.178807061195,7.,-3.530542334846));
#3663 = SURFACE_CURVE('',#3664,(#3669,#3676),.PCURVE_S1.);
#3664 = CIRCLE('',#3665,8.);
#3665 = AXIS2_PLACEMENT_3D('',#3666,#3667,#3668);
#3666 = CARTESIAN_POINT('',(1.953316134117E-16,7.,-2.229711069055E-16));
#3667 = DIRECTION('',(0.,1.,0.));
#3668 = DIRECTION('',(0.,-0.,1.));
#3669 = PCURVE('',#149,#3670);
#3670 = DEFINITIONAL_REPRESENTATION('',(#3671),#3675);
#3671 = CIRCLE('',#3672,8.);
#3672 = AXIS2_PLACEMENT_2D('',#3673,#3674);
#3673 = CARTESIAN_POINT('',(-2.337527005408,2.63694283087));
#3674 = DIRECTION('',(1.,0.));
#3675 = ( GEOMETRIC_REPRESENTATION_CONTEXT(2) 
PARAMETRIC_REPRESENTATION_CONTEXT() REPRESENTATION_CONTEXT('2D SPACE',''
  ) );
#3676 = PCURVE('',#373,#3677);
#3677 = DEFINITIONAL_REPRESENTATION('',(#3678),#3682);
#3678 = LINE('',#3679,#3680);
#3679 = CARTESIAN_POINT('',(9.424777960769,0.));
#3680 = VECTOR('',#3681,1.);
#3681 = DIRECTION('',(-1.,0.));
#3682 = ( GEOMETRIC_REPRESENTATION_CONTEXT(2) 
PARAMETRIC_REPRESENTATION_CONTEXT() REPRESENTATION_CONTEXT('2D SPACE',''
  ) );
#3683 = ORIENTED_EDGE('',*,*,#3684,.T.);
#3684 = EDGE_CURVE('',#3661,#3685,#3687,.T.);
#3685 = VERTEX_POINT('',#3686);
#3686 = CARTESIAN_POINT('',(-6.319111646849,7.,-2.705679950522));
#3687 = SURFACE_CURVE('',#3688,(#3693,#3700),.PCURVE_S1.);
#3688 = CIRCLE('',#3689,3.);
#3689 = AXIS2_PLACEMENT_3D('',#3690,#3691,#3692);
#3690 = CARTESIAN_POINT('',(-4.713307267377,7.,-5.239726574969));
#3691 = DIRECTION('',(0.,1.,0.));
#3692 = DIRECTION('',(0.,-0.,1.));
#3693 = PCURVE('',#149,#3694);
#3694 = DEFINITIONAL_REPRESENTATION('',(#3695),#3699);
#3695 = CIRCLE('',#3696,3.);
#3696 = AXIS2_PLACEMENT_2D('',#3697,#3698);
#3697 = CARTESIAN_POINT('',(-7.577253580376,-2.076364436507));
#3698 = DIRECTION('',(1.,0.));
#3699 = ( GEOMETRIC_REPRESENTATION_CONTEXT(2) 
PARAMETRIC_REPRESENTATION_CONTEXT() REPRESENTATION_CONTEXT('2D SPACE',''
  ) );
#3700 = PCURVE('',#3701,#3706);
#3701 = CYLINDRICAL_SURFACE('',#3702,3.);
#3702 = AXIS2_PLACEMENT_3D('',#3703,#3704,#3705);
#3703 = CARTESIAN_POINT('',(-4.713307267377,7.,-5.239726574969));
#3704 = DIRECTION('',(-0.,-1.,-0.));
#3705 = DIRECTION('',(0.,0.,-1.));
#3706 = DEFINITIONAL_REPRESENTATION('',(#3707),#3711);
#3707 = LINE('',#3708,#3709);
#3708 = CARTESIAN_POINT('',(9.424777960769,0.));
#3709 = VECTOR('',#3710,1.);
#3710 = DIRECTION('',(-1.,0.));
#3711 = ( GEOMETRIC_REPRESENTATION_CONTEXT(2) 
PARAMETRIC_REPRESENTATION_CONTEXT() REPRESENTATION_CONTEXT('2D SPACE',''
  ) );
#3712 = ORIENTED_EDGE('',*,*,#3713,.T.);
#3713 = EDGE_CURVE('',#3685,#3714,#3716,.T.);
#3714 = VERTEX_POINT('',#3715);
#3715 = CARTESIAN_POINT('',(-6.487976249569,7.,-2.271131917134));
#3716 = SURFACE_CURVE('',#3717,(#3722,#3729),.PCURVE_S1.);
#3717 = CIRCLE('',#3718,6.874);
#3718 = AXIS2_PLACEMENT_3D('',#3719,#3720,#3721);
#3719 = CARTESIAN_POINT('',(1.953316134117E-16,7.,-2.229711069055E-16));
#3720 = DIRECTION('',(0.,1.,0.));
#3721 = DIRECTION('',(0.,-0.,1.));
#3722 = PCURVE('',#149,#3723);
#3723 = DEFINITIONAL_REPRESENTATION('',(#3724),#3728);
#3724 = CIRCLE('',#3725,6.874);
#3725 = AXIS2_PLACEMENT_2D('',#3726,#3727);
#3726 = CARTESIAN_POINT('',(-2.337527005408,2.63694283087));
#3727 = DIRECTION('',(1.,0.));
#3728 = ( GEOMETRIC_REPRESENTATION_CONTEXT(2) 
PARAMETRIC_REPRESENTATION_CONTEXT() REPRESENTATION_CONTEXT('2D SPACE',''
  ) );
#3729 = PCURVE('',#3730,#3735);
#3730 = CYLINDRICAL_SURFACE('',#3731,6.874);
#3731 = AXIS2_PLACEMENT_3D('',#3732,#3733,#3734);
#3732 = CARTESIAN_POINT('',(1.953316134117E-16,7.,-2.229711069055E-16));
#3733 = DIRECTION('',(-0.,-1.,-0.));
#3734 = DIRECTION('',(0.,0.,-1.));
#3735 = DEFINITIONAL_REPRESENTATION('',(#3736),#3740);
#3736 = LINE('',#3737,#3738);
#3737 = CARTESIAN_POINT('',(9.424777960769,0.));
#3738 = VECTOR('',#3739,1.);
#3739 = DIRECTION('',(-1.,0.));
#3740 = ( GEOMETRIC_REPRESENTATION_CONTEXT(2) 
PARAMETRIC_REPRESENTATION_CONTEXT() REPRESENTATION_CONTEXT('2D SPACE',''
  ) );
#3741 = ORIENTED_EDGE('',*,*,#3742,.T.);
#3742 = EDGE_CURVE('',#3714,#165,#3743,.T.);
#3743 = SURFACE_CURVE('',#3744,(#3749,#3756),.PCURVE_S1.);
#3744 = CIRCLE('',#3745,3.);
#3745 = AXIS2_PLACEMENT_3D('',#3746,#3747,#3748);
#3746 = CARTESIAN_POINT('',(-7.014590927966,7.,0.682285930123));
#3747 = DIRECTION('',(0.,1.,0.));
#3748 = DIRECTION('',(0.,-0.,1.));
#3749 = PCURVE('',#149,#3750);
#3750 = DEFINITIONAL_REPRESENTATION('',(#3751),#3755);
#3751 = CIRCLE('',#3752,3.);
#3752 = AXIS2_PLACEMENT_2D('',#3753,#3754);
#3753 = CARTESIAN_POINT('',(-1.655241075285,-4.377648097096));
#3754 = DIRECTION('',(1.,0.));
#3755 = ( GEOMETRIC_REPRESENTATION_CONTEXT(2) 
PARAMETRIC_REPRESENTATION_CONTEXT() REPRESENTATION_CONTEXT('2D SPACE',''
  ) );
#3756 = PCURVE('',#211,#3757);
#3757 = DEFINITIONAL_REPRESENTATION('',(#3758),#3762);
#3758 = LINE('',#3759,#3760);
#3759 = CARTESIAN_POINT('',(3.14159265359,0.));
#3760 = VECTOR('',#3761,1.);
#3761 = DIRECTION('',(-1.,0.));
#3762 = ( GEOMETRIC_REPRESENTATION_CONTEXT(2) 
PARAMETRIC_REPRESENTATION_CONTEXT() REPRESENTATION_CONTEXT('2D SPACE',''
  ) );
#3763 = ORIENTED_EDGE('',*,*,#164,.T.);
#3764 = ORIENTED_EDGE('',*,*,#3765,.T.);
#3765 = EDGE_CURVE('',#167,#3766,#3768,.T.);
#3766 = VERTEX_POINT('',#3767);
#3767 = CARTESIAN_POINT('',(-7.75597392938,7.,-1.960833599971));
#3768 = SURFACE_CURVE('',#3769,(#3774,#3781),.PCURVE_S1.);
#3769 = CIRCLE('',#3770,8.);
#3770 = AXIS2_PLACEMENT_3D('',#3771,#3772,#3773);
#3771 = CARTESIAN_POINT('',(1.953316134117E-16,7.,-2.229711069055E-16));
#3772 = DIRECTION('',(0.,1.,0.));
#3773 = DIRECTION('',(0.,-0.,1.));
#3774 = PCURVE('',#149,#3775);
#3775 = DEFINITIONAL_REPRESENTATION('',(#3776),#3780);
#3776 = CIRCLE('',#3777,8.);
#3777 = AXIS2_PLACEMENT_2D('',#3778,#3779);
#3778 = CARTESIAN_POINT('',(-2.337527005408,2.63694283087));
#3779 = DIRECTION('',(1.,0.));
#3780 = ( GEOMETRIC_REPRESENTATION_CONTEXT(2) 
PARAMETRIC_REPRESENTATION_CONTEXT() REPRESENTATION_CONTEXT('2D SPACE',''
  ) );
#3781 = PCURVE('',#261,#3782);
#3782 = DEFINITIONAL_REPRESENTATION('',(#3783),#3787);
#3783 = LINE('',#3784,#3785);
#3784 = CARTESIAN_POINT('',(9.424777960769,0.));
#3785 = VECTOR('',#3786,1.);
#3786 = DIRECTION('',(-1.,0.));
#3787 = ( GEOMETRIC_REPRESENTATION_CONTEXT(2) 
PARAMETRIC_REPRESENTATION_CONTEXT() REPRESENTATION_CONTEXT('2D SPACE',''
  ) );
#3788 = ORIENTED_EDGE('',*,*,#3789,.T.);
#3789 = EDGE_CURVE('',#3766,#3790,#3792,.T.);
#3790 = VERTEX_POINT('',#3791);
#3791 = CARTESIAN_POINT('',(-6.743566389459,7.,-1.332737164994));
#3792 = SURFACE_CURVE('',#3793,(#3798,#3805),.PCURVE_S1.);
#3793 = CIRCLE('',#3794,3.);
#3794 = AXIS2_PLACEMENT_3D('',#3795,#3796,#3797);
#3795 = CARTESIAN_POINT('',(-5.699710606731,7.,-4.145274294503));
#3796 = DIRECTION('',(0.,1.,0.));
#3797 = DIRECTION('',(0.,-0.,1.));
#3798 = PCURVE('',#149,#3799);
#3799 = DEFINITIONAL_REPRESENTATION('',(#3800),#3804);
#3800 = CIRCLE('',#3801,3.);
#3801 = AXIS2_PLACEMENT_2D('',#3802,#3803);
#3802 = CARTESIAN_POINT('',(-6.48280129991,-3.062767775861));
#3803 = DIRECTION('',(1.,0.));
#3804 = ( GEOMETRIC_REPRESENTATION_CONTEXT(2) 
PARAMETRIC_REPRESENTATION_CONTEXT() REPRESENTATION_CONTEXT('2D SPACE',''
  ) );
#3805 = PCURVE('',#3806,#3811);
#3806 = CYLINDRICAL_SURFACE('',#3807,3.);
#3807 = AXIS2_PLACEMENT_3D('',#3808,#3809,#3810);
#3808 = CARTESIAN_POINT('',(-5.699710606731,7.,-4.145274294503));
#3809 = DIRECTION('',(-0.,-1.,-0.));
#3810 = DIRECTION('',(0.,0.,-1.));
#3811 = DEFINITIONAL_REPRESENTATION('',(#3812),#3816);
#3812 = LINE('',#3813,#3814);
#3813 = CARTESIAN_POINT('',(9.424777960769,0.));
#3814 = VECTOR('',#3815,1.);
#3815 = DIRECTION('',(-1.,0.));
#3816 = ( GEOMETRIC_REPRESENTATION_CONTEXT(2) 
PARAMETRIC_REPRESENTATION_CONTEXT() REPRESENTATION_CONTEXT('2D SPACE',''
  ) );
#3817 = ORIENTED_EDGE('',*,*,#3818,.T.);
#3818 = EDGE_CURVE('',#3790,#3819,#3821,.T.);
#3819 = VERTEX_POINT('',#3820);
#3820 = CARTESIAN_POINT('',(-6.818393279096,7.,-0.872576123661));
#3821 = SURFACE_CURVE('',#3822,(#3827,#3834),.PCURVE_S1.);
#3822 = CIRCLE('',#3823,6.874);
#3823 = AXIS2_PLACEMENT_3D('',#3824,#3825,#3826);
#3824 = CARTESIAN_POINT('',(1.953316134117E-16,7.,-2.229711069055E-16));
#3825 = DIRECTION('',(0.,1.,0.));
#3826 = DIRECTION('',(0.,-0.,1.));
#3827 = PCURVE('',#149,#3828);
#3828 = DEFINITIONAL_REPRESENTATION('',(#3829),#3833);
#3829 = CIRCLE('',#3830,6.874);
#3830 = AXIS2_PLACEMENT_2D('',#3831,#3832);
#3831 = CARTESIAN_POINT('',(-2.337527005408,2.63694283087));
#3832 = DIRECTION('',(1.,0.));
#3833 = ( GEOMETRIC_REPRESENTATION_CONTEXT(2) 
PARAMETRIC_REPRESENTATION_CONTEXT() REPRESENTATION_CONTEXT('2D SPACE',''
  ) );
#3834 = PCURVE('',#3835,#3840);
#3835 = CYLINDRICAL_SURFACE('',#3836,6.874);
#3836 = AXIS2_PLACEMENT_3D('',#3837,#3838,#3839);
#3837 = CARTESIAN_POINT('',(1.953316134117E-16,7.,-2.229711069055E-16));
#3838 = DIRECTION('',(-0.,-1.,-0.));
#3839 = DIRECTION('',(0.,0.,-1.));
#3840 = DEFINITIONAL_REPRESENTATION('',(#3841),#3845);
#3841 = LINE('',#3842,#3843);
#3842 = CARTESIAN_POINT('',(9.424777960769,0.));
#3843 = VECTOR('',#3844,1.);
#3844 = DIRECTION('',(-1.,0.));
#3845 = ( GEOMETRIC_REPRESENTATION_CONTEXT(2) 
PARAMETRIC_REPRESENTATION_CONTEXT() REPRESENTATION_CONTEXT('2D SPACE',''
  ) );
#3846 = ORIENTED_EDGE('',*,*,#3847,.T.);
#3847 = EDGE_CURVE('',#3819,#3848,#3850,.T.);
#3848 = VERTEX_POINT('',#3849);
#3849 = CARTESIAN_POINT('',(-7.977647361447,7.,-0.597614069785));
#3850 = SURFACE_CURVE('',#3851,(#3856,#3863),.PCURVE_S1.);
#3851 = CIRCLE('',#3852,3.);
#3852 = AXIS2_PLACEMENT_3D('',#3853,#3854,#3855);
#3853 = CARTESIAN_POINT('',(-6.719450064966,7.,2.125791805793));
#3854 = DIRECTION('',(0.,1.,0.));
#3855 = DIRECTION('',(0.,-0.,1.));
#3856 = PCURVE('',#149,#3857);
#3857 = DEFINITIONAL_REPRESENTATION('',(#3858),#3862);
#3858 = CIRCLE('',#3859,3.);
#3859 = AXIS2_PLACEMENT_2D('',#3860,#3861);
#3860 = CARTESIAN_POINT('',(-0.211735199615,-4.082507234096));
#3861 = DIRECTION('',(1.,0.));
#3862 = ( GEOMETRIC_REPRESENTATION_CONTEXT(2) 
PARAMETRIC_REPRESENTATION_CONTEXT() REPRESENTATION_CONTEXT('2D SPACE',''
  ) );
#3863 = PCURVE('',#3864,#3869);
#3864 = CYLINDRICAL_SURFACE('',#3865,3.);
#3865 = AXIS2_PLACEMENT_3D('',#3866,#3867,#3868);
#3866 = CARTESIAN_POINT('',(-6.719450064966,7.,2.125791805793));
#3867 = DIRECTION('',(-0.,-1.,-0.));
#3868 = DIRECTION('',(0.,0.,-1.));
#3869 = DEFINITIONAL_REPRESENTATION('',(#3870),#3874);
#3870 = LINE('',#3871,#3872);
#3871 = CARTESIAN_POINT('',(9.424777960769,0.));
#3872 = VECTOR('',#3873,1.);
#3873 = DIRECTION('',(-1.,0.));
#3874 = ( GEOMETRIC_REPRESENTATION_CONTEXT(2) 
PARAMETRIC_REPRESENTATION_CONTEXT() REPRESENTATION_CONTEXT('2D SPACE',''
  ) );
#3875 = ORIENTED_EDGE('',*,*,#3876,.T.);
#3876 = EDGE_CURVE('',#3848,#3877,#3879,.T.);
#3877 = VERTEX_POINT('',#3878);
#3878 = CARTESIAN_POINT('',(-7.994167519559,7.,-0.305427027654));
#3879 = SURFACE_CURVE('',#3880,(#3885,#3892),.PCURVE_S1.);
#3880 = CIRCLE('',#3881,8.);
#3881 = AXIS2_PLACEMENT_3D('',#3882,#3883,#3884);
#3882 = CARTESIAN_POINT('',(1.953316134117E-16,7.,-2.229711069055E-16));
#3883 = DIRECTION('',(0.,1.,0.));
#3884 = DIRECTION('',(0.,-0.,1.));
#3885 = PCURVE('',#149,#3886);
#3886 = DEFINITIONAL_REPRESENTATION('',(#3887),#3891);
#3887 = CIRCLE('',#3888,8.);
#3888 = AXIS2_PLACEMENT_2D('',#3889,#3890);
#3889 = CARTESIAN_POINT('',(-2.337527005408,2.63694283087));
#3890 = DIRECTION('',(1.,0.));
#3891 = ( GEOMETRIC_REPRESENTATION_CONTEXT(2) 
PARAMETRIC_REPRESENTATION_CONTEXT() REPRESENTATION_CONTEXT('2D SPACE',''
  ) );
#3892 = PCURVE('',#3893,#3898);
#3893 = CYLINDRICAL_SURFACE('',#3894,8.);
#3894 = AXIS2_PLACEMENT_3D('',#3895,#3896,#3897);
#3895 = CARTESIAN_POINT('',(1.953316134117E-16,7.,-2.229711069055E-16));
#3896 = DIRECTION('',(-0.,-1.,-0.));
#3897 = DIRECTION('',(0.,0.,-1.));
#3898 = DEFINITIONAL_REPRESENTATION('',(#3899),#3903);
#3899 = LINE('',#3900,#3901);
#3900 = CARTESIAN_POINT('',(9.424777960769,0.));
#3901 = VECTOR('',#3902,1.);
#3902 = DIRECTION('',(-1.,0.));
#3903 = ( GEOMETRIC_REPRESENTATION_CONTEXT(2) 
PARAMETRIC_REPRESENTATION_CONTEXT() REPRESENTATION_CONTEXT('2D SPACE',''
  ) );
#3904 = ORIENTED_EDGE('',*,*,#3905,.T.);
#3905 = EDGE_CURVE('',#3877,#3906,#3908,.T.);
#3906 = VERTEX_POINT('',#3907);
#3907 = CARTESIAN_POINT('',(-6.873294921628,7.,9.84526298264E-02));
#3908 = SURFACE_CURVE('',#3909,(#3914,#3921),.PCURVE_S1.);
#3909 = CIRCLE('',#3910,3.);
#3910 = AXIS2_PLACEMENT_3D('',#3911,#3912,#3913);
#3911 = CARTESIAN_POINT('',(-6.437009242324,7.,-2.869653636134));
#3912 = DIRECTION('',(0.,1.,0.));
#3913 = DIRECTION('',(0.,-0.,1.));
#3914 = PCURVE('',#149,#3915);
#3915 = DEFINITIONAL_REPRESENTATION('',(#3916),#3920);
#3916 = CIRCLE('',#3917,3.);
#3917 = AXIS2_PLACEMENT_2D('',#3918,#3919);
#3918 = CARTESIAN_POINT('',(-5.207180641542,-3.800066411454));
#3919 = DIRECTION('',(1.,0.));
#3920 = ( GEOMETRIC_REPRESENTATION_CONTEXT(2) 
PARAMETRIC_REPRESENTATION_CONTEXT() REPRESENTATION_CONTEXT('2D SPACE',''
  ) );
#3921 = PCURVE('',#3922,#3927);
#3922 = CYLINDRICAL_SURFACE('',#3923,3.);
#3923 = AXIS2_PLACEMENT_3D('',#3924,#3925,#3926);
#3924 = CARTESIAN_POINT('',(-6.437009242324,7.,-2.869653636134));
#3925 = DIRECTION('',(-0.,-1.,-0.));
#3926 = DIRECTION('',(0.,0.,-1.));
#3927 = DEFINITIONAL_REPRESENTATION('',(#3928),#3932);
#3928 = LINE('',#3929,#3930);
#3929 = CARTESIAN_POINT('',(9.424777960769,0.));
#3930 = VECTOR('',#3931,1.);
#3931 = DIRECTION('',(-1.,0.));
#3932 = ( GEOMETRIC_REPRESENTATION_CONTEXT(2) 
PARAMETRIC_REPRESENTATION_CONTEXT() REPRESENTATION_CONTEXT('2D SPACE',''
  ) );
#3933 = ORIENTED_EDGE('',*,*,#3934,.T.);
#3934 = EDGE_CURVE('',#3906,#3935,#3937,.T.);
#3935 = VERTEX_POINT('',#3936);
#3936 = CARTESIAN_POINT('',(-6.850813804045,7.,0.5641154335));
#3937 = SURFACE_CURVE('',#3938,(#3943,#3950),.PCURVE_S1.);
#3938 = CIRCLE('',#3939,6.874);
#3939 = AXIS2_PLACEMENT_3D('',#3940,#3941,#3942);
#3940 = CARTESIAN_POINT('',(1.953316134117E-16,7.,-2.229711069055E-16));
#3941 = DIRECTION('',(0.,1.,0.));
#3942 = DIRECTION('',(0.,-0.,1.));
#3943 = PCURVE('',#149,#3944);
#3944 = DEFINITIONAL_REPRESENTATION('',(#3945),#3949);
#3945 = CIRCLE('',#3946,6.874);
#3946 = AXIS2_PLACEMENT_2D('',#3947,#3948);
#3947 = CARTESIAN_POINT('',(-2.337527005408,2.63694283087));
#3948 = DIRECTION('',(1.,0.));
#3949 = ( GEOMETRIC_REPRESENTATION_CONTEXT(2) 
PARAMETRIC_REPRESENTATION_CONTEXT() REPRESENTATION_CONTEXT('2D SPACE',''
  ) );
#3950 = PCURVE('',#3951,#3956);
#3951 = CYLINDRICAL_SURFACE('',#3952,6.874);
#3952 = AXIS2_PLACEMENT_3D('',#3953,#3954,#3955);
#3953 = CARTESIAN_POINT('',(1.953316134117E-16,7.,-2.229711069055E-16));
#3954 = DIRECTION('',(-0.,-1.,-0.));
#3955 = DIRECTION('',(0.,0.,-1.));
#3956 = DEFINITIONAL_REPRESENTATION('',(#3957),#3961);
#3957 = LINE('',#3958,#3959);
#3958 = CARTESIAN_POINT('',(9.424777960769,0.));
#3959 = VECTOR('',#3960,1.);
#3960 = DIRECTION('',(-1.,0.));
#3961 = ( GEOMETRIC_REPRESENTATION_CONTEXT(2) 
PARAMETRIC_REPRESENTATION_CONTEXT() REPRESENTATION_CONTEXT('2D SPACE',''
  ) );
#3962 = ORIENTED_EDGE('',*,*,#3963,.T.);
#3963 = EDGE_CURVE('',#3935,#3964,#3966,.T.);
#3964 = VERTEX_POINT('',#3965);
#3965 = CARTESIAN_POINT('',(-7.927567577805,7.,1.074091383142));
#3966 = SURFACE_CURVE('',#3967,(#3972,#3979),.PCURVE_S1.);
#3967 = CIRCLE('',#3968,3.);
#3968 = AXIS2_PLACEMENT_3D('',#3969,#3970,#3971);
#3969 = CARTESIAN_POINT('',(-6.130636990628,7.,3.476390378868));
#3970 = DIRECTION('',(0.,1.,0.));
#3971 = DIRECTION('',(0.,-0.,1.));
#3972 = PCURVE('',#149,#3973);
#3973 = DEFINITIONAL_REPRESENTATION('',(#3974),#3978);
#3974 = CIRCLE('',#3975,3.);
#3975 = AXIS2_PLACEMENT_2D('',#3976,#3977);
#3976 = CARTESIAN_POINT('',(1.13886337346,-3.493694159758));
#3977 = DIRECTION('',(1.,0.));
#3978 = ( GEOMETRIC_REPRESENTATION_CONTEXT(2) 
PARAMETRIC_REPRESENTATION_CONTEXT() REPRESENTATION_CONTEXT('2D SPACE',''
  ) );
#3979 = PCURVE('',#3980,#3985);
#3980 = CYLINDRICAL_SURFACE('',#3981,3.);
#3981 = AXIS2_PLACEMENT_3D('',#3982,#3983,#3984);
#3982 = CARTESIAN_POINT('',(-6.130636990628,7.,3.476390378868));
#3983 = DIRECTION('',(-0.,-1.,-0.));
#3984 = DIRECTION('',(0.,0.,-1.));
#3985 = DEFINITIONAL_REPRESENTATION('',(#3986),#3990);
#3986 = LINE('',#3987,#3988);
#3987 = CARTESIAN_POINT('',(9.424777960769,0.));
#3988 = VECTOR('',#3989,1.);
#3989 = DIRECTION('',(-1.,0.));
#3990 = ( GEOMETRIC_REPRESENTATION_CONTEXT(2) 
PARAMETRIC_REPRESENTATION_CONTEXT() REPRESENTATION_CONTEXT('2D SPACE',''
  ) );
#3991 = ORIENTED_EDGE('',*,*,#3992,.T.);
#3992 = EDGE_CURVE('',#3964,#3993,#3995,.T.);
#3993 = VERTEX_POINT('',#3994);
#3994 = CARTESIAN_POINT('',(-7.882977628862,7.,1.363328171373));
#3995 = SURFACE_CURVE('',#3996,(#4001,#4008),.PCURVE_S1.);
#3996 = CIRCLE('',#3997,8.);
#3997 = AXIS2_PLACEMENT_3D('',#3998,#3999,#4000);
#3998 = CARTESIAN_POINT('',(1.953316134117E-16,7.,-2.229711069055E-16));
#3999 = DIRECTION('',(0.,1.,0.));
#4000 = DIRECTION('',(0.,-0.,1.));
#4001 = PCURVE('',#149,#4002);
#4002 = DEFINITIONAL_REPRESENTATION('',(#4003),#4007);
#4003 = CIRCLE('',#4004,8.);
#4004 = AXIS2_PLACEMENT_2D('',#4005,#4006);
#4005 = CARTESIAN_POINT('',(-2.337527005408,2.63694283087));
#4006 = DIRECTION('',(1.,0.));
#4007 = ( GEOMETRIC_REPRESENTATION_CONTEXT(2) 
PARAMETRIC_REPRESENTATION_CONTEXT() REPRESENTATION_CONTEXT('2D SPACE',''
  ) );
#4008 = PCURVE('',#4009,#4014);
#4009 = CYLINDRICAL_SURFACE('',#4010,8.);
#4010 = AXIS2_PLACEMENT_3D('',#4011,#4012,#4013);
#4011 = CARTESIAN_POINT('',(1.953316134117E-16,7.,-2.229711069055E-16));
#4012 = DIRECTION('',(-0.,-1.,-0.));
#4013 = DIRECTION('',(0.,0.,-1.));
#4014 = DEFINITIONAL_REPRESENTATION('',(#4015),#4019);
#4015 = LINE('',#4016,#4017);
#4016 = CARTESIAN_POINT('',(9.424777960769,0.));
#4017 = VECTOR('',#4018,1.);
#4018 = DIRECTION('',(-1.,0.));
#4019 = ( GEOMETRIC_REPRESENTATION_CONTEXT(2) 
PARAMETRIC_REPRESENTATION_CONTEXT() REPRESENTATION_CONTEXT('2D SPACE',''
  ) );
#4020 = ORIENTED_EDGE('',*,*,#4021,.T.);
#4021 = EDGE_CURVE('',#3993,#613,#4022,.T.);
#4022 = SURFACE_CURVE('',#4023,(#4028,#4035),.PCURVE_S1.);
#4023 = CIRCLE('',#4024,3.);
#4024 = AXIS2_PLACEMENT_3D('',#4025,#4026,#4027);
#4025 = CARTESIAN_POINT('',(-6.892979685831,7.,-1.46861534374));
#4026 = DIRECTION('',(0.,1.,0.));
#4027 = DIRECTION('',(0.,-0.,1.));
#4028 = PCURVE('',#149,#4029);
#4029 = DEFINITIONAL_REPRESENTATION('',(#4030),#4034);
#4030 = CIRCLE('',#4031,3.);
#4031 = AXIS2_PLACEMENT_2D('',#4032,#4033);
#4032 = CARTESIAN_POINT('',(-3.806142349148,-4.256036854961));
#4033 = DIRECTION('',(1.,0.));
#4034 = ( GEOMETRIC_REPRESENTATION_CONTEXT(2) 
PARAMETRIC_REPRESENTATION_CONTEXT() REPRESENTATION_CONTEXT('2D SPACE',''
  ) );
#4035 = PCURVE('',#4036,#4041);
#4036 = CYLINDRICAL_SURFACE('',#4037,3.);
#4037 = AXIS2_PLACEMENT_3D('',#4038,#4039,#4040);
#4038 = CARTESIAN_POINT('',(-6.892979685831,7.,-1.46861534374));
#4039 = DIRECTION('',(-0.,-1.,-0.));
#4040 = DIRECTION('',(0.,0.,-1.));
#4041 = DEFINITIONAL_REPRESENTATION('',(#4042),#4046);
#4042 = LINE('',#4043,#4044);
#4043 = CARTESIAN_POINT('',(9.424777960769,0.));
#4044 = VECTOR('',#4045,1.);
#4045 = DIRECTION('',(-1.,0.));
#4046 = ( GEOMETRIC_REPRESENTATION_CONTEXT(2) 
PARAMETRIC_REPRESENTATION_CONTEXT() REPRESENTATION_CONTEXT('2D SPACE',''
  ) );
#4047 = FACE_BOUND('',#4048,.T.);
#4048 = EDGE_LOOP('',(#4049,#4050));
#4049 = ORIENTED_EDGE('',*,*,#134,.F.);
#4050 = ORIENTED_EDGE('',*,*,#4051,.F.);
#4051 = EDGE_CURVE('',#112,#48,#4052,.T.);
#4052 = SURFACE_CURVE('',#4053,(#4058,#4065),.PCURVE_S1.);
#4053 = CIRCLE('',#4054,3.);
#4054 = AXIS2_PLACEMENT_3D('',#4055,#4056,#4057);
#4055 = CARTESIAN_POINT('',(1.953316134117E-16,7.,-2.229711069055E-16));
#4056 = DIRECTION('',(0.,1.,0.));
#4057 = DIRECTION('',(0.,-0.,1.));
#4058 = PCURVE('',#149,#4059);
#4059 = DEFINITIONAL_REPRESENTATION('',(#4060),#4064);
#4060 = CIRCLE('',#4061,3.);
#4061 = AXIS2_PLACEMENT_2D('',#4062,#4063);
#4062 = CARTESIAN_POINT('',(-2.337527005408,2.63694283087));
#4063 = DIRECTION('',(1.,0.));
#4064 = ( GEOMETRIC_REPRESENTATION_CONTEXT(2) 
PARAMETRIC_REPRESENTATION_CONTEXT() REPRESENTATION_CONTEXT('2D SPACE',''
  ) );
#4065 = PCURVE('',#70,#4066);
#4066 = DEFINITIONAL_REPRESENTATION('',(#4067),#4071);
#4067 = LINE('',#4068,#4069);
#4068 = CARTESIAN_POINT('',(3.14159265359,0.));
#4069 = VECTOR('',#4070,1.);
#4070 = DIRECTION('',(-1.,0.));
#4071 = ( GEOMETRIC_REPRESENTATION_CONTEXT(2) 
PARAMETRIC_REPRESENTATION_CONTEXT() REPRESENTATION_CONTEXT('2D SPACE',''
  ) );
#4072 = ADVANCED_FACE('',(#4073,#6951),#99,.F.);
#4073 = FACE_BOUND('',#4074,.T.);
#4074 = EDGE_LOOP('',(#4075,#4101,#4125,#4149,#4173,#4197,#4221,#4245,
    #4269,#4293,#4317,#4339,#4340,#4364,#4388,#4412,#4434,#4435,#4459,
    #4483,#4507,#4531,#4555,#4579,#4603,#4627,#4651,#4675,#4699,#4723,
    #4747,#4771,#4795,#4819,#4843,#4867,#4891,#4915,#4939,#4963,#4987,
    #5011,#5035,#5059,#5083,#5107,#5131,#5155,#5179,#5203,#5227,#5251,
    #5275,#5299,#5323,#5347,#5371,#5395,#5419,#5441,#5442,#5466,#5490,
    #5514,#5536,#5537,#5561,#5585,#5609,#5633,#5657,#5681,#5705,#5729,
    #5753,#5777,#5801,#5825,#5849,#5873,#5897,#5921,#5945,#5969,#5993,
    #6017,#6041,#6065,#6089,#6113,#6137,#6161,#6185,#6209,#6233,#6257,
    #6281,#6305,#6329,#6353,#6377,#6401,#6425,#6449,#6473,#6497,#6521,
    #6545,#6569,#6593,#6617,#6641,#6665,#6689,#6713,#6737,#6761,#6785,
    #6809,#6833,#6857,#6881,#6905,#6929));
#4075 = ORIENTED_EDGE('',*,*,#4076,.F.);
#4076 = EDGE_CURVE('',#4077,#4079,#4081,.T.);
#4077 = VERTEX_POINT('',#4078);
#4078 = CARTESIAN_POINT('',(-6.702627483994,0.,1.525339572295));
#4079 = VERTEX_POINT('',#4080);
#4080 = CARTESIAN_POINT('',(-6.583820891905,0.,1.976152439292));
#4081 = SURFACE_CURVE('',#4082,(#4087,#4094),.PCURVE_S1.);
#4082 = CIRCLE('',#4083,6.874);
#4083 = AXIS2_PLACEMENT_3D('',#4084,#4085,#4086);
#4084 = CARTESIAN_POINT('',(1.953316134117E-16,0.,-2.229711069055E-16));
#4085 = DIRECTION('',(0.,1.,0.));
#4086 = DIRECTION('',(0.,-0.,1.));
#4087 = PCURVE('',#99,#4088);
#4088 = DEFINITIONAL_REPRESENTATION('',(#4089),#4093);
#4089 = CIRCLE('',#4090,6.874);
#4090 = AXIS2_PLACEMENT_2D('',#4091,#4092);
#4091 = CARTESIAN_POINT('',(-2.337527005408,2.63694283087));
#4092 = DIRECTION('',(1.,0.));
#4093 = ( GEOMETRIC_REPRESENTATION_CONTEXT(2) 
PARAMETRIC_REPRESENTATION_CONTEXT() REPRESENTATION_CONTEXT('2D SPACE',''
  ) );
#4094 = PCURVE('',#631,#4095);
#4095 = DEFINITIONAL_REPRESENTATION('',(#4096),#4100);
#4096 = LINE('',#4097,#4098);
#4097 = CARTESIAN_POINT('',(9.424777960769,7.));
#4098 = VECTOR('',#4099,1.);
#4099 = DIRECTION('',(-1.,0.));
#4100 = ( GEOMETRIC_REPRESENTATION_CONTEXT(2) 
PARAMETRIC_REPRESENTATION_CONTEXT() REPRESENTATION_CONTEXT('2D SPACE',''
  ) );
#4101 = ORIENTED_EDGE('',*,*,#4102,.F.);
#4102 = EDGE_CURVE('',#4103,#4077,#4105,.T.);
#4103 = VERTEX_POINT('',#4104);
#4104 = CARTESIAN_POINT('',(-7.882977628862,0.,1.363328171373));
#4105 = SURFACE_CURVE('',#4106,(#4111,#4118),.PCURVE_S1.);
#4106 = CIRCLE('',#4107,3.);
#4107 = AXIS2_PLACEMENT_3D('',#4108,#4109,#4110);
#4108 = CARTESIAN_POINT('',(-6.892979685831,0.,-1.46861534374));
#4109 = DIRECTION('',(0.,1.,0.));
#4110 = DIRECTION('',(0.,-0.,1.));
#4111 = PCURVE('',#99,#4112);
#4112 = DEFINITIONAL_REPRESENTATION('',(#4113),#4117);
#4113 = CIRCLE('',#4114,3.);
#4114 = AXIS2_PLACEMENT_2D('',#4115,#4116);
#4115 = CARTESIAN_POINT('',(-3.806142349148,-4.256036854961));
#4116 = DIRECTION('',(1.,0.));
#4117 = ( GEOMETRIC_REPRESENTATION_CONTEXT(2) 
PARAMETRIC_REPRESENTATION_CONTEXT() REPRESENTATION_CONTEXT('2D SPACE',''
  ) );
#4118 = PCURVE('',#4036,#4119);
#4119 = DEFINITIONAL_REPRESENTATION('',(#4120),#4124);
#4120 = LINE('',#4121,#4122);
#4121 = CARTESIAN_POINT('',(9.424777960769,7.));
#4122 = VECTOR('',#4123,1.);
#4123 = DIRECTION('',(-1.,0.));
#4124 = ( GEOMETRIC_REPRESENTATION_CONTEXT(2) 
PARAMETRIC_REPRESENTATION_CONTEXT() REPRESENTATION_CONTEXT('2D SPACE',''
  ) );
#4125 = ORIENTED_EDGE('',*,*,#4126,.F.);
#4126 = EDGE_CURVE('',#4127,#4103,#4129,.T.);
#4127 = VERTEX_POINT('',#4128);
#4128 = CARTESIAN_POINT('',(-7.927567577805,0.,1.074091383142));
#4129 = SURFACE_CURVE('',#4130,(#4135,#4142),.PCURVE_S1.);
#4130 = CIRCLE('',#4131,8.);
#4131 = AXIS2_PLACEMENT_3D('',#4132,#4133,#4134);
#4132 = CARTESIAN_POINT('',(1.953316134117E-16,0.,-2.229711069055E-16));
#4133 = DIRECTION('',(0.,1.,0.));
#4134 = DIRECTION('',(0.,-0.,1.));
#4135 = PCURVE('',#99,#4136);
#4136 = DEFINITIONAL_REPRESENTATION('',(#4137),#4141);
#4137 = CIRCLE('',#4138,8.);
#4138 = AXIS2_PLACEMENT_2D('',#4139,#4140);
#4139 = CARTESIAN_POINT('',(-2.337527005408,2.63694283087));
#4140 = DIRECTION('',(1.,0.));
#4141 = ( GEOMETRIC_REPRESENTATION_CONTEXT(2) 
PARAMETRIC_REPRESENTATION_CONTEXT() REPRESENTATION_CONTEXT('2D SPACE',''
  ) );
#4142 = PCURVE('',#4009,#4143);
#4143 = DEFINITIONAL_REPRESENTATION('',(#4144),#4148);
#4144 = LINE('',#4145,#4146);
#4145 = CARTESIAN_POINT('',(9.424777960769,7.));
#4146 = VECTOR('',#4147,1.);
#4147 = DIRECTION('',(-1.,0.));
#4148 = ( GEOMETRIC_REPRESENTATION_CONTEXT(2) 
PARAMETRIC_REPRESENTATION_CONTEXT() REPRESENTATION_CONTEXT('2D SPACE',''
  ) );
#4149 = ORIENTED_EDGE('',*,*,#4150,.F.);
#4150 = EDGE_CURVE('',#4151,#4127,#4153,.T.);
#4151 = VERTEX_POINT('',#4152);
#4152 = CARTESIAN_POINT('',(-6.850813804045,0.,0.5641154335));
#4153 = SURFACE_CURVE('',#4154,(#4159,#4166),.PCURVE_S1.);
#4154 = CIRCLE('',#4155,3.);
#4155 = AXIS2_PLACEMENT_3D('',#4156,#4157,#4158);
#4156 = CARTESIAN_POINT('',(-6.130636990628,0.,3.476390378868));
#4157 = DIRECTION('',(0.,1.,0.));
#4158 = DIRECTION('',(0.,-0.,1.));
#4159 = PCURVE('',#99,#4160);
#4160 = DEFINITIONAL_REPRESENTATION('',(#4161),#4165);
#4161 = CIRCLE('',#4162,3.);
#4162 = AXIS2_PLACEMENT_2D('',#4163,#4164);
#4163 = CARTESIAN_POINT('',(1.13886337346,-3.493694159758));
#4164 = DIRECTION('',(1.,0.));
#4165 = ( GEOMETRIC_REPRESENTATION_CONTEXT(2) 
PARAMETRIC_REPRESENTATION_CONTEXT() REPRESENTATION_CONTEXT('2D SPACE',''
  ) );
#4166 = PCURVE('',#3980,#4167);
#4167 = DEFINITIONAL_REPRESENTATION('',(#4168),#4172);
#4168 = LINE('',#4169,#4170);
#4169 = CARTESIAN_POINT('',(9.424777960769,7.));
#4170 = VECTOR('',#4171,1.);
#4171 = DIRECTION('',(-1.,0.));
#4172 = ( GEOMETRIC_REPRESENTATION_CONTEXT(2) 
PARAMETRIC_REPRESENTATION_CONTEXT() REPRESENTATION_CONTEXT('2D SPACE',''
  ) );
#4173 = ORIENTED_EDGE('',*,*,#4174,.F.);
#4174 = EDGE_CURVE('',#4175,#4151,#4177,.T.);
#4175 = VERTEX_POINT('',#4176);
#4176 = CARTESIAN_POINT('',(-6.873294921628,0.,9.84526298264E-02));
#4177 = SURFACE_CURVE('',#4178,(#4183,#4190),.PCURVE_S1.);
#4178 = CIRCLE('',#4179,6.874);
#4179 = AXIS2_PLACEMENT_3D('',#4180,#4181,#4182);
#4180 = CARTESIAN_POINT('',(1.953316134117E-16,0.,-2.229711069055E-16));
#4181 = DIRECTION('',(0.,1.,0.));
#4182 = DIRECTION('',(0.,-0.,1.));
#4183 = PCURVE('',#99,#4184);
#4184 = DEFINITIONAL_REPRESENTATION('',(#4185),#4189);
#4185 = CIRCLE('',#4186,6.874);
#4186 = AXIS2_PLACEMENT_2D('',#4187,#4188);
#4187 = CARTESIAN_POINT('',(-2.337527005408,2.63694283087));
#4188 = DIRECTION('',(1.,0.));
#4189 = ( GEOMETRIC_REPRESENTATION_CONTEXT(2) 
PARAMETRIC_REPRESENTATION_CONTEXT() REPRESENTATION_CONTEXT('2D SPACE',''
  ) );
#4190 = PCURVE('',#3951,#4191);
#4191 = DEFINITIONAL_REPRESENTATION('',(#4192),#4196);
#4192 = LINE('',#4193,#4194);
#4193 = CARTESIAN_POINT('',(9.424777960769,7.));
#4194 = VECTOR('',#4195,1.);
#4195 = DIRECTION('',(-1.,0.));
#4196 = ( GEOMETRIC_REPRESENTATION_CONTEXT(2) 
PARAMETRIC_REPRESENTATION_CONTEXT() REPRESENTATION_CONTEXT('2D SPACE',''
  ) );
#4197 = ORIENTED_EDGE('',*,*,#4198,.F.);
#4198 = EDGE_CURVE('',#4199,#4175,#4201,.T.);
#4199 = VERTEX_POINT('',#4200);
#4200 = CARTESIAN_POINT('',(-7.994167519559,0.,-0.305427027654));
#4201 = SURFACE_CURVE('',#4202,(#4207,#4214),.PCURVE_S1.);
#4202 = CIRCLE('',#4203,3.);
#4203 = AXIS2_PLACEMENT_3D('',#4204,#4205,#4206);
#4204 = CARTESIAN_POINT('',(-6.437009242324,0.,-2.869653636134));
#4205 = DIRECTION('',(0.,1.,0.));
#4206 = DIRECTION('',(0.,-0.,1.));
#4207 = PCURVE('',#99,#4208);
#4208 = DEFINITIONAL_REPRESENTATION('',(#4209),#4213);
#4209 = CIRCLE('',#4210,3.);
#4210 = AXIS2_PLACEMENT_2D('',#4211,#4212);
#4211 = CARTESIAN_POINT('',(-5.207180641542,-3.800066411454));
#4212 = DIRECTION('',(1.,0.));
#4213 = ( GEOMETRIC_REPRESENTATION_CONTEXT(2) 
PARAMETRIC_REPRESENTATION_CONTEXT() REPRESENTATION_CONTEXT('2D SPACE',''
  ) );
#4214 = PCURVE('',#3922,#4215);
#4215 = DEFINITIONAL_REPRESENTATION('',(#4216),#4220);
#4216 = LINE('',#4217,#4218);
#4217 = CARTESIAN_POINT('',(9.424777960769,7.));
#4218 = VECTOR('',#4219,1.);
#4219 = DIRECTION('',(-1.,0.));
#4220 = ( GEOMETRIC_REPRESENTATION_CONTEXT(2) 
PARAMETRIC_REPRESENTATION_CONTEXT() REPRESENTATION_CONTEXT('2D SPACE',''
  ) );
#4221 = ORIENTED_EDGE('',*,*,#4222,.F.);
#4222 = EDGE_CURVE('',#4223,#4199,#4225,.T.);
#4223 = VERTEX_POINT('',#4224);
#4224 = CARTESIAN_POINT('',(-7.977647361447,0.,-0.597614069785));
#4225 = SURFACE_CURVE('',#4226,(#4231,#4238),.PCURVE_S1.);
#4226 = CIRCLE('',#4227,8.);
#4227 = AXIS2_PLACEMENT_3D('',#4228,#4229,#4230);
#4228 = CARTESIAN_POINT('',(1.953316134117E-16,0.,-2.229711069055E-16));
#4229 = DIRECTION('',(0.,1.,0.));
#4230 = DIRECTION('',(0.,-0.,1.));
#4231 = PCURVE('',#99,#4232);
#4232 = DEFINITIONAL_REPRESENTATION('',(#4233),#4237);
#4233 = CIRCLE('',#4234,8.);
#4234 = AXIS2_PLACEMENT_2D('',#4235,#4236);
#4235 = CARTESIAN_POINT('',(-2.337527005408,2.63694283087));
#4236 = DIRECTION('',(1.,0.));
#4237 = ( GEOMETRIC_REPRESENTATION_CONTEXT(2) 
PARAMETRIC_REPRESENTATION_CONTEXT() REPRESENTATION_CONTEXT('2D SPACE',''
  ) );
#4238 = PCURVE('',#3893,#4239);
#4239 = DEFINITIONAL_REPRESENTATION('',(#4240),#4244);
#4240 = LINE('',#4241,#4242);
#4241 = CARTESIAN_POINT('',(9.424777960769,7.));
#4242 = VECTOR('',#4243,1.);
#4243 = DIRECTION('',(-1.,0.));
#4244 = ( GEOMETRIC_REPRESENTATION_CONTEXT(2) 
PARAMETRIC_REPRESENTATION_CONTEXT() REPRESENTATION_CONTEXT('2D SPACE',''
  ) );
#4245 = ORIENTED_EDGE('',*,*,#4246,.F.);
#4246 = EDGE_CURVE('',#4247,#4223,#4249,.T.);
#4247 = VERTEX_POINT('',#4248);
#4248 = CARTESIAN_POINT('',(-6.818393279096,0.,-0.872576123661));
#4249 = SURFACE_CURVE('',#4250,(#4255,#4262),.PCURVE_S1.);
#4250 = CIRCLE('',#4251,3.);
#4251 = AXIS2_PLACEMENT_3D('',#4252,#4253,#4254);
#4252 = CARTESIAN_POINT('',(-6.719450064966,0.,2.125791805793));
#4253 = DIRECTION('',(0.,1.,0.));
#4254 = DIRECTION('',(0.,-0.,1.));
#4255 = PCURVE('',#99,#4256);
#4256 = DEFINITIONAL_REPRESENTATION('',(#4257),#4261);
#4257 = CIRCLE('',#4258,3.);
#4258 = AXIS2_PLACEMENT_2D('',#4259,#4260);
#4259 = CARTESIAN_POINT('',(-0.211735199615,-4.082507234096));
#4260 = DIRECTION('',(1.,0.));
#4261 = ( GEOMETRIC_REPRESENTATION_CONTEXT(2) 
PARAMETRIC_REPRESENTATION_CONTEXT() REPRESENTATION_CONTEXT('2D SPACE',''
  ) );
#4262 = PCURVE('',#3864,#4263);
#4263 = DEFINITIONAL_REPRESENTATION('',(#4264),#4268);
#4264 = LINE('',#4265,#4266);
#4265 = CARTESIAN_POINT('',(9.424777960769,7.));
#4266 = VECTOR('',#4267,1.);
#4267 = DIRECTION('',(-1.,0.));
#4268 = ( GEOMETRIC_REPRESENTATION_CONTEXT(2) 
PARAMETRIC_REPRESENTATION_CONTEXT() REPRESENTATION_CONTEXT('2D SPACE',''
  ) );
#4269 = ORIENTED_EDGE('',*,*,#4270,.F.);
#4270 = EDGE_CURVE('',#4271,#4247,#4273,.T.);
#4271 = VERTEX_POINT('',#4272);
#4272 = CARTESIAN_POINT('',(-6.743566389459,0.,-1.332737164994));
#4273 = SURFACE_CURVE('',#4274,(#4279,#4286),.PCURVE_S1.);
#4274 = CIRCLE('',#4275,6.874);
#4275 = AXIS2_PLACEMENT_3D('',#4276,#4277,#4278);
#4276 = CARTESIAN_POINT('',(1.953316134117E-16,0.,-2.229711069055E-16));
#4277 = DIRECTION('',(0.,1.,0.));
#4278 = DIRECTION('',(0.,-0.,1.));
#4279 = PCURVE('',#99,#4280);
#4280 = DEFINITIONAL_REPRESENTATION('',(#4281),#4285);
#4281 = CIRCLE('',#4282,6.874);
#4282 = AXIS2_PLACEMENT_2D('',#4283,#4284);
#4283 = CARTESIAN_POINT('',(-2.337527005408,2.63694283087));
#4284 = DIRECTION('',(1.,0.));
#4285 = ( GEOMETRIC_REPRESENTATION_CONTEXT(2) 
PARAMETRIC_REPRESENTATION_CONTEXT() REPRESENTATION_CONTEXT('2D SPACE',''
  ) );
#4286 = PCURVE('',#3835,#4287);
#4287 = DEFINITIONAL_REPRESENTATION('',(#4288),#4292);
#4288 = LINE('',#4289,#4290);
#4289 = CARTESIAN_POINT('',(9.424777960769,7.));
#4290 = VECTOR('',#4291,1.);
#4291 = DIRECTION('',(-1.,0.));
#4292 = ( GEOMETRIC_REPRESENTATION_CONTEXT(2) 
PARAMETRIC_REPRESENTATION_CONTEXT() REPRESENTATION_CONTEXT('2D SPACE',''
  ) );
#4293 = ORIENTED_EDGE('',*,*,#4294,.F.);
#4294 = EDGE_CURVE('',#4295,#4271,#4297,.T.);
#4295 = VERTEX_POINT('',#4296);
#4296 = CARTESIAN_POINT('',(-7.75597392938,0.,-1.960833599971));
#4297 = SURFACE_CURVE('',#4298,(#4303,#4310),.PCURVE_S1.);
#4298 = CIRCLE('',#4299,3.);
#4299 = AXIS2_PLACEMENT_3D('',#4300,#4301,#4302);
#4300 = CARTESIAN_POINT('',(-5.699710606731,0.,-4.145274294503));
#4301 = DIRECTION('',(0.,1.,0.));
#4302 = DIRECTION('',(0.,-0.,1.));
#4303 = PCURVE('',#99,#4304);
#4304 = DEFINITIONAL_REPRESENTATION('',(#4305),#4309);
#4305 = CIRCLE('',#4306,3.);
#4306 = AXIS2_PLACEMENT_2D('',#4307,#4308);
#4307 = CARTESIAN_POINT('',(-6.48280129991,-3.062767775861));
#4308 = DIRECTION('',(1.,0.));
#4309 = ( GEOMETRIC_REPRESENTATION_CONTEXT(2) 
PARAMETRIC_REPRESENTATION_CONTEXT() REPRESENTATION_CONTEXT('2D SPACE',''
  ) );
#4310 = PCURVE('',#3806,#4311);
#4311 = DEFINITIONAL_REPRESENTATION('',(#4312),#4316);
#4312 = LINE('',#4313,#4314);
#4313 = CARTESIAN_POINT('',(9.424777960769,7.));
#4314 = VECTOR('',#4315,1.);
#4315 = DIRECTION('',(-1.,0.));
#4316 = ( GEOMETRIC_REPRESENTATION_CONTEXT(2) 
PARAMETRIC_REPRESENTATION_CONTEXT() REPRESENTATION_CONTEXT('2D SPACE',''
  ) );
#4317 = ORIENTED_EDGE('',*,*,#4318,.F.);
#4318 = EDGE_CURVE('',#224,#4295,#4319,.T.);
#4319 = SURFACE_CURVE('',#4320,(#4325,#4332),.PCURVE_S1.);
#4320 = CIRCLE('',#4321,8.);
#4321 = AXIS2_PLACEMENT_3D('',#4322,#4323,#4324);
#4322 = CARTESIAN_POINT('',(1.953316134117E-16,0.,-2.229711069055E-16));
#4323 = DIRECTION('',(0.,1.,0.));
#4324 = DIRECTION('',(0.,-0.,1.));
#4325 = PCURVE('',#99,#4326);
#4326 = DEFINITIONAL_REPRESENTATION('',(#4327),#4331);
#4327 = CIRCLE('',#4328,8.);
#4328 = AXIS2_PLACEMENT_2D('',#4329,#4330);
#4329 = CARTESIAN_POINT('',(-2.337527005408,2.63694283087));
#4330 = DIRECTION('',(1.,0.));
#4331 = ( GEOMETRIC_REPRESENTATION_CONTEXT(2) 
PARAMETRIC_REPRESENTATION_CONTEXT() REPRESENTATION_CONTEXT('2D SPACE',''
  ) );
#4332 = PCURVE('',#261,#4333);
#4333 = DEFINITIONAL_REPRESENTATION('',(#4334),#4338);
#4334 = LINE('',#4335,#4336);
#4335 = CARTESIAN_POINT('',(9.424777960769,7.));
#4336 = VECTOR('',#4337,1.);
#4337 = DIRECTION('',(-1.,0.));
#4338 = ( GEOMETRIC_REPRESENTATION_CONTEXT(2) 
PARAMETRIC_REPRESENTATION_CONTEXT() REPRESENTATION_CONTEXT('2D SPACE',''
  ) );
#4339 = ORIENTED_EDGE('',*,*,#223,.F.);
#4340 = ORIENTED_EDGE('',*,*,#4341,.F.);
#4341 = EDGE_CURVE('',#4342,#196,#4344,.T.);
#4342 = VERTEX_POINT('',#4343);
#4343 = CARTESIAN_POINT('',(-6.487976249569,0.,-2.271131917134));
#4344 = SURFACE_CURVE('',#4345,(#4350,#4357),.PCURVE_S1.);
#4345 = CIRCLE('',#4346,3.);
#4346 = AXIS2_PLACEMENT_3D('',#4347,#4348,#4349);
#4347 = CARTESIAN_POINT('',(-7.014590927966,0.,0.682285930123));
#4348 = DIRECTION('',(0.,1.,0.));
#4349 = DIRECTION('',(0.,-0.,1.));
#4350 = PCURVE('',#99,#4351);
#4351 = DEFINITIONAL_REPRESENTATION('',(#4352),#4356);
#4352 = CIRCLE('',#4353,3.);
#4353 = AXIS2_PLACEMENT_2D('',#4354,#4355);
#4354 = CARTESIAN_POINT('',(-1.655241075285,-4.377648097096));
#4355 = DIRECTION('',(1.,0.));
#4356 = ( GEOMETRIC_REPRESENTATION_CONTEXT(2) 
PARAMETRIC_REPRESENTATION_CONTEXT() REPRESENTATION_CONTEXT('2D SPACE',''
  ) );
#4357 = PCURVE('',#211,#4358);
#4358 = DEFINITIONAL_REPRESENTATION('',(#4359),#4363);
#4359 = LINE('',#4360,#4361);
#4360 = CARTESIAN_POINT('',(3.14159265359,7.));
#4361 = VECTOR('',#4362,1.);
#4362 = DIRECTION('',(-1.,0.));
#4363 = ( GEOMETRIC_REPRESENTATION_CONTEXT(2) 
PARAMETRIC_REPRESENTATION_CONTEXT() REPRESENTATION_CONTEXT('2D SPACE',''
  ) );
#4364 = ORIENTED_EDGE('',*,*,#4365,.F.);
#4365 = EDGE_CURVE('',#4366,#4342,#4368,.T.);
#4366 = VERTEX_POINT('',#4367);
#4367 = CARTESIAN_POINT('',(-6.319111646849,0.,-2.705679950522));
#4368 = SURFACE_CURVE('',#4369,(#4374,#4381),.PCURVE_S1.);
#4369 = CIRCLE('',#4370,6.874);
#4370 = AXIS2_PLACEMENT_3D('',#4371,#4372,#4373);
#4371 = CARTESIAN_POINT('',(1.953316134117E-16,0.,-2.229711069055E-16));
#4372 = DIRECTION('',(0.,1.,0.));
#4373 = DIRECTION('',(0.,-0.,1.));
#4374 = PCURVE('',#99,#4375);
#4375 = DEFINITIONAL_REPRESENTATION('',(#4376),#4380);
#4376 = CIRCLE('',#4377,6.874);
#4377 = AXIS2_PLACEMENT_2D('',#4378,#4379);
#4378 = CARTESIAN_POINT('',(-2.337527005408,2.63694283087));
#4379 = DIRECTION('',(1.,0.));
#4380 = ( GEOMETRIC_REPRESENTATION_CONTEXT(2) 
PARAMETRIC_REPRESENTATION_CONTEXT() REPRESENTATION_CONTEXT('2D SPACE',''
  ) );
#4381 = PCURVE('',#3730,#4382);
#4382 = DEFINITIONAL_REPRESENTATION('',(#4383),#4387);
#4383 = LINE('',#4384,#4385);
#4384 = CARTESIAN_POINT('',(9.424777960769,7.));
#4385 = VECTOR('',#4386,1.);
#4386 = DIRECTION('',(-1.,0.));
#4387 = ( GEOMETRIC_REPRESENTATION_CONTEXT(2) 
PARAMETRIC_REPRESENTATION_CONTEXT() REPRESENTATION_CONTEXT('2D SPACE',''
  ) );
#4388 = ORIENTED_EDGE('',*,*,#4389,.F.);
#4389 = EDGE_CURVE('',#4390,#4366,#4392,.T.);
#4390 = VERTEX_POINT('',#4391);
#4391 = CARTESIAN_POINT('',(-7.178807061195,0.,-3.530542334846));
#4392 = SURFACE_CURVE('',#4393,(#4398,#4405),.PCURVE_S1.);
#4393 = CIRCLE('',#4394,3.);
#4394 = AXIS2_PLACEMENT_3D('',#4395,#4396,#4397);
#4395 = CARTESIAN_POINT('',(-4.713307267377,0.,-5.239726574969));
#4396 = DIRECTION('',(0.,1.,0.));
#4397 = DIRECTION('',(0.,-0.,1.));
#4398 = PCURVE('',#99,#4399);
#4399 = DEFINITIONAL_REPRESENTATION('',(#4400),#4404);
#4400 = CIRCLE('',#4401,3.);
#4401 = AXIS2_PLACEMENT_2D('',#4402,#4403);
#4402 = CARTESIAN_POINT('',(-7.577253580376,-2.076364436507));
#4403 = DIRECTION('',(1.,0.));
#4404 = ( GEOMETRIC_REPRESENTATION_CONTEXT(2) 
PARAMETRIC_REPRESENTATION_CONTEXT() REPRESENTATION_CONTEXT('2D SPACE',''
  ) );
#4405 = PCURVE('',#3701,#4406);
#4406 = DEFINITIONAL_REPRESENTATION('',(#4407),#4411);
#4407 = LINE('',#4408,#4409);
#4408 = CARTESIAN_POINT('',(9.424777960769,7.));
#4409 = VECTOR('',#4410,1.);
#4410 = DIRECTION('',(-1.,0.));
#4411 = ( GEOMETRIC_REPRESENTATION_CONTEXT(2) 
PARAMETRIC_REPRESENTATION_CONTEXT() REPRESENTATION_CONTEXT('2D SPACE',''
  ) );
#4412 = ORIENTED_EDGE('',*,*,#4413,.F.);
#4413 = EDGE_CURVE('',#336,#4390,#4414,.T.);
#4414 = SURFACE_CURVE('',#4415,(#4420,#4427),.PCURVE_S1.);
#4415 = CIRCLE('',#4416,8.);
#4416 = AXIS2_PLACEMENT_3D('',#4417,#4418,#4419);
#4417 = CARTESIAN_POINT('',(1.953316134117E-16,0.,-2.229711069055E-16));
#4418 = DIRECTION('',(0.,1.,0.));
#4419 = DIRECTION('',(0.,-0.,1.));
#4420 = PCURVE('',#99,#4421);
#4421 = DEFINITIONAL_REPRESENTATION('',(#4422),#4426);
#4422 = CIRCLE('',#4423,8.);
#4423 = AXIS2_PLACEMENT_2D('',#4424,#4425);
#4424 = CARTESIAN_POINT('',(-2.337527005408,2.63694283087));
#4425 = DIRECTION('',(1.,0.));
#4426 = ( GEOMETRIC_REPRESENTATION_CONTEXT(2) 
PARAMETRIC_REPRESENTATION_CONTEXT() REPRESENTATION_CONTEXT('2D SPACE',''
  ) );
#4427 = PCURVE('',#373,#4428);
#4428 = DEFINITIONAL_REPRESENTATION('',(#4429),#4433);
#4429 = LINE('',#4430,#4431);
#4430 = CARTESIAN_POINT('',(9.424777960769,7.));
#4431 = VECTOR('',#4432,1.);
#4432 = DIRECTION('',(-1.,0.));
#4433 = ( GEOMETRIC_REPRESENTATION_CONTEXT(2) 
PARAMETRIC_REPRESENTATION_CONTEXT() REPRESENTATION_CONTEXT('2D SPACE',''
  ) );
#4434 = ORIENTED_EDGE('',*,*,#335,.F.);
#4435 = ORIENTED_EDGE('',*,*,#4436,.F.);
#4436 = EDGE_CURVE('',#4437,#308,#4439,.T.);
#4437 = VERTEX_POINT('',#4438);
#4438 = CARTESIAN_POINT('',(-5.874003525172,0.,-3.570428347728));
#4439 = SURFACE_CURVE('',#4440,(#4445,#4452),.PCURVE_S1.);
#4440 = CIRCLE('',#4441,3.);
#4441 = AXIS2_PLACEMENT_3D('',#4442,#4443,#4444);
#4442 = CARTESIAN_POINT('',(-7.003160507672,0.,-0.791039114664));
#4443 = DIRECTION('',(0.,1.,0.));
#4444 = DIRECTION('',(0.,-0.,1.));
#4445 = PCURVE('',#99,#4446);
#4446 = DEFINITIONAL_REPRESENTATION('',(#4447),#4451);
#4447 = CIRCLE('',#4448,3.);
#4448 = AXIS2_PLACEMENT_2D('',#4449,#4450);
#4449 = CARTESIAN_POINT('',(-3.128566120072,-4.366217676802));
#4450 = DIRECTION('',(1.,0.));
#4451 = ( GEOMETRIC_REPRESENTATION_CONTEXT(2) 
PARAMETRIC_REPRESENTATION_CONTEXT() REPRESENTATION_CONTEXT('2D SPACE',''
  ) );
#4452 = PCURVE('',#323,#4453);
#4453 = DEFINITIONAL_REPRESENTATION('',(#4454),#4458);
#4454 = LINE('',#4455,#4456);
#4455 = CARTESIAN_POINT('',(3.14159265359,7.));
#4456 = VECTOR('',#4457,1.);
#4457 = DIRECTION('',(-1.,0.));
#4458 = ( GEOMETRIC_REPRESENTATION_CONTEXT(2) 
PARAMETRIC_REPRESENTATION_CONTEXT() REPRESENTATION_CONTEXT('2D SPACE',''
  ) );
#4459 = ORIENTED_EDGE('',*,*,#4460,.F.);
#4460 = EDGE_CURVE('',#4461,#4437,#4463,.T.);
#4461 = VERTEX_POINT('',#4462);
#4462 = CARTESIAN_POINT('',(-5.61848140281,0.,-3.960371538919));
#4463 = SURFACE_CURVE('',#4464,(#4469,#4476),.PCURVE_S1.);
#4464 = CIRCLE('',#4465,6.874);
#4465 = AXIS2_PLACEMENT_3D('',#4466,#4467,#4468);
#4466 = CARTESIAN_POINT('',(1.953316134117E-16,0.,-2.229711069055E-16));
#4467 = DIRECTION('',(0.,1.,0.));
#4468 = DIRECTION('',(0.,-0.,1.));
#4469 = PCURVE('',#99,#4470);
#4470 = DEFINITIONAL_REPRESENTATION('',(#4471),#4475);
#4471 = CIRCLE('',#4472,6.874);
#4472 = AXIS2_PLACEMENT_2D('',#4473,#4474);
#4473 = CARTESIAN_POINT('',(-2.337527005408,2.63694283087));
#4474 = DIRECTION('',(1.,0.));
#4475 = ( GEOMETRIC_REPRESENTATION_CONTEXT(2) 
PARAMETRIC_REPRESENTATION_CONTEXT() REPRESENTATION_CONTEXT('2D SPACE',''
  ) );
#4476 = PCURVE('',#3625,#4477);
#4477 = DEFINITIONAL_REPRESENTATION('',(#4478),#4482);
#4478 = LINE('',#4479,#4480);
#4479 = CARTESIAN_POINT('',(9.424777960769,7.));
#4480 = VECTOR('',#4481,1.);
#4481 = DIRECTION('',(-1.,0.));
#4482 = ( GEOMETRIC_REPRESENTATION_CONTEXT(2) 
PARAMETRIC_REPRESENTATION_CONTEXT() REPRESENTATION_CONTEXT('2D SPACE',''
  ) );
#4483 = ORIENTED_EDGE('',*,*,#4484,.F.);
#4484 = EDGE_CURVE('',#4485,#4461,#4487,.T.);
#4485 = VERTEX_POINT('',#4486);
#4486 = CARTESIAN_POINT('',(-6.287891876697,0.,-4.945949428266));
#4487 = SURFACE_CURVE('',#4488,(#4493,#4500),.PCURVE_S1.);
#4488 = CIRCLE('',#4489,3.);
#4489 = AXIS2_PLACEMENT_3D('',#4490,#4491,#4492);
#4490 = CARTESIAN_POINT('',(-3.520909783482,0.,-6.105177661111));
#4491 = DIRECTION('',(0.,1.,0.));
#4492 = DIRECTION('',(0.,-0.,1.));
#4493 = PCURVE('',#99,#4494);
#4494 = DEFINITIONAL_REPRESENTATION('',(#4495),#4499);
#4495 = CIRCLE('',#4496,3.);
#4496 = AXIS2_PLACEMENT_2D('',#4497,#4498);
#4497 = CARTESIAN_POINT('',(-8.442704666518,-0.883966952612));
#4498 = DIRECTION('',(1.,0.));
#4499 = ( GEOMETRIC_REPRESENTATION_CONTEXT(2) 
PARAMETRIC_REPRESENTATION_CONTEXT() REPRESENTATION_CONTEXT('2D SPACE',''
  ) );
#4500 = PCURVE('',#3596,#4501);
#4501 = DEFINITIONAL_REPRESENTATION('',(#4502),#4506);
#4502 = LINE('',#4503,#4504);
#4503 = CARTESIAN_POINT('',(9.424777960769,7.));
#4504 = VECTOR('',#4505,1.);
#4505 = DIRECTION('',(-1.,0.));
#4506 = ( GEOMETRIC_REPRESENTATION_CONTEXT(2) 
PARAMETRIC_REPRESENTATION_CONTEXT() REPRESENTATION_CONTEXT('2D SPACE',''
  ) );
#4507 = ORIENTED_EDGE('',*,*,#4508,.F.);
#4508 = EDGE_CURVE('',#4509,#4485,#4511,.T.);
#4509 = VERTEX_POINT('',#4510);
#4510 = CARTESIAN_POINT('',(-6.102783553759,0.,-5.172623405582));
#4511 = SURFACE_CURVE('',#4512,(#4517,#4524),.PCURVE_S1.);
#4512 = CIRCLE('',#4513,8.);
#4513 = AXIS2_PLACEMENT_3D('',#4514,#4515,#4516);
#4514 = CARTESIAN_POINT('',(1.953316134117E-16,0.,-2.229711069055E-16));
#4515 = DIRECTION('',(0.,1.,0.));
#4516 = DIRECTION('',(0.,-0.,1.));
#4517 = PCURVE('',#99,#4518);
#4518 = DEFINITIONAL_REPRESENTATION('',(#4519),#4523);
#4519 = CIRCLE('',#4520,8.);
#4520 = AXIS2_PLACEMENT_2D('',#4521,#4522);
#4521 = CARTESIAN_POINT('',(-2.337527005408,2.63694283087));
#4522 = DIRECTION('',(1.,0.));
#4523 = ( GEOMETRIC_REPRESENTATION_CONTEXT(2) 
PARAMETRIC_REPRESENTATION_CONTEXT() REPRESENTATION_CONTEXT('2D SPACE',''
  ) );
#4524 = PCURVE('',#3567,#4525);
#4525 = DEFINITIONAL_REPRESENTATION('',(#4526),#4530);
#4526 = LINE('',#4527,#4528);
#4527 = CARTESIAN_POINT('',(9.424777960769,7.));
#4528 = VECTOR('',#4529,1.);
#4529 = DIRECTION('',(-1.,0.));
#4530 = ( GEOMETRIC_REPRESENTATION_CONTEXT(2) 
PARAMETRIC_REPRESENTATION_CONTEXT() REPRESENTATION_CONTEXT('2D SPACE',''
  ) );
#4531 = ORIENTED_EDGE('',*,*,#4532,.F.);
#4532 = EDGE_CURVE('',#4533,#4509,#4535,.T.);
#4533 = VERTEX_POINT('',#4534);
#4534 = CARTESIAN_POINT('',(-5.00330866013,0.,-4.71367992671));
#4535 = SURFACE_CURVE('',#4536,(#4541,#4548),.PCURVE_S1.);
#4536 = CIRCLE('',#4537,3.);
#4537 = AXIS2_PLACEMENT_3D('',#4538,#4539,#4540);
#4538 = CARTESIAN_POINT('',(-6.6856583683,0.,-2.229791954313));
#4539 = DIRECTION('',(0.,1.,0.));
#4540 = DIRECTION('',(0.,-0.,1.));
#4541 = PCURVE('',#99,#4542);
#4542 = DEFINITIONAL_REPRESENTATION('',(#4543),#4547);
#4543 = CIRCLE('',#4544,3.);
#4544 = AXIS2_PLACEMENT_2D('',#4545,#4546);
#4545 = CARTESIAN_POINT('',(-4.567318959721,-4.04871553743));
#4546 = DIRECTION('',(1.,0.));
#4547 = ( GEOMETRIC_REPRESENTATION_CONTEXT(2) 
PARAMETRIC_REPRESENTATION_CONTEXT() REPRESENTATION_CONTEXT('2D SPACE',''
  ) );
#4548 = PCURVE('',#3538,#4549);
#4549 = DEFINITIONAL_REPRESENTATION('',(#4550),#4554);
#4550 = LINE('',#4551,#4552);
#4551 = CARTESIAN_POINT('',(3.14159265359,7.));
#4552 = VECTOR('',#4553,1.);
#4553 = DIRECTION('',(-1.,0.));
#4554 = ( GEOMETRIC_REPRESENTATION_CONTEXT(2) 
PARAMETRIC_REPRESENTATION_CONTEXT() REPRESENTATION_CONTEXT('2D SPACE',''
  ) );
#4555 = ORIENTED_EDGE('',*,*,#4556,.F.);
#4556 = EDGE_CURVE('',#4557,#4533,#4559,.T.);
#4557 = VERTEX_POINT('',#4558);
#4558 = CARTESIAN_POINT('',(-4.672296561002,0.,-5.041975887095));
#4559 = SURFACE_CURVE('',#4560,(#4565,#4572),.PCURVE_S1.);
#4560 = CIRCLE('',#4561,6.874);
#4561 = AXIS2_PLACEMENT_3D('',#4562,#4563,#4564);
#4562 = CARTESIAN_POINT('',(1.953316134117E-16,0.,-2.229711069055E-16));
#4563 = DIRECTION('',(0.,1.,0.));
#4564 = DIRECTION('',(0.,-0.,1.));
#4565 = PCURVE('',#99,#4566);
#4566 = DEFINITIONAL_REPRESENTATION('',(#4567),#4571);
#4567 = CIRCLE('',#4568,6.874);
#4568 = AXIS2_PLACEMENT_2D('',#4569,#4570);
#4569 = CARTESIAN_POINT('',(-2.337527005408,2.63694283087));
#4570 = DIRECTION('',(1.,0.));
#4571 = ( GEOMETRIC_REPRESENTATION_CONTEXT(2) 
PARAMETRIC_REPRESENTATION_CONTEXT() REPRESENTATION_CONTEXT('2D SPACE',''
  ) );
#4572 = PCURVE('',#3509,#4573);
#4573 = DEFINITIONAL_REPRESENTATION('',(#4574),#4578);
#4574 = LINE('',#4575,#4576);
#4575 = CARTESIAN_POINT('',(9.424777960769,7.));
#4576 = VECTOR('',#4577,1.);
#4577 = DIRECTION('',(-1.,0.));
#4578 = ( GEOMETRIC_REPRESENTATION_CONTEXT(2) 
PARAMETRIC_REPRESENTATION_CONTEXT() REPRESENTATION_CONTEXT('2D SPACE',''
  ) );
#4579 = ORIENTED_EDGE('',*,*,#4580,.F.);
#4580 = EDGE_CURVE('',#4581,#4557,#4583,.T.);
#4581 = VERTEX_POINT('',#4582);
#4582 = CARTESIAN_POINT('',(-5.122165644535,0.,-6.145194798373));
#4583 = SURFACE_CURVE('',#4584,(#4589,#4596),.PCURVE_S1.);
#4584 = CIRCLE('',#4585,3.);
#4585 = AXIS2_PLACEMENT_3D('',#4586,#4587,#4588);
#4586 = CARTESIAN_POINT('',(-2.174631646848,0.,-6.70380318757));
#4587 = DIRECTION('',(0.,1.,0.));
#4588 = DIRECTION('',(0.,-0.,1.));
#4589 = PCURVE('',#99,#4590);
#4590 = DEFINITIONAL_REPRESENTATION('',(#4591),#4595);
#4591 = CIRCLE('',#4592,3.);
#4592 = AXIS2_PLACEMENT_2D('',#4593,#4594);
#4593 = CARTESIAN_POINT('',(-9.041330192977,0.462311184021));
#4594 = DIRECTION('',(1.,0.));
#4595 = ( GEOMETRIC_REPRESENTATION_CONTEXT(2) 
PARAMETRIC_REPRESENTATION_CONTEXT() REPRESENTATION_CONTEXT('2D SPACE',''
  ) );
#4596 = PCURVE('',#3480,#4597);
#4597 = DEFINITIONAL_REPRESENTATION('',(#4598),#4602);
#4598 = LINE('',#4599,#4600);
#4599 = CARTESIAN_POINT('',(9.424777960769,7.));
#4600 = VECTOR('',#4601,1.);
#4601 = DIRECTION('',(-1.,0.));
#4602 = ( GEOMETRIC_REPRESENTATION_CONTEXT(2) 
PARAMETRIC_REPRESENTATION_CONTEXT() REPRESENTATION_CONTEXT('2D SPACE',''
  ) );
#4603 = ORIENTED_EDGE('',*,*,#4604,.F.);
#4604 = EDGE_CURVE('',#4605,#4581,#4607,.T.);
#4605 = VERTEX_POINT('',#4606);
#4606 = CARTESIAN_POINT('',(-4.893974212689,0.,-6.328429221026));
#4607 = SURFACE_CURVE('',#4608,(#4613,#4620),.PCURVE_S1.);
#4608 = CIRCLE('',#4609,8.);
#4609 = AXIS2_PLACEMENT_3D('',#4610,#4611,#4612);
#4610 = CARTESIAN_POINT('',(1.953316134117E-16,0.,-2.229711069055E-16));
#4611 = DIRECTION('',(0.,1.,0.));
#4612 = DIRECTION('',(0.,-0.,1.));
#4613 = PCURVE('',#99,#4614);
#4614 = DEFINITIONAL_REPRESENTATION('',(#4615),#4619);
#4615 = CIRCLE('',#4616,8.);
#4616 = AXIS2_PLACEMENT_2D('',#4617,#4618);
#4617 = CARTESIAN_POINT('',(-2.337527005408,2.63694283087));
#4618 = DIRECTION('',(1.,0.));
#4619 = ( GEOMETRIC_REPRESENTATION_CONTEXT(2) 
PARAMETRIC_REPRESENTATION_CONTEXT() REPRESENTATION_CONTEXT('2D SPACE',''
  ) );
#4620 = PCURVE('',#3451,#4621);
#4621 = DEFINITIONAL_REPRESENTATION('',(#4622),#4626);
#4622 = LINE('',#4623,#4624);
#4623 = CARTESIAN_POINT('',(9.424777960769,7.));
#4624 = VECTOR('',#4625,1.);
#4625 = DIRECTION('',(-1.,0.));
#4626 = ( GEOMETRIC_REPRESENTATION_CONTEXT(2) 
PARAMETRIC_REPRESENTATION_CONTEXT() REPRESENTATION_CONTEXT('2D SPACE',''
  ) );
#4627 = ORIENTED_EDGE('',*,*,#4628,.F.);
#4628 = EDGE_CURVE('',#4629,#4605,#4631,.T.);
#4629 = VERTEX_POINT('',#4630);
#4630 = CARTESIAN_POINT('',(-3.9139451981,0.,-5.65092107415));
#4631 = SURFACE_CURVE('',#4632,(#4637,#4644),.PCURVE_S1.);
#4632 = CIRCLE('',#4633,3.);
#4633 = AXIS2_PLACEMENT_3D('',#4634,#4635,#4636);
#4634 = CARTESIAN_POINT('',(-6.075960876886,0.,-3.57109218583));
#4635 = DIRECTION('',(0.,1.,0.));
#4636 = DIRECTION('',(0.,-0.,1.));
#4637 = PCURVE('',#99,#4638);
#4638 = DEFINITIONAL_REPRESENTATION('',(#4639),#4643);
#4639 = CIRCLE('',#4640,3.);
#4640 = AXIS2_PLACEMENT_2D('',#4641,#4642);
#4641 = CARTESIAN_POINT('',(-5.908619191238,-3.439018046016));
#4642 = DIRECTION('',(1.,0.));
#4643 = ( GEOMETRIC_REPRESENTATION_CONTEXT(2) 
PARAMETRIC_REPRESENTATION_CONTEXT() REPRESENTATION_CONTEXT('2D SPACE',''
  ) );
#4644 = PCURVE('',#3422,#4645);
#4645 = DEFINITIONAL_REPRESENTATION('',(#4646),#4650);
#4646 = LINE('',#4647,#4648);
#4647 = CARTESIAN_POINT('',(3.14159265359,7.));
#4648 = VECTOR('',#4649,1.);
#4649 = DIRECTION('',(-1.,0.));
#4650 = ( GEOMETRIC_REPRESENTATION_CONTEXT(2) 
PARAMETRIC_REPRESENTATION_CONTEXT() REPRESENTATION_CONTEXT('2D SPACE',''
  ) );
#4651 = ORIENTED_EDGE('',*,*,#4652,.F.);
#4652 = EDGE_CURVE('',#4653,#4629,#4655,.T.);
#4653 = VERTEX_POINT('',#4654);
#4654 = CARTESIAN_POINT('',(-3.521909939313,0.,-5.903221694919));
#4655 = SURFACE_CURVE('',#4656,(#4661,#4668),.PCURVE_S1.);
#4656 = CIRCLE('',#4657,6.874);
#4657 = AXIS2_PLACEMENT_3D('',#4658,#4659,#4660);
#4658 = CARTESIAN_POINT('',(1.953316134117E-16,0.,-2.229711069055E-16));
#4659 = DIRECTION('',(0.,1.,0.));
#4660 = DIRECTION('',(0.,-0.,1.));
#4661 = PCURVE('',#99,#4662);
#4662 = DEFINITIONAL_REPRESENTATION('',(#4663),#4667);
#4663 = CIRCLE('',#4664,6.874);
#4664 = AXIS2_PLACEMENT_2D('',#4665,#4666);
#4665 = CARTESIAN_POINT('',(-2.337527005408,2.63694283087));
#4666 = DIRECTION('',(1.,0.));
#4667 = ( GEOMETRIC_REPRESENTATION_CONTEXT(2) 
PARAMETRIC_REPRESENTATION_CONTEXT() REPRESENTATION_CONTEXT('2D SPACE',''
  ) );
#4668 = PCURVE('',#3393,#4669);
#4669 = DEFINITIONAL_REPRESENTATION('',(#4670),#4674);
#4670 = LINE('',#4671,#4672);
#4671 = CARTESIAN_POINT('',(9.424777960769,7.));
#4672 = VECTOR('',#4673,1.);
#4673 = DIRECTION('',(-1.,0.));
#4674 = ( GEOMETRIC_REPRESENTATION_CONTEXT(2) 
PARAMETRIC_REPRESENTATION_CONTEXT() REPRESENTATION_CONTEXT('2D SPACE',''
  ) );
#4675 = ORIENTED_EDGE('',*,*,#4676,.F.);
#4676 = EDGE_CURVE('',#4677,#4653,#4679,.T.);
#4677 = VERTEX_POINT('',#4678);
#4678 = CARTESIAN_POINT('',(-3.732576194829,0.,-7.075865667874));
#4679 = SURFACE_CURVE('',#4680,(#4685,#4692),.PCURVE_S1.);
#4680 = CIRCLE('',#4681,3.);
#4681 = AXIS2_PLACEMENT_3D('',#4682,#4683,#4684);
#4682 = CARTESIAN_POINT('',(-0.733311672207,0.,-7.009440346315));
#4683 = DIRECTION('',(0.,1.,0.));
#4684 = DIRECTION('',(0.,-0.,1.));
#4685 = PCURVE('',#99,#4686);
#4686 = DEFINITIONAL_REPRESENTATION('',(#4687),#4691);
#4687 = CIRCLE('',#4688,3.);
#4688 = AXIS2_PLACEMENT_2D('',#4689,#4690);
#4689 = CARTESIAN_POINT('',(-9.346967351723,1.903631158662));
#4690 = DIRECTION('',(1.,0.));
#4691 = ( GEOMETRIC_REPRESENTATION_CONTEXT(2) 
PARAMETRIC_REPRESENTATION_CONTEXT() REPRESENTATION_CONTEXT('2D SPACE',''
  ) );
#4692 = PCURVE('',#3364,#4693);
#4693 = DEFINITIONAL_REPRESENTATION('',(#4694),#4698);
#4694 = LINE('',#4695,#4696);
#4695 = CARTESIAN_POINT('',(9.424777960769,7.));
#4696 = VECTOR('',#4697,1.);
#4697 = DIRECTION('',(-1.,0.));
#4698 = ( GEOMETRIC_REPRESENTATION_CONTEXT(2) 
PARAMETRIC_REPRESENTATION_CONTEXT() REPRESENTATION_CONTEXT('2D SPACE',''
  ) );
#4699 = ORIENTED_EDGE('',*,*,#4700,.F.);
#4700 = EDGE_CURVE('',#4701,#4677,#4703,.T.);
#4701 = VERTEX_POINT('',#4702);
#4702 = CARTESIAN_POINT('',(-3.471274714631,0.,-7.207652312339));
#4703 = SURFACE_CURVE('',#4704,(#4709,#4716),.PCURVE_S1.);
#4704 = CIRCLE('',#4705,8.);
#4705 = AXIS2_PLACEMENT_3D('',#4706,#4707,#4708);
#4706 = CARTESIAN_POINT('',(1.953316134117E-16,0.,-2.229711069055E-16));
#4707 = DIRECTION('',(0.,1.,0.));
#4708 = DIRECTION('',(0.,-0.,1.));
#4709 = PCURVE('',#99,#4710);
#4710 = DEFINITIONAL_REPRESENTATION('',(#4711),#4715);
#4711 = CIRCLE('',#4712,8.);
#4712 = AXIS2_PLACEMENT_2D('',#4713,#4714);
#4713 = CARTESIAN_POINT('',(-2.337527005408,2.63694283087));
#4714 = DIRECTION('',(1.,0.));
#4715 = ( GEOMETRIC_REPRESENTATION_CONTEXT(2) 
PARAMETRIC_REPRESENTATION_CONTEXT() REPRESENTATION_CONTEXT('2D SPACE',''
  ) );
#4716 = PCURVE('',#3335,#4717);
#4717 = DEFINITIONAL_REPRESENTATION('',(#4718),#4722);
#4718 = LINE('',#4719,#4720);
#4719 = CARTESIAN_POINT('',(9.424777960769,7.));
#4720 = VECTOR('',#4721,1.);
#4721 = DIRECTION('',(-1.,0.));
#4722 = ( GEOMETRIC_REPRESENTATION_CONTEXT(2) 
PARAMETRIC_REPRESENTATION_CONTEXT() REPRESENTATION_CONTEXT('2D SPACE',''
  ) );
#4723 = ORIENTED_EDGE('',*,*,#4724,.F.);
#4724 = EDGE_CURVE('',#4725,#4701,#4727,.T.);
#4725 = VERTEX_POINT('',#4726);
#4726 = CARTESIAN_POINT('',(-2.653523549721,0.,-6.341189854521));
#4727 = SURFACE_CURVE('',#4728,(#4733,#4740),.PCURVE_S1.);
#4728 = CIRCLE('',#4729,3.);
#4729 = AXIS2_PLACEMENT_3D('',#4730,#4731,#4732);
#4730 = CARTESIAN_POINT('',(-5.200714739456,0.,-4.756318552825));
#4731 = DIRECTION('',(0.,1.,0.));
#4732 = DIRECTION('',(0.,-0.,1.));
#4733 = PCURVE('',#99,#4734);
#4734 = DEFINITIONAL_REPRESENTATION('',(#4735),#4739);
#4735 = CIRCLE('',#4736,3.);
#4736 = AXIS2_PLACEMENT_2D('',#4737,#4738);
#4737 = CARTESIAN_POINT('',(-7.093845558233,-2.563771908586));
#4738 = DIRECTION('',(1.,0.));
#4739 = ( GEOMETRIC_REPRESENTATION_CONTEXT(2) 
PARAMETRIC_REPRESENTATION_CONTEXT() REPRESENTATION_CONTEXT('2D SPACE',''
  ) );
#4740 = PCURVE('',#3306,#4741);
#4741 = DEFINITIONAL_REPRESENTATION('',(#4742),#4746);
#4742 = LINE('',#4743,#4744);
#4743 = CARTESIAN_POINT('',(3.14159265359,7.));
#4744 = VECTOR('',#4745,1.);
#4745 = DIRECTION('',(-1.,0.));
#4746 = ( GEOMETRIC_REPRESENTATION_CONTEXT(2) 
PARAMETRIC_REPRESENTATION_CONTEXT() REPRESENTATION_CONTEXT('2D SPACE',''
  ) );
#4747 = ORIENTED_EDGE('',*,*,#4748,.F.);
#4748 = EDGE_CURVE('',#4749,#4725,#4751,.T.);
#4749 = VERTEX_POINT('',#4750);
#4750 = CARTESIAN_POINT('',(-2.217598953277,0.,-6.506468387876));
#4751 = SURFACE_CURVE('',#4752,(#4757,#4764),.PCURVE_S1.);
#4752 = CIRCLE('',#4753,6.874);
#4753 = AXIS2_PLACEMENT_3D('',#4754,#4755,#4756);
#4754 = CARTESIAN_POINT('',(1.953316134117E-16,0.,-2.229711069055E-16));
#4755 = DIRECTION('',(0.,1.,0.));
#4756 = DIRECTION('',(0.,-0.,1.));
#4757 = PCURVE('',#99,#4758);
#4758 = DEFINITIONAL_REPRESENTATION('',(#4759),#4763);
#4759 = CIRCLE('',#4760,6.874);
#4760 = AXIS2_PLACEMENT_2D('',#4761,#4762);
#4761 = CARTESIAN_POINT('',(-2.337527005408,2.63694283087));
#4762 = DIRECTION('',(1.,0.));
#4763 = ( GEOMETRIC_REPRESENTATION_CONTEXT(2) 
PARAMETRIC_REPRESENTATION_CONTEXT() REPRESENTATION_CONTEXT('2D SPACE',''
  ) );
#4764 = PCURVE('',#3277,#4765);
#4765 = DEFINITIONAL_REPRESENTATION('',(#4766),#4770);
#4766 = LINE('',#4767,#4768);
#4767 = CARTESIAN_POINT('',(9.424777960769,7.));
#4768 = VECTOR('',#4769,1.);
#4769 = DIRECTION('',(-1.,0.));
#4770 = ( GEOMETRIC_REPRESENTATION_CONTEXT(2) 
PARAMETRIC_REPRESENTATION_CONTEXT() REPRESENTATION_CONTEXT('2D SPACE',''
  ) );
#4771 = ORIENTED_EDGE('',*,*,#4772,.F.);
#4772 = EDGE_CURVE('',#4773,#4749,#4775,.T.);
#4773 = VERTEX_POINT('',#4774);
#4774 = CARTESIAN_POINT('',(-2.179855254521,0.,-7.697287253919));
#4775 = SURFACE_CURVE('',#4776,(#4781,#4788),.PCURVE_S1.);
#4776 = CIRCLE('',#4777,3.);
#4777 = AXIS2_PLACEMENT_3D('',#4778,#4779,#4780);
#4778 = CARTESIAN_POINT('',(0.740057541329,0.,-7.0087313269));
#4779 = DIRECTION('',(0.,1.,0.));
#4780 = DIRECTION('',(0.,-0.,1.));
#4781 = PCURVE('',#99,#4782);
#4782 = DEFINITIONAL_REPRESENTATION('',(#4783),#4787);
#4783 = CIRCLE('',#4784,3.);
#4784 = AXIS2_PLACEMENT_2D('',#4785,#4786);
#4785 = CARTESIAN_POINT('',(-9.346258332307,3.377000372199));
#4786 = DIRECTION('',(1.,0.));
#4787 = ( GEOMETRIC_REPRESENTATION_CONTEXT(2) 
PARAMETRIC_REPRESENTATION_CONTEXT() REPRESENTATION_CONTEXT('2D SPACE',''
  ) );
#4788 = PCURVE('',#3248,#4789);
#4789 = DEFINITIONAL_REPRESENTATION('',(#4790),#4794);
#4790 = LINE('',#4791,#4792);
#4791 = CARTESIAN_POINT('',(9.424777960769,7.));
#4792 = VECTOR('',#4793,1.);
#4793 = DIRECTION('',(-1.,0.));
#4794 = ( GEOMETRIC_REPRESENTATION_CONTEXT(2) 
PARAMETRIC_REPRESENTATION_CONTEXT() REPRESENTATION_CONTEXT('2D SPACE',''
  ) );
#4795 = ORIENTED_EDGE('',*,*,#4796,.F.);
#4796 = EDGE_CURVE('',#4797,#4773,#4799,.T.);
#4797 = VERTEX_POINT('',#4798);
#4798 = CARTESIAN_POINT('',(-1.896863854519,0.,-7.77186641145));
#4799 = SURFACE_CURVE('',#4800,(#4805,#4812),.PCURVE_S1.);
#4800 = CIRCLE('',#4801,8.);
#4801 = AXIS2_PLACEMENT_3D('',#4802,#4803,#4804);
#4802 = CARTESIAN_POINT('',(1.953316134117E-16,0.,-2.229711069055E-16));
#4803 = DIRECTION('',(0.,1.,0.));
#4804 = DIRECTION('',(0.,-0.,1.));
#4805 = PCURVE('',#99,#4806);
#4806 = DEFINITIONAL_REPRESENTATION('',(#4807),#4811);
#4807 = CIRCLE('',#4808,8.);
#4808 = AXIS2_PLACEMENT_2D('',#4809,#4810);
#4809 = CARTESIAN_POINT('',(-2.337527005408,2.63694283087));
#4810 = DIRECTION('',(1.,0.));
#4811 = ( GEOMETRIC_REPRESENTATION_CONTEXT(2) 
PARAMETRIC_REPRESENTATION_CONTEXT() REPRESENTATION_CONTEXT('2D SPACE',''
  ) );
#4812 = PCURVE('',#3219,#4813);
#4813 = DEFINITIONAL_REPRESENTATION('',(#4814),#4818);
#4814 = LINE('',#4815,#4816);
#4815 = CARTESIAN_POINT('',(9.424777960769,7.));
#4816 = VECTOR('',#4817,1.);
#4817 = DIRECTION('',(-1.,0.));
#4818 = ( GEOMETRIC_REPRESENTATION_CONTEXT(2) 
PARAMETRIC_REPRESENTATION_CONTEXT() REPRESENTATION_CONTEXT('2D SPACE',''
  ) );
#4819 = ORIENTED_EDGE('',*,*,#4820,.F.);
#4820 = EDGE_CURVE('',#4821,#4797,#4823,.T.);
#4821 = VERTEX_POINT('',#4822);
#4822 = CARTESIAN_POINT('',(-1.277130189201,0.,-6.754318209844));
#4823 = SURFACE_CURVE('',#4824,(#4829,#4836),.PCURVE_S1.);
#4824 = CIRCLE('',#4825,3.);
#4825 = AXIS2_PLACEMENT_3D('',#4826,#4827,#4828);
#4826 = CARTESIAN_POINT('',(-4.098172412114,0.,-5.733670975713));
#4827 = DIRECTION('',(0.,1.,0.));
#4828 = DIRECTION('',(0.,-0.,1.));
#4829 = PCURVE('',#99,#4830);
#4830 = DEFINITIONAL_REPRESENTATION('',(#4831),#4835);
#4831 = CIRCLE('',#4832,3.);
#4832 = AXIS2_PLACEMENT_2D('',#4833,#4834);
#4833 = CARTESIAN_POINT('',(-8.07119798112,-1.461229581244));
#4834 = DIRECTION('',(1.,0.));
#4835 = ( GEOMETRIC_REPRESENTATION_CONTEXT(2) 
PARAMETRIC_REPRESENTATION_CONTEXT() REPRESENTATION_CONTEXT('2D SPACE',''
  ) );
#4836 = PCURVE('',#3190,#4837);
#4837 = DEFINITIONAL_REPRESENTATION('',(#4838),#4842);
#4838 = LINE('',#4839,#4840);
#4839 = CARTESIAN_POINT('',(3.14159265359,7.));
#4840 = VECTOR('',#4841,1.);
#4841 = DIRECTION('',(-1.,0.));
#4842 = ( GEOMETRIC_REPRESENTATION_CONTEXT(2) 
PARAMETRIC_REPRESENTATION_CONTEXT() REPRESENTATION_CONTEXT('2D SPACE',''
  ) );
#4843 = ORIENTED_EDGE('',*,*,#4844,.F.);
#4844 = EDGE_CURVE('',#4845,#4821,#4847,.T.);
#4845 = VERTEX_POINT('',#4846);
#4846 = CARTESIAN_POINT('',(-0.816368251762,0.,-6.825351190782));
#4847 = SURFACE_CURVE('',#4848,(#4853,#4860),.PCURVE_S1.);
#4848 = CIRCLE('',#4849,6.874);
#4849 = AXIS2_PLACEMENT_3D('',#4850,#4851,#4852);
#4850 = CARTESIAN_POINT('',(1.953316134117E-16,0.,-2.229711069055E-16));
#4851 = DIRECTION('',(0.,1.,0.));
#4852 = DIRECTION('',(0.,-0.,1.));
#4853 = PCURVE('',#99,#4854);
#4854 = DEFINITIONAL_REPRESENTATION('',(#4855),#4859);
#4855 = CIRCLE('',#4856,6.874);
#4856 = AXIS2_PLACEMENT_2D('',#4857,#4858);
#4857 = CARTESIAN_POINT('',(-2.337527005408,2.63694283087));
#4858 = DIRECTION('',(1.,0.));
#4859 = ( GEOMETRIC_REPRESENTATION_CONTEXT(2) 
PARAMETRIC_REPRESENTATION_CONTEXT() REPRESENTATION_CONTEXT('2D SPACE',''
  ) );
#4860 = PCURVE('',#3161,#4861);
#4861 = DEFINITIONAL_REPRESENTATION('',(#4862),#4866);
#4862 = LINE('',#4863,#4864);
#4863 = CARTESIAN_POINT('',(9.424777960769,7.));
#4864 = VECTOR('',#4865,1.);
#4865 = DIRECTION('',(-1.,0.));
#4866 = ( GEOMETRIC_REPRESENTATION_CONTEXT(2) 
PARAMETRIC_REPRESENTATION_CONTEXT() REPRESENTATION_CONTEXT('2D SPACE',''
  ) );
#4867 = ORIENTED_EDGE('',*,*,#4868,.F.);
#4868 = EDGE_CURVE('',#4869,#4845,#4871,.T.);
#4869 = VERTEX_POINT('',#4870);
#4870 = CARTESIAN_POINT('',(-0.531864179485,0.,-7.982300451285));
#4871 = SURFACE_CURVE('',#4872,(#4877,#4884),.PCURVE_S1.);
#4872 = CIRCLE('',#4873,3.);
#4873 = AXIS2_PLACEMENT_3D('',#4874,#4875,#4876);
#4874 = CARTESIAN_POINT('',(2.181082689119,0.,-6.701707116875));
#4875 = DIRECTION('',(0.,1.,0.));
#4876 = DIRECTION('',(0.,-0.,1.));
#4877 = PCURVE('',#99,#4878);
#4878 = DEFINITIONAL_REPRESENTATION('',(#4879),#4883);
#4879 = CIRCLE('',#4880,3.);
#4880 = AXIS2_PLACEMENT_2D('',#4881,#4882);
#4881 = CARTESIAN_POINT('',(-9.039234122282,4.818025519989));
#4882 = DIRECTION('',(1.,0.));
#4883 = ( GEOMETRIC_REPRESENTATION_CONTEXT(2) 
PARAMETRIC_REPRESENTATION_CONTEXT() REPRESENTATION_CONTEXT('2D SPACE',''
  ) );
#4884 = PCURVE('',#3132,#4885);
#4885 = DEFINITIONAL_REPRESENTATION('',(#4886),#4890);
#4886 = LINE('',#4887,#4888);
#4887 = CARTESIAN_POINT('',(9.424777960769,7.));
#4888 = VECTOR('',#4889,1.);
#4889 = DIRECTION('',(-1.,0.));
#4890 = ( GEOMETRIC_REPRESENTATION_CONTEXT(2) 
PARAMETRIC_REPRESENTATION_CONTEXT() REPRESENTATION_CONTEXT('2D SPACE',''
  ) );
#4891 = ORIENTED_EDGE('',*,*,#4892,.F.);
#4892 = EDGE_CURVE('',#4893,#4869,#4895,.T.);
#4893 = VERTEX_POINT('',#4894);
#4894 = CARTESIAN_POINT('',(-0.239550941802,0.,-7.996412654827));
#4895 = SURFACE_CURVE('',#4896,(#4901,#4908),.PCURVE_S1.);
#4896 = CIRCLE('',#4897,8.);
#4897 = AXIS2_PLACEMENT_3D('',#4898,#4899,#4900);
#4898 = CARTESIAN_POINT('',(1.953316134117E-16,0.,-2.229711069055E-16));
#4899 = DIRECTION('',(0.,1.,0.));
#4900 = DIRECTION('',(0.,-0.,1.));
#4901 = PCURVE('',#99,#4902);
#4902 = DEFINITIONAL_REPRESENTATION('',(#4903),#4907);
#4903 = CIRCLE('',#4904,8.);
#4904 = AXIS2_PLACEMENT_2D('',#4905,#4906);
#4905 = CARTESIAN_POINT('',(-2.337527005408,2.63694283087));
#4906 = DIRECTION('',(1.,0.));
#4907 = ( GEOMETRIC_REPRESENTATION_CONTEXT(2) 
PARAMETRIC_REPRESENTATION_CONTEXT() REPRESENTATION_CONTEXT('2D SPACE',''
  ) );
#4908 = PCURVE('',#3103,#4909);
#4909 = DEFINITIONAL_REPRESENTATION('',(#4910),#4914);
#4910 = LINE('',#4911,#4912);
#4911 = CARTESIAN_POINT('',(9.424777960769,7.));
#4912 = VECTOR('',#4913,1.);
#4913 = DIRECTION('',(-1.,0.));
#4914 = ( GEOMETRIC_REPRESENTATION_CONTEXT(2) 
PARAMETRIC_REPRESENTATION_CONTEXT() REPRESENTATION_CONTEXT('2D SPACE',''
  ) );
#4915 = ORIENTED_EDGE('',*,*,#4916,.F.);
#4916 = EDGE_CURVE('',#4917,#4893,#4919,.T.);
#4917 = VERTEX_POINT('',#4918);
#4918 = CARTESIAN_POINT('',(0.155079888938,0.,-6.872250448583));
#4919 = SURFACE_CURVE('',#4920,(#4925,#4932),.PCURVE_S1.);
#4920 = CIRCLE('',#4921,3.);
#4921 = AXIS2_PLACEMENT_3D('',#4922,#4923,#4924);
#4922 = CARTESIAN_POINT('',(-2.81652028515,0.,-6.460434463756));
#4923 = DIRECTION('',(0.,1.,0.));
#4924 = DIRECTION('',(0.,-0.,1.));
#4925 = PCURVE('',#99,#4926);
#4926 = DEFINITIONAL_REPRESENTATION('',(#4927),#4931);
#4927 = CIRCLE('',#4928,3.);
#4928 = AXIS2_PLACEMENT_2D('',#4929,#4930);
#4929 = CARTESIAN_POINT('',(-8.797961469163,-0.17957745428));
#4930 = DIRECTION('',(1.,0.));
#4931 = ( GEOMETRIC_REPRESENTATION_CONTEXT(2) 
PARAMETRIC_REPRESENTATION_CONTEXT() REPRESENTATION_CONTEXT('2D SPACE',''
  ) );
#4932 = PCURVE('',#3074,#4933);
#4933 = DEFINITIONAL_REPRESENTATION('',(#4934),#4938);
#4934 = LINE('',#4935,#4936);
#4935 = CARTESIAN_POINT('',(3.14159265359,7.));
#4936 = VECTOR('',#4937,1.);
#4937 = DIRECTION('',(-1.,0.));
#4938 = ( GEOMETRIC_REPRESENTATION_CONTEXT(2) 
PARAMETRIC_REPRESENTATION_CONTEXT() REPRESENTATION_CONTEXT('2D SPACE',''
  ) );
#4939 = ORIENTED_EDGE('',*,*,#4940,.F.);
#4940 = EDGE_CURVE('',#4941,#4917,#4943,.T.);
#4941 = VERTEX_POINT('',#4942);
#4942 = CARTESIAN_POINT('',(0.620541659724,0.,-6.845933394983));
#4943 = SURFACE_CURVE('',#4944,(#4949,#4956),.PCURVE_S1.);
#4944 = CIRCLE('',#4945,6.874);
#4945 = AXIS2_PLACEMENT_3D('',#4946,#4947,#4948);
#4946 = CARTESIAN_POINT('',(1.953316134117E-16,0.,-2.229711069055E-16));
#4947 = DIRECTION('',(0.,1.,0.));
#4948 = DIRECTION('',(0.,-0.,1.));
#4949 = PCURVE('',#99,#4950);
#4950 = DEFINITIONAL_REPRESENTATION('',(#4951),#4955);
#4951 = CIRCLE('',#4952,6.874);
#4952 = AXIS2_PLACEMENT_2D('',#4953,#4954);
#4953 = CARTESIAN_POINT('',(-2.337527005408,2.63694283087));
#4954 = DIRECTION('',(1.,0.));
#4955 = ( GEOMETRIC_REPRESENTATION_CONTEXT(2) 
PARAMETRIC_REPRESENTATION_CONTEXT() REPRESENTATION_CONTEXT('2D SPACE',''
  ) );
#4956 = PCURVE('',#3045,#4957);
#4957 = DEFINITIONAL_REPRESENTATION('',(#4958),#4962);
#4958 = LINE('',#4959,#4960);
#4959 = CARTESIAN_POINT('',(3.14159265359,7.));
#4960 = VECTOR('',#4961,1.);
#4961 = DIRECTION('',(-1.,0.));
#4962 = ( GEOMETRIC_REPRESENTATION_CONTEXT(2) 
PARAMETRIC_REPRESENTATION_CONTEXT() REPRESENTATION_CONTEXT('2D SPACE',''
  ) );
#4963 = ORIENTED_EDGE('',*,*,#4964,.F.);
#4964 = EDGE_CURVE('',#4965,#4941,#4967,.T.);
#4965 = VERTEX_POINT('',#4966);
#4966 = CARTESIAN_POINT('',(1.139371912363,0.,-7.918448815603));
#4967 = SURFACE_CURVE('',#4968,(#4973,#4980),.PCURVE_S1.);
#4968 = CIRCLE('',#4969,3.);
#4969 = AXIS2_PLACEMENT_3D('',#4970,#4971,#4972);
#4970 = CARTESIAN_POINT('',(3.526784057398,0.,-6.101786147484));
#4971 = DIRECTION('',(0.,1.,0.));
#4972 = DIRECTION('',(0.,-0.,1.));
#4973 = PCURVE('',#99,#4974);
#4974 = DEFINITIONAL_REPRESENTATION('',(#4975),#4979);
#4975 = CIRCLE('',#4976,3.);
#4976 = AXIS2_PLACEMENT_2D('',#4977,#4978);
#4977 = CARTESIAN_POINT('',(-8.439313152891,6.163726888268));
#4978 = DIRECTION('',(1.,0.));
#4979 = ( GEOMETRIC_REPRESENTATION_CONTEXT(2) 
PARAMETRIC_REPRESENTATION_CONTEXT() REPRESENTATION_CONTEXT('2D SPACE',''
  ) );
#4980 = PCURVE('',#3016,#4981);
#4981 = DEFINITIONAL_REPRESENTATION('',(#4982),#4986);
#4982 = LINE('',#4983,#4984);
#4983 = CARTESIAN_POINT('',(9.424777960769,7.));
#4984 = VECTOR('',#4985,1.);
#4985 = DIRECTION('',(-1.,0.));
#4986 = ( GEOMETRIC_REPRESENTATION_CONTEXT(2) 
PARAMETRIC_REPRESENTATION_CONTEXT() REPRESENTATION_CONTEXT('2D SPACE',''
  ) );
#4987 = ORIENTED_EDGE('',*,*,#4988,.F.);
#4988 = EDGE_CURVE('',#4989,#4965,#4991,.T.);
#4989 = VERTEX_POINT('',#4990);
#4990 = CARTESIAN_POINT('',(1.428231496564,0.,-7.871477294144));
#4991 = SURFACE_CURVE('',#4992,(#4997,#5004),.PCURVE_S1.);
#4992 = CIRCLE('',#4993,8.);
#4993 = AXIS2_PLACEMENT_3D('',#4994,#4995,#4996);
#4994 = CARTESIAN_POINT('',(1.953316134117E-16,0.,-2.229711069055E-16));
#4995 = DIRECTION('',(0.,1.,0.));
#4996 = DIRECTION('',(0.,-0.,1.));
#4997 = PCURVE('',#99,#4998);
#4998 = DEFINITIONAL_REPRESENTATION('',(#4999),#5003);
#4999 = CIRCLE('',#5000,8.);
#5000 = AXIS2_PLACEMENT_2D('',#5001,#5002);
#5001 = CARTESIAN_POINT('',(-2.337527005408,2.63694283087));
#5002 = DIRECTION('',(1.,0.));
#5003 = ( GEOMETRIC_REPRESENTATION_CONTEXT(2) 
PARAMETRIC_REPRESENTATION_CONTEXT() REPRESENTATION_CONTEXT('2D SPACE',''
  ) );
#5004 = PCURVE('',#2987,#5005);
#5005 = DEFINITIONAL_REPRESENTATION('',(#5006),#5010);
#5006 = LINE('',#5007,#5008);
#5007 = CARTESIAN_POINT('',(3.14159265359,7.));
#5008 = VECTOR('',#5009,1.);
#5009 = DIRECTION('',(-1.,0.));
#5010 = ( GEOMETRIC_REPRESENTATION_CONTEXT(2) 
PARAMETRIC_REPRESENTATION_CONTEXT() REPRESENTATION_CONTEXT('2D SPACE',''
  ) );
#5011 = ORIENTED_EDGE('',*,*,#5012,.F.);
#5012 = EDGE_CURVE('',#5013,#4989,#5015,.T.);
#5013 = VERTEX_POINT('',#5014);
#5014 = CARTESIAN_POINT('',(1.580512231775,0.,-6.689832366002));
#5015 = SURFACE_CURVE('',#5016,(#5021,#5028),.PCURVE_S1.);
#5016 = CIRCLE('',#5017,3.);
#5017 = AXIS2_PLACEMENT_3D('',#5018,#5019,#5020);
#5018 = CARTESIAN_POINT('',(-1.41177270656,0.,-6.904845965129));
#5019 = DIRECTION('',(0.,1.,0.));
#5020 = DIRECTION('',(0.,-0.,1.));
#5021 = PCURVE('',#99,#5022);
#5022 = DEFINITIONAL_REPRESENTATION('',(#5023),#5027);
#5023 = CIRCLE('',#5024,3.);
#5024 = AXIS2_PLACEMENT_2D('',#5025,#5026);
#5025 = CARTESIAN_POINT('',(-9.242372970536,1.225170124309));
#5026 = DIRECTION('',(1.,0.));
#5027 = ( GEOMETRIC_REPRESENTATION_CONTEXT(2) 
PARAMETRIC_REPRESENTATION_CONTEXT() REPRESENTATION_CONTEXT('2D SPACE',''
  ) );
#5028 = PCURVE('',#2958,#5029);
#5029 = DEFINITIONAL_REPRESENTATION('',(#5030),#5034);
#5030 = LINE('',#5031,#5032);
#5031 = CARTESIAN_POINT('',(3.14159265359,7.));
#5032 = VECTOR('',#5033,1.);
#5033 = DIRECTION('',(-1.,0.));
#5034 = ( GEOMETRIC_REPRESENTATION_CONTEXT(2) 
PARAMETRIC_REPRESENTATION_CONTEXT() REPRESENTATION_CONTEXT('2D SPACE',''
  ) );
#5035 = ORIENTED_EDGE('',*,*,#5036,.F.);
#5036 = EDGE_CURVE('',#5037,#5013,#5039,.T.);
#5037 = VERTEX_POINT('',#5038);
#5038 = CARTESIAN_POINT('',(2.030330922991,0.,-6.56731545939));
#5039 = SURFACE_CURVE('',#5040,(#5045,#5052),.PCURVE_S1.);
#5040 = CIRCLE('',#5041,6.874);
#5041 = AXIS2_PLACEMENT_3D('',#5042,#5043,#5044);
#5042 = CARTESIAN_POINT('',(1.953316134117E-16,0.,-2.229711069055E-16));
#5043 = DIRECTION('',(0.,1.,0.));
#5044 = DIRECTION('',(0.,-0.,1.));
#5045 = PCURVE('',#99,#5046);
#5046 = DEFINITIONAL_REPRESENTATION('',(#5047),#5051);
#5047 = CIRCLE('',#5048,6.874);
#5048 = AXIS2_PLACEMENT_2D('',#5049,#5050);
#5049 = CARTESIAN_POINT('',(-2.337527005408,2.63694283087));
#5050 = DIRECTION('',(1.,0.));
#5051 = ( GEOMETRIC_REPRESENTATION_CONTEXT(2) 
PARAMETRIC_REPRESENTATION_CONTEXT() REPRESENTATION_CONTEXT('2D SPACE',''
  ) );
#5052 = PCURVE('',#2929,#5053);
#5053 = DEFINITIONAL_REPRESENTATION('',(#5054),#5058);
#5054 = LINE('',#5055,#5056);
#5055 = CARTESIAN_POINT('',(3.14159265359,7.));
#5056 = VECTOR('',#5057,1.);
#5057 = DIRECTION('',(-1.,0.));
#5058 = ( GEOMETRIC_REPRESENTATION_CONTEXT(2) 
PARAMETRIC_REPRESENTATION_CONTEXT() REPRESENTATION_CONTEXT('2D SPACE',''
  ) );
#5059 = ORIENTED_EDGE('',*,*,#5060,.F.);
#5060 = EDGE_CURVE('',#5061,#5037,#5063,.T.);
#5061 = VERTEX_POINT('',#5062);
#5062 = CARTESIAN_POINT('',(2.760811984327,0.,-7.508522969746));
#5063 = SURFACE_CURVE('',#5064,(#5069,#5076),.PCURVE_S1.);
#5064 = CIRCLE('',#5065,3.);
#5065 = AXIS2_PLACEMENT_3D('',#5066,#5067,#5068);
#5066 = CARTESIAN_POINT('',(4.718348038982,0.,-5.235187843829));
#5067 = DIRECTION('',(0.,1.,0.));
#5068 = DIRECTION('',(0.,-0.,1.));
#5069 = PCURVE('',#99,#5070);
#5070 = DEFINITIONAL_REPRESENTATION('',(#5071),#5075);
#5071 = CIRCLE('',#5072,3.);
#5072 = AXIS2_PLACEMENT_2D('',#5073,#5074);
#5073 = CARTESIAN_POINT('',(-7.572714849237,7.355290869852));
#5074 = DIRECTION('',(1.,0.));
#5075 = ( GEOMETRIC_REPRESENTATION_CONTEXT(2) 
PARAMETRIC_REPRESENTATION_CONTEXT() REPRESENTATION_CONTEXT('2D SPACE',''
  ) );
#5076 = PCURVE('',#2900,#5077);
#5077 = DEFINITIONAL_REPRESENTATION('',(#5078),#5082);
#5078 = LINE('',#5079,#5080);
#5079 = CARTESIAN_POINT('',(9.424777960769,7.));
#5080 = VECTOR('',#5081,1.);
#5081 = DIRECTION('',(-1.,0.));
#5082 = ( GEOMETRIC_REPRESENTATION_CONTEXT(2) 
PARAMETRIC_REPRESENTATION_CONTEXT() REPRESENTATION_CONTEXT('2D SPACE',''
  ) );
#5083 = ORIENTED_EDGE('',*,*,#5084,.F.);
#5084 = EDGE_CURVE('',#5085,#5061,#5087,.T.);
#5085 = VERTEX_POINT('',#5086);
#5086 = CARTESIAN_POINT('',(3.033593365116,0.,-7.402520604168));
#5087 = SURFACE_CURVE('',#5088,(#5093,#5100),.PCURVE_S1.);
#5088 = CIRCLE('',#5089,8.);
#5089 = AXIS2_PLACEMENT_3D('',#5090,#5091,#5092);
#5090 = CARTESIAN_POINT('',(1.953316134117E-16,0.,-2.229711069055E-16));
#5091 = DIRECTION('',(0.,1.,0.));
#5092 = DIRECTION('',(0.,-0.,1.));
#5093 = PCURVE('',#99,#5094);
#5094 = DEFINITIONAL_REPRESENTATION('',(#5095),#5099);
#5095 = CIRCLE('',#5096,8.);
#5096 = AXIS2_PLACEMENT_2D('',#5097,#5098);
#5097 = CARTESIAN_POINT('',(-2.337527005408,2.63694283087));
#5098 = DIRECTION('',(1.,0.));
#5099 = ( GEOMETRIC_REPRESENTATION_CONTEXT(2) 
PARAMETRIC_REPRESENTATION_CONTEXT() REPRESENTATION_CONTEXT('2D SPACE',''
  ) );
#5100 = PCURVE('',#2871,#5101);
#5101 = DEFINITIONAL_REPRESENTATION('',(#5102),#5106);
#5102 = LINE('',#5103,#5104);
#5103 = CARTESIAN_POINT('',(3.14159265359,7.));
#5104 = VECTOR('',#5105,1.);
#5105 = DIRECTION('',(-1.,0.));
#5106 = ( GEOMETRIC_REPRESENTATION_CONTEXT(2) 
PARAMETRIC_REPRESENTATION_CONTEXT() REPRESENTATION_CONTEXT('2D SPACE',''
  ) );
#5107 = ORIENTED_EDGE('',*,*,#5108,.F.);
#5108 = EDGE_CURVE('',#5109,#5085,#5111,.T.);
#5109 = VERTEX_POINT('',#5110);
#5110 = CARTESIAN_POINT('',(2.936868605944,0.,-6.21503650765));
#5111 = SURFACE_CURVE('',#5112,(#5117,#5124),.PCURVE_S1.);
#5112 = CIRCLE('',#5113,3.);
#5113 = AXIS2_PLACEMENT_3D('',#5114,#5115,#5116);
#5114 = CARTESIAN_POINT('',(5.467611374249E-02,0.,-7.047482564698));
#5115 = DIRECTION('',(0.,1.,0.));
#5116 = DIRECTION('',(0.,-0.,1.));
#5117 = PCURVE('',#99,#5118);
#5118 = DEFINITIONAL_REPRESENTATION('',(#5119),#5123);
#5119 = CIRCLE('',#5120,3.);
#5120 = AXIS2_PLACEMENT_2D('',#5121,#5122);
#5121 = CARTESIAN_POINT('',(-9.385009570106,2.691618944612));
#5122 = DIRECTION('',(1.,0.));
#5123 = ( GEOMETRIC_REPRESENTATION_CONTEXT(2) 
PARAMETRIC_REPRESENTATION_CONTEXT() REPRESENTATION_CONTEXT('2D SPACE',''
  ) );
#5124 = PCURVE('',#2842,#5125);
#5125 = DEFINITIONAL_REPRESENTATION('',(#5126),#5130);
#5126 = LINE('',#5127,#5128);
#5127 = CARTESIAN_POINT('',(3.14159265359,7.));
#5128 = VECTOR('',#5129,1.);
#5129 = DIRECTION('',(-1.,0.));
#5130 = ( GEOMETRIC_REPRESENTATION_CONTEXT(2) 
PARAMETRIC_REPRESENTATION_CONTEXT() REPRESENTATION_CONTEXT('2D SPACE',''
  ) );
#5131 = ORIENTED_EDGE('',*,*,#5132,.F.);
#5132 = EDGE_CURVE('',#5133,#5109,#5135,.T.);
#5133 = VERTEX_POINT('',#5134);
#5134 = CARTESIAN_POINT('',(3.351384982315,0.,-6.001674324746));
#5135 = SURFACE_CURVE('',#5136,(#5141,#5148),.PCURVE_S1.);
#5136 = CIRCLE('',#5137,6.874);
#5137 = AXIS2_PLACEMENT_3D('',#5138,#5139,#5140);
#5138 = CARTESIAN_POINT('',(1.953316134117E-16,0.,-2.229711069055E-16));
#5139 = DIRECTION('',(0.,1.,0.));
#5140 = DIRECTION('',(0.,-0.,1.));
#5141 = PCURVE('',#99,#5142);
#5142 = DEFINITIONAL_REPRESENTATION('',(#5143),#5147);
#5143 = CIRCLE('',#5144,6.874);
#5144 = AXIS2_PLACEMENT_2D('',#5145,#5146);
#5145 = CARTESIAN_POINT('',(-2.337527005408,2.63694283087));
#5146 = DIRECTION('',(1.,0.));
#5147 = ( GEOMETRIC_REPRESENTATION_CONTEXT(2) 
PARAMETRIC_REPRESENTATION_CONTEXT() REPRESENTATION_CONTEXT('2D SPACE',''
  ) );
#5148 = PCURVE('',#2813,#5149);
#5149 = DEFINITIONAL_REPRESENTATION('',(#5150),#5154);
#5150 = LINE('',#5151,#5152);
#5151 = CARTESIAN_POINT('',(3.14159265359,7.));
#5152 = VECTOR('',#5153,1.);
#5153 = DIRECTION('',(-1.,0.));
#5154 = ( GEOMETRIC_REPRESENTATION_CONTEXT(2) 
PARAMETRIC_REPRESENTATION_CONTEXT() REPRESENTATION_CONTEXT('2D SPACE',''
  ) );
#5155 = ORIENTED_EDGE('',*,*,#5156,.F.);
#5156 = EDGE_CURVE('',#5157,#5133,#5159,.T.);
#5157 = VERTEX_POINT('',#5158);
#5158 = CARTESIAN_POINT('',(4.26159132473,0.,-6.77043864022));
#5159 = SURFACE_CURVE('',#5160,(#5165,#5172),.PCURVE_S1.);
#5160 = CIRCLE('',#5161,3.);
#5161 = AXIS2_PLACEMENT_3D('',#5162,#5163,#5164);
#5162 = CARTESIAN_POINT('',(5.703697570117,0.,-4.139786710181));
#5163 = DIRECTION('',(0.,1.,0.));
#5164 = DIRECTION('',(0.,-0.,1.));
#5165 = PCURVE('',#99,#5166);
#5166 = DEFINITIONAL_REPRESENTATION('',(#5167),#5171);
#5167 = CIRCLE('',#5168,3.);
#5168 = AXIS2_PLACEMENT_2D('',#5169,#5170);
#5169 = CARTESIAN_POINT('',(-6.477313715588,8.340640400986));
#5170 = DIRECTION('',(1.,0.));
#5171 = ( GEOMETRIC_REPRESENTATION_CONTEXT(2) 
PARAMETRIC_REPRESENTATION_CONTEXT() REPRESENTATION_CONTEXT('2D SPACE',''
  ) );
#5172 = PCURVE('',#2784,#5173);
#5173 = DEFINITIONAL_REPRESENTATION('',(#5174),#5178);
#5174 = LINE('',#5175,#5176);
#5175 = CARTESIAN_POINT('',(9.424777960769,7.));
#5176 = VECTOR('',#5177,1.);
#5177 = DIRECTION('',(-1.,0.));
#5178 = ( GEOMETRIC_REPRESENTATION_CONTEXT(2) 
PARAMETRIC_REPRESENTATION_CONTEXT() REPRESENTATION_CONTEXT('2D SPACE',''
  ) );
#5179 = ORIENTED_EDGE('',*,*,#5180,.F.);
#5180 = EDGE_CURVE('',#5181,#5157,#5183,.T.);
#5181 = VERTEX_POINT('',#5182);
#5182 = CARTESIAN_POINT('',(4.506372646816,0.,-6.610038242554));
#5183 = SURFACE_CURVE('',#5184,(#5189,#5196),.PCURVE_S1.);
#5184 = CIRCLE('',#5185,8.);
#5185 = AXIS2_PLACEMENT_3D('',#5186,#5187,#5188);
#5186 = CARTESIAN_POINT('',(1.953316134117E-16,0.,-2.229711069055E-16));
#5187 = DIRECTION('',(0.,1.,0.));
#5188 = DIRECTION('',(0.,-0.,1.));
#5189 = PCURVE('',#99,#5190);
#5190 = DEFINITIONAL_REPRESENTATION('',(#5191),#5195);
#5191 = CIRCLE('',#5192,8.);
#5192 = AXIS2_PLACEMENT_2D('',#5193,#5194);
#5193 = CARTESIAN_POINT('',(-2.337527005408,2.63694283087));
#5194 = DIRECTION('',(1.,0.));
#5195 = ( GEOMETRIC_REPRESENTATION_CONTEXT(2) 
PARAMETRIC_REPRESENTATION_CONTEXT() REPRESENTATION_CONTEXT('2D SPACE',''
  ) );
#5196 = PCURVE('',#2755,#5197);
#5197 = DEFINITIONAL_REPRESENTATION('',(#5198),#5202);
#5198 = LINE('',#5199,#5200);
#5199 = CARTESIAN_POINT('',(3.14159265359,7.));
#5200 = VECTOR('',#5201,1.);
#5201 = DIRECTION('',(-1.,0.));
#5202 = ( GEOMETRIC_REPRESENTATION_CONTEXT(2) 
PARAMETRIC_REPRESENTATION_CONTEXT() REPRESENTATION_CONTEXT('2D SPACE',''
  ) );
#5203 = ORIENTED_EDGE('',*,*,#5204,.F.);
#5204 = EDGE_CURVE('',#5205,#5181,#5207,.T.);
#5205 = VERTEX_POINT('',#5206);
#5206 = CARTESIAN_POINT('',(4.164869729374,0.,-5.468613730859));
#5207 = SURFACE_CURVE('',#5208,(#5213,#5220),.PCURVE_S1.);
#5208 = CIRCLE('',#5209,3.);
#5209 = AXIS2_PLACEMENT_3D('',#5210,#5211,#5212);
#5210 = CARTESIAN_POINT('',(1.51873532551,0.,-6.882110358618));
#5211 = DIRECTION('',(0.,1.,0.));
#5212 = DIRECTION('',(0.,-0.,1.));
#5213 = PCURVE('',#99,#5214);
#5214 = DEFINITIONAL_REPRESENTATION('',(#5215),#5219);
#5215 = CIRCLE('',#5216,3.);
#5216 = AXIS2_PLACEMENT_2D('',#5217,#5218);
#5217 = CARTESIAN_POINT('',(-9.219637364025,4.15567815638));
#5218 = DIRECTION('',(1.,0.));
#5219 = ( GEOMETRIC_REPRESENTATION_CONTEXT(2) 
PARAMETRIC_REPRESENTATION_CONTEXT() REPRESENTATION_CONTEXT('2D SPACE',''
  ) );
#5220 = PCURVE('',#2726,#5221);
#5221 = DEFINITIONAL_REPRESENTATION('',(#5222),#5226);
#5222 = LINE('',#5223,#5224);
#5223 = CARTESIAN_POINT('',(3.14159265359,7.));
#5224 = VECTOR('',#5225,1.);
#5225 = DIRECTION('',(-1.,0.));
#5226 = ( GEOMETRIC_REPRESENTATION_CONTEXT(2) 
PARAMETRIC_REPRESENTATION_CONTEXT() REPRESENTATION_CONTEXT('2D SPACE',''
  ) );
#5227 = ORIENTED_EDGE('',*,*,#5228,.F.);
#5228 = EDGE_CURVE('',#5229,#5205,#5231,.T.);
#5229 = VERTEX_POINT('',#5230);
#5230 = CARTESIAN_POINT('',(4.525967436182,0.,-5.173731222881));
#5231 = SURFACE_CURVE('',#5232,(#5237,#5244),.PCURVE_S1.);
#5232 = CIRCLE('',#5233,6.874);
#5233 = AXIS2_PLACEMENT_3D('',#5234,#5235,#5236);
#5234 = CARTESIAN_POINT('',(1.953316134117E-16,0.,-2.229711069055E-16));
#5235 = DIRECTION('',(0.,1.,0.));
#5236 = DIRECTION('',(0.,-0.,1.));
#5237 = PCURVE('',#99,#5238);
#5238 = DEFINITIONAL_REPRESENTATION('',(#5239),#5243);
#5239 = CIRCLE('',#5240,6.874);
#5240 = AXIS2_PLACEMENT_2D('',#5241,#5242);
#5241 = CARTESIAN_POINT('',(-2.337527005408,2.63694283087));
#5242 = DIRECTION('',(1.,0.));
#5243 = ( GEOMETRIC_REPRESENTATION_CONTEXT(2) 
PARAMETRIC_REPRESENTATION_CONTEXT() REPRESENTATION_CONTEXT('2D SPACE',''
  ) );
#5244 = PCURVE('',#2697,#5245);
#5245 = DEFINITIONAL_REPRESENTATION('',(#5246),#5250);
#5246 = LINE('',#5247,#5248);
#5247 = CARTESIAN_POINT('',(3.14159265359,7.));
#5248 = VECTOR('',#5249,1.);
#5249 = DIRECTION('',(-1.,0.));
#5250 = ( GEOMETRIC_REPRESENTATION_CONTEXT(2) 
PARAMETRIC_REPRESENTATION_CONTEXT() REPRESENTATION_CONTEXT('2D SPACE',''
  ) );
#5251 = ORIENTED_EDGE('',*,*,#5252,.F.);
#5252 = EDGE_CURVE('',#5253,#5229,#5255,.T.);
#5253 = VERTEX_POINT('',#5254);
#5254 = CARTESIAN_POINT('',(5.576118674859,0.,-5.736453653947));
#5255 = SURFACE_CURVE('',#5256,(#5261,#5268),.PCURVE_S1.);
#5256 = CIRCLE('',#5257,3.);
#5257 = AXIS2_PLACEMENT_3D('',#5258,#5259,#5260);
#5258 = CARTESIAN_POINT('',(6.439768148059,0.,-2.863457032397));
#5259 = DIRECTION('',(0.,1.,0.));
#5260 = DIRECTION('',(0.,-0.,1.));
#5261 = PCURVE('',#99,#5262);
#5262 = DEFINITIONAL_REPRESENTATION('',(#5263),#5267);
#5263 = CIRCLE('',#5264,3.);
#5264 = AXIS2_PLACEMENT_2D('',#5265,#5266);
#5265 = CARTESIAN_POINT('',(-5.200984037805,9.076710978929));
#5266 = DIRECTION('',(1.,0.));
#5267 = ( GEOMETRIC_REPRESENTATION_CONTEXT(2) 
PARAMETRIC_REPRESENTATION_CONTEXT() REPRESENTATION_CONTEXT('2D SPACE',''
  ) );
#5268 = PCURVE('',#2668,#5269);
#5269 = DEFINITIONAL_REPRESENTATION('',(#5270),#5274);
#5270 = LINE('',#5271,#5272);
#5271 = CARTESIAN_POINT('',(9.424777960769,7.));
#5272 = VECTOR('',#5273,1.);
#5273 = DIRECTION('',(-1.,0.));
#5274 = ( GEOMETRIC_REPRESENTATION_CONTEXT(2) 
PARAMETRIC_REPRESENTATION_CONTEXT() REPRESENTATION_CONTEXT('2D SPACE',''
  ) );
#5275 = ORIENTED_EDGE('',*,*,#5276,.F.);
#5276 = EDGE_CURVE('',#5277,#5253,#5279,.T.);
#5277 = VERTEX_POINT('',#5278);
#5278 = CARTESIAN_POINT('',(5.782201819875,0.,-5.528665491259));
#5279 = SURFACE_CURVE('',#5280,(#5285,#5292),.PCURVE_S1.);
#5280 = CIRCLE('',#5281,8.);
#5281 = AXIS2_PLACEMENT_3D('',#5282,#5283,#5284);
#5282 = CARTESIAN_POINT('',(1.953316134117E-16,0.,-2.229711069055E-16));
#5283 = DIRECTION('',(0.,1.,0.));
#5284 = DIRECTION('',(0.,-0.,1.));
#5285 = PCURVE('',#99,#5286);
#5286 = DEFINITIONAL_REPRESENTATION('',(#5287),#5291);
#5287 = CIRCLE('',#5288,8.);
#5288 = AXIS2_PLACEMENT_2D('',#5289,#5290);
#5289 = CARTESIAN_POINT('',(-2.337527005408,2.63694283087));
#5290 = DIRECTION('',(1.,0.));
#5291 = ( GEOMETRIC_REPRESENTATION_CONTEXT(2) 
PARAMETRIC_REPRESENTATION_CONTEXT() REPRESENTATION_CONTEXT('2D SPACE',''
  ) );
#5292 = PCURVE('',#2639,#5293);
#5293 = DEFINITIONAL_REPRESENTATION('',(#5294),#5298);
#5294 = LINE('',#5295,#5296);
#5295 = CARTESIAN_POINT('',(3.14159265359,7.));
#5296 = VECTOR('',#5297,1.);
#5297 = DIRECTION('',(-1.,0.));
#5298 = ( GEOMETRIC_REPRESENTATION_CONTEXT(2) 
PARAMETRIC_REPRESENTATION_CONTEXT() REPRESENTATION_CONTEXT('2D SPACE',''
  ) );
#5299 = ORIENTED_EDGE('',*,*,#5300,.F.);
#5300 = EDGE_CURVE('',#5301,#5277,#5303,.T.);
#5301 = VERTEX_POINT('',#5302);
#5302 = CARTESIAN_POINT('',(5.210846060369,0.,-4.48318629271));
#5303 = SURFACE_CURVE('',#5304,(#5309,#5316),.PCURVE_S1.);
#5304 = CIRCLE('',#5305,3.);
#5305 = AXIS2_PLACEMENT_3D('',#5306,#5307,#5308);
#5306 = CARTESIAN_POINT('',(2.916418515852,0.,-6.415956905836));
#5307 = DIRECTION('',(0.,1.,0.));
#5308 = DIRECTION('',(0.,-0.,1.));
#5309 = PCURVE('',#99,#5310);
#5310 = DEFINITIONAL_REPRESENTATION('',(#5311),#5315);
#5311 = CIRCLE('',#5312,3.);
#5312 = AXIS2_PLACEMENT_2D('',#5313,#5314);
#5313 = CARTESIAN_POINT('',(-8.753483911243,5.553361346722));
#5314 = DIRECTION('',(1.,0.));
#5315 = ( GEOMETRIC_REPRESENTATION_CONTEXT(2) 
PARAMETRIC_REPRESENTATION_CONTEXT() REPRESENTATION_CONTEXT('2D SPACE',''
  ) );
#5316 = PCURVE('',#2610,#5317);
#5317 = DEFINITIONAL_REPRESENTATION('',(#5318),#5322);
#5318 = LINE('',#5319,#5320);
#5319 = CARTESIAN_POINT('',(3.14159265359,7.));
#5320 = VECTOR('',#5321,1.);
#5321 = DIRECTION('',(-1.,0.));
#5322 = ( GEOMETRIC_REPRESENTATION_CONTEXT(2) 
PARAMETRIC_REPRESENTATION_CONTEXT() REPRESENTATION_CONTEXT('2D SPACE',''
  ) );
#5323 = ORIENTED_EDGE('',*,*,#5324,.F.);
#5324 = EDGE_CURVE('',#5325,#5301,#5327,.T.);
#5325 = VERTEX_POINT('',#5326);
#5326 = CARTESIAN_POINT('',(5.502743395087,0.,-4.11967124026));
#5327 = SURFACE_CURVE('',#5328,(#5333,#5340),.PCURVE_S1.);
#5328 = CIRCLE('',#5329,6.874);
#5329 = AXIS2_PLACEMENT_3D('',#5330,#5331,#5332);
#5330 = CARTESIAN_POINT('',(1.953316134117E-16,0.,-2.229711069055E-16));
#5331 = DIRECTION('',(0.,1.,0.));
#5332 = DIRECTION('',(0.,-0.,1.));
#5333 = PCURVE('',#99,#5334);
#5334 = DEFINITIONAL_REPRESENTATION('',(#5335),#5339);
#5335 = CIRCLE('',#5336,6.874);
#5336 = AXIS2_PLACEMENT_2D('',#5337,#5338);
#5337 = CARTESIAN_POINT('',(-2.337527005408,2.63694283087));
#5338 = DIRECTION('',(1.,0.));
#5339 = ( GEOMETRIC_REPRESENTATION_CONTEXT(2) 
PARAMETRIC_REPRESENTATION_CONTEXT() REPRESENTATION_CONTEXT('2D SPACE',''
  ) );
#5340 = PCURVE('',#2581,#5341);
#5341 = DEFINITIONAL_REPRESENTATION('',(#5342),#5346);
#5342 = LINE('',#5343,#5344);
#5343 = CARTESIAN_POINT('',(3.14159265359,7.));
#5344 = VECTOR('',#5345,1.);
#5345 = DIRECTION('',(-1.,0.));
#5346 = ( GEOMETRIC_REPRESENTATION_CONTEXT(2) 
PARAMETRIC_REPRESENTATION_CONTEXT() REPRESENTATION_CONTEXT('2D SPACE',''
  ) );
#5347 = ORIENTED_EDGE('',*,*,#5348,.F.);
#5348 = EDGE_CURVE('',#5349,#5325,#5351,.T.);
#5349 = VERTEX_POINT('',#5350);
#5350 = CARTESIAN_POINT('',(6.64694288171,0.,-4.451758116439));
#5351 = SURFACE_CURVE('',#5352,(#5357,#5364),.PCURVE_S1.);
#5352 = CIRCLE('',#5353,3.);
#5353 = AXIS2_PLACEMENT_3D('',#5354,#5355,#5356);
#5354 = CARTESIAN_POINT('',(6.894389956496,0.,-1.461980541906));
#5355 = DIRECTION('',(0.,1.,0.));
#5356 = DIRECTION('',(0.,-0.,1.));
#5357 = PCURVE('',#99,#5358);
#5358 = DEFINITIONAL_REPRESENTATION('',(#5359),#5363);
#5359 = CIRCLE('',#5360,3.);
#5360 = AXIS2_PLACEMENT_2D('',#5361,#5362);
#5361 = CARTESIAN_POINT('',(-3.799507547314,9.531332787366));
#5362 = DIRECTION('',(1.,0.));
#5363 = ( GEOMETRIC_REPRESENTATION_CONTEXT(2) 
PARAMETRIC_REPRESENTATION_CONTEXT() REPRESENTATION_CONTEXT('2D SPACE',''
  ) );
#5364 = PCURVE('',#2552,#5365);
#5365 = DEFINITIONAL_REPRESENTATION('',(#5366),#5370);
#5366 = LINE('',#5367,#5368);
#5367 = CARTESIAN_POINT('',(9.424777960769,7.));
#5368 = VECTOR('',#5369,1.);
#5369 = DIRECTION('',(-1.,0.));
#5370 = ( GEOMETRIC_REPRESENTATION_CONTEXT(2) 
PARAMETRIC_REPRESENTATION_CONTEXT() REPRESENTATION_CONTEXT('2D SPACE',''
  ) );
#5371 = ORIENTED_EDGE('',*,*,#5372,.F.);
#5372 = EDGE_CURVE('',#5373,#5349,#5375,.T.);
#5373 = VERTEX_POINT('',#5374);
#5374 = CARTESIAN_POINT('',(6.805321027323,0.,-4.205663528515));
#5375 = SURFACE_CURVE('',#5376,(#5381,#5388),.PCURVE_S1.);
#5376 = CIRCLE('',#5377,8.);
#5377 = AXIS2_PLACEMENT_3D('',#5378,#5379,#5380);
#5378 = CARTESIAN_POINT('',(1.953316134117E-16,0.,-2.229711069055E-16));
#5379 = DIRECTION('',(0.,1.,0.));
#5380 = DIRECTION('',(0.,-0.,1.));
#5381 = PCURVE('',#99,#5382);
#5382 = DEFINITIONAL_REPRESENTATION('',(#5383),#5387);
#5383 = CIRCLE('',#5384,8.);
#5384 = AXIS2_PLACEMENT_2D('',#5385,#5386);
#5385 = CARTESIAN_POINT('',(-2.337527005408,2.63694283087));
#5386 = DIRECTION('',(1.,0.));
#5387 = ( GEOMETRIC_REPRESENTATION_CONTEXT(2) 
PARAMETRIC_REPRESENTATION_CONTEXT() REPRESENTATION_CONTEXT('2D SPACE',''
  ) );
#5388 = PCURVE('',#2523,#5389);
#5389 = DEFINITIONAL_REPRESENTATION('',(#5390),#5394);
#5390 = LINE('',#5391,#5392);
#5391 = CARTESIAN_POINT('',(3.14159265359,7.));
#5392 = VECTOR('',#5393,1.);
#5393 = DIRECTION('',(-1.,0.));
#5394 = ( GEOMETRIC_REPRESENTATION_CONTEXT(2) 
PARAMETRIC_REPRESENTATION_CONTEXT() REPRESENTATION_CONTEXT('2D SPACE',''
  ) );
#5395 = ORIENTED_EDGE('',*,*,#5396,.F.);
#5396 = EDGE_CURVE('',#5397,#5373,#5399,.T.);
#5397 = VERTEX_POINT('',#5398);
#5398 = CARTESIAN_POINT('',(6.029083414111,0.,-3.301822100855));
#5399 = SURFACE_CURVE('',#5400,(#5405,#5412),.PCURVE_S1.);
#5400 = CIRCLE('',#5401,3.);
#5401 = AXIS2_PLACEMENT_3D('',#5402,#5403,#5404);
#5402 = CARTESIAN_POINT('',(4.186640222522,0.,-5.669395349092));
#5403 = DIRECTION('',(0.,1.,0.));
#5404 = DIRECTION('',(0.,-0.,1.));
#5405 = PCURVE('',#99,#5406);
#5406 = DEFINITIONAL_REPRESENTATION('',(#5407),#5411);
#5407 = CIRCLE('',#5408,3.);
#5408 = AXIS2_PLACEMENT_2D('',#5409,#5410);
#5409 = CARTESIAN_POINT('',(-8.006922354499,6.823583053392));
#5410 = DIRECTION('',(1.,0.));
#5411 = ( GEOMETRIC_REPRESENTATION_CONTEXT(2) 
PARAMETRIC_REPRESENTATION_CONTEXT() REPRESENTATION_CONTEXT('2D SPACE',''
  ) );
#5412 = PCURVE('',#2494,#5413);
#5413 = DEFINITIONAL_REPRESENTATION('',(#5414),#5418);
#5414 = LINE('',#5415,#5416);
#5415 = CARTESIAN_POINT('',(3.14159265359,7.));
#5416 = VECTOR('',#5417,1.);
#5417 = DIRECTION('',(-1.,0.));
#5418 = ( GEOMETRIC_REPRESENTATION_CONTEXT(2) 
PARAMETRIC_REPRESENTATION_CONTEXT() REPRESENTATION_CONTEXT('2D SPACE',''
  ) );
#5419 = ORIENTED_EDGE('',*,*,#5420,.F.);
#5420 = EDGE_CURVE('',#448,#5397,#5421,.T.);
#5421 = SURFACE_CURVE('',#5422,(#5427,#5434),.PCURVE_S1.);
#5422 = CIRCLE('',#5423,6.874);
#5423 = AXIS2_PLACEMENT_3D('',#5424,#5425,#5426);
#5424 = CARTESIAN_POINT('',(1.953316134117E-16,0.,-2.229711069055E-16));
#5425 = DIRECTION('',(0.,1.,0.));
#5426 = DIRECTION('',(0.,-0.,1.));
#5427 = PCURVE('',#99,#5428);
#5428 = DEFINITIONAL_REPRESENTATION('',(#5429),#5433);
#5429 = CIRCLE('',#5430,6.874);
#5430 = AXIS2_PLACEMENT_2D('',#5431,#5432);
#5431 = CARTESIAN_POINT('',(-2.337527005408,2.63694283087));
#5432 = DIRECTION('',(1.,0.));
#5433 = ( GEOMETRIC_REPRESENTATION_CONTEXT(2) 
PARAMETRIC_REPRESENTATION_CONTEXT() REPRESENTATION_CONTEXT('2D SPACE',''
  ) );
#5434 = PCURVE('',#485,#5435);
#5435 = DEFINITIONAL_REPRESENTATION('',(#5436),#5440);
#5436 = LINE('',#5437,#5438);
#5437 = CARTESIAN_POINT('',(3.14159265359,7.));
#5438 = VECTOR('',#5439,1.);
#5439 = DIRECTION('',(-1.,0.));
#5440 = ( GEOMETRIC_REPRESENTATION_CONTEXT(2) 
PARAMETRIC_REPRESENTATION_CONTEXT() REPRESENTATION_CONTEXT('2D SPACE',''
  ) );
#5441 = ORIENTED_EDGE('',*,*,#447,.F.);
#5442 = ORIENTED_EDGE('',*,*,#5443,.F.);
#5443 = EDGE_CURVE('',#5444,#420,#5446,.T.);
#5444 = VERTEX_POINT('',#5445);
#5445 = CARTESIAN_POINT('',(7.42726378906,0.,-2.972499387337));
#5446 = SURFACE_CURVE('',#5447,(#5452,#5459),.PCURVE_S1.);
#5447 = CIRCLE('',#5448,3.);
#5448 = AXIS2_PLACEMENT_3D('',#5449,#5450,#5451);
#5449 = CARTESIAN_POINT('',(7.04769384088,0.,3.39151362715E-03));
#5450 = DIRECTION('',(0.,1.,0.));
#5451 = DIRECTION('',(0.,-0.,1.));
#5452 = PCURVE('',#99,#5453);
#5453 = DEFINITIONAL_REPRESENTATION('',(#5454),#5458);
#5454 = CIRCLE('',#5455,3.);
#5455 = AXIS2_PLACEMENT_2D('',#5456,#5457);
#5456 = CARTESIAN_POINT('',(-2.33413549178,9.68463667175));
#5457 = DIRECTION('',(1.,0.));
#5458 = ( GEOMETRIC_REPRESENTATION_CONTEXT(2) 
PARAMETRIC_REPRESENTATION_CONTEXT() REPRESENTATION_CONTEXT('2D SPACE',''
  ) );
#5459 = PCURVE('',#435,#5460);
#5460 = DEFINITIONAL_REPRESENTATION('',(#5461),#5465);
#5461 = LINE('',#5462,#5463);
#5462 = CARTESIAN_POINT('',(3.14159265359,7.));
#5463 = VECTOR('',#5464,1.);
#5464 = DIRECTION('',(-1.,0.));
#5465 = ( GEOMETRIC_REPRESENTATION_CONTEXT(2) 
PARAMETRIC_REPRESENTATION_CONTEXT() REPRESENTATION_CONTEXT('2D SPACE',''
  ) );
#5466 = ORIENTED_EDGE('',*,*,#5467,.F.);
#5467 = EDGE_CURVE('',#5468,#5444,#5470,.T.);
#5468 = VERTEX_POINT('',#5469);
#5469 = CARTESIAN_POINT('',(7.531015050323,0.,-2.698853888562));
#5470 = SURFACE_CURVE('',#5471,(#5476,#5483),.PCURVE_S1.);
#5471 = CIRCLE('',#5472,8.);
#5472 = AXIS2_PLACEMENT_3D('',#5473,#5474,#5475);
#5473 = CARTESIAN_POINT('',(1.953316134117E-16,0.,-2.229711069055E-16));
#5474 = DIRECTION('',(0.,1.,0.));
#5475 = DIRECTION('',(0.,-0.,1.));
#5476 = PCURVE('',#99,#5477);
#5477 = DEFINITIONAL_REPRESENTATION('',(#5478),#5482);
#5478 = CIRCLE('',#5479,8.);
#5479 = AXIS2_PLACEMENT_2D('',#5480,#5481);
#5480 = CARTESIAN_POINT('',(-2.337527005408,2.63694283087));
#5481 = DIRECTION('',(1.,0.));
#5482 = ( GEOMETRIC_REPRESENTATION_CONTEXT(2) 
PARAMETRIC_REPRESENTATION_CONTEXT() REPRESENTATION_CONTEXT('2D SPACE',''
  ) );
#5483 = PCURVE('',#2418,#5484);
#5484 = DEFINITIONAL_REPRESENTATION('',(#5485),#5489);
#5485 = LINE('',#5486,#5487);
#5486 = CARTESIAN_POINT('',(3.14159265359,7.));
#5487 = VECTOR('',#5488,1.);
#5488 = DIRECTION('',(-1.,0.));
#5489 = ( GEOMETRIC_REPRESENTATION_CONTEXT(2) 
PARAMETRIC_REPRESENTATION_CONTEXT() REPRESENTATION_CONTEXT('2D SPACE',''
  ) );
#5490 = ORIENTED_EDGE('',*,*,#5491,.F.);
#5491 = EDGE_CURVE('',#5492,#5468,#5494,.T.);
#5492 = VERTEX_POINT('',#5493);
#5493 = CARTESIAN_POINT('',(6.583820891905,0.,-1.976152439292));
#5494 = SURFACE_CURVE('',#5495,(#5500,#5507),.PCURVE_S1.);
#5495 = CIRCLE('',#5496,3.);
#5496 = AXIS2_PLACEMENT_3D('',#5497,#5498,#5499);
#5497 = CARTESIAN_POINT('',(5.27388566174,0.,-4.675054010815));
#5498 = DIRECTION('',(0.,1.,0.));
#5499 = DIRECTION('',(0.,-0.,1.));
#5500 = PCURVE('',#99,#5501);
#5501 = DEFINITIONAL_REPRESENTATION('',(#5502),#5506);
#5502 = CIRCLE('',#5503,3.);
#5503 = AXIS2_PLACEMENT_2D('',#5504,#5505);
#5504 = CARTESIAN_POINT('',(-7.012581016223,7.91082849261));
#5505 = DIRECTION('',(1.,0.));
#5506 = ( GEOMETRIC_REPRESENTATION_CONTEXT(2) 
PARAMETRIC_REPRESENTATION_CONTEXT() REPRESENTATION_CONTEXT('2D SPACE',''
  ) );
#5507 = PCURVE('',#2389,#5508);
#5508 = DEFINITIONAL_REPRESENTATION('',(#5509),#5513);
#5509 = LINE('',#5510,#5511);
#5510 = CARTESIAN_POINT('',(3.14159265359,7.));
#5511 = VECTOR('',#5512,1.);
#5512 = DIRECTION('',(-1.,0.));
#5513 = ( GEOMETRIC_REPRESENTATION_CONTEXT(2) 
PARAMETRIC_REPRESENTATION_CONTEXT() REPRESENTATION_CONTEXT('2D SPACE',''
  ) );
#5514 = ORIENTED_EDGE('',*,*,#5515,.F.);
#5515 = EDGE_CURVE('',#560,#5492,#5516,.T.);
#5516 = SURFACE_CURVE('',#5517,(#5522,#5529),.PCURVE_S1.);
#5517 = CIRCLE('',#5518,6.874);
#5518 = AXIS2_PLACEMENT_3D('',#5519,#5520,#5521);
#5519 = CARTESIAN_POINT('',(1.953316134117E-16,0.,-2.229711069055E-16));
#5520 = DIRECTION('',(0.,1.,0.));
#5521 = DIRECTION('',(0.,-0.,1.));
#5522 = PCURVE('',#99,#5523);
#5523 = DEFINITIONAL_REPRESENTATION('',(#5524),#5528);
#5524 = CIRCLE('',#5525,6.874);
#5525 = AXIS2_PLACEMENT_2D('',#5526,#5527);
#5526 = CARTESIAN_POINT('',(-2.337527005408,2.63694283087));
#5527 = DIRECTION('',(1.,0.));
#5528 = ( GEOMETRIC_REPRESENTATION_CONTEXT(2) 
PARAMETRIC_REPRESENTATION_CONTEXT() REPRESENTATION_CONTEXT('2D SPACE',''
  ) );
#5529 = PCURVE('',#597,#5530);
#5530 = DEFINITIONAL_REPRESENTATION('',(#5531),#5535);
#5531 = LINE('',#5532,#5533);
#5532 = CARTESIAN_POINT('',(3.14159265359,7.));
#5533 = VECTOR('',#5534,1.);
#5534 = DIRECTION('',(-1.,0.));
#5535 = ( GEOMETRIC_REPRESENTATION_CONTEXT(2) 
PARAMETRIC_REPRESENTATION_CONTEXT() REPRESENTATION_CONTEXT('2D SPACE',''
  ) );
#5536 = ORIENTED_EDGE('',*,*,#559,.F.);
#5537 = ORIENTED_EDGE('',*,*,#5538,.F.);
#5538 = EDGE_CURVE('',#5539,#532,#5541,.T.);
#5539 = VERTEX_POINT('',#5540);
#5540 = CARTESIAN_POINT('',(7.882977628862,0.,-1.363328171373));
#5541 = SURFACE_CURVE('',#5542,(#5547,#5554),.PCURVE_S1.);
#5542 = CIRCLE('',#5543,3.);
#5543 = AXIS2_PLACEMENT_3D('',#5544,#5545,#5546);
#5544 = CARTESIAN_POINT('',(6.892979685831,0.,1.468615343741));
#5545 = DIRECTION('',(0.,1.,0.));
#5546 = DIRECTION('',(0.,-0.,1.));
#5547 = PCURVE('',#99,#5548);
#5548 = DEFINITIONAL_REPRESENTATION('',(#5549),#5553);
#5549 = CIRCLE('',#5550,3.);
#5550 = AXIS2_PLACEMENT_2D('',#5551,#5552);
#5551 = CARTESIAN_POINT('',(-0.868911661667,9.5299225167));
#5552 = DIRECTION('',(1.,0.));
#5553 = ( GEOMETRIC_REPRESENTATION_CONTEXT(2) 
PARAMETRIC_REPRESENTATION_CONTEXT() REPRESENTATION_CONTEXT('2D SPACE',''
  ) );
#5554 = PCURVE('',#547,#5555);
#5555 = DEFINITIONAL_REPRESENTATION('',(#5556),#5560);
#5556 = LINE('',#5557,#5558);
#5557 = CARTESIAN_POINT('',(3.14159265359,7.));
#5558 = VECTOR('',#5559,1.);
#5559 = DIRECTION('',(-1.,0.));
#5560 = ( GEOMETRIC_REPRESENTATION_CONTEXT(2) 
PARAMETRIC_REPRESENTATION_CONTEXT() REPRESENTATION_CONTEXT('2D SPACE',''
  ) );
#5561 = ORIENTED_EDGE('',*,*,#5562,.F.);
#5562 = EDGE_CURVE('',#5563,#5539,#5565,.T.);
#5563 = VERTEX_POINT('',#5564);
#5564 = CARTESIAN_POINT('',(7.927567577805,0.,-1.074091383141));
#5565 = SURFACE_CURVE('',#5566,(#5571,#5578),.PCURVE_S1.);
#5566 = CIRCLE('',#5567,8.);
#5567 = AXIS2_PLACEMENT_3D('',#5568,#5569,#5570);
#5568 = CARTESIAN_POINT('',(1.953316134117E-16,0.,-2.229711069055E-16));
#5569 = DIRECTION('',(0.,1.,0.));
#5570 = DIRECTION('',(0.,-0.,1.));
#5571 = PCURVE('',#99,#5572);
#5572 = DEFINITIONAL_REPRESENTATION('',(#5573),#5577);
#5573 = CIRCLE('',#5574,8.);
#5574 = AXIS2_PLACEMENT_2D('',#5575,#5576);
#5575 = CARTESIAN_POINT('',(-2.337527005408,2.63694283087));
#5576 = DIRECTION('',(1.,0.));
#5577 = ( GEOMETRIC_REPRESENTATION_CONTEXT(2) 
PARAMETRIC_REPRESENTATION_CONTEXT() REPRESENTATION_CONTEXT('2D SPACE',''
  ) );
#5578 = PCURVE('',#2313,#5579);
#5579 = DEFINITIONAL_REPRESENTATION('',(#5580),#5584);
#5580 = LINE('',#5581,#5582);
#5581 = CARTESIAN_POINT('',(3.14159265359,7.));
#5582 = VECTOR('',#5583,1.);
#5583 = DIRECTION('',(-1.,0.));
#5584 = ( GEOMETRIC_REPRESENTATION_CONTEXT(2) 
PARAMETRIC_REPRESENTATION_CONTEXT() REPRESENTATION_CONTEXT('2D SPACE',''
  ) );
#5585 = ORIENTED_EDGE('',*,*,#5586,.F.);
#5586 = EDGE_CURVE('',#5587,#5563,#5589,.T.);
#5587 = VERTEX_POINT('',#5588);
#5588 = CARTESIAN_POINT('',(6.850813804045,0.,-0.5641154335));
#5589 = SURFACE_CURVE('',#5590,(#5595,#5602),.PCURVE_S1.);
#5590 = CIRCLE('',#5591,3.);
#5591 = AXIS2_PLACEMENT_3D('',#5592,#5593,#5594);
#5592 = CARTESIAN_POINT('',(6.130636990628,0.,-3.476390378868));
#5593 = DIRECTION('',(0.,1.,0.));
#5594 = DIRECTION('',(0.,-0.,1.));
#5595 = PCURVE('',#99,#5596);
#5596 = DEFINITIONAL_REPRESENTATION('',(#5597),#5601);
#5597 = CIRCLE('',#5598,3.);
#5598 = AXIS2_PLACEMENT_2D('',#5599,#5600);
#5599 = CARTESIAN_POINT('',(-5.813917384276,8.767579821498));
#5600 = DIRECTION('',(1.,0.));
#5601 = ( GEOMETRIC_REPRESENTATION_CONTEXT(2) 
PARAMETRIC_REPRESENTATION_CONTEXT() REPRESENTATION_CONTEXT('2D SPACE',''
  ) );
#5602 = PCURVE('',#2284,#5603);
#5603 = DEFINITIONAL_REPRESENTATION('',(#5604),#5608);
#5604 = LINE('',#5605,#5606);
#5605 = CARTESIAN_POINT('',(3.14159265359,7.));
#5606 = VECTOR('',#5607,1.);
#5607 = DIRECTION('',(-1.,0.));
#5608 = ( GEOMETRIC_REPRESENTATION_CONTEXT(2) 
PARAMETRIC_REPRESENTATION_CONTEXT() REPRESENTATION_CONTEXT('2D SPACE',''
  ) );
#5609 = ORIENTED_EDGE('',*,*,#5610,.F.);
#5610 = EDGE_CURVE('',#5611,#5587,#5613,.T.);
#5611 = VERTEX_POINT('',#5612);
#5612 = CARTESIAN_POINT('',(6.873294921628,0.,-9.845262982636E-02));
#5613 = SURFACE_CURVE('',#5614,(#5619,#5626),.PCURVE_S1.);
#5614 = CIRCLE('',#5615,6.874);
#5615 = AXIS2_PLACEMENT_3D('',#5616,#5617,#5618);
#5616 = CARTESIAN_POINT('',(1.953316134117E-16,0.,-2.229711069055E-16));
#5617 = DIRECTION('',(0.,1.,0.));
#5618 = DIRECTION('',(0.,-0.,1.));
#5619 = PCURVE('',#99,#5620);
#5620 = DEFINITIONAL_REPRESENTATION('',(#5621),#5625);
#5621 = CIRCLE('',#5622,6.874);
#5622 = AXIS2_PLACEMENT_2D('',#5623,#5624);
#5623 = CARTESIAN_POINT('',(-2.337527005408,2.63694283087));
#5624 = DIRECTION('',(1.,0.));
#5625 = ( GEOMETRIC_REPRESENTATION_CONTEXT(2) 
PARAMETRIC_REPRESENTATION_CONTEXT() REPRESENTATION_CONTEXT('2D SPACE',''
  ) );
#5626 = PCURVE('',#2255,#5627);
#5627 = DEFINITIONAL_REPRESENTATION('',(#5628),#5632);
#5628 = LINE('',#5629,#5630);
#5629 = CARTESIAN_POINT('',(3.14159265359,7.));
#5630 = VECTOR('',#5631,1.);
#5631 = DIRECTION('',(-1.,0.));
#5632 = ( GEOMETRIC_REPRESENTATION_CONTEXT(2) 
PARAMETRIC_REPRESENTATION_CONTEXT() REPRESENTATION_CONTEXT('2D SPACE',''
  ) );
#5633 = ORIENTED_EDGE('',*,*,#5634,.F.);
#5634 = EDGE_CURVE('',#5635,#5611,#5637,.T.);
#5635 = VERTEX_POINT('',#5636);
#5636 = CARTESIAN_POINT('',(7.994167519559,0.,0.305427027654));
#5637 = SURFACE_CURVE('',#5638,(#5643,#5650),.PCURVE_S1.);
#5638 = CIRCLE('',#5639,3.);
#5639 = AXIS2_PLACEMENT_3D('',#5640,#5641,#5642);
#5640 = CARTESIAN_POINT('',(6.437009242324,0.,2.869653636134));
#5641 = DIRECTION('',(0.,1.,0.));
#5642 = DIRECTION('',(0.,-0.,1.));
#5643 = PCURVE('',#99,#5644);
#5644 = DEFINITIONAL_REPRESENTATION('',(#5645),#5649);
#5645 = CIRCLE('',#5646,3.);
#5646 = AXIS2_PLACEMENT_2D('',#5647,#5648);
#5647 = CARTESIAN_POINT('',(0.532126630727,9.073952073194));
#5648 = DIRECTION('',(1.,0.));
#5649 = ( GEOMETRIC_REPRESENTATION_CONTEXT(2) 
PARAMETRIC_REPRESENTATION_CONTEXT() REPRESENTATION_CONTEXT('2D SPACE',''
  ) );
#5650 = PCURVE('',#2226,#5651);
#5651 = DEFINITIONAL_REPRESENTATION('',(#5652),#5656);
#5652 = LINE('',#5653,#5654);
#5653 = CARTESIAN_POINT('',(3.14159265359,7.));
#5654 = VECTOR('',#5655,1.);
#5655 = DIRECTION('',(-1.,0.));
#5656 = ( GEOMETRIC_REPRESENTATION_CONTEXT(2) 
PARAMETRIC_REPRESENTATION_CONTEXT() REPRESENTATION_CONTEXT('2D SPACE',''
  ) );
#5657 = ORIENTED_EDGE('',*,*,#5658,.F.);
#5658 = EDGE_CURVE('',#5659,#5635,#5661,.T.);
#5659 = VERTEX_POINT('',#5660);
#5660 = CARTESIAN_POINT('',(7.977647361447,0.,0.597614069785));
#5661 = SURFACE_CURVE('',#5662,(#5667,#5674),.PCURVE_S1.);
#5662 = CIRCLE('',#5663,8.);
#5663 = AXIS2_PLACEMENT_3D('',#5664,#5665,#5666);
#5664 = CARTESIAN_POINT('',(1.953316134117E-16,0.,-2.229711069055E-16));
#5665 = DIRECTION('',(0.,1.,0.));
#5666 = DIRECTION('',(0.,-0.,1.));
#5667 = PCURVE('',#99,#5668);
#5668 = DEFINITIONAL_REPRESENTATION('',(#5669),#5673);
#5669 = CIRCLE('',#5670,8.);
#5670 = AXIS2_PLACEMENT_2D('',#5671,#5672);
#5671 = CARTESIAN_POINT('',(-2.337527005408,2.63694283087));
#5672 = DIRECTION('',(1.,0.));
#5673 = ( GEOMETRIC_REPRESENTATION_CONTEXT(2) 
PARAMETRIC_REPRESENTATION_CONTEXT() REPRESENTATION_CONTEXT('2D SPACE',''
  ) );
#5674 = PCURVE('',#2197,#5675);
#5675 = DEFINITIONAL_REPRESENTATION('',(#5676),#5680);
#5676 = LINE('',#5677,#5678);
#5677 = CARTESIAN_POINT('',(3.14159265359,7.));
#5678 = VECTOR('',#5679,1.);
#5679 = DIRECTION('',(-1.,0.));
#5680 = ( GEOMETRIC_REPRESENTATION_CONTEXT(2) 
PARAMETRIC_REPRESENTATION_CONTEXT() REPRESENTATION_CONTEXT('2D SPACE',''
  ) );
#5681 = ORIENTED_EDGE('',*,*,#5682,.F.);
#5682 = EDGE_CURVE('',#5683,#5659,#5685,.T.);
#5683 = VERTEX_POINT('',#5684);
#5684 = CARTESIAN_POINT('',(6.818393279096,0.,0.872576123661));
#5685 = SURFACE_CURVE('',#5686,(#5691,#5698),.PCURVE_S1.);
#5686 = CIRCLE('',#5687,3.);
#5687 = AXIS2_PLACEMENT_3D('',#5688,#5689,#5690);
#5688 = CARTESIAN_POINT('',(6.719450064966,0.,-2.125791805792));
#5689 = DIRECTION('',(0.,1.,0.));
#5690 = DIRECTION('',(0.,-0.,1.));
#5691 = PCURVE('',#99,#5692);
#5692 = DEFINITIONAL_REPRESENTATION('',(#5693),#5697);
#5693 = CIRCLE('',#5694,3.);
#5694 = AXIS2_PLACEMENT_2D('',#5695,#5696);
#5695 = CARTESIAN_POINT('',(-4.4633188112,9.356392895836));
#5696 = DIRECTION('',(1.,0.));
#5697 = ( GEOMETRIC_REPRESENTATION_CONTEXT(2) 
PARAMETRIC_REPRESENTATION_CONTEXT() REPRESENTATION_CONTEXT('2D SPACE',''
  ) );
#5698 = PCURVE('',#2168,#5699);
#5699 = DEFINITIONAL_REPRESENTATION('',(#5700),#5704);
#5700 = LINE('',#5701,#5702);
#5701 = CARTESIAN_POINT('',(3.14159265359,7.));
#5702 = VECTOR('',#5703,1.);
#5703 = DIRECTION('',(-1.,0.));
#5704 = ( GEOMETRIC_REPRESENTATION_CONTEXT(2) 
PARAMETRIC_REPRESENTATION_CONTEXT() REPRESENTATION_CONTEXT('2D SPACE',''
  ) );
#5705 = ORIENTED_EDGE('',*,*,#5706,.F.);
#5706 = EDGE_CURVE('',#5707,#5683,#5709,.T.);
#5707 = VERTEX_POINT('',#5708);
#5708 = CARTESIAN_POINT('',(6.743566389459,0.,1.332737164994));
#5709 = SURFACE_CURVE('',#5710,(#5715,#5722),.PCURVE_S1.);
#5710 = CIRCLE('',#5711,6.874);
#5711 = AXIS2_PLACEMENT_3D('',#5712,#5713,#5714);
#5712 = CARTESIAN_POINT('',(1.953316134117E-16,0.,-2.229711069055E-16));
#5713 = DIRECTION('',(0.,1.,0.));
#5714 = DIRECTION('',(0.,-0.,1.));
#5715 = PCURVE('',#99,#5716);
#5716 = DEFINITIONAL_REPRESENTATION('',(#5717),#5721);
#5717 = CIRCLE('',#5718,6.874);
#5718 = AXIS2_PLACEMENT_2D('',#5719,#5720);
#5719 = CARTESIAN_POINT('',(-2.337527005408,2.63694283087));
#5720 = DIRECTION('',(1.,0.));
#5721 = ( GEOMETRIC_REPRESENTATION_CONTEXT(2) 
PARAMETRIC_REPRESENTATION_CONTEXT() REPRESENTATION_CONTEXT('2D SPACE',''
  ) );
#5722 = PCURVE('',#2139,#5723);
#5723 = DEFINITIONAL_REPRESENTATION('',(#5724),#5728);
#5724 = LINE('',#5725,#5726);
#5725 = CARTESIAN_POINT('',(3.14159265359,7.));
#5726 = VECTOR('',#5727,1.);
#5727 = DIRECTION('',(-1.,0.));
#5728 = ( GEOMETRIC_REPRESENTATION_CONTEXT(2) 
PARAMETRIC_REPRESENTATION_CONTEXT() REPRESENTATION_CONTEXT('2D SPACE',''
  ) );
#5729 = ORIENTED_EDGE('',*,*,#5730,.F.);
#5730 = EDGE_CURVE('',#5731,#5707,#5733,.T.);
#5731 = VERTEX_POINT('',#5732);
#5732 = CARTESIAN_POINT('',(7.75597392938,0.,1.960833599971));
#5733 = SURFACE_CURVE('',#5734,(#5739,#5746),.PCURVE_S1.);
#5734 = CIRCLE('',#5735,3.);
#5735 = AXIS2_PLACEMENT_3D('',#5736,#5737,#5738);
#5736 = CARTESIAN_POINT('',(5.699710606731,0.,4.145274294503));
#5737 = DIRECTION('',(0.,1.,0.));
#5738 = DIRECTION('',(0.,-0.,1.));
#5739 = PCURVE('',#99,#5740);
#5740 = DEFINITIONAL_REPRESENTATION('',(#5741),#5745);
#5741 = CIRCLE('',#5742,3.);
#5742 = AXIS2_PLACEMENT_2D('',#5743,#5744);
#5743 = CARTESIAN_POINT('',(1.807747289095,8.3366534376));
#5744 = DIRECTION('',(1.,0.));
#5745 = ( GEOMETRIC_REPRESENTATION_CONTEXT(2) 
PARAMETRIC_REPRESENTATION_CONTEXT() REPRESENTATION_CONTEXT('2D SPACE',''
  ) );
#5746 = PCURVE('',#2110,#5747);
#5747 = DEFINITIONAL_REPRESENTATION('',(#5748),#5752);
#5748 = LINE('',#5749,#5750);
#5749 = CARTESIAN_POINT('',(3.14159265359,7.));
#5750 = VECTOR('',#5751,1.);
#5751 = DIRECTION('',(-1.,0.));
#5752 = ( GEOMETRIC_REPRESENTATION_CONTEXT(2) 
PARAMETRIC_REPRESENTATION_CONTEXT() REPRESENTATION_CONTEXT('2D SPACE',''
  ) );
#5753 = ORIENTED_EDGE('',*,*,#5754,.F.);
#5754 = EDGE_CURVE('',#5755,#5731,#5757,.T.);
#5755 = VERTEX_POINT('',#5756);
#5756 = CARTESIAN_POINT('',(7.679065674394,0.,2.243200920191));
#5757 = SURFACE_CURVE('',#5758,(#5763,#5770),.PCURVE_S1.);
#5758 = CIRCLE('',#5759,8.);
#5759 = AXIS2_PLACEMENT_3D('',#5760,#5761,#5762);
#5760 = CARTESIAN_POINT('',(1.953316134117E-16,0.,-2.229711069055E-16));
#5761 = DIRECTION('',(0.,1.,0.));
#5762 = DIRECTION('',(0.,-0.,1.));
#5763 = PCURVE('',#99,#5764);
#5764 = DEFINITIONAL_REPRESENTATION('',(#5765),#5769);
#5765 = CIRCLE('',#5766,8.);
#5766 = AXIS2_PLACEMENT_2D('',#5767,#5768);
#5767 = CARTESIAN_POINT('',(-2.337527005408,2.63694283087));
#5768 = DIRECTION('',(1.,0.));
#5769 = ( GEOMETRIC_REPRESENTATION_CONTEXT(2) 
PARAMETRIC_REPRESENTATION_CONTEXT() REPRESENTATION_CONTEXT('2D SPACE',''
  ) );
#5770 = PCURVE('',#2081,#5771);
#5771 = DEFINITIONAL_REPRESENTATION('',(#5772),#5776);
#5772 = LINE('',#5773,#5774);
#5773 = CARTESIAN_POINT('',(3.14159265359,7.));
#5774 = VECTOR('',#5775,1.);
#5775 = DIRECTION('',(-1.,0.));
#5776 = ( GEOMETRIC_REPRESENTATION_CONTEXT(2) 
PARAMETRIC_REPRESENTATION_CONTEXT() REPRESENTATION_CONTEXT('2D SPACE',''
  ) );
#5777 = ORIENTED_EDGE('',*,*,#5778,.F.);
#5778 = EDGE_CURVE('',#5779,#5755,#5781,.T.);
#5779 = VERTEX_POINT('',#5780);
#5780 = CARTESIAN_POINT('',(6.487976249569,0.,2.271131917134));
#5781 = SURFACE_CURVE('',#5782,(#5787,#5794),.PCURVE_S1.);
#5782 = CIRCLE('',#5783,3.);
#5783 = AXIS2_PLACEMENT_3D('',#5784,#5785,#5786);
#5784 = CARTESIAN_POINT('',(7.014590927966,0.,-0.682285930123));
#5785 = DIRECTION('',(0.,1.,0.));
#5786 = DIRECTION('',(0.,-0.,1.));
#5787 = PCURVE('',#99,#5788);
#5788 = DEFINITIONAL_REPRESENTATION('',(#5789),#5793);
#5789 = CIRCLE('',#5790,3.);
#5790 = AXIS2_PLACEMENT_2D('',#5791,#5792);
#5791 = CARTESIAN_POINT('',(-3.019812935531,9.651533758836));
#5792 = DIRECTION('',(1.,0.));
#5793 = ( GEOMETRIC_REPRESENTATION_CONTEXT(2) 
PARAMETRIC_REPRESENTATION_CONTEXT() REPRESENTATION_CONTEXT('2D SPACE',''
  ) );
#5794 = PCURVE('',#2052,#5795);
#5795 = DEFINITIONAL_REPRESENTATION('',(#5796),#5800);
#5796 = LINE('',#5797,#5798);
#5797 = CARTESIAN_POINT('',(9.424777960769,7.));
#5798 = VECTOR('',#5799,1.);
#5799 = DIRECTION('',(-1.,0.));
#5800 = ( GEOMETRIC_REPRESENTATION_CONTEXT(2) 
PARAMETRIC_REPRESENTATION_CONTEXT() REPRESENTATION_CONTEXT('2D SPACE',''
  ) );
#5801 = ORIENTED_EDGE('',*,*,#5802,.F.);
#5802 = EDGE_CURVE('',#5803,#5779,#5805,.T.);
#5803 = VERTEX_POINT('',#5804);
#5804 = CARTESIAN_POINT('',(6.319111646849,0.,2.705679950522));
#5805 = SURFACE_CURVE('',#5806,(#5811,#5818),.PCURVE_S1.);
#5806 = CIRCLE('',#5807,6.874);
#5807 = AXIS2_PLACEMENT_3D('',#5808,#5809,#5810);
#5808 = CARTESIAN_POINT('',(1.953316134117E-16,0.,-2.229711069055E-16));
#5809 = DIRECTION('',(0.,1.,0.));
#5810 = DIRECTION('',(0.,-0.,1.));
#5811 = PCURVE('',#99,#5812);
#5812 = DEFINITIONAL_REPRESENTATION('',(#5813),#5817);
#5813 = CIRCLE('',#5814,6.874);
#5814 = AXIS2_PLACEMENT_2D('',#5815,#5816);
#5815 = CARTESIAN_POINT('',(-2.337527005408,2.63694283087));
#5816 = DIRECTION('',(1.,0.));
#5817 = ( GEOMETRIC_REPRESENTATION_CONTEXT(2) 
PARAMETRIC_REPRESENTATION_CONTEXT() REPRESENTATION_CONTEXT('2D SPACE',''
  ) );
#5818 = PCURVE('',#2023,#5819);
#5819 = DEFINITIONAL_REPRESENTATION('',(#5820),#5824);
#5820 = LINE('',#5821,#5822);
#5821 = CARTESIAN_POINT('',(3.14159265359,7.));
#5822 = VECTOR('',#5823,1.);
#5823 = DIRECTION('',(-1.,0.));
#5824 = ( GEOMETRIC_REPRESENTATION_CONTEXT(2) 
PARAMETRIC_REPRESENTATION_CONTEXT() REPRESENTATION_CONTEXT('2D SPACE',''
  ) );
#5825 = ORIENTED_EDGE('',*,*,#5826,.F.);
#5826 = EDGE_CURVE('',#5827,#5803,#5829,.T.);
#5827 = VERTEX_POINT('',#5828);
#5828 = CARTESIAN_POINT('',(7.178807061195,0.,3.530542334846));
#5829 = SURFACE_CURVE('',#5830,(#5835,#5842),.PCURVE_S1.);
#5830 = CIRCLE('',#5831,3.);
#5831 = AXIS2_PLACEMENT_3D('',#5832,#5833,#5834);
#5832 = CARTESIAN_POINT('',(4.713307267377,0.,5.239726574969));
#5833 = DIRECTION('',(0.,1.,0.));
#5834 = DIRECTION('',(0.,-0.,1.));
#5835 = PCURVE('',#99,#5836);
#5836 = DEFINITIONAL_REPRESENTATION('',(#5837),#5841);
#5837 = CIRCLE('',#5838,3.);
#5838 = AXIS2_PLACEMENT_2D('',#5839,#5840);
#5839 = CARTESIAN_POINT('',(2.902199569561,7.350250098247));
#5840 = DIRECTION('',(1.,0.));
#5841 = ( GEOMETRIC_REPRESENTATION_CONTEXT(2) 
PARAMETRIC_REPRESENTATION_CONTEXT() REPRESENTATION_CONTEXT('2D SPACE',''
  ) );
#5842 = PCURVE('',#1994,#5843);
#5843 = DEFINITIONAL_REPRESENTATION('',(#5844),#5848);
#5844 = LINE('',#5845,#5846);
#5845 = CARTESIAN_POINT('',(3.14159265359,7.));
#5846 = VECTOR('',#5847,1.);
#5847 = DIRECTION('',(-1.,0.));
#5848 = ( GEOMETRIC_REPRESENTATION_CONTEXT(2) 
PARAMETRIC_REPRESENTATION_CONTEXT() REPRESENTATION_CONTEXT('2D SPACE',''
  ) );
#5849 = ORIENTED_EDGE('',*,*,#5850,.F.);
#5850 = EDGE_CURVE('',#5851,#5827,#5853,.T.);
#5851 = VERTEX_POINT('',#5852);
#5852 = CARTESIAN_POINT('',(7.044871969125,0.,3.790749126312));
#5853 = SURFACE_CURVE('',#5854,(#5859,#5866),.PCURVE_S1.);
#5854 = CIRCLE('',#5855,8.);
#5855 = AXIS2_PLACEMENT_3D('',#5856,#5857,#5858);
#5856 = CARTESIAN_POINT('',(1.953316134117E-16,0.,-2.229711069055E-16));
#5857 = DIRECTION('',(0.,1.,0.));
#5858 = DIRECTION('',(0.,-0.,1.));
#5859 = PCURVE('',#99,#5860);
#5860 = DEFINITIONAL_REPRESENTATION('',(#5861),#5865);
#5861 = CIRCLE('',#5862,8.);
#5862 = AXIS2_PLACEMENT_2D('',#5863,#5864);
#5863 = CARTESIAN_POINT('',(-2.337527005408,2.63694283087));
#5864 = DIRECTION('',(1.,0.));
#5865 = ( GEOMETRIC_REPRESENTATION_CONTEXT(2) 
PARAMETRIC_REPRESENTATION_CONTEXT() REPRESENTATION_CONTEXT('2D SPACE',''
  ) );
#5866 = PCURVE('',#1965,#5867);
#5867 = DEFINITIONAL_REPRESENTATION('',(#5868),#5872);
#5868 = LINE('',#5869,#5870);
#5869 = CARTESIAN_POINT('',(3.14159265359,7.));
#5870 = VECTOR('',#5871,1.);
#5871 = DIRECTION('',(-1.,0.));
#5872 = ( GEOMETRIC_REPRESENTATION_CONTEXT(2) 
PARAMETRIC_REPRESENTATION_CONTEXT() REPRESENTATION_CONTEXT('2D SPACE',''
  ) );
#5873 = ORIENTED_EDGE('',*,*,#5874,.F.);
#5874 = EDGE_CURVE('',#5875,#5851,#5877,.T.);
#5875 = VERTEX_POINT('',#5876);
#5876 = CARTESIAN_POINT('',(5.874003525172,0.,3.570428347728));
#5877 = SURFACE_CURVE('',#5878,(#5883,#5890),.PCURVE_S1.);
#5878 = CIRCLE('',#5879,3.);
#5879 = AXIS2_PLACEMENT_3D('',#5880,#5881,#5882);
#5880 = CARTESIAN_POINT('',(7.003160507672,0.,0.791039114664));
#5881 = DIRECTION('',(0.,1.,0.));
#5882 = DIRECTION('',(0.,-0.,1.));
#5883 = PCURVE('',#99,#5884);
#5884 = DEFINITIONAL_REPRESENTATION('',(#5885),#5889);
#5885 = CIRCLE('',#5886,3.);
#5886 = AXIS2_PLACEMENT_2D('',#5887,#5888);
#5887 = CARTESIAN_POINT('',(-1.546487890744,9.640103338542));
#5888 = DIRECTION('',(1.,0.));
#5889 = ( GEOMETRIC_REPRESENTATION_CONTEXT(2) 
PARAMETRIC_REPRESENTATION_CONTEXT() REPRESENTATION_CONTEXT('2D SPACE',''
  ) );
#5890 = PCURVE('',#1936,#5891);
#5891 = DEFINITIONAL_REPRESENTATION('',(#5892),#5896);
#5892 = LINE('',#5893,#5894);
#5893 = CARTESIAN_POINT('',(9.424777960769,7.));
#5894 = VECTOR('',#5895,1.);
#5895 = DIRECTION('',(-1.,0.));
#5896 = ( GEOMETRIC_REPRESENTATION_CONTEXT(2) 
PARAMETRIC_REPRESENTATION_CONTEXT() REPRESENTATION_CONTEXT('2D SPACE',''
  ) );
#5897 = ORIENTED_EDGE('',*,*,#5898,.F.);
#5898 = EDGE_CURVE('',#5899,#5875,#5901,.T.);
#5899 = VERTEX_POINT('',#5900);
#5900 = CARTESIAN_POINT('',(5.61848140281,0.,3.960371538919));
#5901 = SURFACE_CURVE('',#5902,(#5907,#5914),.PCURVE_S1.);
#5902 = CIRCLE('',#5903,6.874);
#5903 = AXIS2_PLACEMENT_3D('',#5904,#5905,#5906);
#5904 = CARTESIAN_POINT('',(1.953316134117E-16,0.,-2.229711069055E-16));
#5905 = DIRECTION('',(0.,1.,0.));
#5906 = DIRECTION('',(0.,-0.,1.));
#5907 = PCURVE('',#99,#5908);
#5908 = DEFINITIONAL_REPRESENTATION('',(#5909),#5913);
#5909 = CIRCLE('',#5910,6.874);
#5910 = AXIS2_PLACEMENT_2D('',#5911,#5912);
#5911 = CARTESIAN_POINT('',(-2.337527005408,2.63694283087));
#5912 = DIRECTION('',(1.,0.));
#5913 = ( GEOMETRIC_REPRESENTATION_CONTEXT(2) 
PARAMETRIC_REPRESENTATION_CONTEXT() REPRESENTATION_CONTEXT('2D SPACE',''
  ) );
#5914 = PCURVE('',#1907,#5915);
#5915 = DEFINITIONAL_REPRESENTATION('',(#5916),#5920);
#5916 = LINE('',#5917,#5918);
#5917 = CARTESIAN_POINT('',(3.14159265359,7.));
#5918 = VECTOR('',#5919,1.);
#5919 = DIRECTION('',(-1.,0.));
#5920 = ( GEOMETRIC_REPRESENTATION_CONTEXT(2) 
PARAMETRIC_REPRESENTATION_CONTEXT() REPRESENTATION_CONTEXT('2D SPACE',''
  ) );
#5921 = ORIENTED_EDGE('',*,*,#5922,.F.);
#5922 = EDGE_CURVE('',#5923,#5899,#5925,.T.);
#5923 = VERTEX_POINT('',#5924);
#5924 = CARTESIAN_POINT('',(6.287891876697,0.,4.945949428266));
#5925 = SURFACE_CURVE('',#5926,(#5931,#5938),.PCURVE_S1.);
#5926 = CIRCLE('',#5927,3.);
#5927 = AXIS2_PLACEMENT_3D('',#5928,#5929,#5930);
#5928 = CARTESIAN_POINT('',(3.520909783482,0.,6.105177661111));
#5929 = DIRECTION('',(0.,1.,0.));
#5930 = DIRECTION('',(0.,-0.,1.));
#5931 = PCURVE('',#99,#5932);
#5932 = DEFINITIONAL_REPRESENTATION('',(#5933),#5937);
#5933 = CIRCLE('',#5934,3.);
#5934 = AXIS2_PLACEMENT_2D('',#5935,#5936);
#5935 = CARTESIAN_POINT('',(3.767650655703,6.157852614351));
#5936 = DIRECTION('',(1.,0.));
#5937 = ( GEOMETRIC_REPRESENTATION_CONTEXT(2) 
PARAMETRIC_REPRESENTATION_CONTEXT() REPRESENTATION_CONTEXT('2D SPACE',''
  ) );
#5938 = PCURVE('',#1878,#5939);
#5939 = DEFINITIONAL_REPRESENTATION('',(#5940),#5944);
#5940 = LINE('',#5941,#5942);
#5941 = CARTESIAN_POINT('',(3.14159265359,7.));
#5942 = VECTOR('',#5943,1.);
#5943 = DIRECTION('',(-1.,0.));
#5944 = ( GEOMETRIC_REPRESENTATION_CONTEXT(2) 
PARAMETRIC_REPRESENTATION_CONTEXT() REPRESENTATION_CONTEXT('2D SPACE',''
  ) );
#5945 = ORIENTED_EDGE('',*,*,#5946,.F.);
#5946 = EDGE_CURVE('',#5947,#5923,#5949,.T.);
#5947 = VERTEX_POINT('',#5948);
#5948 = CARTESIAN_POINT('',(6.102783553759,0.,5.172623405582));
#5949 = SURFACE_CURVE('',#5950,(#5955,#5962),.PCURVE_S1.);
#5950 = CIRCLE('',#5951,8.);
#5951 = AXIS2_PLACEMENT_3D('',#5952,#5953,#5954);
#5952 = CARTESIAN_POINT('',(1.953316134117E-16,0.,-2.229711069055E-16));
#5953 = DIRECTION('',(0.,1.,0.));
#5954 = DIRECTION('',(0.,-0.,1.));
#5955 = PCURVE('',#99,#5956);
#5956 = DEFINITIONAL_REPRESENTATION('',(#5957),#5961);
#5957 = CIRCLE('',#5958,8.);
#5958 = AXIS2_PLACEMENT_2D('',#5959,#5960);
#5959 = CARTESIAN_POINT('',(-2.337527005408,2.63694283087));
#5960 = DIRECTION('',(1.,0.));
#5961 = ( GEOMETRIC_REPRESENTATION_CONTEXT(2) 
PARAMETRIC_REPRESENTATION_CONTEXT() REPRESENTATION_CONTEXT('2D SPACE',''
  ) );
#5962 = PCURVE('',#1849,#5963);
#5963 = DEFINITIONAL_REPRESENTATION('',(#5964),#5968);
#5964 = LINE('',#5965,#5966);
#5965 = CARTESIAN_POINT('',(3.14159265359,7.));
#5966 = VECTOR('',#5967,1.);
#5967 = DIRECTION('',(-1.,0.));
#5968 = ( GEOMETRIC_REPRESENTATION_CONTEXT(2) 
PARAMETRIC_REPRESENTATION_CONTEXT() REPRESENTATION_CONTEXT('2D SPACE',''
  ) );
#5969 = ORIENTED_EDGE('',*,*,#5970,.F.);
#5970 = EDGE_CURVE('',#5971,#5947,#5973,.T.);
#5971 = VERTEX_POINT('',#5972);
#5972 = CARTESIAN_POINT('',(5.00330866013,0.,4.71367992671));
#5973 = SURFACE_CURVE('',#5974,(#5979,#5986),.PCURVE_S1.);
#5974 = CIRCLE('',#5975,3.);
#5975 = AXIS2_PLACEMENT_3D('',#5976,#5977,#5978);
#5976 = CARTESIAN_POINT('',(6.6856583683,0.,2.229791954313));
#5977 = DIRECTION('',(0.,1.,0.));
#5978 = DIRECTION('',(0.,-0.,1.));
#5979 = PCURVE('',#99,#5980);
#5980 = DEFINITIONAL_REPRESENTATION('',(#5981),#5985);
#5981 = CIRCLE('',#5982,3.);
#5982 = AXIS2_PLACEMENT_2D('',#5983,#5984);
#5983 = CARTESIAN_POINT('',(-0.107735051094,9.32260119917));
#5984 = DIRECTION('',(1.,0.));
#5985 = ( GEOMETRIC_REPRESENTATION_CONTEXT(2) 
PARAMETRIC_REPRESENTATION_CONTEXT() REPRESENTATION_CONTEXT('2D SPACE',''
  ) );
#5986 = PCURVE('',#1820,#5987);
#5987 = DEFINITIONAL_REPRESENTATION('',(#5988),#5992);
#5988 = LINE('',#5989,#5990);
#5989 = CARTESIAN_POINT('',(9.424777960769,7.));
#5990 = VECTOR('',#5991,1.);
#5991 = DIRECTION('',(-1.,0.));
#5992 = ( GEOMETRIC_REPRESENTATION_CONTEXT(2) 
PARAMETRIC_REPRESENTATION_CONTEXT() REPRESENTATION_CONTEXT('2D SPACE',''
  ) );
#5993 = ORIENTED_EDGE('',*,*,#5994,.F.);
#5994 = EDGE_CURVE('',#5995,#5971,#5997,.T.);
#5995 = VERTEX_POINT('',#5996);
#5996 = CARTESIAN_POINT('',(4.672296561002,0.,5.041975887095));
#5997 = SURFACE_CURVE('',#5998,(#6003,#6010),.PCURVE_S1.);
#5998 = CIRCLE('',#5999,6.874);
#5999 = AXIS2_PLACEMENT_3D('',#6000,#6001,#6002);
#6000 = CARTESIAN_POINT('',(1.953316134117E-16,0.,-2.229711069055E-16));
#6001 = DIRECTION('',(0.,1.,0.));
#6002 = DIRECTION('',(0.,-0.,1.));
#6003 = PCURVE('',#99,#6004);
#6004 = DEFINITIONAL_REPRESENTATION('',(#6005),#6009);
#6005 = CIRCLE('',#6006,6.874);
#6006 = AXIS2_PLACEMENT_2D('',#6007,#6008);
#6007 = CARTESIAN_POINT('',(-2.337527005408,2.63694283087));
#6008 = DIRECTION('',(1.,0.));
#6009 = ( GEOMETRIC_REPRESENTATION_CONTEXT(2) 
PARAMETRIC_REPRESENTATION_CONTEXT() REPRESENTATION_CONTEXT('2D SPACE',''
  ) );
#6010 = PCURVE('',#1791,#6011);
#6011 = DEFINITIONAL_REPRESENTATION('',(#6012),#6016);
#6012 = LINE('',#6013,#6014);
#6013 = CARTESIAN_POINT('',(3.14159265359,7.));
#6014 = VECTOR('',#6015,1.);
#6015 = DIRECTION('',(-1.,0.));
#6016 = ( GEOMETRIC_REPRESENTATION_CONTEXT(2) 
PARAMETRIC_REPRESENTATION_CONTEXT() REPRESENTATION_CONTEXT('2D SPACE',''
  ) );
#6017 = ORIENTED_EDGE('',*,*,#6018,.F.);
#6018 = EDGE_CURVE('',#6019,#5995,#6021,.T.);
#6019 = VERTEX_POINT('',#6020);
#6020 = CARTESIAN_POINT('',(5.122165644535,0.,6.145194798373));
#6021 = SURFACE_CURVE('',#6022,(#6027,#6034),.PCURVE_S1.);
#6022 = CIRCLE('',#6023,3.);
#6023 = AXIS2_PLACEMENT_3D('',#6024,#6025,#6026);
#6024 = CARTESIAN_POINT('',(2.174631646848,0.,6.70380318757));
#6025 = DIRECTION('',(0.,1.,0.));
#6026 = DIRECTION('',(0.,-0.,1.));
#6027 = PCURVE('',#99,#6028);
#6028 = DEFINITIONAL_REPRESENTATION('',(#6029),#6033);
#6029 = CIRCLE('',#6030,3.);
#6030 = AXIS2_PLACEMENT_2D('',#6031,#6032);
#6031 = CARTESIAN_POINT('',(4.366276182162,4.811574477718));
#6032 = DIRECTION('',(1.,0.));
#6033 = ( GEOMETRIC_REPRESENTATION_CONTEXT(2) 
PARAMETRIC_REPRESENTATION_CONTEXT() REPRESENTATION_CONTEXT('2D SPACE',''
  ) );
#6034 = PCURVE('',#1762,#6035);
#6035 = DEFINITIONAL_REPRESENTATION('',(#6036),#6040);
#6036 = LINE('',#6037,#6038);
#6037 = CARTESIAN_POINT('',(3.14159265359,7.));
#6038 = VECTOR('',#6039,1.);
#6039 = DIRECTION('',(-1.,0.));
#6040 = ( GEOMETRIC_REPRESENTATION_CONTEXT(2) 
PARAMETRIC_REPRESENTATION_CONTEXT() REPRESENTATION_CONTEXT('2D SPACE',''
  ) );
#6041 = ORIENTED_EDGE('',*,*,#6042,.F.);
#6042 = EDGE_CURVE('',#6043,#6019,#6045,.T.);
#6043 = VERTEX_POINT('',#6044);
#6044 = CARTESIAN_POINT('',(4.893974212689,0.,6.328429221026));
#6045 = SURFACE_CURVE('',#6046,(#6051,#6058),.PCURVE_S1.);
#6046 = CIRCLE('',#6047,8.);
#6047 = AXIS2_PLACEMENT_3D('',#6048,#6049,#6050);
#6048 = CARTESIAN_POINT('',(1.953316134117E-16,0.,-2.229711069055E-16));
#6049 = DIRECTION('',(0.,1.,0.));
#6050 = DIRECTION('',(0.,-0.,1.));
#6051 = PCURVE('',#99,#6052);
#6052 = DEFINITIONAL_REPRESENTATION('',(#6053),#6057);
#6053 = CIRCLE('',#6054,8.);
#6054 = AXIS2_PLACEMENT_2D('',#6055,#6056);
#6055 = CARTESIAN_POINT('',(-2.337527005408,2.63694283087));
#6056 = DIRECTION('',(1.,0.));
#6057 = ( GEOMETRIC_REPRESENTATION_CONTEXT(2) 
PARAMETRIC_REPRESENTATION_CONTEXT() REPRESENTATION_CONTEXT('2D SPACE',''
  ) );
#6058 = PCURVE('',#1733,#6059);
#6059 = DEFINITIONAL_REPRESENTATION('',(#6060),#6064);
#6060 = LINE('',#6061,#6062);
#6061 = CARTESIAN_POINT('',(3.14159265359,7.));
#6062 = VECTOR('',#6063,1.);
#6063 = DIRECTION('',(-1.,0.));
#6064 = ( GEOMETRIC_REPRESENTATION_CONTEXT(2) 
PARAMETRIC_REPRESENTATION_CONTEXT() REPRESENTATION_CONTEXT('2D SPACE',''
  ) );
#6065 = ORIENTED_EDGE('',*,*,#6066,.F.);
#6066 = EDGE_CURVE('',#6067,#6043,#6069,.T.);
#6067 = VERTEX_POINT('',#6068);
#6068 = CARTESIAN_POINT('',(3.9139451981,0.,5.65092107415));
#6069 = SURFACE_CURVE('',#6070,(#6075,#6082),.PCURVE_S1.);
#6070 = CIRCLE('',#6071,3.);
#6071 = AXIS2_PLACEMENT_3D('',#6072,#6073,#6074);
#6072 = CARTESIAN_POINT('',(6.075960876886,0.,3.57109218583));
#6073 = DIRECTION('',(0.,1.,0.));
#6074 = DIRECTION('',(0.,-0.,1.));
#6075 = PCURVE('',#99,#6076);
#6076 = DEFINITIONAL_REPRESENTATION('',(#6077),#6081);
#6077 = CIRCLE('',#6078,3.);
#6078 = AXIS2_PLACEMENT_2D('',#6079,#6080);
#6079 = CARTESIAN_POINT('',(1.233565180423,8.712903707755));
#6080 = DIRECTION('',(1.,0.));
#6081 = ( GEOMETRIC_REPRESENTATION_CONTEXT(2) 
PARAMETRIC_REPRESENTATION_CONTEXT() REPRESENTATION_CONTEXT('2D SPACE',''
  ) );
#6082 = PCURVE('',#1704,#6083);
#6083 = DEFINITIONAL_REPRESENTATION('',(#6084),#6088);
#6084 = LINE('',#6085,#6086);
#6085 = CARTESIAN_POINT('',(9.424777960769,7.));
#6086 = VECTOR('',#6087,1.);
#6087 = DIRECTION('',(-1.,0.));
#6088 = ( GEOMETRIC_REPRESENTATION_CONTEXT(2) 
PARAMETRIC_REPRESENTATION_CONTEXT() REPRESENTATION_CONTEXT('2D SPACE',''
  ) );
#6089 = ORIENTED_EDGE('',*,*,#6090,.F.);
#6090 = EDGE_CURVE('',#6091,#6067,#6093,.T.);
#6091 = VERTEX_POINT('',#6092);
#6092 = CARTESIAN_POINT('',(3.521909939313,0.,5.903221694919));
#6093 = SURFACE_CURVE('',#6094,(#6099,#6106),.PCURVE_S1.);
#6094 = CIRCLE('',#6095,6.874);
#6095 = AXIS2_PLACEMENT_3D('',#6096,#6097,#6098);
#6096 = CARTESIAN_POINT('',(1.953316134117E-16,0.,-2.229711069055E-16));
#6097 = DIRECTION('',(0.,1.,0.));
#6098 = DIRECTION('',(0.,-0.,1.));
#6099 = PCURVE('',#99,#6100);
#6100 = DEFINITIONAL_REPRESENTATION('',(#6101),#6105);
#6101 = CIRCLE('',#6102,6.874);
#6102 = AXIS2_PLACEMENT_2D('',#6103,#6104);
#6103 = CARTESIAN_POINT('',(-2.337527005408,2.63694283087));
#6104 = DIRECTION('',(1.,0.));
#6105 = ( GEOMETRIC_REPRESENTATION_CONTEXT(2) 
PARAMETRIC_REPRESENTATION_CONTEXT() REPRESENTATION_CONTEXT('2D SPACE',''
  ) );
#6106 = PCURVE('',#1675,#6107);
#6107 = DEFINITIONAL_REPRESENTATION('',(#6108),#6112);
#6108 = LINE('',#6109,#6110);
#6109 = CARTESIAN_POINT('',(3.14159265359,7.));
#6110 = VECTOR('',#6111,1.);
#6111 = DIRECTION('',(-1.,0.));
#6112 = ( GEOMETRIC_REPRESENTATION_CONTEXT(2) 
PARAMETRIC_REPRESENTATION_CONTEXT() REPRESENTATION_CONTEXT('2D SPACE',''
  ) );
#6113 = ORIENTED_EDGE('',*,*,#6114,.F.);
#6114 = EDGE_CURVE('',#6115,#6091,#6117,.T.);
#6115 = VERTEX_POINT('',#6116);
#6116 = CARTESIAN_POINT('',(3.732576194829,0.,7.075865667874));
#6117 = SURFACE_CURVE('',#6118,(#6123,#6130),.PCURVE_S1.);
#6118 = CIRCLE('',#6119,3.);
#6119 = AXIS2_PLACEMENT_3D('',#6120,#6121,#6122);
#6120 = CARTESIAN_POINT('',(0.733311672207,0.,7.009440346315));
#6121 = DIRECTION('',(0.,1.,0.));
#6122 = DIRECTION('',(0.,-0.,1.));
#6123 = PCURVE('',#99,#6124);
#6124 = DEFINITIONAL_REPRESENTATION('',(#6125),#6129);
#6125 = CIRCLE('',#6126,3.);
#6126 = AXIS2_PLACEMENT_2D('',#6127,#6128);
#6127 = CARTESIAN_POINT('',(4.671913340907,3.370254503077));
#6128 = DIRECTION('',(1.,0.));
#6129 = ( GEOMETRIC_REPRESENTATION_CONTEXT(2) 
PARAMETRIC_REPRESENTATION_CONTEXT() REPRESENTATION_CONTEXT('2D SPACE',''
  ) );
#6130 = PCURVE('',#1646,#6131);
#6131 = DEFINITIONAL_REPRESENTATION('',(#6132),#6136);
#6132 = LINE('',#6133,#6134);
#6133 = CARTESIAN_POINT('',(3.14159265359,7.));
#6134 = VECTOR('',#6135,1.);
#6135 = DIRECTION('',(-1.,0.));
#6136 = ( GEOMETRIC_REPRESENTATION_CONTEXT(2) 
PARAMETRIC_REPRESENTATION_CONTEXT() REPRESENTATION_CONTEXT('2D SPACE',''
  ) );
#6137 = ORIENTED_EDGE('',*,*,#6138,.F.);
#6138 = EDGE_CURVE('',#6139,#6115,#6141,.T.);
#6139 = VERTEX_POINT('',#6140);
#6140 = CARTESIAN_POINT('',(3.471274714631,0.,7.207652312339));
#6141 = SURFACE_CURVE('',#6142,(#6147,#6154),.PCURVE_S1.);
#6142 = CIRCLE('',#6143,8.);
#6143 = AXIS2_PLACEMENT_3D('',#6144,#6145,#6146);
#6144 = CARTESIAN_POINT('',(1.953316134117E-16,0.,-2.229711069055E-16));
#6145 = DIRECTION('',(0.,1.,0.));
#6146 = DIRECTION('',(0.,-0.,1.));
#6147 = PCURVE('',#99,#6148);
#6148 = DEFINITIONAL_REPRESENTATION('',(#6149),#6153);
#6149 = CIRCLE('',#6150,8.);
#6150 = AXIS2_PLACEMENT_2D('',#6151,#6152);
#6151 = CARTESIAN_POINT('',(-2.337527005408,2.63694283087));
#6152 = DIRECTION('',(1.,0.));
#6153 = ( GEOMETRIC_REPRESENTATION_CONTEXT(2) 
PARAMETRIC_REPRESENTATION_CONTEXT() REPRESENTATION_CONTEXT('2D SPACE',''
  ) );
#6154 = PCURVE('',#1617,#6155);
#6155 = DEFINITIONAL_REPRESENTATION('',(#6156),#6160);
#6156 = LINE('',#6157,#6158);
#6157 = CARTESIAN_POINT('',(3.14159265359,7.));
#6158 = VECTOR('',#6159,1.);
#6159 = DIRECTION('',(-1.,0.));
#6160 = ( GEOMETRIC_REPRESENTATION_CONTEXT(2) 
PARAMETRIC_REPRESENTATION_CONTEXT() REPRESENTATION_CONTEXT('2D SPACE',''
  ) );
#6161 = ORIENTED_EDGE('',*,*,#6162,.F.);
#6162 = EDGE_CURVE('',#6163,#6139,#6165,.T.);
#6163 = VERTEX_POINT('',#6164);
#6164 = CARTESIAN_POINT('',(2.653523549721,0.,6.341189854521));
#6165 = SURFACE_CURVE('',#6166,(#6171,#6178),.PCURVE_S1.);
#6166 = CIRCLE('',#6167,3.);
#6167 = AXIS2_PLACEMENT_3D('',#6168,#6169,#6170);
#6168 = CARTESIAN_POINT('',(5.200714739456,0.,4.756318552825));
#6169 = DIRECTION('',(0.,1.,0.));
#6170 = DIRECTION('',(0.,-0.,1.));
#6171 = PCURVE('',#99,#6172);
#6172 = DEFINITIONAL_REPRESENTATION('',(#6173),#6177);
#6173 = CIRCLE('',#6174,3.);
#6174 = AXIS2_PLACEMENT_2D('',#6175,#6176);
#6175 = CARTESIAN_POINT('',(2.418791547417,7.837657570326));
#6176 = DIRECTION('',(1.,0.));
#6177 = ( GEOMETRIC_REPRESENTATION_CONTEXT(2) 
PARAMETRIC_REPRESENTATION_CONTEXT() REPRESENTATION_CONTEXT('2D SPACE',''
  ) );
#6178 = PCURVE('',#1588,#6179);
#6179 = DEFINITIONAL_REPRESENTATION('',(#6180),#6184);
#6180 = LINE('',#6181,#6182);
#6181 = CARTESIAN_POINT('',(9.424777960769,7.));
#6182 = VECTOR('',#6183,1.);
#6183 = DIRECTION('',(-1.,0.));
#6184 = ( GEOMETRIC_REPRESENTATION_CONTEXT(2) 
PARAMETRIC_REPRESENTATION_CONTEXT() REPRESENTATION_CONTEXT('2D SPACE',''
  ) );
#6185 = ORIENTED_EDGE('',*,*,#6186,.F.);
#6186 = EDGE_CURVE('',#6187,#6163,#6189,.T.);
#6187 = VERTEX_POINT('',#6188);
#6188 = CARTESIAN_POINT('',(2.217598953277,0.,6.506468387876));
#6189 = SURFACE_CURVE('',#6190,(#6195,#6202),.PCURVE_S1.);
#6190 = CIRCLE('',#6191,6.874);
#6191 = AXIS2_PLACEMENT_3D('',#6192,#6193,#6194);
#6192 = CARTESIAN_POINT('',(1.953316134117E-16,0.,-2.229711069055E-16));
#6193 = DIRECTION('',(0.,1.,0.));
#6194 = DIRECTION('',(0.,-0.,1.));
#6195 = PCURVE('',#99,#6196);
#6196 = DEFINITIONAL_REPRESENTATION('',(#6197),#6201);
#6197 = CIRCLE('',#6198,6.874);
#6198 = AXIS2_PLACEMENT_2D('',#6199,#6200);
#6199 = CARTESIAN_POINT('',(-2.337527005408,2.63694283087));
#6200 = DIRECTION('',(1.,0.));
#6201 = ( GEOMETRIC_REPRESENTATION_CONTEXT(2) 
PARAMETRIC_REPRESENTATION_CONTEXT() REPRESENTATION_CONTEXT('2D SPACE',''
  ) );
#6202 = PCURVE('',#1559,#6203);
#6203 = DEFINITIONAL_REPRESENTATION('',(#6204),#6208);
#6204 = LINE('',#6205,#6206);
#6205 = CARTESIAN_POINT('',(3.14159265359,7.));
#6206 = VECTOR('',#6207,1.);
#6207 = DIRECTION('',(-1.,0.));
#6208 = ( GEOMETRIC_REPRESENTATION_CONTEXT(2) 
PARAMETRIC_REPRESENTATION_CONTEXT() REPRESENTATION_CONTEXT('2D SPACE',''
  ) );
#6209 = ORIENTED_EDGE('',*,*,#6210,.F.);
#6210 = EDGE_CURVE('',#6211,#6187,#6213,.T.);
#6211 = VERTEX_POINT('',#6212);
#6212 = CARTESIAN_POINT('',(2.179855254521,0.,7.697287253919));
#6213 = SURFACE_CURVE('',#6214,(#6219,#6226),.PCURVE_S1.);
#6214 = CIRCLE('',#6215,3.);
#6215 = AXIS2_PLACEMENT_3D('',#6216,#6217,#6218);
#6216 = CARTESIAN_POINT('',(-0.740057541329,0.,7.0087313269));
#6217 = DIRECTION('',(0.,1.,0.));
#6218 = DIRECTION('',(0.,-0.,1.));
#6219 = PCURVE('',#99,#6220);
#6220 = DEFINITIONAL_REPRESENTATION('',(#6221),#6225);
#6221 = CIRCLE('',#6222,3.);
#6222 = AXIS2_PLACEMENT_2D('',#6223,#6224);
#6223 = CARTESIAN_POINT('',(4.671204321492,1.896885289541));
#6224 = DIRECTION('',(1.,0.));
#6225 = ( GEOMETRIC_REPRESENTATION_CONTEXT(2) 
PARAMETRIC_REPRESENTATION_CONTEXT() REPRESENTATION_CONTEXT('2D SPACE',''
  ) );
#6226 = PCURVE('',#1530,#6227);
#6227 = DEFINITIONAL_REPRESENTATION('',(#6228),#6232);
#6228 = LINE('',#6229,#6230);
#6229 = CARTESIAN_POINT('',(3.14159265359,7.));
#6230 = VECTOR('',#6231,1.);
#6231 = DIRECTION('',(-1.,0.));
#6232 = ( GEOMETRIC_REPRESENTATION_CONTEXT(2) 
PARAMETRIC_REPRESENTATION_CONTEXT() REPRESENTATION_CONTEXT('2D SPACE',''
  ) );
#6233 = ORIENTED_EDGE('',*,*,#6234,.F.);
#6234 = EDGE_CURVE('',#6235,#6211,#6237,.T.);
#6235 = VERTEX_POINT('',#6236);
#6236 = CARTESIAN_POINT('',(1.896863854519,0.,7.77186641145));
#6237 = SURFACE_CURVE('',#6238,(#6243,#6250),.PCURVE_S1.);
#6238 = CIRCLE('',#6239,8.);
#6239 = AXIS2_PLACEMENT_3D('',#6240,#6241,#6242);
#6240 = CARTESIAN_POINT('',(1.953316134117E-16,0.,-2.229711069055E-16));
#6241 = DIRECTION('',(0.,1.,0.));
#6242 = DIRECTION('',(0.,-0.,1.));
#6243 = PCURVE('',#99,#6244);
#6244 = DEFINITIONAL_REPRESENTATION('',(#6245),#6249);
#6245 = CIRCLE('',#6246,8.);
#6246 = AXIS2_PLACEMENT_2D('',#6247,#6248);
#6247 = CARTESIAN_POINT('',(-2.337527005408,2.63694283087));
#6248 = DIRECTION('',(1.,0.));
#6249 = ( GEOMETRIC_REPRESENTATION_CONTEXT(2) 
PARAMETRIC_REPRESENTATION_CONTEXT() REPRESENTATION_CONTEXT('2D SPACE',''
  ) );
#6250 = PCURVE('',#1501,#6251);
#6251 = DEFINITIONAL_REPRESENTATION('',(#6252),#6256);
#6252 = LINE('',#6253,#6254);
#6253 = CARTESIAN_POINT('',(3.14159265359,7.));
#6254 = VECTOR('',#6255,1.);
#6255 = DIRECTION('',(-1.,0.));
#6256 = ( GEOMETRIC_REPRESENTATION_CONTEXT(2) 
PARAMETRIC_REPRESENTATION_CONTEXT() REPRESENTATION_CONTEXT('2D SPACE',''
  ) );
#6257 = ORIENTED_EDGE('',*,*,#6258,.F.);
#6258 = EDGE_CURVE('',#6259,#6235,#6261,.T.);
#6259 = VERTEX_POINT('',#6260);
#6260 = CARTESIAN_POINT('',(1.277130189201,0.,6.754318209844));
#6261 = SURFACE_CURVE('',#6262,(#6267,#6274),.PCURVE_S1.);
#6262 = CIRCLE('',#6263,3.);
#6263 = AXIS2_PLACEMENT_3D('',#6264,#6265,#6266);
#6264 = CARTESIAN_POINT('',(4.098172412114,0.,5.733670975713));
#6265 = DIRECTION('',(0.,1.,0.));
#6266 = DIRECTION('',(0.,-0.,1.));
#6267 = PCURVE('',#99,#6268);
#6268 = DEFINITIONAL_REPRESENTATION('',(#6269),#6273);
#6269 = CIRCLE('',#6270,3.);
#6270 = AXIS2_PLACEMENT_2D('',#6271,#6272);
#6271 = CARTESIAN_POINT('',(3.396143970305,6.735115242984));
#6272 = DIRECTION('',(1.,0.));
#6273 = ( GEOMETRIC_REPRESENTATION_CONTEXT(2) 
PARAMETRIC_REPRESENTATION_CONTEXT() REPRESENTATION_CONTEXT('2D SPACE',''
  ) );
#6274 = PCURVE('',#1472,#6275);
#6275 = DEFINITIONAL_REPRESENTATION('',(#6276),#6280);
#6276 = LINE('',#6277,#6278);
#6277 = CARTESIAN_POINT('',(9.424777960769,7.));
#6278 = VECTOR('',#6279,1.);
#6279 = DIRECTION('',(-1.,0.));
#6280 = ( GEOMETRIC_REPRESENTATION_CONTEXT(2) 
PARAMETRIC_REPRESENTATION_CONTEXT() REPRESENTATION_CONTEXT('2D SPACE',''
  ) );
#6281 = ORIENTED_EDGE('',*,*,#6282,.F.);
#6282 = EDGE_CURVE('',#6283,#6259,#6285,.T.);
#6283 = VERTEX_POINT('',#6284);
#6284 = CARTESIAN_POINT('',(0.816368251762,0.,6.825351190782));
#6285 = SURFACE_CURVE('',#6286,(#6291,#6298),.PCURVE_S1.);
#6286 = CIRCLE('',#6287,6.874);
#6287 = AXIS2_PLACEMENT_3D('',#6288,#6289,#6290);
#6288 = CARTESIAN_POINT('',(1.953316134117E-16,0.,-2.229711069055E-16));
#6289 = DIRECTION('',(0.,1.,0.));
#6290 = DIRECTION('',(0.,-0.,1.));
#6291 = PCURVE('',#99,#6292);
#6292 = DEFINITIONAL_REPRESENTATION('',(#6293),#6297);
#6293 = CIRCLE('',#6294,6.874);
#6294 = AXIS2_PLACEMENT_2D('',#6295,#6296);
#6295 = CARTESIAN_POINT('',(-2.337527005408,2.63694283087));
#6296 = DIRECTION('',(1.,0.));
#6297 = ( GEOMETRIC_REPRESENTATION_CONTEXT(2) 
PARAMETRIC_REPRESENTATION_CONTEXT() REPRESENTATION_CONTEXT('2D SPACE',''
  ) );
#6298 = PCURVE('',#1443,#6299);
#6299 = DEFINITIONAL_REPRESENTATION('',(#6300),#6304);
#6300 = LINE('',#6301,#6302);
#6301 = CARTESIAN_POINT('',(3.14159265359,7.));
#6302 = VECTOR('',#6303,1.);
#6303 = DIRECTION('',(-1.,0.));
#6304 = ( GEOMETRIC_REPRESENTATION_CONTEXT(2) 
PARAMETRIC_REPRESENTATION_CONTEXT() REPRESENTATION_CONTEXT('2D SPACE',''
  ) );
#6305 = ORIENTED_EDGE('',*,*,#6306,.F.);
#6306 = EDGE_CURVE('',#6307,#6283,#6309,.T.);
#6307 = VERTEX_POINT('',#6308);
#6308 = CARTESIAN_POINT('',(0.531864179485,0.,7.982300451285));
#6309 = SURFACE_CURVE('',#6310,(#6315,#6322),.PCURVE_S1.);
#6310 = CIRCLE('',#6311,3.);
#6311 = AXIS2_PLACEMENT_3D('',#6312,#6313,#6314);
#6312 = CARTESIAN_POINT('',(-2.181082689119,0.,6.701707116875));
#6313 = DIRECTION('',(0.,1.,0.));
#6314 = DIRECTION('',(0.,-0.,1.));
#6315 = PCURVE('',#99,#6316);
#6316 = DEFINITIONAL_REPRESENTATION('',(#6317),#6321);
#6317 = CIRCLE('',#6318,3.);
#6318 = AXIS2_PLACEMENT_2D('',#6319,#6320);
#6319 = CARTESIAN_POINT('',(4.364180111467,0.455860141751));
#6320 = DIRECTION('',(1.,0.));
#6321 = ( GEOMETRIC_REPRESENTATION_CONTEXT(2) 
PARAMETRIC_REPRESENTATION_CONTEXT() REPRESENTATION_CONTEXT('2D SPACE',''
  ) );
#6322 = PCURVE('',#1414,#6323);
#6323 = DEFINITIONAL_REPRESENTATION('',(#6324),#6328);
#6324 = LINE('',#6325,#6326);
#6325 = CARTESIAN_POINT('',(3.14159265359,7.));
#6326 = VECTOR('',#6327,1.);
#6327 = DIRECTION('',(-1.,0.));
#6328 = ( GEOMETRIC_REPRESENTATION_CONTEXT(2) 
PARAMETRIC_REPRESENTATION_CONTEXT() REPRESENTATION_CONTEXT('2D SPACE',''
  ) );
#6329 = ORIENTED_EDGE('',*,*,#6330,.F.);
#6330 = EDGE_CURVE('',#6331,#6307,#6333,.T.);
#6331 = VERTEX_POINT('',#6332);
#6332 = CARTESIAN_POINT('',(0.239550941802,0.,7.996412654827));
#6333 = SURFACE_CURVE('',#6334,(#6339,#6346),.PCURVE_S1.);
#6334 = CIRCLE('',#6335,8.);
#6335 = AXIS2_PLACEMENT_3D('',#6336,#6337,#6338);
#6336 = CARTESIAN_POINT('',(1.953316134117E-16,0.,-2.229711069055E-16));
#6337 = DIRECTION('',(0.,1.,0.));
#6338 = DIRECTION('',(0.,-0.,1.));
#6339 = PCURVE('',#99,#6340);
#6340 = DEFINITIONAL_REPRESENTATION('',(#6341),#6345);
#6341 = CIRCLE('',#6342,8.);
#6342 = AXIS2_PLACEMENT_2D('',#6343,#6344);
#6343 = CARTESIAN_POINT('',(-2.337527005408,2.63694283087));
#6344 = DIRECTION('',(1.,0.));
#6345 = ( GEOMETRIC_REPRESENTATION_CONTEXT(2) 
PARAMETRIC_REPRESENTATION_CONTEXT() REPRESENTATION_CONTEXT('2D SPACE',''
  ) );
#6346 = PCURVE('',#1385,#6347);
#6347 = DEFINITIONAL_REPRESENTATION('',(#6348),#6352);
#6348 = LINE('',#6349,#6350);
#6349 = CARTESIAN_POINT('',(3.14159265359,7.));
#6350 = VECTOR('',#6351,1.);
#6351 = DIRECTION('',(-1.,0.));
#6352 = ( GEOMETRIC_REPRESENTATION_CONTEXT(2) 
PARAMETRIC_REPRESENTATION_CONTEXT() REPRESENTATION_CONTEXT('2D SPACE',''
  ) );
#6353 = ORIENTED_EDGE('',*,*,#6354,.F.);
#6354 = EDGE_CURVE('',#6355,#6331,#6357,.T.);
#6355 = VERTEX_POINT('',#6356);
#6356 = CARTESIAN_POINT('',(-0.155079888938,0.,6.872250448583));
#6357 = SURFACE_CURVE('',#6358,(#6363,#6370),.PCURVE_S1.);
#6358 = CIRCLE('',#6359,3.);
#6359 = AXIS2_PLACEMENT_3D('',#6360,#6361,#6362);
#6360 = CARTESIAN_POINT('',(2.81652028515,0.,6.460434463756));
#6361 = DIRECTION('',(0.,1.,0.));
#6362 = DIRECTION('',(0.,-0.,1.));
#6363 = PCURVE('',#99,#6364);
#6364 = DEFINITIONAL_REPRESENTATION('',(#6365),#6369);
#6365 = CIRCLE('',#6366,3.);
#6366 = AXIS2_PLACEMENT_2D('',#6367,#6368);
#6367 = CARTESIAN_POINT('',(4.122907458348,5.45346311602));
#6368 = DIRECTION('',(1.,0.));
#6369 = ( GEOMETRIC_REPRESENTATION_CONTEXT(2) 
PARAMETRIC_REPRESENTATION_CONTEXT() REPRESENTATION_CONTEXT('2D SPACE',''
  ) );
#6370 = PCURVE('',#1356,#6371);
#6371 = DEFINITIONAL_REPRESENTATION('',(#6372),#6376);
#6372 = LINE('',#6373,#6374);
#6373 = CARTESIAN_POINT('',(9.424777960769,7.));
#6374 = VECTOR('',#6375,1.);
#6375 = DIRECTION('',(-1.,0.));
#6376 = ( GEOMETRIC_REPRESENTATION_CONTEXT(2) 
PARAMETRIC_REPRESENTATION_CONTEXT() REPRESENTATION_CONTEXT('2D SPACE',''
  ) );
#6377 = ORIENTED_EDGE('',*,*,#6378,.F.);
#6378 = EDGE_CURVE('',#6379,#6355,#6381,.T.);
#6379 = VERTEX_POINT('',#6380);
#6380 = CARTESIAN_POINT('',(-0.620541659724,0.,6.845933394983));
#6381 = SURFACE_CURVE('',#6382,(#6387,#6394),.PCURVE_S1.);
#6382 = CIRCLE('',#6383,6.874);
#6383 = AXIS2_PLACEMENT_3D('',#6384,#6385,#6386);
#6384 = CARTESIAN_POINT('',(1.953316134117E-16,0.,-2.229711069055E-16));
#6385 = DIRECTION('',(0.,1.,0.));
#6386 = DIRECTION('',(0.,-0.,1.));
#6387 = PCURVE('',#99,#6388);
#6388 = DEFINITIONAL_REPRESENTATION('',(#6389),#6393);
#6389 = CIRCLE('',#6390,6.874);
#6390 = AXIS2_PLACEMENT_2D('',#6391,#6392);
#6391 = CARTESIAN_POINT('',(-2.337527005408,2.63694283087));
#6392 = DIRECTION('',(1.,0.));
#6393 = ( GEOMETRIC_REPRESENTATION_CONTEXT(2) 
PARAMETRIC_REPRESENTATION_CONTEXT() REPRESENTATION_CONTEXT('2D SPACE',''
  ) );
#6394 = PCURVE('',#1327,#6395);
#6395 = DEFINITIONAL_REPRESENTATION('',(#6396),#6400);
#6396 = LINE('',#6397,#6398);
#6397 = CARTESIAN_POINT('',(9.424777960769,7.));
#6398 = VECTOR('',#6399,1.);
#6399 = DIRECTION('',(-1.,0.));
#6400 = ( GEOMETRIC_REPRESENTATION_CONTEXT(2) 
PARAMETRIC_REPRESENTATION_CONTEXT() REPRESENTATION_CONTEXT('2D SPACE',''
  ) );
#6401 = ORIENTED_EDGE('',*,*,#6402,.F.);
#6402 = EDGE_CURVE('',#6403,#6379,#6405,.T.);
#6403 = VERTEX_POINT('',#6404);
#6404 = CARTESIAN_POINT('',(-1.139371912363,0.,7.918448815603));
#6405 = SURFACE_CURVE('',#6406,(#6411,#6418),.PCURVE_S1.);
#6406 = CIRCLE('',#6407,3.);
#6407 = AXIS2_PLACEMENT_3D('',#6408,#6409,#6410);
#6408 = CARTESIAN_POINT('',(-3.526784057398,0.,6.101786147484));
#6409 = DIRECTION('',(0.,1.,0.));
#6410 = DIRECTION('',(0.,-0.,1.));
#6411 = PCURVE('',#99,#6412);
#6412 = DEFINITIONAL_REPRESENTATION('',(#6413),#6417);
#6413 = CIRCLE('',#6414,3.);
#6414 = AXIS2_PLACEMENT_2D('',#6415,#6416);
#6415 = CARTESIAN_POINT('',(3.764259142076,-0.889841226529));
#6416 = DIRECTION('',(1.,0.));
#6417 = ( GEOMETRIC_REPRESENTATION_CONTEXT(2) 
PARAMETRIC_REPRESENTATION_CONTEXT() REPRESENTATION_CONTEXT('2D SPACE',''
  ) );
#6418 = PCURVE('',#1298,#6419);
#6419 = DEFINITIONAL_REPRESENTATION('',(#6420),#6424);
#6420 = LINE('',#6421,#6422);
#6421 = CARTESIAN_POINT('',(3.14159265359,7.));
#6422 = VECTOR('',#6423,1.);
#6423 = DIRECTION('',(-1.,0.));
#6424 = ( GEOMETRIC_REPRESENTATION_CONTEXT(2) 
PARAMETRIC_REPRESENTATION_CONTEXT() REPRESENTATION_CONTEXT('2D SPACE',''
  ) );
#6425 = ORIENTED_EDGE('',*,*,#6426,.F.);
#6426 = EDGE_CURVE('',#6427,#6403,#6429,.T.);
#6427 = VERTEX_POINT('',#6428);
#6428 = CARTESIAN_POINT('',(-1.428231496564,0.,7.871477294144));
#6429 = SURFACE_CURVE('',#6430,(#6435,#6442),.PCURVE_S1.);
#6430 = CIRCLE('',#6431,8.);
#6431 = AXIS2_PLACEMENT_3D('',#6432,#6433,#6434);
#6432 = CARTESIAN_POINT('',(1.953316134117E-16,0.,-2.229711069055E-16));
#6433 = DIRECTION('',(0.,1.,0.));
#6434 = DIRECTION('',(0.,-0.,1.));
#6435 = PCURVE('',#99,#6436);
#6436 = DEFINITIONAL_REPRESENTATION('',(#6437),#6441);
#6437 = CIRCLE('',#6438,8.);
#6438 = AXIS2_PLACEMENT_2D('',#6439,#6440);
#6439 = CARTESIAN_POINT('',(-2.337527005408,2.63694283087));
#6440 = DIRECTION('',(1.,0.));
#6441 = ( GEOMETRIC_REPRESENTATION_CONTEXT(2) 
PARAMETRIC_REPRESENTATION_CONTEXT() REPRESENTATION_CONTEXT('2D SPACE',''
  ) );
#6442 = PCURVE('',#1269,#6443);
#6443 = DEFINITIONAL_REPRESENTATION('',(#6444),#6448);
#6444 = LINE('',#6445,#6446);
#6445 = CARTESIAN_POINT('',(9.424777960769,7.));
#6446 = VECTOR('',#6447,1.);
#6447 = DIRECTION('',(-1.,0.));
#6448 = ( GEOMETRIC_REPRESENTATION_CONTEXT(2) 
PARAMETRIC_REPRESENTATION_CONTEXT() REPRESENTATION_CONTEXT('2D SPACE',''
  ) );
#6449 = ORIENTED_EDGE('',*,*,#6450,.F.);
#6450 = EDGE_CURVE('',#6451,#6427,#6453,.T.);
#6451 = VERTEX_POINT('',#6452);
#6452 = CARTESIAN_POINT('',(-1.580512231775,0.,6.689832366002));
#6453 = SURFACE_CURVE('',#6454,(#6459,#6466),.PCURVE_S1.);
#6454 = CIRCLE('',#6455,3.);
#6455 = AXIS2_PLACEMENT_3D('',#6456,#6457,#6458);
#6456 = CARTESIAN_POINT('',(1.411772706561,0.,6.904845965129));
#6457 = DIRECTION('',(0.,1.,0.));
#6458 = DIRECTION('',(0.,-0.,1.));
#6459 = PCURVE('',#99,#6460);
#6460 = DEFINITIONAL_REPRESENTATION('',(#6461),#6465);
#6461 = CIRCLE('',#6462,3.);
#6462 = AXIS2_PLACEMENT_2D('',#6463,#6464);
#6463 = CARTESIAN_POINT('',(4.567318959721,4.04871553743));
#6464 = DIRECTION('',(1.,0.));
#6465 = ( GEOMETRIC_REPRESENTATION_CONTEXT(2) 
PARAMETRIC_REPRESENTATION_CONTEXT() REPRESENTATION_CONTEXT('2D SPACE',''
  ) );
#6466 = PCURVE('',#1240,#6467);
#6467 = DEFINITIONAL_REPRESENTATION('',(#6468),#6472);
#6468 = LINE('',#6469,#6470);
#6469 = CARTESIAN_POINT('',(9.424777960769,7.));
#6470 = VECTOR('',#6471,1.);
#6471 = DIRECTION('',(-1.,0.));
#6472 = ( GEOMETRIC_REPRESENTATION_CONTEXT(2) 
PARAMETRIC_REPRESENTATION_CONTEXT() REPRESENTATION_CONTEXT('2D SPACE',''
  ) );
#6473 = ORIENTED_EDGE('',*,*,#6474,.F.);
#6474 = EDGE_CURVE('',#6475,#6451,#6477,.T.);
#6475 = VERTEX_POINT('',#6476);
#6476 = CARTESIAN_POINT('',(-2.030330922991,0.,6.56731545939));
#6477 = SURFACE_CURVE('',#6478,(#6483,#6490),.PCURVE_S1.);
#6478 = CIRCLE('',#6479,6.874);
#6479 = AXIS2_PLACEMENT_3D('',#6480,#6481,#6482);
#6480 = CARTESIAN_POINT('',(1.953316134117E-16,0.,-2.229711069055E-16));
#6481 = DIRECTION('',(0.,1.,0.));
#6482 = DIRECTION('',(0.,-0.,1.));
#6483 = PCURVE('',#99,#6484);
#6484 = DEFINITIONAL_REPRESENTATION('',(#6485),#6489);
#6485 = CIRCLE('',#6486,6.874);
#6486 = AXIS2_PLACEMENT_2D('',#6487,#6488);
#6487 = CARTESIAN_POINT('',(-2.337527005408,2.63694283087));
#6488 = DIRECTION('',(1.,0.));
#6489 = ( GEOMETRIC_REPRESENTATION_CONTEXT(2) 
PARAMETRIC_REPRESENTATION_CONTEXT() REPRESENTATION_CONTEXT('2D SPACE',''
  ) );
#6490 = PCURVE('',#1211,#6491);
#6491 = DEFINITIONAL_REPRESENTATION('',(#6492),#6496);
#6492 = LINE('',#6493,#6494);
#6493 = CARTESIAN_POINT('',(9.424777960769,7.));
#6494 = VECTOR('',#6495,1.);
#6495 = DIRECTION('',(-1.,0.));
#6496 = ( GEOMETRIC_REPRESENTATION_CONTEXT(2) 
PARAMETRIC_REPRESENTATION_CONTEXT() REPRESENTATION_CONTEXT('2D SPACE',''
  ) );
#6497 = ORIENTED_EDGE('',*,*,#6498,.F.);
#6498 = EDGE_CURVE('',#6499,#6475,#6501,.T.);
#6499 = VERTEX_POINT('',#6500);
#6500 = CARTESIAN_POINT('',(-2.760811984327,0.,7.508522969746));
#6501 = SURFACE_CURVE('',#6502,(#6507,#6514),.PCURVE_S1.);
#6502 = CIRCLE('',#6503,3.);
#6503 = AXIS2_PLACEMENT_3D('',#6504,#6505,#6506);
#6504 = CARTESIAN_POINT('',(-4.718348038982,0.,5.235187843829));
#6505 = DIRECTION('',(0.,1.,0.));
#6506 = DIRECTION('',(0.,-0.,1.));
#6507 = PCURVE('',#99,#6508);
#6508 = DEFINITIONAL_REPRESENTATION('',(#6509),#6513);
#6509 = CIRCLE('',#6510,3.);
#6510 = AXIS2_PLACEMENT_2D('',#6511,#6512);
#6511 = CARTESIAN_POINT('',(2.897660838422,-2.081405208112));
#6512 = DIRECTION('',(1.,0.));
#6513 = ( GEOMETRIC_REPRESENTATION_CONTEXT(2) 
PARAMETRIC_REPRESENTATION_CONTEXT() REPRESENTATION_CONTEXT('2D SPACE',''
  ) );
#6514 = PCURVE('',#1182,#6515);
#6515 = DEFINITIONAL_REPRESENTATION('',(#6516),#6520);
#6516 = LINE('',#6517,#6518);
#6517 = CARTESIAN_POINT('',(3.14159265359,7.));
#6518 = VECTOR('',#6519,1.);
#6519 = DIRECTION('',(-1.,0.));
#6520 = ( GEOMETRIC_REPRESENTATION_CONTEXT(2) 
PARAMETRIC_REPRESENTATION_CONTEXT() REPRESENTATION_CONTEXT('2D SPACE',''
  ) );
#6521 = ORIENTED_EDGE('',*,*,#6522,.F.);
#6522 = EDGE_CURVE('',#6523,#6499,#6525,.T.);
#6523 = VERTEX_POINT('',#6524);
#6524 = CARTESIAN_POINT('',(-3.033593365116,0.,7.402520604168));
#6525 = SURFACE_CURVE('',#6526,(#6531,#6538),.PCURVE_S1.);
#6526 = CIRCLE('',#6527,8.);
#6527 = AXIS2_PLACEMENT_3D('',#6528,#6529,#6530);
#6528 = CARTESIAN_POINT('',(1.953316134117E-16,0.,-2.229711069055E-16));
#6529 = DIRECTION('',(0.,1.,0.));
#6530 = DIRECTION('',(0.,-0.,1.));
#6531 = PCURVE('',#99,#6532);
#6532 = DEFINITIONAL_REPRESENTATION('',(#6533),#6537);
#6533 = CIRCLE('',#6534,8.);
#6534 = AXIS2_PLACEMENT_2D('',#6535,#6536);
#6535 = CARTESIAN_POINT('',(-2.337527005408,2.63694283087));
#6536 = DIRECTION('',(1.,0.));
#6537 = ( GEOMETRIC_REPRESENTATION_CONTEXT(2) 
PARAMETRIC_REPRESENTATION_CONTEXT() REPRESENTATION_CONTEXT('2D SPACE',''
  ) );
#6538 = PCURVE('',#1153,#6539);
#6539 = DEFINITIONAL_REPRESENTATION('',(#6540),#6544);
#6540 = LINE('',#6541,#6542);
#6541 = CARTESIAN_POINT('',(9.424777960769,7.));
#6542 = VECTOR('',#6543,1.);
#6543 = DIRECTION('',(-1.,0.));
#6544 = ( GEOMETRIC_REPRESENTATION_CONTEXT(2) 
PARAMETRIC_REPRESENTATION_CONTEXT() REPRESENTATION_CONTEXT('2D SPACE',''
  ) );
#6545 = ORIENTED_EDGE('',*,*,#6546,.F.);
#6546 = EDGE_CURVE('',#6547,#6523,#6549,.T.);
#6547 = VERTEX_POINT('',#6548);
#6548 = CARTESIAN_POINT('',(-2.936868605944,0.,6.21503650765));
#6549 = SURFACE_CURVE('',#6550,(#6555,#6562),.PCURVE_S1.);
#6550 = CIRCLE('',#6551,3.);
#6551 = AXIS2_PLACEMENT_3D('',#6552,#6553,#6554);
#6552 = CARTESIAN_POINT('',(-5.467611374245E-02,0.,7.047482564698));
#6553 = DIRECTION('',(0.,1.,0.));
#6554 = DIRECTION('',(0.,-0.,1.));
#6555 = PCURVE('',#99,#6556);
#6556 = DEFINITIONAL_REPRESENTATION('',(#6557),#6561);
#6557 = CIRCLE('',#6558,3.);
#6558 = AXIS2_PLACEMENT_2D('',#6559,#6560);
#6559 = CARTESIAN_POINT('',(4.709955559291,2.582266717127));
#6560 = DIRECTION('',(1.,0.));
#6561 = ( GEOMETRIC_REPRESENTATION_CONTEXT(2) 
PARAMETRIC_REPRESENTATION_CONTEXT() REPRESENTATION_CONTEXT('2D SPACE',''
  ) );
#6562 = PCURVE('',#1124,#6563);
#6563 = DEFINITIONAL_REPRESENTATION('',(#6564),#6568);
#6564 = LINE('',#6565,#6566);
#6565 = CARTESIAN_POINT('',(9.424777960769,7.));
#6566 = VECTOR('',#6567,1.);
#6567 = DIRECTION('',(-1.,0.));
#6568 = ( GEOMETRIC_REPRESENTATION_CONTEXT(2) 
PARAMETRIC_REPRESENTATION_CONTEXT() REPRESENTATION_CONTEXT('2D SPACE',''
  ) );
#6569 = ORIENTED_EDGE('',*,*,#6570,.F.);
#6570 = EDGE_CURVE('',#6571,#6547,#6573,.T.);
#6571 = VERTEX_POINT('',#6572);
#6572 = CARTESIAN_POINT('',(-3.351384982315,0.,6.001674324746));
#6573 = SURFACE_CURVE('',#6574,(#6579,#6586),.PCURVE_S1.);
#6574 = CIRCLE('',#6575,6.874);
#6575 = AXIS2_PLACEMENT_3D('',#6576,#6577,#6578);
#6576 = CARTESIAN_POINT('',(1.953316134117E-16,0.,-2.229711069055E-16));
#6577 = DIRECTION('',(0.,1.,0.));
#6578 = DIRECTION('',(0.,-0.,1.));
#6579 = PCURVE('',#99,#6580);
#6580 = DEFINITIONAL_REPRESENTATION('',(#6581),#6585);
#6581 = CIRCLE('',#6582,6.874);
#6582 = AXIS2_PLACEMENT_2D('',#6583,#6584);
#6583 = CARTESIAN_POINT('',(-2.337527005408,2.63694283087));
#6584 = DIRECTION('',(1.,0.));
#6585 = ( GEOMETRIC_REPRESENTATION_CONTEXT(2) 
PARAMETRIC_REPRESENTATION_CONTEXT() REPRESENTATION_CONTEXT('2D SPACE',''
  ) );
#6586 = PCURVE('',#1095,#6587);
#6587 = DEFINITIONAL_REPRESENTATION('',(#6588),#6592);
#6588 = LINE('',#6589,#6590);
#6589 = CARTESIAN_POINT('',(9.424777960769,7.));
#6590 = VECTOR('',#6591,1.);
#6591 = DIRECTION('',(-1.,0.));
#6592 = ( GEOMETRIC_REPRESENTATION_CONTEXT(2) 
PARAMETRIC_REPRESENTATION_CONTEXT() REPRESENTATION_CONTEXT('2D SPACE',''
  ) );
#6593 = ORIENTED_EDGE('',*,*,#6594,.F.);
#6594 = EDGE_CURVE('',#6595,#6571,#6597,.T.);
#6595 = VERTEX_POINT('',#6596);
#6596 = CARTESIAN_POINT('',(-4.26159132473,0.,6.77043864022));
#6597 = SURFACE_CURVE('',#6598,(#6603,#6610),.PCURVE_S1.);
#6598 = CIRCLE('',#6599,3.);
#6599 = AXIS2_PLACEMENT_3D('',#6600,#6601,#6602);
#6600 = CARTESIAN_POINT('',(-5.703697570117,0.,4.139786710181));
#6601 = DIRECTION('',(0.,1.,0.));
#6602 = DIRECTION('',(0.,-0.,1.));
#6603 = PCURVE('',#99,#6604);
#6604 = DEFINITIONAL_REPRESENTATION('',(#6605),#6609);
#6605 = CIRCLE('',#6606,3.);
#6606 = AXIS2_PLACEMENT_2D('',#6607,#6608);
#6607 = CARTESIAN_POINT('',(1.802259704773,-3.066754739247));
#6608 = DIRECTION('',(1.,0.));
#6609 = ( GEOMETRIC_REPRESENTATION_CONTEXT(2) 
PARAMETRIC_REPRESENTATION_CONTEXT() REPRESENTATION_CONTEXT('2D SPACE',''
  ) );
#6610 = PCURVE('',#1066,#6611);
#6611 = DEFINITIONAL_REPRESENTATION('',(#6612),#6616);
#6612 = LINE('',#6613,#6614);
#6613 = CARTESIAN_POINT('',(3.14159265359,7.));
#6614 = VECTOR('',#6615,1.);
#6615 = DIRECTION('',(-1.,0.));
#6616 = ( GEOMETRIC_REPRESENTATION_CONTEXT(2) 
PARAMETRIC_REPRESENTATION_CONTEXT() REPRESENTATION_CONTEXT('2D SPACE',''
  ) );
#6617 = ORIENTED_EDGE('',*,*,#6618,.F.);
#6618 = EDGE_CURVE('',#6619,#6595,#6621,.T.);
#6619 = VERTEX_POINT('',#6620);
#6620 = CARTESIAN_POINT('',(-4.506372646816,0.,6.610038242554));
#6621 = SURFACE_CURVE('',#6622,(#6627,#6634),.PCURVE_S1.);
#6622 = CIRCLE('',#6623,8.);
#6623 = AXIS2_PLACEMENT_3D('',#6624,#6625,#6626);
#6624 = CARTESIAN_POINT('',(1.953316134117E-16,0.,-2.229711069055E-16));
#6625 = DIRECTION('',(0.,1.,0.));
#6626 = DIRECTION('',(0.,-0.,1.));
#6627 = PCURVE('',#99,#6628);
#6628 = DEFINITIONAL_REPRESENTATION('',(#6629),#6633);
#6629 = CIRCLE('',#6630,8.);
#6630 = AXIS2_PLACEMENT_2D('',#6631,#6632);
#6631 = CARTESIAN_POINT('',(-2.337527005408,2.63694283087));
#6632 = DIRECTION('',(1.,0.));
#6633 = ( GEOMETRIC_REPRESENTATION_CONTEXT(2) 
PARAMETRIC_REPRESENTATION_CONTEXT() REPRESENTATION_CONTEXT('2D SPACE',''
  ) );
#6634 = PCURVE('',#1037,#6635);
#6635 = DEFINITIONAL_REPRESENTATION('',(#6636),#6640);
#6636 = LINE('',#6637,#6638);
#6637 = CARTESIAN_POINT('',(9.424777960769,7.));
#6638 = VECTOR('',#6639,1.);
#6639 = DIRECTION('',(-1.,0.));
#6640 = ( GEOMETRIC_REPRESENTATION_CONTEXT(2) 
PARAMETRIC_REPRESENTATION_CONTEXT() REPRESENTATION_CONTEXT('2D SPACE',''
  ) );
#6641 = ORIENTED_EDGE('',*,*,#6642,.F.);
#6642 = EDGE_CURVE('',#6643,#6619,#6645,.T.);
#6643 = VERTEX_POINT('',#6644);
#6644 = CARTESIAN_POINT('',(-4.164869729374,0.,5.468613730859));
#6645 = SURFACE_CURVE('',#6646,(#6651,#6658),.PCURVE_S1.);
#6646 = CIRCLE('',#6647,3.);
#6647 = AXIS2_PLACEMENT_3D('',#6648,#6649,#6650);
#6648 = CARTESIAN_POINT('',(-1.51873532551,0.,6.882110358618));
#6649 = DIRECTION('',(0.,1.,0.));
#6650 = DIRECTION('',(0.,-0.,1.));
#6651 = PCURVE('',#99,#6652);
#6652 = DEFINITIONAL_REPRESENTATION('',(#6653),#6657);
#6653 = CIRCLE('',#6654,3.);
#6654 = AXIS2_PLACEMENT_2D('',#6655,#6656);
#6655 = CARTESIAN_POINT('',(4.54458335321,1.11820750536));
#6656 = DIRECTION('',(1.,0.));
#6657 = ( GEOMETRIC_REPRESENTATION_CONTEXT(2) 
PARAMETRIC_REPRESENTATION_CONTEXT() REPRESENTATION_CONTEXT('2D SPACE',''
  ) );
#6658 = PCURVE('',#1008,#6659);
#6659 = DEFINITIONAL_REPRESENTATION('',(#6660),#6664);
#6660 = LINE('',#6661,#6662);
#6661 = CARTESIAN_POINT('',(9.424777960769,7.));
#6662 = VECTOR('',#6663,1.);
#6663 = DIRECTION('',(-1.,0.));
#6664 = ( GEOMETRIC_REPRESENTATION_CONTEXT(2) 
PARAMETRIC_REPRESENTATION_CONTEXT() REPRESENTATION_CONTEXT('2D SPACE',''
  ) );
#6665 = ORIENTED_EDGE('',*,*,#6666,.F.);
#6666 = EDGE_CURVE('',#6667,#6643,#6669,.T.);
#6667 = VERTEX_POINT('',#6668);
#6668 = CARTESIAN_POINT('',(-4.525967436182,0.,5.173731222881));
#6669 = SURFACE_CURVE('',#6670,(#6675,#6682),.PCURVE_S1.);
#6670 = CIRCLE('',#6671,6.874);
#6671 = AXIS2_PLACEMENT_3D('',#6672,#6673,#6674);
#6672 = CARTESIAN_POINT('',(1.953316134117E-16,0.,-2.229711069055E-16));
#6673 = DIRECTION('',(0.,1.,0.));
#6674 = DIRECTION('',(0.,-0.,1.));
#6675 = PCURVE('',#99,#6676);
#6676 = DEFINITIONAL_REPRESENTATION('',(#6677),#6681);
#6677 = CIRCLE('',#6678,6.874);
#6678 = AXIS2_PLACEMENT_2D('',#6679,#6680);
#6679 = CARTESIAN_POINT('',(-2.337527005408,2.63694283087));
#6680 = DIRECTION('',(1.,0.));
#6681 = ( GEOMETRIC_REPRESENTATION_CONTEXT(2) 
PARAMETRIC_REPRESENTATION_CONTEXT() REPRESENTATION_CONTEXT('2D SPACE',''
  ) );
#6682 = PCURVE('',#979,#6683);
#6683 = DEFINITIONAL_REPRESENTATION('',(#6684),#6688);
#6684 = LINE('',#6685,#6686);
#6685 = CARTESIAN_POINT('',(9.424777960769,7.));
#6686 = VECTOR('',#6687,1.);
#6687 = DIRECTION('',(-1.,0.));
#6688 = ( GEOMETRIC_REPRESENTATION_CONTEXT(2) 
PARAMETRIC_REPRESENTATION_CONTEXT() REPRESENTATION_CONTEXT('2D SPACE',''
  ) );
#6689 = ORIENTED_EDGE('',*,*,#6690,.F.);
#6690 = EDGE_CURVE('',#6691,#6667,#6693,.T.);
#6691 = VERTEX_POINT('',#6692);
#6692 = CARTESIAN_POINT('',(-5.576118674859,0.,5.736453653948));
#6693 = SURFACE_CURVE('',#6694,(#6699,#6706),.PCURVE_S1.);
#6694 = CIRCLE('',#6695,3.);
#6695 = AXIS2_PLACEMENT_3D('',#6696,#6697,#6698);
#6696 = CARTESIAN_POINT('',(-6.439768148059,0.,2.863457032397));
#6697 = DIRECTION('',(0.,1.,0.));
#6698 = DIRECTION('',(0.,-0.,1.));
#6699 = PCURVE('',#99,#6700);
#6700 = DEFINITIONAL_REPRESENTATION('',(#6701),#6705);
#6701 = CIRCLE('',#6702,3.);
#6702 = AXIS2_PLACEMENT_2D('',#6703,#6704);
#6703 = CARTESIAN_POINT('',(0.525930026989,-3.802825317189));
#6704 = DIRECTION('',(1.,0.));
#6705 = ( GEOMETRIC_REPRESENTATION_CONTEXT(2) 
PARAMETRIC_REPRESENTATION_CONTEXT() REPRESENTATION_CONTEXT('2D SPACE',''
  ) );
#6706 = PCURVE('',#950,#6707);
#6707 = DEFINITIONAL_REPRESENTATION('',(#6708),#6712);
#6708 = LINE('',#6709,#6710);
#6709 = CARTESIAN_POINT('',(3.14159265359,7.));
#6710 = VECTOR('',#6711,1.);
#6711 = DIRECTION('',(-1.,0.));
#6712 = ( GEOMETRIC_REPRESENTATION_CONTEXT(2) 
PARAMETRIC_REPRESENTATION_CONTEXT() REPRESENTATION_CONTEXT('2D SPACE',''
  ) );
#6713 = ORIENTED_EDGE('',*,*,#6714,.F.);
#6714 = EDGE_CURVE('',#6715,#6691,#6717,.T.);
#6715 = VERTEX_POINT('',#6716);
#6716 = CARTESIAN_POINT('',(-5.782201819875,0.,5.528665491259));
#6717 = SURFACE_CURVE('',#6718,(#6723,#6730),.PCURVE_S1.);
#6718 = CIRCLE('',#6719,8.);
#6719 = AXIS2_PLACEMENT_3D('',#6720,#6721,#6722);
#6720 = CARTESIAN_POINT('',(1.953316134117E-16,0.,-2.229711069055E-16));
#6721 = DIRECTION('',(0.,1.,0.));
#6722 = DIRECTION('',(0.,-0.,1.));
#6723 = PCURVE('',#99,#6724);
#6724 = DEFINITIONAL_REPRESENTATION('',(#6725),#6729);
#6725 = CIRCLE('',#6726,8.);
#6726 = AXIS2_PLACEMENT_2D('',#6727,#6728);
#6727 = CARTESIAN_POINT('',(-2.337527005408,2.63694283087));
#6728 = DIRECTION('',(1.,0.));
#6729 = ( GEOMETRIC_REPRESENTATION_CONTEXT(2) 
PARAMETRIC_REPRESENTATION_CONTEXT() REPRESENTATION_CONTEXT('2D SPACE',''
  ) );
#6730 = PCURVE('',#921,#6731);
#6731 = DEFINITIONAL_REPRESENTATION('',(#6732),#6736);
#6732 = LINE('',#6733,#6734);
#6733 = CARTESIAN_POINT('',(9.424777960769,7.));
#6734 = VECTOR('',#6735,1.);
#6735 = DIRECTION('',(-1.,0.));
#6736 = ( GEOMETRIC_REPRESENTATION_CONTEXT(2) 
PARAMETRIC_REPRESENTATION_CONTEXT() REPRESENTATION_CONTEXT('2D SPACE',''
  ) );
#6737 = ORIENTED_EDGE('',*,*,#6738,.F.);
#6738 = EDGE_CURVE('',#6739,#6715,#6741,.T.);
#6739 = VERTEX_POINT('',#6740);
#6740 = CARTESIAN_POINT('',(-5.210846060368,0.,4.48318629271));
#6741 = SURFACE_CURVE('',#6742,(#6747,#6754),.PCURVE_S1.);
#6742 = CIRCLE('',#6743,3.);
#6743 = AXIS2_PLACEMENT_3D('',#6744,#6745,#6746);
#6744 = CARTESIAN_POINT('',(-2.916418515852,0.,6.415956905836));
#6745 = DIRECTION('',(0.,1.,0.));
#6746 = DIRECTION('',(0.,-0.,1.));
#6747 = PCURVE('',#99,#6748);
#6748 = DEFINITIONAL_REPRESENTATION('',(#6749),#6753);
#6749 = CIRCLE('',#6750,3.);
#6750 = AXIS2_PLACEMENT_2D('',#6751,#6752);
#6751 = CARTESIAN_POINT('',(4.078429900428,-0.279475684982));
#6752 = DIRECTION('',(1.,0.));
#6753 = ( GEOMETRIC_REPRESENTATION_CONTEXT(2) 
PARAMETRIC_REPRESENTATION_CONTEXT() REPRESENTATION_CONTEXT('2D SPACE',''
  ) );
#6754 = PCURVE('',#892,#6755);
#6755 = DEFINITIONAL_REPRESENTATION('',(#6756),#6760);
#6756 = LINE('',#6757,#6758);
#6757 = CARTESIAN_POINT('',(9.424777960769,7.));
#6758 = VECTOR('',#6759,1.);
#6759 = DIRECTION('',(-1.,0.));
#6760 = ( GEOMETRIC_REPRESENTATION_CONTEXT(2) 
PARAMETRIC_REPRESENTATION_CONTEXT() REPRESENTATION_CONTEXT('2D SPACE',''
  ) );
#6761 = ORIENTED_EDGE('',*,*,#6762,.F.);
#6762 = EDGE_CURVE('',#6763,#6739,#6765,.T.);
#6763 = VERTEX_POINT('',#6764);
#6764 = CARTESIAN_POINT('',(-5.502743395087,0.,4.11967124026));
#6765 = SURFACE_CURVE('',#6766,(#6771,#6778),.PCURVE_S1.);
#6766 = CIRCLE('',#6767,6.874);
#6767 = AXIS2_PLACEMENT_3D('',#6768,#6769,#6770);
#6768 = CARTESIAN_POINT('',(1.953316134117E-16,0.,-2.229711069055E-16));
#6769 = DIRECTION('',(0.,1.,0.));
#6770 = DIRECTION('',(0.,-0.,1.));
#6771 = PCURVE('',#99,#6772);
#6772 = DEFINITIONAL_REPRESENTATION('',(#6773),#6777);
#6773 = CIRCLE('',#6774,6.874);
#6774 = AXIS2_PLACEMENT_2D('',#6775,#6776);
#6775 = CARTESIAN_POINT('',(-2.337527005408,2.63694283087));
#6776 = DIRECTION('',(1.,0.));
#6777 = ( GEOMETRIC_REPRESENTATION_CONTEXT(2) 
PARAMETRIC_REPRESENTATION_CONTEXT() REPRESENTATION_CONTEXT('2D SPACE',''
  ) );
#6778 = PCURVE('',#863,#6779);
#6779 = DEFINITIONAL_REPRESENTATION('',(#6780),#6784);
#6780 = LINE('',#6781,#6782);
#6781 = CARTESIAN_POINT('',(9.424777960769,7.));
#6782 = VECTOR('',#6783,1.);
#6783 = DIRECTION('',(-1.,0.));
#6784 = ( GEOMETRIC_REPRESENTATION_CONTEXT(2) 
PARAMETRIC_REPRESENTATION_CONTEXT() REPRESENTATION_CONTEXT('2D SPACE',''
  ) );
#6785 = ORIENTED_EDGE('',*,*,#6786,.F.);
#6786 = EDGE_CURVE('',#6787,#6763,#6789,.T.);
#6787 = VERTEX_POINT('',#6788);
#6788 = CARTESIAN_POINT('',(-6.64694288171,0.,4.451758116439));
#6789 = SURFACE_CURVE('',#6790,(#6795,#6802),.PCURVE_S1.);
#6790 = CIRCLE('',#6791,3.);
#6791 = AXIS2_PLACEMENT_3D('',#6792,#6793,#6794);
#6792 = CARTESIAN_POINT('',(-6.894389956496,0.,1.461980541906));
#6793 = DIRECTION('',(0.,1.,0.));
#6794 = DIRECTION('',(0.,-0.,1.));
#6795 = PCURVE('',#99,#6796);
#6796 = DEFINITIONAL_REPRESENTATION('',(#6797),#6801);
#6797 = CIRCLE('',#6798,3.);
#6798 = AXIS2_PLACEMENT_2D('',#6799,#6800);
#6799 = CARTESIAN_POINT('',(-0.875546463502,-4.257447125626));
#6800 = DIRECTION('',(1.,0.));
#6801 = ( GEOMETRIC_REPRESENTATION_CONTEXT(2) 
PARAMETRIC_REPRESENTATION_CONTEXT() REPRESENTATION_CONTEXT('2D SPACE',''
  ) );
#6802 = PCURVE('',#834,#6803);
#6803 = DEFINITIONAL_REPRESENTATION('',(#6804),#6808);
#6804 = LINE('',#6805,#6806);
#6805 = CARTESIAN_POINT('',(3.14159265359,7.));
#6806 = VECTOR('',#6807,1.);
#6807 = DIRECTION('',(-1.,0.));
#6808 = ( GEOMETRIC_REPRESENTATION_CONTEXT(2) 
PARAMETRIC_REPRESENTATION_CONTEXT() REPRESENTATION_CONTEXT('2D SPACE',''
  ) );
#6809 = ORIENTED_EDGE('',*,*,#6810,.F.);
#6810 = EDGE_CURVE('',#6811,#6787,#6813,.T.);
#6811 = VERTEX_POINT('',#6812);
#6812 = CARTESIAN_POINT('',(-6.805321027323,0.,4.205663528515));
#6813 = SURFACE_CURVE('',#6814,(#6819,#6826),.PCURVE_S1.);
#6814 = CIRCLE('',#6815,8.);
#6815 = AXIS2_PLACEMENT_3D('',#6816,#6817,#6818);
#6816 = CARTESIAN_POINT('',(1.953316134117E-16,0.,-2.229711069055E-16));
#6817 = DIRECTION('',(0.,1.,0.));
#6818 = DIRECTION('',(0.,-0.,1.));
#6819 = PCURVE('',#99,#6820);
#6820 = DEFINITIONAL_REPRESENTATION('',(#6821),#6825);
#6821 = CIRCLE('',#6822,8.);
#6822 = AXIS2_PLACEMENT_2D('',#6823,#6824);
#6823 = CARTESIAN_POINT('',(-2.337527005408,2.63694283087));
#6824 = DIRECTION('',(1.,0.));
#6825 = ( GEOMETRIC_REPRESENTATION_CONTEXT(2) 
PARAMETRIC_REPRESENTATION_CONTEXT() REPRESENTATION_CONTEXT('2D SPACE',''
  ) );
#6826 = PCURVE('',#805,#6827);
#6827 = DEFINITIONAL_REPRESENTATION('',(#6828),#6832);
#6828 = LINE('',#6829,#6830);
#6829 = CARTESIAN_POINT('',(9.424777960769,7.));
#6830 = VECTOR('',#6831,1.);
#6831 = DIRECTION('',(-1.,0.));
#6832 = ( GEOMETRIC_REPRESENTATION_CONTEXT(2) 
PARAMETRIC_REPRESENTATION_CONTEXT() REPRESENTATION_CONTEXT('2D SPACE',''
  ) );
#6833 = ORIENTED_EDGE('',*,*,#6834,.F.);
#6834 = EDGE_CURVE('',#6835,#6811,#6837,.T.);
#6835 = VERTEX_POINT('',#6836);
#6836 = CARTESIAN_POINT('',(-6.029083414111,0.,3.301822100855));
#6837 = SURFACE_CURVE('',#6838,(#6843,#6850),.PCURVE_S1.);
#6838 = CIRCLE('',#6839,3.);
#6839 = AXIS2_PLACEMENT_3D('',#6840,#6841,#6842);
#6840 = CARTESIAN_POINT('',(-4.186640222522,0.,5.669395349092));
#6841 = DIRECTION('',(0.,1.,0.));
#6842 = DIRECTION('',(0.,-0.,1.));
#6843 = PCURVE('',#99,#6844);
#6844 = DEFINITIONAL_REPRESENTATION('',(#6845),#6849);
#6845 = CIRCLE('',#6846,3.);
#6846 = AXIS2_PLACEMENT_2D('',#6847,#6848);
#6847 = CARTESIAN_POINT('',(3.331868343684,-1.549697391652));
#6848 = DIRECTION('',(1.,0.));
#6849 = ( GEOMETRIC_REPRESENTATION_CONTEXT(2) 
PARAMETRIC_REPRESENTATION_CONTEXT() REPRESENTATION_CONTEXT('2D SPACE',''
  ) );
#6850 = PCURVE('',#776,#6851);
#6851 = DEFINITIONAL_REPRESENTATION('',(#6852),#6856);
#6852 = LINE('',#6853,#6854);
#6853 = CARTESIAN_POINT('',(9.424777960769,7.));
#6854 = VECTOR('',#6855,1.);
#6855 = DIRECTION('',(-1.,0.));
#6856 = ( GEOMETRIC_REPRESENTATION_CONTEXT(2) 
PARAMETRIC_REPRESENTATION_CONTEXT() REPRESENTATION_CONTEXT('2D SPACE',''
  ) );
#6857 = ORIENTED_EDGE('',*,*,#6858,.F.);
#6858 = EDGE_CURVE('',#6859,#6835,#6861,.T.);
#6859 = VERTEX_POINT('',#6860);
#6860 = CARTESIAN_POINT('',(-6.239023062534,0.,2.885561856064));
#6861 = SURFACE_CURVE('',#6862,(#6867,#6874),.PCURVE_S1.);
#6862 = CIRCLE('',#6863,6.874);
#6863 = AXIS2_PLACEMENT_3D('',#6864,#6865,#6866);
#6864 = CARTESIAN_POINT('',(1.953316134117E-16,0.,-2.229711069055E-16));
#6865 = DIRECTION('',(0.,1.,0.));
#6866 = DIRECTION('',(0.,-0.,1.));
#6867 = PCURVE('',#99,#6868);
#6868 = DEFINITIONAL_REPRESENTATION('',(#6869),#6873);
#6869 = CIRCLE('',#6870,6.874);
#6870 = AXIS2_PLACEMENT_2D('',#6871,#6872);
#6871 = CARTESIAN_POINT('',(-2.337527005408,2.63694283087));
#6872 = DIRECTION('',(1.,0.));
#6873 = ( GEOMETRIC_REPRESENTATION_CONTEXT(2) 
PARAMETRIC_REPRESENTATION_CONTEXT() REPRESENTATION_CONTEXT('2D SPACE',''
  ) );
#6874 = PCURVE('',#747,#6875);
#6875 = DEFINITIONAL_REPRESENTATION('',(#6876),#6880);
#6876 = LINE('',#6877,#6878);
#6877 = CARTESIAN_POINT('',(9.424777960769,7.));
#6878 = VECTOR('',#6879,1.);
#6879 = DIRECTION('',(-1.,0.));
#6880 = ( GEOMETRIC_REPRESENTATION_CONTEXT(2) 
PARAMETRIC_REPRESENTATION_CONTEXT() REPRESENTATION_CONTEXT('2D SPACE',''
  ) );
#6881 = ORIENTED_EDGE('',*,*,#6882,.F.);
#6882 = EDGE_CURVE('',#6883,#6859,#6885,.T.);
#6883 = VERTEX_POINT('',#6884);
#6884 = CARTESIAN_POINT('',(-7.42726378906,0.,2.972499387337));
#6885 = SURFACE_CURVE('',#6886,(#6891,#6898),.PCURVE_S1.);
#6886 = CIRCLE('',#6887,3.);
#6887 = AXIS2_PLACEMENT_3D('',#6888,#6889,#6890);
#6888 = CARTESIAN_POINT('',(-7.04769384088,0.,-3.391513627103E-03));
#6889 = DIRECTION('',(0.,1.,0.));
#6890 = DIRECTION('',(0.,-0.,1.));
#6891 = PCURVE('',#99,#6892);
#6892 = DEFINITIONAL_REPRESENTATION('',(#6893),#6897);
#6893 = CIRCLE('',#6894,3.);
#6894 = AXIS2_PLACEMENT_2D('',#6895,#6896);
#6895 = CARTESIAN_POINT('',(-2.340918519035,-4.41075101001));
#6896 = DIRECTION('',(1.,0.));
#6897 = ( GEOMETRIC_REPRESENTATION_CONTEXT(2) 
PARAMETRIC_REPRESENTATION_CONTEXT() REPRESENTATION_CONTEXT('2D SPACE',''
  ) );
#6898 = PCURVE('',#718,#6899);
#6899 = DEFINITIONAL_REPRESENTATION('',(#6900),#6904);
#6900 = LINE('',#6901,#6902);
#6901 = CARTESIAN_POINT('',(9.424777960769,7.));
#6902 = VECTOR('',#6903,1.);
#6903 = DIRECTION('',(-1.,0.));
#6904 = ( GEOMETRIC_REPRESENTATION_CONTEXT(2) 
PARAMETRIC_REPRESENTATION_CONTEXT() REPRESENTATION_CONTEXT('2D SPACE',''
  ) );
#6905 = ORIENTED_EDGE('',*,*,#6906,.F.);
#6906 = EDGE_CURVE('',#6907,#6883,#6909,.T.);
#6907 = VERTEX_POINT('',#6908);
#6908 = CARTESIAN_POINT('',(-7.531015050323,0.,2.698853888562));
#6909 = SURFACE_CURVE('',#6910,(#6915,#6922),.PCURVE_S1.);
#6910 = CIRCLE('',#6911,8.);
#6911 = AXIS2_PLACEMENT_3D('',#6912,#6913,#6914);
#6912 = CARTESIAN_POINT('',(1.953316134117E-16,0.,-2.229711069055E-16));
#6913 = DIRECTION('',(0.,1.,0.));
#6914 = DIRECTION('',(0.,-0.,1.));
#6915 = PCURVE('',#99,#6916);
#6916 = DEFINITIONAL_REPRESENTATION('',(#6917),#6921);
#6917 = CIRCLE('',#6918,8.);
#6918 = AXIS2_PLACEMENT_2D('',#6919,#6920);
#6919 = CARTESIAN_POINT('',(-2.337527005408,2.63694283087));
#6920 = DIRECTION('',(1.,0.));
#6921 = ( GEOMETRIC_REPRESENTATION_CONTEXT(2) 
PARAMETRIC_REPRESENTATION_CONTEXT() REPRESENTATION_CONTEXT('2D SPACE',''
  ) );
#6922 = PCURVE('',#689,#6923);
#6923 = DEFINITIONAL_REPRESENTATION('',(#6924),#6928);
#6924 = LINE('',#6925,#6926);
#6925 = CARTESIAN_POINT('',(9.424777960769,7.));
#6926 = VECTOR('',#6927,1.);
#6927 = DIRECTION('',(-1.,0.));
#6928 = ( GEOMETRIC_REPRESENTATION_CONTEXT(2) 
PARAMETRIC_REPRESENTATION_CONTEXT() REPRESENTATION_CONTEXT('2D SPACE',''
  ) );
#6929 = ORIENTED_EDGE('',*,*,#6930,.F.);
#6930 = EDGE_CURVE('',#4079,#6907,#6931,.T.);
#6931 = SURFACE_CURVE('',#6932,(#6937,#6944),.PCURVE_S1.);
#6932 = CIRCLE('',#6933,3.);
#6933 = AXIS2_PLACEMENT_3D('',#6934,#6935,#6936);
#6934 = CARTESIAN_POINT('',(-5.27388566174,0.,4.675054010815));
#6935 = DIRECTION('',(0.,1.,0.));
#6936 = DIRECTION('',(0.,-0.,1.));
#6937 = PCURVE('',#99,#6938);
#6938 = DEFINITIONAL_REPRESENTATION('',(#6939),#6943);
#6939 = CIRCLE('',#6940,3.);
#6940 = AXIS2_PLACEMENT_2D('',#6941,#6942);
#6941 = CARTESIAN_POINT('',(2.337527005408,-2.63694283087));
#6942 = DIRECTION('',(1.,0.));
#6943 = ( GEOMETRIC_REPRESENTATION_CONTEXT(2) 
PARAMETRIC_REPRESENTATION_CONTEXT() REPRESENTATION_CONTEXT('2D SPACE',''
  ) );
#6944 = PCURVE('',#660,#6945);
#6945 = DEFINITIONAL_REPRESENTATION('',(#6946),#6950);
#6946 = LINE('',#6947,#6948);
#6947 = CARTESIAN_POINT('',(9.424777960769,7.));
#6948 = VECTOR('',#6949,1.);
#6949 = DIRECTION('',(-1.,0.));
#6950 = ( GEOMETRIC_REPRESENTATION_CONTEXT(2) 
PARAMETRIC_REPRESENTATION_CONTEXT() REPRESENTATION_CONTEXT('2D SPACE',''
  ) );
#6951 = FACE_BOUND('',#6952,.T.);
#6952 = EDGE_LOOP('',(#6953,#6954));
#6953 = ORIENTED_EDGE('',*,*,#82,.T.);
#6954 = ORIENTED_EDGE('',*,*,#6955,.T.);
#6955 = EDGE_CURVE('',#83,#50,#6956,.T.);
#6956 = SURFACE_CURVE('',#6957,(#6962,#6969),.PCURVE_S1.);
#6957 = CIRCLE('',#6958,3.);
#6958 = AXIS2_PLACEMENT_3D('',#6959,#6960,#6961);
#6959 = CARTESIAN_POINT('',(1.953316134117E-16,0.,-2.229711069055E-16));
#6960 = DIRECTION('',(0.,1.,0.));
#6961 = DIRECTION('',(0.,-0.,1.));
#6962 = PCURVE('',#99,#6963);
#6963 = DEFINITIONAL_REPRESENTATION('',(#6964),#6968);
#6964 = CIRCLE('',#6965,3.);
#6965 = AXIS2_PLACEMENT_2D('',#6966,#6967);
#6966 = CARTESIAN_POINT('',(-2.337527005408,2.63694283087));
#6967 = DIRECTION('',(1.,0.));
#6968 = ( GEOMETRIC_REPRESENTATION_CONTEXT(2) 
PARAMETRIC_REPRESENTATION_CONTEXT() REPRESENTATION_CONTEXT('2D SPACE',''
  ) );
#6969 = PCURVE('',#70,#6970);
#6970 = DEFINITIONAL_REPRESENTATION('',(#6971),#6975);
#6971 = LINE('',#6972,#6973);
#6972 = CARTESIAN_POINT('',(3.14159265359,7.));
#6973 = VECTOR('',#6974,1.);
#6974 = DIRECTION('',(-1.,0.));
#6975 = ( GEOMETRIC_REPRESENTATION_CONTEXT(2) 
PARAMETRIC_REPRESENTATION_CONTEXT() REPRESENTATION_CONTEXT('2D SPACE',''
  ) );
#6976 = ADVANCED_FACE('',(#6977),#631,.T.);
#6977 = FACE_BOUND('',#6978,.T.);
#6978 = EDGE_LOOP('',(#6979,#6980,#7001,#7002));
#6979 = ORIENTED_EDGE('',*,*,#4076,.T.);
#6980 = ORIENTED_EDGE('',*,*,#6981,.F.);
#6981 = EDGE_CURVE('',#615,#4079,#6982,.T.);
#6982 = SURFACE_CURVE('',#6983,(#6987,#6994),.PCURVE_S1.);
#6983 = LINE('',#6984,#6985);
#6984 = CARTESIAN_POINT('',(-6.583820891905,7.,1.976152439292));
#6985 = VECTOR('',#6986,1.);
#6986 = DIRECTION('',(-0.,-1.,-0.));
#6987 = PCURVE('',#631,#6988);
#6988 = DEFINITIONAL_REPRESENTATION('',(#6989),#6993);
#6989 = LINE('',#6990,#6991);
#6990 = CARTESIAN_POINT('',(4.420791985481,0.));
#6991 = VECTOR('',#6992,1.);
#6992 = DIRECTION('',(0.,1.));
#6993 = ( GEOMETRIC_REPRESENTATION_CONTEXT(2) 
PARAMETRIC_REPRESENTATION_CONTEXT() REPRESENTATION_CONTEXT('2D SPACE',''
  ) );
#6994 = PCURVE('',#660,#6995);
#6995 = DEFINITIONAL_REPRESENTATION('',(#6996),#7000);
#6996 = LINE('',#6997,#6998);
#6997 = CARTESIAN_POINT('',(5.831319233196,0.));
#6998 = VECTOR('',#6999,1.);
#6999 = DIRECTION('',(0.,1.));
#7000 = ( GEOMETRIC_REPRESENTATION_CONTEXT(2) 
PARAMETRIC_REPRESENTATION_CONTEXT() REPRESENTATION_CONTEXT('2D SPACE',''
  ) );
#7001 = ORIENTED_EDGE('',*,*,#612,.F.);
#7002 = ORIENTED_EDGE('',*,*,#7003,.T.);
#7003 = EDGE_CURVE('',#613,#4077,#7004,.T.);
#7004 = SURFACE_CURVE('',#7005,(#7009,#7016),.PCURVE_S1.);
#7005 = LINE('',#7006,#7007);
#7006 = CARTESIAN_POINT('',(-6.702627483994,7.,1.525339572295));
#7007 = VECTOR('',#7008,1.);
#7008 = DIRECTION('',(-0.,-1.,-0.));
#7009 = PCURVE('',#631,#7010);
#7010 = DEFINITIONAL_REPRESENTATION('',(#7011),#7015);
#7011 = LINE('',#7012,#7013);
#7012 = CARTESIAN_POINT('',(4.488626514644,0.));
#7013 = VECTOR('',#7014,1.);
#7014 = DIRECTION('',(0.,1.));
#7015 = ( GEOMETRIC_REPRESENTATION_CONTEXT(2) 
PARAMETRIC_REPRESENTATION_CONTEXT() REPRESENTATION_CONTEXT('2D SPACE',''
  ) );
#7016 = PCURVE('',#4036,#7017);
#7017 = DEFINITIONAL_REPRESENTATION('',(#7018),#7022);
#7018 = LINE('',#7019,#7020);
#7019 = CARTESIAN_POINT('',(3.078099266929,0.));
#7020 = VECTOR('',#7021,1.);
#7021 = DIRECTION('',(0.,1.));
#7022 = ( GEOMETRIC_REPRESENTATION_CONTEXT(2) 
PARAMETRIC_REPRESENTATION_CONTEXT() REPRESENTATION_CONTEXT('2D SPACE',''
  ) );
#7023 = ADVANCED_FACE('',(#7024),#660,.T.);
#7024 = FACE_BOUND('',#7025,.T.);
#7025 = EDGE_LOOP('',(#7026,#7027,#7048,#7049));
#7026 = ORIENTED_EDGE('',*,*,#6930,.T.);
#7027 = ORIENTED_EDGE('',*,*,#7028,.F.);
#7028 = EDGE_CURVE('',#644,#6907,#7029,.T.);
#7029 = SURFACE_CURVE('',#7030,(#7034,#7041),.PCURVE_S1.);
#7030 = LINE('',#7031,#7032);
#7031 = CARTESIAN_POINT('',(-7.531015050323,7.,2.698853888562));
#7032 = VECTOR('',#7033,1.);
#7033 = DIRECTION('',(-0.,-1.,-0.));
#7034 = PCURVE('',#660,#7035);
#7035 = DEFINITIONAL_REPRESENTATION('',(#7036),#7040);
#7036 = LINE('',#7037,#7038);
#7037 = CARTESIAN_POINT('',(5.431522997727,0.));
#7038 = VECTOR('',#7039,1.);
#7039 = DIRECTION('',(0.,1.));
#7040 = ( GEOMETRIC_REPRESENTATION_CONTEXT(2) 
PARAMETRIC_REPRESENTATION_CONTEXT() REPRESENTATION_CONTEXT('2D SPACE',''
  ) );
#7041 = PCURVE('',#689,#7042);
#7042 = DEFINITIONAL_REPRESENTATION('',(#7043),#7047);
#7043 = LINE('',#7044,#7045);
#7044 = CARTESIAN_POINT('',(4.368281370706,0.));
#7045 = VECTOR('',#7046,1.);
#7046 = DIRECTION('',(0.,1.));
#7047 = ( GEOMETRIC_REPRESENTATION_CONTEXT(2) 
PARAMETRIC_REPRESENTATION_CONTEXT() REPRESENTATION_CONTEXT('2D SPACE',''
  ) );
#7048 = ORIENTED_EDGE('',*,*,#643,.F.);
#7049 = ORIENTED_EDGE('',*,*,#6981,.T.);
#7050 = ADVANCED_FACE('',(#7051),#689,.T.);
#7051 = FACE_BOUND('',#7052,.T.);
#7052 = EDGE_LOOP('',(#7053,#7054,#7075,#7076));
#7053 = ORIENTED_EDGE('',*,*,#6906,.T.);
#7054 = ORIENTED_EDGE('',*,*,#7055,.F.);
#7055 = EDGE_CURVE('',#673,#6883,#7056,.T.);
#7056 = SURFACE_CURVE('',#7057,(#7061,#7068),.PCURVE_S1.);
#7057 = LINE('',#7058,#7059);
#7058 = CARTESIAN_POINT('',(-7.42726378906,7.,2.972499387337));
#7059 = VECTOR('',#7060,1.);
#7060 = DIRECTION('',(-0.,-1.,-0.));
#7061 = PCURVE('',#689,#7062);
#7062 = DEFINITIONAL_REPRESENTATION('',(#7063),#7067);
#7063 = LINE('',#7064,#7065);
#7064 = CARTESIAN_POINT('',(4.33169761918,0.));
#7065 = VECTOR('',#7066,1.);
#7066 = DIRECTION('',(0.,1.));
#7067 = ( GEOMETRIC_REPRESENTATION_CONTEXT(2) 
PARAMETRIC_REPRESENTATION_CONTEXT() REPRESENTATION_CONTEXT('2D SPACE',''
  ) );
#7068 = PCURVE('',#718,#7069);
#7069 = DEFINITIONAL_REPRESENTATION('',(#7070),#7074);
#7070 = LINE('',#7071,#7072);
#7071 = CARTESIAN_POINT('',(3.268455992159,0.));
#7072 = VECTOR('',#7073,1.);
#7073 = DIRECTION('',(0.,1.));
#7074 = ( GEOMETRIC_REPRESENTATION_CONTEXT(2) 
PARAMETRIC_REPRESENTATION_CONTEXT() REPRESENTATION_CONTEXT('2D SPACE',''
  ) );
#7075 = ORIENTED_EDGE('',*,*,#672,.F.);
#7076 = ORIENTED_EDGE('',*,*,#7028,.T.);
#7077 = ADVANCED_FACE('',(#7078),#718,.T.);
#7078 = FACE_BOUND('',#7079,.T.);
#7079 = EDGE_LOOP('',(#7080,#7081,#7102,#7103));
#7080 = ORIENTED_EDGE('',*,*,#6882,.T.);
#7081 = ORIENTED_EDGE('',*,*,#7082,.F.);
#7082 = EDGE_CURVE('',#702,#6859,#7083,.T.);
#7083 = SURFACE_CURVE('',#7084,(#7088,#7095),.PCURVE_S1.);
#7084 = LINE('',#7085,#7086);
#7085 = CARTESIAN_POINT('',(-6.239023062534,7.,2.885561856064));
#7086 = VECTOR('',#7087,1.);
#7087 = DIRECTION('',(-0.,-1.,-0.));
#7088 = PCURVE('',#718,#7089);
#7089 = DEFINITIONAL_REPRESENTATION('',(#7090),#7094);
#7090 = LINE('',#7091,#7092);
#7091 = CARTESIAN_POINT('',(2.868659756689,0.));
#7092 = VECTOR('',#7093,1.);
#7093 = DIRECTION('',(0.,1.));
#7094 = ( GEOMETRIC_REPRESENTATION_CONTEXT(2) 
PARAMETRIC_REPRESENTATION_CONTEXT() REPRESENTATION_CONTEXT('2D SPACE',''
  ) );
#7095 = PCURVE('',#747,#7096);
#7096 = DEFINITIONAL_REPRESENTATION('',(#7097),#7101);
#7097 = LINE('',#7098,#7099);
#7098 = CARTESIAN_POINT('',(4.279187004404,0.));
#7099 = VECTOR('',#7100,1.);
#7100 = DIRECTION('',(0.,1.));
#7101 = ( GEOMETRIC_REPRESENTATION_CONTEXT(2) 
PARAMETRIC_REPRESENTATION_CONTEXT() REPRESENTATION_CONTEXT('2D SPACE',''
  ) );
#7102 = ORIENTED_EDGE('',*,*,#701,.F.);
#7103 = ORIENTED_EDGE('',*,*,#7055,.T.);
#7104 = ADVANCED_FACE('',(#7105),#747,.T.);
#7105 = FACE_BOUND('',#7106,.T.);
#7106 = EDGE_LOOP('',(#7107,#7108,#7129,#7130));
#7107 = ORIENTED_EDGE('',*,*,#6858,.T.);
#7108 = ORIENTED_EDGE('',*,*,#7109,.F.);
#7109 = EDGE_CURVE('',#731,#6835,#7110,.T.);
#7110 = SURFACE_CURVE('',#7111,(#7115,#7122),.PCURVE_S1.);
#7111 = LINE('',#7112,#7113);
#7112 = CARTESIAN_POINT('',(-6.029083414111,7.,3.301822100855));
#7113 = VECTOR('',#7114,1.);
#7114 = DIRECTION('',(-0.,-1.,-0.));
#7115 = PCURVE('',#747,#7116);
#7116 = DEFINITIONAL_REPRESENTATION('',(#7117),#7121);
#7117 = LINE('',#7118,#7119);
#7118 = CARTESIAN_POINT('',(4.211352475242,0.));
#7119 = VECTOR('',#7120,1.);
#7120 = DIRECTION('',(0.,1.));
#7121 = ( GEOMETRIC_REPRESENTATION_CONTEXT(2) 
PARAMETRIC_REPRESENTATION_CONTEXT() REPRESENTATION_CONTEXT('2D SPACE',''
  ) );
#7122 = PCURVE('',#776,#7123);
#7123 = DEFINITIONAL_REPRESENTATION('',(#7124),#7128);
#7124 = LINE('',#7125,#7126);
#7125 = CARTESIAN_POINT('',(5.621879722957,0.));
#7126 = VECTOR('',#7127,1.);
#7127 = DIRECTION('',(0.,1.));
#7128 = ( GEOMETRIC_REPRESENTATION_CONTEXT(2) 
PARAMETRIC_REPRESENTATION_CONTEXT() REPRESENTATION_CONTEXT('2D SPACE',''
  ) );
#7129 = ORIENTED_EDGE('',*,*,#730,.F.);
#7130 = ORIENTED_EDGE('',*,*,#7082,.T.);
#7131 = ADVANCED_FACE('',(#7132),#776,.T.);
#7132 = FACE_BOUND('',#7133,.T.);
#7133 = EDGE_LOOP('',(#7134,#7135,#7156,#7157));
#7134 = ORIENTED_EDGE('',*,*,#6834,.T.);
#7135 = ORIENTED_EDGE('',*,*,#7136,.F.);
#7136 = EDGE_CURVE('',#760,#6811,#7137,.T.);
#7137 = SURFACE_CURVE('',#7138,(#7142,#7149),.PCURVE_S1.);
#7138 = LINE('',#7139,#7140);
#7139 = CARTESIAN_POINT('',(-6.805321027323,7.,4.205663528515));
#7140 = VECTOR('',#7141,1.);
#7141 = DIRECTION('',(-0.,-1.,-0.));
#7142 = PCURVE('',#776,#7143);
#7143 = DEFINITIONAL_REPRESENTATION('',(#7144),#7148);
#7144 = LINE('',#7145,#7146);
#7145 = CARTESIAN_POINT('',(5.222083487487,0.));
#7146 = VECTOR('',#7147,1.);
#7147 = DIRECTION('',(0.,1.));
#7148 = ( GEOMETRIC_REPRESENTATION_CONTEXT(2) 
PARAMETRIC_REPRESENTATION_CONTEXT() REPRESENTATION_CONTEXT('2D SPACE',''
  ) );
#7149 = PCURVE('',#805,#7150);
#7150 = DEFINITIONAL_REPRESENTATION('',(#7151),#7155);
#7151 = LINE('',#7152,#7153);
#7152 = CARTESIAN_POINT('',(4.158841860467,0.));
#7153 = VECTOR('',#7154,1.);
#7154 = DIRECTION('',(0.,1.));
#7155 = ( GEOMETRIC_REPRESENTATION_CONTEXT(2) 
PARAMETRIC_REPRESENTATION_CONTEXT() REPRESENTATION_CONTEXT('2D SPACE',''
  ) );
#7156 = ORIENTED_EDGE('',*,*,#759,.F.);
#7157 = ORIENTED_EDGE('',*,*,#7109,.T.);
#7158 = ADVANCED_FACE('',(#7159),#805,.T.);
#7159 = FACE_BOUND('',#7160,.T.);
#7160 = EDGE_LOOP('',(#7161,#7162,#7183,#7184));
#7161 = ORIENTED_EDGE('',*,*,#6810,.T.);
#7162 = ORIENTED_EDGE('',*,*,#7163,.F.);
#7163 = EDGE_CURVE('',#789,#6787,#7164,.T.);
#7164 = SURFACE_CURVE('',#7165,(#7169,#7176),.PCURVE_S1.);
#7165 = LINE('',#7166,#7167);
#7166 = CARTESIAN_POINT('',(-6.64694288171,7.,4.451758116439));
#7167 = VECTOR('',#7168,1.);
#7168 = DIRECTION('',(-0.,-1.,-0.));
#7169 = PCURVE('',#805,#7170);
#7170 = DEFINITIONAL_REPRESENTATION('',(#7171),#7175);
#7171 = LINE('',#7172,#7173);
#7172 = CARTESIAN_POINT('',(4.12225810894,0.));
#7173 = VECTOR('',#7174,1.);
#7174 = DIRECTION('',(0.,1.));
#7175 = ( GEOMETRIC_REPRESENTATION_CONTEXT(2) 
PARAMETRIC_REPRESENTATION_CONTEXT() REPRESENTATION_CONTEXT('2D SPACE',''
  ) );
#7176 = PCURVE('',#834,#7177);
#7177 = DEFINITIONAL_REPRESENTATION('',(#7178),#7182);
#7178 = LINE('',#7179,#7180);
#7179 = CARTESIAN_POINT('',(3.05901648192,0.));
#7180 = VECTOR('',#7181,1.);
#7181 = DIRECTION('',(0.,1.));
#7182 = ( GEOMETRIC_REPRESENTATION_CONTEXT(2) 
PARAMETRIC_REPRESENTATION_CONTEXT() REPRESENTATION_CONTEXT('2D SPACE',''
  ) );
#7183 = ORIENTED_EDGE('',*,*,#788,.F.);
#7184 = ORIENTED_EDGE('',*,*,#7136,.T.);
#7185 = ADVANCED_FACE('',(#7186),#834,.T.);
#7186 = FACE_BOUND('',#7187,.T.);
#7187 = EDGE_LOOP('',(#7188,#7189,#7210,#7211));
#7188 = ORIENTED_EDGE('',*,*,#6786,.T.);
#7189 = ORIENTED_EDGE('',*,*,#7190,.F.);
#7190 = EDGE_CURVE('',#818,#6763,#7191,.T.);
#7191 = SURFACE_CURVE('',#7192,(#7196,#7203),.PCURVE_S1.);
#7192 = LINE('',#7193,#7194);
#7193 = CARTESIAN_POINT('',(-5.502743395087,7.,4.11967124026));
#7194 = VECTOR('',#7195,1.);
#7195 = DIRECTION('',(-0.,-1.,-0.));
#7196 = PCURVE('',#834,#7197);
#7197 = DEFINITIONAL_REPRESENTATION('',(#7198),#7202);
#7198 = LINE('',#7199,#7200);
#7199 = CARTESIAN_POINT('',(2.65922024645,0.));
#7200 = VECTOR('',#7201,1.);
#7201 = DIRECTION('',(0.,1.));
#7202 = ( GEOMETRIC_REPRESENTATION_CONTEXT(2) 
PARAMETRIC_REPRESENTATION_CONTEXT() REPRESENTATION_CONTEXT('2D SPACE',''
  ) );
#7203 = PCURVE('',#863,#7204);
#7204 = DEFINITIONAL_REPRESENTATION('',(#7205),#7209);
#7205 = LINE('',#7206,#7207);
#7206 = CARTESIAN_POINT('',(4.069747494165,0.));
#7207 = VECTOR('',#7208,1.);
#7208 = DIRECTION('',(0.,1.));
#7209 = ( GEOMETRIC_REPRESENTATION_CONTEXT(2) 
PARAMETRIC_REPRESENTATION_CONTEXT() REPRESENTATION_CONTEXT('2D SPACE',''
  ) );
#7210 = ORIENTED_EDGE('',*,*,#817,.F.);
#7211 = ORIENTED_EDGE('',*,*,#7163,.T.);
#7212 = ADVANCED_FACE('',(#7213),#863,.T.);
#7213 = FACE_BOUND('',#7214,.T.);
#7214 = EDGE_LOOP('',(#7215,#7216,#7237,#7238));
#7215 = ORIENTED_EDGE('',*,*,#6762,.T.);
#7216 = ORIENTED_EDGE('',*,*,#7217,.F.);
#7217 = EDGE_CURVE('',#847,#6739,#7218,.T.);
#7218 = SURFACE_CURVE('',#7219,(#7223,#7230),.PCURVE_S1.);
#7219 = LINE('',#7220,#7221);
#7220 = CARTESIAN_POINT('',(-5.210846060368,7.,4.48318629271));
#7221 = VECTOR('',#7222,1.);
#7222 = DIRECTION('',(-0.,-1.,-0.));
#7223 = PCURVE('',#863,#7224);
#7224 = DEFINITIONAL_REPRESENTATION('',(#7225),#7229);
#7225 = LINE('',#7226,#7227);
#7226 = CARTESIAN_POINT('',(4.001912965003,0.));
#7227 = VECTOR('',#7228,1.);
#7228 = DIRECTION('',(0.,1.));
#7229 = ( GEOMETRIC_REPRESENTATION_CONTEXT(2) 
PARAMETRIC_REPRESENTATION_CONTEXT() REPRESENTATION_CONTEXT('2D SPACE',''
  ) );
#7230 = PCURVE('',#892,#7231);
#7231 = DEFINITIONAL_REPRESENTATION('',(#7232),#7236);
#7232 = LINE('',#7233,#7234);
#7233 = CARTESIAN_POINT('',(5.412440212718,0.));
#7234 = VECTOR('',#7235,1.);
#7235 = DIRECTION('',(0.,1.));
#7236 = ( GEOMETRIC_REPRESENTATION_CONTEXT(2) 
PARAMETRIC_REPRESENTATION_CONTEXT() REPRESENTATION_CONTEXT('2D SPACE',''
  ) );
#7237 = ORIENTED_EDGE('',*,*,#846,.F.);
#7238 = ORIENTED_EDGE('',*,*,#7190,.T.);
#7239 = ADVANCED_FACE('',(#7240),#892,.T.);
#7240 = FACE_BOUND('',#7241,.T.);
#7241 = EDGE_LOOP('',(#7242,#7243,#7264,#7265));
#7242 = ORIENTED_EDGE('',*,*,#6738,.T.);
#7243 = ORIENTED_EDGE('',*,*,#7244,.F.);
#7244 = EDGE_CURVE('',#876,#6715,#7245,.T.);
#7245 = SURFACE_CURVE('',#7246,(#7250,#7257),.PCURVE_S1.);
#7246 = LINE('',#7247,#7248);
#7247 = CARTESIAN_POINT('',(-5.782201819875,7.,5.528665491259));
#7248 = VECTOR('',#7249,1.);
#7249 = DIRECTION('',(-0.,-1.,-0.));
#7250 = PCURVE('',#892,#7251);
#7251 = DEFINITIONAL_REPRESENTATION('',(#7252),#7256);
#7252 = LINE('',#7253,#7254);
#7253 = CARTESIAN_POINT('',(5.012643977248,0.));
#7254 = VECTOR('',#7255,1.);
#7255 = DIRECTION('',(0.,1.));
#7256 = ( GEOMETRIC_REPRESENTATION_CONTEXT(2) 
PARAMETRIC_REPRESENTATION_CONTEXT() REPRESENTATION_CONTEXT('2D SPACE',''
  ) );
#7257 = PCURVE('',#921,#7258);
#7258 = DEFINITIONAL_REPRESENTATION('',(#7259),#7263);
#7259 = LINE('',#7260,#7261);
#7260 = CARTESIAN_POINT('',(3.949402350228,0.));
#7261 = VECTOR('',#7262,1.);
#7262 = DIRECTION('',(0.,1.));
#7263 = ( GEOMETRIC_REPRESENTATION_CONTEXT(2) 
PARAMETRIC_REPRESENTATION_CONTEXT() REPRESENTATION_CONTEXT('2D SPACE',''
  ) );
#7264 = ORIENTED_EDGE('',*,*,#875,.F.);
#7265 = ORIENTED_EDGE('',*,*,#7217,.T.);
#7266 = ADVANCED_FACE('',(#7267),#921,.T.);
#7267 = FACE_BOUND('',#7268,.T.);
#7268 = EDGE_LOOP('',(#7269,#7270,#7291,#7292));
#7269 = ORIENTED_EDGE('',*,*,#6714,.T.);
#7270 = ORIENTED_EDGE('',*,*,#7271,.F.);
#7271 = EDGE_CURVE('',#905,#6691,#7272,.T.);
#7272 = SURFACE_CURVE('',#7273,(#7277,#7284),.PCURVE_S1.);
#7273 = LINE('',#7274,#7275);
#7274 = CARTESIAN_POINT('',(-5.576118674859,7.,5.736453653948));
#7275 = VECTOR('',#7276,1.);
#7276 = DIRECTION('',(-0.,-1.,-0.));
#7277 = PCURVE('',#921,#7278);
#7278 = DEFINITIONAL_REPRESENTATION('',(#7279),#7283);
#7279 = LINE('',#7280,#7281);
#7280 = CARTESIAN_POINT('',(3.912818598701,0.));
#7281 = VECTOR('',#7282,1.);
#7282 = DIRECTION('',(0.,1.));
#7283 = ( GEOMETRIC_REPRESENTATION_CONTEXT(2) 
PARAMETRIC_REPRESENTATION_CONTEXT() REPRESENTATION_CONTEXT('2D SPACE',''
  ) );
#7284 = PCURVE('',#950,#7285);
#7285 = DEFINITIONAL_REPRESENTATION('',(#7286),#7290);
#7286 = LINE('',#7287,#7288);
#7287 = CARTESIAN_POINT('',(2.849576971681,0.));
#7288 = VECTOR('',#7289,1.);
#7289 = DIRECTION('',(0.,1.));
#7290 = ( GEOMETRIC_REPRESENTATION_CONTEXT(2) 
PARAMETRIC_REPRESENTATION_CONTEXT() REPRESENTATION_CONTEXT('2D SPACE',''
  ) );
#7291 = ORIENTED_EDGE('',*,*,#904,.F.);
#7292 = ORIENTED_EDGE('',*,*,#7244,.T.);
#7293 = ADVANCED_FACE('',(#7294),#950,.T.);
#7294 = FACE_BOUND('',#7295,.T.);
#7295 = EDGE_LOOP('',(#7296,#7297,#7318,#7319));
#7296 = ORIENTED_EDGE('',*,*,#6690,.T.);
#7297 = ORIENTED_EDGE('',*,*,#7298,.F.);
#7298 = EDGE_CURVE('',#934,#6667,#7299,.T.);
#7299 = SURFACE_CURVE('',#7300,(#7304,#7311),.PCURVE_S1.);
#7300 = LINE('',#7301,#7302);
#7301 = CARTESIAN_POINT('',(-4.525967436182,7.,5.173731222881));
#7302 = VECTOR('',#7303,1.);
#7303 = DIRECTION('',(-0.,-1.,-0.));
#7304 = PCURVE('',#950,#7305);
#7305 = DEFINITIONAL_REPRESENTATION('',(#7306),#7310);
#7306 = LINE('',#7307,#7308);
#7307 = CARTESIAN_POINT('',(2.449780736211,0.));
#7308 = VECTOR('',#7309,1.);
#7309 = DIRECTION('',(0.,1.));
#7310 = ( GEOMETRIC_REPRESENTATION_CONTEXT(2) 
PARAMETRIC_REPRESENTATION_CONTEXT() REPRESENTATION_CONTEXT('2D SPACE',''
  ) );
#7311 = PCURVE('',#979,#7312);
#7312 = DEFINITIONAL_REPRESENTATION('',(#7313),#7317);
#7313 = LINE('',#7314,#7315);
#7314 = CARTESIAN_POINT('',(3.860307983926,0.));
#7315 = VECTOR('',#7316,1.);
#7316 = DIRECTION('',(0.,1.));
#7317 = ( GEOMETRIC_REPRESENTATION_CONTEXT(2) 
PARAMETRIC_REPRESENTATION_CONTEXT() REPRESENTATION_CONTEXT('2D SPACE',''
  ) );
#7318 = ORIENTED_EDGE('',*,*,#933,.F.);
#7319 = ORIENTED_EDGE('',*,*,#7271,.T.);
#7320 = ADVANCED_FACE('',(#7321),#979,.T.);
#7321 = FACE_BOUND('',#7322,.T.);
#7322 = EDGE_LOOP('',(#7323,#7324,#7345,#7346));
#7323 = ORIENTED_EDGE('',*,*,#6666,.T.);
#7324 = ORIENTED_EDGE('',*,*,#7325,.F.);
#7325 = EDGE_CURVE('',#963,#6643,#7326,.T.);
#7326 = SURFACE_CURVE('',#7327,(#7331,#7338),.PCURVE_S1.);
#7327 = LINE('',#7328,#7329);
#7328 = CARTESIAN_POINT('',(-4.164869729374,7.,5.468613730859));
#7329 = VECTOR('',#7330,1.);
#7330 = DIRECTION('',(-0.,-1.,-0.));
#7331 = PCURVE('',#979,#7332);
#7332 = DEFINITIONAL_REPRESENTATION('',(#7333),#7337);
#7333 = LINE('',#7334,#7335);
#7334 = CARTESIAN_POINT('',(3.792473454763,0.));
#7335 = VECTOR('',#7336,1.);
#7336 = DIRECTION('',(0.,1.));
#7337 = ( GEOMETRIC_REPRESENTATION_CONTEXT(2) 
PARAMETRIC_REPRESENTATION_CONTEXT() REPRESENTATION_CONTEXT('2D SPACE',''
  ) );
#7338 = PCURVE('',#1008,#7339);
#7339 = DEFINITIONAL_REPRESENTATION('',(#7340),#7344);
#7340 = LINE('',#7341,#7342);
#7341 = CARTESIAN_POINT('',(5.203000702478,0.));
#7342 = VECTOR('',#7343,1.);
#7343 = DIRECTION('',(0.,1.));
#7344 = ( GEOMETRIC_REPRESENTATION_CONTEXT(2) 
PARAMETRIC_REPRESENTATION_CONTEXT() REPRESENTATION_CONTEXT('2D SPACE',''
  ) );
#7345 = ORIENTED_EDGE('',*,*,#962,.F.);
#7346 = ORIENTED_EDGE('',*,*,#7298,.T.);
#7347 = ADVANCED_FACE('',(#7348),#1008,.T.);
#7348 = FACE_BOUND('',#7349,.T.);
#7349 = EDGE_LOOP('',(#7350,#7351,#7372,#7373));
#7350 = ORIENTED_EDGE('',*,*,#6642,.T.);
#7351 = ORIENTED_EDGE('',*,*,#7352,.F.);
#7352 = EDGE_CURVE('',#992,#6619,#7353,.T.);
#7353 = SURFACE_CURVE('',#7354,(#7358,#7365),.PCURVE_S1.);
#7354 = LINE('',#7355,#7356);
#7355 = CARTESIAN_POINT('',(-4.506372646816,7.,6.610038242554));
#7356 = VECTOR('',#7357,1.);
#7357 = DIRECTION('',(-0.,-1.,-0.));
#7358 = PCURVE('',#1008,#7359);
#7359 = DEFINITIONAL_REPRESENTATION('',(#7360),#7364);
#7360 = LINE('',#7361,#7362);
#7361 = CARTESIAN_POINT('',(4.803204467009,0.));
#7362 = VECTOR('',#7363,1.);
#7363 = DIRECTION('',(0.,1.));
#7364 = ( GEOMETRIC_REPRESENTATION_CONTEXT(2) 
PARAMETRIC_REPRESENTATION_CONTEXT() REPRESENTATION_CONTEXT('2D SPACE',''
  ) );
#7365 = PCURVE('',#1037,#7366);
#7366 = DEFINITIONAL_REPRESENTATION('',(#7367),#7371);
#7367 = LINE('',#7368,#7369);
#7368 = CARTESIAN_POINT('',(3.739962839988,0.));
#7369 = VECTOR('',#7370,1.);
#7370 = DIRECTION('',(0.,1.));
#7371 = ( GEOMETRIC_REPRESENTATION_CONTEXT(2) 
PARAMETRIC_REPRESENTATION_CONTEXT() REPRESENTATION_CONTEXT('2D SPACE',''
  ) );
#7372 = ORIENTED_EDGE('',*,*,#991,.F.);
#7373 = ORIENTED_EDGE('',*,*,#7325,.T.);
#7374 = ADVANCED_FACE('',(#7375),#1037,.T.);
#7375 = FACE_BOUND('',#7376,.T.);
#7376 = EDGE_LOOP('',(#7377,#7378,#7399,#7400));
#7377 = ORIENTED_EDGE('',*,*,#6618,.T.);
#7378 = ORIENTED_EDGE('',*,*,#7379,.F.);
#7379 = EDGE_CURVE('',#1021,#6595,#7380,.T.);
#7380 = SURFACE_CURVE('',#7381,(#7385,#7392),.PCURVE_S1.);
#7381 = LINE('',#7382,#7383);
#7382 = CARTESIAN_POINT('',(-4.26159132473,7.,6.77043864022));
#7383 = VECTOR('',#7384,1.);
#7384 = DIRECTION('',(-0.,-1.,-0.));
#7385 = PCURVE('',#1037,#7386);
#7386 = DEFINITIONAL_REPRESENTATION('',(#7387),#7391);
#7387 = LINE('',#7388,#7389);
#7388 = CARTESIAN_POINT('',(3.703379088462,0.));
#7389 = VECTOR('',#7390,1.);
#7390 = DIRECTION('',(0.,1.));
#7391 = ( GEOMETRIC_REPRESENTATION_CONTEXT(2) 
PARAMETRIC_REPRESENTATION_CONTEXT() REPRESENTATION_CONTEXT('2D SPACE',''
  ) );
#7392 = PCURVE('',#1066,#7393);
#7393 = DEFINITIONAL_REPRESENTATION('',(#7394),#7398);
#7394 = LINE('',#7395,#7396);
#7395 = CARTESIAN_POINT('',(2.640137461441,0.));
#7396 = VECTOR('',#7397,1.);
#7397 = DIRECTION('',(0.,1.));
#7398 = ( GEOMETRIC_REPRESENTATION_CONTEXT(2) 
PARAMETRIC_REPRESENTATION_CONTEXT() REPRESENTATION_CONTEXT('2D SPACE',''
  ) );
#7399 = ORIENTED_EDGE('',*,*,#1020,.F.);
#7400 = ORIENTED_EDGE('',*,*,#7352,.T.);
#7401 = ADVANCED_FACE('',(#7402),#1066,.T.);
#7402 = FACE_BOUND('',#7403,.T.);
#7403 = EDGE_LOOP('',(#7404,#7405,#7426,#7427));
#7404 = ORIENTED_EDGE('',*,*,#6594,.T.);
#7405 = ORIENTED_EDGE('',*,*,#7406,.F.);
#7406 = EDGE_CURVE('',#1050,#6571,#7407,.T.);
#7407 = SURFACE_CURVE('',#7408,(#7412,#7419),.PCURVE_S1.);
#7408 = LINE('',#7409,#7410);
#7409 = CARTESIAN_POINT('',(-3.351384982315,7.,6.001674324746));
#7410 = VECTOR('',#7411,1.);
#7411 = DIRECTION('',(-0.,-1.,-0.));
#7412 = PCURVE('',#1066,#7413);
#7413 = DEFINITIONAL_REPRESENTATION('',(#7414),#7418);
#7414 = LINE('',#7415,#7416);
#7415 = CARTESIAN_POINT('',(2.240341225971,0.));
#7416 = VECTOR('',#7417,1.);
#7417 = DIRECTION('',(0.,1.));
#7418 = ( GEOMETRIC_REPRESENTATION_CONTEXT(2) 
PARAMETRIC_REPRESENTATION_CONTEXT() REPRESENTATION_CONTEXT('2D SPACE',''
  ) );
#7419 = PCURVE('',#1095,#7420);
#7420 = DEFINITIONAL_REPRESENTATION('',(#7421),#7425);
#7421 = LINE('',#7422,#7423);
#7422 = CARTESIAN_POINT('',(3.650868473686,0.));
#7423 = VECTOR('',#7424,1.);
#7424 = DIRECTION('',(0.,1.));
#7425 = ( GEOMETRIC_REPRESENTATION_CONTEXT(2) 
PARAMETRIC_REPRESENTATION_CONTEXT() REPRESENTATION_CONTEXT('2D SPACE',''
  ) );
#7426 = ORIENTED_EDGE('',*,*,#1049,.F.);
#7427 = ORIENTED_EDGE('',*,*,#7379,.T.);
#7428 = ADVANCED_FACE('',(#7429),#1095,.T.);
#7429 = FACE_BOUND('',#7430,.T.);
#7430 = EDGE_LOOP('',(#7431,#7432,#7453,#7454));
#7431 = ORIENTED_EDGE('',*,*,#6570,.T.);
#7432 = ORIENTED_EDGE('',*,*,#7433,.F.);
#7433 = EDGE_CURVE('',#1079,#6547,#7434,.T.);
#7434 = SURFACE_CURVE('',#7435,(#7439,#7446),.PCURVE_S1.);
#7435 = LINE('',#7436,#7437);
#7436 = CARTESIAN_POINT('',(-2.936868605944,7.,6.21503650765));
#7437 = VECTOR('',#7438,1.);
#7438 = DIRECTION('',(-0.,-1.,-0.));
#7439 = PCURVE('',#1095,#7440);
#7440 = DEFINITIONAL_REPRESENTATION('',(#7441),#7445);
#7441 = LINE('',#7442,#7443);
#7442 = CARTESIAN_POINT('',(3.583033944524,0.));
#7443 = VECTOR('',#7444,1.);
#7444 = DIRECTION('',(0.,1.));
#7445 = ( GEOMETRIC_REPRESENTATION_CONTEXT(2) 
PARAMETRIC_REPRESENTATION_CONTEXT() REPRESENTATION_CONTEXT('2D SPACE',''
  ) );
#7446 = PCURVE('',#1124,#7447);
#7447 = DEFINITIONAL_REPRESENTATION('',(#7448),#7452);
#7448 = LINE('',#7449,#7450);
#7449 = CARTESIAN_POINT('',(4.993561192239,0.));
#7450 = VECTOR('',#7451,1.);
#7451 = DIRECTION('',(0.,1.));
#7452 = ( GEOMETRIC_REPRESENTATION_CONTEXT(2) 
PARAMETRIC_REPRESENTATION_CONTEXT() REPRESENTATION_CONTEXT('2D SPACE',''
  ) );
#7453 = ORIENTED_EDGE('',*,*,#1078,.F.);
#7454 = ORIENTED_EDGE('',*,*,#7406,.T.);
#7455 = ADVANCED_FACE('',(#7456),#1124,.T.);
#7456 = FACE_BOUND('',#7457,.T.);
#7457 = EDGE_LOOP('',(#7458,#7459,#7480,#7481));
#7458 = ORIENTED_EDGE('',*,*,#6546,.T.);
#7459 = ORIENTED_EDGE('',*,*,#7460,.F.);
#7460 = EDGE_CURVE('',#1108,#6523,#7461,.T.);
#7461 = SURFACE_CURVE('',#7462,(#7466,#7473),.PCURVE_S1.);
#7462 = LINE('',#7463,#7464);
#7463 = CARTESIAN_POINT('',(-3.033593365116,7.,7.402520604168));
#7464 = VECTOR('',#7465,1.);
#7465 = DIRECTION('',(-0.,-1.,-0.));
#7466 = PCURVE('',#1124,#7467);
#7467 = DEFINITIONAL_REPRESENTATION('',(#7468),#7472);
#7468 = LINE('',#7469,#7470);
#7469 = CARTESIAN_POINT('',(4.593764956769,0.));
#7470 = VECTOR('',#7471,1.);
#7471 = DIRECTION('',(0.,1.));
#7472 = ( GEOMETRIC_REPRESENTATION_CONTEXT(2) 
PARAMETRIC_REPRESENTATION_CONTEXT() REPRESENTATION_CONTEXT('2D SPACE',''
  ) );
#7473 = PCURVE('',#1153,#7474);
#7474 = DEFINITIONAL_REPRESENTATION('',(#7475),#7479);
#7475 = LINE('',#7476,#7477);
#7476 = CARTESIAN_POINT('',(3.530523329749,0.));
#7477 = VECTOR('',#7478,1.);
#7478 = DIRECTION('',(0.,1.));
#7479 = ( GEOMETRIC_REPRESENTATION_CONTEXT(2) 
PARAMETRIC_REPRESENTATION_CONTEXT() REPRESENTATION_CONTEXT('2D SPACE',''
  ) );
#7480 = ORIENTED_EDGE('',*,*,#1107,.F.);
#7481 = ORIENTED_EDGE('',*,*,#7433,.T.);
#7482 = ADVANCED_FACE('',(#7483),#1153,.T.);
#7483 = FACE_BOUND('',#7484,.T.);
#7484 = EDGE_LOOP('',(#7485,#7486,#7507,#7508));
#7485 = ORIENTED_EDGE('',*,*,#6522,.T.);
#7486 = ORIENTED_EDGE('',*,*,#7487,.F.);
#7487 = EDGE_CURVE('',#1137,#6499,#7488,.T.);
#7488 = SURFACE_CURVE('',#7489,(#7493,#7500),.PCURVE_S1.);
#7489 = LINE('',#7490,#7491);
#7490 = CARTESIAN_POINT('',(-2.760811984327,7.,7.508522969746));
#7491 = VECTOR('',#7492,1.);
#7492 = DIRECTION('',(-0.,-1.,-0.));
#7493 = PCURVE('',#1153,#7494);
#7494 = DEFINITIONAL_REPRESENTATION('',(#7495),#7499);
#7495 = LINE('',#7496,#7497);
#7496 = CARTESIAN_POINT('',(3.493939578222,0.));
#7497 = VECTOR('',#7498,1.);
#7498 = DIRECTION('',(0.,1.));
#7499 = ( GEOMETRIC_REPRESENTATION_CONTEXT(2) 
PARAMETRIC_REPRESENTATION_CONTEXT() REPRESENTATION_CONTEXT('2D SPACE',''
  ) );
#7500 = PCURVE('',#1182,#7501);
#7501 = DEFINITIONAL_REPRESENTATION('',(#7502),#7506);
#7502 = LINE('',#7503,#7504);
#7503 = CARTESIAN_POINT('',(2.430697951202,0.));
#7504 = VECTOR('',#7505,1.);
#7505 = DIRECTION('',(0.,1.));
#7506 = ( GEOMETRIC_REPRESENTATION_CONTEXT(2) 
PARAMETRIC_REPRESENTATION_CONTEXT() REPRESENTATION_CONTEXT('2D SPACE',''
  ) );
#7507 = ORIENTED_EDGE('',*,*,#1136,.F.);
#7508 = ORIENTED_EDGE('',*,*,#7460,.T.);
#7509 = ADVANCED_FACE('',(#7510),#1182,.T.);
#7510 = FACE_BOUND('',#7511,.T.);
#7511 = EDGE_LOOP('',(#7512,#7513,#7534,#7535));
#7512 = ORIENTED_EDGE('',*,*,#6498,.T.);
#7513 = ORIENTED_EDGE('',*,*,#7514,.F.);
#7514 = EDGE_CURVE('',#1166,#6475,#7515,.T.);
#7515 = SURFACE_CURVE('',#7516,(#7520,#7527),.PCURVE_S1.);
#7516 = LINE('',#7517,#7518);
#7517 = CARTESIAN_POINT('',(-2.030330922991,7.,6.56731545939));
#7518 = VECTOR('',#7519,1.);
#7519 = DIRECTION('',(-0.,-1.,-0.));
#7520 = PCURVE('',#1182,#7521);
#7521 = DEFINITIONAL_REPRESENTATION('',(#7522),#7526);
#7522 = LINE('',#7523,#7524);
#7523 = CARTESIAN_POINT('',(2.030901715732,0.));
#7524 = VECTOR('',#7525,1.);
#7525 = DIRECTION('',(0.,1.));
#7526 = ( GEOMETRIC_REPRESENTATION_CONTEXT(2) 
PARAMETRIC_REPRESENTATION_CONTEXT() REPRESENTATION_CONTEXT('2D SPACE',''
  ) );
#7527 = PCURVE('',#1211,#7528);
#7528 = DEFINITIONAL_REPRESENTATION('',(#7529),#7533);
#7529 = LINE('',#7530,#7531);
#7530 = CARTESIAN_POINT('',(3.441428963447,0.));
#7531 = VECTOR('',#7532,1.);
#7532 = DIRECTION('',(0.,1.));
#7533 = ( GEOMETRIC_REPRESENTATION_CONTEXT(2) 
PARAMETRIC_REPRESENTATION_CONTEXT() REPRESENTATION_CONTEXT('2D SPACE',''
  ) );
#7534 = ORIENTED_EDGE('',*,*,#1165,.F.);
#7535 = ORIENTED_EDGE('',*,*,#7487,.T.);
#7536 = ADVANCED_FACE('',(#7537),#1211,.T.);
#7537 = FACE_BOUND('',#7538,.T.);
#7538 = EDGE_LOOP('',(#7539,#7540,#7561,#7562));
#7539 = ORIENTED_EDGE('',*,*,#6474,.T.);
#7540 = ORIENTED_EDGE('',*,*,#7541,.F.);
#7541 = EDGE_CURVE('',#1195,#6451,#7542,.T.);
#7542 = SURFACE_CURVE('',#7543,(#7547,#7554),.PCURVE_S1.);
#7543 = LINE('',#7544,#7545);
#7544 = CARTESIAN_POINT('',(-1.580512231775,7.,6.689832366002));
#7545 = VECTOR('',#7546,1.);
#7546 = DIRECTION('',(-0.,-1.,-0.));
#7547 = PCURVE('',#1211,#7548);
#7548 = DEFINITIONAL_REPRESENTATION('',(#7549),#7553);
#7549 = LINE('',#7550,#7551);
#7550 = CARTESIAN_POINT('',(3.373594434285,0.));
#7551 = VECTOR('',#7552,1.);
#7552 = DIRECTION('',(0.,1.));
#7553 = ( GEOMETRIC_REPRESENTATION_CONTEXT(2) 
PARAMETRIC_REPRESENTATION_CONTEXT() REPRESENTATION_CONTEXT('2D SPACE',''
  ) );
#7554 = PCURVE('',#1240,#7555);
#7555 = DEFINITIONAL_REPRESENTATION('',(#7556),#7560);
#7556 = LINE('',#7557,#7558);
#7557 = CARTESIAN_POINT('',(4.784121682,0.));
#7558 = VECTOR('',#7559,1.);
#7559 = DIRECTION('',(0.,1.));
#7560 = ( GEOMETRIC_REPRESENTATION_CONTEXT(2) 
PARAMETRIC_REPRESENTATION_CONTEXT() REPRESENTATION_CONTEXT('2D SPACE',''
  ) );
#7561 = ORIENTED_EDGE('',*,*,#1194,.F.);
#7562 = ORIENTED_EDGE('',*,*,#7514,.T.);
#7563 = ADVANCED_FACE('',(#7564),#1240,.T.);
#7564 = FACE_BOUND('',#7565,.T.);
#7565 = EDGE_LOOP('',(#7566,#7567,#7588,#7589));
#7566 = ORIENTED_EDGE('',*,*,#6450,.T.);
#7567 = ORIENTED_EDGE('',*,*,#7568,.F.);
#7568 = EDGE_CURVE('',#1224,#6427,#7569,.T.);
#7569 = SURFACE_CURVE('',#7570,(#7574,#7581),.PCURVE_S1.);
#7570 = LINE('',#7571,#7572);
#7571 = CARTESIAN_POINT('',(-1.428231496564,7.,7.871477294144));
#7572 = VECTOR('',#7573,1.);
#7573 = DIRECTION('',(-0.,-1.,-0.));
#7574 = PCURVE('',#1240,#7575);
#7575 = DEFINITIONAL_REPRESENTATION('',(#7576),#7580);
#7576 = LINE('',#7577,#7578);
#7577 = CARTESIAN_POINT('',(4.38432544653,0.));
#7578 = VECTOR('',#7579,1.);
#7579 = DIRECTION('',(0.,1.));
#7580 = ( GEOMETRIC_REPRESENTATION_CONTEXT(2) 
PARAMETRIC_REPRESENTATION_CONTEXT() REPRESENTATION_CONTEXT('2D SPACE',''
  ) );
#7581 = PCURVE('',#1269,#7582);
#7582 = DEFINITIONAL_REPRESENTATION('',(#7583),#7587);
#7583 = LINE('',#7584,#7585);
#7584 = CARTESIAN_POINT('',(3.32108381951,0.));
#7585 = VECTOR('',#7586,1.);
#7586 = DIRECTION('',(0.,1.));
#7587 = ( GEOMETRIC_REPRESENTATION_CONTEXT(2) 
PARAMETRIC_REPRESENTATION_CONTEXT() REPRESENTATION_CONTEXT('2D SPACE',''
  ) );
#7588 = ORIENTED_EDGE('',*,*,#1223,.F.);
#7589 = ORIENTED_EDGE('',*,*,#7541,.T.);
#7590 = ADVANCED_FACE('',(#7591),#1269,.T.);
#7591 = FACE_BOUND('',#7592,.T.);
#7592 = EDGE_LOOP('',(#7593,#7594,#7615,#7616));
#7593 = ORIENTED_EDGE('',*,*,#6426,.T.);
#7594 = ORIENTED_EDGE('',*,*,#7595,.F.);
#7595 = EDGE_CURVE('',#1253,#6403,#7596,.T.);
#7596 = SURFACE_CURVE('',#7597,(#7601,#7608),.PCURVE_S1.);
#7597 = LINE('',#7598,#7599);
#7598 = CARTESIAN_POINT('',(-1.139371912363,7.,7.918448815603));
#7599 = VECTOR('',#7600,1.);
#7600 = DIRECTION('',(-0.,-1.,-0.));
#7601 = PCURVE('',#1269,#7602);
#7602 = DEFINITIONAL_REPRESENTATION('',(#7603),#7607);
#7603 = LINE('',#7604,#7605);
#7604 = CARTESIAN_POINT('',(3.284500067983,0.));
#7605 = VECTOR('',#7606,1.);
#7606 = DIRECTION('',(0.,1.));
#7607 = ( GEOMETRIC_REPRESENTATION_CONTEXT(2) 
PARAMETRIC_REPRESENTATION_CONTEXT() REPRESENTATION_CONTEXT('2D SPACE',''
  ) );
#7608 = PCURVE('',#1298,#7609);
#7609 = DEFINITIONAL_REPRESENTATION('',(#7610),#7614);
#7610 = LINE('',#7611,#7612);
#7611 = CARTESIAN_POINT('',(2.221258440963,0.));
#7612 = VECTOR('',#7613,1.);
#7613 = DIRECTION('',(0.,1.));
#7614 = ( GEOMETRIC_REPRESENTATION_CONTEXT(2) 
PARAMETRIC_REPRESENTATION_CONTEXT() REPRESENTATION_CONTEXT('2D SPACE',''
  ) );
#7615 = ORIENTED_EDGE('',*,*,#1252,.F.);
#7616 = ORIENTED_EDGE('',*,*,#7568,.T.);
#7617 = ADVANCED_FACE('',(#7618),#1298,.T.);
#7618 = FACE_BOUND('',#7619,.T.);
#7619 = EDGE_LOOP('',(#7620,#7621,#7642,#7643));
#7620 = ORIENTED_EDGE('',*,*,#6402,.T.);
#7621 = ORIENTED_EDGE('',*,*,#7622,.F.);
#7622 = EDGE_CURVE('',#1282,#6379,#7623,.T.);
#7623 = SURFACE_CURVE('',#7624,(#7628,#7635),.PCURVE_S1.);
#7624 = LINE('',#7625,#7626);
#7625 = CARTESIAN_POINT('',(-0.620541659724,7.,6.845933394983));
#7626 = VECTOR('',#7627,1.);
#7627 = DIRECTION('',(-0.,-1.,-0.));
#7628 = PCURVE('',#1298,#7629);
#7629 = DEFINITIONAL_REPRESENTATION('',(#7630),#7634);
#7630 = LINE('',#7631,#7632);
#7631 = CARTESIAN_POINT('',(1.821462205493,0.));
#7632 = VECTOR('',#7633,1.);
#7633 = DIRECTION('',(0.,1.));
#7634 = ( GEOMETRIC_REPRESENTATION_CONTEXT(2) 
PARAMETRIC_REPRESENTATION_CONTEXT() REPRESENTATION_CONTEXT('2D SPACE',''
  ) );
#7635 = PCURVE('',#1327,#7636);
#7636 = DEFINITIONAL_REPRESENTATION('',(#7637),#7641);
#7637 = LINE('',#7638,#7639);
#7638 = CARTESIAN_POINT('',(3.231989453208,0.));
#7639 = VECTOR('',#7640,1.);
#7640 = DIRECTION('',(0.,1.));
#7641 = ( GEOMETRIC_REPRESENTATION_CONTEXT(2) 
PARAMETRIC_REPRESENTATION_CONTEXT() REPRESENTATION_CONTEXT('2D SPACE',''
  ) );
#7642 = ORIENTED_EDGE('',*,*,#1281,.F.);
#7643 = ORIENTED_EDGE('',*,*,#7595,.T.);
#7644 = ADVANCED_FACE('',(#7645),#1327,.T.);
#7645 = FACE_BOUND('',#7646,.T.);
#7646 = EDGE_LOOP('',(#7647,#7648,#7669,#7670));
#7647 = ORIENTED_EDGE('',*,*,#6378,.T.);
#7648 = ORIENTED_EDGE('',*,*,#7649,.F.);
#7649 = EDGE_CURVE('',#1311,#6355,#7650,.T.);
#7650 = SURFACE_CURVE('',#7651,(#7655,#7662),.PCURVE_S1.);
#7651 = LINE('',#7652,#7653);
#7652 = CARTESIAN_POINT('',(-0.155079888938,7.,6.872250448583));
#7653 = VECTOR('',#7654,1.);
#7654 = DIRECTION('',(-0.,-1.,-0.));
#7655 = PCURVE('',#1327,#7656);
#7656 = DEFINITIONAL_REPRESENTATION('',(#7657),#7661);
#7657 = LINE('',#7658,#7659);
#7658 = CARTESIAN_POINT('',(3.164154924045,0.));
#7659 = VECTOR('',#7660,1.);
#7660 = DIRECTION('',(0.,1.));
#7661 = ( GEOMETRIC_REPRESENTATION_CONTEXT(2) 
PARAMETRIC_REPRESENTATION_CONTEXT() REPRESENTATION_CONTEXT('2D SPACE',''
  ) );
#7662 = PCURVE('',#1356,#7663);
#7663 = DEFINITIONAL_REPRESENTATION('',(#7664),#7668);
#7664 = LINE('',#7665,#7666);
#7665 = CARTESIAN_POINT('',(4.57468217176,0.));
#7666 = VECTOR('',#7667,1.);
#7667 = DIRECTION('',(0.,1.));
#7668 = ( GEOMETRIC_REPRESENTATION_CONTEXT(2) 
PARAMETRIC_REPRESENTATION_CONTEXT() REPRESENTATION_CONTEXT('2D SPACE',''
  ) );
#7669 = ORIENTED_EDGE('',*,*,#1310,.F.);
#7670 = ORIENTED_EDGE('',*,*,#7622,.T.);
#7671 = ADVANCED_FACE('',(#7672),#1356,.T.);
#7672 = FACE_BOUND('',#7673,.T.);
#7673 = EDGE_LOOP('',(#7674,#7675,#7696,#7697));
#7674 = ORIENTED_EDGE('',*,*,#6354,.T.);
#7675 = ORIENTED_EDGE('',*,*,#7676,.F.);
#7676 = EDGE_CURVE('',#1340,#6331,#7677,.T.);
#7677 = SURFACE_CURVE('',#7678,(#7682,#7689),.PCURVE_S1.);
#7678 = LINE('',#7679,#7680);
#7679 = CARTESIAN_POINT('',(0.239550941802,7.,7.996412654827));
#7680 = VECTOR('',#7681,1.);
#7681 = DIRECTION('',(-0.,-1.,-0.));
#7682 = PCURVE('',#1356,#7683);
#7683 = DEFINITIONAL_REPRESENTATION('',(#7684),#7688);
#7684 = LINE('',#7685,#7686);
#7685 = CARTESIAN_POINT('',(4.174885936291,0.));
#7686 = VECTOR('',#7687,1.);
#7687 = DIRECTION('',(0.,1.));
#7688 = ( GEOMETRIC_REPRESENTATION_CONTEXT(2) 
PARAMETRIC_REPRESENTATION_CONTEXT() REPRESENTATION_CONTEXT('2D SPACE',''
  ) );
#7689 = PCURVE('',#1385,#7690);
#7690 = DEFINITIONAL_REPRESENTATION('',(#7691),#7695);
#7691 = LINE('',#7692,#7693);
#7692 = CARTESIAN_POINT('',(3.11164430927,0.));
#7693 = VECTOR('',#7694,1.);
#7694 = DIRECTION('',(0.,1.));
#7695 = ( GEOMETRIC_REPRESENTATION_CONTEXT(2) 
PARAMETRIC_REPRESENTATION_CONTEXT() REPRESENTATION_CONTEXT('2D SPACE',''
  ) );
#7696 = ORIENTED_EDGE('',*,*,#1339,.F.);
#7697 = ORIENTED_EDGE('',*,*,#7649,.T.);
#7698 = ADVANCED_FACE('',(#7699),#1385,.T.);
#7699 = FACE_BOUND('',#7700,.T.);
#7700 = EDGE_LOOP('',(#7701,#7702,#7723,#7724));
#7701 = ORIENTED_EDGE('',*,*,#6330,.T.);
#7702 = ORIENTED_EDGE('',*,*,#7703,.F.);
#7703 = EDGE_CURVE('',#1369,#6307,#7704,.T.);
#7704 = SURFACE_CURVE('',#7705,(#7709,#7716),.PCURVE_S1.);
#7705 = LINE('',#7706,#7707);
#7706 = CARTESIAN_POINT('',(0.531864179485,7.,7.982300451285));
#7707 = VECTOR('',#7708,1.);
#7708 = DIRECTION('',(-0.,-1.,-0.));
#7709 = PCURVE('',#1385,#7710);
#7710 = DEFINITIONAL_REPRESENTATION('',(#7711),#7715);
#7711 = LINE('',#7712,#7713);
#7712 = CARTESIAN_POINT('',(3.075060557744,0.));
#7713 = VECTOR('',#7714,1.);
#7714 = DIRECTION('',(0.,1.));
#7715 = ( GEOMETRIC_REPRESENTATION_CONTEXT(2) 
PARAMETRIC_REPRESENTATION_CONTEXT() REPRESENTATION_CONTEXT('2D SPACE',''
  ) );
#7716 = PCURVE('',#1414,#7717);
#7717 = DEFINITIONAL_REPRESENTATION('',(#7718),#7722);
#7718 = LINE('',#7719,#7720);
#7719 = CARTESIAN_POINT('',(2.011818930723,0.));
#7720 = VECTOR('',#7721,1.);
#7721 = DIRECTION('',(0.,1.));
#7722 = ( GEOMETRIC_REPRESENTATION_CONTEXT(2) 
PARAMETRIC_REPRESENTATION_CONTEXT() REPRESENTATION_CONTEXT('2D SPACE',''
  ) );
#7723 = ORIENTED_EDGE('',*,*,#1368,.F.);
#7724 = ORIENTED_EDGE('',*,*,#7676,.T.);
#7725 = ADVANCED_FACE('',(#7726),#1414,.T.);
#7726 = FACE_BOUND('',#7727,.T.);
#7727 = EDGE_LOOP('',(#7728,#7729,#7750,#7751));
#7728 = ORIENTED_EDGE('',*,*,#6306,.T.);
#7729 = ORIENTED_EDGE('',*,*,#7730,.F.);
#7730 = EDGE_CURVE('',#1398,#6283,#7731,.T.);
#7731 = SURFACE_CURVE('',#7732,(#7736,#7743),.PCURVE_S1.);
#7732 = LINE('',#7733,#7734);
#7733 = CARTESIAN_POINT('',(0.816368251762,7.,6.825351190782));
#7734 = VECTOR('',#7735,1.);
#7735 = DIRECTION('',(-0.,-1.,-0.));
#7736 = PCURVE('',#1414,#7737);
#7737 = DEFINITIONAL_REPRESENTATION('',(#7738),#7742);
#7738 = LINE('',#7739,#7740);
#7739 = CARTESIAN_POINT('',(1.612022695254,0.));
#7740 = VECTOR('',#7741,1.);
#7741 = DIRECTION('',(0.,1.));
#7742 = ( GEOMETRIC_REPRESENTATION_CONTEXT(2) 
PARAMETRIC_REPRESENTATION_CONTEXT() REPRESENTATION_CONTEXT('2D SPACE',''
  ) );
#7743 = PCURVE('',#1443,#7744);
#7744 = DEFINITIONAL_REPRESENTATION('',(#7745),#7749);
#7745 = LINE('',#7746,#7747);
#7746 = CARTESIAN_POINT('',(3.022549942969,0.));
#7747 = VECTOR('',#7748,1.);
#7748 = DIRECTION('',(0.,1.));
#7749 = ( GEOMETRIC_REPRESENTATION_CONTEXT(2) 
PARAMETRIC_REPRESENTATION_CONTEXT() REPRESENTATION_CONTEXT('2D SPACE',''
  ) );
#7750 = ORIENTED_EDGE('',*,*,#1397,.F.);
#7751 = ORIENTED_EDGE('',*,*,#7703,.T.);
#7752 = ADVANCED_FACE('',(#7753),#1443,.T.);
#7753 = FACE_BOUND('',#7754,.T.);
#7754 = EDGE_LOOP('',(#7755,#7756,#7777,#7778));
#7755 = ORIENTED_EDGE('',*,*,#6282,.T.);
#7756 = ORIENTED_EDGE('',*,*,#7757,.F.);
#7757 = EDGE_CURVE('',#1427,#6259,#7758,.T.);
#7758 = SURFACE_CURVE('',#7759,(#7763,#7770),.PCURVE_S1.);
#7759 = LINE('',#7760,#7761);
#7760 = CARTESIAN_POINT('',(1.277130189201,7.,6.754318209844));
#7761 = VECTOR('',#7762,1.);
#7762 = DIRECTION('',(-0.,-1.,-0.));
#7763 = PCURVE('',#1443,#7764);
#7764 = DEFINITIONAL_REPRESENTATION('',(#7765),#7769);
#7765 = LINE('',#7766,#7767);
#7766 = CARTESIAN_POINT('',(2.954715413806,0.));
#7767 = VECTOR('',#7768,1.);
#7768 = DIRECTION('',(0.,1.));
#7769 = ( GEOMETRIC_REPRESENTATION_CONTEXT(2) 
PARAMETRIC_REPRESENTATION_CONTEXT() REPRESENTATION_CONTEXT('2D SPACE',''
  ) );
#7770 = PCURVE('',#1472,#7771);
#7771 = DEFINITIONAL_REPRESENTATION('',(#7772),#7776);
#7772 = LINE('',#7773,#7774);
#7773 = CARTESIAN_POINT('',(4.365242661521,0.));
#7774 = VECTOR('',#7775,1.);
#7775 = DIRECTION('',(0.,1.));
#7776 = ( GEOMETRIC_REPRESENTATION_CONTEXT(2) 
PARAMETRIC_REPRESENTATION_CONTEXT() REPRESENTATION_CONTEXT('2D SPACE',''
  ) );
#7777 = ORIENTED_EDGE('',*,*,#1426,.F.);
#7778 = ORIENTED_EDGE('',*,*,#7730,.T.);
#7779 = ADVANCED_FACE('',(#7780),#1472,.T.);
#7780 = FACE_BOUND('',#7781,.T.);
#7781 = EDGE_LOOP('',(#7782,#7783,#7804,#7805));
#7782 = ORIENTED_EDGE('',*,*,#6258,.T.);
#7783 = ORIENTED_EDGE('',*,*,#7784,.F.);
#7784 = EDGE_CURVE('',#1456,#6235,#7785,.T.);
#7785 = SURFACE_CURVE('',#7786,(#7790,#7797),.PCURVE_S1.);
#7786 = LINE('',#7787,#7788);
#7787 = CARTESIAN_POINT('',(1.896863854519,7.,7.77186641145));
#7788 = VECTOR('',#7789,1.);
#7789 = DIRECTION('',(-0.,-1.,-0.));
#7790 = PCURVE('',#1472,#7791);
#7791 = DEFINITIONAL_REPRESENTATION('',(#7792),#7796);
#7792 = LINE('',#7793,#7794);
#7793 = CARTESIAN_POINT('',(3.965446426051,0.));
#7794 = VECTOR('',#7795,1.);
#7795 = DIRECTION('',(0.,1.));
#7796 = ( GEOMETRIC_REPRESENTATION_CONTEXT(2) 
PARAMETRIC_REPRESENTATION_CONTEXT() REPRESENTATION_CONTEXT('2D SPACE',''
  ) );
#7797 = PCURVE('',#1501,#7798);
#7798 = DEFINITIONAL_REPRESENTATION('',(#7799),#7803);
#7799 = LINE('',#7800,#7801);
#7800 = CARTESIAN_POINT('',(2.902204799031,0.));
#7801 = VECTOR('',#7802,1.);
#7802 = DIRECTION('',(0.,1.));
#7803 = ( GEOMETRIC_REPRESENTATION_CONTEXT(2) 
PARAMETRIC_REPRESENTATION_CONTEXT() REPRESENTATION_CONTEXT('2D SPACE',''
  ) );
#7804 = ORIENTED_EDGE('',*,*,#1455,.F.);
#7805 = ORIENTED_EDGE('',*,*,#7757,.T.);
#7806 = ADVANCED_FACE('',(#7807),#1501,.T.);
#7807 = FACE_BOUND('',#7808,.T.);
#7808 = EDGE_LOOP('',(#7809,#7810,#7831,#7832));
#7809 = ORIENTED_EDGE('',*,*,#6234,.T.);
#7810 = ORIENTED_EDGE('',*,*,#7811,.F.);
#7811 = EDGE_CURVE('',#1485,#6211,#7812,.T.);
#7812 = SURFACE_CURVE('',#7813,(#7817,#7824),.PCURVE_S1.);
#7813 = LINE('',#7814,#7815);
#7814 = CARTESIAN_POINT('',(2.179855254521,7.,7.697287253919));
#7815 = VECTOR('',#7816,1.);
#7816 = DIRECTION('',(-0.,-1.,-0.));
#7817 = PCURVE('',#1501,#7818);
#7818 = DEFINITIONAL_REPRESENTATION('',(#7819),#7823);
#7819 = LINE('',#7820,#7821);
#7820 = CARTESIAN_POINT('',(2.865621047504,0.));
#7821 = VECTOR('',#7822,1.);
#7822 = DIRECTION('',(0.,1.));
#7823 = ( GEOMETRIC_REPRESENTATION_CONTEXT(2) 
PARAMETRIC_REPRESENTATION_CONTEXT() REPRESENTATION_CONTEXT('2D SPACE',''
  ) );
#7824 = PCURVE('',#1530,#7825);
#7825 = DEFINITIONAL_REPRESENTATION('',(#7826),#7830);
#7826 = LINE('',#7827,#7828);
#7827 = CARTESIAN_POINT('',(1.802379420484,0.));
#7828 = VECTOR('',#7829,1.);
#7829 = DIRECTION('',(0.,1.));
#7830 = ( GEOMETRIC_REPRESENTATION_CONTEXT(2) 
PARAMETRIC_REPRESENTATION_CONTEXT() REPRESENTATION_CONTEXT('2D SPACE',''
  ) );
#7831 = ORIENTED_EDGE('',*,*,#1484,.F.);
#7832 = ORIENTED_EDGE('',*,*,#7784,.T.);
#7833 = ADVANCED_FACE('',(#7834),#1530,.T.);
#7834 = FACE_BOUND('',#7835,.T.);
#7835 = EDGE_LOOP('',(#7836,#7837,#7858,#7859));
#7836 = ORIENTED_EDGE('',*,*,#6210,.T.);
#7837 = ORIENTED_EDGE('',*,*,#7838,.F.);
#7838 = EDGE_CURVE('',#1514,#6187,#7839,.T.);
#7839 = SURFACE_CURVE('',#7840,(#7844,#7851),.PCURVE_S1.);
#7840 = LINE('',#7841,#7842);
#7841 = CARTESIAN_POINT('',(2.217598953277,7.,6.506468387876));
#7842 = VECTOR('',#7843,1.);
#7843 = DIRECTION('',(-0.,-1.,-0.));
#7844 = PCURVE('',#1530,#7845);
#7845 = DEFINITIONAL_REPRESENTATION('',(#7846),#7850);
#7846 = LINE('',#7847,#7848);
#7847 = CARTESIAN_POINT('',(1.402583185014,0.));
#7848 = VECTOR('',#7849,1.);
#7849 = DIRECTION('',(0.,1.));
#7850 = ( GEOMETRIC_REPRESENTATION_CONTEXT(2) 
PARAMETRIC_REPRESENTATION_CONTEXT() REPRESENTATION_CONTEXT('2D SPACE',''
  ) );
#7851 = PCURVE('',#1559,#7852);
#7852 = DEFINITIONAL_REPRESENTATION('',(#7853),#7857);
#7853 = LINE('',#7854,#7855);
#7854 = CARTESIAN_POINT('',(2.813110432729,0.));
#7855 = VECTOR('',#7856,1.);
#7856 = DIRECTION('',(0.,1.));
#7857 = ( GEOMETRIC_REPRESENTATION_CONTEXT(2) 
PARAMETRIC_REPRESENTATION_CONTEXT() REPRESENTATION_CONTEXT('2D SPACE',''
  ) );
#7858 = ORIENTED_EDGE('',*,*,#1513,.F.);
#7859 = ORIENTED_EDGE('',*,*,#7811,.T.);
#7860 = ADVANCED_FACE('',(#7861),#1559,.T.);
#7861 = FACE_BOUND('',#7862,.T.);
#7862 = EDGE_LOOP('',(#7863,#7864,#7885,#7886));
#7863 = ORIENTED_EDGE('',*,*,#6186,.T.);
#7864 = ORIENTED_EDGE('',*,*,#7865,.F.);
#7865 = EDGE_CURVE('',#1543,#6163,#7866,.T.);
#7866 = SURFACE_CURVE('',#7867,(#7871,#7878),.PCURVE_S1.);
#7867 = LINE('',#7868,#7869);
#7868 = CARTESIAN_POINT('',(2.653523549721,7.,6.341189854521));
#7869 = VECTOR('',#7870,1.);
#7870 = DIRECTION('',(-0.,-1.,-0.));
#7871 = PCURVE('',#1559,#7872);
#7872 = DEFINITIONAL_REPRESENTATION('',(#7873),#7877);
#7873 = LINE('',#7874,#7875);
#7874 = CARTESIAN_POINT('',(2.745275903567,0.));
#7875 = VECTOR('',#7876,1.);
#7876 = DIRECTION('',(0.,1.));
#7877 = ( GEOMETRIC_REPRESENTATION_CONTEXT(2) 
PARAMETRIC_REPRESENTATION_CONTEXT() REPRESENTATION_CONTEXT('2D SPACE',''
  ) );
#7878 = PCURVE('',#1588,#7879);
#7879 = DEFINITIONAL_REPRESENTATION('',(#7880),#7884);
#7880 = LINE('',#7881,#7882);
#7881 = CARTESIAN_POINT('',(4.155803151282,0.));
#7882 = VECTOR('',#7883,1.);
#7883 = DIRECTION('',(0.,1.));
#7884 = ( GEOMETRIC_REPRESENTATION_CONTEXT(2) 
PARAMETRIC_REPRESENTATION_CONTEXT() REPRESENTATION_CONTEXT('2D SPACE',''
  ) );
#7885 = ORIENTED_EDGE('',*,*,#1542,.F.);
#7886 = ORIENTED_EDGE('',*,*,#7838,.T.);
#7887 = ADVANCED_FACE('',(#7888),#1588,.T.);
#7888 = FACE_BOUND('',#7889,.T.);
#7889 = EDGE_LOOP('',(#7890,#7891,#7912,#7913));
#7890 = ORIENTED_EDGE('',*,*,#6162,.T.);
#7891 = ORIENTED_EDGE('',*,*,#7892,.F.);
#7892 = EDGE_CURVE('',#1572,#6139,#7893,.T.);
#7893 = SURFACE_CURVE('',#7894,(#7898,#7905),.PCURVE_S1.);
#7894 = LINE('',#7895,#7896);
#7895 = CARTESIAN_POINT('',(3.471274714631,7.,7.207652312339));
#7896 = VECTOR('',#7897,1.);
#7897 = DIRECTION('',(-0.,-1.,-0.));
#7898 = PCURVE('',#1588,#7899);
#7899 = DEFINITIONAL_REPRESENTATION('',(#7900),#7904);
#7900 = LINE('',#7901,#7902);
#7901 = CARTESIAN_POINT('',(3.756006915812,0.));
#7902 = VECTOR('',#7903,1.);
#7903 = DIRECTION('',(0.,1.));
#7904 = ( GEOMETRIC_REPRESENTATION_CONTEXT(2) 
PARAMETRIC_REPRESENTATION_CONTEXT() REPRESENTATION_CONTEXT('2D SPACE',''
  ) );
#7905 = PCURVE('',#1617,#7906);
#7906 = DEFINITIONAL_REPRESENTATION('',(#7907),#7911);
#7907 = LINE('',#7908,#7909);
#7908 = CARTESIAN_POINT('',(2.692765288792,0.));
#7909 = VECTOR('',#7910,1.);
#7910 = DIRECTION('',(0.,1.));
#7911 = ( GEOMETRIC_REPRESENTATION_CONTEXT(2) 
PARAMETRIC_REPRESENTATION_CONTEXT() REPRESENTATION_CONTEXT('2D SPACE',''
  ) );
#7912 = ORIENTED_EDGE('',*,*,#1571,.F.);
#7913 = ORIENTED_EDGE('',*,*,#7865,.T.);
#7914 = ADVANCED_FACE('',(#7915),#1617,.T.);
#7915 = FACE_BOUND('',#7916,.T.);
#7916 = EDGE_LOOP('',(#7917,#7918,#7939,#7940));
#7917 = ORIENTED_EDGE('',*,*,#6138,.T.);
#7918 = ORIENTED_EDGE('',*,*,#7919,.F.);
#7919 = EDGE_CURVE('',#1601,#6115,#7920,.T.);
#7920 = SURFACE_CURVE('',#7921,(#7925,#7932),.PCURVE_S1.);
#7921 = LINE('',#7922,#7923);
#7922 = CARTESIAN_POINT('',(3.732576194829,7.,7.075865667874));
#7923 = VECTOR('',#7924,1.);
#7924 = DIRECTION('',(-0.,-1.,-0.));
#7925 = PCURVE('',#1617,#7926);
#7926 = DEFINITIONAL_REPRESENTATION('',(#7927),#7931);
#7927 = LINE('',#7928,#7929);
#7928 = CARTESIAN_POINT('',(2.656181537265,0.));
#7929 = VECTOR('',#7930,1.);
#7930 = DIRECTION('',(0.,1.));
#7931 = ( GEOMETRIC_REPRESENTATION_CONTEXT(2) 
PARAMETRIC_REPRESENTATION_CONTEXT() REPRESENTATION_CONTEXT('2D SPACE',''
  ) );
#7932 = PCURVE('',#1646,#7933);
#7933 = DEFINITIONAL_REPRESENTATION('',(#7934),#7938);
#7934 = LINE('',#7935,#7936);
#7935 = CARTESIAN_POINT('',(1.592939910245,0.));
#7936 = VECTOR('',#7937,1.);
#7937 = DIRECTION('',(0.,1.));
#7938 = ( GEOMETRIC_REPRESENTATION_CONTEXT(2) 
PARAMETRIC_REPRESENTATION_CONTEXT() REPRESENTATION_CONTEXT('2D SPACE',''
  ) );
#7939 = ORIENTED_EDGE('',*,*,#1600,.F.);
#7940 = ORIENTED_EDGE('',*,*,#7892,.T.);
#7941 = ADVANCED_FACE('',(#7942),#1646,.T.);
#7942 = FACE_BOUND('',#7943,.T.);
#7943 = EDGE_LOOP('',(#7944,#7945,#7966,#7967));
#7944 = ORIENTED_EDGE('',*,*,#6114,.T.);
#7945 = ORIENTED_EDGE('',*,*,#7946,.F.);
#7946 = EDGE_CURVE('',#1630,#6091,#7947,.T.);
#7947 = SURFACE_CURVE('',#7948,(#7952,#7959),.PCURVE_S1.);
#7948 = LINE('',#7949,#7950);
#7949 = CARTESIAN_POINT('',(3.521909939313,7.,5.903221694919));
#7950 = VECTOR('',#7951,1.);
#7951 = DIRECTION('',(-0.,-1.,-0.));
#7952 = PCURVE('',#1646,#7953);
#7953 = DEFINITIONAL_REPRESENTATION('',(#7954),#7958);
#7954 = LINE('',#7955,#7956);
#7955 = CARTESIAN_POINT('',(1.193143674775,0.));
#7956 = VECTOR('',#7957,1.);
#7957 = DIRECTION('',(0.,1.));
#7958 = ( GEOMETRIC_REPRESENTATION_CONTEXT(2) 
PARAMETRIC_REPRESENTATION_CONTEXT() REPRESENTATION_CONTEXT('2D SPACE',''
  ) );
#7959 = PCURVE('',#1675,#7960);
#7960 = DEFINITIONAL_REPRESENTATION('',(#7961),#7965);
#7961 = LINE('',#7962,#7963);
#7962 = CARTESIAN_POINT('',(2.60367092249,0.));
#7963 = VECTOR('',#7964,1.);
#7964 = DIRECTION('',(0.,1.));
#7965 = ( GEOMETRIC_REPRESENTATION_CONTEXT(2) 
PARAMETRIC_REPRESENTATION_CONTEXT() REPRESENTATION_CONTEXT('2D SPACE',''
  ) );
#7966 = ORIENTED_EDGE('',*,*,#1629,.F.);
#7967 = ORIENTED_EDGE('',*,*,#7919,.T.);
#7968 = ADVANCED_FACE('',(#7969),#1675,.T.);
#7969 = FACE_BOUND('',#7970,.T.);
#7970 = EDGE_LOOP('',(#7971,#7972,#7993,#7994));
#7971 = ORIENTED_EDGE('',*,*,#6090,.T.);
#7972 = ORIENTED_EDGE('',*,*,#7973,.F.);
#7973 = EDGE_CURVE('',#1659,#6067,#7974,.T.);
#7974 = SURFACE_CURVE('',#7975,(#7979,#7986),.PCURVE_S1.);
#7975 = LINE('',#7976,#7977);
#7976 = CARTESIAN_POINT('',(3.9139451981,7.,5.65092107415));
#7977 = VECTOR('',#7978,1.);
#7978 = DIRECTION('',(-0.,-1.,-0.));
#7979 = PCURVE('',#1675,#7980);
#7980 = DEFINITIONAL_REPRESENTATION('',(#7981),#7985);
#7981 = LINE('',#7982,#7983);
#7982 = CARTESIAN_POINT('',(2.535836393328,0.));
#7983 = VECTOR('',#7984,1.);
#7984 = DIRECTION('',(0.,1.));
#7985 = ( GEOMETRIC_REPRESENTATION_CONTEXT(2) 
PARAMETRIC_REPRESENTATION_CONTEXT() REPRESENTATION_CONTEXT('2D SPACE',''
  ) );
#7986 = PCURVE('',#1704,#7987);
#7987 = DEFINITIONAL_REPRESENTATION('',(#7988),#7992);
#7988 = LINE('',#7989,#7990);
#7989 = CARTESIAN_POINT('',(3.946363641043,0.));
#7990 = VECTOR('',#7991,1.);
#7991 = DIRECTION('',(0.,1.));
#7992 = ( GEOMETRIC_REPRESENTATION_CONTEXT(2) 
PARAMETRIC_REPRESENTATION_CONTEXT() REPRESENTATION_CONTEXT('2D SPACE',''
  ) );
#7993 = ORIENTED_EDGE('',*,*,#1658,.F.);
#7994 = ORIENTED_EDGE('',*,*,#7946,.T.);
#7995 = ADVANCED_FACE('',(#7996),#1704,.T.);
#7996 = FACE_BOUND('',#7997,.T.);
#7997 = EDGE_LOOP('',(#7998,#7999,#8020,#8021));
#7998 = ORIENTED_EDGE('',*,*,#6066,.T.);
#7999 = ORIENTED_EDGE('',*,*,#8000,.F.);
#8000 = EDGE_CURVE('',#1688,#6043,#8001,.T.);
#8001 = SURFACE_CURVE('',#8002,(#8006,#8013),.PCURVE_S1.);
#8002 = LINE('',#8003,#8004);
#8003 = CARTESIAN_POINT('',(4.893974212689,7.,6.328429221026));
#8004 = VECTOR('',#8005,1.);
#8005 = DIRECTION('',(-0.,-1.,-0.));
#8006 = PCURVE('',#1704,#8007);
#8007 = DEFINITIONAL_REPRESENTATION('',(#8008),#8012);
#8008 = LINE('',#8009,#8010);
#8009 = CARTESIAN_POINT('',(3.546567405573,0.));
#8010 = VECTOR('',#8011,1.);
#8011 = DIRECTION('',(0.,1.));
#8012 = ( GEOMETRIC_REPRESENTATION_CONTEXT(2) 
PARAMETRIC_REPRESENTATION_CONTEXT() REPRESENTATION_CONTEXT('2D SPACE',''
  ) );
#8013 = PCURVE('',#1733,#8014);
#8014 = DEFINITIONAL_REPRESENTATION('',(#8015),#8019);
#8015 = LINE('',#8016,#8017);
#8016 = CARTESIAN_POINT('',(2.483325778552,0.));
#8017 = VECTOR('',#8018,1.);
#8018 = DIRECTION('',(0.,1.));
#8019 = ( GEOMETRIC_REPRESENTATION_CONTEXT(2) 
PARAMETRIC_REPRESENTATION_CONTEXT() REPRESENTATION_CONTEXT('2D SPACE',''
  ) );
#8020 = ORIENTED_EDGE('',*,*,#1687,.F.);
#8021 = ORIENTED_EDGE('',*,*,#7973,.T.);
#8022 = ADVANCED_FACE('',(#8023),#1733,.T.);
#8023 = FACE_BOUND('',#8024,.T.);
#8024 = EDGE_LOOP('',(#8025,#8026,#8047,#8048));
#8025 = ORIENTED_EDGE('',*,*,#6042,.T.);
#8026 = ORIENTED_EDGE('',*,*,#8027,.F.);
#8027 = EDGE_CURVE('',#1717,#6019,#8028,.T.);
#8028 = SURFACE_CURVE('',#8029,(#8033,#8040),.PCURVE_S1.);
#8029 = LINE('',#8030,#8031);
#8030 = CARTESIAN_POINT('',(5.122165644535,7.,6.145194798373));
#8031 = VECTOR('',#8032,1.);
#8032 = DIRECTION('',(-0.,-1.,-0.));
#8033 = PCURVE('',#1733,#8034);
#8034 = DEFINITIONAL_REPRESENTATION('',(#8035),#8039);
#8035 = LINE('',#8036,#8037);
#8036 = CARTESIAN_POINT('',(2.446742027026,0.));
#8037 = VECTOR('',#8038,1.);
#8038 = DIRECTION('',(0.,1.));
#8039 = ( GEOMETRIC_REPRESENTATION_CONTEXT(2) 
PARAMETRIC_REPRESENTATION_CONTEXT() REPRESENTATION_CONTEXT('2D SPACE',''
  ) );
#8040 = PCURVE('',#1762,#8041);
#8041 = DEFINITIONAL_REPRESENTATION('',(#8042),#8046);
#8042 = LINE('',#8043,#8044);
#8043 = CARTESIAN_POINT('',(1.383500400005,0.));
#8044 = VECTOR('',#8045,1.);
#8045 = DIRECTION('',(0.,1.));
#8046 = ( GEOMETRIC_REPRESENTATION_CONTEXT(2) 
PARAMETRIC_REPRESENTATION_CONTEXT() REPRESENTATION_CONTEXT('2D SPACE',''
  ) );
#8047 = ORIENTED_EDGE('',*,*,#1716,.F.);
#8048 = ORIENTED_EDGE('',*,*,#8000,.T.);
#8049 = ADVANCED_FACE('',(#8050),#1762,.T.);
#8050 = FACE_BOUND('',#8051,.T.);
#8051 = EDGE_LOOP('',(#8052,#8053,#8074,#8075));
#8052 = ORIENTED_EDGE('',*,*,#6018,.T.);
#8053 = ORIENTED_EDGE('',*,*,#8054,.F.);
#8054 = EDGE_CURVE('',#1746,#5995,#8055,.T.);
#8055 = SURFACE_CURVE('',#8056,(#8060,#8067),.PCURVE_S1.);
#8056 = LINE('',#8057,#8058);
#8057 = CARTESIAN_POINT('',(4.672296561002,7.,5.041975887095));
#8058 = VECTOR('',#8059,1.);
#8059 = DIRECTION('',(-0.,-1.,-0.));
#8060 = PCURVE('',#1762,#8061);
#8061 = DEFINITIONAL_REPRESENTATION('',(#8062),#8066);
#8062 = LINE('',#8063,#8064);
#8063 = CARTESIAN_POINT('',(0.983704164536,0.));
#8064 = VECTOR('',#8065,1.);
#8065 = DIRECTION('',(0.,1.));
#8066 = ( GEOMETRIC_REPRESENTATION_CONTEXT(2) 
PARAMETRIC_REPRESENTATION_CONTEXT() REPRESENTATION_CONTEXT('2D SPACE',''
  ) );
#8067 = PCURVE('',#1791,#8068);
#8068 = DEFINITIONAL_REPRESENTATION('',(#8069),#8073);
#8069 = LINE('',#8070,#8071);
#8070 = CARTESIAN_POINT('',(2.394231412251,0.));
#8071 = VECTOR('',#8072,1.);
#8072 = DIRECTION('',(0.,1.));
#8073 = ( GEOMETRIC_REPRESENTATION_CONTEXT(2) 
PARAMETRIC_REPRESENTATION_CONTEXT() REPRESENTATION_CONTEXT('2D SPACE',''
  ) );
#8074 = ORIENTED_EDGE('',*,*,#1745,.F.);
#8075 = ORIENTED_EDGE('',*,*,#8027,.T.);
#8076 = ADVANCED_FACE('',(#8077),#1791,.T.);
#8077 = FACE_BOUND('',#8078,.T.);
#8078 = EDGE_LOOP('',(#8079,#8080,#8101,#8102));
#8079 = ORIENTED_EDGE('',*,*,#5994,.T.);
#8080 = ORIENTED_EDGE('',*,*,#8081,.F.);
#8081 = EDGE_CURVE('',#1775,#5971,#8082,.T.);
#8082 = SURFACE_CURVE('',#8083,(#8087,#8094),.PCURVE_S1.);
#8083 = LINE('',#8084,#8085);
#8084 = CARTESIAN_POINT('',(5.00330866013,7.,4.71367992671));
#8085 = VECTOR('',#8086,1.);
#8086 = DIRECTION('',(-0.,-1.,-0.));
#8087 = PCURVE('',#1791,#8088);
#8088 = DEFINITIONAL_REPRESENTATION('',(#8089),#8093);
#8089 = LINE('',#8090,#8091);
#8090 = CARTESIAN_POINT('',(2.326396883088,0.));
#8091 = VECTOR('',#8092,1.);
#8092 = DIRECTION('',(0.,1.));
#8093 = ( GEOMETRIC_REPRESENTATION_CONTEXT(2) 
PARAMETRIC_REPRESENTATION_CONTEXT() REPRESENTATION_CONTEXT('2D SPACE',''
  ) );
#8094 = PCURVE('',#1820,#8095);
#8095 = DEFINITIONAL_REPRESENTATION('',(#8096),#8100);
#8096 = LINE('',#8097,#8098);
#8097 = CARTESIAN_POINT('',(3.736924130803,0.));
#8098 = VECTOR('',#8099,1.);
#8099 = DIRECTION('',(0.,1.));
#8100 = ( GEOMETRIC_REPRESENTATION_CONTEXT(2) 
PARAMETRIC_REPRESENTATION_CONTEXT() REPRESENTATION_CONTEXT('2D SPACE',''
  ) );
#8101 = ORIENTED_EDGE('',*,*,#1774,.F.);
#8102 = ORIENTED_EDGE('',*,*,#8054,.T.);
#8103 = ADVANCED_FACE('',(#8104),#1820,.T.);
#8104 = FACE_BOUND('',#8105,.T.);
#8105 = EDGE_LOOP('',(#8106,#8107,#8128,#8129));
#8106 = ORIENTED_EDGE('',*,*,#5970,.T.);
#8107 = ORIENTED_EDGE('',*,*,#8108,.F.);
#8108 = EDGE_CURVE('',#1804,#5947,#8109,.T.);
#8109 = SURFACE_CURVE('',#8110,(#8114,#8121),.PCURVE_S1.);
#8110 = LINE('',#8111,#8112);
#8111 = CARTESIAN_POINT('',(6.102783553759,7.,5.172623405582));
#8112 = VECTOR('',#8113,1.);
#8113 = DIRECTION('',(-0.,-1.,-0.));
#8114 = PCURVE('',#1820,#8115);
#8115 = DEFINITIONAL_REPRESENTATION('',(#8116),#8120);
#8116 = LINE('',#8117,#8118);
#8117 = CARTESIAN_POINT('',(3.337127895333,0.));
#8118 = VECTOR('',#8119,1.);
#8119 = DIRECTION('',(0.,1.));
#8120 = ( GEOMETRIC_REPRESENTATION_CONTEXT(2) 
PARAMETRIC_REPRESENTATION_CONTEXT() REPRESENTATION_CONTEXT('2D SPACE',''
  ) );
#8121 = PCURVE('',#1849,#8122);
#8122 = DEFINITIONAL_REPRESENTATION('',(#8123),#8127);
#8123 = LINE('',#8124,#8125);
#8124 = CARTESIAN_POINT('',(2.273886268313,0.));
#8125 = VECTOR('',#8126,1.);
#8126 = DIRECTION('',(0.,1.));
#8127 = ( GEOMETRIC_REPRESENTATION_CONTEXT(2) 
PARAMETRIC_REPRESENTATION_CONTEXT() REPRESENTATION_CONTEXT('2D SPACE',''
  ) );
#8128 = ORIENTED_EDGE('',*,*,#1803,.F.);
#8129 = ORIENTED_EDGE('',*,*,#8081,.T.);
#8130 = ADVANCED_FACE('',(#8131),#1849,.T.);
#8131 = FACE_BOUND('',#8132,.T.);
#8132 = EDGE_LOOP('',(#8133,#8134,#8155,#8156));
#8133 = ORIENTED_EDGE('',*,*,#5946,.T.);
#8134 = ORIENTED_EDGE('',*,*,#8135,.F.);
#8135 = EDGE_CURVE('',#1833,#5923,#8136,.T.);
#8136 = SURFACE_CURVE('',#8137,(#8141,#8148),.PCURVE_S1.);
#8137 = LINE('',#8138,#8139);
#8138 = CARTESIAN_POINT('',(6.287891876697,7.,4.945949428266));
#8139 = VECTOR('',#8140,1.);
#8140 = DIRECTION('',(-0.,-1.,-0.));
#8141 = PCURVE('',#1849,#8142);
#8142 = DEFINITIONAL_REPRESENTATION('',(#8143),#8147);
#8143 = LINE('',#8144,#8145);
#8144 = CARTESIAN_POINT('',(2.237302516786,0.));
#8145 = VECTOR('',#8146,1.);
#8146 = DIRECTION('',(0.,1.));
#8147 = ( GEOMETRIC_REPRESENTATION_CONTEXT(2) 
PARAMETRIC_REPRESENTATION_CONTEXT() REPRESENTATION_CONTEXT('2D SPACE',''
  ) );
#8148 = PCURVE('',#1878,#8149);
#8149 = DEFINITIONAL_REPRESENTATION('',(#8150),#8154);
#8150 = LINE('',#8151,#8152);
#8151 = CARTESIAN_POINT('',(1.174060889766,0.));
#8152 = VECTOR('',#8153,1.);
#8153 = DIRECTION('',(0.,1.));
#8154 = ( GEOMETRIC_REPRESENTATION_CONTEXT(2) 
PARAMETRIC_REPRESENTATION_CONTEXT() REPRESENTATION_CONTEXT('2D SPACE',''
  ) );
#8155 = ORIENTED_EDGE('',*,*,#1832,.F.);
#8156 = ORIENTED_EDGE('',*,*,#8108,.T.);
#8157 = ADVANCED_FACE('',(#8158),#1878,.T.);
#8158 = FACE_BOUND('',#8159,.T.);
#8159 = EDGE_LOOP('',(#8160,#8161,#8182,#8183));
#8160 = ORIENTED_EDGE('',*,*,#5922,.T.);
#8161 = ORIENTED_EDGE('',*,*,#8162,.F.);
#8162 = EDGE_CURVE('',#1862,#5899,#8163,.T.);
#8163 = SURFACE_CURVE('',#8164,(#8168,#8175),.PCURVE_S1.);
#8164 = LINE('',#8165,#8166);
#8165 = CARTESIAN_POINT('',(5.61848140281,7.,3.960371538919));
#8166 = VECTOR('',#8167,1.);
#8167 = DIRECTION('',(-0.,-1.,-0.));
#8168 = PCURVE('',#1878,#8169);
#8169 = DEFINITIONAL_REPRESENTATION('',(#8170),#8174);
#8170 = LINE('',#8171,#8172);
#8171 = CARTESIAN_POINT('',(0.774264654296,0.));
#8172 = VECTOR('',#8173,1.);
#8173 = DIRECTION('',(0.,1.));
#8174 = ( GEOMETRIC_REPRESENTATION_CONTEXT(2) 
PARAMETRIC_REPRESENTATION_CONTEXT() REPRESENTATION_CONTEXT('2D SPACE',''
  ) );
#8175 = PCURVE('',#1907,#8176);
#8176 = DEFINITIONAL_REPRESENTATION('',(#8177),#8181);
#8177 = LINE('',#8178,#8179);
#8178 = CARTESIAN_POINT('',(2.184791902011,0.));
#8179 = VECTOR('',#8180,1.);
#8180 = DIRECTION('',(0.,1.));
#8181 = ( GEOMETRIC_REPRESENTATION_CONTEXT(2) 
PARAMETRIC_REPRESENTATION_CONTEXT() REPRESENTATION_CONTEXT('2D SPACE',''
  ) );
#8182 = ORIENTED_EDGE('',*,*,#1861,.F.);
#8183 = ORIENTED_EDGE('',*,*,#8135,.T.);
#8184 = ADVANCED_FACE('',(#8185),#1907,.T.);
#8185 = FACE_BOUND('',#8186,.T.);
#8186 = EDGE_LOOP('',(#8187,#8188,#8209,#8210));
#8187 = ORIENTED_EDGE('',*,*,#5898,.T.);
#8188 = ORIENTED_EDGE('',*,*,#8189,.F.);
#8189 = EDGE_CURVE('',#1891,#5875,#8190,.T.);
#8190 = SURFACE_CURVE('',#8191,(#8195,#8202),.PCURVE_S1.);
#8191 = LINE('',#8192,#8193);
#8192 = CARTESIAN_POINT('',(5.874003525172,7.,3.570428347728));
#8193 = VECTOR('',#8194,1.);
#8194 = DIRECTION('',(-0.,-1.,-0.));
#8195 = PCURVE('',#1907,#8196);
#8196 = DEFINITIONAL_REPRESENTATION('',(#8197),#8201);
#8197 = LINE('',#8198,#8199);
#8198 = CARTESIAN_POINT('',(2.116957372849,0.));
#8199 = VECTOR('',#8200,1.);
#8200 = DIRECTION('',(0.,1.));
#8201 = ( GEOMETRIC_REPRESENTATION_CONTEXT(2) 
PARAMETRIC_REPRESENTATION_CONTEXT() REPRESENTATION_CONTEXT('2D SPACE',''
  ) );
#8202 = PCURVE('',#1936,#8203);
#8203 = DEFINITIONAL_REPRESENTATION('',(#8204),#8208);
#8204 = LINE('',#8205,#8206);
#8205 = CARTESIAN_POINT('',(3.527484620564,0.));
#8206 = VECTOR('',#8207,1.);
#8207 = DIRECTION('',(0.,1.));
#8208 = ( GEOMETRIC_REPRESENTATION_CONTEXT(2) 
PARAMETRIC_REPRESENTATION_CONTEXT() REPRESENTATION_CONTEXT('2D SPACE',''
  ) );
#8209 = ORIENTED_EDGE('',*,*,#1890,.F.);
#8210 = ORIENTED_EDGE('',*,*,#8162,.T.);
#8211 = ADVANCED_FACE('',(#8212),#1936,.T.);
#8212 = FACE_BOUND('',#8213,.T.);
#8213 = EDGE_LOOP('',(#8214,#8215,#8236,#8237));
#8214 = ORIENTED_EDGE('',*,*,#5874,.T.);
#8215 = ORIENTED_EDGE('',*,*,#8216,.F.);
#8216 = EDGE_CURVE('',#1920,#5851,#8217,.T.);
#8217 = SURFACE_CURVE('',#8218,(#8222,#8229),.PCURVE_S1.);
#8218 = LINE('',#8219,#8220);
#8219 = CARTESIAN_POINT('',(7.044871969125,7.,3.790749126312));
#8220 = VECTOR('',#8221,1.);
#8221 = DIRECTION('',(-0.,-1.,-0.));
#8222 = PCURVE('',#1936,#8223);
#8223 = DEFINITIONAL_REPRESENTATION('',(#8224),#8228);
#8224 = LINE('',#8225,#8226);
#8225 = CARTESIAN_POINT('',(3.127688385094,0.));
#8226 = VECTOR('',#8227,1.);
#8227 = DIRECTION('',(0.,1.));
#8228 = ( GEOMETRIC_REPRESENTATION_CONTEXT(2) 
PARAMETRIC_REPRESENTATION_CONTEXT() REPRESENTATION_CONTEXT('2D SPACE',''
  ) );
#8229 = PCURVE('',#1965,#8230);
#8230 = DEFINITIONAL_REPRESENTATION('',(#8231),#8235);
#8231 = LINE('',#8232,#8233);
#8232 = CARTESIAN_POINT('',(2.064446758074,0.));
#8233 = VECTOR('',#8234,1.);
#8234 = DIRECTION('',(0.,1.));
#8235 = ( GEOMETRIC_REPRESENTATION_CONTEXT(2) 
PARAMETRIC_REPRESENTATION_CONTEXT() REPRESENTATION_CONTEXT('2D SPACE',''
  ) );
#8236 = ORIENTED_EDGE('',*,*,#1919,.F.);
#8237 = ORIENTED_EDGE('',*,*,#8189,.T.);
#8238 = ADVANCED_FACE('',(#8239),#1965,.T.);
#8239 = FACE_BOUND('',#8240,.T.);
#8240 = EDGE_LOOP('',(#8241,#8242,#8263,#8264));
#8241 = ORIENTED_EDGE('',*,*,#5850,.T.);
#8242 = ORIENTED_EDGE('',*,*,#8243,.F.);
#8243 = EDGE_CURVE('',#1949,#5827,#8244,.T.);
#8244 = SURFACE_CURVE('',#8245,(#8249,#8256),.PCURVE_S1.);
#8245 = LINE('',#8246,#8247);
#8246 = CARTESIAN_POINT('',(7.178807061195,7.,3.530542334846));
#8247 = VECTOR('',#8248,1.);
#8248 = DIRECTION('',(-0.,-1.,-0.));
#8249 = PCURVE('',#1965,#8250);
#8250 = DEFINITIONAL_REPRESENTATION('',(#8251),#8255);
#8251 = LINE('',#8252,#8253);
#8252 = CARTESIAN_POINT('',(2.027863006547,0.));
#8253 = VECTOR('',#8254,1.);
#8254 = DIRECTION('',(0.,1.));
#8255 = ( GEOMETRIC_REPRESENTATION_CONTEXT(2) 
PARAMETRIC_REPRESENTATION_CONTEXT() REPRESENTATION_CONTEXT('2D SPACE',''
  ) );
#8256 = PCURVE('',#1994,#8257);
#8257 = DEFINITIONAL_REPRESENTATION('',(#8258),#8262);
#8258 = LINE('',#8259,#8260);
#8259 = CARTESIAN_POINT('',(0.964621379527,0.));
#8260 = VECTOR('',#8261,1.);
#8261 = DIRECTION('',(0.,1.));
#8262 = ( GEOMETRIC_REPRESENTATION_CONTEXT(2) 
PARAMETRIC_REPRESENTATION_CONTEXT() REPRESENTATION_CONTEXT('2D SPACE',''
  ) );
#8263 = ORIENTED_EDGE('',*,*,#1948,.F.);
#8264 = ORIENTED_EDGE('',*,*,#8216,.T.);
#8265 = ADVANCED_FACE('',(#8266),#1994,.T.);
#8266 = FACE_BOUND('',#8267,.T.);
#8267 = EDGE_LOOP('',(#8268,#8269,#8290,#8291));
#8268 = ORIENTED_EDGE('',*,*,#5826,.T.);
#8269 = ORIENTED_EDGE('',*,*,#8270,.F.);
#8270 = EDGE_CURVE('',#1978,#5803,#8271,.T.);
#8271 = SURFACE_CURVE('',#8272,(#8276,#8283),.PCURVE_S1.);
#8272 = LINE('',#8273,#8274);
#8273 = CARTESIAN_POINT('',(6.319111646849,7.,2.705679950522));
#8274 = VECTOR('',#8275,1.);
#8275 = DIRECTION('',(-0.,-1.,-0.));
#8276 = PCURVE('',#1994,#8277);
#8277 = DEFINITIONAL_REPRESENTATION('',(#8278),#8282);
#8278 = LINE('',#8279,#8280);
#8279 = CARTESIAN_POINT('',(0.564825144057,0.));
#8280 = VECTOR('',#8281,1.);
#8281 = DIRECTION('',(0.,1.));
#8282 = ( GEOMETRIC_REPRESENTATION_CONTEXT(2) 
PARAMETRIC_REPRESENTATION_CONTEXT() REPRESENTATION_CONTEXT('2D SPACE',''
  ) );
#8283 = PCURVE('',#2023,#8284);
#8284 = DEFINITIONAL_REPRESENTATION('',(#8285),#8289);
#8285 = LINE('',#8286,#8287);
#8286 = CARTESIAN_POINT('',(1.975352391772,0.));
#8287 = VECTOR('',#8288,1.);
#8288 = DIRECTION('',(0.,1.));
#8289 = ( GEOMETRIC_REPRESENTATION_CONTEXT(2) 
PARAMETRIC_REPRESENTATION_CONTEXT() REPRESENTATION_CONTEXT('2D SPACE',''
  ) );
#8290 = ORIENTED_EDGE('',*,*,#1977,.F.);
#8291 = ORIENTED_EDGE('',*,*,#8243,.T.);
#8292 = ADVANCED_FACE('',(#8293),#2023,.T.);
#8293 = FACE_BOUND('',#8294,.T.);
#8294 = EDGE_LOOP('',(#8295,#8296,#8317,#8318));
#8295 = ORIENTED_EDGE('',*,*,#5802,.T.);
#8296 = ORIENTED_EDGE('',*,*,#8297,.F.);
#8297 = EDGE_CURVE('',#2007,#5779,#8298,.T.);
#8298 = SURFACE_CURVE('',#8299,(#8303,#8310),.PCURVE_S1.);
#8299 = LINE('',#8300,#8301);
#8300 = CARTESIAN_POINT('',(6.487976249569,7.,2.271131917134));
#8301 = VECTOR('',#8302,1.);
#8302 = DIRECTION('',(-0.,-1.,-0.));
#8303 = PCURVE('',#2023,#8304);
#8304 = DEFINITIONAL_REPRESENTATION('',(#8305),#8309);
#8305 = LINE('',#8306,#8307);
#8306 = CARTESIAN_POINT('',(1.90751786261,0.));
#8307 = VECTOR('',#8308,1.);
#8308 = DIRECTION('',(0.,1.));
#8309 = ( GEOMETRIC_REPRESENTATION_CONTEXT(2) 
PARAMETRIC_REPRESENTATION_CONTEXT() REPRESENTATION_CONTEXT('2D SPACE',''
  ) );
#8310 = PCURVE('',#2052,#8311);
#8311 = DEFINITIONAL_REPRESENTATION('',(#8312),#8316);
#8312 = LINE('',#8313,#8314);
#8313 = CARTESIAN_POINT('',(3.318045110325,0.));
#8314 = VECTOR('',#8315,1.);
#8315 = DIRECTION('',(0.,1.));
#8316 = ( GEOMETRIC_REPRESENTATION_CONTEXT(2) 
PARAMETRIC_REPRESENTATION_CONTEXT() REPRESENTATION_CONTEXT('2D SPACE',''
  ) );
#8317 = ORIENTED_EDGE('',*,*,#2006,.F.);
#8318 = ORIENTED_EDGE('',*,*,#8270,.T.);
#8319 = ADVANCED_FACE('',(#8320),#2052,.T.);
#8320 = FACE_BOUND('',#8321,.T.);
#8321 = EDGE_LOOP('',(#8322,#8323,#8344,#8345));
#8322 = ORIENTED_EDGE('',*,*,#5778,.T.);
#8323 = ORIENTED_EDGE('',*,*,#8324,.F.);
#8324 = EDGE_CURVE('',#2036,#5755,#8325,.T.);
#8325 = SURFACE_CURVE('',#8326,(#8330,#8337),.PCURVE_S1.);
#8326 = LINE('',#8327,#8328);
#8327 = CARTESIAN_POINT('',(7.679065674394,7.,2.243200920191));
#8328 = VECTOR('',#8329,1.);
#8329 = DIRECTION('',(-0.,-1.,-0.));
#8330 = PCURVE('',#2052,#8331);
#8331 = DEFINITIONAL_REPRESENTATION('',(#8332),#8336);
#8332 = LINE('',#8333,#8334);
#8333 = CARTESIAN_POINT('',(2.918248874855,0.));
#8334 = VECTOR('',#8335,1.);
#8335 = DIRECTION('',(0.,1.));
#8336 = ( GEOMETRIC_REPRESENTATION_CONTEXT(2) 
PARAMETRIC_REPRESENTATION_CONTEXT() REPRESENTATION_CONTEXT('2D SPACE',''
  ) );
#8337 = PCURVE('',#2081,#8338);
#8338 = DEFINITIONAL_REPRESENTATION('',(#8339),#8343);
#8339 = LINE('',#8340,#8341);
#8340 = CARTESIAN_POINT('',(1.855007247834,0.));
#8341 = VECTOR('',#8342,1.);
#8342 = DIRECTION('',(0.,1.));
#8343 = ( GEOMETRIC_REPRESENTATION_CONTEXT(2) 
PARAMETRIC_REPRESENTATION_CONTEXT() REPRESENTATION_CONTEXT('2D SPACE',''
  ) );
#8344 = ORIENTED_EDGE('',*,*,#2035,.F.);
#8345 = ORIENTED_EDGE('',*,*,#8297,.T.);
#8346 = ADVANCED_FACE('',(#8347),#2081,.T.);
#8347 = FACE_BOUND('',#8348,.T.);
#8348 = EDGE_LOOP('',(#8349,#8350,#8371,#8372));
#8349 = ORIENTED_EDGE('',*,*,#5754,.T.);
#8350 = ORIENTED_EDGE('',*,*,#8351,.F.);
#8351 = EDGE_CURVE('',#2065,#5731,#8352,.T.);
#8352 = SURFACE_CURVE('',#8353,(#8357,#8364),.PCURVE_S1.);
#8353 = LINE('',#8354,#8355);
#8354 = CARTESIAN_POINT('',(7.75597392938,7.,1.960833599971));
#8355 = VECTOR('',#8356,1.);
#8356 = DIRECTION('',(-0.,-1.,-0.));
#8357 = PCURVE('',#2081,#8358);
#8358 = DEFINITIONAL_REPRESENTATION('',(#8359),#8363);
#8359 = LINE('',#8360,#8361);
#8360 = CARTESIAN_POINT('',(1.818423496308,0.));
#8361 = VECTOR('',#8362,1.);
#8362 = DIRECTION('',(0.,1.));
#8363 = ( GEOMETRIC_REPRESENTATION_CONTEXT(2) 
PARAMETRIC_REPRESENTATION_CONTEXT() REPRESENTATION_CONTEXT('2D SPACE',''
  ) );
#8364 = PCURVE('',#2110,#8365);
#8365 = DEFINITIONAL_REPRESENTATION('',(#8366),#8370);
#8366 = LINE('',#8367,#8368);
#8367 = CARTESIAN_POINT('',(0.755181869287,0.));
#8368 = VECTOR('',#8369,1.);
#8369 = DIRECTION('',(0.,1.));
#8370 = ( GEOMETRIC_REPRESENTATION_CONTEXT(2) 
PARAMETRIC_REPRESENTATION_CONTEXT() REPRESENTATION_CONTEXT('2D SPACE',''
  ) );
#8371 = ORIENTED_EDGE('',*,*,#2064,.F.);
#8372 = ORIENTED_EDGE('',*,*,#8324,.T.);
#8373 = ADVANCED_FACE('',(#8374),#2110,.T.);
#8374 = FACE_BOUND('',#8375,.T.);
#8375 = EDGE_LOOP('',(#8376,#8377,#8398,#8399));
#8376 = ORIENTED_EDGE('',*,*,#5730,.T.);
#8377 = ORIENTED_EDGE('',*,*,#8378,.F.);
#8378 = EDGE_CURVE('',#2094,#5707,#8379,.T.);
#8379 = SURFACE_CURVE('',#8380,(#8384,#8391),.PCURVE_S1.);
#8380 = LINE('',#8381,#8382);
#8381 = CARTESIAN_POINT('',(6.743566389459,7.,1.332737164994));
#8382 = VECTOR('',#8383,1.);
#8383 = DIRECTION('',(-0.,-1.,-0.));
#8384 = PCURVE('',#2110,#8385);
#8385 = DEFINITIONAL_REPRESENTATION('',(#8386),#8390);
#8386 = LINE('',#8387,#8388);
#8387 = CARTESIAN_POINT('',(0.355385633818,0.));
#8388 = VECTOR('',#8389,1.);
#8389 = DIRECTION('',(0.,1.));
#8390 = ( GEOMETRIC_REPRESENTATION_CONTEXT(2) 
PARAMETRIC_REPRESENTATION_CONTEXT() REPRESENTATION_CONTEXT('2D SPACE',''
  ) );
#8391 = PCURVE('',#2139,#8392);
#8392 = DEFINITIONAL_REPRESENTATION('',(#8393),#8397);
#8393 = LINE('',#8394,#8395);
#8394 = CARTESIAN_POINT('',(1.765912881533,0.));
#8395 = VECTOR('',#8396,1.);
#8396 = DIRECTION('',(0.,1.));
#8397 = ( GEOMETRIC_REPRESENTATION_CONTEXT(2) 
PARAMETRIC_REPRESENTATION_CONTEXT() REPRESENTATION_CONTEXT('2D SPACE',''
  ) );
#8398 = ORIENTED_EDGE('',*,*,#2093,.F.);
#8399 = ORIENTED_EDGE('',*,*,#8351,.T.);
#8400 = ADVANCED_FACE('',(#8401),#2139,.T.);
#8401 = FACE_BOUND('',#8402,.T.);
#8402 = EDGE_LOOP('',(#8403,#8404,#8425,#8426));
#8403 = ORIENTED_EDGE('',*,*,#5706,.T.);
#8404 = ORIENTED_EDGE('',*,*,#8405,.F.);
#8405 = EDGE_CURVE('',#2123,#5683,#8406,.T.);
#8406 = SURFACE_CURVE('',#8407,(#8411,#8418),.PCURVE_S1.);
#8407 = LINE('',#8408,#8409);
#8408 = CARTESIAN_POINT('',(6.818393279096,7.,0.872576123661));
#8409 = VECTOR('',#8410,1.);
#8410 = DIRECTION('',(-0.,-1.,-0.));
#8411 = PCURVE('',#2139,#8412);
#8412 = DEFINITIONAL_REPRESENTATION('',(#8413),#8417);
#8413 = LINE('',#8414,#8415);
#8414 = CARTESIAN_POINT('',(1.69807835237,0.));
#8415 = VECTOR('',#8416,1.);
#8416 = DIRECTION('',(0.,1.));
#8417 = ( GEOMETRIC_REPRESENTATION_CONTEXT(2) 
PARAMETRIC_REPRESENTATION_CONTEXT() REPRESENTATION_CONTEXT('2D SPACE',''
  ) );
#8418 = PCURVE('',#2168,#8419);
#8419 = DEFINITIONAL_REPRESENTATION('',(#8420),#8424);
#8420 = LINE('',#8421,#8422);
#8421 = CARTESIAN_POINT('',(3.108605600085,0.));
#8422 = VECTOR('',#8423,1.);
#8423 = DIRECTION('',(0.,1.));
#8424 = ( GEOMETRIC_REPRESENTATION_CONTEXT(2) 
PARAMETRIC_REPRESENTATION_CONTEXT() REPRESENTATION_CONTEXT('2D SPACE',''
  ) );
#8425 = ORIENTED_EDGE('',*,*,#2122,.F.);
#8426 = ORIENTED_EDGE('',*,*,#8378,.T.);
#8427 = ADVANCED_FACE('',(#8428),#2168,.T.);
#8428 = FACE_BOUND('',#8429,.T.);
#8429 = EDGE_LOOP('',(#8430,#8431,#8452,#8453));
#8430 = ORIENTED_EDGE('',*,*,#5682,.T.);
#8431 = ORIENTED_EDGE('',*,*,#8432,.F.);
#8432 = EDGE_CURVE('',#2152,#5659,#8433,.T.);
#8433 = SURFACE_CURVE('',#8434,(#8438,#8445),.PCURVE_S1.);
#8434 = LINE('',#8435,#8436);
#8435 = CARTESIAN_POINT('',(7.977647361447,7.,0.597614069785));
#8436 = VECTOR('',#8437,1.);
#8437 = DIRECTION('',(-0.,-1.,-0.));
#8438 = PCURVE('',#2168,#8439);
#8439 = DEFINITIONAL_REPRESENTATION('',(#8440),#8444);
#8440 = LINE('',#8441,#8442);
#8441 = CARTESIAN_POINT('',(2.708809364615,0.));
#8442 = VECTOR('',#8443,1.);
#8443 = DIRECTION('',(0.,1.));
#8444 = ( GEOMETRIC_REPRESENTATION_CONTEXT(2) 
PARAMETRIC_REPRESENTATION_CONTEXT() REPRESENTATION_CONTEXT('2D SPACE',''
  ) );
#8445 = PCURVE('',#2197,#8446);
#8446 = DEFINITIONAL_REPRESENTATION('',(#8447),#8451);
#8447 = LINE('',#8448,#8449);
#8448 = CARTESIAN_POINT('',(1.645567737595,0.));
#8449 = VECTOR('',#8450,1.);
#8450 = DIRECTION('',(0.,1.));
#8451 = ( GEOMETRIC_REPRESENTATION_CONTEXT(2) 
PARAMETRIC_REPRESENTATION_CONTEXT() REPRESENTATION_CONTEXT('2D SPACE',''
  ) );
#8452 = ORIENTED_EDGE('',*,*,#2151,.F.);
#8453 = ORIENTED_EDGE('',*,*,#8405,.T.);
#8454 = ADVANCED_FACE('',(#8455),#2197,.T.);
#8455 = FACE_BOUND('',#8456,.T.);
#8456 = EDGE_LOOP('',(#8457,#8458,#8479,#8480));
#8457 = ORIENTED_EDGE('',*,*,#5658,.T.);
#8458 = ORIENTED_EDGE('',*,*,#8459,.F.);
#8459 = EDGE_CURVE('',#2181,#5635,#8460,.T.);
#8460 = SURFACE_CURVE('',#8461,(#8465,#8472),.PCURVE_S1.);
#8461 = LINE('',#8462,#8463);
#8462 = CARTESIAN_POINT('',(7.994167519559,7.,0.305427027654));
#8463 = VECTOR('',#8464,1.);
#8464 = DIRECTION('',(-0.,-1.,-0.));
#8465 = PCURVE('',#2197,#8466);
#8466 = DEFINITIONAL_REPRESENTATION('',(#8467),#8471);
#8467 = LINE('',#8468,#8469);
#8468 = CARTESIAN_POINT('',(1.608983986068,0.));
#8469 = VECTOR('',#8470,1.);
#8470 = DIRECTION('',(0.,1.));
#8471 = ( GEOMETRIC_REPRESENTATION_CONTEXT(2) 
PARAMETRIC_REPRESENTATION_CONTEXT() REPRESENTATION_CONTEXT('2D SPACE',''
  ) );
#8472 = PCURVE('',#2226,#8473);
#8473 = DEFINITIONAL_REPRESENTATION('',(#8474),#8478);
#8474 = LINE('',#8475,#8476);
#8475 = CARTESIAN_POINT('',(0.545742359048,0.));
#8476 = VECTOR('',#8477,1.);
#8477 = DIRECTION('',(0.,1.));
#8478 = ( GEOMETRIC_REPRESENTATION_CONTEXT(2) 
PARAMETRIC_REPRESENTATION_CONTEXT() REPRESENTATION_CONTEXT('2D SPACE',''
  ) );
#8479 = ORIENTED_EDGE('',*,*,#2180,.F.);
#8480 = ORIENTED_EDGE('',*,*,#8432,.T.);
#8481 = ADVANCED_FACE('',(#8482),#2226,.T.);
#8482 = FACE_BOUND('',#8483,.T.);
#8483 = EDGE_LOOP('',(#8484,#8485,#8506,#8507));
#8484 = ORIENTED_EDGE('',*,*,#5634,.T.);
#8485 = ORIENTED_EDGE('',*,*,#8486,.F.);
#8486 = EDGE_CURVE('',#2210,#5611,#8487,.T.);
#8487 = SURFACE_CURVE('',#8488,(#8492,#8499),.PCURVE_S1.);
#8488 = LINE('',#8489,#8490);
#8489 = CARTESIAN_POINT('',(6.873294921628,7.,-9.845262982636E-02));
#8490 = VECTOR('',#8491,1.);
#8491 = DIRECTION('',(-0.,-1.,-0.));
#8492 = PCURVE('',#2226,#8493);
#8493 = DEFINITIONAL_REPRESENTATION('',(#8494),#8498);
#8494 = LINE('',#8495,#8496);
#8495 = CARTESIAN_POINT('',(0.145946123578,0.));
#8496 = VECTOR('',#8497,1.);
#8497 = DIRECTION('',(0.,1.));
#8498 = ( GEOMETRIC_REPRESENTATION_CONTEXT(2) 
PARAMETRIC_REPRESENTATION_CONTEXT() REPRESENTATION_CONTEXT('2D SPACE',''
  ) );
#8499 = PCURVE('',#2255,#8500);
#8500 = DEFINITIONAL_REPRESENTATION('',(#8501),#8505);
#8501 = LINE('',#8502,#8503);
#8502 = CARTESIAN_POINT('',(1.556473371293,0.));
#8503 = VECTOR('',#8504,1.);
#8504 = DIRECTION('',(0.,1.));
#8505 = ( GEOMETRIC_REPRESENTATION_CONTEXT(2) 
PARAMETRIC_REPRESENTATION_CONTEXT() REPRESENTATION_CONTEXT('2D SPACE',''
  ) );
#8506 = ORIENTED_EDGE('',*,*,#2209,.F.);
#8507 = ORIENTED_EDGE('',*,*,#8459,.T.);
#8508 = ADVANCED_FACE('',(#8509),#2255,.T.);
#8509 = FACE_BOUND('',#8510,.T.);
#8510 = EDGE_LOOP('',(#8511,#8512,#8533,#8534));
#8511 = ORIENTED_EDGE('',*,*,#5610,.T.);
#8512 = ORIENTED_EDGE('',*,*,#8513,.F.);
#8513 = EDGE_CURVE('',#2239,#5587,#8514,.T.);
#8514 = SURFACE_CURVE('',#8515,(#8519,#8526),.PCURVE_S1.);
#8515 = LINE('',#8516,#8517);
#8516 = CARTESIAN_POINT('',(6.850813804045,7.,-0.5641154335));
#8517 = VECTOR('',#8518,1.);
#8518 = DIRECTION('',(-0.,-1.,-0.));
#8519 = PCURVE('',#2255,#8520);
#8520 = DEFINITIONAL_REPRESENTATION('',(#8521),#8525);
#8521 = LINE('',#8522,#8523);
#8522 = CARTESIAN_POINT('',(1.488638842131,0.));
#8523 = VECTOR('',#8524,1.);
#8524 = DIRECTION('',(0.,1.));
#8525 = ( GEOMETRIC_REPRESENTATION_CONTEXT(2) 
PARAMETRIC_REPRESENTATION_CONTEXT() REPRESENTATION_CONTEXT('2D SPACE',''
  ) );
#8526 = PCURVE('',#2284,#8527);
#8527 = DEFINITIONAL_REPRESENTATION('',(#8528),#8532);
#8528 = LINE('',#8529,#8530);
#8529 = CARTESIAN_POINT('',(2.899166089846,0.));
#8530 = VECTOR('',#8531,1.);
#8531 = DIRECTION('',(0.,1.));
#8532 = ( GEOMETRIC_REPRESENTATION_CONTEXT(2) 
PARAMETRIC_REPRESENTATION_CONTEXT() REPRESENTATION_CONTEXT('2D SPACE',''
  ) );
#8533 = ORIENTED_EDGE('',*,*,#2238,.F.);
#8534 = ORIENTED_EDGE('',*,*,#8486,.T.);
#8535 = ADVANCED_FACE('',(#8536),#2284,.T.);
#8536 = FACE_BOUND('',#8537,.T.);
#8537 = EDGE_LOOP('',(#8538,#8539,#8560,#8561));
#8538 = ORIENTED_EDGE('',*,*,#5586,.T.);
#8539 = ORIENTED_EDGE('',*,*,#8540,.F.);
#8540 = EDGE_CURVE('',#2268,#5563,#8541,.T.);
#8541 = SURFACE_CURVE('',#8542,(#8546,#8553),.PCURVE_S1.);
#8542 = LINE('',#8543,#8544);
#8543 = CARTESIAN_POINT('',(7.927567577805,7.,-1.074091383141));
#8544 = VECTOR('',#8545,1.);
#8545 = DIRECTION('',(-0.,-1.,-0.));
#8546 = PCURVE('',#2284,#8547);
#8547 = DEFINITIONAL_REPRESENTATION('',(#8548),#8552);
#8548 = LINE('',#8549,#8550);
#8549 = CARTESIAN_POINT('',(2.499369854376,0.));
#8550 = VECTOR('',#8551,1.);
#8551 = DIRECTION('',(0.,1.));
#8552 = ( GEOMETRIC_REPRESENTATION_CONTEXT(2) 
PARAMETRIC_REPRESENTATION_CONTEXT() REPRESENTATION_CONTEXT('2D SPACE',''
  ) );
#8553 = PCURVE('',#2313,#8554);
#8554 = DEFINITIONAL_REPRESENTATION('',(#8555),#8559);
#8555 = LINE('',#8556,#8557);
#8556 = CARTESIAN_POINT('',(1.436128227356,0.));
#8557 = VECTOR('',#8558,1.);
#8558 = DIRECTION('',(0.,1.));
#8559 = ( GEOMETRIC_REPRESENTATION_CONTEXT(2) 
PARAMETRIC_REPRESENTATION_CONTEXT() REPRESENTATION_CONTEXT('2D SPACE',''
  ) );
#8560 = ORIENTED_EDGE('',*,*,#2267,.F.);
#8561 = ORIENTED_EDGE('',*,*,#8513,.T.);
#8562 = ADVANCED_FACE('',(#8563),#2313,.T.);
#8563 = FACE_BOUND('',#8564,.T.);
#8564 = EDGE_LOOP('',(#8565,#8566,#8587,#8588));
#8565 = ORIENTED_EDGE('',*,*,#5562,.T.);
#8566 = ORIENTED_EDGE('',*,*,#8567,.F.);
#8567 = EDGE_CURVE('',#2297,#5539,#8568,.T.);
#8568 = SURFACE_CURVE('',#8569,(#8573,#8580),.PCURVE_S1.);
#8569 = LINE('',#8570,#8571);
#8570 = CARTESIAN_POINT('',(7.882977628862,7.,-1.363328171373));
#8571 = VECTOR('',#8572,1.);
#8572 = DIRECTION('',(-0.,-1.,-0.));
#8573 = PCURVE('',#2313,#8574);
#8574 = DEFINITIONAL_REPRESENTATION('',(#8575),#8579);
#8575 = LINE('',#8576,#8577);
#8576 = CARTESIAN_POINT('',(1.399544475829,0.));
#8577 = VECTOR('',#8578,1.);
#8578 = DIRECTION('',(0.,1.));
#8579 = ( GEOMETRIC_REPRESENTATION_CONTEXT(2) 
PARAMETRIC_REPRESENTATION_CONTEXT() REPRESENTATION_CONTEXT('2D SPACE',''
  ) );
#8580 = PCURVE('',#547,#8581);
#8581 = DEFINITIONAL_REPRESENTATION('',(#8582),#8586);
#8582 = LINE('',#8583,#8584);
#8583 = CARTESIAN_POINT('',(0.336302848809,0.));
#8584 = VECTOR('',#8585,1.);
#8585 = DIRECTION('',(0.,1.));
#8586 = ( GEOMETRIC_REPRESENTATION_CONTEXT(2) 
PARAMETRIC_REPRESENTATION_CONTEXT() REPRESENTATION_CONTEXT('2D SPACE',''
  ) );
#8587 = ORIENTED_EDGE('',*,*,#2296,.F.);
#8588 = ORIENTED_EDGE('',*,*,#8540,.T.);
#8589 = ADVANCED_FACE('',(#8590),#547,.T.);
#8590 = FACE_BOUND('',#8591,.T.);
#8591 = EDGE_LOOP('',(#8592,#8593,#8594,#8595));
#8592 = ORIENTED_EDGE('',*,*,#531,.F.);
#8593 = ORIENTED_EDGE('',*,*,#2325,.F.);
#8594 = ORIENTED_EDGE('',*,*,#8567,.T.);
#8595 = ORIENTED_EDGE('',*,*,#5538,.T.);
#8596 = ADVANCED_FACE('',(#8597),#597,.T.);
#8597 = FACE_BOUND('',#8598,.T.);
#8598 = EDGE_LOOP('',(#8599,#8600,#8621,#8622));
#8599 = ORIENTED_EDGE('',*,*,#5515,.T.);
#8600 = ORIENTED_EDGE('',*,*,#8601,.F.);
#8601 = EDGE_CURVE('',#2349,#5492,#8602,.T.);
#8602 = SURFACE_CURVE('',#8603,(#8607,#8614),.PCURVE_S1.);
#8603 = LINE('',#8604,#8605);
#8604 = CARTESIAN_POINT('',(6.583820891905,7.,-1.976152439292));
#8605 = VECTOR('',#8606,1.);
#8606 = DIRECTION('',(-0.,-1.,-0.));
#8607 = PCURVE('',#597,#8608);
#8608 = DEFINITIONAL_REPRESENTATION('',(#8609),#8613);
#8609 = LINE('',#8610,#8611);
#8610 = CARTESIAN_POINT('',(1.279199331892,0.));
#8611 = VECTOR('',#8612,1.);
#8612 = DIRECTION('',(0.,1.));
#8613 = ( GEOMETRIC_REPRESENTATION_CONTEXT(2) 
PARAMETRIC_REPRESENTATION_CONTEXT() REPRESENTATION_CONTEXT('2D SPACE',''
  ) );
#8614 = PCURVE('',#2389,#8615);
#8615 = DEFINITIONAL_REPRESENTATION('',(#8616),#8620);
#8616 = LINE('',#8617,#8618);
#8617 = CARTESIAN_POINT('',(2.689726579607,0.));
#8618 = VECTOR('',#8619,1.);
#8619 = DIRECTION('',(0.,1.));
#8620 = ( GEOMETRIC_REPRESENTATION_CONTEXT(2) 
PARAMETRIC_REPRESENTATION_CONTEXT() REPRESENTATION_CONTEXT('2D SPACE',''
  ) );
#8621 = ORIENTED_EDGE('',*,*,#2348,.F.);
#8622 = ORIENTED_EDGE('',*,*,#583,.T.);
#8623 = ADVANCED_FACE('',(#8624),#2389,.T.);
#8624 = FACE_BOUND('',#8625,.T.);
#8625 = EDGE_LOOP('',(#8626,#8627,#8648,#8649));
#8626 = ORIENTED_EDGE('',*,*,#5491,.T.);
#8627 = ORIENTED_EDGE('',*,*,#8628,.F.);
#8628 = EDGE_CURVE('',#2373,#5468,#8629,.T.);
#8629 = SURFACE_CURVE('',#8630,(#8634,#8641),.PCURVE_S1.);
#8630 = LINE('',#8631,#8632);
#8631 = CARTESIAN_POINT('',(7.531015050323,7.,-2.698853888562));
#8632 = VECTOR('',#8633,1.);
#8633 = DIRECTION('',(-0.,-1.,-0.));
#8634 = PCURVE('',#2389,#8635);
#8635 = DEFINITIONAL_REPRESENTATION('',(#8636),#8640);
#8636 = LINE('',#8637,#8638);
#8637 = CARTESIAN_POINT('',(2.289930344137,0.));
#8638 = VECTOR('',#8639,1.);
#8639 = DIRECTION('',(0.,1.));
#8640 = ( GEOMETRIC_REPRESENTATION_CONTEXT(2) 
PARAMETRIC_REPRESENTATION_CONTEXT() REPRESENTATION_CONTEXT('2D SPACE',''
  ) );
#8641 = PCURVE('',#2418,#8642);
#8642 = DEFINITIONAL_REPRESENTATION('',(#8643),#8647);
#8643 = LINE('',#8644,#8645);
#8644 = CARTESIAN_POINT('',(1.226688717116,0.));
#8645 = VECTOR('',#8646,1.);
#8646 = DIRECTION('',(0.,1.));
#8647 = ( GEOMETRIC_REPRESENTATION_CONTEXT(2) 
PARAMETRIC_REPRESENTATION_CONTEXT() REPRESENTATION_CONTEXT('2D SPACE',''
  ) );
#8648 = ORIENTED_EDGE('',*,*,#2372,.F.);
#8649 = ORIENTED_EDGE('',*,*,#8601,.T.);
#8650 = ADVANCED_FACE('',(#8651),#2418,.T.);
#8651 = FACE_BOUND('',#8652,.T.);
#8652 = EDGE_LOOP('',(#8653,#8654,#8675,#8676));
#8653 = ORIENTED_EDGE('',*,*,#5467,.T.);
#8654 = ORIENTED_EDGE('',*,*,#8655,.F.);
#8655 = EDGE_CURVE('',#2402,#5444,#8656,.T.);
#8656 = SURFACE_CURVE('',#8657,(#8661,#8668),.PCURVE_S1.);
#8657 = LINE('',#8658,#8659);
#8658 = CARTESIAN_POINT('',(7.42726378906,7.,-2.972499387337));
#8659 = VECTOR('',#8660,1.);
#8660 = DIRECTION('',(-0.,-1.,-0.));
#8661 = PCURVE('',#2418,#8662);
#8662 = DEFINITIONAL_REPRESENTATION('',(#8663),#8667);
#8663 = LINE('',#8664,#8665);
#8664 = CARTESIAN_POINT('',(1.19010496559,0.));
#8665 = VECTOR('',#8666,1.);
#8666 = DIRECTION('',(0.,1.));
#8667 = ( GEOMETRIC_REPRESENTATION_CONTEXT(2) 
PARAMETRIC_REPRESENTATION_CONTEXT() REPRESENTATION_CONTEXT('2D SPACE',''
  ) );
#8668 = PCURVE('',#435,#8669);
#8669 = DEFINITIONAL_REPRESENTATION('',(#8670),#8674);
#8670 = LINE('',#8671,#8672);
#8671 = CARTESIAN_POINT('',(0.126863338569,0.));
#8672 = VECTOR('',#8673,1.);
#8673 = DIRECTION('',(0.,1.));
#8674 = ( GEOMETRIC_REPRESENTATION_CONTEXT(2) 
PARAMETRIC_REPRESENTATION_CONTEXT() REPRESENTATION_CONTEXT('2D SPACE',''
  ) );
#8675 = ORIENTED_EDGE('',*,*,#2401,.F.);
#8676 = ORIENTED_EDGE('',*,*,#8628,.T.);
#8677 = ADVANCED_FACE('',(#8678),#435,.T.);
#8678 = FACE_BOUND('',#8679,.T.);
#8679 = EDGE_LOOP('',(#8680,#8681,#8682,#8683));
#8680 = ORIENTED_EDGE('',*,*,#419,.F.);
#8681 = ORIENTED_EDGE('',*,*,#2430,.F.);
#8682 = ORIENTED_EDGE('',*,*,#8655,.T.);
#8683 = ORIENTED_EDGE('',*,*,#5443,.T.);
#8684 = ADVANCED_FACE('',(#8685),#485,.T.);
#8685 = FACE_BOUND('',#8686,.T.);
#8686 = EDGE_LOOP('',(#8687,#8688,#8709,#8710));
#8687 = ORIENTED_EDGE('',*,*,#5420,.T.);
#8688 = ORIENTED_EDGE('',*,*,#8689,.F.);
#8689 = EDGE_CURVE('',#2454,#5397,#8690,.T.);
#8690 = SURFACE_CURVE('',#8691,(#8695,#8702),.PCURVE_S1.);
#8691 = LINE('',#8692,#8693);
#8692 = CARTESIAN_POINT('',(6.029083414111,7.,-3.301822100855));
#8693 = VECTOR('',#8694,1.);
#8694 = DIRECTION('',(-0.,-1.,-0.));
#8695 = PCURVE('',#485,#8696);
#8696 = DEFINITIONAL_REPRESENTATION('',(#8697),#8701);
#8697 = LINE('',#8698,#8699);
#8698 = CARTESIAN_POINT('',(1.069759821652,0.));
#8699 = VECTOR('',#8700,1.);
#8700 = DIRECTION('',(0.,1.));
#8701 = ( GEOMETRIC_REPRESENTATION_CONTEXT(2) 
PARAMETRIC_REPRESENTATION_CONTEXT() REPRESENTATION_CONTEXT('2D SPACE',''
  ) );
#8702 = PCURVE('',#2494,#8703);
#8703 = DEFINITIONAL_REPRESENTATION('',(#8704),#8708);
#8704 = LINE('',#8705,#8706);
#8705 = CARTESIAN_POINT('',(2.480287069367,0.));
#8706 = VECTOR('',#8707,1.);
#8707 = DIRECTION('',(0.,1.));
#8708 = ( GEOMETRIC_REPRESENTATION_CONTEXT(2) 
PARAMETRIC_REPRESENTATION_CONTEXT() REPRESENTATION_CONTEXT('2D SPACE',''
  ) );
#8709 = ORIENTED_EDGE('',*,*,#2453,.F.);
#8710 = ORIENTED_EDGE('',*,*,#471,.T.);
#8711 = ADVANCED_FACE('',(#8712),#2494,.T.);
#8712 = FACE_BOUND('',#8713,.T.);
#8713 = EDGE_LOOP('',(#8714,#8715,#8736,#8737));
#8714 = ORIENTED_EDGE('',*,*,#5396,.T.);
#8715 = ORIENTED_EDGE('',*,*,#8716,.F.);
#8716 = EDGE_CURVE('',#2478,#5373,#8717,.T.);
#8717 = SURFACE_CURVE('',#8718,(#8722,#8729),.PCURVE_S1.);
#8718 = LINE('',#8719,#8720);
#8719 = CARTESIAN_POINT('',(6.805321027323,7.,-4.205663528515));
#8720 = VECTOR('',#8721,1.);
#8721 = DIRECTION('',(-0.,-1.,-0.));
#8722 = PCURVE('',#2494,#8723);
#8723 = DEFINITIONAL_REPRESENTATION('',(#8724),#8728);
#8724 = LINE('',#8725,#8726);
#8725 = CARTESIAN_POINT('',(2.080490833898,0.));
#8726 = VECTOR('',#8727,1.);
#8727 = DIRECTION('',(0.,1.));
#8728 = ( GEOMETRIC_REPRESENTATION_CONTEXT(2) 
PARAMETRIC_REPRESENTATION_CONTEXT() REPRESENTATION_CONTEXT('2D SPACE',''
  ) );
#8729 = PCURVE('',#2523,#8730);
#8730 = DEFINITIONAL_REPRESENTATION('',(#8731),#8735);
#8731 = LINE('',#8732,#8733);
#8732 = CARTESIAN_POINT('',(1.017249206877,0.));
#8733 = VECTOR('',#8734,1.);
#8734 = DIRECTION('',(0.,1.));
#8735 = ( GEOMETRIC_REPRESENTATION_CONTEXT(2) 
PARAMETRIC_REPRESENTATION_CONTEXT() REPRESENTATION_CONTEXT('2D SPACE',''
  ) );
#8736 = ORIENTED_EDGE('',*,*,#2477,.F.);
#8737 = ORIENTED_EDGE('',*,*,#8689,.T.);
#8738 = ADVANCED_FACE('',(#8739),#2523,.T.);
#8739 = FACE_BOUND('',#8740,.T.);
#8740 = EDGE_LOOP('',(#8741,#8742,#8763,#8764));
#8741 = ORIENTED_EDGE('',*,*,#5372,.T.);
#8742 = ORIENTED_EDGE('',*,*,#8743,.F.);
#8743 = EDGE_CURVE('',#2507,#5349,#8744,.T.);
#8744 = SURFACE_CURVE('',#8745,(#8749,#8756),.PCURVE_S1.);
#8745 = LINE('',#8746,#8747);
#8746 = CARTESIAN_POINT('',(6.64694288171,7.,-4.451758116439));
#8747 = VECTOR('',#8748,1.);
#8748 = DIRECTION('',(-0.,-1.,-0.));
#8749 = PCURVE('',#2523,#8750);
#8750 = DEFINITIONAL_REPRESENTATION('',(#8751),#8755);
#8751 = LINE('',#8752,#8753);
#8752 = CARTESIAN_POINT('',(0.98066545535,0.));
#8753 = VECTOR('',#8754,1.);
#8754 = DIRECTION('',(0.,1.));
#8755 = ( GEOMETRIC_REPRESENTATION_CONTEXT(2) 
PARAMETRIC_REPRESENTATION_CONTEXT() REPRESENTATION_CONTEXT('2D SPACE',''
  ) );
#8756 = PCURVE('',#2552,#8757);
#8757 = DEFINITIONAL_REPRESENTATION('',(#8758),#8762);
#8758 = LINE('',#8759,#8760);
#8759 = CARTESIAN_POINT('',(6.20060913551,0.));
#8760 = VECTOR('',#8761,1.);
#8761 = DIRECTION('',(0.,1.));
#8762 = ( GEOMETRIC_REPRESENTATION_CONTEXT(2) 
PARAMETRIC_REPRESENTATION_CONTEXT() REPRESENTATION_CONTEXT('2D SPACE',''
  ) );
#8763 = ORIENTED_EDGE('',*,*,#2506,.F.);
#8764 = ORIENTED_EDGE('',*,*,#8716,.T.);
#8765 = ADVANCED_FACE('',(#8766),#2552,.T.);
#8766 = FACE_BOUND('',#8767,.T.);
#8767 = EDGE_LOOP('',(#8768,#8769,#8790,#8791));
#8768 = ORIENTED_EDGE('',*,*,#5348,.T.);
#8769 = ORIENTED_EDGE('',*,*,#8770,.F.);
#8770 = EDGE_CURVE('',#2536,#5325,#8771,.T.);
#8771 = SURFACE_CURVE('',#8772,(#8776,#8783),.PCURVE_S1.);
#8772 = LINE('',#8773,#8774);
#8773 = CARTESIAN_POINT('',(5.502743395087,7.,-4.11967124026));
#8774 = VECTOR('',#8775,1.);
#8775 = DIRECTION('',(-0.,-1.,-0.));
#8776 = PCURVE('',#2552,#8777);
#8777 = DEFINITIONAL_REPRESENTATION('',(#8778),#8782);
#8778 = LINE('',#8779,#8780);
#8779 = CARTESIAN_POINT('',(5.80081290004,0.));
#8780 = VECTOR('',#8781,1.);
#8781 = DIRECTION('',(0.,1.));
#8782 = ( GEOMETRIC_REPRESENTATION_CONTEXT(2) 
PARAMETRIC_REPRESENTATION_CONTEXT() REPRESENTATION_CONTEXT('2D SPACE',''
  ) );
#8783 = PCURVE('',#2581,#8784);
#8784 = DEFINITIONAL_REPRESENTATION('',(#8785),#8789);
#8785 = LINE('',#8786,#8787);
#8786 = CARTESIAN_POINT('',(0.928154840575,0.));
#8787 = VECTOR('',#8788,1.);
#8788 = DIRECTION('',(0.,1.));
#8789 = ( GEOMETRIC_REPRESENTATION_CONTEXT(2) 
PARAMETRIC_REPRESENTATION_CONTEXT() REPRESENTATION_CONTEXT('2D SPACE',''
  ) );
#8790 = ORIENTED_EDGE('',*,*,#2535,.F.);
#8791 = ORIENTED_EDGE('',*,*,#8743,.T.);
#8792 = ADVANCED_FACE('',(#8793),#2581,.T.);
#8793 = FACE_BOUND('',#8794,.T.);
#8794 = EDGE_LOOP('',(#8795,#8796,#8817,#8818));
#8795 = ORIENTED_EDGE('',*,*,#5324,.T.);
#8796 = ORIENTED_EDGE('',*,*,#8797,.F.);
#8797 = EDGE_CURVE('',#2565,#5301,#8798,.T.);
#8798 = SURFACE_CURVE('',#8799,(#8803,#8810),.PCURVE_S1.);
#8799 = LINE('',#8800,#8801);
#8800 = CARTESIAN_POINT('',(5.210846060369,7.,-4.48318629271));
#8801 = VECTOR('',#8802,1.);
#8802 = DIRECTION('',(-0.,-1.,-0.));
#8803 = PCURVE('',#2581,#8804);
#8804 = DEFINITIONAL_REPRESENTATION('',(#8805),#8809);
#8805 = LINE('',#8806,#8807);
#8806 = CARTESIAN_POINT('',(0.860320311413,0.));
#8807 = VECTOR('',#8808,1.);
#8808 = DIRECTION('',(0.,1.));
#8809 = ( GEOMETRIC_REPRESENTATION_CONTEXT(2) 
PARAMETRIC_REPRESENTATION_CONTEXT() REPRESENTATION_CONTEXT('2D SPACE',''
  ) );
#8810 = PCURVE('',#2610,#8811);
#8811 = DEFINITIONAL_REPRESENTATION('',(#8812),#8816);
#8812 = LINE('',#8813,#8814);
#8813 = CARTESIAN_POINT('',(2.270847559128,0.));
#8814 = VECTOR('',#8815,1.);
#8815 = DIRECTION('',(0.,1.));
#8816 = ( GEOMETRIC_REPRESENTATION_CONTEXT(2) 
PARAMETRIC_REPRESENTATION_CONTEXT() REPRESENTATION_CONTEXT('2D SPACE',''
  ) );
#8817 = ORIENTED_EDGE('',*,*,#2564,.F.);
#8818 = ORIENTED_EDGE('',*,*,#8770,.T.);
#8819 = ADVANCED_FACE('',(#8820),#2610,.T.);
#8820 = FACE_BOUND('',#8821,.T.);
#8821 = EDGE_LOOP('',(#8822,#8823,#8844,#8845));
#8822 = ORIENTED_EDGE('',*,*,#5300,.T.);
#8823 = ORIENTED_EDGE('',*,*,#8824,.F.);
#8824 = EDGE_CURVE('',#2594,#5277,#8825,.T.);
#8825 = SURFACE_CURVE('',#8826,(#8830,#8837),.PCURVE_S1.);
#8826 = LINE('',#8827,#8828);
#8827 = CARTESIAN_POINT('',(5.782201819875,7.,-5.528665491259));
#8828 = VECTOR('',#8829,1.);
#8829 = DIRECTION('',(-0.,-1.,-0.));
#8830 = PCURVE('',#2610,#8831);
#8831 = DEFINITIONAL_REPRESENTATION('',(#8832),#8836);
#8832 = LINE('',#8833,#8834);
#8833 = CARTESIAN_POINT('',(1.871051323658,0.));
#8834 = VECTOR('',#8835,1.);
#8835 = DIRECTION('',(0.,1.));
#8836 = ( GEOMETRIC_REPRESENTATION_CONTEXT(2) 
PARAMETRIC_REPRESENTATION_CONTEXT() REPRESENTATION_CONTEXT('2D SPACE',''
  ) );
#8837 = PCURVE('',#2639,#8838);
#8838 = DEFINITIONAL_REPRESENTATION('',(#8839),#8843);
#8839 = LINE('',#8840,#8841);
#8840 = CARTESIAN_POINT('',(0.807809696638,0.));
#8841 = VECTOR('',#8842,1.);
#8842 = DIRECTION('',(0.,1.));
#8843 = ( GEOMETRIC_REPRESENTATION_CONTEXT(2) 
PARAMETRIC_REPRESENTATION_CONTEXT() REPRESENTATION_CONTEXT('2D SPACE',''
  ) );
#8844 = ORIENTED_EDGE('',*,*,#2593,.F.);
#8845 = ORIENTED_EDGE('',*,*,#8797,.T.);
#8846 = ADVANCED_FACE('',(#8847),#2639,.T.);
#8847 = FACE_BOUND('',#8848,.T.);
#8848 = EDGE_LOOP('',(#8849,#8850,#8871,#8872));
#8849 = ORIENTED_EDGE('',*,*,#5276,.T.);
#8850 = ORIENTED_EDGE('',*,*,#8851,.F.);
#8851 = EDGE_CURVE('',#2623,#5253,#8852,.T.);
#8852 = SURFACE_CURVE('',#8853,(#8857,#8864),.PCURVE_S1.);
#8853 = LINE('',#8854,#8855);
#8854 = CARTESIAN_POINT('',(5.576118674859,7.,-5.736453653947));
#8855 = VECTOR('',#8856,1.);
#8856 = DIRECTION('',(-0.,-1.,-0.));
#8857 = PCURVE('',#2639,#8858);
#8858 = DEFINITIONAL_REPRESENTATION('',(#8859),#8863);
#8859 = LINE('',#8860,#8861);
#8860 = CARTESIAN_POINT('',(0.771225945111,0.));
#8861 = VECTOR('',#8862,1.);
#8862 = DIRECTION('',(0.,1.));
#8863 = ( GEOMETRIC_REPRESENTATION_CONTEXT(2) 
PARAMETRIC_REPRESENTATION_CONTEXT() REPRESENTATION_CONTEXT('2D SPACE',''
  ) );
#8864 = PCURVE('',#2668,#8865);
#8865 = DEFINITIONAL_REPRESENTATION('',(#8866),#8870);
#8866 = LINE('',#8867,#8868);
#8867 = CARTESIAN_POINT('',(5.99116962527,0.));
#8868 = VECTOR('',#8869,1.);
#8869 = DIRECTION('',(0.,1.));
#8870 = ( GEOMETRIC_REPRESENTATION_CONTEXT(2) 
PARAMETRIC_REPRESENTATION_CONTEXT() REPRESENTATION_CONTEXT('2D SPACE',''
  ) );
#8871 = ORIENTED_EDGE('',*,*,#2622,.F.);
#8872 = ORIENTED_EDGE('',*,*,#8824,.T.);
#8873 = ADVANCED_FACE('',(#8874),#2668,.T.);
#8874 = FACE_BOUND('',#8875,.T.);
#8875 = EDGE_LOOP('',(#8876,#8877,#8898,#8899));
#8876 = ORIENTED_EDGE('',*,*,#5252,.T.);
#8877 = ORIENTED_EDGE('',*,*,#8878,.F.);
#8878 = EDGE_CURVE('',#2652,#5229,#8879,.T.);
#8879 = SURFACE_CURVE('',#8880,(#8884,#8891),.PCURVE_S1.);
#8880 = LINE('',#8881,#8882);
#8881 = CARTESIAN_POINT('',(4.525967436182,7.,-5.173731222881));
#8882 = VECTOR('',#8883,1.);
#8883 = DIRECTION('',(-0.,-1.,-0.));
#8884 = PCURVE('',#2668,#8885);
#8885 = DEFINITIONAL_REPRESENTATION('',(#8886),#8890);
#8886 = LINE('',#8887,#8888);
#8887 = CARTESIAN_POINT('',(5.591373389801,0.));
#8888 = VECTOR('',#8889,1.);
#8889 = DIRECTION('',(0.,1.));
#8890 = ( GEOMETRIC_REPRESENTATION_CONTEXT(2) 
PARAMETRIC_REPRESENTATION_CONTEXT() REPRESENTATION_CONTEXT('2D SPACE',''
  ) );
#8891 = PCURVE('',#2697,#8892);
#8892 = DEFINITIONAL_REPRESENTATION('',(#8893),#8897);
#8893 = LINE('',#8894,#8895);
#8894 = CARTESIAN_POINT('',(0.718715330336,0.));
#8895 = VECTOR('',#8896,1.);
#8896 = DIRECTION('',(0.,1.));
#8897 = ( GEOMETRIC_REPRESENTATION_CONTEXT(2) 
PARAMETRIC_REPRESENTATION_CONTEXT() REPRESENTATION_CONTEXT('2D SPACE',''
  ) );
#8898 = ORIENTED_EDGE('',*,*,#2651,.F.);
#8899 = ORIENTED_EDGE('',*,*,#8851,.T.);
#8900 = ADVANCED_FACE('',(#8901),#2697,.T.);
#8901 = FACE_BOUND('',#8902,.T.);
#8902 = EDGE_LOOP('',(#8903,#8904,#8925,#8926));
#8903 = ORIENTED_EDGE('',*,*,#5228,.T.);
#8904 = ORIENTED_EDGE('',*,*,#8905,.F.);
#8905 = EDGE_CURVE('',#2681,#5205,#8906,.T.);
#8906 = SURFACE_CURVE('',#8907,(#8911,#8918),.PCURVE_S1.);
#8907 = LINE('',#8908,#8909);
#8908 = CARTESIAN_POINT('',(4.164869729374,7.,-5.468613730859));
#8909 = VECTOR('',#8910,1.);
#8910 = DIRECTION('',(-0.,-1.,-0.));
#8911 = PCURVE('',#2697,#8912);
#8912 = DEFINITIONAL_REPRESENTATION('',(#8913),#8917);
#8913 = LINE('',#8914,#8915);
#8914 = CARTESIAN_POINT('',(0.650880801174,0.));
#8915 = VECTOR('',#8916,1.);
#8916 = DIRECTION('',(0.,1.));
#8917 = ( GEOMETRIC_REPRESENTATION_CONTEXT(2) 
PARAMETRIC_REPRESENTATION_CONTEXT() REPRESENTATION_CONTEXT('2D SPACE',''
  ) );
#8918 = PCURVE('',#2726,#8919);
#8919 = DEFINITIONAL_REPRESENTATION('',(#8920),#8924);
#8920 = LINE('',#8921,#8922);
#8921 = CARTESIAN_POINT('',(2.061408048889,0.));
#8922 = VECTOR('',#8923,1.);
#8923 = DIRECTION('',(0.,1.));
#8924 = ( GEOMETRIC_REPRESENTATION_CONTEXT(2) 
PARAMETRIC_REPRESENTATION_CONTEXT() REPRESENTATION_CONTEXT('2D SPACE',''
  ) );
#8925 = ORIENTED_EDGE('',*,*,#2680,.F.);
#8926 = ORIENTED_EDGE('',*,*,#8878,.T.);
#8927 = ADVANCED_FACE('',(#8928),#2726,.T.);
#8928 = FACE_BOUND('',#8929,.T.);
#8929 = EDGE_LOOP('',(#8930,#8931,#8952,#8953));
#8930 = ORIENTED_EDGE('',*,*,#5204,.T.);
#8931 = ORIENTED_EDGE('',*,*,#8932,.F.);
#8932 = EDGE_CURVE('',#2710,#5181,#8933,.T.);
#8933 = SURFACE_CURVE('',#8934,(#8938,#8945),.PCURVE_S1.);
#8934 = LINE('',#8935,#8936);
#8935 = CARTESIAN_POINT('',(4.506372646816,7.,-6.610038242554));
#8936 = VECTOR('',#8937,1.);
#8937 = DIRECTION('',(-0.,-1.,-0.));
#8938 = PCURVE('',#2726,#8939);
#8939 = DEFINITIONAL_REPRESENTATION('',(#8940),#8944);
#8940 = LINE('',#8941,#8942);
#8941 = CARTESIAN_POINT('',(1.661611813419,0.));
#8942 = VECTOR('',#8943,1.);
#8943 = DIRECTION('',(0.,1.));
#8944 = ( GEOMETRIC_REPRESENTATION_CONTEXT(2) 
PARAMETRIC_REPRESENTATION_CONTEXT() REPRESENTATION_CONTEXT('2D SPACE',''
  ) );
#8945 = PCURVE('',#2755,#8946);
#8946 = DEFINITIONAL_REPRESENTATION('',(#8947),#8951);
#8947 = LINE('',#8948,#8949);
#8948 = CARTESIAN_POINT('',(0.598370186398,0.));
#8949 = VECTOR('',#8950,1.);
#8950 = DIRECTION('',(0.,1.));
#8951 = ( GEOMETRIC_REPRESENTATION_CONTEXT(2) 
PARAMETRIC_REPRESENTATION_CONTEXT() REPRESENTATION_CONTEXT('2D SPACE',''
  ) );
#8952 = ORIENTED_EDGE('',*,*,#2709,.F.);
#8953 = ORIENTED_EDGE('',*,*,#8905,.T.);
#8954 = ADVANCED_FACE('',(#8955),#2755,.T.);
#8955 = FACE_BOUND('',#8956,.T.);
#8956 = EDGE_LOOP('',(#8957,#8958,#8979,#8980));
#8957 = ORIENTED_EDGE('',*,*,#5180,.T.);
#8958 = ORIENTED_EDGE('',*,*,#8959,.F.);
#8959 = EDGE_CURVE('',#2739,#5157,#8960,.T.);
#8960 = SURFACE_CURVE('',#8961,(#8965,#8972),.PCURVE_S1.);
#8961 = LINE('',#8962,#8963);
#8962 = CARTESIAN_POINT('',(4.26159132473,7.,-6.77043864022));
#8963 = VECTOR('',#8964,1.);
#8964 = DIRECTION('',(-0.,-1.,-0.));
#8965 = PCURVE('',#2755,#8966);
#8966 = DEFINITIONAL_REPRESENTATION('',(#8967),#8971);
#8967 = LINE('',#8968,#8969);
#8968 = CARTESIAN_POINT('',(0.561786434872,0.));
#8969 = VECTOR('',#8970,1.);
#8970 = DIRECTION('',(0.,1.));
#8971 = ( GEOMETRIC_REPRESENTATION_CONTEXT(2) 
PARAMETRIC_REPRESENTATION_CONTEXT() REPRESENTATION_CONTEXT('2D SPACE',''
  ) );
#8972 = PCURVE('',#2784,#8973);
#8973 = DEFINITIONAL_REPRESENTATION('',(#8974),#8978);
#8974 = LINE('',#8975,#8976);
#8975 = CARTESIAN_POINT('',(5.781730115031,0.));
#8976 = VECTOR('',#8977,1.);
#8977 = DIRECTION('',(0.,1.));
#8978 = ( GEOMETRIC_REPRESENTATION_CONTEXT(2) 
PARAMETRIC_REPRESENTATION_CONTEXT() REPRESENTATION_CONTEXT('2D SPACE',''
  ) );
#8979 = ORIENTED_EDGE('',*,*,#2738,.F.);
#8980 = ORIENTED_EDGE('',*,*,#8932,.T.);
#8981 = ADVANCED_FACE('',(#8982),#2784,.T.);
#8982 = FACE_BOUND('',#8983,.T.);
#8983 = EDGE_LOOP('',(#8984,#8985,#9006,#9007));
#8984 = ORIENTED_EDGE('',*,*,#5156,.T.);
#8985 = ORIENTED_EDGE('',*,*,#8986,.F.);
#8986 = EDGE_CURVE('',#2768,#5133,#8987,.T.);
#8987 = SURFACE_CURVE('',#8988,(#8992,#8999),.PCURVE_S1.);
#8988 = LINE('',#8989,#8990);
#8989 = CARTESIAN_POINT('',(3.351384982315,7.,-6.001674324746));
#8990 = VECTOR('',#8991,1.);
#8991 = DIRECTION('',(-0.,-1.,-0.));
#8992 = PCURVE('',#2784,#8993);
#8993 = DEFINITIONAL_REPRESENTATION('',(#8994),#8998);
#8994 = LINE('',#8995,#8996);
#8995 = CARTESIAN_POINT('',(5.381933879561,0.));
#8996 = VECTOR('',#8997,1.);
#8997 = DIRECTION('',(0.,1.));
#8998 = ( GEOMETRIC_REPRESENTATION_CONTEXT(2) 
PARAMETRIC_REPRESENTATION_CONTEXT() REPRESENTATION_CONTEXT('2D SPACE',''
  ) );
#8999 = PCURVE('',#2813,#9000);
#9000 = DEFINITIONAL_REPRESENTATION('',(#9001),#9005);
#9001 = LINE('',#9002,#9003);
#9002 = CARTESIAN_POINT('',(0.509275820097,0.));
#9003 = VECTOR('',#9004,1.);
#9004 = DIRECTION('',(0.,1.));
#9005 = ( GEOMETRIC_REPRESENTATION_CONTEXT(2) 
PARAMETRIC_REPRESENTATION_CONTEXT() REPRESENTATION_CONTEXT('2D SPACE',''
  ) );
#9006 = ORIENTED_EDGE('',*,*,#2767,.F.);
#9007 = ORIENTED_EDGE('',*,*,#8959,.T.);
#9008 = ADVANCED_FACE('',(#9009),#2813,.T.);
#9009 = FACE_BOUND('',#9010,.T.);
#9010 = EDGE_LOOP('',(#9011,#9012,#9033,#9034));
#9011 = ORIENTED_EDGE('',*,*,#5132,.T.);
#9012 = ORIENTED_EDGE('',*,*,#9013,.F.);
#9013 = EDGE_CURVE('',#2797,#5109,#9014,.T.);
#9014 = SURFACE_CURVE('',#9015,(#9019,#9026),.PCURVE_S1.);
#9015 = LINE('',#9016,#9017);
#9016 = CARTESIAN_POINT('',(2.936868605944,7.,-6.21503650765));
#9017 = VECTOR('',#9018,1.);
#9018 = DIRECTION('',(-0.,-1.,-0.));
#9019 = PCURVE('',#2813,#9020);
#9020 = DEFINITIONAL_REPRESENTATION('',(#9021),#9025);
#9021 = LINE('',#9022,#9023);
#9022 = CARTESIAN_POINT('',(0.441441290934,0.));
#9023 = VECTOR('',#9024,1.);
#9024 = DIRECTION('',(0.,1.));
#9025 = ( GEOMETRIC_REPRESENTATION_CONTEXT(2) 
PARAMETRIC_REPRESENTATION_CONTEXT() REPRESENTATION_CONTEXT('2D SPACE',''
  ) );
#9026 = PCURVE('',#2842,#9027);
#9027 = DEFINITIONAL_REPRESENTATION('',(#9028),#9032);
#9028 = LINE('',#9029,#9030);
#9029 = CARTESIAN_POINT('',(1.851968538649,0.));
#9030 = VECTOR('',#9031,1.);
#9031 = DIRECTION('',(0.,1.));
#9032 = ( GEOMETRIC_REPRESENTATION_CONTEXT(2) 
PARAMETRIC_REPRESENTATION_CONTEXT() REPRESENTATION_CONTEXT('2D SPACE',''
  ) );
#9033 = ORIENTED_EDGE('',*,*,#2796,.F.);
#9034 = ORIENTED_EDGE('',*,*,#8986,.T.);
#9035 = ADVANCED_FACE('',(#9036),#2842,.T.);
#9036 = FACE_BOUND('',#9037,.T.);
#9037 = EDGE_LOOP('',(#9038,#9039,#9060,#9061));
#9038 = ORIENTED_EDGE('',*,*,#5108,.T.);
#9039 = ORIENTED_EDGE('',*,*,#9040,.F.);
#9040 = EDGE_CURVE('',#2826,#5085,#9041,.T.);
#9041 = SURFACE_CURVE('',#9042,(#9046,#9053),.PCURVE_S1.);
#9042 = LINE('',#9043,#9044);
#9043 = CARTESIAN_POINT('',(3.033593365116,7.,-7.402520604168));
#9044 = VECTOR('',#9045,1.);
#9045 = DIRECTION('',(-0.,-1.,-0.));
#9046 = PCURVE('',#2842,#9047);
#9047 = DEFINITIONAL_REPRESENTATION('',(#9048),#9052);
#9048 = LINE('',#9049,#9050);
#9049 = CARTESIAN_POINT('',(1.45217230318,0.));
#9050 = VECTOR('',#9051,1.);
#9051 = DIRECTION('',(0.,1.));
#9052 = ( GEOMETRIC_REPRESENTATION_CONTEXT(2) 
PARAMETRIC_REPRESENTATION_CONTEXT() REPRESENTATION_CONTEXT('2D SPACE',''
  ) );
#9053 = PCURVE('',#2871,#9054);
#9054 = DEFINITIONAL_REPRESENTATION('',(#9055),#9059);
#9055 = LINE('',#9056,#9057);
#9056 = CARTESIAN_POINT('',(0.388930676159,0.));
#9057 = VECTOR('',#9058,1.);
#9058 = DIRECTION('',(0.,1.));
#9059 = ( GEOMETRIC_REPRESENTATION_CONTEXT(2) 
PARAMETRIC_REPRESENTATION_CONTEXT() REPRESENTATION_CONTEXT('2D SPACE',''
  ) );
#9060 = ORIENTED_EDGE('',*,*,#2825,.F.);
#9061 = ORIENTED_EDGE('',*,*,#9013,.T.);
#9062 = ADVANCED_FACE('',(#9063),#2871,.T.);
#9063 = FACE_BOUND('',#9064,.T.);
#9064 = EDGE_LOOP('',(#9065,#9066,#9087,#9088));
#9065 = ORIENTED_EDGE('',*,*,#5084,.T.);
#9066 = ORIENTED_EDGE('',*,*,#9067,.F.);
#9067 = EDGE_CURVE('',#2855,#5061,#9068,.T.);
#9068 = SURFACE_CURVE('',#9069,(#9073,#9080),.PCURVE_S1.);
#9069 = LINE('',#9070,#9071);
#9070 = CARTESIAN_POINT('',(2.760811984327,7.,-7.508522969746));
#9071 = VECTOR('',#9072,1.);
#9072 = DIRECTION('',(-0.,-1.,-0.));
#9073 = PCURVE('',#2871,#9074);
#9074 = DEFINITIONAL_REPRESENTATION('',(#9075),#9079);
#9075 = LINE('',#9076,#9077);
#9076 = CARTESIAN_POINT('',(0.352346924633,0.));
#9077 = VECTOR('',#9078,1.);
#9078 = DIRECTION('',(0.,1.));
#9079 = ( GEOMETRIC_REPRESENTATION_CONTEXT(2) 
PARAMETRIC_REPRESENTATION_CONTEXT() REPRESENTATION_CONTEXT('2D SPACE',''
  ) );
#9080 = PCURVE('',#2900,#9081);
#9081 = DEFINITIONAL_REPRESENTATION('',(#9082),#9086);
#9082 = LINE('',#9083,#9084);
#9083 = CARTESIAN_POINT('',(5.572290604792,0.));
#9084 = VECTOR('',#9085,1.);
#9085 = DIRECTION('',(0.,1.));
#9086 = ( GEOMETRIC_REPRESENTATION_CONTEXT(2) 
PARAMETRIC_REPRESENTATION_CONTEXT() REPRESENTATION_CONTEXT('2D SPACE',''
  ) );
#9087 = ORIENTED_EDGE('',*,*,#2854,.F.);
#9088 = ORIENTED_EDGE('',*,*,#9040,.T.);
#9089 = ADVANCED_FACE('',(#9090),#2900,.T.);
#9090 = FACE_BOUND('',#9091,.T.);
#9091 = EDGE_LOOP('',(#9092,#9093,#9114,#9115));
#9092 = ORIENTED_EDGE('',*,*,#5060,.T.);
#9093 = ORIENTED_EDGE('',*,*,#9094,.F.);
#9094 = EDGE_CURVE('',#2884,#5037,#9095,.T.);
#9095 = SURFACE_CURVE('',#9096,(#9100,#9107),.PCURVE_S1.);
#9096 = LINE('',#9097,#9098);
#9097 = CARTESIAN_POINT('',(2.030330922991,7.,-6.56731545939));
#9098 = VECTOR('',#9099,1.);
#9099 = DIRECTION('',(-0.,-1.,-0.));
#9100 = PCURVE('',#2900,#9101);
#9101 = DEFINITIONAL_REPRESENTATION('',(#9102),#9106);
#9102 = LINE('',#9103,#9104);
#9103 = CARTESIAN_POINT('',(5.172494369322,0.));
#9104 = VECTOR('',#9105,1.);
#9105 = DIRECTION('',(0.,1.));
#9106 = ( GEOMETRIC_REPRESENTATION_CONTEXT(2) 
PARAMETRIC_REPRESENTATION_CONTEXT() REPRESENTATION_CONTEXT('2D SPACE',''
  ) );
#9107 = PCURVE('',#2929,#9108);
#9108 = DEFINITIONAL_REPRESENTATION('',(#9109),#9113);
#9109 = LINE('',#9110,#9111);
#9110 = CARTESIAN_POINT('',(0.299836309857,0.));
#9111 = VECTOR('',#9112,1.);
#9112 = DIRECTION('',(0.,1.));
#9113 = ( GEOMETRIC_REPRESENTATION_CONTEXT(2) 
PARAMETRIC_REPRESENTATION_CONTEXT() REPRESENTATION_CONTEXT('2D SPACE',''
  ) );
#9114 = ORIENTED_EDGE('',*,*,#2883,.F.);
#9115 = ORIENTED_EDGE('',*,*,#9067,.T.);
#9116 = ADVANCED_FACE('',(#9117),#2929,.T.);
#9117 = FACE_BOUND('',#9118,.T.);
#9118 = EDGE_LOOP('',(#9119,#9120,#9141,#9142));
#9119 = ORIENTED_EDGE('',*,*,#5036,.T.);
#9120 = ORIENTED_EDGE('',*,*,#9121,.F.);
#9121 = EDGE_CURVE('',#2913,#5013,#9122,.T.);
#9122 = SURFACE_CURVE('',#9123,(#9127,#9134),.PCURVE_S1.);
#9123 = LINE('',#9124,#9125);
#9124 = CARTESIAN_POINT('',(1.580512231775,7.,-6.689832366002));
#9125 = VECTOR('',#9126,1.);
#9126 = DIRECTION('',(-0.,-1.,-0.));
#9127 = PCURVE('',#2929,#9128);
#9128 = DEFINITIONAL_REPRESENTATION('',(#9129),#9133);
#9129 = LINE('',#9130,#9131);
#9130 = CARTESIAN_POINT('',(0.232001780695,0.));
#9131 = VECTOR('',#9132,1.);
#9132 = DIRECTION('',(0.,1.));
#9133 = ( GEOMETRIC_REPRESENTATION_CONTEXT(2) 
PARAMETRIC_REPRESENTATION_CONTEXT() REPRESENTATION_CONTEXT('2D SPACE',''
  ) );
#9134 = PCURVE('',#2958,#9135);
#9135 = DEFINITIONAL_REPRESENTATION('',(#9136),#9140);
#9136 = LINE('',#9137,#9138);
#9137 = CARTESIAN_POINT('',(1.64252902841,0.));
#9138 = VECTOR('',#9139,1.);
#9139 = DIRECTION('',(0.,1.));
#9140 = ( GEOMETRIC_REPRESENTATION_CONTEXT(2) 
PARAMETRIC_REPRESENTATION_CONTEXT() REPRESENTATION_CONTEXT('2D SPACE',''
  ) );
#9141 = ORIENTED_EDGE('',*,*,#2912,.F.);
#9142 = ORIENTED_EDGE('',*,*,#9094,.T.);
#9143 = ADVANCED_FACE('',(#9144),#2958,.T.);
#9144 = FACE_BOUND('',#9145,.T.);
#9145 = EDGE_LOOP('',(#9146,#9147,#9168,#9169));
#9146 = ORIENTED_EDGE('',*,*,#5012,.T.);
#9147 = ORIENTED_EDGE('',*,*,#9148,.F.);
#9148 = EDGE_CURVE('',#2942,#4989,#9149,.T.);
#9149 = SURFACE_CURVE('',#9150,(#9154,#9161),.PCURVE_S1.);
#9150 = LINE('',#9151,#9152);
#9151 = CARTESIAN_POINT('',(1.428231496564,7.,-7.871477294144));
#9152 = VECTOR('',#9153,1.);
#9153 = DIRECTION('',(-0.,-1.,-0.));
#9154 = PCURVE('',#2958,#9155);
#9155 = DEFINITIONAL_REPRESENTATION('',(#9156),#9160);
#9156 = LINE('',#9157,#9158);
#9157 = CARTESIAN_POINT('',(1.24273279294,0.));
#9158 = VECTOR('',#9159,1.);
#9159 = DIRECTION('',(0.,1.));
#9160 = ( GEOMETRIC_REPRESENTATION_CONTEXT(2) 
PARAMETRIC_REPRESENTATION_CONTEXT() REPRESENTATION_CONTEXT('2D SPACE',''
  ) );
#9161 = PCURVE('',#2987,#9162);
#9162 = DEFINITIONAL_REPRESENTATION('',(#9163),#9167);
#9163 = LINE('',#9164,#9165);
#9164 = CARTESIAN_POINT('',(0.17949116592,0.));
#9165 = VECTOR('',#9166,1.);
#9166 = DIRECTION('',(0.,1.));
#9167 = ( GEOMETRIC_REPRESENTATION_CONTEXT(2) 
PARAMETRIC_REPRESENTATION_CONTEXT() REPRESENTATION_CONTEXT('2D SPACE',''
  ) );
#9168 = ORIENTED_EDGE('',*,*,#2941,.F.);
#9169 = ORIENTED_EDGE('',*,*,#9121,.T.);
#9170 = ADVANCED_FACE('',(#9171),#2987,.T.);
#9171 = FACE_BOUND('',#9172,.T.);
#9172 = EDGE_LOOP('',(#9173,#9174,#9195,#9196));
#9173 = ORIENTED_EDGE('',*,*,#4988,.T.);
#9174 = ORIENTED_EDGE('',*,*,#9175,.F.);
#9175 = EDGE_CURVE('',#2971,#4965,#9176,.T.);
#9176 = SURFACE_CURVE('',#9177,(#9181,#9188),.PCURVE_S1.);
#9177 = LINE('',#9178,#9179);
#9178 = CARTESIAN_POINT('',(1.139371912363,7.,-7.918448815603));
#9179 = VECTOR('',#9180,1.);
#9180 = DIRECTION('',(-0.,-1.,-0.));
#9181 = PCURVE('',#2987,#9182);
#9182 = DEFINITIONAL_REPRESENTATION('',(#9183),#9187);
#9183 = LINE('',#9184,#9185);
#9184 = CARTESIAN_POINT('',(0.142907414393,0.));
#9185 = VECTOR('',#9186,1.);
#9186 = DIRECTION('',(0.,1.));
#9187 = ( GEOMETRIC_REPRESENTATION_CONTEXT(2) 
PARAMETRIC_REPRESENTATION_CONTEXT() REPRESENTATION_CONTEXT('2D SPACE',''
  ) );
#9188 = PCURVE('',#3016,#9189);
#9189 = DEFINITIONAL_REPRESENTATION('',(#9190),#9194);
#9190 = LINE('',#9191,#9192);
#9191 = CARTESIAN_POINT('',(5.362851094552,0.));
#9192 = VECTOR('',#9193,1.);
#9193 = DIRECTION('',(0.,1.));
#9194 = ( GEOMETRIC_REPRESENTATION_CONTEXT(2) 
PARAMETRIC_REPRESENTATION_CONTEXT() REPRESENTATION_CONTEXT('2D SPACE',''
  ) );
#9195 = ORIENTED_EDGE('',*,*,#2970,.F.);
#9196 = ORIENTED_EDGE('',*,*,#9148,.T.);
#9197 = ADVANCED_FACE('',(#9198),#3016,.T.);
#9198 = FACE_BOUND('',#9199,.T.);
#9199 = EDGE_LOOP('',(#9200,#9201,#9222,#9223));
#9200 = ORIENTED_EDGE('',*,*,#4964,.T.);
#9201 = ORIENTED_EDGE('',*,*,#9202,.F.);
#9202 = EDGE_CURVE('',#3000,#4941,#9203,.T.);
#9203 = SURFACE_CURVE('',#9204,(#9208,#9215),.PCURVE_S1.);
#9204 = LINE('',#9205,#9206);
#9205 = CARTESIAN_POINT('',(0.620541659724,7.,-6.845933394983));
#9206 = VECTOR('',#9207,1.);
#9207 = DIRECTION('',(-0.,-1.,-0.));
#9208 = PCURVE('',#3016,#9209);
#9209 = DEFINITIONAL_REPRESENTATION('',(#9210),#9214);
#9210 = LINE('',#9211,#9212);
#9211 = CARTESIAN_POINT('',(4.963054859083,0.));
#9212 = VECTOR('',#9213,1.);
#9213 = DIRECTION('',(0.,1.));
#9214 = ( GEOMETRIC_REPRESENTATION_CONTEXT(2) 
PARAMETRIC_REPRESENTATION_CONTEXT() REPRESENTATION_CONTEXT('2D SPACE',''
  ) );
#9215 = PCURVE('',#3045,#9216);
#9216 = DEFINITIONAL_REPRESENTATION('',(#9217),#9221);
#9217 = LINE('',#9218,#9219);
#9218 = CARTESIAN_POINT('',(9.039679961804E-02,0.));
#9219 = VECTOR('',#9220,1.);
#9220 = DIRECTION('',(0.,1.));
#9221 = ( GEOMETRIC_REPRESENTATION_CONTEXT(2) 
PARAMETRIC_REPRESENTATION_CONTEXT() REPRESENTATION_CONTEXT('2D SPACE',''
  ) );
#9222 = ORIENTED_EDGE('',*,*,#2999,.F.);
#9223 = ORIENTED_EDGE('',*,*,#9175,.T.);
#9224 = ADVANCED_FACE('',(#9225),#3045,.T.);
#9225 = FACE_BOUND('',#9226,.T.);
#9226 = EDGE_LOOP('',(#9227,#9228,#9249,#9250));
#9227 = ORIENTED_EDGE('',*,*,#4940,.T.);
#9228 = ORIENTED_EDGE('',*,*,#9229,.F.);
#9229 = EDGE_CURVE('',#3029,#4917,#9230,.T.);
#9230 = SURFACE_CURVE('',#9231,(#9235,#9242),.PCURVE_S1.);
#9231 = LINE('',#9232,#9233);
#9232 = CARTESIAN_POINT('',(0.155079888938,7.,-6.872250448583));
#9233 = VECTOR('',#9234,1.);
#9234 = DIRECTION('',(-0.,-1.,-0.));
#9235 = PCURVE('',#3045,#9236);
#9236 = DEFINITIONAL_REPRESENTATION('',(#9237),#9241);
#9237 = LINE('',#9238,#9239);
#9238 = CARTESIAN_POINT('',(2.256227045571E-02,0.));
#9239 = VECTOR('',#9240,1.);
#9240 = DIRECTION('',(0.,1.));
#9241 = ( GEOMETRIC_REPRESENTATION_CONTEXT(2) 
PARAMETRIC_REPRESENTATION_CONTEXT() REPRESENTATION_CONTEXT('2D SPACE',''
  ) );
#9242 = PCURVE('',#3074,#9243);
#9243 = DEFINITIONAL_REPRESENTATION('',(#9244),#9248);
#9244 = LINE('',#9245,#9246);
#9245 = CARTESIAN_POINT('',(1.433089518171,0.));
#9246 = VECTOR('',#9247,1.);
#9247 = DIRECTION('',(0.,1.));
#9248 = ( GEOMETRIC_REPRESENTATION_CONTEXT(2) 
PARAMETRIC_REPRESENTATION_CONTEXT() REPRESENTATION_CONTEXT('2D SPACE',''
  ) );
#9249 = ORIENTED_EDGE('',*,*,#3028,.F.);
#9250 = ORIENTED_EDGE('',*,*,#9202,.T.);
#9251 = ADVANCED_FACE('',(#9252),#3074,.T.);
#9252 = FACE_BOUND('',#9253,.T.);
#9253 = EDGE_LOOP('',(#9254,#9255,#9276,#9277));
#9254 = ORIENTED_EDGE('',*,*,#4916,.T.);
#9255 = ORIENTED_EDGE('',*,*,#9256,.F.);
#9256 = EDGE_CURVE('',#3058,#4893,#9257,.T.);
#9257 = SURFACE_CURVE('',#9258,(#9262,#9269),.PCURVE_S1.);
#9258 = LINE('',#9259,#9260);
#9259 = CARTESIAN_POINT('',(-0.239550941802,7.,-7.996412654827));
#9260 = VECTOR('',#9261,1.);
#9261 = DIRECTION('',(-0.,-1.,-0.));
#9262 = PCURVE('',#3074,#9263);
#9263 = DEFINITIONAL_REPRESENTATION('',(#9264),#9268);
#9264 = LINE('',#9265,#9266);
#9265 = CARTESIAN_POINT('',(1.033293282701,0.));
#9266 = VECTOR('',#9267,1.);
#9267 = DIRECTION('',(0.,1.));
#9268 = ( GEOMETRIC_REPRESENTATION_CONTEXT(2) 
PARAMETRIC_REPRESENTATION_CONTEXT() REPRESENTATION_CONTEXT('2D SPACE',''
  ) );
#9269 = PCURVE('',#3103,#9270);
#9270 = DEFINITIONAL_REPRESENTATION('',(#9271),#9275);
#9271 = LINE('',#9272,#9273);
#9272 = CARTESIAN_POINT('',(6.25323696286,0.));
#9273 = VECTOR('',#9274,1.);
#9274 = DIRECTION('',(0.,1.));
#9275 = ( GEOMETRIC_REPRESENTATION_CONTEXT(2) 
PARAMETRIC_REPRESENTATION_CONTEXT() REPRESENTATION_CONTEXT('2D SPACE',''
  ) );
#9276 = ORIENTED_EDGE('',*,*,#3057,.F.);
#9277 = ORIENTED_EDGE('',*,*,#9229,.T.);
#9278 = ADVANCED_FACE('',(#9279),#3103,.T.);
#9279 = FACE_BOUND('',#9280,.T.);
#9280 = EDGE_LOOP('',(#9281,#9282,#9303,#9304));
#9281 = ORIENTED_EDGE('',*,*,#4892,.T.);
#9282 = ORIENTED_EDGE('',*,*,#9283,.F.);
#9283 = EDGE_CURVE('',#3087,#4869,#9284,.T.);
#9284 = SURFACE_CURVE('',#9285,(#9289,#9296),.PCURVE_S1.);
#9285 = LINE('',#9286,#9287);
#9286 = CARTESIAN_POINT('',(-0.531864179485,7.,-7.982300451285));
#9287 = VECTOR('',#9288,1.);
#9288 = DIRECTION('',(-0.,-1.,-0.));
#9289 = PCURVE('',#3103,#9290);
#9290 = DEFINITIONAL_REPRESENTATION('',(#9291),#9295);
#9291 = LINE('',#9292,#9293);
#9292 = CARTESIAN_POINT('',(6.216653211333,0.));
#9293 = VECTOR('',#9294,1.);
#9294 = DIRECTION('',(0.,1.));
#9295 = ( GEOMETRIC_REPRESENTATION_CONTEXT(2) 
PARAMETRIC_REPRESENTATION_CONTEXT() REPRESENTATION_CONTEXT('2D SPACE',''
  ) );
#9296 = PCURVE('',#3132,#9297);
#9297 = DEFINITIONAL_REPRESENTATION('',(#9298),#9302);
#9298 = LINE('',#9299,#9300);
#9299 = CARTESIAN_POINT('',(5.153411584313,0.));
#9300 = VECTOR('',#9301,1.);
#9301 = DIRECTION('',(0.,1.));
#9302 = ( GEOMETRIC_REPRESENTATION_CONTEXT(2) 
PARAMETRIC_REPRESENTATION_CONTEXT() REPRESENTATION_CONTEXT('2D SPACE',''
  ) );
#9303 = ORIENTED_EDGE('',*,*,#3086,.F.);
#9304 = ORIENTED_EDGE('',*,*,#9256,.T.);
#9305 = ADVANCED_FACE('',(#9306),#3132,.T.);
#9306 = FACE_BOUND('',#9307,.T.);
#9307 = EDGE_LOOP('',(#9308,#9309,#9330,#9331));
#9308 = ORIENTED_EDGE('',*,*,#4868,.T.);
#9309 = ORIENTED_EDGE('',*,*,#9310,.F.);
#9310 = EDGE_CURVE('',#3116,#4845,#9311,.T.);
#9311 = SURFACE_CURVE('',#9312,(#9316,#9323),.PCURVE_S1.);
#9312 = LINE('',#9313,#9314);
#9313 = CARTESIAN_POINT('',(-0.816368251762,7.,-6.825351190782));
#9314 = VECTOR('',#9315,1.);
#9315 = DIRECTION('',(-0.,-1.,-0.));
#9316 = PCURVE('',#3132,#9317);
#9317 = DEFINITIONAL_REPRESENTATION('',(#9318),#9322);
#9318 = LINE('',#9319,#9320);
#9319 = CARTESIAN_POINT('',(4.753615348843,0.));
#9320 = VECTOR('',#9321,1.);
#9321 = DIRECTION('',(0.,1.));
#9322 = ( GEOMETRIC_REPRESENTATION_CONTEXT(2) 
PARAMETRIC_REPRESENTATION_CONTEXT() REPRESENTATION_CONTEXT('2D SPACE',''
  ) );
#9323 = PCURVE('',#3161,#9324);
#9324 = DEFINITIONAL_REPRESENTATION('',(#9325),#9329);
#9325 = LINE('',#9326,#9327);
#9326 = CARTESIAN_POINT('',(6.164142596558,0.));
#9327 = VECTOR('',#9328,1.);
#9328 = DIRECTION('',(0.,1.));
#9329 = ( GEOMETRIC_REPRESENTATION_CONTEXT(2) 
PARAMETRIC_REPRESENTATION_CONTEXT() REPRESENTATION_CONTEXT('2D SPACE',''
  ) );
#9330 = ORIENTED_EDGE('',*,*,#3115,.F.);
#9331 = ORIENTED_EDGE('',*,*,#9283,.T.);
#9332 = ADVANCED_FACE('',(#9333),#3161,.T.);
#9333 = FACE_BOUND('',#9334,.T.);
#9334 = EDGE_LOOP('',(#9335,#9336,#9357,#9358));
#9335 = ORIENTED_EDGE('',*,*,#4844,.T.);
#9336 = ORIENTED_EDGE('',*,*,#9337,.F.);
#9337 = EDGE_CURVE('',#3145,#4821,#9338,.T.);
#9338 = SURFACE_CURVE('',#9339,(#9343,#9350),.PCURVE_S1.);
#9339 = LINE('',#9340,#9341);
#9340 = CARTESIAN_POINT('',(-1.277130189201,7.,-6.754318209844));
#9341 = VECTOR('',#9342,1.);
#9342 = DIRECTION('',(-0.,-1.,-0.));
#9343 = PCURVE('',#3161,#9344);
#9344 = DEFINITIONAL_REPRESENTATION('',(#9345),#9349);
#9345 = LINE('',#9346,#9347);
#9346 = CARTESIAN_POINT('',(6.096308067396,0.));
#9347 = VECTOR('',#9348,1.);
#9348 = DIRECTION('',(0.,1.));
#9349 = ( GEOMETRIC_REPRESENTATION_CONTEXT(2) 
PARAMETRIC_REPRESENTATION_CONTEXT() REPRESENTATION_CONTEXT('2D SPACE',''
  ) );
#9350 = PCURVE('',#3190,#9351);
#9351 = DEFINITIONAL_REPRESENTATION('',(#9352),#9356);
#9352 = LINE('',#9353,#9354);
#9353 = CARTESIAN_POINT('',(1.223650007931,0.));
#9354 = VECTOR('',#9355,1.);
#9355 = DIRECTION('',(0.,1.));
#9356 = ( GEOMETRIC_REPRESENTATION_CONTEXT(2) 
PARAMETRIC_REPRESENTATION_CONTEXT() REPRESENTATION_CONTEXT('2D SPACE',''
  ) );
#9357 = ORIENTED_EDGE('',*,*,#3144,.F.);
#9358 = ORIENTED_EDGE('',*,*,#9310,.T.);
#9359 = ADVANCED_FACE('',(#9360),#3190,.T.);
#9360 = FACE_BOUND('',#9361,.T.);
#9361 = EDGE_LOOP('',(#9362,#9363,#9384,#9385));
#9362 = ORIENTED_EDGE('',*,*,#4820,.T.);
#9363 = ORIENTED_EDGE('',*,*,#9364,.F.);
#9364 = EDGE_CURVE('',#3174,#4797,#9365,.T.);
#9365 = SURFACE_CURVE('',#9366,(#9370,#9377),.PCURVE_S1.);
#9366 = LINE('',#9367,#9368);
#9367 = CARTESIAN_POINT('',(-1.896863854519,7.,-7.77186641145));
#9368 = VECTOR('',#9369,1.);
#9369 = DIRECTION('',(-0.,-1.,-0.));
#9370 = PCURVE('',#3190,#9371);
#9371 = DEFINITIONAL_REPRESENTATION('',(#9372),#9376);
#9372 = LINE('',#9373,#9374);
#9373 = CARTESIAN_POINT('',(0.823853772462,0.));
#9374 = VECTOR('',#9375,1.);
#9375 = DIRECTION('',(0.,1.));
#9376 = ( GEOMETRIC_REPRESENTATION_CONTEXT(2) 
PARAMETRIC_REPRESENTATION_CONTEXT() REPRESENTATION_CONTEXT('2D SPACE',''
  ) );
#9377 = PCURVE('',#3219,#9378);
#9378 = DEFINITIONAL_REPRESENTATION('',(#9379),#9383);
#9379 = LINE('',#9380,#9381);
#9380 = CARTESIAN_POINT('',(6.043797452621,0.));
#9381 = VECTOR('',#9382,1.);
#9382 = DIRECTION('',(0.,1.));
#9383 = ( GEOMETRIC_REPRESENTATION_CONTEXT(2) 
PARAMETRIC_REPRESENTATION_CONTEXT() REPRESENTATION_CONTEXT('2D SPACE',''
  ) );
#9384 = ORIENTED_EDGE('',*,*,#3173,.F.);
#9385 = ORIENTED_EDGE('',*,*,#9337,.T.);
#9386 = ADVANCED_FACE('',(#9387),#3219,.T.);
#9387 = FACE_BOUND('',#9388,.T.);
#9388 = EDGE_LOOP('',(#9389,#9390,#9411,#9412));
#9389 = ORIENTED_EDGE('',*,*,#4796,.T.);
#9390 = ORIENTED_EDGE('',*,*,#9391,.F.);
#9391 = EDGE_CURVE('',#3203,#4773,#9392,.T.);
#9392 = SURFACE_CURVE('',#9393,(#9397,#9404),.PCURVE_S1.);
#9393 = LINE('',#9394,#9395);
#9394 = CARTESIAN_POINT('',(-2.179855254521,7.,-7.697287253919));
#9395 = VECTOR('',#9396,1.);
#9396 = DIRECTION('',(-0.,-1.,-0.));
#9397 = PCURVE('',#3219,#9398);
#9398 = DEFINITIONAL_REPRESENTATION('',(#9399),#9403);
#9399 = LINE('',#9400,#9401);
#9400 = CARTESIAN_POINT('',(6.007213701094,0.));
#9401 = VECTOR('',#9402,1.);
#9402 = DIRECTION('',(0.,1.));
#9403 = ( GEOMETRIC_REPRESENTATION_CONTEXT(2) 
PARAMETRIC_REPRESENTATION_CONTEXT() REPRESENTATION_CONTEXT('2D SPACE',''
  ) );
#9404 = PCURVE('',#3248,#9405);
#9405 = DEFINITIONAL_REPRESENTATION('',(#9406),#9410);
#9406 = LINE('',#9407,#9408);
#9407 = CARTESIAN_POINT('',(4.943972074074,0.));
#9408 = VECTOR('',#9409,1.);
#9409 = DIRECTION('',(0.,1.));
#9410 = ( GEOMETRIC_REPRESENTATION_CONTEXT(2) 
PARAMETRIC_REPRESENTATION_CONTEXT() REPRESENTATION_CONTEXT('2D SPACE',''
  ) );
#9411 = ORIENTED_EDGE('',*,*,#3202,.F.);
#9412 = ORIENTED_EDGE('',*,*,#9364,.T.);
#9413 = ADVANCED_FACE('',(#9414),#3248,.T.);
#9414 = FACE_BOUND('',#9415,.T.);
#9415 = EDGE_LOOP('',(#9416,#9417,#9438,#9439));
#9416 = ORIENTED_EDGE('',*,*,#4772,.T.);
#9417 = ORIENTED_EDGE('',*,*,#9418,.F.);
#9418 = EDGE_CURVE('',#3232,#4749,#9419,.T.);
#9419 = SURFACE_CURVE('',#9420,(#9424,#9431),.PCURVE_S1.);
#9420 = LINE('',#9421,#9422);
#9421 = CARTESIAN_POINT('',(-2.217598953277,7.,-6.506468387876));
#9422 = VECTOR('',#9423,1.);
#9423 = DIRECTION('',(-0.,-1.,-0.));
#9424 = PCURVE('',#3248,#9425);
#9425 = DEFINITIONAL_REPRESENTATION('',(#9426),#9430);
#9426 = LINE('',#9427,#9428);
#9427 = CARTESIAN_POINT('',(4.544175838604,0.));
#9428 = VECTOR('',#9429,1.);
#9429 = DIRECTION('',(0.,1.));
#9430 = ( GEOMETRIC_REPRESENTATION_CONTEXT(2) 
PARAMETRIC_REPRESENTATION_CONTEXT() REPRESENTATION_CONTEXT('2D SPACE',''
  ) );
#9431 = PCURVE('',#3277,#9432);
#9432 = DEFINITIONAL_REPRESENTATION('',(#9433),#9437);
#9433 = LINE('',#9434,#9435);
#9434 = CARTESIAN_POINT('',(5.954703086319,0.));
#9435 = VECTOR('',#9436,1.);
#9436 = DIRECTION('',(0.,1.));
#9437 = ( GEOMETRIC_REPRESENTATION_CONTEXT(2) 
PARAMETRIC_REPRESENTATION_CONTEXT() REPRESENTATION_CONTEXT('2D SPACE',''
  ) );
#9438 = ORIENTED_EDGE('',*,*,#3231,.F.);
#9439 = ORIENTED_EDGE('',*,*,#9391,.T.);
#9440 = ADVANCED_FACE('',(#9441),#3277,.T.);
#9441 = FACE_BOUND('',#9442,.T.);
#9442 = EDGE_LOOP('',(#9443,#9444,#9465,#9466));
#9443 = ORIENTED_EDGE('',*,*,#4748,.T.);
#9444 = ORIENTED_EDGE('',*,*,#9445,.F.);
#9445 = EDGE_CURVE('',#3261,#4725,#9446,.T.);
#9446 = SURFACE_CURVE('',#9447,(#9451,#9458),.PCURVE_S1.);
#9447 = LINE('',#9448,#9449);
#9448 = CARTESIAN_POINT('',(-2.653523549721,7.,-6.341189854521));
#9449 = VECTOR('',#9450,1.);
#9450 = DIRECTION('',(-0.,-1.,-0.));
#9451 = PCURVE('',#3277,#9452);
#9452 = DEFINITIONAL_REPRESENTATION('',(#9453),#9457);
#9453 = LINE('',#9454,#9455);
#9454 = CARTESIAN_POINT('',(5.886868557157,0.));
#9455 = VECTOR('',#9456,1.);
#9456 = DIRECTION('',(0.,1.));
#9457 = ( GEOMETRIC_REPRESENTATION_CONTEXT(2) 
PARAMETRIC_REPRESENTATION_CONTEXT() REPRESENTATION_CONTEXT('2D SPACE',''
  ) );
#9458 = PCURVE('',#3306,#9459);
#9459 = DEFINITIONAL_REPRESENTATION('',(#9460),#9464);
#9460 = LINE('',#9461,#9462);
#9461 = CARTESIAN_POINT('',(1.014210497692,0.));
#9462 = VECTOR('',#9463,1.);
#9463 = DIRECTION('',(0.,1.));
#9464 = ( GEOMETRIC_REPRESENTATION_CONTEXT(2) 
PARAMETRIC_REPRESENTATION_CONTEXT() REPRESENTATION_CONTEXT('2D SPACE',''
  ) );
#9465 = ORIENTED_EDGE('',*,*,#3260,.F.);
#9466 = ORIENTED_EDGE('',*,*,#9418,.T.);
#9467 = ADVANCED_FACE('',(#9468),#3306,.T.);
#9468 = FACE_BOUND('',#9469,.T.);
#9469 = EDGE_LOOP('',(#9470,#9471,#9492,#9493));
#9470 = ORIENTED_EDGE('',*,*,#4724,.T.);
#9471 = ORIENTED_EDGE('',*,*,#9472,.F.);
#9472 = EDGE_CURVE('',#3290,#4701,#9473,.T.);
#9473 = SURFACE_CURVE('',#9474,(#9478,#9485),.PCURVE_S1.);
#9474 = LINE('',#9475,#9476);
#9475 = CARTESIAN_POINT('',(-3.471274714631,7.,-7.207652312339));
#9476 = VECTOR('',#9477,1.);
#9477 = DIRECTION('',(-0.,-1.,-0.));
#9478 = PCURVE('',#3306,#9479);
#9479 = DEFINITIONAL_REPRESENTATION('',(#9480),#9484);
#9480 = LINE('',#9481,#9482);
#9481 = CARTESIAN_POINT('',(0.614414262222,0.));
#9482 = VECTOR('',#9483,1.);
#9483 = DIRECTION('',(0.,1.));
#9484 = ( GEOMETRIC_REPRESENTATION_CONTEXT(2) 
PARAMETRIC_REPRESENTATION_CONTEXT() REPRESENTATION_CONTEXT('2D SPACE',''
  ) );
#9485 = PCURVE('',#3335,#9486);
#9486 = DEFINITIONAL_REPRESENTATION('',(#9487),#9491);
#9487 = LINE('',#9488,#9489);
#9488 = CARTESIAN_POINT('',(5.834357942381,0.));
#9489 = VECTOR('',#9490,1.);
#9490 = DIRECTION('',(0.,1.));
#9491 = ( GEOMETRIC_REPRESENTATION_CONTEXT(2) 
PARAMETRIC_REPRESENTATION_CONTEXT() REPRESENTATION_CONTEXT('2D SPACE',''
  ) );
#9492 = ORIENTED_EDGE('',*,*,#3289,.F.);
#9493 = ORIENTED_EDGE('',*,*,#9445,.T.);
#9494 = ADVANCED_FACE('',(#9495),#3335,.T.);
#9495 = FACE_BOUND('',#9496,.T.);
#9496 = EDGE_LOOP('',(#9497,#9498,#9519,#9520));
#9497 = ORIENTED_EDGE('',*,*,#4700,.T.);
#9498 = ORIENTED_EDGE('',*,*,#9499,.F.);
#9499 = EDGE_CURVE('',#3319,#4677,#9500,.T.);
#9500 = SURFACE_CURVE('',#9501,(#9505,#9512),.PCURVE_S1.);
#9501 = LINE('',#9502,#9503);
#9502 = CARTESIAN_POINT('',(-3.732576194829,7.,-7.075865667874));
#9503 = VECTOR('',#9504,1.);
#9504 = DIRECTION('',(-0.,-1.,-0.));
#9505 = PCURVE('',#3335,#9506);
#9506 = DEFINITIONAL_REPRESENTATION('',(#9507),#9511);
#9507 = LINE('',#9508,#9509);
#9508 = CARTESIAN_POINT('',(5.797774190855,0.));
#9509 = VECTOR('',#9510,1.);
#9510 = DIRECTION('',(0.,1.));
#9511 = ( GEOMETRIC_REPRESENTATION_CONTEXT(2) 
PARAMETRIC_REPRESENTATION_CONTEXT() REPRESENTATION_CONTEXT('2D SPACE',''
  ) );
#9512 = PCURVE('',#3364,#9513);
#9513 = DEFINITIONAL_REPRESENTATION('',(#9514),#9518);
#9514 = LINE('',#9515,#9516);
#9515 = CARTESIAN_POINT('',(4.734532563834,0.));
#9516 = VECTOR('',#9517,1.);
#9517 = DIRECTION('',(0.,1.));
#9518 = ( GEOMETRIC_REPRESENTATION_CONTEXT(2) 
PARAMETRIC_REPRESENTATION_CONTEXT() REPRESENTATION_CONTEXT('2D SPACE',''
  ) );
#9519 = ORIENTED_EDGE('',*,*,#3318,.F.);
#9520 = ORIENTED_EDGE('',*,*,#9472,.T.);
#9521 = ADVANCED_FACE('',(#9522),#3364,.T.);
#9522 = FACE_BOUND('',#9523,.T.);
#9523 = EDGE_LOOP('',(#9524,#9525,#9546,#9547));
#9524 = ORIENTED_EDGE('',*,*,#4676,.T.);
#9525 = ORIENTED_EDGE('',*,*,#9526,.F.);
#9526 = EDGE_CURVE('',#3348,#4653,#9527,.T.);
#9527 = SURFACE_CURVE('',#9528,(#9532,#9539),.PCURVE_S1.);
#9528 = LINE('',#9529,#9530);
#9529 = CARTESIAN_POINT('',(-3.521909939313,7.,-5.903221694919));
#9530 = VECTOR('',#9531,1.);
#9531 = DIRECTION('',(-0.,-1.,-0.));
#9532 = PCURVE('',#3364,#9533);
#9533 = DEFINITIONAL_REPRESENTATION('',(#9534),#9538);
#9534 = LINE('',#9535,#9536);
#9535 = CARTESIAN_POINT('',(4.334736328365,0.));
#9536 = VECTOR('',#9537,1.);
#9537 = DIRECTION('',(0.,1.));
#9538 = ( GEOMETRIC_REPRESENTATION_CONTEXT(2) 
PARAMETRIC_REPRESENTATION_CONTEXT() REPRESENTATION_CONTEXT('2D SPACE',''
  ) );
#9539 = PCURVE('',#3393,#9540);
#9540 = DEFINITIONAL_REPRESENTATION('',(#9541),#9545);
#9541 = LINE('',#9542,#9543);
#9542 = CARTESIAN_POINT('',(5.74526357608,0.));
#9543 = VECTOR('',#9544,1.);
#9544 = DIRECTION('',(0.,1.));
#9545 = ( GEOMETRIC_REPRESENTATION_CONTEXT(2) 
PARAMETRIC_REPRESENTATION_CONTEXT() REPRESENTATION_CONTEXT('2D SPACE',''
  ) );
#9546 = ORIENTED_EDGE('',*,*,#3347,.F.);
#9547 = ORIENTED_EDGE('',*,*,#9499,.T.);
#9548 = ADVANCED_FACE('',(#9549),#3393,.T.);
#9549 = FACE_BOUND('',#9550,.T.);
#9550 = EDGE_LOOP('',(#9551,#9552,#9573,#9574));
#9551 = ORIENTED_EDGE('',*,*,#4652,.T.);
#9552 = ORIENTED_EDGE('',*,*,#9553,.F.);
#9553 = EDGE_CURVE('',#3377,#4629,#9554,.T.);
#9554 = SURFACE_CURVE('',#9555,(#9559,#9566),.PCURVE_S1.);
#9555 = LINE('',#9556,#9557);
#9556 = CARTESIAN_POINT('',(-3.9139451981,7.,-5.65092107415));
#9557 = VECTOR('',#9558,1.);
#9558 = DIRECTION('',(-0.,-1.,-0.));
#9559 = PCURVE('',#3393,#9560);
#9560 = DEFINITIONAL_REPRESENTATION('',(#9561),#9565);
#9561 = LINE('',#9562,#9563);
#9562 = CARTESIAN_POINT('',(5.677429046917,0.));
#9563 = VECTOR('',#9564,1.);
#9564 = DIRECTION('',(0.,1.));
#9565 = ( GEOMETRIC_REPRESENTATION_CONTEXT(2) 
PARAMETRIC_REPRESENTATION_CONTEXT() REPRESENTATION_CONTEXT('2D SPACE',''
  ) );
#9566 = PCURVE('',#3422,#9567);
#9567 = DEFINITIONAL_REPRESENTATION('',(#9568),#9572);
#9568 = LINE('',#9569,#9570);
#9569 = CARTESIAN_POINT('',(0.804770987453,0.));
#9570 = VECTOR('',#9571,1.);
#9571 = DIRECTION('',(0.,1.));
#9572 = ( GEOMETRIC_REPRESENTATION_CONTEXT(2) 
PARAMETRIC_REPRESENTATION_CONTEXT() REPRESENTATION_CONTEXT('2D SPACE',''
  ) );
#9573 = ORIENTED_EDGE('',*,*,#3376,.F.);
#9574 = ORIENTED_EDGE('',*,*,#9526,.T.);
#9575 = ADVANCED_FACE('',(#9576),#3422,.T.);
#9576 = FACE_BOUND('',#9577,.T.);
#9577 = EDGE_LOOP('',(#9578,#9579,#9600,#9601));
#9578 = ORIENTED_EDGE('',*,*,#4628,.T.);
#9579 = ORIENTED_EDGE('',*,*,#9580,.F.);
#9580 = EDGE_CURVE('',#3406,#4605,#9581,.T.);
#9581 = SURFACE_CURVE('',#9582,(#9586,#9593),.PCURVE_S1.);
#9582 = LINE('',#9583,#9584);
#9583 = CARTESIAN_POINT('',(-4.893974212689,7.,-6.328429221026));
#9584 = VECTOR('',#9585,1.);
#9585 = DIRECTION('',(-0.,-1.,-0.));
#9586 = PCURVE('',#3422,#9587);
#9587 = DEFINITIONAL_REPRESENTATION('',(#9588),#9592);
#9588 = LINE('',#9589,#9590);
#9589 = CARTESIAN_POINT('',(0.404974751983,0.));
#9590 = VECTOR('',#9591,1.);
#9591 = DIRECTION('',(0.,1.));
#9592 = ( GEOMETRIC_REPRESENTATION_CONTEXT(2) 
PARAMETRIC_REPRESENTATION_CONTEXT() REPRESENTATION_CONTEXT('2D SPACE',''
  ) );
#9593 = PCURVE('',#3451,#9594);
#9594 = DEFINITIONAL_REPRESENTATION('',(#9595),#9599);
#9595 = LINE('',#9596,#9597);
#9596 = CARTESIAN_POINT('',(5.624918432142,0.));
#9597 = VECTOR('',#9598,1.);
#9598 = DIRECTION('',(0.,1.));
#9599 = ( GEOMETRIC_REPRESENTATION_CONTEXT(2) 
PARAMETRIC_REPRESENTATION_CONTEXT() REPRESENTATION_CONTEXT('2D SPACE',''
  ) );
#9600 = ORIENTED_EDGE('',*,*,#3405,.F.);
#9601 = ORIENTED_EDGE('',*,*,#9553,.T.);
#9602 = ADVANCED_FACE('',(#9603),#3451,.T.);
#9603 = FACE_BOUND('',#9604,.T.);
#9604 = EDGE_LOOP('',(#9605,#9606,#9627,#9628));
#9605 = ORIENTED_EDGE('',*,*,#4604,.T.);
#9606 = ORIENTED_EDGE('',*,*,#9607,.F.);
#9607 = EDGE_CURVE('',#3435,#4581,#9608,.T.);
#9608 = SURFACE_CURVE('',#9609,(#9613,#9620),.PCURVE_S1.);
#9609 = LINE('',#9610,#9611);
#9610 = CARTESIAN_POINT('',(-5.122165644535,7.,-6.145194798373));
#9611 = VECTOR('',#9612,1.);
#9612 = DIRECTION('',(-0.,-1.,-0.));
#9613 = PCURVE('',#3451,#9614);
#9614 = DEFINITIONAL_REPRESENTATION('',(#9615),#9619);
#9615 = LINE('',#9616,#9617);
#9616 = CARTESIAN_POINT('',(5.588334680616,0.));
#9617 = VECTOR('',#9618,1.);
#9618 = DIRECTION('',(0.,1.));
#9619 = ( GEOMETRIC_REPRESENTATION_CONTEXT(2) 
PARAMETRIC_REPRESENTATION_CONTEXT() REPRESENTATION_CONTEXT('2D SPACE',''
  ) );
#9620 = PCURVE('',#3480,#9621);
#9621 = DEFINITIONAL_REPRESENTATION('',(#9622),#9626);
#9622 = LINE('',#9623,#9624);
#9623 = CARTESIAN_POINT('',(4.525093053595,0.));
#9624 = VECTOR('',#9625,1.);
#9625 = DIRECTION('',(0.,1.));
#9626 = ( GEOMETRIC_REPRESENTATION_CONTEXT(2) 
PARAMETRIC_REPRESENTATION_CONTEXT() REPRESENTATION_CONTEXT('2D SPACE',''
  ) );
#9627 = ORIENTED_EDGE('',*,*,#3434,.F.);
#9628 = ORIENTED_EDGE('',*,*,#9580,.T.);
#9629 = ADVANCED_FACE('',(#9630),#3480,.T.);
#9630 = FACE_BOUND('',#9631,.T.);
#9631 = EDGE_LOOP('',(#9632,#9633,#9654,#9655));
#9632 = ORIENTED_EDGE('',*,*,#4580,.T.);
#9633 = ORIENTED_EDGE('',*,*,#9634,.F.);
#9634 = EDGE_CURVE('',#3464,#4557,#9635,.T.);
#9635 = SURFACE_CURVE('',#9636,(#9640,#9647),.PCURVE_S1.);
#9636 = LINE('',#9637,#9638);
#9637 = CARTESIAN_POINT('',(-4.672296561002,7.,-5.041975887095));
#9638 = VECTOR('',#9639,1.);
#9639 = DIRECTION('',(-0.,-1.,-0.));
#9640 = PCURVE('',#3480,#9641);
#9641 = DEFINITIONAL_REPRESENTATION('',(#9642),#9646);
#9642 = LINE('',#9643,#9644);
#9643 = CARTESIAN_POINT('',(4.125296818125,0.));
#9644 = VECTOR('',#9645,1.);
#9645 = DIRECTION('',(0.,1.));
#9646 = ( GEOMETRIC_REPRESENTATION_CONTEXT(2) 
PARAMETRIC_REPRESENTATION_CONTEXT() REPRESENTATION_CONTEXT('2D SPACE',''
  ) );
#9647 = PCURVE('',#3509,#9648);
#9648 = DEFINITIONAL_REPRESENTATION('',(#9649),#9653);
#9649 = LINE('',#9650,#9651);
#9650 = CARTESIAN_POINT('',(5.53582406584,0.));
#9651 = VECTOR('',#9652,1.);
#9652 = DIRECTION('',(0.,1.));
#9653 = ( GEOMETRIC_REPRESENTATION_CONTEXT(2) 
PARAMETRIC_REPRESENTATION_CONTEXT() REPRESENTATION_CONTEXT('2D SPACE',''
  ) );
#9654 = ORIENTED_EDGE('',*,*,#3463,.F.);
#9655 = ORIENTED_EDGE('',*,*,#9607,.T.);
#9656 = ADVANCED_FACE('',(#9657),#3509,.T.);
#9657 = FACE_BOUND('',#9658,.T.);
#9658 = EDGE_LOOP('',(#9659,#9660,#9681,#9682));
#9659 = ORIENTED_EDGE('',*,*,#4556,.T.);
#9660 = ORIENTED_EDGE('',*,*,#9661,.F.);
#9661 = EDGE_CURVE('',#3493,#4533,#9662,.T.);
#9662 = SURFACE_CURVE('',#9663,(#9667,#9674),.PCURVE_S1.);
#9663 = LINE('',#9664,#9665);
#9664 = CARTESIAN_POINT('',(-5.00330866013,7.,-4.71367992671));
#9665 = VECTOR('',#9666,1.);
#9666 = DIRECTION('',(-0.,-1.,-0.));
#9667 = PCURVE('',#3509,#9668);
#9668 = DEFINITIONAL_REPRESENTATION('',(#9669),#9673);
#9669 = LINE('',#9670,#9671);
#9670 = CARTESIAN_POINT('',(5.467989536678,0.));
#9671 = VECTOR('',#9672,1.);
#9672 = DIRECTION('',(0.,1.));
#9673 = ( GEOMETRIC_REPRESENTATION_CONTEXT(2) 
PARAMETRIC_REPRESENTATION_CONTEXT() REPRESENTATION_CONTEXT('2D SPACE',''
  ) );
#9674 = PCURVE('',#3538,#9675);
#9675 = DEFINITIONAL_REPRESENTATION('',(#9676),#9680);
#9676 = LINE('',#9677,#9678);
#9677 = CARTESIAN_POINT('',(0.595331477213,0.));
#9678 = VECTOR('',#9679,1.);
#9679 = DIRECTION('',(0.,1.));
#9680 = ( GEOMETRIC_REPRESENTATION_CONTEXT(2) 
PARAMETRIC_REPRESENTATION_CONTEXT() REPRESENTATION_CONTEXT('2D SPACE',''
  ) );
#9681 = ORIENTED_EDGE('',*,*,#3492,.F.);
#9682 = ORIENTED_EDGE('',*,*,#9634,.T.);
#9683 = ADVANCED_FACE('',(#9684),#3538,.T.);
#9684 = FACE_BOUND('',#9685,.T.);
#9685 = EDGE_LOOP('',(#9686,#9687,#9708,#9709));
#9686 = ORIENTED_EDGE('',*,*,#4532,.T.);
#9687 = ORIENTED_EDGE('',*,*,#9688,.F.);
#9688 = EDGE_CURVE('',#3522,#4509,#9689,.T.);
#9689 = SURFACE_CURVE('',#9690,(#9694,#9701),.PCURVE_S1.);
#9690 = LINE('',#9691,#9692);
#9691 = CARTESIAN_POINT('',(-6.102783553759,7.,-5.172623405582));
#9692 = VECTOR('',#9693,1.);
#9693 = DIRECTION('',(-0.,-1.,-0.));
#9694 = PCURVE('',#3538,#9695);
#9695 = DEFINITIONAL_REPRESENTATION('',(#9696),#9700);
#9696 = LINE('',#9697,#9698);
#9697 = CARTESIAN_POINT('',(0.195535241744,0.));
#9698 = VECTOR('',#9699,1.);
#9699 = DIRECTION('',(0.,1.));
#9700 = ( GEOMETRIC_REPRESENTATION_CONTEXT(2) 
PARAMETRIC_REPRESENTATION_CONTEXT() REPRESENTATION_CONTEXT('2D SPACE',''
  ) );
#9701 = PCURVE('',#3567,#9702);
#9702 = DEFINITIONAL_REPRESENTATION('',(#9703),#9707);
#9703 = LINE('',#9704,#9705);
#9704 = CARTESIAN_POINT('',(5.415478921903,0.));
#9705 = VECTOR('',#9706,1.);
#9706 = DIRECTION('',(0.,1.));
#9707 = ( GEOMETRIC_REPRESENTATION_CONTEXT(2) 
PARAMETRIC_REPRESENTATION_CONTEXT() REPRESENTATION_CONTEXT('2D SPACE',''
  ) );
#9708 = ORIENTED_EDGE('',*,*,#3521,.F.);
#9709 = ORIENTED_EDGE('',*,*,#9661,.T.);
#9710 = ADVANCED_FACE('',(#9711),#3567,.T.);
#9711 = FACE_BOUND('',#9712,.T.);
#9712 = EDGE_LOOP('',(#9713,#9714,#9735,#9736));
#9713 = ORIENTED_EDGE('',*,*,#4508,.T.);
#9714 = ORIENTED_EDGE('',*,*,#9715,.F.);
#9715 = EDGE_CURVE('',#3551,#4485,#9716,.T.);
#9716 = SURFACE_CURVE('',#9717,(#9721,#9728),.PCURVE_S1.);
#9717 = LINE('',#9718,#9719);
#9718 = CARTESIAN_POINT('',(-6.287891876697,7.,-4.945949428266));
#9719 = VECTOR('',#9720,1.);
#9720 = DIRECTION('',(-0.,-1.,-0.));
#9721 = PCURVE('',#3567,#9722);
#9722 = DEFINITIONAL_REPRESENTATION('',(#9723),#9727);
#9723 = LINE('',#9724,#9725);
#9724 = CARTESIAN_POINT('',(5.378895170376,0.));
#9725 = VECTOR('',#9726,1.);
#9726 = DIRECTION('',(0.,1.));
#9727 = ( GEOMETRIC_REPRESENTATION_CONTEXT(2) 
PARAMETRIC_REPRESENTATION_CONTEXT() REPRESENTATION_CONTEXT('2D SPACE',''
  ) );
#9728 = PCURVE('',#3596,#9729);
#9729 = DEFINITIONAL_REPRESENTATION('',(#9730),#9734);
#9730 = LINE('',#9731,#9732);
#9731 = CARTESIAN_POINT('',(4.315653543356,0.));
#9732 = VECTOR('',#9733,1.);
#9733 = DIRECTION('',(0.,1.));
#9734 = ( GEOMETRIC_REPRESENTATION_CONTEXT(2) 
PARAMETRIC_REPRESENTATION_CONTEXT() REPRESENTATION_CONTEXT('2D SPACE',''
  ) );
#9735 = ORIENTED_EDGE('',*,*,#3550,.F.);
#9736 = ORIENTED_EDGE('',*,*,#9688,.T.);
#9737 = ADVANCED_FACE('',(#9738),#3596,.T.);
#9738 = FACE_BOUND('',#9739,.T.);
#9739 = EDGE_LOOP('',(#9740,#9741,#9762,#9763));
#9740 = ORIENTED_EDGE('',*,*,#4484,.T.);
#9741 = ORIENTED_EDGE('',*,*,#9742,.F.);
#9742 = EDGE_CURVE('',#3580,#4461,#9743,.T.);
#9743 = SURFACE_CURVE('',#9744,(#9748,#9755),.PCURVE_S1.);
#9744 = LINE('',#9745,#9746);
#9745 = CARTESIAN_POINT('',(-5.61848140281,7.,-3.960371538919));
#9746 = VECTOR('',#9747,1.);
#9747 = DIRECTION('',(-0.,-1.,-0.));
#9748 = PCURVE('',#3596,#9749);
#9749 = DEFINITIONAL_REPRESENTATION('',(#9750),#9754);
#9750 = LINE('',#9751,#9752);
#9751 = CARTESIAN_POINT('',(3.915857307886,0.));
#9752 = VECTOR('',#9753,1.);
#9753 = DIRECTION('',(0.,1.));
#9754 = ( GEOMETRIC_REPRESENTATION_CONTEXT(2) 
PARAMETRIC_REPRESENTATION_CONTEXT() REPRESENTATION_CONTEXT('2D SPACE',''
  ) );
#9755 = PCURVE('',#3625,#9756);
#9756 = DEFINITIONAL_REPRESENTATION('',(#9757),#9761);
#9757 = LINE('',#9758,#9759);
#9758 = CARTESIAN_POINT('',(5.326384555601,0.));
#9759 = VECTOR('',#9760,1.);
#9760 = DIRECTION('',(0.,1.));
#9761 = ( GEOMETRIC_REPRESENTATION_CONTEXT(2) 
PARAMETRIC_REPRESENTATION_CONTEXT() REPRESENTATION_CONTEXT('2D SPACE',''
  ) );
#9762 = ORIENTED_EDGE('',*,*,#3579,.F.);
#9763 = ORIENTED_EDGE('',*,*,#9715,.T.);
#9764 = ADVANCED_FACE('',(#9765),#3625,.T.);
#9765 = FACE_BOUND('',#9766,.T.);
#9766 = EDGE_LOOP('',(#9767,#9768,#9789,#9790));
#9767 = ORIENTED_EDGE('',*,*,#4460,.T.);
#9768 = ORIENTED_EDGE('',*,*,#9769,.F.);
#9769 = EDGE_CURVE('',#3609,#4437,#9770,.T.);
#9770 = SURFACE_CURVE('',#9771,(#9775,#9782),.PCURVE_S1.);
#9771 = LINE('',#9772,#9773);
#9772 = CARTESIAN_POINT('',(-5.874003525172,7.,-3.570428347728));
#9773 = VECTOR('',#9774,1.);
#9774 = DIRECTION('',(-0.,-1.,-0.));
#9775 = PCURVE('',#3625,#9776);
#9776 = DEFINITIONAL_REPRESENTATION('',(#9777),#9781);
#9777 = LINE('',#9778,#9779);
#9778 = CARTESIAN_POINT('',(5.258550026439,0.));
#9779 = VECTOR('',#9780,1.);
#9780 = DIRECTION('',(0.,1.));
#9781 = ( GEOMETRIC_REPRESENTATION_CONTEXT(2) 
PARAMETRIC_REPRESENTATION_CONTEXT() REPRESENTATION_CONTEXT('2D SPACE',''
  ) );
#9782 = PCURVE('',#323,#9783);
#9783 = DEFINITIONAL_REPRESENTATION('',(#9784),#9788);
#9784 = LINE('',#9785,#9786);
#9785 = CARTESIAN_POINT('',(0.385891966974,0.));
#9786 = VECTOR('',#9787,1.);
#9787 = DIRECTION('',(0.,1.));
#9788 = ( GEOMETRIC_REPRESENTATION_CONTEXT(2) 
PARAMETRIC_REPRESENTATION_CONTEXT() REPRESENTATION_CONTEXT('2D SPACE',''
  ) );
#9789 = ORIENTED_EDGE('',*,*,#3608,.F.);
#9790 = ORIENTED_EDGE('',*,*,#9742,.T.);
#9791 = ADVANCED_FACE('',(#9792),#323,.T.);
#9792 = FACE_BOUND('',#9793,.T.);
#9793 = EDGE_LOOP('',(#9794,#9795,#9796,#9797));
#9794 = ORIENTED_EDGE('',*,*,#307,.F.);
#9795 = ORIENTED_EDGE('',*,*,#3637,.F.);
#9796 = ORIENTED_EDGE('',*,*,#9769,.T.);
#9797 = ORIENTED_EDGE('',*,*,#4436,.T.);
#9798 = ADVANCED_FACE('',(#9799),#373,.T.);
#9799 = FACE_BOUND('',#9800,.T.);
#9800 = EDGE_LOOP('',(#9801,#9802,#9823,#9824));
#9801 = ORIENTED_EDGE('',*,*,#4413,.T.);
#9802 = ORIENTED_EDGE('',*,*,#9803,.F.);
#9803 = EDGE_CURVE('',#3661,#4390,#9804,.T.);
#9804 = SURFACE_CURVE('',#9805,(#9809,#9816),.PCURVE_S1.);
#9805 = LINE('',#9806,#9807);
#9806 = CARTESIAN_POINT('',(-7.178807061195,7.,-3.530542334846));
#9807 = VECTOR('',#9808,1.);
#9808 = DIRECTION('',(-0.,-1.,-0.));
#9809 = PCURVE('',#373,#9810);
#9810 = DEFINITIONAL_REPRESENTATION('',(#9811),#9815);
#9811 = LINE('',#9812,#9813);
#9812 = CARTESIAN_POINT('',(5.169455660137,0.));
#9813 = VECTOR('',#9814,1.);
#9814 = DIRECTION('',(0.,1.));
#9815 = ( GEOMETRIC_REPRESENTATION_CONTEXT(2) 
PARAMETRIC_REPRESENTATION_CONTEXT() REPRESENTATION_CONTEXT('2D SPACE',''
  ) );
#9816 = PCURVE('',#3701,#9817);
#9817 = DEFINITIONAL_REPRESENTATION('',(#9818),#9822);
#9818 = LINE('',#9819,#9820);
#9819 = CARTESIAN_POINT('',(4.106214033116,0.));
#9820 = VECTOR('',#9821,1.);
#9821 = DIRECTION('',(0.,1.));
#9822 = ( GEOMETRIC_REPRESENTATION_CONTEXT(2) 
PARAMETRIC_REPRESENTATION_CONTEXT() REPRESENTATION_CONTEXT('2D SPACE',''
  ) );
#9823 = ORIENTED_EDGE('',*,*,#3660,.F.);
#9824 = ORIENTED_EDGE('',*,*,#359,.T.);
#9825 = ADVANCED_FACE('',(#9826),#3701,.T.);
#9826 = FACE_BOUND('',#9827,.T.);
#9827 = EDGE_LOOP('',(#9828,#9829,#9850,#9851));
#9828 = ORIENTED_EDGE('',*,*,#4389,.T.);
#9829 = ORIENTED_EDGE('',*,*,#9830,.F.);
#9830 = EDGE_CURVE('',#3685,#4366,#9831,.T.);
#9831 = SURFACE_CURVE('',#9832,(#9836,#9843),.PCURVE_S1.);
#9832 = LINE('',#9833,#9834);
#9833 = CARTESIAN_POINT('',(-6.319111646849,7.,-2.705679950522));
#9834 = VECTOR('',#9835,1.);
#9835 = DIRECTION('',(-0.,-1.,-0.));
#9836 = PCURVE('',#3701,#9837);
#9837 = DEFINITIONAL_REPRESENTATION('',(#9838),#9842);
#9838 = LINE('',#9839,#9840);
#9839 = CARTESIAN_POINT('',(3.706417797647,0.));
#9840 = VECTOR('',#9841,1.);
#9841 = DIRECTION('',(0.,1.));
#9842 = ( GEOMETRIC_REPRESENTATION_CONTEXT(2) 
PARAMETRIC_REPRESENTATION_CONTEXT() REPRESENTATION_CONTEXT('2D SPACE',''
  ) );
#9843 = PCURVE('',#3730,#9844);
#9844 = DEFINITIONAL_REPRESENTATION('',(#9845),#9849);
#9845 = LINE('',#9846,#9847);
#9846 = CARTESIAN_POINT('',(5.116945045362,0.));
#9847 = VECTOR('',#9848,1.);
#9848 = DIRECTION('',(0.,1.));
#9849 = ( GEOMETRIC_REPRESENTATION_CONTEXT(2) 
PARAMETRIC_REPRESENTATION_CONTEXT() REPRESENTATION_CONTEXT('2D SPACE',''
  ) );
#9850 = ORIENTED_EDGE('',*,*,#3684,.F.);
#9851 = ORIENTED_EDGE('',*,*,#9803,.T.);
#9852 = ADVANCED_FACE('',(#9853),#3730,.T.);
#9853 = FACE_BOUND('',#9854,.T.);
#9854 = EDGE_LOOP('',(#9855,#9856,#9877,#9878));
#9855 = ORIENTED_EDGE('',*,*,#4365,.T.);
#9856 = ORIENTED_EDGE('',*,*,#9857,.F.);
#9857 = EDGE_CURVE('',#3714,#4342,#9858,.T.);
#9858 = SURFACE_CURVE('',#9859,(#9863,#9870),.PCURVE_S1.);
#9859 = LINE('',#9860,#9861);
#9860 = CARTESIAN_POINT('',(-6.487976249569,7.,-2.271131917134));
#9861 = VECTOR('',#9862,1.);
#9862 = DIRECTION('',(-0.,-1.,-0.));
#9863 = PCURVE('',#3730,#9864);
#9864 = DEFINITIONAL_REPRESENTATION('',(#9865),#9869);
#9865 = LINE('',#9866,#9867);
#9866 = CARTESIAN_POINT('',(5.049110516199,0.));
#9867 = VECTOR('',#9868,1.);
#9868 = DIRECTION('',(0.,1.));
#9869 = ( GEOMETRIC_REPRESENTATION_CONTEXT(2) 
PARAMETRIC_REPRESENTATION_CONTEXT() REPRESENTATION_CONTEXT('2D SPACE',''
  ) );
#9870 = PCURVE('',#211,#9871);
#9871 = DEFINITIONAL_REPRESENTATION('',(#9872),#9876);
#9872 = LINE('',#9873,#9874);
#9873 = CARTESIAN_POINT('',(0.176452456735,0.));
#9874 = VECTOR('',#9875,1.);
#9875 = DIRECTION('',(0.,1.));
#9876 = ( GEOMETRIC_REPRESENTATION_CONTEXT(2) 
PARAMETRIC_REPRESENTATION_CONTEXT() REPRESENTATION_CONTEXT('2D SPACE',''
  ) );
#9877 = ORIENTED_EDGE('',*,*,#3713,.F.);
#9878 = ORIENTED_EDGE('',*,*,#9830,.T.);
#9879 = ADVANCED_FACE('',(#9880),#211,.T.);
#9880 = FACE_BOUND('',#9881,.T.);
#9881 = EDGE_LOOP('',(#9882,#9883,#9884,#9885));
#9882 = ORIENTED_EDGE('',*,*,#195,.F.);
#9883 = ORIENTED_EDGE('',*,*,#3742,.F.);
#9884 = ORIENTED_EDGE('',*,*,#9857,.T.);
#9885 = ORIENTED_EDGE('',*,*,#4341,.T.);
#9886 = ADVANCED_FACE('',(#9887),#261,.T.);
#9887 = FACE_BOUND('',#9888,.T.);
#9888 = EDGE_LOOP('',(#9889,#9890,#9911,#9912));
#9889 = ORIENTED_EDGE('',*,*,#4318,.T.);
#9890 = ORIENTED_EDGE('',*,*,#9891,.F.);
#9891 = EDGE_CURVE('',#3766,#4295,#9892,.T.);
#9892 = SURFACE_CURVE('',#9893,(#9897,#9904),.PCURVE_S1.);
#9893 = LINE('',#9894,#9895);
#9894 = CARTESIAN_POINT('',(-7.75597392938,7.,-1.960833599971));
#9895 = VECTOR('',#9896,1.);
#9896 = DIRECTION('',(-0.,-1.,-0.));
#9897 = PCURVE('',#261,#9898);
#9898 = DEFINITIONAL_REPRESENTATION('',(#9899),#9903);
#9899 = LINE('',#9900,#9901);
#9900 = CARTESIAN_POINT('',(4.960016149898,0.));
#9901 = VECTOR('',#9902,1.);
#9902 = DIRECTION('',(0.,1.));
#9903 = ( GEOMETRIC_REPRESENTATION_CONTEXT(2) 
PARAMETRIC_REPRESENTATION_CONTEXT() REPRESENTATION_CONTEXT('2D SPACE',''
  ) );
#9904 = PCURVE('',#3806,#9905);
#9905 = DEFINITIONAL_REPRESENTATION('',(#9906),#9910);
#9906 = LINE('',#9907,#9908);
#9907 = CARTESIAN_POINT('',(3.896774522877,0.));
#9908 = VECTOR('',#9909,1.);
#9909 = DIRECTION('',(0.,1.));
#9910 = ( GEOMETRIC_REPRESENTATION_CONTEXT(2) 
PARAMETRIC_REPRESENTATION_CONTEXT() REPRESENTATION_CONTEXT('2D SPACE',''
  ) );
#9911 = ORIENTED_EDGE('',*,*,#3765,.F.);
#9912 = ORIENTED_EDGE('',*,*,#247,.T.);
#9913 = ADVANCED_FACE('',(#9914),#3806,.T.);
#9914 = FACE_BOUND('',#9915,.T.);
#9915 = EDGE_LOOP('',(#9916,#9917,#9938,#9939));
#9916 = ORIENTED_EDGE('',*,*,#4294,.T.);
#9917 = ORIENTED_EDGE('',*,*,#9918,.F.);
#9918 = EDGE_CURVE('',#3790,#4271,#9919,.T.);
#9919 = SURFACE_CURVE('',#9920,(#9924,#9931),.PCURVE_S1.);
#9920 = LINE('',#9921,#9922);
#9921 = CARTESIAN_POINT('',(-6.743566389459,7.,-1.332737164994));
#9922 = VECTOR('',#9923,1.);
#9923 = DIRECTION('',(-0.,-1.,-0.));
#9924 = PCURVE('',#3806,#9925);
#9925 = DEFINITIONAL_REPRESENTATION('',(#9926),#9930);
#9926 = LINE('',#9927,#9928);
#9927 = CARTESIAN_POINT('',(3.496978287407,0.));
#9928 = VECTOR('',#9929,1.);
#9929 = DIRECTION('',(0.,1.));
#9930 = ( GEOMETRIC_REPRESENTATION_CONTEXT(2) 
PARAMETRIC_REPRESENTATION_CONTEXT() REPRESENTATION_CONTEXT('2D SPACE',''
  ) );
#9931 = PCURVE('',#3835,#9932);
#9932 = DEFINITIONAL_REPRESENTATION('',(#9933),#9937);
#9933 = LINE('',#9934,#9935);
#9934 = CARTESIAN_POINT('',(4.907505535122,0.));
#9935 = VECTOR('',#9936,1.);
#9936 = DIRECTION('',(0.,1.));
#9937 = ( GEOMETRIC_REPRESENTATION_CONTEXT(2) 
PARAMETRIC_REPRESENTATION_CONTEXT() REPRESENTATION_CONTEXT('2D SPACE',''
  ) );
#9938 = ORIENTED_EDGE('',*,*,#3789,.F.);
#9939 = ORIENTED_EDGE('',*,*,#9891,.T.);
#9940 = ADVANCED_FACE('',(#9941),#3835,.T.);
#9941 = FACE_BOUND('',#9942,.T.);
#9942 = EDGE_LOOP('',(#9943,#9944,#9965,#9966));
#9943 = ORIENTED_EDGE('',*,*,#4270,.T.);
#9944 = ORIENTED_EDGE('',*,*,#9945,.F.);
#9945 = EDGE_CURVE('',#3819,#4247,#9946,.T.);
#9946 = SURFACE_CURVE('',#9947,(#9951,#9958),.PCURVE_S1.);
#9947 = LINE('',#9948,#9949);
#9948 = CARTESIAN_POINT('',(-6.818393279096,7.,-0.872576123661));
#9949 = VECTOR('',#9950,1.);
#9950 = DIRECTION('',(-0.,-1.,-0.));
#9951 = PCURVE('',#3835,#9952);
#9952 = DEFINITIONAL_REPRESENTATION('',(#9953),#9957);
#9953 = LINE('',#9954,#9955);
#9954 = CARTESIAN_POINT('',(4.83967100596,0.));
#9955 = VECTOR('',#9956,1.);
#9956 = DIRECTION('',(0.,1.));
#9957 = ( GEOMETRIC_REPRESENTATION_CONTEXT(2) 
PARAMETRIC_REPRESENTATION_CONTEXT() REPRESENTATION_CONTEXT('2D SPACE',''
  ) );
#9958 = PCURVE('',#3864,#9959);
#9959 = DEFINITIONAL_REPRESENTATION('',(#9960),#9964);
#9960 = LINE('',#9961,#9962);
#9961 = CARTESIAN_POINT('',(6.250198253675,0.));
#9962 = VECTOR('',#9963,1.);
#9963 = DIRECTION('',(0.,1.));
#9964 = ( GEOMETRIC_REPRESENTATION_CONTEXT(2) 
PARAMETRIC_REPRESENTATION_CONTEXT() REPRESENTATION_CONTEXT('2D SPACE',''
  ) );
#9965 = ORIENTED_EDGE('',*,*,#3818,.F.);
#9966 = ORIENTED_EDGE('',*,*,#9918,.T.);
#9967 = ADVANCED_FACE('',(#9968),#3864,.T.);
#9968 = FACE_BOUND('',#9969,.T.);
#9969 = EDGE_LOOP('',(#9970,#9971,#9992,#9993));
#9970 = ORIENTED_EDGE('',*,*,#4246,.T.);
#9971 = ORIENTED_EDGE('',*,*,#9972,.F.);
#9972 = EDGE_CURVE('',#3848,#4223,#9973,.T.);
#9973 = SURFACE_CURVE('',#9974,(#9978,#9985),.PCURVE_S1.);
#9974 = LINE('',#9975,#9976);
#9975 = CARTESIAN_POINT('',(-7.977647361447,7.,-0.597614069785));
#9976 = VECTOR('',#9977,1.);
#9977 = DIRECTION('',(-0.,-1.,-0.));
#9978 = PCURVE('',#3864,#9979);
#9979 = DEFINITIONAL_REPRESENTATION('',(#9980),#9984);
#9980 = LINE('',#9981,#9982);
#9981 = CARTESIAN_POINT('',(5.850402018205,0.));
#9982 = VECTOR('',#9983,1.);
#9983 = DIRECTION('',(0.,1.));
#9984 = ( GEOMETRIC_REPRESENTATION_CONTEXT(2) 
PARAMETRIC_REPRESENTATION_CONTEXT() REPRESENTATION_CONTEXT('2D SPACE',''
  ) );
#9985 = PCURVE('',#3893,#9986);
#9986 = DEFINITIONAL_REPRESENTATION('',(#9987),#9991);
#9987 = LINE('',#9988,#9989);
#9988 = CARTESIAN_POINT('',(4.787160391185,0.));
#9989 = VECTOR('',#9990,1.);
#9990 = DIRECTION('',(0.,1.));
#9991 = ( GEOMETRIC_REPRESENTATION_CONTEXT(2) 
PARAMETRIC_REPRESENTATION_CONTEXT() REPRESENTATION_CONTEXT('2D SPACE',''
  ) );
#9992 = ORIENTED_EDGE('',*,*,#3847,.F.);
#9993 = ORIENTED_EDGE('',*,*,#9945,.T.);
#9994 = ADVANCED_FACE('',(#9995),#3893,.T.);
#9995 = FACE_BOUND('',#9996,.T.);
#9996 = EDGE_LOOP('',(#9997,#9998,#10019,#10020));
#9997 = ORIENTED_EDGE('',*,*,#4222,.T.);
#9998 = ORIENTED_EDGE('',*,*,#9999,.F.);
#9999 = EDGE_CURVE('',#3877,#4199,#10000,.T.);
#10000 = SURFACE_CURVE('',#10001,(#10005,#10012),.PCURVE_S1.);
#10001 = LINE('',#10002,#10003);
#10002 = CARTESIAN_POINT('',(-7.994167519559,7.,-0.305427027654));
#10003 = VECTOR('',#10004,1.);
#10004 = DIRECTION('',(-0.,-1.,-0.));
#10005 = PCURVE('',#3893,#10006);
#10006 = DEFINITIONAL_REPRESENTATION('',(#10007),#10011);
#10007 = LINE('',#10008,#10009);
#10008 = CARTESIAN_POINT('',(4.750576639658,0.));
#10009 = VECTOR('',#10010,1.);
#10010 = DIRECTION('',(0.,1.));
#10011 = ( GEOMETRIC_REPRESENTATION_CONTEXT(2) 
PARAMETRIC_REPRESENTATION_CONTEXT() REPRESENTATION_CONTEXT('2D SPACE',''
  ) );
#10012 = PCURVE('',#3922,#10013);
#10013 = DEFINITIONAL_REPRESENTATION('',(#10014),#10018);
#10014 = LINE('',#10015,#10016);
#10015 = CARTESIAN_POINT('',(3.687335012638,0.));
#10016 = VECTOR('',#10017,1.);
#10017 = DIRECTION('',(0.,1.));
#10018 = ( GEOMETRIC_REPRESENTATION_CONTEXT(2) 
PARAMETRIC_REPRESENTATION_CONTEXT() REPRESENTATION_CONTEXT('2D SPACE',''
  ) );
#10019 = ORIENTED_EDGE('',*,*,#3876,.F.);
#10020 = ORIENTED_EDGE('',*,*,#9972,.T.);
#10021 = ADVANCED_FACE('',(#10022),#3922,.T.);
#10022 = FACE_BOUND('',#10023,.T.);
#10023 = EDGE_LOOP('',(#10024,#10025,#10046,#10047));
#10024 = ORIENTED_EDGE('',*,*,#4198,.T.);
#10025 = ORIENTED_EDGE('',*,*,#10026,.F.);
#10026 = EDGE_CURVE('',#3906,#4175,#10027,.T.);
#10027 = SURFACE_CURVE('',#10028,(#10032,#10039),.PCURVE_S1.);
#10028 = LINE('',#10029,#10030);
#10029 = CARTESIAN_POINT('',(-6.873294921628,7.,9.84526298264E-02));
#10030 = VECTOR('',#10031,1.);
#10031 = DIRECTION('',(-0.,-1.,-0.));
#10032 = PCURVE('',#3922,#10033);
#10033 = DEFINITIONAL_REPRESENTATION('',(#10034),#10038);
#10034 = LINE('',#10035,#10036);
#10035 = CARTESIAN_POINT('',(3.287538777168,0.));
#10036 = VECTOR('',#10037,1.);
#10037 = DIRECTION('',(0.,1.));
#10038 = ( GEOMETRIC_REPRESENTATION_CONTEXT(2) 
PARAMETRIC_REPRESENTATION_CONTEXT() REPRESENTATION_CONTEXT('2D SPACE',''
  ) );
#10039 = PCURVE('',#3951,#10040);
#10040 = DEFINITIONAL_REPRESENTATION('',(#10041),#10045);
#10041 = LINE('',#10042,#10043);
#10042 = CARTESIAN_POINT('',(4.698066024883,0.));
#10043 = VECTOR('',#10044,1.);
#10044 = DIRECTION('',(0.,1.));
#10045 = ( GEOMETRIC_REPRESENTATION_CONTEXT(2) 
PARAMETRIC_REPRESENTATION_CONTEXT() REPRESENTATION_CONTEXT('2D SPACE',''
  ) );
#10046 = ORIENTED_EDGE('',*,*,#3905,.F.);
#10047 = ORIENTED_EDGE('',*,*,#9999,.T.);
#10048 = ADVANCED_FACE('',(#10049),#3951,.T.);
#10049 = FACE_BOUND('',#10050,.T.);
#10050 = EDGE_LOOP('',(#10051,#10052,#10073,#10074));
#10051 = ORIENTED_EDGE('',*,*,#4174,.T.);
#10052 = ORIENTED_EDGE('',*,*,#10053,.F.);
#10053 = EDGE_CURVE('',#3935,#4151,#10054,.T.);
#10054 = SURFACE_CURVE('',#10055,(#10059,#10066),.PCURVE_S1.);
#10055 = LINE('',#10056,#10057);
#10056 = CARTESIAN_POINT('',(-6.850813804045,7.,0.5641154335));
#10057 = VECTOR('',#10058,1.);
#10058 = DIRECTION('',(-0.,-1.,-0.));
#10059 = PCURVE('',#3951,#10060);
#10060 = DEFINITIONAL_REPRESENTATION('',(#10061),#10065);
#10061 = LINE('',#10062,#10063);
#10062 = CARTESIAN_POINT('',(4.630231495721,0.));
#10063 = VECTOR('',#10064,1.);
#10064 = DIRECTION('',(0.,1.));
#10065 = ( GEOMETRIC_REPRESENTATION_CONTEXT(2) 
PARAMETRIC_REPRESENTATION_CONTEXT() REPRESENTATION_CONTEXT('2D SPACE',''
  ) );
#10066 = PCURVE('',#3980,#10067);
#10067 = DEFINITIONAL_REPRESENTATION('',(#10068),#10072);
#10068 = LINE('',#10069,#10070);
#10069 = CARTESIAN_POINT('',(6.040758743436,0.));
#10070 = VECTOR('',#10071,1.);
#10071 = DIRECTION('',(0.,1.));
#10072 = ( GEOMETRIC_REPRESENTATION_CONTEXT(2) 
PARAMETRIC_REPRESENTATION_CONTEXT() REPRESENTATION_CONTEXT('2D SPACE',''
  ) );
#10073 = ORIENTED_EDGE('',*,*,#3934,.F.);
#10074 = ORIENTED_EDGE('',*,*,#10026,.T.);
#10075 = ADVANCED_FACE('',(#10076),#3980,.T.);
#10076 = FACE_BOUND('',#10077,.T.);
#10077 = EDGE_LOOP('',(#10078,#10079,#10100,#10101));
#10078 = ORIENTED_EDGE('',*,*,#4150,.T.);
#10079 = ORIENTED_EDGE('',*,*,#10080,.F.);
#10080 = EDGE_CURVE('',#3964,#4127,#10081,.T.);
#10081 = SURFACE_CURVE('',#10082,(#10086,#10093),.PCURVE_S1.);
#10082 = LINE('',#10083,#10084);
#10083 = CARTESIAN_POINT('',(-7.927567577805,7.,1.074091383142));
#10084 = VECTOR('',#10085,1.);
#10085 = DIRECTION('',(-0.,-1.,-0.));
#10086 = PCURVE('',#3980,#10087);
#10087 = DEFINITIONAL_REPRESENTATION('',(#10088),#10092);
#10088 = LINE('',#10089,#10090);
#10089 = CARTESIAN_POINT('',(5.640962507966,0.));
#10090 = VECTOR('',#10091,1.);
#10091 = DIRECTION('',(0.,1.));
#10092 = ( GEOMETRIC_REPRESENTATION_CONTEXT(2) 
PARAMETRIC_REPRESENTATION_CONTEXT() REPRESENTATION_CONTEXT('2D SPACE',''
  ) );
#10093 = PCURVE('',#4009,#10094);
#10094 = DEFINITIONAL_REPRESENTATION('',(#10095),#10099);
#10095 = LINE('',#10096,#10097);
#10096 = CARTESIAN_POINT('',(4.577720880946,0.));
#10097 = VECTOR('',#10098,1.);
#10098 = DIRECTION('',(0.,1.));
#10099 = ( GEOMETRIC_REPRESENTATION_CONTEXT(2) 
PARAMETRIC_REPRESENTATION_CONTEXT() REPRESENTATION_CONTEXT('2D SPACE',''
  ) );
#10100 = ORIENTED_EDGE('',*,*,#3963,.F.);
#10101 = ORIENTED_EDGE('',*,*,#10053,.T.);
#10102 = ADVANCED_FACE('',(#10103),#4009,.T.);
#10103 = FACE_BOUND('',#10104,.T.);
#10104 = EDGE_LOOP('',(#10105,#10106,#10127,#10128));
#10105 = ORIENTED_EDGE('',*,*,#4126,.T.);
#10106 = ORIENTED_EDGE('',*,*,#10107,.F.);
#10107 = EDGE_CURVE('',#3993,#4103,#10108,.T.);
#10108 = SURFACE_CURVE('',#10109,(#10113,#10120),.PCURVE_S1.);
#10109 = LINE('',#10110,#10111);
#10110 = CARTESIAN_POINT('',(-7.882977628862,7.,1.363328171373));
#10111 = VECTOR('',#10112,1.);
#10112 = DIRECTION('',(-0.,-1.,-0.));
#10113 = PCURVE('',#4009,#10114);
#10114 = DEFINITIONAL_REPRESENTATION('',(#10115),#10119);
#10115 = LINE('',#10116,#10117);
#10116 = CARTESIAN_POINT('',(4.541137129419,0.));
#10117 = VECTOR('',#10118,1.);
#10118 = DIRECTION('',(0.,1.));
#10119 = ( GEOMETRIC_REPRESENTATION_CONTEXT(2) 
PARAMETRIC_REPRESENTATION_CONTEXT() REPRESENTATION_CONTEXT('2D SPACE',''
  ) );
#10120 = PCURVE('',#4036,#10121);
#10121 = DEFINITIONAL_REPRESENTATION('',(#10122),#10126);
#10122 = LINE('',#10123,#10124);
#10123 = CARTESIAN_POINT('',(3.477895502399,0.));
#10124 = VECTOR('',#10125,1.);
#10125 = DIRECTION('',(0.,1.));
#10126 = ( GEOMETRIC_REPRESENTATION_CONTEXT(2) 
PARAMETRIC_REPRESENTATION_CONTEXT() REPRESENTATION_CONTEXT('2D SPACE',''
  ) );
#10127 = ORIENTED_EDGE('',*,*,#3992,.F.);
#10128 = ORIENTED_EDGE('',*,*,#10080,.T.);
#10129 = ADVANCED_FACE('',(#10130),#4036,.T.);
#10130 = FACE_BOUND('',#10131,.T.);
#10131 = EDGE_LOOP('',(#10132,#10133,#10134,#10135));
#10132 = ORIENTED_EDGE('',*,*,#4102,.T.);
#10133 = ORIENTED_EDGE('',*,*,#7003,.F.);
#10134 = ORIENTED_EDGE('',*,*,#4021,.F.);
#10135 = ORIENTED_EDGE('',*,*,#10107,.T.);
#10136 = ADVANCED_FACE('',(#10137),#70,.F.);
#10137 = FACE_BOUND('',#10138,.F.);
#10138 = EDGE_LOOP('',(#10139,#10140,#10141,#10142));
#10139 = ORIENTED_EDGE('',*,*,#6955,.T.);
#10140 = ORIENTED_EDGE('',*,*,#47,.F.);
#10141 = ORIENTED_EDGE('',*,*,#4051,.F.);
#10142 = ORIENTED_EDGE('',*,*,#111,.T.);
#10143 = ( GEOMETRIC_REPRESENTATION_CONTEXT(3) 
GLOBAL_UNCERTAINTY_ASSIGNED_CONTEXT((#10147)) 
GLOBAL_UNIT_ASSIGNED_CONTEXT((#10144,#10145,#10146)) 
REPRESENTATION_CONTEXT('Context #1',
  '3D Context with UNIT and UNCERTAINTY') );
#10144 = ( LENGTH_UNIT() NAMED_UNIT(*) SI_UNIT(.MILLI.,.METRE.) );
#10145 = ( NAMED_UNIT(*) PLANE_ANGLE_UNIT() SI_UNIT($,.RADIAN.) );
#10146 = ( NAMED_UNIT(*) SI_UNIT($,.STERADIAN.) SOLID_ANGLE_UNIT() );
#10147 = UNCERTAINTY_MEASURE_WITH_UNIT(LENGTH_MEASURE(1.E-07),#10144,
  'distance_accuracy_value','confusion accuracy');
#10148 = CONTEXT_DEPENDENT_SHAPE_REPRESENTATION(#10149,#10151);
#10149 = ( REPRESENTATION_RELATIONSHIP('','',#40,#10) 
REPRESENTATION_RELATIONSHIP_WITH_TRANSFORMATION(#10150) 
SHAPE_REPRESENTATION_RELATIONSHIP() );
#10150 = ITEM_DEFINED_TRANSFORMATION('','',#11,#15);
#10151 = PRODUCT_DEFINITION_SHAPE('Placement','Placement of an item',
  #10152);
#10152 = NEXT_ASSEMBLY_USAGE_OCCURRENCE('56','','',#5,#35,$);
#10153 = PRODUCT_RELATED_PRODUCT_CATEGORY('part',$,(#37));
#10154 = CONTEXT_DEPENDENT_SHAPE_REPRESENTATION(#10155,#10157);
#10155 = ( REPRESENTATION_RELATIONSHIP('','',#40,#10) 
REPRESENTATION_RELATIONSHIP_WITH_TRANSFORMATION(#10156) 
SHAPE_REPRESENTATION_RELATIONSHIP() );
#10156 = ITEM_DEFINED_TRANSFORMATION('','',#11,#19);
#10157 = PRODUCT_DEFINITION_SHAPE('Placement','Placement of an item',
  #10158);
#10158 = NEXT_ASSEMBLY_USAGE_OCCURRENCE('57','','',#5,#35,$);
#10159 = CONTEXT_DEPENDENT_SHAPE_REPRESENTATION(#10160,#10162);
#10160 = ( REPRESENTATION_RELATIONSHIP('','',#40,#10) 
REPRESENTATION_RELATIONSHIP_WITH_TRANSFORMATION(#10161) 
SHAPE_REPRESENTATION_RELATIONSHIP() );
#10161 = ITEM_DEFINED_TRANSFORMATION('','',#11,#23);
#10162 = PRODUCT_DEFINITION_SHAPE('Placement','Placement of an item',
  #10163);
#10163 = NEXT_ASSEMBLY_USAGE_OCCURRENCE('58','','',#5,#35,$);
ENDSEC;
END-ISO-10303-21;
